mean_fit_time,std_fit_time,mean_score_time,std_score_time,param_model__learning_rate,param_model__loss,param_model__max_depth,param_model__n_estimators,param_model__subsample,params,split0_test_score,split1_test_score,split2_test_score,split3_test_score,split4_test_score,mean_test_score,std_test_score,rank_test_score,split0_train_score,split1_train_score,split2_train_score,split3_train_score,split4_train_score,mean_train_score,std_train_score
4.451251363754272,0.03651444952661585,0.009252548217773438,0.001840486832349524,0.02,squared_error,6,200,0.2,"{'model__learning_rate': 0.02, 'model__loss': 'squared_error', 'model__max_depth': 6, 'model__n_estimators': 200, 'model__subsample': 0.2}",-0.5660011168424866,-0.1012790530284724,0.11285300647499252,-0.005046525977985716,0.02099955644027185,-0.10769482658673606,0.23909248517974374,178,0.742499707045607,0.7611423365630501,0.7164676021010443,0.7205866866510668,0.6996717690064276,0.7280736202734392,0.021443278503429038
8.921361398696899,0.05853670236362204,0.023928213119506835,0.03025165003008776,0.02,squared_error,6,200,0.4,"{'model__learning_rate': 0.02, 'model__loss': 'squared_error', 'model__max_depth': 6, 'model__n_estimators': 200, 'model__subsample': 0.4}",-0.3603198001641621,-0.07625144636289294,-0.017456840952737807,0.025681425558976123,-0.00982432892808438,-0.08763419816978021,0.1402188805918453,139,0.9367522450803587,0.9383362154842807,0.939886706180032,0.9373521674374905,0.9286256399107531,0.936190594818583,0.0039283119010676765
12.470386171340943,2.043424267854872,0.022046279907226563,0.02885059830339466,0.02,squared_error,6,200,0.6000000000000001,"{'model__learning_rate': 0.02, 'model__loss': 'squared_error', 'model__max_depth': 6, 'model__n_estimators': 200, 'model__subsample': 0.6000000000000001}",-0.25566357943629847,-0.03583544785167048,-0.1061241596739535,0.020684251740503923,0.04232414183803701,-0.0669229586766763,0.10745803059948872,84,0.9827175999707645,0.9828167872334269,0.9818314847201196,0.9836665516572407,0.9772006268632093,0.9816466100889523,0.0022977137893363314
17.909431219100952,0.07400204678582445,0.02128152847290039,0.027653058222070537,0.02,squared_error,6,200,0.8,"{'model__learning_rate': 0.02, 'model__loss': 'squared_error', 'model__max_depth': 6, 'model__n_estimators': 200, 'model__subsample': 0.8}",-0.37475216044793,-0.012172543000280367,-0.04240890618725879,-0.07408743464568257,0.12483926340644902,-0.07571635617494055,0.16419185399140557,110,0.9943465081229637,0.9944546904225935,0.993832469014175,0.9940063831007498,0.9924828655330105,0.9938245832386986,0.0007074970565401389
8.824647998809814,2.975607134358754,0.02239813804626465,0.02649717302743855,0.02,squared_error,6,500,0.2,"{'model__learning_rate': 0.02, 'model__loss': 'squared_error', 'model__max_depth': 6, 'model__n_estimators': 500, 'model__subsample': 0.2}",-0.7472588747601492,-0.1381641493134742,-0.04245206322610651,-0.05980114811923909,-0.036905509752420906,-0.20491634903427797,0.27359531399285647,375,0.9494897324165601,0.9484303926305456,0.9458281532825292,0.9418304061223598,0.9385810422120945,0.9448319453328178,0.004091925248771166
19.46364278793335,5.790926246954302,0.04221181869506836,0.039493823177355315,0.02,squared_error,6,500,0.4,"{'model__learning_rate': 0.02, 'model__loss': 'squared_error', 'model__max_depth': 6, 'model__n_estimators': 500, 'model__subsample': 0.4}",-0.3858578427296899,-0.09596866519286329,-0.1039704642697592,-0.07269828776382958,-0.04202211514138354,-0.1401034750195051,0.12474942691445287,241,0.9983433333953581,0.9985034823752174,0.9986482324673289,0.9986098166208767,0.9979946612064198,0.9984199052130401,0.00023743652976944302
28.020123147964476,7.686274290768344,0.009170246124267579,0.0009438863261026282,0.02,squared_error,6,500,0.6000000000000001,"{'model__learning_rate': 0.02, 'model__loss': 'squared_error', 'model__max_depth': 6, 'model__n_estimators': 500, 'model__subsample': 0.6000000000000001}",-0.2909532429450674,-0.0451874320096155,-0.14124675149780042,0.006619569334727737,0.032790149234623645,-0.08759554157662638,0.11781379924698988,138,0.9999482434799861,0.9999424066595443,0.9999317680969667,0.9999482733840518,0.9999193926552336,0.9999380168551564,1.1090161627612873e-05
38.47482476234436,11.314430402226051,0.02209620475769043,0.0267010498348938,0.02,squared_error,6,500,0.8,"{'model__learning_rate': 0.02, 'model__loss': 'squared_error', 'model__max_depth': 6, 'model__n_estimators': 500, 'model__subsample': 0.8}",-0.38771064488617957,-0.018431811927467123,-0.059715981701250254,-0.0876294784088607,0.1206765679920192,-0.08656226978634769,0.16673446021458793,135,0.9999975081741111,0.9999969014669329,0.9999965650956576,0.999996965870277,0.9999957297466312,0.9999967340707219,5.862095246486914e-07
19.249781227111818,5.698100425643587,0.0401707649230957,0.03622994594045594,0.02,squared_error,6,1000,0.2,"{'model__learning_rate': 0.02, 'model__loss': 'squared_error', 'model__max_depth': 6, 'model__n_estimators': 1000, 'model__subsample': 0.2}",-0.8069136028253416,-0.16322313341068884,-0.11261411363283114,-0.08814312838705862,-0.0761217389528217,-0.24940314344174838,0.28035241490817137,446,0.9952822912665283,0.995418466984055,0.9960199711837778,0.9956589465457724,0.9955061457257954,0.9955771643411857,0.00025296041345774584
32.78801097869873,13.871615517502779,0.011411905288696289,0.0013947677774019554,0.02,squared_error,6,1000,0.4,"{'model__learning_rate': 0.02, 'model__loss': 'squared_error', 'model__max_depth': 6, 'model__n_estimators': 1000, 'model__subsample': 0.4}",-0.39829065504984884,-0.10106517831591622,-0.11568540634045865,-0.08224689808357755,-0.050976209015149765,-0.1496528693609902,0.12618712216249428,277,0.9999949886597195,0.999995028802588,0.9999954302013756,0.9999963082142337,0.9999932655275503,0.9999950042810933,9.905310631964153e-07
64.88392372131348,2.561208295040797,0.01044468879699707,0.0008958094822404078,0.02,squared_error,6,1000,0.6000000000000001,"{'model__learning_rate': 0.02, 'model__loss': 'squared_error', 'model__max_depth': 6, 'model__n_estimators': 1000, 'model__subsample': 0.6000000000000001}",-0.2934881863675032,-0.0451939101802894,-0.1428320835692225,0.006157378979847028,0.032217192025964625,-0.08862792182224069,0.11864242689416717,140,0.9999999949183586,0.9999999936479506,0.9999999921650912,0.9999999948414644,0.999999993665291,0.9999999938476313,1.003815000022978e-09
71.11952424049377,22.97660284710715,0.023687314987182618,0.02694461025445146,0.02,squared_error,6,1000,0.8,"{'model__learning_rate': 0.02, 'model__loss': 'squared_error', 'model__max_depth': 6, 'model__n_estimators': 1000, 'model__subsample': 0.8}",-0.3881506475992038,-0.018457800594169127,-0.06011782890044759,-0.08759860650839713,0.12067881720428997,-0.08672921327958553,0.16687892592518633,136,0.9999999999885171,0.9999999999870232,0.9999999999886855,0.9999999999868444,0.9999999999836461,0.9999999999869432,1.8110667228333533e-12
4.801030588150025,0.044223731259103345,0.021268749237060548,0.026055000259362384,0.02,squared_error,9,200,0.2,"{'model__learning_rate': 0.02, 'model__loss': 'squared_error', 'model__max_depth': 9, 'model__n_estimators': 200, 'model__subsample': 0.2}",-0.3996318253343436,-0.19896265166588956,0.024545851880413916,-0.04824045447363878,0.0431764503397829,-0.11582252585073502,0.16553627473279847,187,0.7494948877214849,0.7403147628345741,0.7171575075778029,0.7206363589725933,0.711257478949218,0.7277721992111347,0.014598075065403641
10.244752788543702,1.6957712352124945,0.009125471115112305,0.0009486282723515248,0.02,squared_error,9,200,0.4,"{'model__learning_rate': 0.02, 'model__loss': 'squared_error', 'model__max_depth': 9, 'model__n_estimators': 200, 'model__subsample': 0.4}",-0.3154093486176206,-0.03741945870755603,-0.0446072252613019,0.027024271075028472,0.010228930884632947,-0.07203656612536342,0.12470900977024932,99,0.9406564379002382,0.946716736312242,0.9467089123885627,0.947163378613841,0.9429042299126102,0.9448299390254988,0.002594685046121052
13.21796498298645,5.518279724440757,0.008440494537353516,0.0007974067829130075,0.02,squared_error,9,200,0.6000000000000001,"{'model__learning_rate': 0.02, 'model__loss': 'squared_error', 'model__max_depth': 9, 'model__n_estimators': 200, 'model__subsample': 0.6000000000000001}",-0.32689080539484183,-0.03203509708899577,-0.08291259813482577,0.02441144149666785,0.0429610030885178,-0.07489321120669554,0.133532726973368,107,0.9890971318864978,0.989352520355875,0.9882677639207281,0.9890144587589056,0.9868590107012805,0.9885181771246574,0.0009047820397633759
18.24560089111328,7.796355323486414,0.00842747688293457,0.0006870096386898415,0.02,squared_error,9,200,0.8,"{'model__learning_rate': 0.02, 'model__loss': 'squared_error', 'model__max_depth': 9, 'model__n_estimators': 200, 'model__subsample': 0.8}",-0.35288428818756645,-0.005448009671905618,-0.11230250874098369,0.036955495099478486,0.0662186266426692,-0.07349213697166161,0.15225898940800228,102,0.9972205762258226,0.99743065150036,0.997373752111364,0.9973623812136276,0.9972288895532841,0.9973232501208915,8.374078483027841e-05
7.269930744171143,3.694344068102098,0.036732816696166994,0.03234923734436021,0.02,squared_error,9,500,0.2,"{'model__learning_rate': 0.02, 'model__loss': 'squared_error', 'model__max_depth': 9, 'model__n_estimators': 500, 'model__subsample': 0.2}",-0.7097742041132384,-0.22208348450892745,-0.09904731315995363,-0.15028968743798665,-0.04552568823598846,-0.24534407549121892,0.23941673571694083,438,0.954940350507169,0.9463106972994895,0.9432506846584628,0.9409814240772393,0.9445161697119786,0.9459998652508679,0.004795268321492231
16.946265316009523,8.788137558224111,0.02531890869140625,0.02952866464065132,0.02,squared_error,9,500,0.4,"{'model__learning_rate': 0.02, 'model__loss': 'squared_error', 'model__max_depth': 9, 'model__n_estimators': 500, 'model__subsample': 0.4}",-0.380208789544503,-0.06432329809665704,-0.10660379381503837,-0.03699879399697448,-0.020991665860808695,-0.12182526826279631,0.13241084550520607,197,0.9985672483589106,0.9988248482257787,0.9988922248327052,0.9990586217323307,0.9985588939819586,0.9987803674263367,0.0001930732001847749
42.49032950401306,2.8794531987001344,0.05047240257263184,0.03227700740593355,0.02,squared_error,9,500,0.6000000000000001,"{'model__learning_rate': 0.02, 'model__loss': 'squared_error', 'model__max_depth': 9, 'model__n_estimators': 500, 'model__subsample': 0.6000000000000001}",-0.3695266943945801,-0.031017087856879177,-0.13408668122120715,0.020694125337306413,0.03449209882668258,-0.09588884786173549,0.1490878074652082,152,0.9999807299026554,0.9999779068226311,0.9999753178319998,0.999979711475106,0.9999682519135382,0.9999763835891862,4.461961291178482e-06
36.843179035186765,18.6122596751519,0.025079679489135743,0.028233771473464602,0.02,squared_error,9,500,0.8,"{'model__learning_rate': 0.02, 'model__loss': 'squared_error', 'model__max_depth': 9, 'model__n_estimators': 500, 'model__subsample': 0.8}",-0.36606884550976115,-0.0049344903298040865,-0.1384368537377949,0.031175902694797197,0.06651113999889136,-0.08235062937673432,0.15791329847707586,127,0.9999996098813281,0.999999592047991,0.9999995409749913,0.9999995687353596,0.9999995260877607,0.999999567545486,3.104463320625478e-08
14.91746244430542,7.260096466690035,0.026786136627197265,0.024876551547368866,0.02,squared_error,9,1000,0.2,"{'model__learning_rate': 0.02, 'model__loss': 'squared_error', 'model__max_depth': 9, 'model__n_estimators': 1000, 'model__subsample': 0.2}",-0.7138585715466275,-0.2629204457399521,-0.17077938009588012,-0.19232167103533238,-0.09839308912836509,-0.28765463150923143,0.21946740423994907,489,0.9961893032545719,0.9957262526563104,0.9960004478827353,0.9957044876295635,0.9961800044718622,0.9959600991790086,0.00021097029381407942
45.581174755096434,14.210737584460913,0.014005374908447266,0.0015693554874374443,0.02,squared_error,9,1000,0.4,"{'model__learning_rate': 0.02, 'model__loss': 'squared_error', 'model__max_depth': 9, 'model__n_estimators': 1000, 'model__subsample': 0.4}",-0.3884756094642683,-0.06725230124754211,-0.11250326097674979,-0.039328474684668935,-0.026853622677533773,-0.12688265381015257,0.13406338924890895,209,0.9999962759115817,0.9999976282748343,0.9999970762316613,0.9999981142187557,0.9999941256646936,0.9999966440603053,1.3996189573746918e-06
65.57473087310791,25.417748733331475,0.02680678367614746,0.027103095690377485,0.02,squared_error,9,1000,0.6000000000000001,"{'model__learning_rate': 0.02, 'model__loss': 'squared_error', 'model__max_depth': 9, 'model__n_estimators': 1000, 'model__subsample': 0.6000000000000001}",-0.36925567655103997,-0.03096383707942718,-0.136228231327306,0.020077598484450343,0.03399598519506142,-0.09647483225565227,0.1489218020028753,154,0.9999999991644911,0.9999999990085415,0.9999999986081157,0.9999999991100329,0.9999999972983855,0.9999999986379133,6.975340832251187e-10
103.58805088996887,29.98068738867128,0.04203329086303711,0.034043633636298434,0.02,squared_error,9,1000,0.8,"{'model__learning_rate': 0.02, 'model__loss': 'squared_error', 'model__max_depth': 9, 'model__n_estimators': 1000, 'model__subsample': 0.8}",-0.36613471110132556,-0.00496151820463675,-0.13865151399684916,0.031107112678583793,0.06647963561281045,-0.08243219900228345,0.15793374745026117,128,0.9999999999998376,0.9999999999998265,0.9999999999997452,0.999999999999728,0.9999999999996417,0.999999999999756,7.152463094011445e-14
4.219860076904297,1.228998751337741,0.008910512924194336,0.0022124154612828983,0.02,squared_error,12,200,0.2,"{'model__learning_rate': 0.02, 'model__loss': 'squared_error', 'model__max_depth': 12, 'model__n_estimators': 200, 'model__subsample': 0.2}",-0.3518799569383204,0.00690061171526013,0.029475604145174472,0.02242846045632707,0.019628056925902193,-0.05468944473913131,0.1487746977173451,49,0.7466768725549718,0.7542316382032217,0.7352153483783985,0.7205234526753775,0.7237427972999241,0.7360780218223788,0.012936274698643007
7.184626340866089,3.587040804966996,0.009572219848632813,0.0013084902907064975,0.02,squared_error,12,200,0.4,"{'model__learning_rate': 0.02, 'model__loss': 'squared_error', 'model__max_depth': 12, 'model__n_estimators': 200, 'model__subsample': 0.4}",-0.2880106858663076,-0.06774906522933444,-0.06003381396144247,-0.024296729615365997,0.03614393630712287,-0.08078927167306553,0.10991481514867796,118,0.946838158227106,0.9465863739533469,0.9468520502882858,0.946587709123146,0.9370668579930908,0.9447862299169951,0.0038614135333487447
13.9271240234375,5.772364657325921,0.022362422943115235,0.02786464998865038,0.02,squared_error,12,200,0.6000000000000001,"{'model__learning_rate': 0.02, 'model__loss': 'squared_error', 'model__max_depth': 12, 'model__n_estimators': 200, 'model__subsample': 0.6000000000000001}",-0.30904792539324055,0.01973742351243657,-0.043038979507697084,0.03474986317525963,0.05332579732841625,-0.048854764176965035,0.13406699338115663,44,0.9905135433199221,0.9901618040389446,0.9898697214189464,0.9900402649023688,0.9880561224858824,0.9897282912332128,0.0008623262236122438
25.573342847824097,7.564195421056598,0.008907938003540039,0.0008661609570342323,0.02,squared_error,12,200,0.8,"{'model__learning_rate': 0.02, 'model__loss': 'squared_error', 'model__max_depth': 12, 'model__n_estimators': 200, 'model__subsample': 0.8}",-0.4156421444684877,-0.01981557027455083,-0.08607697791910152,-0.00010456574038708588,0.06750992442656245,-0.09082586679519293,0.16962971770650206,143,0.9979984973790706,0.9980918303803773,0.9980690605230367,0.998063608451654,0.9978843729162089,0.9980214739300696,7.525216506745359e-05
7.431330394744873,3.7175183449659275,0.035964441299438474,0.032318271825781834,0.02,squared_error,12,500,0.2,"{'model__learning_rate': 0.02, 'model__loss': 'squared_error', 'model__max_depth': 12, 'model__n_estimators': 500, 'model__subsample': 0.2}",-0.6026203760959963,-0.05888410634232444,-0.07820155006136242,-0.12634514110946737,-0.09216465594329759,-0.19164316591048963,0.20666690174479044,355,0.9525246392686723,0.9497600143670142,0.949773050417853,0.9434711891763516,0.9437701189508556,0.9478598024361492,0.0036060355863389106
22.396339321136473,8.619674582488818,0.03934779167175293,0.03418922448211468,0.02,squared_error,12,500,0.4,"{'model__learning_rate': 0.02, 'model__loss': 'squared_error', 'model__max_depth': 12, 'model__n_estimators': 500, 'model__subsample': 0.4}",-0.3139650672526877,-0.0817239271664425,-0.11149765609459195,-0.08261958595923358,0.0035341883011763553,-0.11725440963435588,0.10562205699435635,191,0.9989167167947013,0.9988463100865609,0.9988894854762493,0.9989672007776879,0.9983187970900089,0.9987877020450415,0.00023771042337462046
34.92891368865967,12.715629365013847,0.025041770935058594,0.025704594709603387,0.02,squared_error,12,500,0.6000000000000001,"{'model__learning_rate': 0.02, 'model__loss': 'squared_error', 'model__max_depth': 12, 'model__n_estimators': 500, 'model__subsample': 0.6000000000000001}",-0.3449032782070893,0.015785267598628416,-0.0796114528185643,0.026350839348147637,0.03707946360652903,-0.06905983209446971,0.14406136242737516,90,0.9999825311551485,0.9999804110802286,0.9999802159922336,0.9999820852850179,0.9999745102788531,0.9999799507582964,2.866904746745585e-06
49.74936718940735,21.6830476882959,0.025772523880004884,0.02784045949432638,0.02,squared_error,12,500,0.8,"{'model__learning_rate': 0.02, 'model__loss': 'squared_error', 'model__max_depth': 12, 'model__n_estimators': 500, 'model__subsample': 0.8}",-0.44744150220376855,-0.016877716986615887,-0.10863169660028937,-0.001008658431102205,0.07142848491937825,-0.10050621786047956,0.18269381349017827,167,0.9999997633701664,0.9999997663568913,0.99999978001412,0.9999997544239507,0.9999997225025016,0.9999997573335259,1.9255842668896776e-08
17.85347776412964,7.561450187924982,0.038971328735351564,0.03258129426875904,0.02,squared_error,12,1000,0.2,"{'model__learning_rate': 0.02, 'model__loss': 'squared_error', 'model__max_depth': 12, 'model__n_estimators': 1000, 'model__subsample': 0.2}",-0.6638220614799797,-0.049127419093595526,-0.13625594691746512,-0.13841470344502071,-0.14810337735191959,-0.22714470165759612,0.2212503463237647,419,0.9959799360021511,0.9959538678337385,0.9962380153038942,0.9955088208377455,0.9956313000322128,0.9958623880019484,0.0002614166602579487
26.723473930358885,9.186029519196541,0.016057538986206054,0.0015757280203632035,0.02,squared_error,12,1000,0.4,"{'model__learning_rate': 0.02, 'model__loss': 'squared_error', 'model__max_depth': 12, 'model__n_estimators': 1000, 'model__subsample': 0.4}",-0.31930854321500335,-0.08295973091411968,-0.11797989591687208,-0.08820854399253841,-0.001659779107794801,-0.12202329862926567,0.10591939730013789,198,0.999997220934291,0.9999966618351704,0.9999974936728028,0.9999978352849074,0.9999936885362115,0.9999965800526767,1.495900717025103e-06
86.67077341079712,22.67172626929717,0.0161285400390625,0.002030225878833407,0.02,squared_error,12,1000,0.6000000000000001,"{'model__learning_rate': 0.02, 'model__loss': 'squared_error', 'model__max_depth': 12, 'model__n_estimators': 1000, 'model__subsample': 0.6000000000000001}",-0.34644211582837525,0.01579533386059928,-0.08137188298094133,0.02637403237820468,0.036523358172738885,-0.06982425487955475,0.14459974271066242,92,0.999999999379314,0.9999999990285063,0.9999999970105666,0.9999999990831224,0.9999999981079976,0.9999999985219012,8.674356726248504e-10
105.39234747886658,34.23719674440851,0.040938377380371094,0.030140458611256794,0.02,squared_error,12,1000,0.8,"{'model__learning_rate': 0.02, 'model__loss': 'squared_error', 'model__max_depth': 12, 'model__n_estimators': 1000, 'model__subsample': 0.8}",-0.4475896076051502,-0.016880166595906854,-0.10875860857627528,-0.0010055768255570197,0.07142943670632107,-0.10056090457931366,0.18275148686879164,168,0.9999999999999188,0.9999999999998842,0.9999999999999009,0.9999999999998518,0.9999999999998753,0.9999999999998861,2.2747004059570255e-14
3.019539308547974,0.8456180667446438,0.033894824981689456,0.03336221444664572,0.02,absolute_error,6,200,0.2,"{'model__learning_rate': 0.02, 'model__loss': 'absolute_error', 'model__max_depth': 6, 'model__n_estimators': 200, 'model__subsample': 0.2}",-0.05464885849550982,-0.11192468864312222,0.00130629928541659,0.06638501990540535,-0.0430200108987433,-0.02838044776931068,0.05957479871251163,18,0.4449661684696571,0.5019510744048122,0.44338144118866796,0.4697336000694231,0.42318281071299957,0.456643018969112,0.02704066204908493
4.820437717437744,2.300415999306749,0.007702398300170899,0.0012507078563350857,0.02,absolute_error,6,200,0.4,"{'model__learning_rate': 0.02, 'model__loss': 'absolute_error', 'model__max_depth': 6, 'model__n_estimators': 200, 'model__subsample': 0.4}",-0.19625488354263032,-0.23719064815457536,0.1462342559522426,-0.004581173962045826,-0.06839902839486922,-0.07203829562037563,0.13777639461171456,100,0.6134250895240412,0.5639218350756328,0.6329225266075336,0.6945295544407752,0.596812179701201,0.6203222370698367,0.04346675059094666
9.375868034362792,3.7849331671500046,0.03548851013183594,0.03432629786900161,0.02,absolute_error,6,200,0.6000000000000001,"{'model__learning_rate': 0.02, 'model__loss': 'absolute_error', 'model__max_depth': 6, 'model__n_estimators': 200, 'model__subsample': 0.6000000000000001}",-0.06464891693241359,-0.21908137883400625,-0.02393045030792229,0.033807746403040295,-0.011496708115382503,-0.05706994155733687,0.08687812881483667,58,0.6766525805844582,0.6612165038355966,0.721449238298062,0.7339644600934285,0.7005936003395863,0.6987752766302263,0.027039854163088472
7.926966047286987,2.0190009460438496,0.023019027709960938,0.027310053552565695,0.02,absolute_error,6,200,0.8,"{'model__learning_rate': 0.02, 'model__loss': 'absolute_error', 'model__max_depth': 6, 'model__n_estimators': 200, 'model__subsample': 0.8}",-0.028933828190508493,-0.2011841274360444,0.11479144751939152,0.008050438049656994,0.008113431873023602,-0.019832527636896156,0.10261899194278411,13,0.7389271726011553,0.7998938359726941,0.761865826062416,0.7645084204773727,0.7702436796446883,0.7670877869516654,0.019560872774984913
5.866324377059937,2.3813312981386394,0.008273124694824219,0.0014506906916256683,0.02,absolute_error,6,500,0.2,"{'model__learning_rate': 0.02, 'model__loss': 'absolute_error', 'model__max_depth': 6, 'model__n_estimators': 500, 'model__subsample': 0.2}",-0.11800256037838852,-0.1853306908329999,0.04646646929050191,-0.009936619385366496,-0.06712668590661197,-0.066786017442573,0.08091238437375782,81,0.7076281120250657,0.7282938826704997,0.6988382261202986,0.737562666098904,0.6681113248193784,0.7080868423468294,0.024334904979091642
12.08173360824585,5.849613521758222,0.009224128723144532,0.0014644473596286266,0.02,absolute_error,6,500,0.4,"{'model__learning_rate': 0.02, 'model__loss': 'absolute_error', 'model__max_depth': 6, 'model__n_estimators': 500, 'model__subsample': 0.4}",-0.31320470018380964,-0.19523027378186786,0.1598430404973077,-0.02136892086464237,-0.03445491586642002,-0.08088315403988644,0.16167571900732564,119,0.8560453288779861,0.866699578927992,0.8261529876979619,0.8708103770441618,0.8166075722604453,0.8472631689617094,0.021885048484066038
19.896018171310423,9.649585915610492,0.02289304733276367,0.026615983338966157,0.02,absolute_error,6,500,0.6000000000000001,"{'model__learning_rate': 0.02, 'model__loss': 'absolute_error', 'model__max_depth': 6, 'model__n_estimators': 500, 'model__subsample': 0.6000000000000001}",-0.15571205897166096,-0.1469606305840223,-0.03073722574733262,0.06841024021872266,0.04625166803275327,-0.043749601410307995,0.09384827003443508,37,0.913410107138921,0.9054960592124323,0.8875121343411626,0.9281870242723266,0.9156795723969293,0.9100569794723544,0.013421084728139996
27.75489296913147,13.600007242771026,0.023378992080688478,0.027823212257551983,0.02,absolute_error,6,500,0.8,"{'model__learning_rate': 0.02, 'model__loss': 'absolute_error', 'model__max_depth': 6, 'model__n_estimators': 500, 'model__subsample': 0.8}",-0.07721813254122689,-0.15761601553265803,0.1401860840859549,0.03755890023991182,0.04010936207588944,-0.003395960334425752,0.10336281313635139,6,0.9308941398556124,0.961913150980373,0.925845037767001,0.9077486571500667,0.9287381951517408,0.9310278361809587,0.017481101663001982
8.817776679992676,2.0232978737670155,0.010341835021972657,0.0008213989800804781,0.02,absolute_error,6,1000,0.2,"{'model__learning_rate': 0.02, 'model__loss': 'absolute_error', 'model__max_depth': 6, 'model__n_estimators': 1000, 'model__subsample': 0.2}",-0.2065797941687395,-0.1908801016000341,0.07142562459024226,-0.07055554233397876,-0.0923294620815529,-0.0977838551188126,0.09990640310467638,157,0.8481076822402244,0.8586527662497971,0.8301798337312256,0.8531140553095821,0.8034521220634143,0.8387012919188488,0.020046887441967146
19.056098556518556,8.095977824898336,0.010309982299804687,0.00047667639883488595,0.02,absolute_error,6,1000,0.4,"{'model__learning_rate': 0.02, 'model__loss': 'absolute_error', 'model__max_depth': 6, 'model__n_estimators': 1000, 'model__subsample': 0.4}",-0.3111210910096449,-0.19780834356474886,0.1693852074109018,-0.04466721430177012,-0.03227223956398917,-0.08329673620585025,0.16307099601812483,131,0.9379438855379957,0.9530231883965581,0.9270776755435542,0.9455689568440783,0.9333534767149245,0.9393934366074221,0.0091012907701594
48.99824962615967,14.851525202530937,0.03778886795043945,0.03145647633458574,0.02,absolute_error,6,1000,0.6000000000000001,"{'model__learning_rate': 0.02, 'model__loss': 'absolute_error', 'model__max_depth': 6, 'model__n_estimators': 1000, 'model__subsample': 0.6000000000000001}",-0.18648344149915097,-0.11312137585157545,-0.031802360001858654,0.06500930266479188,0.0438138867734692,-0.044516797582864795,0.09467951151289342,39,0.9555143046684638,0.9675407668499106,0.9719873684504073,0.9635957632930078,0.9710823844215676,0.9659441175366714,0.005996127439203087
44.546441316604614,10.096721776028879,0.024927711486816405,0.025582530435191934,0.02,absolute_error,6,1000,0.8,"{'model__learning_rate': 0.02, 'model__loss': 'absolute_error', 'model__max_depth': 6, 'model__n_estimators': 1000, 'model__subsample': 0.8}",-0.17066299397240758,-0.17125947502401662,0.13920062882742323,0.059733218200968774,0.04452371038044678,-0.019692982317517083,0.1276274506075978,12,0.9818832150542285,0.9795303272449039,0.9749030332493991,0.9702584478086816,0.9801387735805159,0.9773427593875457,0.004227496193600473
3.543088674545288,0.0550105805180628,0.022142839431762696,0.028063633563508744,0.02,absolute_error,9,200,0.2,"{'model__learning_rate': 0.02, 'model__loss': 'absolute_error', 'model__max_depth': 9, 'model__n_estimators': 200, 'model__subsample': 0.2}",-0.05464885849550982,-0.11192468864312222,0.00130629928541659,0.06638501990540535,-0.0430200108987433,-0.02838044776931068,0.05957479871251163,18,0.4449661684696571,0.5019510744048122,0.44338144118866796,0.4697336000694231,0.42318281071299957,0.456643018969112,0.02704066204908493
4.8494768142700195,2.3117511001638045,0.008844614028930664,0.00095545796252293,0.02,absolute_error,9,200,0.4,"{'model__learning_rate': 0.02, 'model__loss': 'absolute_error', 'model__max_depth': 9, 'model__n_estimators': 200, 'model__subsample': 0.4}",-0.14171404938321586,-0.23154622588043394,0.14267243642857352,0.00580075614263087,0.016677880980993987,-0.04162184034229029,0.1309212459052951,30,0.5925895481490612,0.5638051392043779,0.6335011926688539,0.700979736518151,0.6184799329972923,0.6218711099075472,0.04611724302862168
7.768360948562622,3.5428289262648476,0.022598981857299805,0.026613879549281804,0.02,absolute_error,9,200,0.6000000000000001,"{'model__learning_rate': 0.02, 'model__loss': 'absolute_error', 'model__max_depth': 9, 'model__n_estimators': 200, 'model__subsample': 0.6000000000000001}",-0.010121926112506285,-0.2700025258851628,-0.005266166466676436,-0.02799229827762062,-0.010706074661814169,-0.06481779828075607,0.10288148891764107,76,0.6961661908767245,0.6996414855409773,0.7064609054984341,0.6806474263387119,0.6955436342471011,0.6956919285003899,0.008463496058735512
12.959092378616333,5.195470009200871,0.009613895416259765,0.0011018397522939245,0.02,absolute_error,9,200,0.8,"{'model__learning_rate': 0.02, 'model__loss': 'absolute_error', 'model__max_depth': 9, 'model__n_estimators': 200, 'model__subsample': 0.8}",-0.019445176031400502,-0.19161388232727306,0.12050131164393252,-0.020793470274775183,0.014344479122209042,-0.019401347573461437,0.10036994762213887,11,0.7690275354983539,0.7429542665012037,0.7492423514964329,0.8448809854327124,0.8053166670644554,0.7822843611986317,0.038113511149501705
4.493851566314698,2.120331501144962,0.008228254318237305,0.00047812608085401857,0.02,absolute_error,9,500,0.2,"{'model__learning_rate': 0.02, 'model__loss': 'absolute_error', 'model__max_depth': 9, 'model__n_estimators': 500, 'model__subsample': 0.2}",-0.11800256037838852,-0.1853306908329999,0.04646646929050191,-0.009936619385366496,-0.06712668590661197,-0.066786017442573,0.08091238437375782,81,0.7076281120250657,0.7282938826704997,0.6988382261202986,0.737562666098904,0.6681113248193784,0.7080868423468294,0.024334904979091642
13.778564882278442,5.408737823657085,0.009065008163452149,0.0011397589797837245,0.02,absolute_error,9,500,0.4,"{'model__learning_rate': 0.02, 'model__loss': 'absolute_error', 'model__max_depth': 9, 'model__n_estimators': 500, 'model__subsample': 0.4}",-0.17225687908492282,-0.1403699335435351,0.17044687802593628,-0.05127841452129034,-0.012371529487908761,-0.04116597572234415,0.12061312666182476,28,0.8375723905675379,0.8777514410140658,0.8201792780246885,0.8833240585176491,0.8208626779737218,0.8479379692195327,0.0273937217987793
28.963564348220824,8.292485321107732,0.009324073791503906,0.0011100240269582915,0.02,absolute_error,9,500,0.6000000000000001,"{'model__learning_rate': 0.02, 'model__loss': 'absolute_error', 'model__max_depth': 9, 'model__n_estimators': 500, 'model__subsample': 0.6000000000000001}",-0.09439288185771666,-0.1665797194084555,0.019083790698141256,0.004807355694810278,0.020542316970655228,-0.04330782758051308,0.07495367627754777,36,0.9054537894333632,0.9210641311163982,0.9192440571442161,0.9130919770240519,0.9046152877375274,0.9126938484911113,0.006794217688066167
35.03975353240967,12.221859631245382,0.009647560119628907,0.0006481003485494511,0.02,absolute_error,9,500,0.8,"{'model__learning_rate': 0.02, 'model__loss': 'absolute_error', 'model__max_depth': 9, 'model__n_estimators': 500, 'model__subsample': 0.8}",-0.0774419021702244,-0.018926043231669798,0.15669940645145752,-0.008893934524558667,0.04134557703134445,0.018556620711269824,0.07871081915043326,1,0.9602393062434633,0.9817611792095621,0.9503447413784861,0.9649064486934668,0.9443760051128134,0.9603255361275582,0.012918845097622944
16.239448022842407,1.6895218105036203,0.022844314575195312,0.027216298934847227,0.02,absolute_error,9,1000,0.2,"{'model__learning_rate': 0.02, 'model__loss': 'absolute_error', 'model__max_depth': 9, 'model__n_estimators': 1000, 'model__subsample': 0.2}",-0.2065797941687395,-0.1908801016000341,0.07142562459024226,-0.07055554233397876,-0.0923294620815529,-0.0977838551188126,0.09990640310467638,157,0.8481076822402244,0.8586527662497971,0.8301798337312256,0.8531140553095821,0.8034521220634143,0.8387012919188488,0.020046887441967146
25.689074420928954,8.212803429898393,0.011562013626098632,0.0009409312824721583,0.02,absolute_error,9,1000,0.4,"{'model__learning_rate': 0.02, 'model__loss': 'absolute_error', 'model__max_depth': 9, 'model__n_estimators': 1000, 'model__subsample': 0.4}",-0.21069456831285072,-0.14059565120033857,0.12298162034906157,-0.051600509795217464,-0.027017762647527643,-0.061385374321374565,0.11299165314605732,70,0.943455225989744,0.9534097771893211,0.936337636097085,0.952483501113539,0.9283192148390934,0.9428010710457565,0.009573109915538634
54.19309029579163,13.55709868761782,0.023761415481567384,0.026758124151008932,0.02,absolute_error,9,1000,0.6000000000000001,"{'model__learning_rate': 0.02, 'model__loss': 'absolute_error', 'model__max_depth': 9, 'model__n_estimators': 1000, 'model__subsample': 0.6000000000000001}",-0.15574783214297683,-0.16879968593647865,0.024079545959254878,-0.019973464934250673,0.04061651488585605,-0.05596498443371904,0.08912776098692843,52,0.9657246261979382,0.9801332236365714,0.9701475055951625,0.9640037675305402,0.9720985077154443,0.9704215261351312,0.005664855114887223
71.94874062538148,28.954006532927586,0.06570372581481934,0.026504070533049786,0.02,absolute_error,9,1000,0.8,"{'model__learning_rate': 0.02, 'model__loss': 'absolute_error', 'model__max_depth': 9, 'model__n_estimators': 1000, 'model__subsample': 0.8}",-0.11431583928010092,-0.023602213748863177,0.14231883554022573,-0.010218579602375266,0.030271248484599722,0.004890690278697219,0.08340383702274429,3,0.9872764819023456,0.9956926448085717,0.9869472482723523,0.9897859627902084,0.9856755193173807,0.9890755714181718,0.00356699181222729
1.3511821269989013,0.013276557377744339,0.007887029647827148,0.0009534907474275256,0.02,absolute_error,12,200,0.2,"{'model__learning_rate': 0.02, 'model__loss': 'absolute_error', 'model__max_depth': 12, 'model__n_estimators': 200, 'model__subsample': 0.2}",-0.05464885849550982,-0.11192468864312222,0.00130629928541659,0.06638501990540535,-0.0430200108987433,-0.02838044776931068,0.05957479871251163,18,0.4449661684696571,0.5019510744048122,0.44338144118866796,0.4697336000694231,0.42318281071299957,0.456643018969112,0.02704066204908493
4.78778042793274,2.297617693071575,0.008347034454345703,0.0009850687895339594,0.02,absolute_error,12,200,0.4,"{'model__learning_rate': 0.02, 'model__loss': 'absolute_error', 'model__max_depth': 12, 'model__n_estimators': 200, 'model__subsample': 0.4}",-0.14171404938321586,-0.23154622588043394,0.14267243642857352,0.00580075614263087,0.016677880980993987,-0.04162184034229029,0.1309212459052951,30,0.5925895481490612,0.5638051392043779,0.6335011926688539,0.700979736518151,0.6184799329972923,0.6218711099075472,0.04611724302862168
8.498393869400024,3.567079770620343,0.00718393325805664,0.0015366188704425826,0.02,absolute_error,12,200,0.6000000000000001,"{'model__learning_rate': 0.02, 'model__loss': 'absolute_error', 'model__max_depth': 12, 'model__n_estimators': 200, 'model__subsample': 0.6000000000000001}",-0.020348727482055518,-0.25131819591593274,-0.004146015138463577,-0.02770131024784872,-0.010706074661814169,-0.06284406468922295,0.0945803320367424,74,0.69111088575892,0.6937155396334203,0.7067779011103184,0.6814153558025875,0.6955436342471011,0.6937126633104695,0.008149183026313503
14.702504968643188,5.136694158419165,0.0078399658203125,0.0008378238979303823,0.02,absolute_error,12,200,0.8,"{'model__learning_rate': 0.02, 'model__loss': 'absolute_error', 'model__max_depth': 12, 'model__n_estimators': 200, 'model__subsample': 0.8}",-0.011462936816815983,-0.06162902659937752,0.12049734390894329,-0.04733943342144653,-0.021351632933551468,-0.004257137172449643,0.06489290227787732,7,0.7844125715610555,0.8598846459925947,0.7400157403552656,0.8279571139157077,0.8097001698986745,0.8043940483446596,0.0405127272999671
5.556806945800782,2.4885177018529787,0.008153343200683593,0.0010630458846317178,0.02,absolute_error,12,500,0.2,"{'model__learning_rate': 0.02, 'model__loss': 'absolute_error', 'model__max_depth': 12, 'model__n_estimators': 500, 'model__subsample': 0.2}",-0.11800256037838852,-0.1853306908329999,0.04646646929050191,-0.009936619385366496,-0.06712668590661197,-0.066786017442573,0.08091238437375782,81,0.7076281120250657,0.7282938826704997,0.6988382261202986,0.737562666098904,0.6681113248193784,0.7080868423468294,0.024334904979091642
11.996646690368653,5.579468608470918,0.022675085067749023,0.026835201423609036,0.02,absolute_error,12,500,0.4,"{'model__learning_rate': 0.02, 'model__loss': 'absolute_error', 'model__max_depth': 12, 'model__n_estimators': 500, 'model__subsample': 0.4}",-0.17225687908492282,-0.1403699335435351,0.17044687802593628,-0.05127841452129034,-0.012371529487908761,-0.04116597572234415,0.12061312666182476,28,0.8375723905675379,0.8777514410140658,0.8201792780246885,0.8833240585176491,0.8208626779737218,0.8479379692195327,0.0273937217987793
19.71561803817749,8.549911913215734,0.008789443969726562,0.0007729783839422867,0.02,absolute_error,12,500,0.6000000000000001,"{'model__learning_rate': 0.02, 'model__loss': 'absolute_error', 'model__max_depth': 12, 'model__n_estimators': 500, 'model__subsample': 0.6000000000000001}",-0.07813967809850708,-0.19438865693545027,0.03417913750385748,-0.02500445018709274,0.027709164583281987,-0.04712889662678212,0.08408130413330507,41,0.9195870413443387,0.9336805858478386,0.91947291551341,0.9113297559468825,0.9122506299128423,0.9192641857130625,0.008001569063770165
26.99527335166931,11.644318413340258,0.00993485450744629,0.001463464257192154,0.02,absolute_error,12,500,0.8,"{'model__learning_rate': 0.02, 'model__loss': 'absolute_error', 'model__max_depth': 12, 'model__n_estimators': 500, 'model__subsample': 0.8}",-0.08065117549932621,-0.13088026218249071,0.1622421788841496,-0.0072374254732461285,0.05345271166378329,-0.000614794521426032,0.10282457157472769,5,0.9745436779649644,0.9582976306351407,0.9437274747211739,0.968014443138908,0.953443906539181,0.9596054265998737,0.010822633030888422
16.140477848052978,2.279732447963579,0.023217105865478517,0.027420087915560675,0.02,absolute_error,12,1000,0.2,"{'model__learning_rate': 0.02, 'model__loss': 'absolute_error', 'model__max_depth': 12, 'model__n_estimators': 1000, 'model__subsample': 0.2}",-0.2065797941687395,-0.1908801016000341,0.07142562459024226,-0.07055554233397876,-0.0923294620815529,-0.0977838551188126,0.09990640310467638,157,0.8481076822402244,0.8586527662497971,0.8301798337312256,0.8531140553095821,0.8034521220634143,0.8387012919188488,0.020046887441967146
27.32557907104492,9.823256394940026,0.024007749557495118,0.027515501955701148,0.02,absolute_error,12,1000,0.4,"{'model__learning_rate': 0.02, 'model__loss': 'absolute_error', 'model__max_depth': 12, 'model__n_estimators': 1000, 'model__subsample': 0.4}",-0.21069456831285072,-0.14059565120033857,0.12298162034906157,-0.051600509795217464,-0.027017762647527643,-0.061385374321374565,0.11299165314605732,70,0.943455225989744,0.9534097771893211,0.936337636097085,0.952483501113539,0.9283192148390934,0.9428010710457565,0.009573109915538634
47.484764432907106,19.243635174295196,0.024503517150878906,0.02645453902433552,0.02,absolute_error,12,1000,0.6000000000000001,"{'model__learning_rate': 0.02, 'model__loss': 'absolute_error', 'model__max_depth': 12, 'model__n_estimators': 1000, 'model__subsample': 0.6000000000000001}",-0.07056543693829398,-0.17480636572244945,0.04341230744766644,-0.03245409262182397,0.02506407266508548,-0.041869903033963096,0.07789403929879753,32,0.9607305006838899,0.9816604958111688,0.9620526683938285,0.9666846377084051,0.9676641091556405,0.9677584823505866,0.0074347409650940026
58.30672988891602,22.677729961098684,0.026165342330932616,0.028604150932061867,0.02,absolute_error,12,1000,0.8,"{'model__learning_rate': 0.02, 'model__loss': 'absolute_error', 'model__max_depth': 12, 'model__n_estimators': 1000, 'model__subsample': 0.8}",-0.08802660015630304,-0.12316250502825987,0.19171930919185098,0.025352264879514697,0.050649716637582,0.011306437104876953,0.11157323337330514,2,0.9916000382630655,0.986237007135333,0.989087327370624,0.9953221427401361,0.9858121002179041,0.9896117231454126,0.003540144698269857
4.407887697219849,0.03697604345784907,0.020259571075439454,0.026727570222728005,0.04,squared_error,6,200,0.2,"{'model__learning_rate': 0.04, 'model__loss': 'squared_error', 'model__max_depth': 6, 'model__n_estimators': 200, 'model__subsample': 0.2}",-0.9741315931608918,-0.2970919610229914,-0.02545843686024174,-0.4293498793154291,0.0271951674502382,-0.3397673405818632,0.3593649380439032,520,0.9140907749725684,0.9042992533129348,0.8930504617920686,0.8955106662318426,0.886484862141694,0.8986872036902218,0.009586714744227417
6.542146873474121,2.7849457963949944,0.008012819290161132,3.834120653800746e-05,0.04,squared_error,6,200,0.4,"{'model__learning_rate': 0.04, 'model__loss': 'squared_error', 'model__max_depth': 6, 'model__n_estimators': 200, 'model__subsample': 0.4}",-0.6238111861042159,-0.05303414650496152,-0.14246251016916012,-0.0016533688166773253,-0.04212371113115676,-0.17261698454523433,0.23023579535268326,320,0.9946232842475139,0.9944321961849809,0.9950436182033368,0.9943352419380815,0.9921324325782102,0.9941133546304247,0.0010198396560864595
8.16772394180298,4.226674990792276,0.007923507690429687,0.0016610211138276363,0.04,squared_error,6,200,0.6000000000000001,"{'model__learning_rate': 0.04, 'model__loss': 'squared_error', 'model__max_depth': 6, 'model__n_estimators': 200, 'model__subsample': 0.6000000000000001}",-0.2738807604525064,-0.06421214618056781,-0.1309787635682016,-0.06470430377038294,0.05267522397060376,-0.096220150000211,0.10673241961602895,153,0.9995869169759392,0.9996697539479126,0.999533439855536,0.9996329960310888,0.9992422626512321,0.9995330738923418,0.0001524048955504529
13.060097408294677,5.587984856390756,0.02218151092529297,0.02809346656038577,0.04,squared_error,6,200,0.8,"{'model__learning_rate': 0.04, 'model__loss': 'squared_error', 'model__max_depth': 6, 'model__n_estimators': 200, 'model__subsample': 0.8}",-0.37003685399756114,-0.06925174640188825,-0.05690906362904635,-0.07467197199725861,0.08142861352687392,-0.09788820449977609,0.14782269028885728,160,0.9999731495851869,0.999963682927399,0.9999550752614681,0.9999594234694184,0.9999438587428409,0.9999590379972627,9.66409766379915e-06
8.432773971557618,3.0512579617136266,0.03618459701538086,0.033546631140508064,0.04,squared_error,6,500,0.2,"{'model__learning_rate': 0.04, 'model__loss': 'squared_error', 'model__max_depth': 6, 'model__n_estimators': 500, 'model__subsample': 0.2}",-1.2131017299566271,-0.3672981175348262,-0.17876526120214664,-0.6175598733885943,-0.0756041830381633,-0.4904658330240716,0.40565829361019673,596,0.9961298552307681,0.9944250775761463,0.9939699847116863,0.9940522770382061,0.9938459073468718,0.9944846203807357,0.0008449932585121385
11.917772388458252,5.625035073137417,0.010036039352416991,0.0011130008234362403,0.04,squared_error,6,500,0.4,"{'model__learning_rate': 0.04, 'model__loss': 'squared_error', 'model__max_depth': 6, 'model__n_estimators': 500, 'model__subsample': 0.4}",-0.6397564986542483,-0.0635159921057673,-0.15202061191805427,0.008263538821107308,-0.05208578865022928,-0.17982307050143836,0.23559815674228043,330,0.9999948885449014,0.99999256282548,0.9999964455920324,0.9999946682548125,0.9999939956712313,0.9999945121776916,1.2626049521427026e-06
28.024254846572877,8.275385899764753,0.02395792007446289,0.0263973565150102,0.04,squared_error,6,500,0.6000000000000001,"{'model__learning_rate': 0.04, 'model__loss': 'squared_error', 'model__max_depth': 6, 'model__n_estimators': 500, 'model__subsample': 0.6000000000000001}",-0.2800516473524983,-0.0650454110760319,-0.13580621322012232,-0.06752438360180579,0.0500563709941334,-0.09967425685126499,0.10816057830811907,164,0.9999999922887461,0.9999999937990174,0.9999999919643316,0.9999999954493303,0.9999999881089825,0.9999999923220816,2.442962295871846e-09
25.35566234588623,10.515509281655607,0.02366156578063965,0.026691211414472817,0.04,squared_error,6,500,0.8,"{'model__learning_rate': 0.04, 'model__loss': 'squared_error', 'model__max_depth': 6, 'model__n_estimators': 500, 'model__subsample': 0.8}",-0.3703730915800998,-0.06960343436661565,-0.05866922191484658,-0.0753445001712072,0.08145925217403682,-0.09850619917174648,0.1478228600297029,162,0.9999999999916045,0.9999999999841128,0.9999999999870114,0.9999999999829774,0.9999999999840031,0.9999999999859417,3.1337336541202863e-12
16.834845447540282,5.693215367663472,0.0241396427154541,0.02610153445222396,0.04,squared_error,6,1000,0.2,"{'model__learning_rate': 0.04, 'model__loss': 'squared_error', 'model__max_depth': 6, 'model__n_estimators': 1000, 'model__subsample': 0.2}",-1.2176289584183837,-0.36487376093192836,-0.20951862716870817,-0.6260556336887269,-0.08103804043067497,-0.49982300412768443,0.40225584896193345,598,0.99996690939874,0.9999307060749782,0.9999535197646219,0.9999519673895053,0.9999394658422853,0.9999485136940262,1.2444803127977129e-05
24.70220012664795,11.751155644685163,0.01028738021850586,0.0013133636621713652,0.04,squared_error,6,1000,0.4,"{'model__learning_rate': 0.04, 'model__loss': 'squared_error', 'model__max_depth': 6, 'model__n_estimators': 1000, 'model__subsample': 0.4}",-0.6403616502345957,-0.0637015785266617,-0.1523451848168118,0.0076305509906569036,-0.05228460487326192,-0.18021249349213483,0.23568588447199892,331,0.9999999999343382,0.9999999998484211,0.9999999999498992,0.9999999998911776,0.9999999999236484,0.999999999909497,3.6098600727248635e-11
36.72076754570007,16.041255577598925,0.012244796752929688,0.0012076102318173522,0.04,squared_error,6,1000,0.6000000000000001,"{'model__learning_rate': 0.04, 'model__loss': 'squared_error', 'model__max_depth': 6, 'model__n_estimators': 1000, 'model__subsample': 0.6000000000000001}",-0.28006706674904436,-0.06504382246653262,-0.13581670615490826,-0.06752142655715199,0.05004623197181324,-0.09968055799116479,0.1081638928302599,165,0.9999999999999991,0.999999999999999,0.999999999999999,0.9999999999999991,0.9999999999999989,0.9999999999999991,1.2161883888976234e-16
35.886582708358766,9.92122332427497,0.010001564025878906,0.0011346593484457775,0.04,squared_error,6,1000,0.8,"{'model__learning_rate': 0.04, 'model__loss': 'squared_error', 'model__max_depth': 6, 'model__n_estimators': 1000, 'model__subsample': 0.8}",-0.3703731938998971,-0.06960338869425797,-0.05867019937471163,-0.07534452562802119,0.08145910735857032,-0.09850644004766351,0.14782281071028933,163,0.9999999999999991,0.999999999999999,0.9999999999999991,0.9999999999999991,0.9999999999999989,0.9999999999999991,1.1102230246251565e-16
2.931591606140137,1.5356317549457272,0.022353696823120116,0.02718569737065518,0.04,squared_error,9,200,0.2,"{'model__learning_rate': 0.04, 'model__loss': 'squared_error', 'model__max_depth': 9, 'model__n_estimators': 200, 'model__subsample': 0.2}",-0.7243050099130783,-0.13537002619169614,-0.09081032276741996,-0.32079934872691296,0.012866671236747007,-0.2516836072724721,0.25982451332441836,447,0.9265777711528772,0.8971873024420294,0.896284085204542,0.9029265094184131,0.8958862011456473,0.9037723738727019,0.011682730716637682
6.986676168441773,3.195098839919299,0.00879077911376953,0.0008296954960650535,0.04,squared_error,9,200,0.4,"{'model__learning_rate': 0.04, 'model__loss': 'squared_error', 'model__max_depth': 9, 'model__n_estimators': 200, 'model__subsample': 0.4}",-0.38912287041207283,-0.10186472243759415,-0.1562408798124042,-0.1909301858250716,-0.071090438831517,-0.18184981946373197,0.111683163133095,332,0.9953945883001079,0.9953665647855128,0.9960989703134177,0.9956813854915593,0.9939272611662376,0.995293754011367,0.0007323118346621865
8.495466709136963,4.400660643209866,0.023560237884521485,0.027711369162131023,0.04,squared_error,9,200,0.6000000000000001,"{'model__learning_rate': 0.04, 'model__loss': 'squared_error', 'model__max_depth': 9, 'model__n_estimators': 200, 'model__subsample': 0.6000000000000001}",-0.24066536462865562,-0.015193998820851373,-0.23144694495877505,-0.04403640609378168,0.029967013107563445,-0.10027514027890005,0.11338436559706278,166,0.9998387582616088,0.9998303707064388,0.9998079189252388,0.9998100488048174,0.999694943991271,0.9997964081378748,5.2077880352723686e-05
13.80227451324463,6.616247323911503,0.008260059356689452,0.0009812534044975983,0.04,squared_error,9,200,0.8,"{'model__learning_rate': 0.04, 'model__loss': 'squared_error', 'model__max_depth': 9, 'model__n_estimators': 200, 'model__subsample': 0.8}",-0.393763713898597,0.04952653937881013,-0.1703031806425459,-0.1264152588384373,0.0754048406020531,-0.11311015467974339,0.1698252549051862,181,0.9999914821114189,0.9999927472904219,0.9999926697654159,0.9999917104765782,0.9999878791837663,0.9999912977655201,1.7818260964623706e-06
5.724740934371948,3.0209062931583177,0.009961557388305665,0.0009896867896633025,0.04,squared_error,9,500,0.2,"{'model__learning_rate': 0.04, 'model__loss': 'squared_error', 'model__max_depth': 9, 'model__n_estimators': 500, 'model__subsample': 0.2}",-0.8470155580963115,-0.1567749172393571,-0.07499264773481862,-0.4542489455477716,-0.11365713445136016,-0.3293378406139238,0.2914037096499073,512,0.9956758362465755,0.9932968281792471,0.9945735061446239,0.9940038454803741,0.9934836697156173,0.9942067371532877,0.0008584518076515806
19.23457016944885,7.886378219318151,0.010193252563476562,0.0012338667052962727,0.04,squared_error,9,500,0.4,"{'model__learning_rate': 0.04, 'model__loss': 'squared_error', 'model__max_depth': 9, 'model__n_estimators': 500, 'model__subsample': 0.4}",-0.3951778503145811,-0.09831263707317306,-0.1719469728468268,-0.1998008865136518,-0.0811086283375928,-0.1892693950171651,0.11205458834902816,346,0.9999958365536292,0.9999947358839765,0.9999973020993628,0.9999967571250212,0.9999958763523006,0.999996101602858,8.783026966953631e-07
34.16487145423889,12.298056344252108,0.011198949813842774,0.0016430673100616383,0.04,squared_error,9,500,0.6000000000000001,"{'model__learning_rate': 0.04, 'model__loss': 'squared_error', 'model__max_depth': 9, 'model__n_estimators': 500, 'model__subsample': 0.6000000000000001}",-0.24400572661842257,-0.014571704752283088,-0.23934931356732236,-0.04368673798311784,0.030117504601533063,-0.10229919566392257,0.11621462136815822,172,0.9999999990940728,0.9999999976972033,0.9999999980062038,0.9999999984943239,0.9999999980444503,0.9999999982672507,4.853733769016413e-10
30.23663854598999,14.414731119321965,0.012399959564208984,0.0007318075094339624,0.04,squared_error,9,500,0.8,"{'model__learning_rate': 0.04, 'model__loss': 'squared_error', 'model__max_depth': 9, 'model__n_estimators': 500, 'model__subsample': 0.8}",-0.39440141937110473,0.049562987039231454,-0.1711597873932491,-0.12711789238006554,0.07540538823817844,-0.1135421447734019,0.17011201018533337,182,0.9999999999997398,0.9999999999997584,0.999999999999786,0.9999999999997667,0.9999999999997196,0.9999999999997542,2.2766503073693144e-14
21.180776929855348,3.3917216396984093,0.028522539138793945,0.030572546045721526,0.04,squared_error,9,1000,0.2,"{'model__learning_rate': 0.04, 'model__loss': 'squared_error', 'model__max_depth': 9, 'model__n_estimators': 1000, 'model__subsample': 0.2}",-0.8468279806652745,-0.16994061917538583,-0.07835963286244918,-0.48146499732845105,-0.14046678677840685,-0.3434120033619935,0.28775618725599095,521,0.9999598023548973,0.9999162009796385,0.9999575172477203,0.9999484858021258,0.9999300070956944,0.9999424026960153,1.6783222758532992e-05
31.620015239715578,12.218424201885712,0.06398286819458007,0.040022407966923086,0.04,squared_error,9,1000,0.4,"{'model__learning_rate': 0.04, 'model__loss': 'squared_error', 'model__max_depth': 9, 'model__n_estimators': 1000, 'model__subsample': 0.4}",-0.39568300892456776,-0.09837120071626626,-0.17226188706324264,-0.20001067902610514,-0.08149070841955353,-0.18956349682994705,0.11215124167637777,347,0.9999999999244421,0.9999999998238198,0.9999999999190254,0.9999999999178557,0.9999999999585206,0.9999999999087328,4.49999780349874e-11
54.01430058479309,17.49172333137718,0.026334142684936522,0.026793710442179503,0.04,squared_error,9,1000,0.6000000000000001,"{'model__learning_rate': 0.04, 'model__loss': 'squared_error', 'model__max_depth': 9, 'model__n_estimators': 1000, 'model__subsample': 0.6000000000000001}",-0.24400982484762124,-0.014571363118773606,-0.23936105973059374,-0.043683779864174266,0.030112893392334916,-0.10230262683376559,0.11621769043213268,173,0.9999999999999991,0.9999999999999989,0.9999999999999991,0.9999999999999991,0.9999999999999989,0.9999999999999991,1.4043333874306804e-16
48.962320756912234,17.129932940464418,0.011585283279418945,0.0006661035769945892,0.04,squared_error,9,1000,0.8,"{'model__learning_rate': 0.04, 'model__loss': 'squared_error', 'model__max_depth': 9, 'model__n_estimators': 1000, 'model__subsample': 0.8}",-0.3944014567310412,0.049562975304513035,-0.17115989716639368,-0.1271178617847375,0.07540533888632284,-0.1135421802982673,0.17011201625604067,183,0.9999999999999991,0.999999999999999,0.9999999999999991,0.9999999999999992,0.9999999999999989,0.9999999999999991,1.2161883888976234e-16
1.7164145469665528,0.02567736672746638,0.008990287780761719,0.0006093769748961693,0.04,squared_error,12,200,0.2,"{'model__learning_rate': 0.04, 'model__loss': 'squared_error', 'model__max_depth': 12, 'model__n_estimators': 200, 'model__subsample': 0.2}",-0.7481290683551967,-0.19344535486580616,-0.06615874064528748,-0.2531309446055645,-0.039048519571860396,-0.259982525608743,0.25656994410456513,460,0.9239882485048789,0.9113842783585356,0.8986650004170524,0.9069372381051398,0.9022617982617271,0.9086473127294667,0.008788412833510756
4.740227794647216,0.6540656484453311,0.009859228134155273,0.001800236791835589,0.04,squared_error,12,200,0.4,"{'model__learning_rate': 0.04, 'model__loss': 'squared_error', 'model__max_depth': 12, 'model__n_estimators': 200, 'model__subsample': 0.4}",-0.3765147800659363,-0.060370498045475784,-0.23422085893363742,-0.018243138105307644,0.018809901918707128,-0.13410787464633,0.14901637607277393,224,0.9957963491486695,0.9958188214224228,0.9957375302936593,0.9957160479040122,0.9937454676373864,0.99536284328123,0.0008095543512929525
14.124027156829834,5.37317175774631,0.02230525016784668,0.024697480332465646,0.04,squared_error,12,200,0.6000000000000001,"{'model__learning_rate': 0.04, 'model__loss': 'squared_error', 'model__max_depth': 12, 'model__n_estimators': 200, 'model__subsample': 0.6000000000000001}",-0.5064195012629202,-0.02194378092242011,-0.20189171113469473,0.025638073802759953,0.028564587114160545,-0.1352104664806229,0.20384621607536943,225,0.9998576621897077,0.9998528707668016,0.9998472085294734,0.9998282896051333,0.9997618974391321,0.9998295857060496,3.5282937094672664e-05
22.48814191818237,9.550918899160523,0.022800731658935546,0.02845279338717426,0.04,squared_error,12,200,0.8,"{'model__learning_rate': 0.04, 'model__loss': 'squared_error', 'model__max_depth': 12, 'model__n_estimators': 200, 'model__subsample': 0.8}",-0.40937470119179475,0.02802015360221033,-0.18577171725403363,0.0423407696191912,0.0632303733119518,-0.09231102438249501,0.18224604285616827,147,0.9999954917662187,0.999995797231384,0.9999948461768869,0.9999947169007546,0.9999929490567147,0.9999947602263918,9.899626326336156e-07
7.366167688369751,3.7836782864751872,0.023046016693115234,0.024796175843835516,0.04,squared_error,12,500,0.2,"{'model__learning_rate': 0.04, 'model__loss': 'squared_error', 'model__max_depth': 12, 'model__n_estimators': 500, 'model__subsample': 0.2}",-0.8706266365304445,-0.17201458150660875,-0.2176143420503429,-0.4053921921629362,-0.1294817309255316,-0.3590258966351728,0.27259718787614295,530,0.9959353127007365,0.9949045353462141,0.9948272809230556,0.9944391750388444,0.9954177011552459,0.9951048010328194,0.0005191989671736677
18.365003681182863,9.371380505536507,0.010131549835205079,0.0007253990082465477,0.04,squared_error,12,500,0.4,"{'model__learning_rate': 0.04, 'model__loss': 'squared_error', 'model__max_depth': 12, 'model__n_estimators': 500, 'model__subsample': 0.4}",-0.3772602125515627,-0.05982942449860151,-0.2551089946565477,-0.03581677165473707,0.012272459904322686,-0.14314858869142527,0.1482978687285122,258,0.999996843846294,0.9999962719055385,0.9999971413389632,0.9999968261286781,0.9999952988312287,0.9999964764101404,6.523736578660541e-07
30.70597896575928,10.704095025498484,0.03877863883972168,0.031914865411897544,0.04,squared_error,12,500,0.6000000000000001,"{'model__learning_rate': 0.04, 'model__loss': 'squared_error', 'model__max_depth': 12, 'model__n_estimators': 500, 'model__subsample': 0.6000000000000001}",-0.508929522108361,-0.022436212039782966,-0.2072387230436139,0.026551383691521768,0.028486897857563753,-0.13671323512853445,0.20519476915448814,227,0.9999999993462743,0.9999999987860914,0.9999999991957383,0.9999999990580178,0.9999999986647212,0.9999999990101687,2.5268050709424334e-10
52.01959280967712,16.76116168936677,0.012421369552612305,0.001609000095406964,0.04,squared_error,12,500,0.8,"{'model__learning_rate': 0.04, 'model__loss': 'squared_error', 'model__max_depth': 12, 'model__n_estimators': 500, 'model__subsample': 0.8}",-0.41008068933974107,0.028118053452070302,-0.18673052783046384,0.04246308569149404,0.06318721242468339,-0.09260857312039143,0.18261384674038555,148,0.9999999999999317,0.999999999999898,0.9999999999999284,0.9999999999999125,0.9999999999998453,0.9999999999999032,3.1334419811479154e-14
23.6897225856781,0.5559068668907099,0.03942728042602539,0.03244446423932967,0.04,squared_error,12,1000,0.2,"{'model__learning_rate': 0.04, 'model__loss': 'squared_error', 'model__max_depth': 12, 'model__n_estimators': 1000, 'model__subsample': 0.2}",-0.8930556842609068,-0.18087580764549527,-0.2214858841113323,-0.42637917012397075,-0.1550205981163173,-0.37536342885160445,0.27592121114640106,542,0.9999590057095528,0.9999515308902479,0.9999640243294705,0.9999561674046789,0.9999517248773733,0.9999564906422647,4.701024228481726e-06
40.29684543609619,11.785701604199513,0.04188771247863769,0.03161327449078754,0.04,squared_error,12,1000,0.4,"{'model__learning_rate': 0.04, 'model__loss': 'squared_error', 'model__max_depth': 12, 'model__n_estimators': 1000, 'model__subsample': 0.4}",-0.37773377181747225,-0.0603253816306093,-0.25502272183208596,-0.035720887001600365,0.012110698163527944,-0.14333841282364798,0.14835881538698997,259,0.9999999999742566,0.9999999999071629,0.9999999999478646,0.9999999999585198,0.9999999999570314,0.999999999948967,2.2559477632793976e-11
73.1309844493866,14.613598458295153,0.04438285827636719,0.03683579044520028,0.04,squared_error,12,1000,0.6000000000000001,"{'model__learning_rate': 0.04, 'model__loss': 'squared_error', 'model__max_depth': 12, 'model__n_estimators': 1000, 'model__subsample': 0.6000000000000001}",-0.5089366376659883,-0.022437306915593425,-0.20723843833947875,0.026550717473053487,0.028483565891615936,-0.1367156199112782,0.20519656659475682,228,0.9999999999999991,0.999999999999999,0.9999999999999991,0.9999999999999991,0.9999999999999989,0.9999999999999991,1.1102230246251565e-16
72.7399489402771,11.87089892014572,0.02560844421386719,0.025882762835900235,0.04,squared_error,12,1000,0.8,"{'model__learning_rate': 0.04, 'model__loss': 'squared_error', 'model__max_depth': 12, 'model__n_estimators': 1000, 'model__subsample': 0.8}",-0.41008069155294247,0.028118046401032104,-0.1867305647656572,0.042463087807765976,0.06318717506726612,-0.0926085894085071,0.18261384432382752,149,0.9999999999999991,0.999999999999999,0.9999999999999991,0.9999999999999992,0.9999999999999989,0.9999999999999991,1.2161883888976234e-16
2.169487953186035,1.0147983814427104,0.008408784866333008,0.0007508049161584417,0.04,absolute_error,6,200,0.2,"{'model__learning_rate': 0.04, 'model__loss': 'absolute_error', 'model__max_depth': 6, 'model__n_estimators': 200, 'model__subsample': 0.2}",-0.3129141050213875,-0.2735578699268144,-0.027400005326457366,-0.18946032416027947,0.029729897451853726,-0.154720481396617,0.1346007801073479,289,0.6178869580784677,0.6019845244693975,0.5694389902966295,0.6627059554064856,0.6051927098780653,0.6114418276258091,0.03020688962135717
3.8294232368469237,1.7884808210811605,0.008358955383300781,0.0007908889299184032,0.04,absolute_error,6,200,0.4,"{'model__learning_rate': 0.04, 'model__loss': 'absolute_error', 'model__max_depth': 6, 'model__n_estimators': 200, 'model__subsample': 0.4}",-0.12692605776076915,-0.2542282907106048,0.09047619801717943,0.06368935613109827,-0.06788095774319913,-0.05897395041325908,0.12665126506732566,59,0.7714891100927951,0.7709197048032677,0.7356622591970268,0.7586839666929401,0.769232518660848,0.7611975118893757,0.013589454749693225
7.039872074127198,3.012471651872667,0.02058563232421875,0.025956419438465647,0.04,absolute_error,6,200,0.6000000000000001,"{'model__learning_rate': 0.04, 'model__loss': 'absolute_error', 'model__max_depth': 6, 'model__n_estimators': 200, 'model__subsample': 0.6000000000000001}",-0.13404416293411847,-0.2053311418582855,0.1439709199765552,-0.08375853406386935,-0.0029950839294796694,-0.05643160056183956,0.11996514166944451,55,0.8267043857184161,0.8865285609766601,0.8113689865374477,0.8712302206765643,0.8277576095584311,0.8447179526935038,0.028897483270057638
13.362668514251709,3.328175328307592,0.00897674560546875,0.0010535191160046403,0.04,absolute_error,6,200,0.8,"{'model__learning_rate': 0.04, 'model__loss': 'absolute_error', 'model__max_depth': 6, 'model__n_estimators': 200, 'model__subsample': 0.8}",-0.12604493383759752,-0.20591009897664114,0.05328131447157447,0.008129686379164225,0.04829914861103479,-0.04444897667049304,0.10358140238519416,38,0.8576778404371013,0.9210258873560877,0.8457662205768357,0.8947775992485463,0.8638350493888606,0.8766165194014863,0.027480164692040676
5.392348766326904,2.4939452597413094,0.021862602233886717,0.027420268967512623,0.04,absolute_error,6,500,0.2,"{'model__learning_rate': 0.04, 'model__loss': 'absolute_error', 'model__max_depth': 6, 'model__n_estimators': 500, 'model__subsample': 0.2}",-0.25853003701437394,-0.28578816855539935,0.011457992793123872,-0.25843902360675397,0.03716607547879647,-0.15082663218092138,0.14357759166239234,284,0.8389698067469743,0.8215511822018338,0.8074446215617792,0.8679265682174515,0.8212682537589165,0.8314320864973912,0.020808645617856347
11.969760513305664,3.6927776476902245,0.009314918518066406,0.0006845352508438231,0.04,absolute_error,6,500,0.4,"{'model__learning_rate': 0.04, 'model__loss': 'absolute_error', 'model__max_depth': 6, 'model__n_estimators': 500, 'model__subsample': 0.4}",-0.20009003830219885,-0.2731852791504854,0.12034531244079805,0.07039866879365675,-0.04344019378874475,-0.06519430600139484,0.15148646786302894,77,0.9021793800227096,0.9475230800177529,0.8992434116030898,0.9465972598817302,0.9234774431465358,0.9238041149343635,0.020751292893705746
22.677965927124024,5.45409240986919,0.02328338623046875,0.026683743208122276,0.04,absolute_error,6,500,0.6000000000000001,"{'model__learning_rate': 0.04, 'model__loss': 'absolute_error', 'model__max_depth': 6, 'model__n_estimators': 500, 'model__subsample': 0.6000000000000001}",-0.13569366099154823,-0.1790071218248288,0.12513119736385514,-0.09779102396149986,-0.023627873498111462,-0.062197696582426645,0.10667026701353452,73,0.949013331067545,0.9618226189773891,0.9458766536775833,0.963189195662857,0.9393177285677887,0.9518439055906326,0.009260838903793873
27.47451286315918,13.494040477228197,0.010161209106445312,0.003001339013221329,0.04,absolute_error,6,500,0.8,"{'model__learning_rate': 0.04, 'model__loss': 'absolute_error', 'model__max_depth': 6, 'model__n_estimators': 500, 'model__subsample': 0.8}",-0.19741144006302624,-0.16750003183156248,0.05996059596509884,0.0327065708764146,0.05852440987263663,-0.04274397903608773,0.11487593134340093,34,0.9593113049459602,0.9847645402948401,0.9503428769542711,0.9627618340485473,0.9681080119580557,0.9650577136403349,0.0114235023639697
12.803649425506592,5.083474781333779,0.035603809356689456,0.033591486536111326,0.04,absolute_error,6,1000,0.2,"{'model__learning_rate': 0.04, 'model__loss': 'absolute_error', 'model__max_depth': 6, 'model__n_estimators': 1000, 'model__subsample': 0.2}",-0.3102766299909234,-0.2608333731434891,-0.07491849255715022,-0.35954903858275933,0.02890625215673226,-0.19533425642351795,0.14781890277489046,366,0.9395762102884271,0.9320665802015808,0.9175841563866601,0.9399526956383846,0.9107028439468988,0.9279764972923903,0.011841379109024375
21.928978729248048,9.152602309476318,0.02635979652404785,0.021167289788301315,0.04,absolute_error,6,1000,0.4,"{'model__learning_rate': 0.04, 'model__loss': 'absolute_error', 'model__max_depth': 6, 'model__n_estimators': 1000, 'model__subsample': 0.4}",-0.17976731108179922,-0.30375179604210367,0.13664022900124195,0.07163126033247247,-0.035696263007492623,-0.06218877615953622,0.16144350910600894,72,0.958470245841091,0.9799536784055053,0.9747204217427721,0.9819344003711257,0.9778543514204154,0.9745866195561819,0.008405101782640034
39.31142997741699,14.093884772384458,0.040310335159301755,0.025898364375879213,0.04,absolute_error,6,1000,0.6000000000000001,"{'model__learning_rate': 0.04, 'model__loss': 'absolute_error', 'model__max_depth': 6, 'model__n_estimators': 1000, 'model__subsample': 0.6000000000000001}",-0.1844175408272246,-0.1640511144573813,0.1443012060023462,-0.09034232535788989,-0.009361562157726766,-0.06077426735957527,0.11960539478204114,68,0.9809264203095966,0.985025574536637,0.9939684786120174,0.9856286336234632,0.9740260038339917,0.9839150221831412,0.006511009168077386
72.58197808265686,8.581659269423598,0.029903507232666014,0.030515512878825025,0.04,absolute_error,6,1000,0.8,"{'model__learning_rate': 0.04, 'model__loss': 'absolute_error', 'model__max_depth': 6, 'model__n_estimators': 1000, 'model__subsample': 0.8}",-0.22262856262087483,-0.16006796462649686,0.05693665559780914,0.05975035427232367,0.06613948735448139,-0.0399740060045515,0.1252053862961909,27,0.988581395693459,0.9981183341684082,0.9829554074495183,0.9964130282005819,0.9914311272654994,0.9914998585554933,0.005467600014080489
1.3516544342041015,0.013387830168088569,0.008194541931152344,0.000528324523872253,0.04,absolute_error,9,200,0.2,"{'model__learning_rate': 0.04, 'model__loss': 'absolute_error', 'model__max_depth': 9, 'model__n_estimators': 200, 'model__subsample': 0.2}",-0.3129141050213875,-0.2735578699268144,-0.027400005326457366,-0.18946032416027947,0.029729897451853726,-0.154720481396617,0.1346007801073479,289,0.6178869580784677,0.6019845244693975,0.5694389902966295,0.6627059554064856,0.6051927098780653,0.6114418276258091,0.03020688962135717
3.2209720611572266,0.3023990354588963,0.008643054962158203,0.0010424588891500804,0.04,absolute_error,9,200,0.4,"{'model__learning_rate': 0.04, 'model__loss': 'absolute_error', 'model__max_depth': 9, 'model__n_estimators': 200, 'model__subsample': 0.4}",-0.17448767629411677,-0.25156480542898985,0.13568973908470605,0.010195508000169662,-0.06005446387454527,-0.06804433970255523,0.13616374847130092,86,0.7828391246249806,0.7783134182610945,0.7413909205456499,0.7719885163258143,0.7608651749714548,0.7670794309457989,0.014813413374529023
12.887111520767212,2.9891406023571094,0.040534162521362306,0.02941622173589799,0.04,absolute_error,9,200,0.6000000000000001,"{'model__learning_rate': 0.04, 'model__loss': 'absolute_error', 'model__max_depth': 9, 'model__n_estimators': 200, 'model__subsample': 0.6000000000000001}",-0.15258307546554062,-0.1893563121019597,0.11556662995332323,0.0026100770722894406,-0.05937420242661151,-0.05662737659369983,0.10953708351680903,56,0.8250600606454809,0.8970515833220386,0.850519942398196,0.8712712075857671,0.8532953273671239,0.8594396242637213,0.023891058292287555
13.874934816360474,3.5473292375639827,0.014385509490966796,0.009623843879790518,0.04,absolute_error,9,200,0.8,"{'model__learning_rate': 0.04, 'model__loss': 'absolute_error', 'model__max_depth': 9, 'model__n_estimators': 200, 'model__subsample': 0.8}",-0.0033856745083236106,-0.18397521268254247,0.05958973872305895,0.1217281051219884,0.030239439156092396,0.004839279162054733,0.10297994054918547,4,0.9082913818088405,0.9214047842912291,0.9109167666913444,0.9036473247971182,0.9197071930107383,0.912793490119854,0.006773434655348935
4.948485898971557,2.1925781195249012,0.015924549102783202,0.01409919308004384,0.04,absolute_error,9,500,0.2,"{'model__learning_rate': 0.04, 'model__loss': 'absolute_error', 'model__max_depth': 9, 'model__n_estimators': 500, 'model__subsample': 0.2}",-0.25853003701437394,-0.28578816855539935,0.011457992793123872,-0.25843902360675397,0.03716607547879647,-0.15082663218092138,0.14357759166239234,284,0.8389698067469743,0.8215511822018338,0.8074446215617792,0.8679265682174515,0.8212682537589165,0.8314320864973912,0.020808645617856347
19.623908472061157,2.4082289141944684,0.014984655380249023,0.010106505070071815,0.04,absolute_error,9,500,0.4,"{'model__learning_rate': 0.04, 'model__loss': 'absolute_error', 'model__max_depth': 9, 'model__n_estimators': 500, 'model__subsample': 0.4}",-0.20485748216922306,-0.22100028152400508,0.11585775018721223,0.08182139367398134,-0.07067049190948427,-0.05976982234830377,0.14004115915300594,62,0.8846386125686994,0.9135081337004183,0.8964638902522295,0.9288293858462457,0.9449617630734354,0.9136803570882057,0.02166969657688143
28.81818022727966,4.699951208285297,0.02260565757751465,0.027458122588255075,0.04,absolute_error,9,500,0.6000000000000001,"{'model__learning_rate': 0.04, 'model__loss': 'absolute_error', 'model__max_depth': 9, 'model__n_estimators': 500, 'model__subsample': 0.6000000000000001}",-0.2119665199257823,-0.20391822512620883,0.07523719513745519,-0.0008614578002623663,-0.041515029489658906,-0.07660480744089145,0.11362732136947554,112,0.9262113105631035,0.9698721329123817,0.9402709760857951,0.9752272467012092,0.9583418602434832,0.9539847053011945,0.01834158414474761
36.700644159317015,8.694475638240135,0.03015732765197754,0.03392882865530819,0.04,absolute_error,9,500,0.8,"{'model__learning_rate': 0.04, 'model__loss': 'absolute_error', 'model__max_depth': 9, 'model__n_estimators': 500, 'model__subsample': 0.8}",-0.010352624870511473,-0.169399057411056,0.006191303517765423,0.10551648016021908,0.03298237019117434,-0.007012305682481723,0.09035181448827645,9,0.9792429835354428,0.9784364127373425,0.9670183621506464,0.9759014013381067,0.9836113164725707,0.9768420952468219,0.005504890658549596
13.468392992019654,3.268725102463564,0.021958255767822267,0.025528592303994995,0.04,absolute_error,9,1000,0.2,"{'model__learning_rate': 0.04, 'model__loss': 'absolute_error', 'model__max_depth': 9, 'model__n_estimators': 1000, 'model__subsample': 0.2}",-0.3102766299909234,-0.2608333731434891,-0.07491849255715022,-0.35954903858275933,0.02890625215673226,-0.19533425642351795,0.14781890277489046,366,0.9395762102884271,0.9320665802015808,0.9175841563866601,0.9399526956383846,0.9107028439468988,0.9279764972923903,0.011841379109024375
30.956805849075316,6.65698892580429,0.035224533081054686,0.033204611030447834,0.04,absolute_error,9,1000,0.4,"{'model__learning_rate': 0.04, 'model__loss': 'absolute_error', 'model__max_depth': 9, 'model__n_estimators': 1000, 'model__subsample': 0.4}",-0.22056253877764664,-0.19206780617721475,0.13343655104532337,0.07245509847892295,-0.09470496389374783,-0.06028873186487258,0.14098815862970493,65,0.9620037493490406,0.9689844302161345,0.956090368157183,0.9730844525452373,0.9795149051516814,0.9679355810838552,0.008212032692387594
50.810763692855836,13.633010910222126,0.02195439338684082,0.01310450736667721,0.04,absolute_error,9,1000,0.6000000000000001,"{'model__learning_rate': 0.04, 'model__loss': 'absolute_error', 'model__max_depth': 9, 'model__n_estimators': 1000, 'model__subsample': 0.6000000000000001}",-0.2628206681135865,-0.18449977300909337,0.09949289993548827,-0.004877219238705877,-0.0252692211236909,-0.07559479630991768,0.13046314546542462,109,0.9704823715181697,0.9907043954617115,0.9886725951783694,0.9912022634218621,0.9905970147128365,0.9863317280585898,0.0079714084929067
78.1188693523407,6.71113685166122,0.014044380187988282,0.0019315663819596469,0.04,absolute_error,9,1000,0.8,"{'model__learning_rate': 0.04, 'model__loss': 'absolute_error', 'model__max_depth': 9, 'model__n_estimators': 1000, 'model__subsample': 0.8}",-0.02645625110174188,-0.16326786630074297,0.002502361427684119,0.11330668464666782,0.03934270581107291,-0.006914473103412,0.09111508634264413,8,0.996934573342426,0.9933365631965417,0.9950034460556776,0.9921348917805062,0.9976926447933395,0.9950204238336982,0.0020960297383014015
2.8637245178222654,0.8337188912546717,0.008217716217041015,0.000752413734362189,0.04,absolute_error,12,200,0.2,"{'model__learning_rate': 0.04, 'model__loss': 'absolute_error', 'model__max_depth': 12, 'model__n_estimators': 200, 'model__subsample': 0.2}",-0.3129141050213875,-0.2735578699268144,-0.027400005326457366,-0.18946032416027947,0.029729897451853726,-0.154720481396617,0.1346007801073479,289,0.6178869580784677,0.6019845244693975,0.5694389902966295,0.6627059554064856,0.6051927098780653,0.6114418276258091,0.03020688962135717
6.61248254776001,1.5212910138730913,0.041222667694091795,0.017162960344945577,0.04,absolute_error,12,200,0.4,"{'model__learning_rate': 0.04, 'model__loss': 'absolute_error', 'model__max_depth': 12, 'model__n_estimators': 200, 'model__subsample': 0.4}",-0.17448767629411677,-0.25156480542898985,0.13568973908470605,0.010195508000169662,-0.06005446387454527,-0.06804433970255523,0.13616374847130092,86,0.7828391246249806,0.7783134182610945,0.7413909205456499,0.7719885163258143,0.7608651749714548,0.7670794309457989,0.014813413374529023
10.949237394332886,2.2199843929840757,0.02275676727294922,0.015770876645756767,0.04,absolute_error,12,200,0.6000000000000001,"{'model__learning_rate': 0.04, 'model__loss': 'absolute_error', 'model__max_depth': 12, 'model__n_estimators': 200, 'model__subsample': 0.6000000000000001}",-0.11192109155777508,-0.15396941244092455,0.11545383699736456,-0.03862269141448871,-0.05937420242661151,-0.04968671216848706,0.09190828097144031,45,0.8465330049538318,0.8728859695979395,0.8505143721130738,0.8656049653023202,0.8532953273671239,0.8577667278668578,0.009887528038015146
15.314749622344971,3.745758122969902,0.01915731430053711,0.014726080535879992,0.04,absolute_error,12,200,0.8,"{'model__learning_rate': 0.04, 'model__loss': 'absolute_error', 'model__max_depth': 12, 'model__n_estimators': 200, 'model__subsample': 0.8}",-0.1377433810224813,-0.18558412788439838,0.03857985244334339,0.08093043563920521,0.02772301122740306,-0.0352188419193856,0.10584855141778769,23,0.8822382027354498,0.9040865344430216,0.8903945535927951,0.9300724783152372,0.8796736219015788,0.8972930781976165,0.018467941287008478
8.726518201828004,1.311380827845044,0.030985355377197266,0.01728345177159112,0.04,absolute_error,12,500,0.2,"{'model__learning_rate': 0.04, 'model__loss': 'absolute_error', 'model__max_depth': 12, 'model__n_estimators': 500, 'model__subsample': 0.2}",-0.25853003701437394,-0.28578816855539935,0.011457992793123872,-0.25843902360675397,0.03716607547879647,-0.15082663218092138,0.14357759166239234,284,0.8389698067469743,0.8215511822018338,0.8074446215617792,0.8679265682174515,0.8212682537589165,0.8314320864973912,0.020808645617856347
16.38952269554138,4.897686024200576,0.01784381866455078,0.015205918798262032,0.04,absolute_error,12,500,0.4,"{'model__learning_rate': 0.04, 'model__loss': 'absolute_error', 'model__max_depth': 12, 'model__n_estimators': 500, 'model__subsample': 0.4}",-0.20485748216922306,-0.22100028152400508,0.11585775018721223,0.08182139367398134,-0.07067049190948427,-0.05976982234830377,0.14004115915300594,62,0.8846386125686994,0.9135081337004183,0.8964638902522295,0.9288293858462457,0.9449617630734354,0.9136803570882057,0.02166969657688143
25.402244663238527,8.394163553397643,0.020036649703979493,0.014398836886129288,0.04,absolute_error,12,500,0.6000000000000001,"{'model__learning_rate': 0.04, 'model__loss': 'absolute_error', 'model__max_depth': 12, 'model__n_estimators': 500, 'model__subsample': 0.6000000000000001}",-0.16260943059440702,-0.14164961760937933,0.1367986652090758,-0.04337603462253248,-0.045286000940394366,-0.05122448371152748,0.10586111608451074,47,0.9571662903601821,0.9645529725273425,0.9555617892820454,0.9576599158258583,0.9476291543687327,0.9565140244728323,0.005407603392061007
41.46575746536255,10.600748209378972,0.03473386764526367,0.019302043910068876,0.04,absolute_error,12,500,0.8,"{'model__learning_rate': 0.04, 'model__loss': 'absolute_error', 'model__max_depth': 12, 'model__n_estimators': 500, 'model__subsample': 0.8}",-0.1847811189756019,-0.16270071035656697,0.04121181685073205,0.08333536681900988,0.04170528894164327,-0.03624587134415673,0.11351589797876277,25,0.975833724026449,0.9821387126102176,0.9725275296998626,0.985691589832939,0.9662213457013936,0.9764825803741723,0.006901508016215872
14.960550498962402,5.051621394585376,0.025682973861694335,0.018504070155669697,0.04,absolute_error,12,1000,0.2,"{'model__learning_rate': 0.04, 'model__loss': 'absolute_error', 'model__max_depth': 12, 'model__n_estimators': 1000, 'model__subsample': 0.2}",-0.3102766299909234,-0.2608333731434891,-0.07491849255715022,-0.35954903858275933,0.02890625215673226,-0.19533425642351795,0.14781890277489046,366,0.9395762102884271,0.9320665802015808,0.9175841563866601,0.9399526956383846,0.9107028439468988,0.9279764972923903,0.011841379109024375
23.44709038734436,6.02392358082804,0.026497650146484374,0.018253024846658087,0.04,absolute_error,12,1000,0.4,"{'model__learning_rate': 0.04, 'model__loss': 'absolute_error', 'model__max_depth': 12, 'model__n_estimators': 1000, 'model__subsample': 0.4}",-0.22056253877764664,-0.19206780617721475,0.13343655104532337,0.07245509847892295,-0.09470496389374783,-0.06028873186487258,0.14098815862970493,65,0.9620037493490406,0.9689844302161345,0.956090368157183,0.9730844525452373,0.9795149051516814,0.9679355810838552,0.008212032692387594
52.22007751464844,9.884654349972223,0.012037181854248047,0.0011586800676165097,0.04,absolute_error,12,1000,0.6000000000000001,"{'model__learning_rate': 0.04, 'model__loss': 'absolute_error', 'model__max_depth': 12, 'model__n_estimators': 1000, 'model__subsample': 0.6000000000000001}",-0.21363384640168226,-0.12092995618004831,0.13097793430611182,-0.06264056580070942,-0.049113379241931154,-0.06306796266365186,0.11301930705579286,75,0.9852016463656267,0.9879944878994353,0.9913345406416637,0.9924094360433464,0.989101907319149,0.9892084036538442,0.0025418931426952718
80.66835765838623,12.013774993093598,0.01304764747619629,0.00044719519981311685,0.04,absolute_error,12,1000,0.8,"{'model__learning_rate': 0.04, 'model__loss': 'absolute_error', 'model__max_depth': 12, 'model__n_estimators': 1000, 'model__subsample': 0.8}",-0.2090574049418621,-0.13886304329175148,0.035615933237567954,0.08586261206342194,0.04590144133899665,-0.0361080923187254,0.11594550173811703,24,0.9943429478259033,0.996951448817456,0.9938078578357046,0.9968711865794373,0.9956563055231193,0.9955259493163242,0.0012814082662883789
3.4283453464508056,1.400861928224809,0.018029308319091795,0.016271380723404404,0.06,squared_error,6,200,0.2,"{'model__learning_rate': 0.06, 'model__loss': 'squared_error', 'model__max_depth': 6, 'model__n_estimators': 200, 'model__subsample': 0.2}",-0.8591987133351706,-0.3071915323626644,-0.17776767036801666,-0.3783168319584964,-0.13280208231611557,-0.37105536606809275,0.25943785620112747,539,0.9651865107575082,0.9545780694911862,0.9546829312118451,0.955096779105437,0.9572218313785726,0.9573532243889098,0.004032397181101552
7.163707828521728,2.8449082373716124,0.03611741065979004,0.01832702820685826,0.06,squared_error,6,200,0.4,"{'model__learning_rate': 0.06, 'model__loss': 'squared_error', 'model__max_depth': 6, 'model__n_estimators': 200, 'model__subsample': 0.4}",-0.3917875273342899,-0.06140036058733811,-0.14248151587131597,-0.103300934153157,-0.08528531722566823,-0.15685113103435383,0.12041738663280956,293,0.9993421633817136,0.9994897540978376,0.9994299941694289,0.9994727790134376,0.9990648226342083,0.9993599026593252,0.0001561423647721834
9.925569534301758,3.9522563336213796,0.01634187698364258,0.013612682973717701,0.06,squared_error,6,200,0.6000000000000001,"{'model__learning_rate': 0.06, 'model__loss': 'squared_error', 'model__max_depth': 6, 'model__n_estimators': 200, 'model__subsample': 0.6000000000000001}",-0.36107299861490616,-0.12201635268151723,-0.2321239426690609,-0.0005604572234658711,0.02610249957732691,-0.13793425032232465,0.14470355417007902,232,0.9999896780901529,0.9999929849844961,0.9999894125230309,0.9999871239275872,0.9999800814702713,0.9999878561991077,4.313432525356603e-06
9.38489065170288,2.846316559422463,0.013184595108032226,0.004749318304746597,0.06,squared_error,6,200,0.8,"{'model__learning_rate': 0.06, 'model__loss': 'squared_error', 'model__max_depth': 6, 'model__n_estimators': 200, 'model__subsample': 0.8}",-0.4738083079786739,-0.07277945681090747,0.04919054907219245,-0.23400581282796473,0.016463967606710983,-0.14298781218772855,0.19236064184587975,255,0.9999998067570336,0.9999997590633455,0.9999997438981165,0.9999996760960154,0.9999994333902251,0.9999996838409473,1.3202968245267115e-07
9.702622270584106,4.028691366826377,0.034664344787597653,0.041546000114779554,0.06,squared_error,6,500,0.2,"{'model__learning_rate': 0.06, 'model__loss': 'squared_error', 'model__max_depth': 6, 'model__n_estimators': 500, 'model__subsample': 0.2}",-0.9530035994094994,-0.3421432954514152,-0.12785896960741794,-0.538587250554861,-0.16983289897543918,-0.42628520279972654,0.3006492576486804,568,0.9994794667059471,0.9988925984412975,0.9992023858304928,0.9993974114611971,0.9992109747877604,0.9992365674453391,0.00020248895816712753
16.668954181671143,6.372830565898801,0.04600448608398437,0.043886121735699044,0.06,squared_error,6,500,0.4,"{'model__learning_rate': 0.06, 'model__loss': 'squared_error', 'model__max_depth': 6, 'model__n_estimators': 500, 'model__subsample': 0.4}",-0.3990759403607915,-0.061189136558307045,-0.14778739143436326,-0.10655787122884353,-0.09258844486800122,-0.16143975689006132,0.12203282689085104,296,0.9999999592418111,0.999999974976773,0.999999985234679,0.9999999828856706,0.9999999507896613,0.999999970625719,1.3458992099984845e-08
26.9212287902832,11.159283134133059,0.011574459075927735,0.0038427177466572706,0.06,squared_error,6,500,0.6000000000000001,"{'model__learning_rate': 0.06, 'model__loss': 'squared_error', 'model__max_depth': 6, 'model__n_estimators': 500, 'model__subsample': 0.6000000000000001}",-0.3629452189925977,-0.12243537355277834,-0.23260763442500831,-0.0011394160368647377,0.025063360600275808,-0.13881285648139466,0.14498992307760877,236,0.9999999999990421,0.9999999999994786,0.9999999999985069,0.9999999999991717,0.9999999999987111,0.9999999999989821,3.421565248955497e-13
38.037259340286255,8.110710554560425,0.020145177841186523,0.016010300378039365,0.06,squared_error,6,500,0.8,"{'model__learning_rate': 0.06, 'model__loss': 'squared_error', 'model__max_depth': 6, 'model__n_estimators': 500, 'model__subsample': 0.8}",-0.47381904248094253,-0.07283405080774452,0.04912942553411226,-0.23407713502057859,0.016411497155551125,-0.14303786112392045,0.1923461869815637,257,0.9999999999999991,0.999999999999999,0.9999999999999991,0.9999999999999991,0.9999999999999988,0.9999999999999991,1.5700924586837752e-16
15.877840805053712,7.139799533531166,0.02621469497680664,0.027708949557129246,0.06,squared_error,6,1000,0.2,"{'model__learning_rate': 0.06, 'model__loss': 'squared_error', 'model__max_depth': 6, 'model__n_estimators': 1000, 'model__subsample': 0.2}",-0.9458715102872386,-0.3485674123691871,-0.13302912035452774,-0.5456988770519389,-0.16970451459352298,-0.4285742869312831,0.2973469997820707,569,0.9999995800058185,0.9999977571311504,0.9999992707753262,0.9999996217454004,0.9999991377301218,0.9999990734775634,6.83079961913067e-07
34.90473690032959,5.564586115385231,0.03808412551879883,0.02209052462340104,0.06,squared_error,6,1000,0.4,"{'model__learning_rate': 0.06, 'model__loss': 'squared_error', 'model__max_depth': 6, 'model__n_estimators': 1000, 'model__subsample': 0.4}",-0.3990906850401357,-0.06118503615416149,-0.1477751864239294,-0.10653603244985899,-0.0926132275046192,-0.16144003351454095,0.12203868507216648,297,0.9999999999999961,0.9999999999999942,0.9999999999999971,0.9999999999999978,0.9999999999999961,0.9999999999999962,1.2019157760367312e-15
33.25292148590088,4.1382514352169615,0.030937910079956055,0.023353285881243777,0.06,squared_error,6,1000,0.6000000000000001,"{'model__learning_rate': 0.06, 'model__loss': 'squared_error', 'model__max_depth': 6, 'model__n_estimators': 1000, 'model__subsample': 0.6000000000000001}",-0.3629452591289246,-0.12243544528047767,-0.23260778121291947,-0.0011393448231444836,0.025063275612603353,-0.13881291096657258,0.14498994717012612,237,0.9999999999999992,0.9999999999999991,0.9999999999999992,0.9999999999999992,0.999999999999999,0.9999999999999991,9.930136612989092e-17
45.7883761882782,6.0588090427720775,0.010994052886962891,0.0011442892349487989,0.06,squared_error,6,1000,0.8,"{'model__learning_rate': 0.06, 'model__loss': 'squared_error', 'model__max_depth': 6, 'model__n_estimators': 1000, 'model__subsample': 0.8}",-0.4738190434133547,-0.0728340511163863,0.04912942591516767,-0.23407713422464438,0.01641149818706311,-0.14303786093043092,0.19234618745154503,256,0.9999999999999991,0.999999999999999,0.9999999999999991,0.9999999999999992,0.9999999999999989,0.9999999999999991,1.2161883888976234e-16
5.145544624328613,1.6408598813441426,0.02301678657531738,0.025715807364678562,0.06,squared_error,9,200,0.2,"{'model__learning_rate': 0.06, 'model__loss': 'squared_error', 'model__max_depth': 9, 'model__n_estimators': 200, 'model__subsample': 0.2}",-0.584854597847885,-0.21264460289948328,-0.16572465131702518,-0.28050527238274925,-0.11848494106742047,-0.27244281310291263,0.16512646357102626,473,0.9629592528778311,0.9528515872173214,0.9617692330134635,0.9558233984262011,0.9632712646649193,0.9593349472399473,0.004217128542228314
10.444719123840333,3.403129661332027,0.04505906105041504,0.025314356201889012,0.06,squared_error,9,200,0.4,"{'model__learning_rate': 0.06, 'model__loss': 'squared_error', 'model__max_depth': 9, 'model__n_estimators': 200, 'model__subsample': 0.4}",-0.47077805151260677,-0.17304859753491586,-0.10492059489230288,-0.14805479514212783,-0.21142019344635488,-0.22164444650566165,0.129285373770453,406,0.9996056412116816,0.999571732998816,0.9996477750242947,0.9995011637334393,0.9993387741227799,0.9995330174182022,0.00010833977549095468
19.4890766620636,3.576252740096674,0.028267431259155273,0.022415336841260725,0.06,squared_error,9,200,0.6000000000000001,"{'model__learning_rate': 0.06, 'model__loss': 'squared_error', 'model__max_depth': 9, 'model__n_estimators': 200, 'model__subsample': 0.6000000000000001}",-0.3544592730495728,-0.04957766259895435,-0.39042085198753074,-0.045848295278308804,0.013165364927422374,-0.16542814359738886,0.1708629872672747,306,0.9999965585986378,0.9999972309473023,0.999997058775816,0.9999962114911749,0.9999927622014184,0.99999596440287,1.6413410566591853e-06
21.026932334899904,7.069035316012515,0.02781214714050293,0.022773199092705115,0.06,squared_error,9,200,0.8,"{'model__learning_rate': 0.06, 'model__loss': 'squared_error', 'model__max_depth': 9, 'model__n_estimators': 200, 'model__subsample': 0.8}",-0.5431598888019682,0.020537264122108323,-0.22780099095478468,0.013269544588495386,0.01915244657474313,-0.1436003248942812,0.22125793363205687,260,0.9999999808149157,0.9999999781873407,0.9999999783028424,0.9999999598749465,0.9999999450350455,0.9999999684430181,1.390378968584901e-08
8.98569073677063,3.760099172850646,0.014678001403808594,0.004165588973859232,0.06,squared_error,9,500,0.2,"{'model__learning_rate': 0.06, 'model__loss': 'squared_error', 'model__max_depth': 9, 'model__n_estimators': 500, 'model__subsample': 0.2}",-0.6893559089281949,-0.2502131962471712,-0.2597791134982186,-0.33611491237679525,-0.18709010638706824,-0.3445106474874896,0.1787967626267892,522,0.9996484604865551,0.9991887941677655,0.9995486984492693,0.9995193543689399,0.9994136648598615,0.9994637944664783,0.00015654728983792473
17.938401412963866,6.084917705776306,0.019307851791381836,0.014233885166151256,0.06,squared_error,9,500,0.4,"{'model__learning_rate': 0.06, 'model__loss': 'squared_error', 'model__max_depth': 9, 'model__n_estimators': 500, 'model__subsample': 0.4}",-0.47058815693509604,-0.172142548780706,-0.10938259893128266,-0.14931040742957213,-0.21396978958264956,-0.22307870033186128,0.1283019558769986,408,0.9999999788819304,0.9999999712607026,0.9999999750125023,0.9999999862330693,0.9999999783920926,0.9999999779560594,4.960818197598846e-09
31.62424054145813,5.507382075555049,0.01909351348876953,0.013255685489294134,0.06,squared_error,9,500,0.6000000000000001,"{'model__learning_rate': 0.06, 'model__loss': 'squared_error', 'model__max_depth': 9, 'model__n_estimators': 500, 'model__subsample': 0.6000000000000001}",-0.3541916314067981,-0.04959224006444063,-0.3909952343306027,-0.045802680294313225,0.012978455778672515,-0.1655206660634964,0.17092059365008402,307,0.9999999999999363,0.9999999999999143,0.9999999999999365,0.9999999999998928,0.9999999999998886,0.9999999999999136,2.0474932765394006e-14
40.97899103164673,6.417586288919608,0.03297553062438965,0.018003214686153495,0.06,squared_error,9,500,0.8,"{'model__learning_rate': 0.06, 'model__loss': 'squared_error', 'model__max_depth': 9, 'model__n_estimators': 500, 'model__subsample': 0.8}",-0.54319086601895,0.02051869601494849,-0.2278533372306335,0.013241169924991025,0.019130455167877813,-0.14363077642835323,0.2212630924074606,263,0.9999999999999991,0.999999999999999,0.9999999999999991,0.9999999999999991,0.9999999999999989,0.9999999999999991,1.1102230246251565e-16
21.21071548461914,4.151682256552152,0.02974858283996582,0.017032473355372363,0.06,squared_error,9,1000,0.2,"{'model__learning_rate': 0.06, 'model__loss': 'squared_error', 'model__max_depth': 9, 'model__n_estimators': 1000, 'model__subsample': 0.2}",-0.6862322388522626,-0.2605946530220966,-0.25728524320579904,-0.3366801479856387,-0.18559320219364905,-0.3452770970518892,0.17705193882055545,523,0.9999996860602398,0.999998775276989,0.999999602973562,0.9999994177884602,0.9999992556213837,0.999999347544127,3.2271073401885815e-07
44.8703971862793,9.276025608501739,0.03364119529724121,0.021963230406704382,0.06,squared_error,9,1000,0.4,"{'model__learning_rate': 0.06, 'model__loss': 'squared_error', 'model__max_depth': 9, 'model__n_estimators': 1000, 'model__subsample': 0.4}",-0.47062507781678686,-0.17213022429591973,-0.10939639470392337,-0.14930896221325884,-0.21400645772560956,-0.22309342335109966,0.12831438079446547,409,0.9999999999999964,0.9999999999999957,0.9999999999999878,0.9999999999999957,0.999999999999998,0.9999999999999947,3.567255594619826e-15
42.21403064727783,7.015716846634733,0.035072946548461915,0.018123970831647303,0.06,squared_error,9,1000,0.6000000000000001,"{'model__learning_rate': 0.06, 'model__loss': 'squared_error', 'model__max_depth': 9, 'model__n_estimators': 1000, 'model__subsample': 0.6000000000000001}",-0.35419161176348246,-0.04959230541867932,-0.39099518244972,-0.0458027085744952,0.012978425870576626,-0.16552067646716007,0.17092055655148664,308,0.9999999999999992,0.9999999999999991,0.9999999999999992,0.9999999999999992,0.999999999999999,0.9999999999999991,9.930136612989092e-17
38.16256403923035,7.633722044168251,0.03127264976501465,0.021732330710946077,0.06,squared_error,9,1000,0.8,"{'model__learning_rate': 0.06, 'model__loss': 'squared_error', 'model__max_depth': 9, 'model__n_estimators': 1000, 'model__subsample': 0.8}",-0.5431908668465955,0.02051869645519655,-0.22785333556489484,0.013241170323687323,0.019130455275951586,-0.14363077607133096,0.22126309271732006,262,0.9999999999999991,0.999999999999999,0.9999999999999991,0.9999999999999992,0.9999999999999989,0.9999999999999991,1.2161883888976234e-16
3.2974933624267577,1.150769427120927,0.018038034439086914,0.012893964347897956,0.06,squared_error,12,200,0.2,"{'model__learning_rate': 0.06, 'model__loss': 'squared_error', 'model__max_depth': 12, 'model__n_estimators': 200, 'model__subsample': 0.2}",-1.0101675886950114,-0.22247516001303702,-0.16464160743325507,-0.28261136436948275,-0.12506342604328125,-0.36099182931081353,0.32893013015823064,531,0.9691636773340884,0.9590612354319165,0.9598393030586048,0.9519617698735274,0.9551810813112708,0.9590414134018816,0.005798633705775894
9.116557741165161,2.392428495853185,0.018033456802368165,0.014029852696191236,0.06,squared_error,12,200,0.4,"{'model__learning_rate': 0.06, 'model__loss': 'squared_error', 'model__max_depth': 12, 'model__n_estimators': 200, 'model__subsample': 0.4}",-0.4562193643335448,-0.1403286808956341,-0.15791049078448816,0.1061593476203776,-0.0649324521364294,-0.14264632810594377,0.18248842483385153,253,0.9995825232305826,0.9996004634421901,0.9995504080458326,0.9995913232741842,0.9993334969465357,0.9995316429878649,0.00010049952408111237
15.746261692047119,3.1495316476442294,0.020892333984375,0.01780247430994614,0.06,squared_error,12,200,0.6000000000000001,"{'model__learning_rate': 0.06, 'model__loss': 'squared_error', 'model__max_depth': 12, 'model__n_estimators': 200, 'model__subsample': 0.6000000000000001}",-0.3063616157321618,-0.05123966444889683,-0.35541049052251195,-0.008989592141560143,0.015204794903679653,-0.1413593135882902,0.1569708765628074,245,0.9999975797648488,0.9999976366524754,0.9999977437254391,0.9999966698065947,0.9999926811759369,0.9999964622250589,1.929240302323688e-06
24.211322259902953,7.070915678941778,0.026230049133300782,0.01723713149929656,0.06,squared_error,12,200,0.8,"{'model__learning_rate': 0.06, 'model__loss': 'squared_error', 'model__max_depth': 12, 'model__n_estimators': 200, 'model__subsample': 0.8}",-0.47923971966599166,-0.0715246550941111,-0.24981895195047787,0.014940228196831495,0.03212912741012375,-0.15070279422072508,0.19229915458084745,283,0.9999999888325611,0.9999999895204971,0.999999976480796,0.9999999798066908,0.9999999733718768,0.9999999816024843,6.5141139394338525e-09
11.508200216293336,3.2782316303152963,0.010861396789550781,0.0009329006729437121,0.06,squared_error,12,500,0.2,"{'model__learning_rate': 0.06, 'model__loss': 'squared_error', 'model__max_depth': 12, 'model__n_estimators': 500, 'model__subsample': 0.2}",-1.0967425582243115,-0.2912628416488643,-0.26426721175131496,-0.2985892225066491,-0.1631061221968142,-0.42279359126559085,0.3404416155441409,566,0.9995529324440614,0.999465986410812,0.9995113881519455,0.9992937658480545,0.999002516961014,0.9993653179631774,0.00020169982755697502
25.821142148971557,3.3414791994982442,0.038483190536499026,0.02242662214861139,0.06,squared_error,12,500,0.4,"{'model__learning_rate': 0.06, 'model__loss': 'squared_error', 'model__max_depth': 12, 'model__n_estimators': 500, 'model__subsample': 0.4}",-0.45785752829300086,-0.1395264004855541,-0.16164396801122694,0.10330337044817728,-0.06712662528825386,-0.1445702303259717,0.1821563711361567,265,0.9999999867516371,0.9999999724592242,0.9999999775783561,0.9999999706897787,0.9999999829089452,0.9999999780775883,6.082369777238355e-09
42.556358337402344,10.296093515282557,0.02754983901977539,0.01635899604688472,0.06,squared_error,12,500,0.6000000000000001,"{'model__learning_rate': 0.06, 'model__loss': 'squared_error', 'model__max_depth': 12, 'model__n_estimators': 500, 'model__subsample': 0.6000000000000001}",-0.306722153115222,-0.051478886297312565,-0.35590274808105105,-0.00909043165943757,0.015365232363913628,-0.1415657973578219,0.1571684907627899,246,0.9999999999999751,0.9999999999999706,0.99999999999989,0.9999999999998912,0.9999999999998963,0.9999999999999247,3.945258397712672e-14
47.54589424133301,12.647832721993723,0.02784438133239746,0.016347095029844994,0.06,squared_error,12,500,0.8,"{'model__learning_rate': 0.06, 'model__loss': 'squared_error', 'model__max_depth': 12, 'model__n_estimators': 500, 'model__subsample': 0.8}",-0.47924694312638705,-0.07152151511053706,-0.24976452466471555,0.014914602794317444,0.03213507413309691,-0.15069666119484507,0.19229298858271815,282,0.9999999999999991,0.999999999999999,0.9999999999999991,0.9999999999999991,0.9999999999999989,0.9999999999999991,1.1102230246251565e-16
24.913635301589967,5.026180000233668,0.048998689651489256,0.018795914268956503,0.06,squared_error,12,1000,0.2,"{'model__learning_rate': 0.06, 'model__loss': 'squared_error', 'model__max_depth': 12, 'model__n_estimators': 1000, 'model__subsample': 0.2}",-1.0986689953649207,-0.2972025639248852,-0.2636733683439003,-0.30272562919529533,-0.16133924314358028,-0.42472195999451634,0.3407802846396548,567,0.9999995477621612,0.999999246659187,0.9999993880886406,0.9999994312502363,0.9999989616340902,0.9999993150788631,2.012819874327747e-07
51.91116452217102,8.65633442917509,0.03757286071777344,0.01831441630826759,0.06,squared_error,12,1000,0.4,"{'model__learning_rate': 0.06, 'model__loss': 'squared_error', 'model__max_depth': 12, 'model__n_estimators': 1000, 'model__subsample': 0.4}",-0.45785140761252774,-0.1394854677734556,-0.1617011301605884,0.10329781018680073,-0.06710760546206429,-0.14456956016436706,0.18215567097272153,264,0.9999999999999983,0.9999999999999944,0.9999999999999923,0.9999999999999818,0.9999999999999979,0.9999999999999931,6.010604318102592e-15
42.79787430763245,6.645630417775587,0.02838864326477051,0.017510232475060127,0.06,squared_error,12,1000,0.6000000000000001,"{'model__learning_rate': 0.06, 'model__loss': 'squared_error', 'model__max_depth': 12, 'model__n_estimators': 1000, 'model__subsample': 0.6000000000000001}",-0.3067221239315632,-0.05147890400450672,-0.35590285036091274,-0.009090431968656443,0.01536524180645249,-0.14156581369183732,0.15716851232966747,247,0.9999999999999992,0.9999999999999991,0.9999999999999992,0.9999999999999992,0.999999999999999,0.9999999999999991,9.930136612989092e-17
53.00598783493042,8.462935985724735,0.03436365127563477,0.014952301328963769,0.06,squared_error,12,1000,0.8,"{'model__learning_rate': 0.06, 'model__loss': 'squared_error', 'model__max_depth': 12, 'model__n_estimators': 1000, 'model__subsample': 0.8}",-0.47924694282347535,-0.07152151493792402,-0.24976452501496604,0.014914603371230961,0.03213507405671756,-0.15069666106968338,0.19229298861435976,281,0.9999999999999991,0.999999999999999,0.9999999999999991,0.9999999999999992,0.9999999999999989,0.9999999999999991,1.2161883888976234e-16
3.724077653884888,0.9618179586590965,0.015490961074829102,0.01305782018930018,0.06,absolute_error,6,200,0.2,"{'model__learning_rate': 0.06, 'model__loss': 'absolute_error', 'model__max_depth': 6, 'model__n_estimators': 200, 'model__subsample': 0.2}",-0.23691243925016536,-0.3296810312725309,-0.008307794282967018,-0.15239548505448552,0.021118668087408032,-0.14123561635454815,0.133280899659151,242,0.6977115820248492,0.7657394043225128,0.6723060948802599,0.6888117931711965,0.6525482813880366,0.695423431157371,0.03838222291036671
7.131224775314331,1.0293188590209013,0.010636520385742188,0.0017940302604046304,0.06,absolute_error,6,200,0.4,"{'model__learning_rate': 0.06, 'model__loss': 'absolute_error', 'model__max_depth': 6, 'model__n_estimators': 200, 'model__subsample': 0.4}",-0.06108364266611499,-0.16489022222941063,0.09222676738633695,-0.12773215591055553,-0.016395680440301597,-0.05557498677200916,0.0900746353063653,50,0.841965094191856,0.8534011797785906,0.8110955015474612,0.87639058842554,0.8730063097457275,0.8511717347378351,0.023700533197204585
9.35654945373535,1.1982294294266989,0.019839000701904298,0.020634580670154418,0.06,absolute_error,6,200,0.6000000000000001,"{'model__learning_rate': 0.06, 'model__loss': 'absolute_error', 'model__max_depth': 6, 'model__n_estimators': 200, 'model__subsample': 0.6000000000000001}",-0.34243876927704964,-0.13436641434801544,0.060253535346756704,-0.04569737363892035,-0.08630725605917866,-0.10971125559528147,0.1328935866887486,179,0.8823194979342561,0.8952854602338671,0.8577868259808733,0.9021889415256439,0.8807639619502607,0.8836689375249802,0.015218920568233518
14.154620933532716,3.298172373582976,0.016198492050170897,0.015713931312240345,0.06,absolute_error,6,200,0.8,"{'model__learning_rate': 0.06, 'model__loss': 'absolute_error', 'model__max_depth': 6, 'model__n_estimators': 200, 'model__subsample': 0.8}",-0.22690717502618707,-0.1306623245135925,0.0810626854854738,-0.014812453090948585,-0.003799321107594844,-0.05902371765056984,0.10765269665433942,60,0.9155271090731287,0.9441169435108414,0.9360042370137103,0.9418823168685727,0.9427576942842286,0.9360576601500963,0.010632737306365556
5.832545328140259,2.0558171897589728,0.016760778427124024,0.01344021853809174,0.06,absolute_error,6,500,0.2,"{'model__learning_rate': 0.06, 'model__loss': 'absolute_error', 'model__max_depth': 6, 'model__n_estimators': 500, 'model__subsample': 0.2}",-0.27718242587511677,-0.3945603388033412,-0.060702966401586345,-0.23054092933798231,-0.0012939724364045002,-0.19285612657088622,0.14378885560823718,362,0.8785733914074432,0.9261611816702064,0.8606882851924997,0.8732142818010801,0.8315998010733392,0.8740473882289137,0.030715759887072633
12.68993411064148,3.32488998532622,0.03325352668762207,0.020072983242419,0.06,absolute_error,6,500,0.4,"{'model__learning_rate': 0.06, 'model__loss': 'absolute_error', 'model__max_depth': 6, 'model__n_estimators': 500, 'model__subsample': 0.4}",-0.15142475083496465,-0.16621966853371073,0.04471511436587394,-0.12107286252663374,-0.014853462941354145,-0.08177112609415786,0.08246763354656297,124,0.9304913336137473,0.9548807566748023,0.9368016551871927,0.9481533363624244,0.9800541375058395,0.9500762438688012,0.017235071440867857
25.602061367034914,6.564824020034388,0.030170297622680663,0.01530845044675632,0.06,absolute_error,6,500,0.6000000000000001,"{'model__learning_rate': 0.06, 'model__loss': 'absolute_error', 'model__max_depth': 6, 'model__n_estimators': 500, 'model__subsample': 0.6000000000000001}",-0.401842026677679,-0.12730401583596107,0.021577958750292225,-0.06021833120636466,-0.08307512952020213,-0.13017230889798292,0.14418911865680764,217,0.9727668940865467,0.9592386113904061,0.963553557997868,0.9705500696580845,0.9606163064826193,0.965345087923105,0.005385815641450712
32.65334339141846,4.4746863348053925,0.0188845157623291,0.013808878585235019,0.06,absolute_error,6,500,0.8,"{'model__learning_rate': 0.06, 'model__loss': 'absolute_error', 'model__max_depth': 6, 'model__n_estimators': 500, 'model__subsample': 0.8}",-0.2820846732779405,-0.11451410030376419,0.07126061662523542,-0.0009576561964690367,0.020372118068618716,-0.06118473901686392,0.12606458377014174,69,0.9691195570427874,0.987574148887288,0.9841473684809832,0.9848834961907381,0.9811493035798385,0.9813747748363271,0.006460214240094658
16.716195106506348,3.358897047878744,0.01751995086669922,0.015046952857221482,0.06,absolute_error,6,1000,0.2,"{'model__learning_rate': 0.06, 'model__loss': 'absolute_error', 'model__max_depth': 6, 'model__n_estimators': 1000, 'model__subsample': 0.2}",-0.46291866588143127,-0.3599623631359046,-0.057270010406509364,-0.29400285731104736,-0.013690642639442308,-0.23756890787486698,0.17411297025003425,435,0.9522032865580021,0.9723268985370241,0.9337925565135781,0.932209792799639,0.9212124785828029,0.9423490025982092,0.017991943472961
37.83420357704163,1.9064419915976607,0.03282442092895508,0.017804377331644188,0.06,absolute_error,6,1000,0.4,"{'model__learning_rate': 0.06, 'model__loss': 'absolute_error', 'model__max_depth': 6, 'model__n_estimators': 1000, 'model__subsample': 0.4}",-0.17148820779147522,-0.14748341666842202,-0.005307445084020035,-0.1538904877342544,-0.011789020416407947,-0.09799171553891592,0.07348076513375396,161,0.9699283651295145,0.9864456065782841,0.986411373909085,0.9815780997990969,0.9965531384569375,0.9841833167745836,0.008638118824100342
52.84597473144531,7.288480860260556,0.03454852104187012,0.018446617936102996,0.06,absolute_error,6,1000,0.6000000000000001,"{'model__learning_rate': 0.06, 'model__loss': 'absolute_error', 'model__max_depth': 6, 'model__n_estimators': 1000, 'model__subsample': 0.6000000000000001}",-0.41018911914815614,-0.1295936166606877,0.005622374244837025,-0.0349172821665813,-0.08206329731544959,-0.13022818820920753,0.14713118389913615,218,0.9906875398359736,0.9850491311820448,0.9910930843433524,0.9961609213388881,0.9938982565149185,0.9913777866430354,0.0037373927246616657
64.42645363807678,12.25913827543876,0.041905450820922854,0.014080672426094322,0.06,absolute_error,6,1000,0.8,"{'model__learning_rate': 0.06, 'model__loss': 'absolute_error', 'model__max_depth': 6, 'model__n_estimators': 1000, 'model__subsample': 0.8}",-0.3276760670284382,-0.10952699029662538,0.07583526736483293,0.005083612999912779,0.024456576756461068,-0.06636552004077137,0.1440283376973613,79,0.9953656208314584,0.9985952292529413,0.9983677792669994,0.9975943538496129,0.9978110336409711,0.9975468033683967,0.001149159188809177
2.7647754192352294,1.1576222398992422,0.017864131927490236,0.013994086189921527,0.06,absolute_error,9,200,0.2,"{'model__learning_rate': 0.06, 'model__loss': 'absolute_error', 'model__max_depth': 9, 'model__n_estimators': 200, 'model__subsample': 0.2}",-0.23691243925016536,-0.3296810312725309,-0.008307794282967018,-0.15239548505448552,0.021118668087408032,-0.14123561635454815,0.133280899659151,242,0.6977115820248492,0.7657394043225128,0.6723060948802599,0.6888117931711965,0.6525482813880366,0.695423431157371,0.03838222291036671
7.310831069946289,1.698897785325891,0.04210219383239746,0.01749382574433551,0.06,absolute_error,9,200,0.4,"{'model__learning_rate': 0.06, 'model__loss': 'absolute_error', 'model__max_depth': 9, 'model__n_estimators': 200, 'model__subsample': 0.4}",-0.1408689954127884,-0.16658791174378518,0.1149638135079073,-0.128329330298383,-0.03753734320890345,-0.07167195343119055,0.10296155518526806,96,0.83843598886873,0.858438256363372,0.8332668118315748,0.8571423429926497,0.8712766897611641,0.8517120179634983,0.013956974408938531
14.262334251403809,1.624853320752213,0.009443950653076173,0.0016809890866189897,0.06,absolute_error,9,200,0.6000000000000001,"{'model__learning_rate': 0.06, 'model__loss': 'absolute_error', 'model__max_depth': 9, 'model__n_estimators': 200, 'model__subsample': 0.6000000000000001}",0.025069198226865375,-0.11969629730467557,-0.0038539299392286175,-0.07275472000770944,-0.026248961499305334,-0.039496942104810716,0.051288860679882524,26,0.9226412572118592,0.9218312151524918,0.892031074377592,0.9248863620872217,0.9018955326968399,0.912657088305201,0.01322608709374206
15.992413663864136,2.6501023929915952,0.016459035873413085,0.01275661875415192,0.06,absolute_error,9,200,0.8,"{'model__learning_rate': 0.06, 'model__loss': 'absolute_error', 'model__max_depth': 9, 'model__n_estimators': 200, 'model__subsample': 0.8}",-0.04159609871264047,-0.2973491311832088,0.007014157126849052,0.021989770748388926,0.006485364008952499,-0.06069118760233176,0.12025343932271472,67,0.9184823719070757,0.9485503903002408,0.9466513217430025,0.9583613083904409,0.9533895118200222,0.9450869808321564,0.013909618086881815
7.946584701538086,2.0840548323123897,0.019379568099975587,0.0202624685106959,0.06,absolute_error,9,500,0.2,"{'model__learning_rate': 0.06, 'model__loss': 'absolute_error', 'model__max_depth': 9, 'model__n_estimators': 500, 'model__subsample': 0.2}",-0.27718242587511677,-0.3945603388033412,-0.060702966401586345,-0.23054092933798231,-0.0012939724364045002,-0.19285612657088622,0.14378885560823718,362,0.8785733914074432,0.9261611816702064,0.8606882851924997,0.8732142818010801,0.8315998010733392,0.8740473882289137,0.030715759887072633
15.83422155380249,4.039430077388266,0.024731016159057616,0.016160971838396893,0.06,absolute_error,9,500,0.4,"{'model__learning_rate': 0.06, 'model__loss': 'absolute_error', 'model__max_depth': 9, 'model__n_estimators': 500, 'model__subsample': 0.4}",-0.17309560146719272,-0.18516774947526482,0.14394170386968153,-0.15938162419838608,-0.02661734734468446,-0.08006412372316932,0.1257203743073644,116,0.9181398737431329,0.9431586878647864,0.9391249562785975,0.9598467495468153,0.9763787695015573,0.9473298073869779,0.019683932975288036
27.323097372055052,3.058187033681523,0.012130928039550782,0.0014672670136021725,0.06,absolute_error,9,500,0.6000000000000001,"{'model__learning_rate': 0.06, 'model__loss': 'absolute_error', 'model__max_depth': 9, 'model__n_estimators': 500, 'model__subsample': 0.6000000000000001}",-0.01262831065635761,-0.138724149459446,-0.025035887071023444,-0.04668107772488894,-0.007135124214837418,-0.046040909825310686,0.04829464906616376,40,0.9729284994075789,0.9768423207838268,0.9601798787388778,0.9861380377922088,0.9781244152859814,0.9748426304016948,0.008497238204933168
44.73065609931946,6.2773177899651715,0.010374355316162109,0.0005274642678237183,0.06,absolute_error,9,500,0.8,"{'model__learning_rate': 0.06, 'model__loss': 'absolute_error', 'model__max_depth': 9, 'model__n_estimators': 500, 'model__subsample': 0.8}",-0.11017388688694396,-0.2944058148976725,-0.016569292543913816,0.013566192237398522,0.0075283581269008915,-0.08001088879284617,0.11603414736494465,115,0.9783249846903228,0.9884061781344763,0.9871586818715645,0.9929537587829326,0.9929569601255489,0.9879601127209691,0.005358767449764355
15.38824691772461,4.22399894150953,0.03170967102050781,0.015600807418427766,0.06,absolute_error,9,1000,0.2,"{'model__learning_rate': 0.06, 'model__loss': 'absolute_error', 'model__max_depth': 9, 'model__n_estimators': 1000, 'model__subsample': 0.2}",-0.46291866588143127,-0.3599623631359046,-0.057270010406509364,-0.29400285731104736,-0.013690642639442308,-0.23756890787486698,0.17411297025003425,435,0.9522032865580021,0.9723268985370241,0.9337925565135781,0.932209792799639,0.9212124785828029,0.9423490025982092,0.017991943472961
34.25463767051697,8.527140614138567,0.029996538162231447,0.019603959771685636,0.06,absolute_error,9,1000,0.4,"{'model__learning_rate': 0.06, 'model__loss': 'absolute_error', 'model__max_depth': 9, 'model__n_estimators': 1000, 'model__subsample': 0.4}",-0.17661863930125832,-0.18084198731843482,0.12168165029191835,-0.19111670569796813,-0.02722672580152552,-0.09082448156545368,0.12225043941043458,141,0.9733825266557548,0.9854485477778815,0.9882265101533632,0.9837832581308342,0.9949181049604735,0.9851517895356615,0.007004445963108222
51.85211730003357,7.604198745392412,0.02778162956237793,0.018949245333581697,0.06,absolute_error,9,1000,0.6000000000000001,"{'model__learning_rate': 0.06, 'model__loss': 'absolute_error', 'model__max_depth': 9, 'model__n_estimators': 1000, 'model__subsample': 0.6000000000000001}",-0.01847617693497816,-0.12792616419007174,-0.0390241160261493,-0.0562135528895058,-0.008897104116443177,-0.05010742283142964,0.04222489101518651,46,0.9930029714681051,0.9937305937919766,0.9876097122091977,0.9975387041782833,0.9964759731103623,0.9936715909515851,0.0034645643661748724
71.56800231933593,12.755190198361532,0.03481454849243164,0.01623539104170611,0.06,absolute_error,9,1000,0.8,"{'model__learning_rate': 0.06, 'model__loss': 'absolute_error', 'model__max_depth': 9, 'model__n_estimators': 1000, 'model__subsample': 0.8}",-0.1426828385405139,-0.2864512130369683,-0.02977029040527701,0.014840605396313156,0.00668450043403046,-0.08747584723048311,0.11428365318475867,137,0.9975522206520884,0.9988194447741724,0.9988188604971115,0.999072513020047,0.9991593071680902,0.998684469222302,0.0005821194555805792
2.4908713340759276,1.0207471162436015,0.009173965454101563,0.0015314015464142896,0.06,absolute_error,12,200,0.2,"{'model__learning_rate': 0.06, 'model__loss': 'absolute_error', 'model__max_depth': 12, 'model__n_estimators': 200, 'model__subsample': 0.2}",-0.23691243925016536,-0.3296810312725309,-0.008307794282967018,-0.15239548505448552,0.021118668087408032,-0.14123561635454815,0.133280899659151,242,0.6977115820248492,0.7657394043225128,0.6723060948802599,0.6888117931711965,0.6525482813880366,0.695423431157371,0.03838222291036671
6.992422389984131,1.8802260854785333,0.009278249740600587,0.0029222663618119838,0.06,absolute_error,12,200,0.4,"{'model__learning_rate': 0.06, 'model__loss': 'absolute_error', 'model__max_depth': 12, 'model__n_estimators': 200, 'model__subsample': 0.4}",-0.1408689954127884,-0.16658791174378518,0.1149638135079073,-0.128329330298383,-0.03753734320890345,-0.07167195343119055,0.10296155518526806,96,0.83843598886873,0.858438256363372,0.8332668118315748,0.8571423429926497,0.8712766897611641,0.8517120179634983,0.013956974408938531
11.289486503601074,1.6582447888724658,0.010160064697265625,0.0013799393561519926,0.06,absolute_error,12,200,0.6000000000000001,"{'model__learning_rate': 0.06, 'model__loss': 'absolute_error', 'model__max_depth': 12, 'model__n_estimators': 200, 'model__subsample': 0.6000000000000001}",-0.048592500624842216,-0.1158852674762838,-0.0038539299392286175,-0.06704925059969757,0.021546625098677996,-0.04276686470827484,0.048208535728118146,35,0.9202434809703048,0.9322285651964644,0.892031074377592,0.9333171833174052,0.9323849411299554,0.9220410489983444,0.01575920444345142
15.803212451934815,3.853311884594044,0.03576250076293945,0.020696973305472363,0.06,absolute_error,12,200,0.8,"{'model__learning_rate': 0.06, 'model__loss': 'absolute_error', 'model__max_depth': 12, 'model__n_estimators': 200, 'model__subsample': 0.8}",0.02119944458431411,-0.2618134567496755,-0.01256595033428809,0.10000287049658141,0.0377880499140002,-0.023077808417813574,0.12483524366997797,16,0.9212919077909707,0.9427832768967878,0.9226743753751643,0.9494672430690756,0.9331472789953601,0.9338728164254716,0.011016289726972455
7.037261962890625,2.0273877264256974,0.02634263038635254,0.02009918025225264,0.06,absolute_error,12,500,0.2,"{'model__learning_rate': 0.06, 'model__loss': 'absolute_error', 'model__max_depth': 12, 'model__n_estimators': 500, 'model__subsample': 0.2}",-0.27718242587511677,-0.3945603388033412,-0.060702966401586345,-0.23054092933798231,-0.0012939724364045002,-0.19285612657088622,0.14378885560823718,362,0.8785733914074432,0.9261611816702064,0.8606882851924997,0.8732142818010801,0.8315998010733392,0.8740473882289137,0.030715759887072633
19.23030662536621,2.6670985714923403,0.010953474044799804,0.0012959647049498664,0.06,absolute_error,12,500,0.4,"{'model__learning_rate': 0.06, 'model__loss': 'absolute_error', 'model__max_depth': 12, 'model__n_estimators': 500, 'model__subsample': 0.4}",-0.17309560146719272,-0.18516774947526482,0.14394170386968153,-0.15938162419838608,-0.02661734734468446,-0.08006412372316932,0.1257203743073644,116,0.9181398737431329,0.9431586878647864,0.9391249562785975,0.9598467495468153,0.9763787695015573,0.9473298073869779,0.019683932975288036
28.16592469215393,2.181279718212786,0.03544912338256836,0.01803940008028595,0.06,absolute_error,12,500,0.6000000000000001,"{'model__learning_rate': 0.06, 'model__loss': 'absolute_error', 'model__max_depth': 12, 'model__n_estimators': 500, 'model__subsample': 0.6000000000000001}",-0.09947853474948132,-0.11631284783259255,-0.026623392806729207,-0.0800876887841151,0.042651931925537956,-0.055970106449476045,0.05779865673751699,53,0.9714298034021857,0.9853989670228065,0.9672632099867153,0.9743538350216473,0.9859403472205852,0.9768772325307878,0.007526373033687554
44.06676836013794,3.6940895502669773,0.03881492614746094,0.012601778401825334,0.06,absolute_error,12,500,0.8,"{'model__learning_rate': 0.06, 'model__loss': 'absolute_error', 'model__max_depth': 12, 'model__n_estimators': 500, 'model__subsample': 0.8}",-0.03609631922143586,-0.2439918455950223,-0.002590227859369021,0.1359709134330258,0.03704833144095587,-0.021931829560369098,0.12513777741482335,14,0.9827820389797649,0.9864535955969868,0.9827136945172684,0.9916024196252002,0.9825570674188779,0.9852217632276197,0.0035092293702391575
13.824666595458984,4.9239641707259185,0.01958498954772949,0.015202200860734002,0.06,absolute_error,12,1000,0.2,"{'model__learning_rate': 0.06, 'model__loss': 'absolute_error', 'model__max_depth': 12, 'model__n_estimators': 1000, 'model__subsample': 0.2}",-0.46291866588143127,-0.3599623631359046,-0.057270010406509364,-0.29400285731104736,-0.013690642639442308,-0.23756890787486698,0.17411297025003425,435,0.9522032865580021,0.9723268985370241,0.9337925565135781,0.932209792799639,0.9212124785828029,0.9423490025982092,0.017991943472961
27.188409662246706,6.750206322734945,0.027659893035888672,0.014200606690467492,0.06,absolute_error,12,1000,0.4,"{'model__learning_rate': 0.06, 'model__loss': 'absolute_error', 'model__max_depth': 12, 'model__n_estimators': 1000, 'model__subsample': 0.4}",-0.17661863930125832,-0.18084198731843482,0.12168165029191835,-0.19111670569796813,-0.02722672580152552,-0.09082448156545368,0.12225043941043458,141,0.9733825266557548,0.9854485477778815,0.9882265101533632,0.9837832581308342,0.9949181049604735,0.9851517895356615,0.007004445963108222
51.02287049293518,7.5256063082700715,0.032316970825195315,0.016425300839233017,0.06,absolute_error,12,1000,0.6000000000000001,"{'model__learning_rate': 0.06, 'model__loss': 'absolute_error', 'model__max_depth': 12, 'model__n_estimators': 1000, 'model__subsample': 0.6000000000000001}",-0.1356112857578231,-0.1094819758620309,-0.012159938660639469,-0.07051124089353311,0.04676944908861114,-0.05619899841708309,0.06616973222970801,54,0.9922630678292578,0.9970958945634133,0.9954752137813926,0.9929090214627372,0.9984860077600274,0.9952458410793655,0.0023804055129729965
72.68652925491332,6.789827296543456,0.020475149154663086,0.007963607703818543,0.06,absolute_error,12,1000,0.8,"{'model__learning_rate': 0.06, 'model__loss': 'absolute_error', 'model__max_depth': 12, 'model__n_estimators': 1000, 'model__subsample': 0.8}",-0.05240144779420586,-0.23729940407032557,-0.01836639444920518,0.14376652983667992,0.04948240808627713,-0.02296366167815591,0.12639218201382404,15,0.998122486224454,0.9985504152284677,0.9972782540982297,0.9990468007683696,0.9988082501656887,0.998361241297042,0.0006221673008419419
2.5254104137420654,0.8903978762951726,0.017784500122070314,0.016321681443282998,0.08,squared_error,6,200,0.2,"{'model__learning_rate': 0.08, 'model__loss': 'squared_error', 'model__max_depth': 6, 'model__n_estimators': 200, 'model__subsample': 0.2}",-0.5598919804064069,-0.04563774591999614,-0.39718888690330734,-0.726954210179684,-0.3337290172509155,-0.412680368132062,0.22875003602216712,559,0.9863553163453977,0.9815618536697888,0.9797215514182213,0.9800575470671514,0.9775454800354347,0.9810483497071989,0.0029475332305870725
5.125411176681519,2.275956761037568,0.017078161239624023,0.01287602103780514,0.08,squared_error,6,200,0.4,"{'model__learning_rate': 0.08, 'model__loss': 'squared_error', 'model__max_depth': 6, 'model__n_estimators': 200, 'model__subsample': 0.4}",-0.36776651679959915,-0.09851527265169269,-0.2730310847474209,0.08698432654818333,0.14455231305667537,-0.1015552469187708,0.1981906892133503,169,0.9999338239396822,0.9999185904412861,0.999944491463722,0.9999346237868635,0.9998826634659006,0.9999228386194909,2.1727876458899608e-05
10.386740922927856,3.470229633475103,0.015920209884643554,0.013488691915530437,0.08,squared_error,6,200,0.6000000000000001,"{'model__learning_rate': 0.08, 'model__loss': 'squared_error', 'model__max_depth': 6, 'model__n_estimators': 200, 'model__subsample': 0.6000000000000001}",-0.34740890190490203,-0.1071460679112819,-0.29588926644160995,-0.1023033600696377,-0.05960456623422039,-0.1824704325123304,0.11598712952590544,333,0.9999997894644936,0.9999997807696743,0.9999996812533707,0.9999996819663383,0.9999992533236035,0.999999637355496,1.9753603155230234e-07
12.77522439956665,4.487738694373405,0.011092805862426757,0.002367587599677133,0.08,squared_error,6,200,0.8,"{'model__learning_rate': 0.08, 'model__loss': 'squared_error', 'model__max_depth': 6, 'model__n_estimators': 200, 'model__subsample': 0.8}",-0.2978916160974343,-0.11843977368444092,-0.1538709474538693,-0.02177517762896053,0.1374228558368732,-0.09091093180556638,0.14455371005980255,144,0.9999999985911231,0.9999999976064992,0.9999999984418756,0.9999999972946546,0.9999999942416784,0.9999999972351661,1.5746214079170043e-09
7.948349523544311,3.354923005498683,0.024372577667236328,0.016709243738034153,0.08,squared_error,6,500,0.2,"{'model__learning_rate': 0.08, 'model__loss': 'squared_error', 'model__max_depth': 6, 'model__n_estimators': 500, 'model__subsample': 0.2}",-0.6202481024169326,-0.08927655591762984,-0.49364744932797144,-0.6751399201188726,-0.339200307188926,-0.4435024669940665,0.21154875806886494,577,0.9999311703067199,0.9999274018323231,0.9999109453894144,0.9999196562276798,0.9998909714598018,0.9999160290431878,1.4321177900140624e-05
13.568053102493286,4.049995540545105,0.02097210884094238,0.014259229188296137,0.08,squared_error,6,500,0.4,"{'model__learning_rate': 0.08, 'model__loss': 'squared_error', 'model__max_depth': 6, 'model__n_estimators': 500, 'model__subsample': 0.4}",-0.36823821624364794,-0.09955791011916104,-0.27229369170134143,0.08568741976324978,0.14332366859932566,-0.10221574594031499,0.19763538661167,171,0.9999999998326279,0.9999999995191533,0.9999999998647058,0.9999999998076626,0.9999999997510799,0.9999999997550459,1.2367200156635755e-10
19.64952096939087,3.2112716100997627,0.009990978240966796,0.0019489858701665955,0.08,squared_error,6,500,0.6000000000000001,"{'model__learning_rate': 0.08, 'model__loss': 'squared_error', 'model__max_depth': 6, 'model__n_estimators': 500, 'model__subsample': 0.6000000000000001}",-0.34759048438403695,-0.10721464067930397,-0.2960907776115176,-0.10228488276477865,-0.05972042707349168,-0.18258024250262578,0.11604729595072127,334,0.9999999999999991,0.9999999999999989,0.999999999999999,0.9999999999999991,0.9999999999999984,0.9999999999999989,2.482534153247273e-16
16.813901710510255,4.517029255884924,0.013521289825439453,0.008537589298183743,0.08,squared_error,6,500,0.8,"{'model__learning_rate': 0.08, 'model__loss': 'squared_error', 'model__max_depth': 6, 'model__n_estimators': 500, 'model__subsample': 0.8}",-0.29789429690364955,-0.11844081121700678,-0.1538794488003088,-0.021771201851248367,0.13741515163210594,-0.09091412142802151,0.1445532043266606,146,0.9999999999999991,0.999999999999999,0.9999999999999991,0.9999999999999992,0.9999999999999989,0.9999999999999991,1.2161883888976234e-16
12.305843353271484,2.0728527499547686,0.01563129425048828,0.005883796575292786,0.08,squared_error,6,1000,0.2,"{'model__learning_rate': 0.08, 'model__loss': 'squared_error', 'model__max_depth': 6, 'model__n_estimators': 1000, 'model__subsample': 0.2}",-0.6213385567045207,-0.09060169863040346,-0.49402553832461193,-0.6748940490692166,-0.3414651616929252,-0.44446500088433555,0.21102902711368854,578,0.9999999840878233,0.9999999926793804,0.9999999827533629,0.999999995269369,0.9999999806484953,0.9999999870876863,5.787152906774112e-09
18.530876398086548,1.4457415762354835,0.017878150939941405,0.005657371426961449,0.08,squared_error,6,1000,0.4,"{'model__learning_rate': 0.08, 'model__loss': 'squared_error', 'model__max_depth': 6, 'model__n_estimators': 1000, 'model__subsample': 0.4}",-0.3682340790306162,-0.09955422031566163,-0.27229957668619886,0.08569107065245019,0.1433232981367114,-0.10221470144866303,0.19763589786413793,170,0.9999999999999992,0.9999999999999991,0.9999999999999992,0.9999999999999992,0.999999999999999,0.9999999999999991,9.930136612989092e-17
17.818432521820068,2.3645644068615206,0.010698795318603516,0.003534006441204897,0.08,squared_error,6,1000,0.6000000000000001,"{'model__learning_rate': 0.08, 'model__loss': 'squared_error', 'model__max_depth': 6, 'model__n_estimators': 1000, 'model__subsample': 0.6000000000000001}",-0.34759048641604573,-0.10721464046497564,-0.2960907791197347,-0.10228488195999219,-0.05972042844015446,-0.18258024328018055,0.1160472966734722,335,0.9999999999999992,0.9999999999999991,0.9999999999999992,0.9999999999999992,0.999999999999999,0.9999999999999991,9.930136612989092e-17
16.498574590682985,2.127337824949691,0.014186239242553711,0.005205846637729891,0.08,squared_error,6,1000,0.8,"{'model__learning_rate': 0.08, 'model__loss': 'squared_error', 'model__max_depth': 6, 'model__n_estimators': 1000, 'model__subsample': 0.8}",-0.2978942964535538,-0.11844081130280637,-0.1538794483913135,-0.021771201902488935,0.1374151517138381,-0.0909141212672649,0.144553204186321,145,0.9999999999999991,0.999999999999999,0.9999999999999992,0.9999999999999992,0.9999999999999989,0.9999999999999991,1.3136335981433191e-16
2.5505423545837402,0.33594598617731397,0.014918327331542969,0.005843246525353386,0.08,squared_error,9,200,0.2,"{'model__learning_rate': 0.08, 'model__loss': 'squared_error', 'model__max_depth': 9, 'model__n_estimators': 200, 'model__subsample': 0.2}",-0.5110763870154125,-0.23176512868550736,-0.5814018272700316,-0.43814844422505383,0.16008178806550488,-0.32046199982610013,0.26723136207288123,505,0.986803805874542,0.9816919311320117,0.9816695678525549,0.9863389193238802,0.9801443748563288,0.9833297198078637,0.002709591646267598
5.454511499404907,0.8542114762430917,0.013641071319580079,0.004054062526322649,0.08,squared_error,9,200,0.4,"{'model__learning_rate': 0.08, 'model__loss': 'squared_error', 'model__max_depth': 9, 'model__n_estimators': 200, 'model__subsample': 0.4}",-0.34129591892603206,-0.12706998234079125,-0.3922694495318684,0.03387435054576238,-0.06777745013146741,-0.17890769007687934,0.16260778102642312,324,0.9999669885193336,0.9999592185180479,0.9999649681796418,0.9999533539577651,0.999952883214224,0.9999594824778025,5.789858314594149e-06
8.713839340209962,0.5651049208141331,0.012757062911987305,0.00456770617971769,0.08,squared_error,9,200,0.6000000000000001,"{'model__learning_rate': 0.08, 'model__loss': 'squared_error', 'model__max_depth': 9, 'model__n_estimators': 200, 'model__subsample': 0.6000000000000001}",-0.440610088248204,-0.16963798205249359,-0.3184993469048427,0.013942349482160887,-0.04310707354635457,-0.1915824282539468,0.16905005390130096,352,0.9999999377455655,0.9999999537068605,0.9999999463173999,0.9999999183201821,0.9999998330471142,0.9999999178274244,4.400838282509819e-08
10.139061975479127,0.7290150995622043,0.009397602081298828,0.0007980676606799864,0.08,squared_error,9,200,0.8,"{'model__learning_rate': 0.08, 'model__loss': 'squared_error', 'model__max_depth': 9, 'model__n_estimators': 200, 'model__subsample': 0.8}",-0.5342217001151375,-0.014083098341646227,-0.2520337298053015,-0.16124729871458343,-6.79401552599046e-05,-0.1923307534263857,0.19501654385368894,356,0.9999999999304062,0.9999999999496919,0.999999999922874,0.9999999999107503,0.9999999997994736,0.9999999999026391,5.310995856197607e-11
5.270670652389526,0.3080511288867777,0.013741827011108399,0.0030978259849983206,0.08,squared_error,9,500,0.2,"{'model__learning_rate': 0.08, 'model__loss': 'squared_error', 'model__max_depth': 9, 'model__n_estimators': 500, 'model__subsample': 0.2}",-0.6070624691181392,-0.25597911217107305,-0.6633289756845446,-0.46238824531370537,0.1316997905697891,-0.3714118023435346,0.28826014879010214,540,0.9999606344888565,0.9999279258433807,0.9999148932540668,0.999930428592467,0.999935761750873,0.9999339287859288,1.501460939302424e-05
11.288696575164796,0.325388975755916,0.012153005599975586,0.0023811658358214773,0.08,squared_error,9,500,0.4,"{'model__learning_rate': 0.08, 'model__loss': 'squared_error', 'model__max_depth': 9, 'model__n_estimators': 500, 'model__subsample': 0.4}",-0.3433183768444006,-0.12766732762477306,-0.3921622985017674,0.033136168121684295,-0.06765728823381356,-0.17953382461661407,0.16277055395231074,329,0.999999999949055,0.9999999998354209,0.9999999998936345,0.9999999998877279,0.999999999944393,0.9999999999020464,4.175591724840759e-11
15.21440930366516,0.5199939611212571,0.009809255599975586,0.0017148486771624276,0.08,squared_error,9,500,0.6000000000000001,"{'model__learning_rate': 0.08, 'model__loss': 'squared_error', 'model__max_depth': 9, 'model__n_estimators': 500, 'model__subsample': 0.6000000000000001}",-0.4406938713712427,-0.1696478068031364,-0.3185675073941394,0.013996437967238262,-0.043145296315052706,-0.1916116087832666,0.1690911571620049,353,0.9999999999999991,0.999999999999999,0.9999999999999991,0.9999999999999991,0.9999999999999989,0.9999999999999991,1.1102230246251565e-16
14.261646461486816,0.24724807948052382,0.010998821258544922,0.002192300093440446,0.08,squared_error,9,500,0.8,"{'model__learning_rate': 0.08, 'model__loss': 'squared_error', 'model__max_depth': 9, 'model__n_estimators': 500, 'model__subsample': 0.8}",-0.5342246258349475,-0.014083487215851731,-0.25203462382572694,-0.16124837693526084,-6.956716377537475e-05,-0.19233213619511247,0.19501719816703045,358,0.9999999999999991,0.999999999999999,0.9999999999999991,0.9999999999999991,0.9999999999999989,0.9999999999999991,1.1102230246251565e-16
9.342499780654908,0.06341123189488895,0.013193511962890625,0.001413963325299041,0.08,squared_error,9,1000,0.2,"{'model__learning_rate': 0.08, 'model__loss': 'squared_error', 'model__max_depth': 9, 'model__n_estimators': 1000, 'model__subsample': 0.2}",-0.6092585795354164,-0.2557625771469878,-0.6642823357214984,-0.46413736601775013,0.13073395632048246,-0.3725413804202341,0.288603879183917,541,0.9999999959677311,0.9999999874646226,0.9999999868156744,0.9999999956904253,0.9999999919753322,0.9999999915827571,3.8971569177757686e-09
21.99593005180359,4.063548786825213,0.027678394317626955,0.016359077561533025,0.08,squared_error,9,1000,0.4,"{'model__learning_rate': 0.08, 'model__loss': 'squared_error', 'model__max_depth': 9, 'model__n_estimators': 1000, 'model__subsample': 0.4}",-0.3433193286038081,-0.12766928368650143,-0.3921595587778197,0.03313823485078449,-0.0676581216214216,-0.17953361156775327,0.1627703305571187,328,0.9999999999999992,0.9999999999999991,0.9999999999999992,0.9999999999999992,0.999999999999999,0.9999999999999991,9.930136612989092e-17
19.192391633987427,3.1299078335977324,0.01899261474609375,0.013361643872587098,0.08,squared_error,9,1000,0.6000000000000001,"{'model__learning_rate': 0.08, 'model__loss': 'squared_error', 'model__max_depth': 9, 'model__n_estimators': 1000, 'model__subsample': 0.6000000000000001}",-0.44069387356719103,-0.16964780644528865,-0.31856750829362435,0.01399643779515225,-0.043145297148694084,-0.19161160953192918,0.1690911577650837,354,0.9999999999999992,0.9999999999999991,0.9999999999999992,0.9999999999999992,0.999999999999999,0.9999999999999991,9.930136612989092e-17
23.28614993095398,5.053750487083373,0.02507929801940918,0.017587165935160576,0.08,squared_error,9,1000,0.8,"{'model__learning_rate': 0.08, 'model__loss': 'squared_error', 'model__max_depth': 9, 'model__n_estimators': 1000, 'model__subsample': 0.8}",-0.5342246261571375,-0.01408348707798135,-0.2520346232896473,-0.16124837541803716,-6.95670158574746e-05,-0.19233213579173217,0.1950171983499111,357,0.9999999999999992,0.999999999999999,0.9999999999999991,0.9999999999999992,0.9999999999999989,0.9999999999999991,1.3136335981433191e-16
2.417074680328369,1.058680583586146,0.010198879241943359,0.00166691021899821,0.08,squared_error,12,200,0.2,"{'model__learning_rate': 0.08, 'model__loss': 'squared_error', 'model__max_depth': 12, 'model__n_estimators': 200, 'model__subsample': 0.2}",-0.7700569273256834,-0.20303979519722604,-0.23557722941287507,-0.27255045501634867,-0.16625937827149828,-0.3294967570447263,0.22306717716945165,513,0.9857198334122698,0.9783455217534639,0.9788078739559627,0.9796154838189108,0.9762396456150076,0.9797456717111229,0.003188719505973701
7.630810165405274,3.4465167757856956,0.017673540115356445,0.014823013361371989,0.08,squared_error,12,200,0.4,"{'model__learning_rate': 0.08, 'model__loss': 'squared_error', 'model__max_depth': 12, 'model__n_estimators': 200, 'model__subsample': 0.4}",-0.4320811119493895,-0.21477014053419374,-0.34922321253333255,-0.19050158822760332,-0.1548060764606931,-0.26827642594104245,0.10504449113446596,466,0.9999657428709697,0.9999525709530234,0.9999570244988948,0.9999644876291859,0.9999173093922247,0.9999514270688596,1.7732320654879082e-05
10.115111541748046,2.778304544853281,0.01795496940612793,0.014372941696391068,0.08,squared_error,12,200,0.6000000000000001,"{'model__learning_rate': 0.08, 'model__loss': 'squared_error', 'model__max_depth': 12, 'model__n_estimators': 200, 'model__subsample': 0.6000000000000001}",-0.261661632618434,-0.036825720507922544,-0.22517290699343873,-0.07368636521752103,-0.04551754597888058,-0.12857283426323937,0.0952601076819096,214,0.9999999646673908,0.9999999733358534,0.9999999182592372,0.9999999649650335,0.9999998240665897,0.9999999290588208,5.5960131496168824e-08
32.118039894104,1.1239654975239435,0.009016799926757812,0.0008299554826703199,0.08,squared_error,12,200,0.8,"{'model__learning_rate': 0.08, 'model__loss': 'squared_error', 'model__max_depth': 12, 'model__n_estimators': 200, 'model__subsample': 0.8}",-0.42902022631764125,-0.03382936622817034,-0.21806348253018193,-0.04714857029532071,0.03937032079437586,-0.13773826491538768,0.1683260673532582,229,0.9999999999739738,0.9999999999740546,0.9999999999595576,0.99999999995691,0.9999999998986169,0.9999999999526226,2.7922396393695578e-11
10.895643520355225,3.2448688038307667,0.017672395706176756,0.013244729902948399,0.08,squared_error,12,500,0.2,"{'model__learning_rate': 0.08, 'model__loss': 'squared_error', 'model__max_depth': 12, 'model__n_estimators': 500, 'model__subsample': 0.2}",-0.7853526323406119,-0.2805691397604595,-0.28829640432010195,-0.26952690852889005,-0.19543068864132174,-0.36383515471827704,0.21334030350299554,533,0.9999406639724545,0.99985883758632,0.9998958658426339,0.9998891992520187,0.9999247583804123,0.9999018650067679,2.8556037957836617e-05
26.382034254074096,6.960610052441142,0.02425417900085449,0.026270683324512274,0.08,squared_error,12,500,0.4,"{'model__learning_rate': 0.08, 'model__loss': 'squared_error', 'model__max_depth': 12, 'model__n_estimators': 500, 'model__subsample': 0.4}",-0.43538206516828915,-0.2176552852544118,-0.3489647166792167,-0.1903960995179197,-0.15572346173738683,-0.26962432567144484,0.1055668751404492,470,0.9999999999265425,0.9999999996812742,0.9999999998806982,0.99999999998159,0.9999999999408834,0.9999999998821977,1.0551000505619877e-10
39.42477631568909,7.230032524629771,0.018266963958740234,0.013260887242107203,0.08,squared_error,12,500,0.6000000000000001,"{'model__learning_rate': 0.08, 'model__loss': 'squared_error', 'model__max_depth': 12, 'model__n_estimators': 500, 'model__subsample': 0.6000000000000001}",-0.261703326954285,-0.03680821720929628,-0.22522982961856108,-0.07371128044018005,-0.04553203414665874,-0.12859693767379624,0.09528127774683376,215,0.9999999999999991,0.999999999999999,0.9999999999999991,0.9999999999999992,0.9999999999999989,0.9999999999999991,1.2161883888976234e-16
40.023184871673585,4.6241866496533754,0.029569149017333984,0.015188740891229824,0.08,squared_error,12,500,0.8,"{'model__learning_rate': 0.08, 'model__loss': 'squared_error', 'model__max_depth': 12, 'model__n_estimators': 500, 'model__subsample': 0.8}",-0.42902017623123223,-0.03382915908891393,-0.21806448927904087,-0.04714966010786559,0.039370138273211674,-0.1377386692867682,0.16832601596554234,230,0.9999999999999991,0.999999999999999,0.9999999999999991,0.9999999999999992,0.9999999999999989,0.9999999999999991,1.2161883888976234e-16
23.540921115875243,4.260238629184589,0.03014235496520996,0.01787822558978144,0.08,squared_error,12,1000,0.2,"{'model__learning_rate': 0.08, 'model__loss': 'squared_error', 'model__max_depth': 12, 'model__n_estimators': 1000, 'model__subsample': 0.2}",-0.7868520033917443,-0.2853756174697324,-0.29098325246591283,-0.2749765865973326,-0.195889866439368,-0.36681546527281805,0.2128208667575892,535,0.9999999905185328,0.99999994917602,0.9999999779932437,0.9999999868735717,0.999999989953591,0.9999999789029917,1.552473623029598e-08
39.7022686958313,2.796147111284401,0.02287425994873047,0.015666145229446794,0.08,squared_error,12,1000,0.4,"{'model__learning_rate': 0.08, 'model__loss': 'squared_error', 'model__max_depth': 12, 'model__n_estimators': 1000, 'model__subsample': 0.4}",-0.4353808316979386,-0.21765492208448323,-0.34896787537439455,-0.190395834495116,-0.1557239076499497,-0.2696246742603764,0.1055669419067365,471,0.9999999999999992,0.9999999999999991,0.9999999999999992,0.9999999999999992,0.999999999999999,0.9999999999999991,9.930136612989092e-17
35.973632621765134,8.1444827791857,0.027628421783447266,0.01678176100846494,0.08,squared_error,12,1000,0.6000000000000001,"{'model__learning_rate': 0.08, 'model__loss': 'squared_error', 'model__max_depth': 12, 'model__n_estimators': 1000, 'model__subsample': 0.6000000000000001}",-0.26170332992672773,-0.03680821661795375,-0.2252298290540682,-0.07371128048917575,-0.045532034932723064,-0.1285969382041297,0.09528127843405712,216,0.9999999999999992,0.9999999999999991,0.9999999999999992,0.9999999999999992,0.999999999999999,0.9999999999999991,9.930136612989092e-17
34.8009756565094,10.65090926499527,0.029016828536987303,0.017327261496289752,0.08,squared_error,12,1000,0.8,"{'model__learning_rate': 0.08, 'model__loss': 'squared_error', 'model__max_depth': 12, 'model__n_estimators': 1000, 'model__subsample': 0.8}",-0.4290201781210927,-0.03382915902757455,-0.21806448950647495,-0.0471496601277801,0.0393701383857088,-0.1377386696794427,0.16832601667041755,231,0.9999999999999991,0.999999999999999,0.9999999999999991,0.9999999999999992,0.9999999999999989,0.9999999999999991,1.2161883888976234e-16
2.741306734085083,0.8793360276310308,0.030134153366088868,0.014137688672082151,0.08,absolute_error,6,200,0.2,"{'model__learning_rate': 0.08, 'model__loss': 'absolute_error', 'model__max_depth': 6, 'model__n_estimators': 200, 'model__subsample': 0.2}",-0.4946866567162864,-0.13292083141968325,-0.25408732152764846,-0.7327508593640562,0.009792138349307589,-0.3209307061356733,0.26418944713520887,506,0.7434697366878236,0.7105683069122334,0.7123237647164173,0.8112952308339496,0.6760299032008599,0.7307373884702567,0.045586052675287425
6.971874141693116,2.0760009614204993,0.03184323310852051,0.01933858813800184,0.08,absolute_error,6,200,0.4,"{'model__learning_rate': 0.08, 'model__loss': 'absolute_error', 'model__max_depth': 6, 'model__n_estimators': 200, 'model__subsample': 0.4}",-0.35158811056094974,-0.3754012729125622,0.06841515927188169,-0.028911187193067622,-0.13922927355967274,-0.16534293699087413,0.17478567590475685,305,0.8953720401095385,0.8883407737959882,0.8919245784539658,0.9138850320628119,0.904589547576504,0.8988223943997617,0.009268142091745623
12.41246943473816,2.243308401485728,0.04571380615234375,0.044872147765000016,0.08,absolute_error,6,200,0.6000000000000001,"{'model__learning_rate': 0.08, 'model__loss': 'absolute_error', 'model__max_depth': 6, 'model__n_estimators': 200, 'model__subsample': 0.6000000000000001}",-0.04125521048598424,-0.30090266100612495,0.07196107637565907,-0.06627068583435758,-0.1284298734554281,-0.09297947088124717,0.12254217761726222,150,0.8961016546697519,0.9427563969995245,0.8633396507912489,0.907598627229996,0.8677618763296296,0.8955116412040303,0.028926101413644142
18.506478309631348,4.564143726187793,0.01661028861999512,0.015973598190441175,0.08,absolute_error,6,200,0.8,"{'model__learning_rate': 0.08, 'model__loss': 'absolute_error', 'model__max_depth': 6, 'model__n_estimators': 200, 'model__subsample': 0.8}",-0.19196127342335,-0.191906931901495,0.045807356252449805,-0.06840576820378463,0.04815790822856836,-0.0716617418095223,0.10686180042056748,95,0.9439976455950714,0.9691088584855123,0.9144211218682119,0.9587945005156393,0.945373047169842,0.9463390347268554,0.01843242739464645
7.573902559280396,1.7437496418824865,0.016178989410400392,0.014649607455668122,0.08,absolute_error,6,500,0.2,"{'model__learning_rate': 0.08, 'model__loss': 'absolute_error', 'model__max_depth': 6, 'model__n_estimators': 500, 'model__subsample': 0.2}",-0.6147058873354938,-0.13922197337669862,-0.4812521801315981,-0.7590775062624104,-0.07773268952982382,-0.414398047327205,0.26550407532440357,560,0.891813087043623,0.9109051910868773,0.9199869540788839,0.9313856025939893,0.9082850755014691,0.9124751820609687,0.013122307409364632
15.74948616027832,4.7031028707342175,0.03459768295288086,0.01933923337536213,0.08,absolute_error,6,500,0.4,"{'model__learning_rate': 0.08, 'model__loss': 'absolute_error', 'model__max_depth': 6, 'model__n_estimators': 500, 'model__subsample': 0.4}",-0.32887452526852656,-0.31102032950097724,0.07144750363744934,-0.04963511949059307,-0.14903381602117682,-0.15342325732876488,0.15295626072008686,288,0.9641186381927704,0.9692100247655574,0.9676642157465789,0.9812977641530277,0.9717581468046472,0.9708097579325162,0.005798661589623331
30.990008497238158,6.663261590448677,0.033893918991088866,0.019874530739794744,0.08,absolute_error,6,500,0.6000000000000001,"{'model__learning_rate': 0.08, 'model__loss': 'absolute_error', 'model__max_depth': 6, 'model__n_estimators': 500, 'model__subsample': 0.6000000000000001}",-0.13527484768983533,-0.27737850580928414,-0.019832890082359667,-0.08566196251229896,-0.09358759464564192,-0.12234716014788401,0.0858882240394733,199,0.9753078242645118,0.9821135826369775,0.9773104137265676,0.976556596905881,0.9788208690115167,0.978021857309091,0.0023409293559130467
31.879298591613768,8.791604347693257,0.01953234672546387,0.014489602445122207,0.08,absolute_error,6,500,0.8,"{'model__learning_rate': 0.08, 'model__loss': 'absolute_error', 'model__max_depth': 6, 'model__n_estimators': 500, 'model__subsample': 0.8}",-0.21448537741141882,-0.18810480114721706,0.05196270108281753,-0.04421614406487384,0.05416425312464257,-0.06813587368320992,0.11468553783404377,88,0.9885366636951735,0.9947014911744009,0.9844415960626964,0.9935602089986698,0.9939105955026563,0.9910301110867193,0.003944703481351129
15.819386196136474,5.152878865361064,0.02579154968261719,0.01799338132219096,0.08,absolute_error,6,1000,0.2,"{'model__learning_rate': 0.08, 'model__loss': 'absolute_error', 'model__max_depth': 6, 'model__n_estimators': 1000, 'model__subsample': 0.2}",-0.6836444768835865,-0.14633970720041023,-0.4785009252573673,-0.8292011731697575,-0.09809777270451536,-0.44715681104312743,0.28816658599965556,579,0.959773668688208,0.961927086788598,0.9739436367287897,0.9807858040646505,0.9706441812349313,0.9694148755010354,0.007750338519755814
36.76089172363281,4.985130919811763,0.010485601425170899,0.0006334754170655033,0.08,absolute_error,6,1000,0.4,"{'model__learning_rate': 0.08, 'model__loss': 'absolute_error', 'model__max_depth': 6, 'model__n_estimators': 1000, 'model__subsample': 0.4}",-0.3735344872900692,-0.3143605976440491,0.06184588302523375,-0.04439855768407619,-0.13106330453158188,-0.16030221282490853,0.1629971388274669,295,0.994285133878435,0.9897665382362857,0.9917740648522773,0.9936855936460636,0.9930570219489097,0.9925136705123944,0.0016062670604187542
47.16196446418762,13.427280011421765,0.02630453109741211,0.01890414918396173,0.08,absolute_error,6,1000,0.6000000000000001,"{'model__learning_rate': 0.08, 'model__loss': 'absolute_error', 'model__max_depth': 6, 'model__n_estimators': 1000, 'model__subsample': 0.6000000000000001}",-0.13949268919247126,-0.2531687338854556,-0.03159224178740505,-0.06959845026236211,-0.07532091040781186,-0.11383460510710117,0.07781553202362837,184,0.9951882201245031,0.9974916687681398,0.9984331663760911,0.9976878166613473,0.9971206704709868,0.9971843084802137,0.0010859148584653905
71.46354818344116,11.589532603266667,0.022607851028442382,0.021704638118669364,0.08,absolute_error,6,1000,0.8,"{'model__learning_rate': 0.08, 'model__loss': 'absolute_error', 'model__max_depth': 6, 'model__n_estimators': 1000, 'model__subsample': 0.8}",-0.2581949735254867,-0.18695351660811954,0.05798799857294723,-0.041276876947277774,0.057259965706954574,-0.07423548056019644,0.12837976560013742,105,0.9990272172749961,0.9993527782624515,0.9993517319839661,0.999582208146342,0.9998097852662726,0.9994247441868056,0.0002613767598982083
3.4742180347442626,0.9021389286725242,0.03586521148681641,0.020977673150152077,0.08,absolute_error,9,200,0.2,"{'model__learning_rate': 0.08, 'model__loss': 'absolute_error', 'model__max_depth': 9, 'model__n_estimators': 200, 'model__subsample': 0.2}",-0.4946866567162864,-0.13292083141968325,-0.25408732152764846,-0.7327508593640562,0.009792138349307589,-0.3209307061356733,0.26418944713520887,506,0.7434697366878236,0.7105683069122334,0.7123237647164173,0.8112952308339496,0.6760299032008599,0.7307373884702567,0.045586052675287425
7.3666833400726315,2.7763785372526777,0.0350914478302002,0.02022378624736258,0.08,absolute_error,9,200,0.4,"{'model__learning_rate': 0.08, 'model__loss': 'absolute_error', 'model__max_depth': 9, 'model__n_estimators': 200, 'model__subsample': 0.4}",-0.3374564929829116,-0.2916653481026734,0.06841515927188169,-0.061287870921721055,-0.04041285356460955,-0.13248148126000678,0.1557298182298438,219,0.8505366186096976,0.8938949732866623,0.8919245784539658,0.9124285741099041,0.9247113336666477,0.8946992156253755,0.02519419684743964
12.647928237915039,1.915303379375053,0.018409061431884765,0.018550030107393197,0.08,absolute_error,9,200,0.6000000000000001,"{'model__learning_rate': 0.08, 'model__loss': 'absolute_error', 'model__max_depth': 9, 'model__n_estimators': 200, 'model__subsample': 0.6000000000000001}",-0.1938485617949588,-0.19594004739345827,0.2022843555943017,-0.05186526987876072,-0.040007721942056484,-0.055875449082986514,0.14530589980051672,51,0.9049645080732389,0.9369283559596296,0.9524440467353564,0.9374517254033505,0.9066261938245852,0.9276829659992322,0.01872716209139199
14.465344858169555,5.661098687832407,0.015867185592651368,0.013265086460728135,0.08,absolute_error,9,200,0.8,"{'model__learning_rate': 0.08, 'model__loss': 'absolute_error', 'model__max_depth': 9, 'model__n_estimators': 200, 'model__subsample': 0.8}",-0.08364852164772762,-0.10630827164550216,-0.012890680196674609,0.03367438888109253,0.008996958732854665,-0.03203522517519144,0.05394131051961347,21,0.9498463165016606,0.9617664310669725,0.9589922932517018,0.9693372303425534,0.9624885091051744,0.9604861560536125,0.0063155023503042905
3.8471627712249754,0.15177614901497904,0.017689895629882813,0.015477751379574295,0.08,absolute_error,9,500,0.2,"{'model__learning_rate': 0.08, 'model__loss': 'absolute_error', 'model__max_depth': 9, 'model__n_estimators': 500, 'model__subsample': 0.2}",-0.6147058873354938,-0.13922197337669862,-0.4812521801315981,-0.7590775062624104,-0.07773268952982382,-0.414398047327205,0.26550407532440357,560,0.891813087043623,0.9109051910868773,0.9199869540788839,0.9313856025939893,0.9082850755014691,0.9124751820609687,0.013122307409364632
14.958373546600342,4.259151292138544,0.026475954055786132,0.02163780950717921,0.08,absolute_error,9,500,0.4,"{'model__learning_rate': 0.08, 'model__loss': 'absolute_error', 'model__max_depth': 9, 'model__n_estimators': 500, 'model__subsample': 0.4}",-0.46176112745920617,-0.31631563853940703,0.06498223545431914,-0.09131352536066673,-0.05113297504860603,-0.17110820619071337,0.1908215202034229,318,0.9654164913576871,0.984283538304479,0.9724971057482106,0.9811055608038817,0.9843686482875321,0.9775342689003581,0.007446194332038589
26.102327251434325,7.510934185579529,0.027065610885620116,0.01996494884414293,0.08,absolute_error,9,500,0.6000000000000001,"{'model__learning_rate': 0.08, 'model__loss': 'absolute_error', 'model__max_depth': 9, 'model__n_estimators': 500, 'model__subsample': 0.6000000000000001}",-0.20046666305606764,-0.1679238997171395,0.21037029407829722,-0.03434806782730537,-0.02046641460479881,-0.04256695022540282,0.14503786909384817,33,0.9660555664495285,0.9899694112968899,0.9847125834459848,0.989989306899761,0.9738495084930695,0.9809152753170467,0.009481255032640997
44.62799324989319,11.306101516609163,0.03600168228149414,0.022171800458097787,0.08,absolute_error,9,500,0.8,"{'model__learning_rate': 0.08, 'model__loss': 'absolute_error', 'model__max_depth': 9, 'model__n_estimators': 500, 'model__subsample': 0.8}",-0.10487118580145083,-0.0677840885280172,0.011901560297157054,0.03571248170850738,0.03314942055846881,-0.018378362353066956,0.057305741118535286,10,0.9900821391165722,0.994845442678352,0.9955246670866728,0.9973234676028851,0.9946933468311308,0.9944938126631225,0.0023956597819315365
13.055845499038696,5.026602615083694,0.025678014755249022,0.019308836704167977,0.08,absolute_error,9,1000,0.2,"{'model__learning_rate': 0.08, 'model__loss': 'absolute_error', 'model__max_depth': 9, 'model__n_estimators': 1000, 'model__subsample': 0.2}",-0.6836444768835865,-0.14633970720041023,-0.4785009252573673,-0.8292011731697575,-0.09809777270451536,-0.44715681104312743,0.28816658599965556,579,0.959773668688208,0.961927086788598,0.9739436367287897,0.9807858040646505,0.9706441812349313,0.9694148755010354,0.007750338519755814
33.657119798660275,9.580518722797839,0.027440214157104494,0.020436263323940294,0.08,absolute_error,9,1000,0.4,"{'model__learning_rate': 0.08, 'model__loss': 'absolute_error', 'model__max_depth': 9, 'model__n_estimators': 1000, 'model__subsample': 0.4}",-0.528388493509117,-0.3032451678632686,0.05536565305035368,-0.0828695238576469,-0.05843872408698525,-0.18351525125333282,0.20789929903075038,339,0.9925499257910346,0.9947554794263473,0.993210636942969,0.9962005932689924,0.9975111588572115,0.994845558857311,0.0018380727276781181
49.235991621017455,12.709687759570626,0.035213565826416014,0.01876208844400243,0.08,absolute_error,9,1000,0.6000000000000001,"{'model__learning_rate': 0.08, 'model__loss': 'absolute_error', 'model__max_depth': 9, 'model__n_estimators': 1000, 'model__subsample': 0.6000000000000001}",-0.27691155161532555,-0.14367153732092186,0.21377308162843334,-0.046212410814669314,-0.01606009708739653,-0.05381650304197598,0.1618226696829009,48,0.9937772360075686,0.998020005822594,0.998645837645821,0.9990165182050991,0.9986934083239896,0.9976306012010145,0.0019535142300525156
76.83206834793091,13.72990550819714,0.028237390518188476,0.016407551794426316,0.08,absolute_error,9,1000,0.8,"{'model__learning_rate': 0.08, 'model__loss': 'absolute_error', 'model__max_depth': 9, 'model__n_estimators': 1000, 'model__subsample': 0.8}",-0.1452702804324233,-0.05661721503341188,0.004876134472700855,0.03506569214756983,0.03605181149393599,-0.0251787714703257,0.06883636149079694,17,0.999784716792556,0.9997776120785855,0.999780259857603,0.9997474161933798,0.9993939031973412,0.9996967816238931,0.00015200919228422862
3.1647013664245605,1.050857723331406,0.025736522674560548,0.02031951910342562,0.08,absolute_error,12,200,0.2,"{'model__learning_rate': 0.08, 'model__loss': 'absolute_error', 'model__max_depth': 12, 'model__n_estimators': 200, 'model__subsample': 0.2}",-0.4946866567162864,-0.13292083141968325,-0.25408732152764846,-0.7327508593640562,0.009792138349307589,-0.3209307061356733,0.26418944713520887,506,0.7434697366878236,0.7105683069122334,0.7123237647164173,0.8112952308339496,0.6760299032008599,0.7307373884702567,0.045586052675287425
7.396049642562867,2.094842743699853,0.015506124496459961,0.014016814663428382,0.08,absolute_error,12,200,0.4,"{'model__learning_rate': 0.08, 'model__loss': 'absolute_error', 'model__max_depth': 12, 'model__n_estimators': 200, 'model__subsample': 0.4}",-0.3374564929829116,-0.2916653481026734,0.06841515927188169,-0.061287870921721055,-0.04041285356460955,-0.13248148126000678,0.1557298182298438,219,0.8505366186096976,0.8938949732866623,0.8919245784539658,0.9124285741099041,0.9247113336666477,0.8946992156253755,0.02519419684743964
9.575501203536987,4.140014175027068,0.01693263053894043,0.01520551647650374,0.08,absolute_error,12,200,0.6000000000000001,"{'model__learning_rate': 0.08, 'model__loss': 'absolute_error', 'model__max_depth': 12, 'model__n_estimators': 200, 'model__subsample': 0.6000000000000001}",-0.21740211230883255,-0.18234398425931264,0.2091910715213372,-0.058004682319343415,-0.03501257506619093,-0.056714456486468466,0.15018767402626879,57,0.9099662849079182,0.939545886835879,0.9269669942406038,0.949947623643656,0.9192983103728725,0.929145020000186,0.014215848308944136
16.03849153518677,3.389440255440665,0.009022188186645509,0.0007767715126165654,0.08,absolute_error,12,200,0.8,"{'model__learning_rate': 0.08, 'model__loss': 'absolute_error', 'model__max_depth': 12, 'model__n_estimators': 200, 'model__subsample': 0.8}",-0.15994802742322656,-0.10622202427765393,0.046729456184973595,0.000321461649068433,0.048611403649886586,-0.03410154604339037,0.08437858340031996,22,0.9523494423725091,0.9725103150161786,0.9502303100743591,0.9571826345587521,0.9559234442921016,0.9576392292627801,0.007838054824499759
6.353664827346802,2.969698178706819,0.01763153076171875,0.015995754296678315,0.08,absolute_error,12,500,0.2,"{'model__learning_rate': 0.08, 'model__loss': 'absolute_error', 'model__max_depth': 12, 'model__n_estimators': 500, 'model__subsample': 0.2}",-0.6147058873354938,-0.13922197337669862,-0.4812521801315981,-0.7590775062624104,-0.07773268952982382,-0.414398047327205,0.26550407532440357,560,0.891813087043623,0.9109051910868773,0.9199869540788839,0.9313856025939893,0.9082850755014691,0.9124751820609687,0.013122307409364632
13.385124397277831,6.795150829475479,0.025060510635375975,0.018137610399944458,0.08,absolute_error,12,500,0.4,"{'model__learning_rate': 0.08, 'model__loss': 'absolute_error', 'model__max_depth': 12, 'model__n_estimators': 500, 'model__subsample': 0.4}",-0.46176112745920617,-0.31631563853940703,0.06498223545431914,-0.09131352536066673,-0.05113297504860603,-0.17110820619071337,0.1908215202034229,318,0.9654164913576871,0.984283538304479,0.9724971057482106,0.9811055608038817,0.9843686482875321,0.9775342689003581,0.007446194332038589
32.26890830993652,3.8135539408672727,0.030903148651123046,0.016433711854555444,0.08,absolute_error,12,500,0.6000000000000001,"{'model__learning_rate': 0.08, 'model__loss': 'absolute_error', 'model__max_depth': 12, 'model__n_estimators': 500, 'model__subsample': 0.6000000000000001}",-0.24129184803616122,-0.16788988024503193,0.21599971157957165,-0.0548676939788062,-0.049312350255535486,-0.05947241218719264,0.15544901150751333,61,0.9758586937499563,0.9883770627663269,0.9843950559276983,0.9896757537808992,0.9943591897199151,0.9865331511889591,0.006213506787754185
33.660001039505005,6.302752415855263,0.01833343505859375,0.015163634173535109,0.08,absolute_error,12,500,0.8,"{'model__learning_rate': 0.08, 'model__loss': 'absolute_error', 'model__max_depth': 12, 'model__n_estimators': 500, 'model__subsample': 0.8}",-0.22784181307640283,-0.08791144503580983,0.01795697513291561,-0.004586359567139597,0.06404548814681865,-0.0476674308799236,0.1026885644292808,42,0.9938269048062098,0.9971509721131252,0.9889594347869601,0.9932822568398525,0.9918112646124998,0.9930061666317295,0.0026733155029553934
13.802330923080444,3.9862824943879307,0.03157739639282227,0.01740354999964588,0.08,absolute_error,12,1000,0.2,"{'model__learning_rate': 0.08, 'model__loss': 'absolute_error', 'model__max_depth': 12, 'model__n_estimators': 1000, 'model__subsample': 0.2}",-0.6836444768835865,-0.14633970720041023,-0.4785009252573673,-0.8292011731697575,-0.09809777270451536,-0.44715681104312743,0.28816658599965556,579,0.959773668688208,0.961927086788598,0.9739436367287897,0.9807858040646505,0.9706441812349313,0.9694148755010354,0.007750338519755814
30.927454948425293,4.229263536047723,0.023720264434814453,0.015429073100306844,0.08,absolute_error,12,1000,0.4,"{'model__learning_rate': 0.08, 'model__loss': 'absolute_error', 'model__max_depth': 12, 'model__n_estimators': 1000, 'model__subsample': 0.4}",-0.528388493509117,-0.3032451678632686,0.05536565305035368,-0.0828695238576469,-0.05843872408698525,-0.18351525125333282,0.20789929903075038,339,0.9925499257910346,0.9947554794263473,0.993210636942969,0.9962005932689924,0.9975111588572115,0.994845558857311,0.0018380727276781181
39.924548387527466,10.41635812072994,0.012385272979736328,0.0016879103898893215,0.08,absolute_error,12,1000,0.6000000000000001,"{'model__learning_rate': 0.08, 'model__loss': 'absolute_error', 'model__max_depth': 12, 'model__n_estimators': 1000, 'model__subsample': 0.6000000000000001}",-0.26592844264508697,-0.1642899953806387,0.20753657679422433,-0.04716861826478991,-0.03132597055238495,-0.060235290009735244,0.15864760575851775,64,0.9979789401880101,0.996665891615601,0.9974443687306379,0.998869826036514,0.9997150681629638,0.9981348189467454,0.001067350945087857
66.85648236274719,6.69676568726683,0.01948719024658203,0.012556440241669133,0.08,absolute_error,12,1000,0.8,"{'model__learning_rate': 0.08, 'model__loss': 'absolute_error', 'model__max_depth': 12, 'model__n_estimators': 1000, 'model__subsample': 0.8}",-0.24914133564921914,-0.08545273511519658,0.025208797400894767,0.002494447478345596,0.06318346718991863,-0.04874147173905134,0.11147087152441415,43,0.9996773258158348,0.9999492590333954,0.9996422917489362,0.9998262645429733,0.999654873951592,0.9997500030185463,0.00011954247139494404
3.7169827461242675,1.541330428625802,0.02560710906982422,0.019225600227665698,0.1,squared_error,6,200,0.2,"{'model__learning_rate': 0.1, 'model__loss': 'squared_error', 'model__max_depth': 6, 'model__n_estimators': 200, 'model__subsample': 0.2}",-1.724520550650766,-0.35502788160042575,-0.32770783908289824,-0.8053613753431093,-0.3594065602190821,-0.7144048413792562,0.5354095605458209,618,0.992157663680838,0.9901509930617045,0.9898874382726853,0.9890831542698645,0.991461183612452,0.9905480865795088,0.0011103738789906478
6.76695556640625,2.433669944552704,0.023582315444946288,0.016741749459132996,0.1,squared_error,6,200,0.4,"{'model__learning_rate': 0.1, 'model__loss': 'squared_error', 'model__max_depth': 6, 'model__n_estimators': 200, 'model__subsample': 0.4}",-0.31094584231111533,-0.035167363654895256,-0.4364346926983369,-0.09944888966540444,0.06594702000429287,-0.1632099536650918,0.1840928828249575,300,0.9999904576152098,0.9999938109027908,0.9999939180118291,0.9999910494192582,0.9999828196377872,0.999990411117375,4.047147223916265e-06
10.972958421707153,2.7711228803043517,0.027179527282714843,0.02251666575143637,0.1,squared_error,6,200,0.6000000000000001,"{'model__learning_rate': 0.1, 'model__loss': 'squared_error', 'model__max_depth': 6, 'model__n_estimators': 200, 'model__subsample': 0.6000000000000001}",-0.4534626186227888,0.022141399160314212,-0.23704214003194024,-0.06630178407322496,-0.09377029611467358,-0.16568708793646267,0.16627405309087503,309,0.9999999892454615,0.99999999241003,0.9999999932941077,0.9999999899899586,0.9999999780335302,0.9999999885946176,5.487252860490249e-09
12.06769437789917,4.310305970538707,0.0290557861328125,0.015618797147351761,0.1,squared_error,6,200,0.8,"{'model__learning_rate': 0.1, 'model__loss': 'squared_error', 'model__max_depth': 6, 'model__n_estimators': 200, 'model__subsample': 0.8}",-0.41594604096672216,-0.0927349542931073,-0.05692756869828641,-0.14632496934989825,0.0758979084779432,-0.1272071249660142,0.16193508253464542,210,0.9999999999813896,0.9999999999754708,0.9999999999762935,0.9999999999737544,0.9999999999602119,0.9999999999734241,7.0787218298304934e-12
8.377684831619263,2.4897550866162885,0.017235279083251953,0.01276873323343242,0.1,squared_error,6,500,0.2,"{'model__learning_rate': 0.1, 'model__loss': 'squared_error', 'model__max_depth': 6, 'model__n_estimators': 500, 'model__subsample': 0.2}",-1.7776657352419503,-0.36944325202096073,-0.3578936235018437,-0.8382599150986889,-0.3672323470027743,-0.7420989745732436,0.5493007318570649,623,0.9999917367750426,0.999987869644906,0.9999871110302924,0.9999843528303203,0.9999854091577739,0.999987295887667,2.541896399806804e-06
18.48990330696106,5.043887239767586,0.024375009536743163,0.017150595668101253,0.1,squared_error,6,500,0.4,"{'model__learning_rate': 0.1, 'model__loss': 'squared_error', 'model__max_depth': 6, 'model__n_estimators': 500, 'model__subsample': 0.4}",-0.3112549014901167,-0.035079382057600306,-0.4365882064340385,-0.09933180848755696,0.06545285271464996,-0.1633602891509325,0.1840855249567271,301,0.9999999999919963,0.9999999999969054,0.9999999999987172,0.9999999999992427,0.9999999999969886,0.99999999999677,2.5597079350483346e-12
21.828382158279418,5.378146017399669,0.0184328556060791,0.012648985452817878,0.1,squared_error,6,500,0.6000000000000001,"{'model__learning_rate': 0.1, 'model__loss': 'squared_error', 'model__max_depth': 6, 'model__n_estimators': 500, 'model__subsample': 0.6000000000000001}",-0.4534778338359817,0.022153861396221886,-0.2370413452146929,-0.06631915272750821,-0.09376738877973922,-0.16569037183234003,0.16628024255689447,311,0.9999999999999992,0.999999999999999,0.9999999999999992,0.9999999999999992,0.9999999999999989,0.9999999999999991,1.4043333874306804e-16
17.089894819259644,5.954081197751557,0.01751117706298828,0.014705871722724742,0.1,squared_error,6,500,0.8,"{'model__learning_rate': 0.1, 'model__loss': 'squared_error', 'model__max_depth': 6, 'model__n_estimators': 500, 'model__subsample': 0.8}",-0.41594755693387975,-0.09273488768535398,-0.05692757148481298,-0.1463237665833732,0.07589704095768346,-0.1272073483459473,0.16193537972640737,211,0.9999999999999992,0.999999999999999,0.9999999999999992,0.9999999999999992,0.9999999999999989,0.9999999999999991,1.4043333874306804e-16
16.189771270751955,4.135926780901441,0.012682628631591798,0.0011638418546054874,0.1,squared_error,6,1000,0.2,"{'model__learning_rate': 0.1, 'model__loss': 'squared_error', 'model__max_depth': 6, 'model__n_estimators': 1000, 'model__subsample': 0.2}",-1.778082576757423,-0.37000884046176763,-0.3585550702080049,-0.8363713327412399,-0.3675700767163985,-0.7421175793769667,0.5491772372535227,624,0.9999999999078292,0.9999999996695775,0.9999999997080101,0.9999999997114768,0.9999999996713919,0.9999999997336572,8.88468296167046e-11
23.04271535873413,6.296251721522508,0.03181371688842773,0.01748206017529381,0.1,squared_error,6,1000,0.4,"{'model__learning_rate': 0.1, 'model__loss': 'squared_error', 'model__max_depth': 6, 'model__n_estimators': 1000, 'model__subsample': 0.4}",-0.31125542979508647,-0.035079284525211474,-0.4365886673020649,-0.09933187303549995,0.06545309826302981,-0.1633604312789666,0.18408581679805675,302,0.9999999999999992,0.9999999999999992,0.9999999999999992,0.9999999999999992,0.9999999999999991,0.9999999999999993,1.4043333874306804e-16
20.71407060623169,6.033827896361487,0.023564529418945313,0.015337831212092368,0.1,squared_error,6,1000,0.6000000000000001,"{'model__learning_rate': 0.1, 'model__loss': 'squared_error', 'model__max_depth': 6, 'model__n_estimators': 1000, 'model__subsample': 0.6000000000000001}",-0.45347783457233604,0.02215386144639131,-0.2370413447243236,-0.06631915087482287,-0.09376738859601264,-0.16569037146422078,0.16628024301836483,310,0.9999999999999992,0.9999999999999991,0.9999999999999992,0.9999999999999992,0.999999999999999,0.9999999999999991,9.930136612989092e-17
20.066896533966066,2.9186533599690745,0.026261234283447267,0.020593210706389888,0.1,squared_error,6,1000,0.8,"{'model__learning_rate': 0.1, 'model__loss': 'squared_error', 'model__max_depth': 6, 'model__n_estimators': 1000, 'model__subsample': 0.8}",-0.4159475565399775,-0.09273488851052925,-0.05692757168765272,-0.14632376660412283,0.07589704104771888,-0.12720734845891268,0.16193537955627343,212,0.9999999999999991,0.999999999999999,0.9999999999999992,0.9999999999999992,0.9999999999999989,0.9999999999999991,1.3136335981433191e-16
2.549946594238281,1.3186700471761394,0.010029363632202148,0.0017228510802454987,0.1,squared_error,9,200,0.2,"{'model__learning_rate': 0.1, 'model__loss': 'squared_error', 'model__max_depth': 9, 'model__n_estimators': 200, 'model__subsample': 0.2}",-0.9480218824399933,-0.07390041331919517,-0.2892774362500887,-0.5792158247385415,-0.29899338112754426,-0.43788178757507257,0.3013549103410015,570,0.9930105689475911,0.9910814945072912,0.9885647284296846,0.9929958240177076,0.9858986772501138,0.9903102586304776,0.0027425414488366356
5.423074245452881,1.1797921431129246,0.016689062118530273,0.013164301703145413,0.1,squared_error,9,200,0.4,"{'model__learning_rate': 0.1, 'model__loss': 'squared_error', 'model__max_depth': 9, 'model__n_estimators': 200, 'model__subsample': 0.4}",-0.35483992697551625,-0.17061460621198066,-0.5315293267689238,-0.27839596866422545,-0.030113367837784955,-0.2730986392916862,0.16913955138905729,476,0.9999936698165569,0.9999926609456724,0.9999968118412086,0.9999956536532084,0.9999880704463348,0.9999933733405962,3.0245397713249112e-06
15.179927444458007,3.5205215014186866,0.024275922775268556,0.019141873878391086,0.1,squared_error,9,200,0.6000000000000001,"{'model__learning_rate': 0.1, 'model__loss': 'squared_error', 'model__max_depth': 9, 'model__n_estimators': 200, 'model__subsample': 0.6000000000000001}",-0.4426588728682015,-0.1426896008886951,-0.38120037121416606,-0.07066304721484307,-0.012696670783630903,-0.20998171259390733,0.1710636118617067,387,0.9999999989571019,0.9999999988349992,0.9999999988567385,0.9999999985261568,0.9999999948133983,0.999999997997679,1.5986565082544155e-09
18.534380149841308,1.6237357086612954,0.016239166259765625,0.012956541590406555,0.1,squared_error,9,200,0.8,"{'model__learning_rate': 0.1, 'model__loss': 'squared_error', 'model__max_depth': 9, 'model__n_estimators': 200, 'model__subsample': 0.8}",-0.6164160160884087,-0.09925778189087286,-0.10474307008365247,0.08945664774513662,0.06837310873935198,-0.13251742231568908,0.25521166142057755,223,0.9999999999998084,0.9999999999999082,0.9999999999997796,0.9999999999993427,0.9999999999990956,0.999999999999587,3.1317416202064353e-13
10.386224174499512,2.7320450369806855,0.035898780822753905,0.021754459317041893,0.1,squared_error,9,500,0.2,"{'model__learning_rate': 0.1, 'model__loss': 'squared_error', 'model__max_depth': 9, 'model__n_estimators': 500, 'model__subsample': 0.2}",-1.027209716162444,-0.07648745287884062,-0.2726341825842249,-0.6037771218581058,-0.33472275311401267,-0.4629662453195256,0.32870562567287365,593,0.9999877850626528,0.9999789121884968,0.9999797210080985,0.9999902924923162,0.9999821188559107,0.9999837659214951,4.5029433878934305e-06
22.067343759536744,2.994419449771666,0.028304004669189455,0.019705878901400367,0.1,squared_error,9,500,0.4,"{'model__learning_rate': 0.1, 'model__loss': 'squared_error', 'model__max_depth': 9, 'model__n_estimators': 500, 'model__subsample': 0.4}",-0.35433092153321444,-0.17104415583768628,-0.531544328952593,-0.2777534947268214,-0.029803150376655596,-0.27289521028539415,0.16912843135573308,474,0.9999999999997711,0.9999999999990862,0.999999999999872,0.9999999999998747,0.9999999999993213,0.999999999999585,3.222545675165029e-13
22.682841491699218,7.792447876820282,0.04152364730834961,0.02458845707029715,0.1,squared_error,9,500,0.6000000000000001,"{'model__learning_rate': 0.1, 'model__loss': 'squared_error', 'model__max_depth': 9, 'model__n_estimators': 500, 'model__subsample': 0.6000000000000001}",-0.44266125274123813,-0.14268593009959019,-0.38120557104714403,-0.07065759877325206,-0.012715466989393631,-0.20998516393012362,0.1710621411859225,388,0.9999999999999992,0.9999999999999991,0.9999999999999992,0.9999999999999992,0.999999999999999,0.9999999999999991,9.930136612989092e-17
24.025627422332764,10.620070042226331,0.02145214080810547,0.0210030755978508,0.1,squared_error,9,500,0.8,"{'model__learning_rate': 0.1, 'model__loss': 'squared_error', 'model__max_depth': 9, 'model__n_estimators': 500, 'model__subsample': 0.8}",-0.6164159344441367,-0.0992577639752823,-0.10474311532813152,0.0894566147642335,0.06837315816955258,-0.13251740816275287,0.25521163198684355,221,0.9999999999999991,0.999999999999999,0.9999999999999991,0.9999999999999991,0.9999999999999989,0.9999999999999991,1.1102230246251565e-16
19.914261674880983,8.051212391146235,0.03756399154663086,0.025393229189316847,0.1,squared_error,9,1000,0.2,"{'model__learning_rate': 0.1, 'model__loss': 'squared_error', 'model__max_depth': 9, 'model__n_estimators': 1000, 'model__subsample': 0.2}",-1.0261004486287648,-0.07600512590902953,-0.2739552851164795,-0.603155713989159,-0.33554223449396003,-0.4629517616274786,0.3281689036337522,592,0.9999999994576357,0.9999999991296189,0.9999999996089576,0.9999999997427267,0.9999999997735347,0.9999999995424946,2.347582241163883e-10
35.82303428649902,5.134564004586436,0.020853614807128905,0.013875551670457984,0.1,squared_error,9,1000,0.4,"{'model__learning_rate': 0.1, 'model__loss': 'squared_error', 'model__max_depth': 9, 'model__n_estimators': 1000, 'model__subsample': 0.4}",-0.3543308645286176,-0.1710446928978071,-0.5315443618881046,-0.27775348517149334,-0.029803012845817767,-0.2728952834663681,0.16912841073562243,475,0.9999999999999992,0.9999999999999991,0.9999999999999993,0.9999999999999993,0.9999999999999991,0.9999999999999991,1.4895204919483638e-16
33.46037998199463,8.028198084040456,0.018724727630615234,0.013600620709668011,0.1,squared_error,9,1000,0.6000000000000001,"{'model__learning_rate': 0.1, 'model__loss': 'squared_error', 'model__max_depth': 9, 'model__n_estimators': 1000, 'model__subsample': 0.6000000000000001}",-0.4426612527914233,-0.1426859318065672,-0.38120557219953843,-0.07065759726888832,-0.012715466501365347,-0.20998516411355653,0.17106214165357084,389,0.9999999999999992,0.9999999999999991,0.9999999999999992,0.9999999999999992,0.999999999999999,0.9999999999999991,9.930136612989092e-17
26.362102508544922,5.839256844794912,0.01148533821105957,0.001229893881546822,0.1,squared_error,9,1000,0.8,"{'model__learning_rate': 0.1, 'model__loss': 'squared_error', 'model__max_depth': 9, 'model__n_estimators': 1000, 'model__subsample': 0.8}",-0.6164159350179401,-0.09925776349407722,-0.10474311551596127,0.08945661489687518,0.06837315824594259,-0.13251740817703217,0.25521163224799115,222,0.9999999999999991,0.999999999999999,0.9999999999999992,0.9999999999999992,0.9999999999999989,0.9999999999999991,1.3136335981433191e-16
4.1178747653961185,1.0315670359839297,0.025610589981079103,0.020173901005001497,0.1,squared_error,12,200,0.2,"{'model__learning_rate': 0.1, 'model__loss': 'squared_error', 'model__max_depth': 12, 'model__n_estimators': 200, 'model__subsample': 0.2}",-1.0385287172935405,-0.12051039335689362,-0.0997024291643589,-1.0368460747404082,-0.19103406237648546,-0.49732433538633736,0.44224236540318435,597,0.9915710714281917,0.9890498938517522,0.9902066930962614,0.9912997587298215,0.9900745020228717,0.9904403838257798,0.0009098266756451789
8.779899072647094,3.980668091936079,0.025556087493896484,0.018302585986570318,0.1,squared_error,12,200,0.4,"{'model__learning_rate': 0.1, 'model__loss': 'squared_error', 'model__max_depth': 12, 'model__n_estimators': 200, 'model__subsample': 0.4}",-0.4282333819795394,-0.16945517985845915,-0.28695479331497387,-0.07672566744674403,-0.07691792199086045,-0.2076573889181154,0.13463816675521806,379,0.9999950068565951,0.9999968176687355,0.9999963656841189,0.9999961652115312,0.9999903612413211,0.9999949433324604,2.3676487788751393e-06
16.830843925476074,4.716080979798243,0.023612260818481445,0.017248642831831248,0.1,squared_error,12,200,0.6000000000000001,"{'model__learning_rate': 0.1, 'model__loss': 'squared_error', 'model__max_depth': 12, 'model__n_estimators': 200, 'model__subsample': 0.6000000000000001}",-0.45427678639785674,0.034944737956746796,-0.14067700835687713,-0.20898230331741963,-0.14406103343350485,-0.1826104787097823,0.15815992149199787,336,0.999999999407495,0.9999999991482986,0.9999999989751435,0.999999998791101,0.9999999968655987,0.9999999986375274,9.089596295701882e-10
23.53665771484375,5.739840279346607,0.009420013427734375,0.000789100445489349,0.1,squared_error,12,200,0.8,"{'model__learning_rate': 0.1, 'model__loss': 'squared_error', 'model__max_depth': 12, 'model__n_estimators': 200, 'model__subsample': 0.8}",-0.4454555470349142,-0.036745688117357345,-0.16532364676636369,-0.05393902336080503,0.11001962353229167,-0.11828885634942972,0.1855614541226419,195,0.9999999999999413,0.9999999999999399,0.9999999999999328,0.999999999999877,0.999999999999673,0.9999999999998728,1.0268500709462654e-13
8.395917987823486,3.3080838341447687,0.018437576293945313,0.0143455863916216,0.1,squared_error,12,500,0.2,"{'model__learning_rate': 0.1, 'model__loss': 'squared_error', 'model__max_depth': 12, 'model__n_estimators': 500, 'model__subsample': 0.2}",-1.0777855277720225,-0.09646468002678854,-0.10262745914909055,-1.1080126310540912,-0.20551001883376974,-0.5180800633671525,0.47103101211338266,602,0.9999889851925573,0.999978874280662,0.9999739308636867,0.999988168176358,0.9999861256028091,0.9999832168232146,5.853848336424429e-06
27.84022989273071,5.513422609584577,0.03726778030395508,0.021749901272039775,0.1,squared_error,12,500,0.4,"{'model__learning_rate': 0.1, 'model__loss': 'squared_error', 'model__max_depth': 12, 'model__n_estimators': 500, 'model__subsample': 0.4}",-0.4281155861204866,-0.16980206942773135,-0.2874814704465949,-0.07759706727625426,-0.0774927033538042,-0.20809777932497425,0.13436092351155682,381,0.9999999999992495,0.9999999999992389,0.9999999999998843,0.9999999999996888,0.9999999999996294,0.9999999999995381,2.544425879466012e-13
24.163766288757323,6.237684249528615,0.018174457550048827,0.013102653766653503,0.1,squared_error,12,500,0.6000000000000001,"{'model__learning_rate': 0.1, 'model__loss': 'squared_error', 'model__max_depth': 12, 'model__n_estimators': 500, 'model__subsample': 0.6000000000000001}",-0.4542749220173068,0.034937596747711575,-0.1406784902036433,-0.20898383289294276,-0.14406865997562024,-0.1826136616683603,0.15815691708204033,337,0.9999999999999992,0.9999999999999991,0.9999999999999991,0.9999999999999992,0.9999999999999989,0.9999999999999991,1.2161883888976234e-16
31.55707492828369,7.919220732558368,0.025415754318237303,0.020037666552007824,0.1,squared_error,12,500,0.8,"{'model__learning_rate': 0.1, 'model__loss': 'squared_error', 'model__max_depth': 12, 'model__n_estimators': 500, 'model__subsample': 0.8}",-0.4454555796531947,-0.03674570801293631,-0.16532362315596982,-0.05393898085808413,0.11001963042444107,-0.11828885225114878,0.18556146732294485,194,0.9999999999999991,0.999999999999999,0.9999999999999992,0.9999999999999991,0.9999999999999989,0.9999999999999991,1.2161883888976234e-16
18.66128840446472,8.031403054703913,0.03169026374816895,0.02291126106924275,0.1,squared_error,12,1000,0.2,"{'model__learning_rate': 0.1, 'model__loss': 'squared_error', 'model__max_depth': 12, 'model__n_estimators': 1000, 'model__subsample': 0.2}",-1.0781558355897554,-0.09735570642186642,-0.10306591100595575,-1.1086734374815226,-0.2052476271294359,-0.5184997035257072,0.4710826653653815,603,0.9999999997386877,0.9999999996083778,0.9999999994662095,0.9999999999007821,0.9999999995738011,0.9999999996575717,1.4952467551264876e-10
22.280157375335694,5.661532744268695,0.03558058738708496,0.017649655884845874,0.1,squared_error,12,1000,0.4,"{'model__learning_rate': 0.1, 'model__loss': 'squared_error', 'model__max_depth': 12, 'model__n_estimators': 1000, 'model__subsample': 0.4}",-0.42811544935827417,-0.16980212721440546,-0.28748153499705276,-0.07759727805053052,-0.07749246044919489,-0.20809777001389157,0.1343608893343481,380,0.9999999999999992,0.9999999999999992,0.9999999999999992,0.9999999999999992,0.999999999999999,0.9999999999999991,1.1102230246251565e-16
23.484057998657228,6.057089838270814,0.019008684158325195,0.015261431911745484,0.1,squared_error,12,1000,0.6000000000000001,"{'model__learning_rate': 0.1, 'model__loss': 'squared_error', 'model__max_depth': 12, 'model__n_estimators': 1000, 'model__subsample': 0.6000000000000001}",-0.4542749217218871,0.03493759659535678,-0.14067848853630216,-0.20898383388814823,-0.14406866110088767,-0.1826136617303737,0.1581569170053968,338,0.9999999999999992,0.9999999999999991,0.9999999999999992,0.9999999999999992,0.999999999999999,0.9999999999999991,9.930136612989092e-17
30.891657257080077,6.944233242411249,0.013513946533203125,0.0021038048481356463,0.1,squared_error,12,1000,0.8,"{'model__learning_rate': 0.1, 'model__loss': 'squared_error', 'model__max_depth': 12, 'model__n_estimators': 1000, 'model__subsample': 0.8}",-0.4454555797583428,-0.036745708307189595,-0.16532362316049598,-0.05393898081147608,0.11001963107237878,-0.11828885219302514,0.18556146749706331,193,0.9999999999999991,0.999999999999999,0.9999999999999992,0.9999999999999992,0.9999999999999989,0.9999999999999991,1.3136335981433191e-16
2.0976460456848143,1.0447089970806889,0.018167972564697266,0.016718755009546386,0.1,absolute_error,6,200,0.2,"{'model__learning_rate': 0.1, 'model__loss': 'absolute_error', 'model__max_depth': 6, 'model__n_estimators': 200, 'model__subsample': 0.2}",-0.32152847778466587,-0.48016487465859825,0.0035568619240845534,-0.30633401238487123,-0.03119461972772508,-0.2271330245263552,0.18483403227787962,416,0.7980749535606477,0.8204682033480941,0.7671713962184069,0.870494167438455,0.7944914203248634,0.8101400281780935,0.03460069829918764
6.414648914337159,2.814341681032976,0.0179473876953125,0.01579292642546183,0.1,absolute_error,6,200,0.4,"{'model__learning_rate': 0.1, 'model__loss': 'absolute_error', 'model__max_depth': 6, 'model__n_estimators': 200, 'model__subsample': 0.4}",-0.29989165088224046,-0.3778222086622385,-0.16240811718216586,-0.18452646363488756,-0.021002866365023465,-0.20913026134531115,0.12237223972723352,383,0.9073849251001773,0.9094005067074524,0.9237611391100655,0.924469395796122,0.8849593825707467,0.9099950698569128,0.014373327888541119
9.618798303604127,3.2711754365906227,0.01700701713562012,0.013715962163188777,0.1,absolute_error,6,200,0.6000000000000001,"{'model__learning_rate': 0.1, 'model__loss': 'absolute_error', 'model__max_depth': 6, 'model__n_estimators': 200, 'model__subsample': 0.6000000000000001}",-0.24951535174947548,-0.321831939822673,0.03615194275250555,-0.1230526122916129,-0.023930472891592336,-0.13643568680056964,0.13400134400397568,226,0.9272355789435884,0.9675740927186074,0.9528414480431999,0.961961308263389,0.9629340626604355,0.9545092981258441,0.014448774704003063
13.435635185241699,4.5303807176894315,0.02421250343322754,0.018852884225615985,0.1,absolute_error,6,200,0.8,"{'model__learning_rate': 0.1, 'model__loss': 'absolute_error', 'model__max_depth': 6, 'model__n_estimators': 200, 'model__subsample': 0.8}",-0.28754475879362396,-0.1804515459199143,0.023870799011964206,-0.01573930820678693,0.029371607999158722,-0.08609864118184045,0.1263804580562421,134,0.959953535315599,0.9592816326862567,0.9657581198959335,0.9644870599494684,0.9734728641408198,0.9645906423976154,0.005098155398445286
8.050329494476319,2.039733445926815,0.015930318832397462,0.01317656558902354,0.1,absolute_error,6,500,0.2,"{'model__learning_rate': 0.1, 'model__loss': 'absolute_error', 'model__max_depth': 6, 'model__n_estimators': 500, 'model__subsample': 0.2}",-0.30626875041034607,-0.4219770118565853,0.0006962542163062579,-0.33483749648742966,-0.06050498059079512,-0.22457839702576998,0.16459972688932473,411,0.9118867668048973,0.9402051410104911,0.9104006604829177,0.9775860766392355,0.918918374395136,0.9317994038665356,0.025248429946898066
16.446009588241576,4.332034061699207,0.025372934341430665,0.015850096753330312,0.1,absolute_error,6,500,0.4,"{'model__learning_rate': 0.1, 'model__loss': 'absolute_error', 'model__max_depth': 6, 'model__n_estimators': 500, 'model__subsample': 0.4}",-0.305289402850321,-0.34629905450922416,-0.09787360581975868,-0.20703716519387827,0.00046345177582540753,-0.19120715531947136,0.1286604979743925,351,0.9779689582876557,0.9793221951105244,0.9784903460758344,0.9821235097989413,0.9766008767255943,0.9789011771997099,0.0018379270956623182
25.572771644592287,4.217732567377392,0.01846613883972168,0.016501368774175053,0.1,absolute_error,6,500,0.6000000000000001,"{'model__learning_rate': 0.1, 'model__loss': 'absolute_error', 'model__max_depth': 6, 'model__n_estimators': 500, 'model__subsample': 0.6000000000000001}",-0.30854370261524733,-0.3127796122447102,0.022829349376655927,-0.1268644430544692,-0.01583941016573087,-0.14823956374070033,0.14143699232392634,274,0.9826120258911663,0.9958434334989417,0.9936606002650056,0.9899744220992612,0.9973142924108716,0.9918809548330494,0.0052523793288450325
37.35062699317932,5.789613930071705,0.03329286575317383,0.019275170518549562,0.1,absolute_error,6,500,0.8,"{'model__learning_rate': 0.1, 'model__loss': 'absolute_error', 'model__max_depth': 6, 'model__n_estimators': 500, 'model__subsample': 0.8}",-0.32666668212837946,-0.1551179928526869,0.032520967466606265,-0.01713313813464379,0.04586244048265398,-0.08410688103328998,0.14061109268332977,133,0.9913511043479231,0.9931598779057988,0.9962780555921205,0.9950449444877758,0.9976853757890098,0.9947038716245256,0.0022409247180233314
14.016713571548461,3.8959318470916564,0.019843101501464844,0.017737002750932252,0.1,absolute_error,6,1000,0.2,"{'model__learning_rate': 0.1, 'model__loss': 'absolute_error', 'model__max_depth': 6, 'model__n_estimators': 1000, 'model__subsample': 0.2}",-0.29724101807767167,-0.4997482202119332,0.09545248138143658,-0.35178338252853103,0.003941937441796495,-0.2098756403989806,0.22393742320760857,384,0.9734714334815917,0.9868390284234233,0.967251629495863,0.9919940214632729,0.9790254682342373,0.9797163162196776,0.008903025571795979
37.03837833404541,5.73901809077465,0.017831754684448243,0.013414485662481372,0.1,absolute_error,6,1000,0.4,"{'model__learning_rate': 0.1, 'model__loss': 'absolute_error', 'model__max_depth': 6, 'model__n_estimators': 1000, 'model__subsample': 0.4}",-0.33859645092904755,-0.3480633399553663,-0.14993304245896177,-0.21628447190784827,-0.012411290529755314,-0.21305771915619584,0.12509245931270305,392,0.9970619852209811,0.9969128005212506,0.9970041797467523,0.9970413714707286,0.9964717094278916,0.9968984092775208,0.00021939122119938237
52.892173767089844,7.99175485429155,0.040969324111938474,0.01327808870724168,0.1,absolute_error,6,1000,0.6000000000000001,"{'model__learning_rate': 0.1, 'model__loss': 'absolute_error', 'model__max_depth': 6, 'model__n_estimators': 1000, 'model__subsample': 0.6000000000000001}",-0.3134278447683314,-0.30821836087472154,0.009951096149056093,-0.1230766078356067,-0.016578645106865686,-0.15027007248729385,0.1384570876583828,278,0.9992727859455107,0.9994494329250553,0.9996563653605174,0.9984569521668442,0.9999070294610917,0.9993485131718038,0.000493459998471743
72.81385221481324,9.528657216512785,0.02489480972290039,0.01628424344108299,0.1,absolute_error,6,1000,0.8,"{'model__learning_rate': 0.1, 'model__loss': 'absolute_error', 'model__max_depth': 6, 'model__n_estimators': 1000, 'model__subsample': 0.8}",-0.33649345073691683,-0.13969372274174874,0.02466484274847025,-0.00845143080114652,0.04922770089967554,-0.08214921212633326,0.14290056751718042,126,0.9999619457790635,0.9996206136372017,0.9996876304225736,0.9998479396887767,0.999897379734181,0.9998031018523592,0.00012865904040864796
2.025769758224487,0.7116188766941096,0.01584634780883789,0.012726219039478386,0.1,absolute_error,9,200,0.2,"{'model__learning_rate': 0.1, 'model__loss': 'absolute_error', 'model__max_depth': 9, 'model__n_estimators': 200, 'model__subsample': 0.2}",-0.32152847778466587,-0.48016487465859825,0.0035568619240845534,-0.30633401238487123,-0.03119461972772508,-0.2271330245263552,0.18483403227787962,416,0.7980749535606477,0.8204682033480941,0.7671713962184069,0.870494167438455,0.7944914203248634,0.8101400281780935,0.03460069829918764
4.557710075378418,1.8344621496271079,0.02257509231567383,0.014638777182799902,0.1,absolute_error,9,200,0.4,"{'model__learning_rate': 0.1, 'model__loss': 'absolute_error', 'model__max_depth': 9, 'model__n_estimators': 200, 'model__subsample': 0.4}",-0.2775818754167849,-0.3783473732464051,-0.16240811718216586,-0.2583154492628992,-0.014564880638386679,-0.21824353914932834,0.12277021145440128,397,0.9198339944603551,0.9027939840335535,0.9237611391100655,0.9373926629729844,0.8792395500408651,0.9126042661235647,0.020003276326590963
8.538917970657348,3.8337238476471067,0.015639543533325195,0.01364427978493571,0.1,absolute_error,9,200,0.6000000000000001,"{'model__learning_rate': 0.1, 'model__loss': 'absolute_error', 'model__max_depth': 9, 'model__n_estimators': 200, 'model__subsample': 0.6000000000000001}",-0.23971255042775952,-0.2479014165644342,0.011609728298655808,-0.1573039953972395,0.008439075812942898,-0.1249738316555669,0.11469566420187327,206,0.9229180620054687,0.9580254873646558,0.9441194648520532,0.948550305041636,0.9416175981133718,0.943046183475437,0.011515285165213749
12.24012212753296,3.8163732544966256,0.00901017189025879,0.00031849001478704566,0.1,absolute_error,9,200,0.8,"{'model__learning_rate': 0.1, 'model__loss': 'absolute_error', 'model__max_depth': 9, 'model__n_estimators': 200, 'model__subsample': 0.8}",-0.12133310601098724,-0.2503319089473137,-0.13971763880486643,-0.32099434031882,0.08714943968226863,-0.14904551087994375,0.13890167431029576,276,0.9779439855631614,0.9858661441464153,0.9563384421773979,0.9599487133814388,0.9743926642047395,0.9708979898946305,0.011115498469188117
4.5562300205230715,1.6875264428895855,0.009427118301391601,0.0005473230374101896,0.1,absolute_error,9,500,0.2,"{'model__learning_rate': 0.1, 'model__loss': 'absolute_error', 'model__max_depth': 9, 'model__n_estimators': 500, 'model__subsample': 0.2}",-0.30626875041034607,-0.4219770118565853,0.0006962542163062579,-0.33483749648742966,-0.06050498059079512,-0.22457839702576998,0.16459972688932473,411,0.9118867668048973,0.9402051410104911,0.9104006604829177,0.9775860766392355,0.918918374395136,0.9317994038665356,0.025248429946898066
13.677969884872436,5.547734579863569,0.016228914260864258,0.013634506344392994,0.1,absolute_error,9,500,0.4,"{'model__learning_rate': 0.1, 'model__loss': 'absolute_error', 'model__max_depth': 9, 'model__n_estimators': 500, 'model__subsample': 0.4}",-0.31577181619005357,-0.31361860519298634,-0.1509393817887632,-0.30597776539381294,-0.094899941446692,-0.2362415020024616,0.0942648628684248,433,0.9861866845026737,0.9833190851302082,0.985792687459886,0.9869528786546289,0.9729472935834801,0.9830397258661753,0.005190956403616763
23.629308795928956,8.065853823797493,0.023398780822753908,0.018441878457378682,0.1,absolute_error,9,500,0.6000000000000001,"{'model__learning_rate': 0.1, 'model__loss': 'absolute_error', 'model__max_depth': 9, 'model__n_estimators': 500, 'model__subsample': 0.6000000000000001}",-0.2800905615014375,-0.26280937867058296,-0.022445652258511473,-0.17301384091897698,0.0119154338180949,-0.1452887999062828,0.12046152023471189,266,0.9872299777959822,0.9922971733664275,0.9943881823239467,0.9944449456035906,0.9914972398657803,0.9919715037911455,0.002637093295142602
26.04509267807007,8.047204098686713,0.022818374633789062,0.01614727090023287,0.1,absolute_error,9,500,0.8,"{'model__learning_rate': 0.1, 'model__loss': 'absolute_error', 'model__max_depth': 9, 'model__n_estimators': 500, 'model__subsample': 0.8}",-0.16632090758483464,-0.23785123210826553,-0.153099629893513,-0.33653226302214967,0.08343148544105727,-0.16207450943354113,0.13895998946883195,299,0.998277233511128,0.9994977498070321,0.9957554473651351,0.9945469308244619,0.9975894160426938,0.9971333555100902,0.0017717241315977678
15.31541166305542,4.4647833092897935,0.016657209396362303,0.013832666981827056,0.1,absolute_error,9,1000,0.2,"{'model__learning_rate': 0.1, 'model__loss': 'absolute_error', 'model__max_depth': 9, 'model__n_estimators': 1000, 'model__subsample': 0.2}",-0.29724101807767167,-0.4997482202119332,0.09545248138143658,-0.35178338252853103,0.003941937441796495,-0.2098756403989806,0.22393742320760857,384,0.9734714334815917,0.9868390284234233,0.967251629495863,0.9919940214632729,0.9790254682342373,0.9797163162196776,0.008903025571795979
37.86529140472412,1.391134682082598,0.03264365196228027,0.01515394908247447,0.1,absolute_error,9,1000,0.4,"{'model__learning_rate': 0.1, 'model__loss': 'absolute_error', 'model__max_depth': 9, 'model__n_estimators': 1000, 'model__subsample': 0.4}",-0.32269117129220204,-0.277517525143798,-0.15574650495432962,-0.30043148697933475,-0.09651384276261066,-0.23058010622645503,0.08847668153108432,421,0.9984716541571741,0.9971001380443232,0.9964752426240504,0.9974095765473386,0.9964864858224777,0.9971886194390727,0.0007354899298464598
43.089504146575926,6.580446061069031,0.025914859771728516,0.018326745200624404,0.1,absolute_error,9,1000,0.6000000000000001,"{'model__learning_rate': 0.1, 'model__loss': 'absolute_error', 'model__max_depth': 9, 'model__n_estimators': 1000, 'model__subsample': 0.6000000000000001}",-0.2936278610011569,-0.24835760897616765,-0.027170285393922855,-0.17829537728556866,0.01199009974604115,-0.147092206582155,0.12032411642571694,267,0.9990095831714354,0.9995333841181282,0.999663494462806,0.9998070574519411,0.9998079633273488,0.9995642965063318,0.0002955703268606757
60.45696291923523,18.415769251574556,0.020337581634521484,0.01160580006050825,0.1,absolute_error,9,1000,0.8,"{'model__learning_rate': 0.1, 'model__loss': 'absolute_error', 'model__max_depth': 9, 'model__n_estimators': 1000, 'model__subsample': 0.8}",-0.18654002528505753,-0.23314716999933327,-0.1451141010333734,-0.3151974770815875,0.08680003492028066,-0.1586397476958142,0.1351027269203504,294,0.9999868594166694,0.999961714582438,0.9999831623760747,0.9991936651414078,0.9999891453431032,0.9998229093719386,0.000314773006698144
3.188134956359863,0.8599077736092323,0.015879297256469728,0.014005330194644124,0.1,absolute_error,12,200,0.2,"{'model__learning_rate': 0.1, 'model__loss': 'absolute_error', 'model__max_depth': 12, 'model__n_estimators': 200, 'model__subsample': 0.2}",-0.32152847778466587,-0.48016487465859825,0.0035568619240845534,-0.30633401238487123,-0.03119461972772508,-0.2271330245263552,0.18483403227787962,416,0.7980749535606477,0.8204682033480941,0.7671713962184069,0.870494167438455,0.7944914203248634,0.8101400281780935,0.03460069829918764
4.7182060241699215,2.1179388624283795,0.008403635025024414,0.0008014019645551472,0.1,absolute_error,12,200,0.4,"{'model__learning_rate': 0.1, 'model__loss': 'absolute_error', 'model__max_depth': 12, 'model__n_estimators': 200, 'model__subsample': 0.4}",-0.2775818754167849,-0.3783473732464051,-0.16240811718216586,-0.2583154492628992,-0.014564880638386679,-0.21824353914932834,0.12277021145440128,397,0.9198339944603551,0.9027939840335535,0.9237611391100655,0.9373926629729844,0.8792395500408651,0.9126042661235647,0.020003276326590963
9.427959442138672,3.6973837178387807,0.008936309814453125,0.0011050542513419716,0.1,absolute_error,12,200,0.6000000000000001,"{'model__learning_rate': 0.1, 'model__loss': 'absolute_error', 'model__max_depth': 12, 'model__n_estimators': 200, 'model__subsample': 0.6000000000000001}",-0.2521696571711727,-0.2479014165644342,0.006181282122972642,-0.1573039953972395,0.008439075812942898,-0.12855094223938618,0.11599301513151991,213,0.9410849828968866,0.9580254873646558,0.9567052846051967,0.948550305041636,0.9416175981133718,0.9491967316043495,0.007183131563736534
13.676908874511719,5.395872319573878,0.008976459503173828,0.0005955648574761601,0.1,absolute_error,12,200,0.8,"{'model__learning_rate': 0.1, 'model__loss': 'absolute_error', 'model__max_depth': 12, 'model__n_estimators': 200, 'model__subsample': 0.8}",-0.145013097131095,-0.06918306687918152,-0.07156148607617863,-0.2671632469063454,0.025040695294415327,-0.10557604033967705,0.09716776916358208,177,0.9646713217349714,0.9849424645749807,0.9749962959551208,0.9600998075787078,0.9367917737757633,0.9643003327239088,0.016217300000591146
7.588504362106323,2.043223161536281,0.023436355590820312,0.017574971886572085,0.1,absolute_error,12,500,0.2,"{'model__learning_rate': 0.1, 'model__loss': 'absolute_error', 'model__max_depth': 12, 'model__n_estimators': 500, 'model__subsample': 0.2}",-0.30626875041034607,-0.4219770118565853,0.0006962542163062579,-0.33483749648742966,-0.06050498059079512,-0.22457839702576998,0.16459972688932473,411,0.9118867668048973,0.9402051410104911,0.9104006604829177,0.9775860766392355,0.918918374395136,0.9317994038665356,0.025248429946898066
12.124680519104004,4.118366084799493,0.017357349395751953,0.01401659645294976,0.1,absolute_error,12,500,0.4,"{'model__learning_rate': 0.1, 'model__loss': 'absolute_error', 'model__max_depth': 12, 'model__n_estimators': 500, 'model__subsample': 0.4}",-0.31577181619005357,-0.31361860519298634,-0.1509393817887632,-0.30597776539381294,-0.094899941446692,-0.2362415020024616,0.0942648628684248,433,0.9861866845026737,0.9833190851302082,0.985792687459886,0.9869528786546289,0.9729472935834801,0.9830397258661753,0.005190956403616763
22.577168941497803,7.694195117957231,0.016225910186767577,0.012758306729205731,0.1,absolute_error,12,500,0.6000000000000001,"{'model__learning_rate': 0.1, 'model__loss': 'absolute_error', 'model__max_depth': 12, 'model__n_estimators': 500, 'model__subsample': 0.6000000000000001}",-0.32394281689898663,-0.22684314064612843,0.00855870747259535,-0.1809225895586002,0.0119154338180949,-0.142246881162605,0.1327961562135537,251,0.994620945080379,0.9906424973143458,0.9917991378374384,0.9928186026740521,0.9914972398657803,0.9922756845543992,0.001363479408507858
33.4836968421936,13.325952638484415,0.016859960556030274,0.012733247324780213,0.1,absolute_error,12,500,0.8,"{'model__learning_rate': 0.1, 'model__loss': 'absolute_error', 'model__max_depth': 12, 'model__n_estimators': 500, 'model__subsample': 0.8}",-0.23299182913039918,-0.04540749263189969,-0.06929632906775285,-0.27134356732872345,0.0437380172889128,-0.11506024017397247,0.11873926510930831,186,0.9979564721702544,0.9984898238524209,0.997175683502965,0.9964999132918829,0.9929065705111391,0.9966056926657325,0.0019694739979778035
13.063004398345948,4.74871616584867,0.02539997100830078,0.017900848075571567,0.1,absolute_error,12,1000,0.2,"{'model__learning_rate': 0.1, 'model__loss': 'absolute_error', 'model__max_depth': 12, 'model__n_estimators': 1000, 'model__subsample': 0.2}",-0.29724101807767167,-0.4997482202119332,0.09545248138143658,-0.35178338252853103,0.003941937441796495,-0.2098756403989806,0.22393742320760857,384,0.9734714334815917,0.9868390284234233,0.967251629495863,0.9919940214632729,0.9790254682342373,0.9797163162196776,0.008903025571795979
25.02369179725647,8.213981580836652,0.03171825408935547,0.01727582836294948,0.1,absolute_error,12,1000,0.4,"{'model__learning_rate': 0.1, 'model__loss': 'absolute_error', 'model__max_depth': 12, 'model__n_estimators': 1000, 'model__subsample': 0.4}",-0.32269117129220204,-0.277517525143798,-0.15574650495432962,-0.30043148697933475,-0.09651384276261066,-0.23058010622645503,0.08847668153108432,421,0.9984716541571741,0.9971001380443232,0.9964752426240504,0.9974095765473386,0.9964864858224777,0.9971886194390727,0.0007354899298464598
44.70478835105896,10.504533220670478,0.019595527648925783,0.013601968597287262,0.1,absolute_error,12,1000,0.6000000000000001,"{'model__learning_rate': 0.1, 'model__loss': 'absolute_error', 'model__max_depth': 12, 'model__n_estimators': 1000, 'model__subsample': 0.6000000000000001}",-0.3633947859904805,-0.20913555429016895,0.023255304103838803,-0.17521224660591317,0.011322812941872429,-0.14263289396817028,0.14521782601816954,252,0.9996659912198966,0.9994070736594095,0.9997617682833275,0.9992638191844275,0.99990881152174,0.9996014927737601,0.00023499589202311618
75.96350297927856,16.232864760293403,0.026886940002441406,0.01681079545274169,0.1,absolute_error,12,1000,0.8,"{'model__learning_rate': 0.1, 'model__loss': 'absolute_error', 'model__max_depth': 12, 'model__n_estimators': 1000, 'model__subsample': 0.8}",-0.25242719900674526,-0.04306017900218162,-0.0692514475719086,-0.25956380882690655,0.04436394503380947,-0.11598773787478651,0.12037041712151582,189,0.9999819541399032,0.9999786036453802,0.9999021230465301,0.9998699822114003,0.9997700532566915,0.999900543259981,7.833935091988576e-05
2.824380874633789,1.3919841668287967,0.02502408027648926,0.014618549347527316,0.12000000000000001,squared_error,6,200,0.2,"{'model__learning_rate': 0.12000000000000001, 'model__loss': 'squared_error', 'model__max_depth': 6, 'model__n_estimators': 200, 'model__subsample': 0.2}",-1.8049925082707796,-0.4222750117485037,-0.30557674976181626,-1.1136313121718673,-0.34482347928627277,-0.7982598122478479,0.5835538676973555,625,0.9941192031645755,0.9934077851403318,0.9965929191344842,0.9961054171764933,0.9941322001399834,0.9948715049511737,0.0012442516977617364
5.723022317886352,2.878311203650065,0.019713497161865233,0.018085082679418878,0.12000000000000001,squared_error,6,200,0.4,"{'model__learning_rate': 0.12000000000000001, 'model__loss': 'squared_error', 'model__max_depth': 6, 'model__n_estimators': 200, 'model__subsample': 0.4}",-0.6046841607452258,-0.13415100549974346,-0.18370495861039093,-0.301998811061013,-0.15345068782449478,-0.2755979247481736,0.17456589197169753,478,0.9999985908772209,0.9999986623143874,0.9999990742014193,0.9999991141025701,0.9999987328357202,0.9999988348662635,2.1678065707133935e-07
9.7090633392334,3.187630730548978,0.029009008407592775,0.016692644924219534,0.12000000000000001,squared_error,6,200,0.6000000000000001,"{'model__learning_rate': 0.12000000000000001, 'model__loss': 'squared_error', 'model__max_depth': 6, 'model__n_estimators': 200, 'model__subsample': 0.6000000000000001}",-0.7292170118338794,-0.12555386597764961,-0.11967776676412001,-0.1981793394213538,-0.1092433224549334,-0.25637426129038726,0.23850129403465753,454,0.9999999997462343,0.9999999997995384,0.9999999998672473,0.9999999998081344,0.9999999986880379,0.9999999995818385,4.4854581015337507e-10
15.483311796188355,1.7052484333037958,0.027906036376953124,0.01595624388823021,0.12000000000000001,squared_error,6,200,0.8,"{'model__learning_rate': 0.12000000000000001, 'model__loss': 'squared_error', 'model__max_depth': 6, 'model__n_estimators': 200, 'model__subsample': 0.8}",-0.4656028940768622,-0.08055602871878653,0.00400241179957328,-0.06579932769134667,0.20024698616744885,-0.08154177050399465,0.2165522816065691,120,0.9999999999999349,0.9999999999999024,0.9999999999998166,0.9999999999997744,0.9999999999993969,0.9999999999997652,1.928677188789065e-13
9.241188097000123,2.669341205884369,0.01770052909851074,0.013224451051722614,0.12000000000000001,squared_error,6,500,0.2,"{'model__learning_rate': 0.12000000000000001, 'model__loss': 'squared_error', 'model__max_depth': 6, 'model__n_estimators': 500, 'model__subsample': 0.2}",-1.8587570224113716,-0.4402944095582042,-0.3016757223859736,-1.150598484676555,-0.3323897185904032,-0.8167430715245014,0.60644186044123,627,0.9999978973220779,0.9999945619171932,0.9999987565760289,0.9999968950513264,0.9999961564397779,0.9999968534612809,1.445699423881074e-06
19.069650411605835,2.2487836609990284,0.01915707588195801,0.017096796997189537,0.12000000000000001,squared_error,6,500,0.4,"{'model__learning_rate': 0.12000000000000001, 'model__loss': 'squared_error', 'model__max_depth': 6, 'model__n_estimators': 500, 'model__subsample': 0.4}",-0.6046528500173454,-0.1338886034654403,-0.18411152224242566,-0.3022826210297056,-0.1535358611770068,-0.27569429158638475,0.17455062954444392,480,0.9999999999999959,0.999999999999981,0.9999999999999943,0.9999999999999979,0.9999999999999906,0.9999999999999918,5.969036423274092e-15
15.302429103851319,5.117358136549267,0.019920158386230468,0.013081514992088065,0.12000000000000001,squared_error,6,500,0.6000000000000001,"{'model__learning_rate': 0.12000000000000001, 'model__loss': 'squared_error', 'model__max_depth': 6, 'model__n_estimators': 500, 'model__subsample': 0.6000000000000001}",-0.7292195278353195,-0.1255534077380247,-0.11967791983336973,-0.198178732344509,-0.10924699205119426,-0.25637531596048346,0.23850190126007847,455,0.9999999999999992,0.9999999999999991,0.9999999999999992,0.9999999999999992,0.999999999999999,0.9999999999999991,9.930136612989092e-17
16.80144019126892,4.192700555672356,0.01867680549621582,0.019930589026597972,0.12000000000000001,squared_error,6,500,0.8,"{'model__learning_rate': 0.12000000000000001, 'model__loss': 'squared_error', 'model__max_depth': 6, 'model__n_estimators': 500, 'model__subsample': 0.8}",-0.4656029541807005,-0.08055606429520057,0.004002342558478311,-0.06579934138333021,0.20024703241494257,-0.08154179697716209,0.21655230925974026,122,0.9999999999999991,0.999999999999999,0.9999999999999991,0.9999999999999992,0.9999999999999989,0.9999999999999991,1.2161883888976234e-16
18.20519380569458,4.691644290811914,0.029099273681640624,0.018902544617786197,0.12000000000000001,squared_error,6,1000,0.2,"{'model__learning_rate': 0.12000000000000001, 'model__loss': 'squared_error', 'model__max_depth': 6, 'model__n_estimators': 1000, 'model__subsample': 0.2}",-1.8588945484444968,-0.43993121103301625,-0.30156227296466187,-1.1503296792161977,-0.3323275216420374,-0.816609046660082,0.6065338398216868,626,0.9999999999592528,0.9999999999848714,0.9999999999949026,0.9999999999915007,0.999999999993212,0.9999999999847479,1.3193741123467127e-11
20.471567153930664,5.761619713679134,0.03643012046813965,0.02252289743957059,0.12000000000000001,squared_error,6,1000,0.4,"{'model__learning_rate': 0.12000000000000001, 'model__loss': 'squared_error', 'model__max_depth': 6, 'model__n_estimators': 1000, 'model__subsample': 0.4}",-0.6046528506143447,-0.1338885741756608,-0.18411153001536085,-0.302282610412985,-0.15353587965305882,-0.27569428897428205,0.17455063080332536,479,0.9999999999999992,0.9999999999999992,0.9999999999999992,0.9999999999999993,0.9999999999999991,0.9999999999999993,1.3136335981433191e-16
12.738510036468506,5.341229862576388,0.010731744766235351,0.0010389370679198676,0.12000000000000001,squared_error,6,1000,0.6000000000000001,"{'model__learning_rate': 0.12000000000000001, 'model__loss': 'squared_error', 'model__max_depth': 6, 'model__n_estimators': 1000, 'model__subsample': 0.6000000000000001}",-0.7292195287763796,-0.1255534080147811,-0.11967792119415543,-0.19817873171214484,-0.10924699246136993,-0.2563753164317662,0.23850190142712632,456,0.9999999999999992,0.9999999999999991,0.9999999999999992,0.9999999999999992,0.999999999999999,0.9999999999999991,9.930136612989092e-17
19.169796657562255,8.24964175291906,0.017212772369384767,0.015011550222920599,0.12000000000000001,squared_error,6,1000,0.8,"{'model__learning_rate': 0.12000000000000001, 'model__loss': 'squared_error', 'model__max_depth': 6, 'model__n_estimators': 1000, 'model__subsample': 0.8}",-0.4656029540250417,-0.08055606414821037,0.004002342925932045,-0.06579934140501686,0.20024703296829605,-0.08154179673680817,0.21655230937738695,121,0.9999999999999991,0.9999999999999991,0.9999999999999991,0.9999999999999992,0.9999999999999989,0.9999999999999991,1.1102230246251565e-16
3.1203240394592284,1.7958721014735113,0.020852088928222656,0.021458859438895913,0.12000000000000001,squared_error,9,200,0.2,"{'model__learning_rate': 0.12000000000000001, 'model__loss': 'squared_error', 'model__max_depth': 9, 'model__n_estimators': 200, 'model__subsample': 0.2}",-1.5780727820246345,-0.21145935091577805,-1.0009987692780373,-0.6919133199573162,-0.11724229141260256,-0.7199373027176736,0.5362776326793564,619,0.9961842666661539,0.9923885259394638,0.9950347379224787,0.9944384117607695,0.9936254447181664,0.9943342774014065,0.0012815882108183374
7.7965391159057615,3.068635507071298,0.02457847595214844,0.019081224450536984,0.12000000000000001,squared_error,9,200,0.4,"{'model__learning_rate': 0.12000000000000001, 'model__loss': 'squared_error', 'model__max_depth': 9, 'model__n_estimators': 200, 'model__subsample': 0.4}",-0.22557602863090875,-0.2681006619570203,-0.4932220894490382,-0.14270826298666606,-0.15686888103360652,-0.257295184811448,0.12649108480899476,457,0.9999990236559093,0.9999991694490318,0.9999992978877376,0.9999995427742695,0.9999988803483831,0.9999991828230662,2.279511920900293e-07
14.246558332443238,4.246582172327132,0.017768001556396483,0.014820523898462857,0.12000000000000001,squared_error,9,200,0.6000000000000001,"{'model__learning_rate': 0.12000000000000001, 'model__loss': 'squared_error', 'model__max_depth': 9, 'model__n_estimators': 200, 'model__subsample': 0.6000000000000001}",-0.21669151096490813,-0.2072464224223174,-0.6387700706435586,-0.12709465113016583,-0.04589897554469968,-0.24714032614112993,0.20532976206936615,440,0.9999999999846332,0.999999999986851,0.9999999999849459,0.9999999999295239,0.9999999998675396,0.9999999999506987,4.6893945667592096e-11
17.44678740501404,7.304609839304132,0.009101104736328126,0.0009160034784357017,0.12000000000000001,squared_error,9,200,0.8,"{'model__learning_rate': 0.12000000000000001, 'model__loss': 'squared_error', 'model__max_depth': 9, 'model__n_estimators': 200, 'model__subsample': 0.8}",-0.49931798823542195,-0.10740336382996185,-0.50476217237167,-0.15737098888699386,-0.005544538717633163,-0.2548798104083362,0.2076615361008111,451,0.9999999999999989,0.9999999999999987,0.9999999999999987,0.9999999999999987,0.9999999999999976,0.9999999999999986,4.788138475230814e-16
8.127984762191772,3.491370488016528,0.04061388969421387,0.015220879783543115,0.12000000000000001,squared_error,9,500,0.2,"{'model__learning_rate': 0.12000000000000001, 'model__loss': 'squared_error', 'model__max_depth': 9, 'model__n_estimators': 500, 'model__subsample': 0.2}",-1.5687980387653337,-0.1741104688814219,-1.0403083319047615,-0.7258552605569402,-0.11756581289909773,-0.725327582601511,0.5447697195084514,621,0.9999982198625819,0.9999952413950368,0.9999971844388662,0.9999975500874511,0.9999959568195069,0.9999968305206887,1.0827723112881901e-06
21.688830423355103,5.342307210756078,0.031590509414672854,0.016840469349033313,0.12000000000000001,squared_error,9,500,0.4,"{'model__learning_rate': 0.12000000000000001, 'model__loss': 'squared_error', 'model__max_depth': 9, 'model__n_estimators': 500, 'model__subsample': 0.4}",-0.22570522804901705,-0.26817866289962033,-0.49364693284043715,-0.1429763857342532,-0.15680121141169567,-0.25746168418700466,0.12660664450321604,458,0.9999999999999889,0.999999999999995,0.9999999999999969,0.9999999999999987,0.999999999999991,0.9999999999999941,3.63604396747872e-15
19.343661975860595,5.240635467187223,0.026276159286499023,0.017280564924207324,0.12000000000000001,squared_error,9,500,0.6000000000000001,"{'model__learning_rate': 0.12000000000000001, 'model__loss': 'squared_error', 'model__max_depth': 9, 'model__n_estimators': 500, 'model__subsample': 0.6000000000000001}",-0.21669154170325977,-0.20724640561553942,-0.6387707957377224,-0.12709629555179403,-0.045899025197217336,-0.2471408127611066,0.20532983639483152,441,0.9999999999999992,0.9999999999999991,0.9999999999999992,0.9999999999999992,0.999999999999999,0.9999999999999991,9.930136612989092e-17
17.352915668487547,4.975370284838737,0.02447786331176758,0.014346106014984965,0.12000000000000001,squared_error,9,500,0.8,"{'model__learning_rate': 0.12000000000000001, 'model__loss': 'squared_error', 'model__max_depth': 9, 'model__n_estimators': 500, 'model__subsample': 0.8}",-0.499317986967146,-0.10740336597338396,-0.5047621690205522,-0.15737098954270023,-0.005544542548416409,-0.25487981081043976,0.20766153370981355,453,0.9999999999999991,0.999999999999999,0.9999999999999992,0.9999999999999992,0.9999999999999989,0.9999999999999991,1.3136335981433191e-16
16.146257877349854,5.731838510352577,0.020959806442260743,0.013052016051005899,0.12000000000000001,squared_error,9,1000,0.2,"{'model__learning_rate': 0.12000000000000001, 'model__loss': 'squared_error', 'model__max_depth': 9, 'model__n_estimators': 1000, 'model__subsample': 0.2}",-1.568428890539558,-0.17358577003740705,-1.041001015243165,-0.7252397454054573,-0.11747809799279607,-0.7251467038436769,0.5448613400348683,620,0.9999999999942996,0.9999999999768754,0.9999999999851379,0.9999999999942375,0.999999999986274,0.999999999987365,6.50387106641669e-12
20.265793561935425,7.97601644346993,0.02579345703125,0.01614337037433748,0.12000000000000001,squared_error,9,1000,0.4,"{'model__learning_rate': 0.12000000000000001, 'model__loss': 'squared_error', 'model__max_depth': 9, 'model__n_estimators': 1000, 'model__subsample': 0.4}",-0.2257052316751762,-0.2681786575339682,-0.493646939266442,-0.14297638908709365,-0.15680121980796558,-0.2574616874741291,0.12660664468653443,459,0.9999999999999992,0.9999999999999992,0.9999999999999992,0.9999999999999993,0.999999999999999,0.9999999999999993,1.7199501139797033e-16
23.80468621253967,7.364432463408097,0.017652368545532225,0.01356794771090717,0.12000000000000001,squared_error,9,1000,0.6000000000000001,"{'model__learning_rate': 0.12000000000000001, 'model__loss': 'squared_error', 'model__max_depth': 9, 'model__n_estimators': 1000, 'model__subsample': 0.6000000000000001}",-0.2166915425487641,-0.20724640563782448,-0.6387707978905863,-0.1270962951209822,-0.04589902520903233,-0.2471408132814379,0.2053298372381877,442,0.9999999999999992,0.9999999999999991,0.9999999999999992,0.9999999999999992,0.999999999999999,0.9999999999999991,9.930136612989092e-17
15.810511255264283,3.860027442521904,0.026348161697387695,0.0193329878915534,0.12000000000000001,squared_error,9,1000,0.8,"{'model__learning_rate': 0.12000000000000001, 'model__loss': 'squared_error', 'model__max_depth': 9, 'model__n_estimators': 1000, 'model__subsample': 0.8}",-0.4993179865051678,-0.10740336601220557,-0.50476216895766,-0.15737099012857647,-0.005544542215150994,-0.25487981076375216,0.20766153360541356,452,0.9999999999999991,0.999999999999999,0.9999999999999992,0.9999999999999992,0.9999999999999989,0.9999999999999991,1.3136335981433191e-16
2.748074531555176,0.7668459725366632,0.01660785675048828,0.015231009312149928,0.12000000000000001,squared_error,12,200,0.2,"{'model__learning_rate': 0.12000000000000001, 'model__loss': 'squared_error', 'model__max_depth': 12, 'model__n_estimators': 200, 'model__subsample': 0.2}",-0.6443011665911613,-0.04601580484665102,-0.3157465762885565,-0.9923712570782768,-0.26649241590835926,-0.452985444142601,0.330689342008722,591,0.996060049599344,0.9935027138219233,0.9918637708367177,0.9947716507339898,0.9950902716390626,0.9942576913262077,0.0014495989746767586
10.845367479324342,1.4513991829152926,0.036374998092651364,0.01247263866238575,0.12000000000000001,squared_error,12,200,0.4,"{'model__learning_rate': 0.12000000000000001, 'model__loss': 'squared_error', 'model__max_depth': 12, 'model__n_estimators': 200, 'model__subsample': 0.4}",-0.5363646752998834,-0.22747745842598133,-0.1773566745341162,-0.2539614750052315,-0.15189071203262672,-0.2694101990595678,0.1382363131780685,469,0.9999991887512968,0.9999993173514748,0.9999992376995681,0.9999992504371618,0.9999985381991626,0.9999991064877328,2.8709604472598216e-07
13.028037118911744,4.601309830749229,0.009861421585083009,0.0009592092162766965,0.12000000000000001,squared_error,12,200,0.6000000000000001,"{'model__learning_rate': 0.12000000000000001, 'model__loss': 'squared_error', 'model__max_depth': 12, 'model__n_estimators': 200, 'model__subsample': 0.6000000000000001}",-0.29374922258751557,-0.059184187958763124,-0.4425433804814687,-0.22866068161862962,-0.13731128490299627,-0.23228975150987466,0.13189652799106236,424,0.9999999999940816,0.9999999999922591,0.9999999999808782,0.9999999999645275,0.9999999999349223,0.9999999999733337,2.190229336314877e-11
23.110758066177368,3.6688881105164275,0.02366814613342285,0.014427266273712486,0.12000000000000001,squared_error,12,200,0.8,"{'model__learning_rate': 0.12000000000000001, 'model__loss': 'squared_error', 'model__max_depth': 12, 'model__n_estimators': 200, 'model__subsample': 0.8}",-0.39245630620002214,-0.09715732794710297,-0.14971387556044613,-0.12110788850300502,0.023727923549450858,-0.1473414949322251,0.13605755955082066,273,0.999999999999999,0.9999999999999989,0.999999999999999,0.999999999999999,0.9999999999999982,0.9999999999999989,3.1006841635969763e-16
9.933572387695312,2.2375204653561758,0.03023982048034668,0.016117621622739227,0.12000000000000001,squared_error,12,500,0.2,"{'model__learning_rate': 0.12000000000000001, 'model__loss': 'squared_error', 'model__max_depth': 12, 'model__n_estimators': 500, 'model__subsample': 0.2}",-0.6703713627423491,-0.06278477971567753,-0.33607215313356464,-0.9972499336158336,-0.27474281318145355,-0.46824420847777565,0.328637196399787,594,0.9999934277555416,0.999996354730405,0.9999924238077453,0.999997409980536,0.9999981155680772,0.9999955463684611,2.2345555169533633e-06
27.69406442642212,4.193575353386006,0.041402244567871095,0.013944998086767543,0.12000000000000001,squared_error,12,500,0.4,"{'model__learning_rate': 0.12000000000000001, 'model__loss': 'squared_error', 'model__max_depth': 12, 'model__n_estimators': 500, 'model__subsample': 0.4}",-0.5359421304691843,-0.22742154010676874,-0.1773072527574875,-0.25372121888589616,-0.1521039672980229,-0.2692992219034719,0.1380522402487233,467,0.9999999999999962,0.999999999999981,0.9999999999999969,0.9999999999999953,0.9999999999999959,0.9999999999999931,6.049645908778241e-15
18.252971792221068,5.770218311473987,0.01750469207763672,0.014131938183701974,0.12000000000000001,squared_error,12,500,0.6000000000000001,"{'model__learning_rate': 0.12000000000000001, 'model__loss': 'squared_error', 'model__max_depth': 12, 'model__n_estimators': 500, 'model__subsample': 0.6000000000000001}",-0.2937489553584638,-0.059184693301061575,-0.44254530520695967,-0.22865927653007967,-0.1373116992199852,-0.23228998592331,0.13189693214076811,425,0.9999999999999992,0.9999999999999991,0.9999999999999992,0.9999999999999992,0.999999999999999,0.9999999999999991,9.930136612989092e-17
20.11582088470459,6.655822320549038,0.022971916198730468,0.016643084014196608,0.12000000000000001,squared_error,12,500,0.8,"{'model__learning_rate': 0.12000000000000001, 'model__loss': 'squared_error', 'model__max_depth': 12, 'model__n_estimators': 500, 'model__subsample': 0.8}",-0.3924563062562645,-0.09715732643500563,-0.14971387516638757,-0.12110788825150531,0.023727922899352105,-0.14734149464196217,0.13605755952747767,272,0.9999999999999991,0.999999999999999,0.9999999999999991,0.9999999999999992,0.9999999999999989,0.9999999999999991,1.2161883888976234e-16
21.008760452270508,6.117007113729675,0.03289213180541992,0.016037577536193434,0.12000000000000001,squared_error,12,1000,0.2,"{'model__learning_rate': 0.12000000000000001, 'model__loss': 'squared_error', 'model__max_depth': 12, 'model__n_estimators': 1000, 'model__subsample': 0.2}",-0.6716243989555795,-0.06255234917293273,-0.337191758694505,-0.9977969387556542,-0.2748351020030575,-0.4688001095163458,0.3289242352461995,595,0.9999999999566657,0.9999999999853124,0.9999999999608363,0.9999999999850724,0.9999999999920979,0.9999999999759968,1.4366101440190757e-11
27.220993328094483,5.055004194589742,0.02619147300720215,0.016259669871612592,0.12000000000000001,squared_error,12,1000,0.4,"{'model__learning_rate': 0.12000000000000001, 'model__loss': 'squared_error', 'model__max_depth': 12, 'model__n_estimators': 1000, 'model__subsample': 0.4}",-0.5359421324744491,-0.22742152631218993,-0.17730725577803286,-0.2537212305891383,-0.152103967474994,-0.26929922252576083,0.13805224116353002,468,0.9999999999999992,0.9999999999999992,0.9999999999999992,0.9999999999999993,0.999999999999999,0.9999999999999993,1.7199501139797033e-16
24.85237536430359,9.52313758218002,0.03293657302856445,0.014006078642889276,0.12000000000000001,squared_error,12,1000,0.6000000000000001,"{'model__learning_rate': 0.12000000000000001, 'model__loss': 'squared_error', 'model__max_depth': 12, 'model__n_estimators': 1000, 'model__subsample': 0.6000000000000001}",-0.29374895580547555,-0.05918469396300141,-0.44254530659925884,-0.2286592770855309,-0.13731169894451578,-0.2322899864795565,0.13189693248918083,426,0.9999999999999992,0.9999999999999991,0.9999999999999992,0.9999999999999992,0.999999999999999,0.9999999999999991,9.930136612989092e-17
19.780494356155394,7.606741851726486,0.024746227264404296,0.015280843800899845,0.12000000000000001,squared_error,12,1000,0.8,"{'model__learning_rate': 0.12000000000000001, 'model__loss': 'squared_error', 'model__max_depth': 12, 'model__n_estimators': 1000, 'model__subsample': 0.8}",-0.392456306242589,-0.09715732556430967,-0.14971387503615086,-0.12110788825962726,0.023727922855140027,-0.14734149444950734,0.1360575595748954,271,0.9999999999999991,0.9999999999999991,0.9999999999999991,0.9999999999999992,0.9999999999999989,0.9999999999999991,1.1102230246251565e-16
2.8595401763916017,1.0498803555700793,0.014809703826904297,0.013132150190906472,0.12000000000000001,absolute_error,6,200,0.2,"{'model__learning_rate': 0.12000000000000001, 'model__loss': 'absolute_error', 'model__max_depth': 6, 'model__n_estimators': 200, 'model__subsample': 0.2}",-0.2599427519280293,-0.46710959386125284,-0.35571503455022446,-0.43064707463272245,-0.24602511827587192,-0.3518879146496202,0.08849240881826576,527,0.8443030789270755,0.8879580261441258,0.821220793584298,0.8126836987286723,0.798647091989211,0.8329625378746766,0.03124023464625302
5.748448705673217,2.1915780240643623,0.030456113815307616,0.016478896717647996,0.12000000000000001,absolute_error,6,200,0.4,"{'model__learning_rate': 0.12000000000000001, 'model__loss': 'absolute_error', 'model__max_depth': 6, 'model__n_estimators': 200, 'model__subsample': 0.4}",-0.2821271649049337,-0.5021506556469455,-0.10616218640466868,-0.29608174932187503,-0.12407714001653969,-0.26211977925899255,0.14321108443723435,464,0.9363319731331499,0.970347958971706,0.940548636774029,0.9715885319211774,0.8478876641355965,0.9333409529871318,0.045156521719211466
9.571020269393921,3.51493062336735,0.022011375427246092,0.01614180977986158,0.12000000000000001,absolute_error,6,200,0.6000000000000001,"{'model__learning_rate': 0.12000000000000001, 'model__loss': 'absolute_error', 'model__max_depth': 6, 'model__n_estimators': 200, 'model__subsample': 0.6000000000000001}",-0.46346720597648705,-0.26686060983241533,-0.02772697060041751,-0.09833355999004456,0.018476388843494118,-0.16758239151117407,0.17684840809939234,313,0.9485957001578041,0.9628739872168275,0.9365117117117867,0.9596412439964392,0.9478224081707607,0.9510890102507237,0.0093958639964031
15.00116024017334,4.109169671345907,0.029958248138427734,0.01688193024355893,0.12000000000000001,absolute_error,6,200,0.8,"{'model__learning_rate': 0.12000000000000001, 'model__loss': 'absolute_error', 'model__max_depth': 6, 'model__n_estimators': 200, 'model__subsample': 0.8}",-0.3092419857325115,-0.11583569106435121,-0.007258307849064005,0.08910840045053847,0.004884978386882732,-0.0676685211617011,0.13723718327086892,85,0.9496481469081879,0.959849982890953,0.9692909639270596,0.9547583635278202,0.9518127824288045,0.9570720479365651,0.0070020874929852496
6.0461749076843265,2.671205131647477,0.016811609268188477,0.014704882218474179,0.12000000000000001,absolute_error,6,500,0.2,"{'model__learning_rate': 0.12000000000000001, 'model__loss': 'absolute_error', 'model__max_depth': 6, 'model__n_estimators': 500, 'model__subsample': 0.2}",-0.4860188827578711,-0.4505863882841672,-0.30027849920247296,-0.6231390568932702,-0.3412882752264481,-0.4402622204728459,0.11404865798591687,571,0.9594209196789395,0.9732791958941485,0.9468368192908571,0.9560773313534946,0.9443837244152038,0.9559995981265287,0.010287672435484873
17.552218627929687,4.730710556615425,0.016698932647705077,0.013677327533664437,0.12000000000000001,absolute_error,6,500,0.4,"{'model__learning_rate': 0.12000000000000001, 'model__loss': 'absolute_error', 'model__max_depth': 6, 'model__n_estimators': 500, 'model__subsample': 0.4}",-0.31080956519453085,-0.5079423898076203,-0.11706765751640247,-0.31161516415279555,-0.13330061525510173,-0.2761470783852902,0.1427584769251703,481,0.9812332156494201,0.9965626696029773,0.9882339254344723,0.9936639395564391,0.9706423097771537,0.9860672120040925,0.009315091800637998
27.351591062545776,7.424605512550881,0.017544126510620116,0.01488088896273845,0.12000000000000001,absolute_error,6,500,0.6000000000000001,"{'model__learning_rate': 0.12000000000000001, 'model__loss': 'absolute_error', 'model__max_depth': 6, 'model__n_estimators': 500, 'model__subsample': 0.6000000000000001}",-0.534827081671061,-0.24590541640226649,-0.046700317905733923,-0.15258172867701658,0.024665336658425185,-0.19106984159953055,0.19495719617979945,350,0.9932037557518758,0.9905402435589286,0.9945821506369353,0.9910918321219991,0.9952681335640977,0.9929372231267672,0.0018633812615740423
33.09603590965271,9.742832809332896,0.018655920028686525,0.017318203406323274,0.12000000000000001,absolute_error,6,500,0.8,"{'model__learning_rate': 0.12000000000000001, 'model__loss': 'absolute_error', 'model__max_depth': 6, 'model__n_estimators': 500, 'model__subsample': 0.8}",-0.3476355862528786,-0.08185421690623462,-0.03282971596587081,0.08188627203865761,0.004842440592771613,-0.07511816129871096,0.14638546642334618,108,0.9965082683885018,0.9961924390078981,0.9993949114053481,0.9918538570885639,0.99301697898502,0.9953932909750665,0.0026858603534010675
12.327639961242676,5.227590843519554,0.023632526397705078,0.016885656301219614,0.12000000000000001,absolute_error,6,1000,0.2,"{'model__learning_rate': 0.12000000000000001, 'model__loss': 'absolute_error', 'model__max_depth': 6, 'model__n_estimators': 1000, 'model__subsample': 0.2}",-0.5445048515931383,-0.4578011284453385,-0.33559594429403194,-0.5768786612387795,-0.3462300219990193,-0.45220212151406153,0.09891660008096875,588,0.9898615138369665,0.9920112755042888,0.9844045696211708,0.9927386037879177,0.9870984943200662,0.9892228914140819,0.0031071673866135937
28.121957111358643,7.1836511997482235,0.024562549591064454,0.015850875102720027,0.12000000000000001,absolute_error,6,1000,0.4,"{'model__learning_rate': 0.12000000000000001, 'model__loss': 'absolute_error', 'model__max_depth': 6, 'model__n_estimators': 1000, 'model__subsample': 0.4}",-0.34361615927154254,-0.5128600734695399,-0.11921880600024992,-0.33202794231412924,-0.128472944059981,-0.28723918502308854,0.14800455962232145,486,0.9983308946350586,0.9993268916274457,0.9979844405693098,0.9995784407632783,0.9958452870108748,0.9982131909211935,0.0013249442411412057
53.49808349609375,15.67811110625472,0.024761533737182616,0.016175199182195423,0.12000000000000001,absolute_error,6,1000,0.6000000000000001,"{'model__learning_rate': 0.12000000000000001, 'model__loss': 'absolute_error', 'model__max_depth': 6, 'model__n_estimators': 1000, 'model__subsample': 0.6000000000000001}",-0.5584182520751533,-0.2292394129634716,-0.03676067907028213,-0.15214111425895638,0.02405898505894344,-0.190500094661784,0.20396437106097465,349,0.9997673971139948,0.9991196280658048,0.9997310584652623,0.9997754539233988,0.9999269768936276,0.9996641028924177,0.0002803952119327326
66.20519347190857,17.369061412691202,0.027539634704589845,0.017808839369061382,0.12000000000000001,absolute_error,6,1000,0.8,"{'model__learning_rate': 0.12000000000000001, 'model__loss': 'absolute_error', 'model__max_depth': 6, 'model__n_estimators': 1000, 'model__subsample': 0.8}",-0.36725202247598876,-0.0817859474777538,-0.030133243829442158,0.10994547300217639,0.0093083000619687,-0.07198348814380792,0.16046030054701377,98,0.9999205618206708,0.9999078135339324,0.9999983718885047,0.9999471820267715,0.9999602101516492,0.9999468278843058,3.1774267887478996e-05
2.0090524196624755,0.844080262624329,0.009122705459594727,0.0006682286030913691,0.12000000000000001,absolute_error,9,200,0.2,"{'model__learning_rate': 0.12000000000000001, 'model__loss': 'absolute_error', 'model__max_depth': 9, 'model__n_estimators': 200, 'model__subsample': 0.2}",-0.2599427519280293,-0.46710959386125284,-0.35571503455022446,-0.43064707463272245,-0.24602511827587192,-0.3518879146496202,0.08849240881826576,527,0.8443030789270755,0.8879580261441258,0.821220793584298,0.8126836987286723,0.798647091989211,0.8329625378746766,0.03124023464625302
5.205129241943359,2.0513938788505346,0.02292032241821289,0.01753507692391364,0.12000000000000001,absolute_error,9,200,0.4,"{'model__learning_rate': 0.12000000000000001, 'model__loss': 'absolute_error', 'model__max_depth': 9, 'model__n_estimators': 200, 'model__subsample': 0.4}",-0.282287925755927,-0.4504533074902193,-0.006361629122293655,-0.3044037928545109,-0.014841863890941998,-0.21166970382277855,0.17406708938073656,390,0.9361096084306989,0.9636421573947435,0.9259911840221724,0.9685813780083423,0.9255989300154832,0.943984651574288,0.01852151409930232
10.492946863174438,3.9252510577807103,0.024581480026245116,0.017181759952009913,0.12000000000000001,absolute_error,9,200,0.6000000000000001,"{'model__learning_rate': 0.12000000000000001, 'model__loss': 'absolute_error', 'model__max_depth': 9, 'model__n_estimators': 200, 'model__subsample': 0.6000000000000001}",-0.12076759798843706,-0.30476009285839556,-0.2895944971048767,-0.14888808075490179,0.04563009412772612,-0.163676034915777,0.12777248821918677,303,0.9561901842748828,0.9422571827892638,0.9668265776951858,0.9542393718328408,0.9368365554023804,0.9512699743989106,0.010626266409141471
16.697401666641234,4.422952012167016,0.03044576644897461,0.016646675445940447,0.12000000000000001,absolute_error,9,200,0.8,"{'model__learning_rate': 0.12000000000000001, 'model__loss': 'absolute_error', 'model__max_depth': 9, 'model__n_estimators': 200, 'model__subsample': 0.8}",-0.10370664136505114,-0.16788951120677353,-0.12353725683027328,-0.0439998229341787,0.10523653861093951,-0.06677933874506743,0.09478050677489132,80,0.9590438482565196,0.9811673904613823,0.981781325624253,0.983098778988096,0.9897312751690419,0.9789645236998586,0.010417632256483513
7.469156408309937,2.7342218944662733,0.01780099868774414,0.016559753565005917,0.12000000000000001,absolute_error,9,500,0.2,"{'model__learning_rate': 0.12000000000000001, 'model__loss': 'absolute_error', 'model__max_depth': 9, 'model__n_estimators': 500, 'model__subsample': 0.2}",-0.4860188827578711,-0.4505863882841672,-0.30027849920247296,-0.6231390568932702,-0.3412882752264481,-0.4402622204728459,0.11404865798591687,571,0.9594209196789395,0.9732791958941485,0.9468368192908571,0.9560773313534946,0.9443837244152038,0.9559995981265287,0.010287672435484873
15.15844521522522,5.778904316624018,0.01589546203613281,0.013920249009277989,0.12000000000000001,absolute_error,9,500,0.4,"{'model__learning_rate': 0.12000000000000001, 'model__loss': 'absolute_error', 'model__max_depth': 9, 'model__n_estimators': 500, 'model__subsample': 0.4}",-0.3323102688410322,-0.44001128838968917,-0.055962175420162685,-0.31969680942672274,-0.02654688132307581,-0.23490548468013653,0.16381676774180895,431,0.9940209567742857,0.9901418478460444,0.9728633919042526,0.996968759983006,0.9892083025509931,0.9886406518117165,0.008364243113227834
20.58508243560791,7.3069593389389595,0.01729164123535156,0.01357645442198067,0.12000000000000001,absolute_error,9,500,0.6000000000000001,"{'model__learning_rate': 0.12000000000000001, 'model__loss': 'absolute_error', 'model__max_depth': 9, 'model__n_estimators': 500, 'model__subsample': 0.6000000000000001}",-0.17577692974563486,-0.250534225197919,-0.32141973448150574,-0.17344451402497296,0.06831180593914299,-0.17057271950217792,0.1313391120913096,317,0.9946412993090017,0.9948418897220528,0.996973838894417,0.9968676804797809,0.9943919209711464,0.9955433258752798,0.001134167577827223
34.17367796897888,9.77515372121757,0.018470144271850585,0.012844094996601912,0.12000000000000001,absolute_error,9,500,0.8,"{'model__learning_rate': 0.12000000000000001, 'model__loss': 'absolute_error', 'model__max_depth': 9, 'model__n_estimators': 500, 'model__subsample': 0.8}",-0.12851161043396409,-0.1702787288967016,-0.12303955237319908,-0.06330979508998458,0.11361218260002193,-0.07430550083876548,0.09995812312581925,106,0.9968353096781251,0.9986771343514709,0.9991681322799296,0.9988520985086685,0.999807821861722,0.9986680993359833,0.000994188678039907
11.31523003578186,4.1451450224529784,0.010273122787475586,0.0005228389433093784,0.12000000000000001,absolute_error,9,1000,0.2,"{'model__learning_rate': 0.12000000000000001, 'model__loss': 'absolute_error', 'model__max_depth': 9, 'model__n_estimators': 1000, 'model__subsample': 0.2}",-0.5445048515931383,-0.4578011284453385,-0.33559594429403194,-0.5768786612387795,-0.3462300219990193,-0.45220212151406153,0.09891660008096875,588,0.9898615138369665,0.9920112755042888,0.9844045696211708,0.9927386037879177,0.9870984943200662,0.9892228914140819,0.0031071673866135937
28.556414365768433,8.394063239921731,0.019856071472167967,0.012622911362436597,0.12000000000000001,absolute_error,9,1000,0.4,"{'model__learning_rate': 0.12000000000000001, 'model__loss': 'absolute_error', 'model__max_depth': 9, 'model__n_estimators': 1000, 'model__subsample': 0.4}",-0.3392194439688785,-0.4471284776416897,-0.1198117091601445,-0.3184800739956275,-0.04196712266662872,-0.2533213654865938,0.14945285423424956,449,0.9993032673823006,0.9990343350134678,0.9983977631088747,0.9995560113119895,0.9995383581840122,0.999165947000129,0.0004282815313420865
54.740894651412965,7.172299473726208,0.019790077209472658,0.013297053811033823,0.12000000000000001,absolute_error,9,1000,0.6000000000000001,"{'model__learning_rate': 0.12000000000000001, 'model__loss': 'absolute_error', 'model__max_depth': 9, 'model__n_estimators': 1000, 'model__subsample': 0.6000000000000001}",-0.1725920260983318,-0.2366366233960553,-0.3108498522849028,-0.1661256923814891,0.07787153703290473,-0.16166653142557486,0.13068581767259516,298,0.9998472402052606,0.9998769155124184,0.9998854038666651,0.9999185708286272,0.9999236178531341,0.9998903496532211,2.8165827926679724e-05
81.09708857536316,7.123219494474828,0.03990969657897949,0.01864883144710676,0.12000000000000001,absolute_error,9,1000,0.8,"{'model__learning_rate': 0.12000000000000001, 'model__loss': 'absolute_error', 'model__max_depth': 9, 'model__n_estimators': 1000, 'model__subsample': 0.8}",-0.13455713335691333,-0.16389103850117004,-0.11705742590053592,-0.0677554451738025,0.11343255711658906,-0.07396569716316655,0.0987638184531397,104,0.9999311325105762,0.9999791370898984,0.9999564124726531,0.9998686622636349,0.9999848484148585,0.9999440385503242,4.218676791220243e-05
1.5884098052978515,0.043673915358440875,0.008861351013183593,0.0006170204912486998,0.12000000000000001,absolute_error,12,200,0.2,"{'model__learning_rate': 0.12000000000000001, 'model__loss': 'absolute_error', 'model__max_depth': 12, 'model__n_estimators': 200, 'model__subsample': 0.2}",-0.2599427519280293,-0.46710959386125284,-0.35571503455022446,-0.43064707463272245,-0.24602511827587192,-0.3518879146496202,0.08849240881826576,527,0.8443030789270755,0.8879580261441258,0.821220793584298,0.8126836987286723,0.798647091989211,0.8329625378746766,0.03124023464625302
5.371753835678101,2.1966212804330696,0.024145221710205077,0.017994776244231712,0.12000000000000001,absolute_error,12,200,0.4,"{'model__learning_rate': 0.12000000000000001, 'model__loss': 'absolute_error', 'model__max_depth': 12, 'model__n_estimators': 200, 'model__subsample': 0.4}",-0.282287925755927,-0.4504533074902193,-0.006361629122293655,-0.3044037928545109,-0.014841863890941998,-0.21166970382277855,0.17406708938073656,390,0.9361096084306989,0.9636421573947435,0.9259911840221724,0.9685813780083423,0.9255989300154832,0.943984651574288,0.01852151409930232
9.832446479797364,3.064548080174281,0.029443120956420897,0.016644971168312758,0.12000000000000001,absolute_error,12,200,0.6000000000000001,"{'model__learning_rate': 0.12000000000000001, 'model__loss': 'absolute_error', 'model__max_depth': 12, 'model__n_estimators': 200, 'model__subsample': 0.6000000000000001}",-0.021430600064153538,-0.30476009285839556,-0.2895944971048767,-0.21221337803037477,0.04563009412772612,-0.1564736947860149,0.14275818370715368,292,0.9386734892662632,0.9422571827892638,0.9668265776951858,0.9501911303156927,0.9368365554023804,0.9469569870937571,0.010939725292957095
14.621437501907348,3.3378146343713886,0.009137916564941406,0.0010231078159801531,0.12000000000000001,absolute_error,12,200,0.8,"{'model__learning_rate': 0.12000000000000001, 'model__loss': 'absolute_error', 'model__max_depth': 12, 'model__n_estimators': 200, 'model__subsample': 0.8}",-0.11061887356257039,-0.1603516413994499,-0.1304656790319363,-0.0622544422486897,0.09641890435954814,-0.07345434637661963,0.09073587293074664,101,0.975156922426278,0.9612294255676774,0.9734017399437994,0.9895691862074513,0.9678667088199485,0.973444796593031,0.009415514023916048
7.735515165328979,2.13916840160939,0.02895331382751465,0.016187378704332338,0.12000000000000001,absolute_error,12,500,0.2,"{'model__learning_rate': 0.12000000000000001, 'model__loss': 'absolute_error', 'model__max_depth': 12, 'model__n_estimators': 500, 'model__subsample': 0.2}",-0.4860188827578711,-0.4505863882841672,-0.30027849920247296,-0.6231390568932702,-0.3412882752264481,-0.4402622204728459,0.11404865798591687,571,0.9594209196789395,0.9732791958941485,0.9468368192908571,0.9560773313534946,0.9443837244152038,0.9559995981265287,0.010287672435484873
16.915853595733644,3.048666057941517,0.032512569427490236,0.01823435540985993,0.12000000000000001,absolute_error,12,500,0.4,"{'model__learning_rate': 0.12000000000000001, 'model__loss': 'absolute_error', 'model__max_depth': 12, 'model__n_estimators': 500, 'model__subsample': 0.4}",-0.3323102688410322,-0.44001128838968917,-0.055962175420162685,-0.31969680942672274,-0.02654688132307581,-0.23490548468013653,0.16381676774180895,431,0.9940209567742857,0.9901418478460444,0.9728633919042526,0.996968759983006,0.9892083025509931,0.9886406518117165,0.008364243113227834
26.384294843673707,6.987694305165474,0.03166308403015137,0.016413111671716718,0.12000000000000001,absolute_error,12,500,0.6000000000000001,"{'model__learning_rate': 0.12000000000000001, 'model__loss': 'absolute_error', 'model__max_depth': 12, 'model__n_estimators': 500, 'model__subsample': 0.6000000000000001}",-0.13806274753922199,-0.27892252386994065,-0.31387200374219115,-0.24474246339665529,0.05446032224753261,-0.1842278832600953,0.13307138426385018,341,0.9940344796039859,0.992630691207617,0.9963147912510731,0.9949700010962019,0.9960266385155256,0.9947953203348806,0.0013505515593196663
30.697196626663207,9.708985667087287,0.01950840950012207,0.016383533841408247,0.12000000000000001,absolute_error,12,500,0.8,"{'model__learning_rate': 0.12000000000000001, 'model__loss': 'absolute_error', 'model__max_depth': 12, 'model__n_estimators': 500, 'model__subsample': 0.8}",-0.18584035447082692,-0.14129666608957536,-0.09981885412881808,-0.0728124743010603,0.10201756562774478,-0.07955015667250717,0.09852237493565957,114,0.9994317692547773,0.9992713335188784,0.9973415448608013,0.9989283433675662,0.9991565736484771,0.9988259129301001,0.0007600840029115125
18.641308403015138,4.849290002609841,0.009338092803955079,0.00046571016745559923,0.12000000000000001,absolute_error,12,1000,0.2,"{'model__learning_rate': 0.12000000000000001, 'model__loss': 'absolute_error', 'model__max_depth': 12, 'model__n_estimators': 1000, 'model__subsample': 0.2}",-0.5445048515931383,-0.4578011284453385,-0.33559594429403194,-0.5768786612387795,-0.3462300219990193,-0.45220212151406153,0.09891660008096875,588,0.9898615138369665,0.9920112755042888,0.9844045696211708,0.9927386037879177,0.9870984943200662,0.9892228914140819,0.0031071673866135937
30.36458444595337,5.077050413824015,0.0253570556640625,0.017272494449200673,0.12000000000000001,absolute_error,12,1000,0.4,"{'model__learning_rate': 0.12000000000000001, 'model__loss': 'absolute_error', 'model__max_depth': 12, 'model__n_estimators': 1000, 'model__subsample': 0.4}",-0.3392194439688785,-0.4471284776416897,-0.1198117091601445,-0.3184800739956275,-0.04196712266662872,-0.2533213654865938,0.14945285423424956,449,0.9993032673823006,0.9990343350134678,0.9983977631088747,0.9995560113119895,0.9995383581840122,0.999165947000129,0.0004282815313420865
56.316469240188596,3.877434342895902,0.01994929313659668,0.013844910574887676,0.12000000000000001,absolute_error,12,1000,0.6000000000000001,"{'model__learning_rate': 0.12000000000000001, 'model__loss': 'absolute_error', 'model__max_depth': 12, 'model__n_estimators': 1000, 'model__subsample': 0.6000000000000001}",-0.14206624677032798,-0.27245494391192393,-0.3204300433131917,-0.2575734233347655,0.05572925024788111,-0.1873590814164656,0.13492414045427423,344,0.9998191714080432,0.9997065364639296,0.9999196711474931,0.9998835906039629,0.9998869707068795,0.9998431880660616,7.569597965378978e-05
80.36904697418213,9.827699101424084,0.026560592651367187,0.02775072402897491,0.12000000000000001,absolute_error,12,1000,0.8,"{'model__learning_rate': 0.12000000000000001, 'model__loss': 'absolute_error', 'model__max_depth': 12, 'model__n_estimators': 1000, 'model__subsample': 0.8}",-0.2004842082604965,-0.13919449786771687,-0.10064437155628148,-0.0735574801150265,0.1010246878109804,-0.08257117399770819,0.10121759933511798,129,0.9999972522273813,0.9999963655986409,0.9999420166299688,0.9999861443203607,0.999998174211257,0.9999839905975219,2.143193342665599e-05
2.992677593231201,1.4347360565752345,0.01792178153991699,0.01634475708290486,0.13999999999999999,squared_error,6,200,0.2,"{'model__learning_rate': 0.13999999999999999, 'model__loss': 'squared_error', 'model__max_depth': 6, 'model__n_estimators': 200, 'model__subsample': 0.2}",-1.9186958890890704,-0.5421838122890337,-1.1830125954737993,-0.9963991835025352,-0.4489049820407678,-1.0178392924790411,0.5271088865461458,645,0.9974400437478232,0.996427439719087,0.9966581728580225,0.9975295532796425,0.9940307826689843,0.996417198454712,0.0012678091022786905
5.842603635787964,2.847301468004566,0.01825098991394043,0.018585916337678386,0.13999999999999999,squared_error,6,200,0.4,"{'model__learning_rate': 0.13999999999999999, 'model__loss': 'squared_error', 'model__max_depth': 6, 'model__n_estimators': 200, 'model__subsample': 0.4}",-0.251152913396137,-0.14790574876376583,-0.8292449326262037,-0.23908012948865154,-0.1542056992688703,-0.3243178847087257,0.2559801980640593,509,0.9999997589096765,0.9999997972912628,0.999999874304168,0.9999997139096823,0.9999998131143327,0.9999997915058245,5.373943571877352e-08
11.485893297195435,3.499663090315714,0.02453022003173828,0.017966368180158017,0.13999999999999999,squared_error,6,200,0.6000000000000001,"{'model__learning_rate': 0.13999999999999999, 'model__loss': 'squared_error', 'model__max_depth': 6, 'model__n_estimators': 200, 'model__subsample': 0.6000000000000001}",-0.34519952913984064,-0.09333141046430216,-0.3150349985946854,-0.10426964554176421,0.12142508199551916,-0.14728210034901465,0.16986856185893537,268,0.9999999999925588,0.9999999999842328,0.999999999970999,0.9999999999909801,0.999999999982151,0.9999999999841844,7.672093533549739e-12
14.254299354553222,4.631730579508156,0.01699719429016113,0.0164910135739172,0.13999999999999999,squared_error,6,200,0.8,"{'model__learning_rate': 0.13999999999999999, 'model__loss': 'squared_error', 'model__max_depth': 6, 'model__n_estimators': 200, 'model__subsample': 0.8}",-0.5434159214377186,-0.07970332620927434,-0.0728301849141566,-0.11386475957237652,-0.04291490643429463,-0.17054581971356414,0.18779521254459,314,0.9999999999999987,0.9999999999999986,0.9999999999999988,0.9999999999999948,0.9999999999999979,0.9999999999999977,1.5100665727558131e-15
8.109912490844726,3.540419143965709,0.017409610748291015,0.015075630282338423,0.13999999999999999,squared_error,6,500,0.2,"{'model__learning_rate': 0.13999999999999999, 'model__loss': 'squared_error', 'model__max_depth': 6, 'model__n_estimators': 500, 'model__subsample': 0.2}",-1.9555602183587326,-0.517964679585601,-1.195522970126043,-0.9939918364404094,-0.448761643762442,-1.0223602696546457,0.5449922069177525,647,0.9999995782502054,0.9999992408656954,0.9999993425378384,0.9999994083517758,0.9999988211965787,0.9999992782404187,2.5351723300924884e-07
16.57756838798523,5.899295394532536,0.024302911758422852,0.018383348849495145,0.13999999999999999,squared_error,6,500,0.4,"{'model__learning_rate': 0.13999999999999999, 'model__loss': 'squared_error', 'model__max_depth': 6, 'model__n_estimators': 500, 'model__subsample': 0.4}",-0.25121984277759424,-0.14799709647389503,-0.8293228415492726,-0.23892932201460493,-0.15419051681779394,-0.3243319239266321,0.25600659268480025,510,0.9999999999999991,0.9999999999999989,0.9999999999999991,0.9999999999999991,0.9999999999999989,0.9999999999999991,1.4043333874306804e-16
12.599671840667725,4.504399917109415,0.008804512023925782,0.0009233767738846765,0.13999999999999999,squared_error,6,500,0.6000000000000001,"{'model__learning_rate': 0.13999999999999999, 'model__loss': 'squared_error', 'model__max_depth': 6, 'model__n_estimators': 500, 'model__subsample': 0.6000000000000001}",-0.34519861695555254,-0.09333233890417225,-0.315035250977848,-0.10427008217843992,0.1214247733227416,-0.14728230313865423,0.16986822040444813,270,0.9999999999999992,0.9999999999999991,0.9999999999999992,0.9999999999999992,0.999999999999999,0.9999999999999991,9.930136612989092e-17
17.677874517440795,4.6005902995147965,0.018181228637695314,0.019121115168709152,0.13999999999999999,squared_error,6,500,0.8,"{'model__learning_rate': 0.13999999999999999, 'model__loss': 'squared_error', 'model__max_depth': 6, 'model__n_estimators': 500, 'model__subsample': 0.8}",-0.543415926166708,-0.07970332621337395,-0.07283018554477216,-0.11386476131980583,-0.04291491132596259,-0.1705458221141245,0.18779521358607681,316,0.9999999999999991,0.999999999999999,0.9999999999999991,0.9999999999999992,0.9999999999999989,0.9999999999999991,1.2161883888976234e-16
14.941414403915406,6.5546414721553985,0.011697816848754882,0.0008703948657501482,0.13999999999999999,squared_error,6,1000,0.2,"{'model__learning_rate': 0.13999999999999999, 'model__loss': 'squared_error', 'model__max_depth': 6, 'model__n_estimators': 1000, 'model__subsample': 0.2}",-1.9551610154923718,-0.5173288825010887,-1.1954018509392466,-0.9942670023127806,-0.44913171577886635,-1.0222580934048708,0.5448848459532836,646,0.9999999999994771,0.9999999999999192,0.9999999999994388,0.999999999999842,0.9999999999989557,0.9999999999995266,3.4341385145993107e-13
15.72248396873474,4.67815254079417,0.009799528121948241,0.0007482773755903026,0.13999999999999999,squared_error,6,1000,0.4,"{'model__learning_rate': 0.13999999999999999, 'model__loss': 'squared_error', 'model__max_depth': 6, 'model__n_estimators': 1000, 'model__subsample': 0.4}",-0.25121984395166197,-0.1479971013522401,-0.8293228416616727,-0.23892932157522506,-0.1541905189120667,-0.3243319254905733,0.25600659174099805,511,0.9999999999999992,0.9999999999999992,0.9999999999999992,0.9999999999999993,0.9999999999999991,0.9999999999999993,1.3136335981433191e-16
17.46638731956482,5.176513697435473,0.010164737701416016,0.00170762862319084,0.13999999999999999,squared_error,6,1000,0.6000000000000001,"{'model__learning_rate': 0.13999999999999999, 'model__loss': 'squared_error', 'model__max_depth': 6, 'model__n_estimators': 1000, 'model__subsample': 0.6000000000000001}",-0.345198617320174,-0.09333233932008711,-0.3150352495927955,-0.10427008200107513,0.12142477346194114,-0.14728230295443812,0.16986822024245438,269,0.9999999999999992,0.9999999999999991,0.9999999999999992,0.9999999999999992,0.999999999999999,0.9999999999999991,9.930136612989092e-17
10.409349155426025,5.721768368082648,0.010509824752807618,0.001536205008876132,0.13999999999999999,squared_error,6,1000,0.8,"{'model__learning_rate': 0.13999999999999999, 'model__loss': 'squared_error', 'model__max_depth': 6, 'model__n_estimators': 1000, 'model__subsample': 0.8}",-0.5434159261623328,-0.07970332623179632,-0.07283018472209091,-0.11386476135109702,-0.042914911676659395,-0.17054582202879529,0.18779521361861282,315,0.9999999999999991,0.999999999999999,0.9999999999999991,0.9999999999999992,0.9999999999999989,0.9999999999999991,1.2161883888976234e-16
3.80110502243042,1.689289550000967,0.026301050186157228,0.03226737994007686,0.13999999999999999,squared_error,9,200,0.2,"{'model__learning_rate': 0.13999999999999999, 'model__loss': 'squared_error', 'model__max_depth': 9, 'model__n_estimators': 200, 'model__subsample': 0.2}",-1.3194792539158264,-0.08839430245572388,-0.6289740458070439,-1.1858641756578976,-0.11057841076786934,-0.6666580377208722,0.5178386112037793,613,0.9952363420589793,0.9977961636853736,0.9976147680770429,0.9980282464919005,0.9968002084791402,0.9970951457584872,0.0010172757402500728
7.1322612285614015,3.610399046156278,0.010285329818725587,0.0010998062462570775,0.13999999999999999,squared_error,9,200,0.4,"{'model__learning_rate': 0.13999999999999999, 'model__loss': 'squared_error', 'model__max_depth': 9, 'model__n_estimators': 200, 'model__subsample': 0.4}",-0.6553095822249644,0.05995367905572635,-0.5925348833642186,-0.4467384693264489,-0.04736799541538739,-0.3363994502550586,0.2898684931129649,517,0.9999998939776356,0.9999999482906059,0.9999999346333895,0.9999999221855518,0.9999997782110875,0.9999998954596541,6.130152912011612e-08
13.739319658279419,5.872256478232412,0.009512042999267578,0.0012240739248797355,0.13999999999999999,squared_error,9,200,0.6000000000000001,"{'model__learning_rate': 0.13999999999999999, 'model__loss': 'squared_error', 'model__max_depth': 9, 'model__n_estimators': 200, 'model__subsample': 0.6000000000000001}",-0.43235519340753115,-0.12641965653165688,-0.5431734153128667,-0.30805040629951663,-0.1866985753496071,-0.3193394493802357,0.15350133102562946,504,0.9999999999996979,0.9999999999997351,0.9999999999992468,0.9999999999971795,0.9999999999979714,0.9999999999987661,1.018552000908283e-12
17.952286148071288,5.708715128789768,0.01661524772644043,0.01659295116909213,0.13999999999999999,squared_error,9,200,0.8,"{'model__learning_rate': 0.13999999999999999, 'model__loss': 'squared_error', 'model__max_depth': 9, 'model__n_estimators': 200, 'model__subsample': 0.8}",-0.5650367619831795,0.06000737477939988,-0.19237666202474912,-0.20508877458023012,0.005990528809787565,-0.17930085899979425,0.21964949770762374,327,0.9999999999999991,0.999999999999999,0.9999999999999991,0.9999999999999991,0.9999999999999989,0.9999999999999991,1.1102230246251565e-16
10.469602966308594,3.2004990945166703,0.02651181221008301,0.019344786410988846,0.13999999999999999,squared_error,9,500,0.2,"{'model__learning_rate': 0.13999999999999999, 'model__loss': 'squared_error', 'model__max_depth': 9, 'model__n_estimators': 500, 'model__subsample': 0.2}",-1.3614349834718444,-0.09335880635461447,-0.6066836379026426,-1.191503664677406,-0.11443112250285203,-0.6734824429818719,0.5282364200159856,614,0.9999988399792685,0.9999994221904883,0.9999993698711284,0.9999995518247223,0.9999993996314456,0.9999993166994106,2.463247155879876e-07
16.7089084148407,6.847384745621575,0.025098609924316406,0.029905446832085177,0.13999999999999999,squared_error,9,500,0.4,"{'model__learning_rate': 0.13999999999999999, 'model__loss': 'squared_error', 'model__max_depth': 9, 'model__n_estimators': 500, 'model__subsample': 0.4}",-0.6552853452543095,0.059962993585044866,-0.5925848282366517,-0.44689092356210214,-0.04745915111482213,-0.33645145091656814,0.28986796905778,518,0.9999999999999991,0.9999999999999991,0.9999999999999992,0.9999999999999992,0.999999999999999,0.9999999999999991,8.599750569898517e-17
21.67962098121643,2.824373006340172,0.03173861503601074,0.018120902937498854,0.13999999999999999,squared_error,9,500,0.6000000000000001,"{'model__learning_rate': 0.13999999999999999, 'model__loss': 'squared_error', 'model__max_depth': 9, 'model__n_estimators': 500, 'model__subsample': 0.6000000000000001}",-0.43235496103116433,-0.12641968384751556,-0.5431733898563904,-0.3080502654702677,-0.18669843251823637,-0.31933934654471485,0.15350130927356226,503,0.9999999999999992,0.9999999999999991,0.9999999999999992,0.9999999999999992,0.999999999999999,0.9999999999999991,9.930136612989092e-17
17.339956521987915,6.0883790893154295,0.01814432144165039,0.014536265367922992,0.13999999999999999,squared_error,9,500,0.8,"{'model__learning_rate': 0.13999999999999999, 'model__loss': 'squared_error', 'model__max_depth': 9, 'model__n_estimators': 500, 'model__subsample': 0.8}",-0.5650367622111623,0.06000737446156912,-0.19237666118672103,-0.20508877449389962,0.0059905298369449245,-0.17930085871865378,0.2196494978797351,326,0.9999999999999991,0.999999999999999,0.9999999999999992,0.9999999999999992,0.9999999999999989,0.9999999999999991,1.3136335981433191e-16
15.03793716430664,5.555272282439016,0.04531464576721191,0.04349487276832353,0.13999999999999999,squared_error,9,1000,0.2,"{'model__learning_rate': 0.13999999999999999, 'model__loss': 'squared_error', 'model__max_depth': 9, 'model__n_estimators': 1000, 'model__subsample': 0.2}",-1.3620361696808438,-0.09355394901769509,-0.6060873481731943,-1.191981309551943,-0.11428838133061392,-0.673589431550858,0.528489244442038,615,0.9999999999995468,0.9999999999998069,0.9999999999988592,0.9999999999998918,0.9999999999990447,0.9999999999994298,4.106556580419322e-13
22.837138509750368,5.870375521071026,0.03470144271850586,0.017344969121262162,0.13999999999999999,squared_error,9,1000,0.4,"{'model__learning_rate': 0.13999999999999999, 'model__loss': 'squared_error', 'model__max_depth': 9, 'model__n_estimators': 1000, 'model__subsample': 0.4}",-0.655285348652225,0.059962993083099714,-0.5925848321559541,-0.44689092504103334,-0.047459152914441916,-0.33645145313611097,0.28986797011447674,519,0.9999999999999992,0.9999999999999992,0.9999999999999993,0.9999999999999993,0.999999999999999,0.9999999999999993,1.6467268631127714e-16
16.642390727996826,6.223503645401755,0.03540215492248535,0.0366507508245392,0.13999999999999999,squared_error,9,1000,0.6000000000000001,"{'model__learning_rate': 0.13999999999999999, 'model__loss': 'squared_error', 'model__max_depth': 9, 'model__n_estimators': 1000, 'model__subsample': 0.6000000000000001}",-0.43235495926380385,-0.1264196829487647,-0.5431733878881131,-0.30805026406007086,-0.18669843340035697,-0.3193393455122219,0.15350130853349622,502,0.9999999999999992,0.9999999999999991,0.9999999999999992,0.9999999999999992,0.999999999999999,0.9999999999999991,9.930136612989092e-17
26.483255767822264,1.968934264127258,0.03468866348266601,0.020477718534299395,0.13999999999999999,squared_error,9,1000,0.8,"{'model__learning_rate': 0.13999999999999999, 'model__loss': 'squared_error', 'model__max_depth': 9, 'model__n_estimators': 1000, 'model__subsample': 0.8}",-0.5650367608064775,0.06000737538989864,-0.19237666119951702,-0.20508877455433616,0.005990530205805422,-0.17930085819292532,0.21964949765245667,325,0.9999999999999992,0.9999999999999991,0.9999999999999992,0.9999999999999992,0.9999999999999989,0.9999999999999991,1.3136335981433191e-16
6.204147434234619,1.814186480894221,0.02847113609313965,0.026359320700910963,0.13999999999999999,squared_error,12,200,0.2,"{'model__learning_rate': 0.13999999999999999, 'model__loss': 'squared_error', 'model__max_depth': 12, 'model__n_estimators': 200, 'model__subsample': 0.2}",-1.302450845526769,-0.45675547609873735,-1.2340610026015235,-1.4254127755604884,-0.3446827898174112,-0.9526725779209858,0.4562001601963203,634,0.9976061660777735,0.9953331973481369,0.9964681055353223,0.9967262520420821,0.9974117134530108,0.9967090868912651,0.0008062101268703469
8.580609226226807,3.4124380207813454,0.027355289459228514,0.020902196721926218,0.13999999999999999,squared_error,12,200,0.4,"{'model__learning_rate': 0.13999999999999999, 'model__loss': 'squared_error', 'model__max_depth': 12, 'model__n_estimators': 200, 'model__subsample': 0.4}",-0.5094903498211751,-0.06391659559729002,-0.6280334792390498,-0.47054438558353207,-0.07072222055390198,-0.3485414061589898,0.23541448173236326,524,0.9999999500596188,0.999999930286885,0.9999999071984619,0.9999999542331715,0.9999998971799107,0.9999999277916096,2.2638024085889037e-08
17.03612627983093,4.1153372573700056,0.009285449981689453,0.0006544422797202198,0.13999999999999999,squared_error,12,200,0.6000000000000001,"{'model__learning_rate': 0.13999999999999999, 'model__loss': 'squared_error', 'model__max_depth': 12, 'model__n_estimators': 200, 'model__subsample': 0.6000000000000001}",-0.36010114455319986,-0.19339834151396262,-0.2548462712335424,-0.14085662667680388,-0.22179298105108525,-0.2341990730057188,0.073224396903111,428,0.999999999999836,0.9999999999998154,0.9999999999996748,0.9999999999972086,0.9999999999961794,0.9999999999985428,1.5452637738439684e-12
18.34321403503418,8.019469602415013,0.02492246627807617,0.020412549260153717,0.13999999999999999,squared_error,12,200,0.8,"{'model__learning_rate': 0.13999999999999999, 'model__loss': 'squared_error', 'model__max_depth': 12, 'model__n_estimators': 200, 'model__subsample': 0.8}",-0.4983578389295169,-0.04056727131597726,-0.14670037881123577,-0.3312313878822115,0.052901921687079745,-0.19279099105037234,0.19909708925723688,359,0.9999999999999991,0.999999999999999,0.9999999999999991,0.9999999999999991,0.9999999999999989,0.9999999999999991,1.1102230246251565e-16
11.064538288116456,3.332486094696949,0.01992454528808594,0.01702495964654994,0.13999999999999999,squared_error,12,500,0.2,"{'model__learning_rate': 0.13999999999999999, 'model__loss': 'squared_error', 'model__max_depth': 12, 'model__n_estimators': 500, 'model__subsample': 0.2}",-1.3176216386364286,-0.49921742426226023,-1.2270587375584072,-1.4391961862428024,-0.3555227874898046,-0.9677233548379407,0.44861066017979984,635,0.9999992209909916,0.9999987842011727,0.999998981009849,0.9999992269995672,0.9999994520384219,0.9999991330480004,2.2940159732844576e-07
20.015173578262328,5.960461658670425,0.028915977478027342,0.01858974271234422,0.13999999999999999,squared_error,12,500,0.4,"{'model__learning_rate': 0.13999999999999999, 'model__loss': 'squared_error', 'model__max_depth': 12, 'model__n_estimators': 500, 'model__subsample': 0.4}",-0.5096069853301417,-0.06391749727144291,-0.6280334967695747,-0.4704559025170927,-0.07070432251860592,-0.3485436408813716,0.23542527836284452,525,0.9999999999999992,0.999999999999999,0.9999999999999991,0.9999999999999992,0.999999999999999,0.9999999999999991,9.930136612989092e-17
26.05494842529297,7.902975079096631,0.018886852264404296,0.01804537186679187,0.13999999999999999,squared_error,12,500,0.6000000000000001,"{'model__learning_rate': 0.13999999999999999, 'model__loss': 'squared_error', 'model__max_depth': 12, 'model__n_estimators': 500, 'model__subsample': 0.6000000000000001}",-0.3601011795922804,-0.19339820700670862,-0.2548464749815489,-0.14085664033082068,-0.2217932153844795,-0.23419914345916762,0.07322442401073039,430,0.9999999999999992,0.9999999999999991,0.9999999999999992,0.9999999999999992,0.999999999999999,0.9999999999999991,9.930136612989092e-17
25.024439001083373,8.119365873970594,0.027156305313110352,0.017437577445670187,0.13999999999999999,squared_error,12,500,0.8,"{'model__learning_rate': 0.13999999999999999, 'model__loss': 'squared_error', 'model__max_depth': 12, 'model__n_estimators': 500, 'model__subsample': 0.8}",-0.4983578401166622,-0.04056727103355051,-0.14670037945832415,-0.3312313883402307,0.052901922372142196,-0.19279099131532507,0.1990970898676355,361,0.9999999999999991,0.999999999999999,0.9999999999999991,0.9999999999999992,0.9999999999999989,0.9999999999999991,1.2161883888976234e-16
16.535815811157228,4.525554156481794,0.030812454223632813,0.021126494313584807,0.13999999999999999,squared_error,12,1000,0.2,"{'model__learning_rate': 0.13999999999999999, 'model__loss': 'squared_error', 'model__max_depth': 12, 'model__n_estimators': 1000, 'model__subsample': 0.2}",-1.3180148873221653,-0.49947508928833817,-1.227535249097735,-1.4391974243638388,-0.3554121326483983,-0.9679269565440951,0.44870378650185444,636,0.9999999999992328,0.9999999999991286,0.9999999999987099,0.9999999999996826,0.9999999999997681,0.9999999999993043,3.8664118643684863e-13
22.679223585128785,7.894135811323194,0.036012458801269534,0.01906145666293012,0.13999999999999999,squared_error,12,1000,0.4,"{'model__learning_rate': 0.13999999999999999, 'model__loss': 'squared_error', 'model__max_depth': 12, 'model__n_estimators': 1000, 'model__subsample': 0.4}",-0.509606987726682,-0.06391750053503964,-0.6280334925202629,-0.4704559022652155,-0.07070432324348763,-0.3485436412581375,0.2354252766955153,526,0.9999999999999993,0.9999999999999992,0.9999999999999993,0.9999999999999993,0.9999999999999991,0.9999999999999993,1.1102230246251565e-16
27.578334379196168,4.446986753446183,0.027567577362060548,0.018985921909198743,0.13999999999999999,squared_error,12,1000,0.6000000000000001,"{'model__learning_rate': 0.13999999999999999, 'model__loss': 'squared_error', 'model__max_depth': 12, 'model__n_estimators': 1000, 'model__subsample': 0.6000000000000001}",-0.3601011800379965,-0.19339820669881536,-0.2548464737433387,-0.1408566396344062,-0.22179321546820452,-0.23419914311655227,0.07322442430319988,429,0.9999999999999992,0.9999999999999991,0.9999999999999992,0.9999999999999992,0.999999999999999,0.9999999999999991,9.930136612989092e-17
17.87136607170105,7.1706976958138515,0.010207414627075195,0.0013592308392558216,0.13999999999999999,squared_error,12,1000,0.8,"{'model__learning_rate': 0.13999999999999999, 'model__loss': 'squared_error', 'model__max_depth': 12, 'model__n_estimators': 1000, 'model__subsample': 0.8}",-0.4983578403541711,-0.040567269671855755,-0.1467003794310533,-0.3312313883979252,0.052901922202585716,-0.19279099113048392,0.19909709011620008,360,0.9999999999999991,0.9999999999999991,0.9999999999999991,0.9999999999999992,0.9999999999999989,0.9999999999999991,1.1102230246251565e-16
4.061156368255615,0.054158387610278,0.04010663032531738,0.01581485642413143,0.13999999999999999,absolute_error,6,200,0.2,"{'model__learning_rate': 0.13999999999999999, 'model__loss': 'absolute_error', 'model__max_depth': 6, 'model__n_estimators': 200, 'model__subsample': 0.2}",-0.528747538952576,-0.5220790048772472,-0.45040430023304623,-0.13972336054167922,-0.3494278703946252,-0.39807641499983476,0.1444318345410196,547,0.8988477059484141,0.9068006894387671,0.834919157800778,0.7854541062565903,0.9037339591958007,0.86595112372807,0.04821030497234041
7.2076180934906,1.7463042275452403,0.007701730728149414,0.0007468224211132464,0.13999999999999999,absolute_error,6,200,0.4,"{'model__learning_rate': 0.13999999999999999, 'model__loss': 'absolute_error', 'model__max_depth': 6, 'model__n_estimators': 200, 'model__subsample': 0.4}",-0.23116165897856433,-0.29505785375478943,-0.022705319551276304,-0.4179788621456577,-0.011785732182859165,-0.1957378853226294,0.15766357544519982,369,0.9535664141762277,0.9108095072623612,0.9084437590427242,0.9022208946609338,0.9121311484596328,0.9174343447203759,0.018383789047015875
9.816247367858887,3.8392309906800492,0.025530099868774414,0.01935100959383743,0.13999999999999999,absolute_error,6,200,0.6000000000000001,"{'model__learning_rate': 0.13999999999999999, 'model__loss': 'absolute_error', 'model__max_depth': 6, 'model__n_estimators': 200, 'model__subsample': 0.6000000000000001}",-0.4596058544862167,-0.3733172601150565,-0.10801320616578747,-0.1632134045454796,-0.060448142220549395,-0.23291957350661793,0.15575951052359482,427,0.9359466456608432,0.9719215035032753,0.9720189393809747,0.9608812638535449,0.9620790780159603,0.9605694860829196,0.013180429613407929
14.635117244720458,4.10590703484623,0.02350277900695801,0.018214725825393494,0.13999999999999999,absolute_error,6,200,0.8,"{'model__learning_rate': 0.13999999999999999, 'model__loss': 'absolute_error', 'model__max_depth': 6, 'model__n_estimators': 200, 'model__subsample': 0.8}",-0.20006493080210586,-0.2838366057689399,0.01241766977974934,0.09003719304030078,0.0018096351762828533,-0.07592740771494255,0.1414415133774628,111,0.9792615199900548,0.9709131892325757,0.9775733679932552,0.9706747524218332,0.9199090570698222,0.9636663773415082,0.022149264296704035
7.412259864807129,2.9546429623717008,0.015445947647094727,0.014383532897032513,0.13999999999999999,absolute_error,6,500,0.2,"{'model__learning_rate': 0.13999999999999999, 'model__loss': 'absolute_error', 'model__max_depth': 6, 'model__n_estimators': 500, 'model__subsample': 0.2}",-0.7605580268099001,-0.5946839256463905,-0.5789422787005747,-0.18689761073877698,-0.3979184804438063,-0.5038000644678897,0.19568799392068306,599,0.9837977271342714,0.9741338427524648,0.941193105723552,0.934908797111112,0.9839507587221519,0.9635968462887103,0.021252375818666302
15.680356311798096,4.955815764455365,0.03028130531311035,0.01759364553770782,0.13999999999999999,absolute_error,6,500,0.4,"{'model__learning_rate': 0.13999999999999999, 'model__loss': 'absolute_error', 'model__max_depth': 6, 'model__n_estimators': 500, 'model__subsample': 0.4}",-0.2323650152438801,-0.29543340924536476,-0.041438036182484206,-0.49145679289891797,0.06095419992693396,-0.19994781072874263,0.1940830075763594,374,0.9946543730760277,0.9922116651947148,0.9875652898821163,0.9789431397309998,0.9921430937890399,0.9891035123345796,0.0055733477255246215
31.273370504379272,3.722786021619104,0.016835355758666994,0.01598902264225571,0.13999999999999999,absolute_error,6,500,0.6000000000000001,"{'model__learning_rate': 0.13999999999999999, 'model__loss': 'absolute_error', 'model__max_depth': 6, 'model__n_estimators': 500, 'model__subsample': 0.6000000000000001}",-0.5606098949273601,-0.38580136268788623,-0.10054525011744841,-0.1560272250918744,-0.025818597709568403,-0.2457604661068275,0.19811893120840793,439,0.9955533978214577,0.9988594191509667,0.9983896700910876,0.9951914948518021,0.9980242846320815,0.997203653309479,0.001522744688401559
36.11673145294189,7.5263112690893506,0.024711179733276366,0.01791313654300774,0.13999999999999999,absolute_error,6,500,0.8,"{'model__learning_rate': 0.13999999999999999, 'model__loss': 'absolute_error', 'model__max_depth': 6, 'model__n_estimators': 500, 'model__subsample': 0.8}",-0.2030754741855736,-0.27212440770603075,-0.010325924384198437,0.11947978144606675,0.010549512937713335,-0.07109930237840453,0.1445746330471467,94,0.9985230174419986,0.9976544175435385,0.9974578156744083,0.9994455672859712,0.986977470255125,0.9960116576402083,0.004571766362752615
15.752269172668457,4.322640247831043,0.017682504653930665,0.016149784465195022,0.13999999999999999,absolute_error,6,1000,0.2,"{'model__learning_rate': 0.13999999999999999, 'model__loss': 'absolute_error', 'model__max_depth': 6, 'model__n_estimators': 1000, 'model__subsample': 0.2}",-0.8180253611234494,-0.6365381790432494,-0.4416739776278613,-0.385813676835276,-0.37918190470875746,-0.5322466198677187,0.1706581586816867,607,0.9976697178878652,0.995468575984771,0.9859536355440427,0.979179145613813,0.9971066618962404,0.9910755473853465,0.007306360012413804
31.353115224838255,6.378990975715369,0.01920328140258789,0.012903601806046243,0.13999999999999999,absolute_error,6,1000,0.4,"{'model__learning_rate': 0.13999999999999999, 'model__loss': 'absolute_error', 'model__max_depth': 6, 'model__n_estimators': 1000, 'model__subsample': 0.4}",-0.25521074994417914,-0.26966629907921535,-0.025718245663040484,-0.48563129005704586,0.08458797165152954,-0.19032772261839026,0.20019167452779435,348,0.9989428302240941,0.99940055766752,0.9996291263943908,0.998097352341602,0.9997218371963668,0.9991583407647948,0.0005949752251474769
50.17656102180481,13.707500167676724,0.031705474853515624,0.016480582941650848,0.13999999999999999,absolute_error,6,1000,0.6000000000000001,"{'model__learning_rate': 0.13999999999999999, 'model__loss': 'absolute_error', 'model__max_depth': 6, 'model__n_estimators': 1000, 'model__subsample': 0.6000000000000001}",-0.6050358577916608,-0.3824907374431683,-0.09989150046622863,-0.14627164555417038,-0.02540301445875004,-0.2518185511427956,0.21322460423100167,448,0.9997266902098431,0.9999906816494329,0.9999720828142004,0.9998890258129003,0.9999614191971874,0.9999079799367128,9.698425710094031e-05
72.14845089912414,17.238996904083056,0.02592949867248535,0.017190084311183282,0.13999999999999999,absolute_error,6,1000,0.8,"{'model__learning_rate': 0.13999999999999999, 'model__loss': 'absolute_error', 'model__max_depth': 6, 'model__n_estimators': 1000, 'model__subsample': 0.8}",-0.2046942110776271,-0.2642565666032777,-0.012375759924934115,0.11682818290071728,0.015618115731576454,-0.06977604779470903,0.14243151203649076,91,0.9999715579709935,0.9998823573812241,0.9999903428903054,0.9999764255707684,0.9998171283978591,0.9999275624422299,6.708766241113215e-05
2.0774053573608398,0.8941025972751676,0.01623821258544922,0.01361633309322249,0.13999999999999999,absolute_error,9,200,0.2,"{'model__learning_rate': 0.13999999999999999, 'model__loss': 'absolute_error', 'model__max_depth': 9, 'model__n_estimators': 200, 'model__subsample': 0.2}",-0.528747538952576,-0.5220790048772472,-0.45040430023304623,-0.13972336054167922,-0.3494278703946252,-0.39807641499983476,0.1444318345410196,547,0.8988477059484141,0.9068006894387671,0.834919157800778,0.7854541062565903,0.9037339591958007,0.86595112372807,0.04821030497234041
6.175050735473633,2.3728407566251786,0.023990535736083986,0.017391688549608413,0.13999999999999999,absolute_error,9,200,0.4,"{'model__learning_rate': 0.13999999999999999, 'model__loss': 'absolute_error', 'model__max_depth': 9, 'model__n_estimators': 200, 'model__subsample': 0.4}",-0.14496864681494848,-0.30609360292836696,0.053341635498328155,-0.3111274479498254,0.017728632022896096,-0.13822388603438332,0.15436315123733785,234,0.935407905620085,0.9610639750295379,0.9527553973396035,0.9378835615333441,0.9071256402249195,0.938847295949498,0.018471804164155486
11.679490327835083,3.0844822459535717,0.036718225479125975,0.01463993341115114,0.13999999999999999,absolute_error,9,200,0.6000000000000001,"{'model__learning_rate': 0.13999999999999999, 'model__loss': 'absolute_error', 'model__max_depth': 9, 'model__n_estimators': 200, 'model__subsample': 0.6000000000000001}",-0.2562616692014883,-0.2058294204109523,-0.012927204400742243,0.056865720777552364,-0.07001799554346899,-0.0976341137558199,0.1171981527817858,156,0.9385729812759612,0.9680452054640417,0.9518107110299701,0.9757236540803549,0.98572871244587,0.9639762528592396,0.016858552274448015
12.88854660987854,4.9542626019974385,0.01679339408874512,0.013461405958831007,0.13999999999999999,absolute_error,9,200,0.8,"{'model__learning_rate': 0.13999999999999999, 'model__loss': 'absolute_error', 'model__max_depth': 9, 'model__n_estimators': 200, 'model__subsample': 0.8}",-0.2939809412057086,-0.17008784549040667,-0.03468003527818264,-0.08960981346761177,-0.10147421602507944,-0.13796657029339782,0.08911838914348486,233,0.9873066353278521,0.9804672249706818,0.9834513096505579,0.9808215647528356,0.9929570749862864,0.9850007619376427,0.0046698911839559275
8.02625036239624,2.219366583147504,0.008799886703491211,0.0007474858379276383,0.13999999999999999,absolute_error,9,500,0.2,"{'model__learning_rate': 0.13999999999999999, 'model__loss': 'absolute_error', 'model__max_depth': 9, 'model__n_estimators': 500, 'model__subsample': 0.2}",-0.7605580268099001,-0.5946839256463905,-0.5789422787005747,-0.18689761073877698,-0.3979184804438063,-0.5038000644678897,0.19568799392068306,599,0.9837977271342714,0.9741338427524648,0.941193105723552,0.934908797111112,0.9839507587221519,0.9635968462887103,0.021252375818666302
12.320154809951783,4.814840863979901,0.018041658401489257,0.013242372587612117,0.13999999999999999,absolute_error,9,500,0.4,"{'model__learning_rate': 0.13999999999999999, 'model__loss': 'absolute_error', 'model__max_depth': 9, 'model__n_estimators': 500, 'model__subsample': 0.4}",-0.16687513154105393,-0.2887437084881146,0.02009217449102174,-0.30482536963223517,0.030156386293610615,-0.14203912977535427,0.1446210744415278,249,0.9928035118960887,0.9964744958077645,0.9962690763589752,0.9901703949451172,0.9762528290239043,0.99039406160637,0.007447380946966357
24.056502914428712,5.279677006365199,0.024546480178833006,0.017522951313226894,0.13999999999999999,absolute_error,9,500,0.6000000000000001,"{'model__learning_rate': 0.13999999999999999, 'model__loss': 'absolute_error', 'model__max_depth': 9, 'model__n_estimators': 500, 'model__subsample': 0.6000000000000001}",-0.2721811755914336,-0.17117251962924018,-0.03193029567028072,0.05883436985732404,-0.0675937955699657,-0.09680868332071924,0.11451896441092645,155,0.9783525725254458,0.997214958217671,0.9964197705777007,0.9981729530185391,0.9993301115234398,0.9938980731725593,0.007833325129445207
35.01968050003052,12.811014929913606,0.03134026527404785,0.016635619690095083,0.13999999999999999,absolute_error,9,500,0.8,"{'model__learning_rate': 0.13999999999999999, 'model__loss': 'absolute_error', 'model__max_depth': 9, 'model__n_estimators': 500, 'model__subsample': 0.8}",-0.316399476618318,-0.1283116579978043,-0.03882749331267066,-0.0568116404930874,-0.08663219966067137,-0.12539649361651034,0.1001911992905776,208,0.9994531393733728,0.9992030495439775,0.9997303389582537,0.998769175876867,0.9998116849309957,0.9993934777366933,0.0003789321732480152
11.386722946166993,4.687015407526839,0.010301303863525391,0.0009821401577910004,0.13999999999999999,absolute_error,9,1000,0.2,"{'model__learning_rate': 0.13999999999999999, 'model__loss': 'absolute_error', 'model__max_depth': 9, 'model__n_estimators': 1000, 'model__subsample': 0.2}",-0.8180253611234494,-0.6365381790432494,-0.4416739776278613,-0.385813676835276,-0.37918190470875746,-0.5322466198677187,0.1706581586816867,607,0.9976697178878652,0.995468575984771,0.9859536355440427,0.979179145613813,0.9971066618962404,0.9910755473853465,0.007306360012413804
25.861818027496337,8.528880470076858,0.018469953536987306,0.01361365516424441,0.13999999999999999,absolute_error,9,1000,0.4,"{'model__learning_rate': 0.13999999999999999, 'model__loss': 'absolute_error', 'model__max_depth': 9, 'model__n_estimators': 1000, 'model__subsample': 0.4}",-0.2033431039339788,-0.278828483879904,0.016043333345099664,-0.31441949136785197,0.027958133307549926,-0.15051792250581703,0.14540576238775307,279,0.9998425871107237,0.9998226152109824,0.9998602551164226,0.998952494225925,0.9971358456396573,0.9991227594607421,0.0010515385434281726
40.296848964691165,11.358472015502556,0.03237175941467285,0.0164415830252845,0.13999999999999999,absolute_error,9,1000,0.6000000000000001,"{'model__learning_rate': 0.13999999999999999, 'model__loss': 'absolute_error', 'model__max_depth': 9, 'model__n_estimators': 1000, 'model__subsample': 0.6000000000000001}",-0.3014124101784672,-0.16363762661338543,-0.041824723575062395,0.05105930823233584,-0.06629608315625246,-0.10442230705816632,0.11988173663878936,176,0.9992450901799812,0.9998644721258864,0.9999358258746848,0.9999844457419392,0.999974571086897,0.9998008810018778,0.00028107708796053325
79.91092009544373,13.367943306995702,0.013190269470214844,0.0019105198901536611,0.13999999999999999,absolute_error,9,1000,0.8,"{'model__learning_rate': 0.13999999999999999, 'model__loss': 'absolute_error', 'model__max_depth': 9, 'model__n_estimators': 1000, 'model__subsample': 0.8}",-0.3213922556859923,-0.12505201368309105,-0.03955144064620186,-0.05672830383221261,-0.08360766324754665,-0.1252663354190089,0.10222071459461926,207,0.9999939160437818,0.9999992920942763,0.9999977309032408,0.9999936959176824,0.9999976124057228,0.999996449472941,2.2394330617776864e-06
3.3268649101257326,0.9429339510248679,0.014827966690063477,0.01429065350013523,0.13999999999999999,absolute_error,12,200,0.2,"{'model__learning_rate': 0.13999999999999999, 'model__loss': 'absolute_error', 'model__max_depth': 12, 'model__n_estimators': 200, 'model__subsample': 0.2}",-0.528747538952576,-0.5220790048772472,-0.45040430023304623,-0.13972336054167922,-0.3494278703946252,-0.39807641499983476,0.1444318345410196,547,0.8988477059484141,0.9068006894387671,0.834919157800778,0.7854541062565903,0.9037339591958007,0.86595112372807,0.04821030497234041
6.097183704376221,2.17794034983269,0.022648954391479494,0.015101246203741349,0.13999999999999999,absolute_error,12,200,0.4,"{'model__learning_rate': 0.13999999999999999, 'model__loss': 'absolute_error', 'model__max_depth': 12, 'model__n_estimators': 200, 'model__subsample': 0.4}",-0.14496864681494848,-0.30609360292836696,0.053341635498328155,-0.3111274479498254,0.017728632022896096,-0.13822388603438332,0.15436315123733785,234,0.935407905620085,0.9610639750295379,0.9527553973396035,0.9378835615333441,0.9071256402249195,0.938847295949498,0.018471804164155486
7.019936275482178,2.9562158492046455,0.016667890548706054,0.014160651852984861,0.13999999999999999,absolute_error,12,200,0.6000000000000001,"{'model__learning_rate': 0.13999999999999999, 'model__loss': 'absolute_error', 'model__max_depth': 12, 'model__n_estimators': 200, 'model__subsample': 0.6000000000000001}",-0.10889509138504794,-0.20898823783712084,-0.012927204400742243,0.056865720777552364,-0.07001799554346899,-0.06879256167776553,0.08963870178017018,89,0.9327385502130883,0.9644634019546372,0.9518107110299701,0.9757236540803549,0.98572871244587,0.9620930059447842,0.018533589116326295
13.265146684646606,4.970925995139694,0.010321331024169923,0.0016297052499635886,0.13999999999999999,absolute_error,12,200,0.8,"{'model__learning_rate': 0.13999999999999999, 'model__loss': 'absolute_error', 'model__max_depth': 12, 'model__n_estimators': 200, 'model__subsample': 0.8}",-0.32808697086394756,-0.1515142360317343,-0.04409772104057064,-0.1126737438540335,0.08722918802745072,-0.10982869675256705,0.13604030565836647,180,0.9726258802609137,0.9854112017648122,0.9886536060164148,0.9701593770064311,0.98634302653918,0.9806386183175505,0.007662588640322096
5.904395723342896,2.6098137033881126,0.01630082130432129,0.013219417876079368,0.13999999999999999,absolute_error,12,500,0.2,"{'model__learning_rate': 0.13999999999999999, 'model__loss': 'absolute_error', 'model__max_depth': 12, 'model__n_estimators': 500, 'model__subsample': 0.2}",-0.7605580268099001,-0.5946839256463905,-0.5789422787005747,-0.18689761073877698,-0.3979184804438063,-0.5038000644678897,0.19568799392068306,599,0.9837977271342714,0.9741338427524648,0.941193105723552,0.934908797111112,0.9839507587221519,0.9635968462887103,0.021252375818666302
12.051423501968383,4.442826195028314,0.008568859100341797,0.0012256052133510233,0.13999999999999999,absolute_error,12,500,0.4,"{'model__learning_rate': 0.13999999999999999, 'model__loss': 'absolute_error', 'model__max_depth': 12, 'model__n_estimators': 500, 'model__subsample': 0.4}",-0.16687513154105393,-0.2887437084881146,0.02009217449102174,-0.30482536963223517,0.030156386293610615,-0.14203912977535427,0.1446210744415278,249,0.9928035118960887,0.9964744958077645,0.9962690763589752,0.9901703949451172,0.9762528290239043,0.99039406160637,0.007447380946966357
18.058573055267335,6.505928190697029,0.010729217529296875,0.001416035656322313,0.13999999999999999,absolute_error,12,500,0.6000000000000001,"{'model__learning_rate': 0.13999999999999999, 'model__loss': 'absolute_error', 'model__max_depth': 12, 'model__n_estimators': 500, 'model__subsample': 0.6000000000000001}",-0.1682762821892272,-0.20119763997882156,-0.03193029567028072,0.07107142365214458,-0.06627197345893965,-0.0793209535290249,0.09777626976356157,113,0.9863448709195262,0.9927240518016768,0.9964197705777007,0.9982897592815513,0.9993857086742527,0.9946328322509415,0.004722072511528047
40.29725456237793,6.118240385782273,0.031122207641601562,0.01652027659759547,0.13999999999999999,absolute_error,12,500,0.8,"{'model__learning_rate': 0.13999999999999999, 'model__loss': 'absolute_error', 'model__max_depth': 12, 'model__n_estimators': 500, 'model__subsample': 0.8}",-0.36141183761569695,-0.14714312877754132,-0.041601239145947266,-0.11222596469800417,0.07854761092537033,-0.11676691186236388,0.14463202661844513,190,0.9979824792802546,0.9996443312983911,0.9998232745231456,0.9989358483996243,0.9997555982649798,0.9992283063532792,0.0006989588526932599
11.169040489196778,4.77829075825121,0.030548477172851564,0.017561538847029674,0.13999999999999999,absolute_error,12,1000,0.2,"{'model__learning_rate': 0.13999999999999999, 'model__loss': 'absolute_error', 'model__max_depth': 12, 'model__n_estimators': 1000, 'model__subsample': 0.2}",-0.8180253611234494,-0.6365381790432494,-0.4416739776278613,-0.385813676835276,-0.37918190470875746,-0.5322466198677187,0.1706581586816867,607,0.9976697178878652,0.995468575984771,0.9859536355440427,0.979179145613813,0.9971066618962404,0.9910755473853465,0.007306360012413804
28.312540435791014,9.656665476634448,0.026455783843994142,0.015313768674662769,0.13999999999999999,absolute_error,12,1000,0.4,"{'model__learning_rate': 0.13999999999999999, 'model__loss': 'absolute_error', 'model__max_depth': 12, 'model__n_estimators': 1000, 'model__subsample': 0.4}",-0.2033431039339788,-0.278828483879904,0.016043333345099664,-0.31441949136785197,0.027958133307549926,-0.15051792250581703,0.14540576238775307,279,0.9998425871107237,0.9998226152109824,0.9998602551164226,0.998952494225925,0.9971358456396573,0.9991227594607421,0.0010515385434281726
47.6487654209137,14.178739023443946,0.03149027824401855,0.016631230950963426,0.13999999999999999,absolute_error,12,1000,0.6000000000000001,"{'model__learning_rate': 0.13999999999999999, 'model__loss': 'absolute_error', 'model__max_depth': 12, 'model__n_estimators': 1000, 'model__subsample': 0.6000000000000001}",-0.17876147113392982,-0.20414957171617587,-0.041824723575062395,0.06985089537219535,-0.06537469030692611,-0.08405191227197976,0.09920826238790417,132,0.9999074786242055,0.9999778348197662,0.9999358258746848,0.9999579666543891,0.9999976931390264,0.9999553598224145,3.1553811275684084e-05
57.821731853485105,8.847793677573327,0.019896697998046876,0.01250990833906125,0.13999999999999999,absolute_error,12,1000,0.8,"{'model__learning_rate': 0.13999999999999999, 'model__loss': 'absolute_error', 'model__max_depth': 12, 'model__n_estimators': 1000, 'model__subsample': 0.8}",-0.3686405948082381,-0.14447747324693538,-0.03963095950268425,-0.11368238155950805,0.07924809158195867,-0.11743666350708142,0.1473684739593517,192,0.9999969508312776,0.9999890133070982,0.9999977462860858,0.9999916504379482,0.9999985436793487,0.9999947809083517,3.7609984140513154e-06
1.7320678234100342,0.04069696631127421,0.01041102409362793,0.002466997322909997,0.16,squared_error,6,200,0.2,"{'model__learning_rate': 0.16, 'model__loss': 'squared_error', 'model__max_depth': 6, 'model__n_estimators': 200, 'model__subsample': 0.2}",-0.6762875181262811,-0.5859188936697066,-1.1467312308844675,-0.6966403166593396,-0.5361996435662251,-0.728355520581204,0.21724053018188497,622,0.9983494381832679,0.9977590213110447,0.9977243268164099,0.9981327024871763,0.9987738447547387,0.9981478667105275,0.0003907163448680524
5.445744752883911,2.2894501376734335,0.01596360206604004,0.013246208933712828,0.16,squared_error,6,200,0.4,"{'model__learning_rate': 0.16, 'model__loss': 'squared_error', 'model__max_depth': 6, 'model__n_estimators': 200, 'model__subsample': 0.4}",-0.5567172221670829,-0.13559247067763303,-0.9147204201858203,0.05669055636680409,-0.12967969663648504,-0.33600385066004346,0.35229832110750864,516,0.9999999757949073,0.9999999890490514,0.9999999822683269,0.999999978175042,0.9999999640863283,0.9999999778747313,8.230492375671175e-09
10.138755130767823,4.148810788320175,0.016955089569091798,0.0162941435659632,0.16,squared_error,6,200,0.6000000000000001,"{'model__learning_rate': 0.16, 'model__loss': 'squared_error', 'model__max_depth': 6, 'model__n_estimators': 200, 'model__subsample': 0.6000000000000001}",-0.3856048536621157,0.0013894559770264436,-0.15005083490384075,-0.07829763231465114,-0.08221084132231615,-0.13895494124517946,0.1323291728877502,238,0.9999999999992675,0.9999999999997651,0.9999999999990105,0.9999999999990073,0.9999999999990103,0.9999999999992122,2.9398505281041435e-13
13.858626794815063,4.0417747997704945,0.007833480834960938,0.0006563498674728405,0.16,squared_error,6,200,0.8,"{'model__learning_rate': 0.16, 'model__loss': 'squared_error', 'model__max_depth': 6, 'model__n_estimators': 200, 'model__subsample': 0.8}",-0.3724113008742831,-0.17583231960252488,-0.10980779566681687,-0.04861143950273572,0.09245253030040979,-0.12284206506919015,0.1530520246726885,201,0.9999999999999991,0.999999999999999,0.9999999999999991,0.9999999999999991,0.9999999999999989,0.9999999999999991,1.1102230246251565e-16
8.41354055404663,3.647476314906291,0.016583633422851563,0.013591022401837441,0.16,squared_error,6,500,0.2,"{'model__learning_rate': 0.16, 'model__loss': 'squared_error', 'model__max_depth': 6, 'model__n_estimators': 500, 'model__subsample': 0.2}",-0.6284198910188514,-0.5848133729608174,-1.1345873646530893,-0.6851682558584524,-0.5350389715577812,-0.7136055712097983,0.2162241486355326,616,0.9999998117779442,0.9999997317776135,0.9999996096996535,0.9999997714536477,0.9999999344978903,0.9999997718413498,1.0578021051343955e-07
14.880806493759156,4.6752841009772546,0.02239089012145996,0.017258899605621946,0.16,squared_error,6,500,0.4,"{'model__learning_rate': 0.16, 'model__loss': 'squared_error', 'model__max_depth': 6, 'model__n_estimators': 500, 'model__subsample': 0.4}",-0.5566559851379653,-0.13558757717121606,-0.9147231470261714,0.05668253940581636,-0.1296598298570657,-0.33598879995732045,0.3522926413783846,514,0.9999999999999992,0.999999999999999,0.9999999999999992,0.9999999999999992,0.999999999999999,0.9999999999999991,1.1102230246251565e-16
12.685486459732056,2.714781329558158,0.008293628692626953,0.0007555389298365162,0.16,squared_error,6,500,0.6000000000000001,"{'model__learning_rate': 0.16, 'model__loss': 'squared_error', 'model__max_depth': 6, 'model__n_estimators': 500, 'model__subsample': 0.6000000000000001}",-0.38560511254786345,0.0013893918432638097,-0.1500511776013116,-0.07829760427781385,-0.08221086936367006,-0.13895507438947902,0.13232926170468287,239,0.9999999999999992,0.9999999999999991,0.9999999999999992,0.9999999999999992,0.999999999999999,0.9999999999999991,9.930136612989092e-17
10.635334634780884,5.266034706798394,0.02361006736755371,0.01711727150164218,0.16,squared_error,6,500,0.8,"{'model__learning_rate': 0.16, 'model__loss': 'squared_error', 'model__max_depth': 6, 'model__n_estimators': 500, 'model__subsample': 0.8}",-0.3724113013667836,-0.1758323199453673,-0.10980779574085298,-0.04861144110680882,0.09245253058394654,-0.12284206551517322,0.1530520247799564,202,0.9999999999999991,0.999999999999999,0.9999999999999991,0.9999999999999992,0.9999999999999989,0.9999999999999991,1.2161883888976234e-16
20.604221248626708,3.0078408050694136,0.012055540084838867,0.0009176530052850749,0.16,squared_error,6,1000,0.2,"{'model__learning_rate': 0.16, 'model__loss': 'squared_error', 'model__max_depth': 6, 'model__n_estimators': 1000, 'model__subsample': 0.2}",-0.6283954439815522,-0.5850114031232168,-1.134836728334927,-0.6852806038540222,-0.5350261013499285,-0.7137100561287294,0.21629877014294616,617,0.9999999999999701,0.9999999999999519,0.999999999999793,0.9999999999999258,0.9999999999999708,0.9999999999999224,6.668620930434618e-14
14.378452634811401,6.0788184504334355,0.017100811004638672,0.01414284773405745,0.16,squared_error,6,1000,0.4,"{'model__learning_rate': 0.16, 'model__loss': 'squared_error', 'model__max_depth': 6, 'model__n_estimators': 1000, 'model__subsample': 0.4}",-0.5566559874126449,-0.13558757956564627,-0.9147231486044822,0.05668253732022466,-0.12965983122327418,-0.33598880189716457,0.3522926412845323,515,0.9999999999999993,0.9999999999999992,0.9999999999999993,0.9999999999999993,0.9999999999999991,0.9999999999999993,1.1102230246251565e-16
16.444408655166626,3.4850501912361733,0.029522466659545898,0.016218653177057996,0.16,squared_error,6,1000,0.6000000000000001,"{'model__learning_rate': 0.16, 'model__loss': 'squared_error', 'model__max_depth': 6, 'model__n_estimators': 1000, 'model__subsample': 0.6000000000000001}",-0.3856051114220549,0.0013893905144427565,-0.15005117763548292,-0.07829760430871557,-0.08221086936971878,-0.13895507444430588,0.1323292610003611,240,0.9999999999999992,0.9999999999999991,0.9999999999999992,0.9999999999999992,0.999999999999999,0.9999999999999991,9.930136612989092e-17
12.159623193740845,5.50772337942639,0.016429805755615236,0.013924200551172602,0.16,squared_error,6,1000,0.8,"{'model__learning_rate': 0.16, 'model__loss': 'squared_error', 'model__max_depth': 6, 'model__n_estimators': 1000, 'model__subsample': 0.8}",-0.3724113006037746,-0.17583231963200507,-0.10980779317017042,-0.0486114412114349,0.09245253060084135,-0.12284206480330873,0.15305202454781203,200,0.9999999999999991,0.999999999999999,0.9999999999999992,0.9999999999999992,0.9999999999999989,0.9999999999999991,1.3136335981433191e-16
2.3962168216705324,1.3150218828874918,0.009192705154418945,0.0005916125366798652,0.16,squared_error,9,200,0.2,"{'model__learning_rate': 0.16, 'model__loss': 'squared_error', 'model__max_depth': 9, 'model__n_estimators': 200, 'model__subsample': 0.2}",-1.5235931274943133,-0.1369642597737073,-1.3763464083912802,-1.5210917767124075,-0.5641701208532135,-1.0244331386449843,0.5690547430907519,648,0.9982220563480728,0.9978021870630975,0.9989604359284668,0.9978771747508534,0.9969798015173884,0.9979683311215757,0.0006421452404033009
7.0810424327850345,3.529652826206499,0.009213638305664063,0.00039689094514938443,0.16,squared_error,9,200,0.4,"{'model__learning_rate': 0.16, 'model__loss': 'squared_error', 'model__max_depth': 9, 'model__n_estimators': 200, 'model__subsample': 0.4}",-0.29000762208893294,-0.25154230553366586,-0.6869016945157094,-0.6911511021596188,-0.28642028781610995,-0.4412046024228074,0.20279586364874597,576,0.9999999804384961,0.9999999900729987,0.9999999922441608,0.999999992484197,0.9999999817756166,0.9999999874030937,5.226012867316781e-09
13.349641895294189,4.738354661172346,0.016553926467895507,0.013057229209537143,0.16,squared_error,9,200,0.6000000000000001,"{'model__learning_rate': 0.16, 'model__loss': 'squared_error', 'model__max_depth': 9, 'model__n_estimators': 200, 'model__subsample': 0.6000000000000001}",-0.3407951878642417,-0.18569695542702314,-0.2547524423118601,-0.20345595690297635,0.0013138174696788463,-0.19667734500728448,0.11270287353055781,373,0.9999999999999595,0.9999999999999823,0.9999999999999823,0.999999999999957,0.9999999999999235,0.9999999999999609,2.161151139758032e-14
9.250749683380127,4.400574880639485,0.00949091911315918,0.001222426991002972,0.16,squared_error,9,200,0.8,"{'model__learning_rate': 0.16, 'model__loss': 'squared_error', 'model__max_depth': 9, 'model__n_estimators': 200, 'model__subsample': 0.8}",-0.5568583043910176,0.013584318541591478,-0.33562872860300974,-0.10578250915873033,-0.10874634499571068,-0.2186863137213754,0.2033811869823634,401,0.9999999999999991,0.999999999999999,0.9999999999999991,0.9999999999999991,0.9999999999999989,0.9999999999999991,1.1102230246251565e-16
7.9786351203918455,3.4601538796094826,0.017922449111938476,0.013513300529332523,0.16,squared_error,9,500,0.2,"{'model__learning_rate': 0.16, 'model__loss': 'squared_error', 'model__max_depth': 9, 'model__n_estimators': 500, 'model__subsample': 0.2}",-1.4905667110248366,-0.1537419913337641,-1.3689046260653992,-1.4788770880007411,-0.5692120169990711,-1.0122604866847624,0.5490079949092295,642,0.999999828908872,0.9999997950169985,0.9999998907586565,0.9999996554120462,0.9999997117339238,0.9999997763660995,8.36677443486494e-08
15.491437292098999,6.320878290255381,0.01729922294616699,0.013172712665293278,0.16,squared_error,9,500,0.4,"{'model__learning_rate': 0.16, 'model__loss': 'squared_error', 'model__max_depth': 9, 'model__n_estimators': 500, 'model__subsample': 0.4}",-0.28998096391958117,-0.2515208389646355,-0.6869377415443909,-0.6911621342394856,-0.2864107904841051,-0.44120249383043963,0.20281675795087883,575,0.9999999999999992,0.9999999999999991,0.9999999999999992,0.9999999999999992,0.999999999999999,0.9999999999999991,9.930136612989092e-17
13.398621225357056,5.5017714339330865,0.025131654739379884,0.018216904604314015,0.16,squared_error,9,500,0.6000000000000001,"{'model__learning_rate': 0.16, 'model__loss': 'squared_error', 'model__max_depth': 9, 'model__n_estimators': 500, 'model__subsample': 0.6000000000000001}",-0.34079518135980336,-0.18569697893070503,-0.2547524274990378,-0.20345587381489905,0.001313819070641764,-0.1966773285067607,0.1127028694455094,372,0.9999999999999992,0.9999999999999991,0.9999999999999992,0.9999999999999992,0.999999999999999,0.9999999999999991,9.930136612989092e-17
9.876706075668334,5.456719904089621,0.0168027400970459,0.013908594737593006,0.16,squared_error,9,500,0.8,"{'model__learning_rate': 0.16, 'model__loss': 'squared_error', 'model__max_depth': 9, 'model__n_estimators': 500, 'model__subsample': 0.8}",-0.556858304585254,0.013584319128100208,-0.3356287282963357,-0.10578250961764324,-0.10874634480703138,-0.21868631363563282,0.2033811871151006,400,0.9999999999999991,0.999999999999999,0.9999999999999992,0.9999999999999992,0.9999999999999989,0.9999999999999991,1.3136335981433191e-16
21.209628200531007,6.317642504086173,0.03856120109558105,0.012764265605967632,0.16,squared_error,9,1000,0.2,"{'model__learning_rate': 0.16, 'model__loss': 'squared_error', 'model__max_depth': 9, 'model__n_estimators': 1000, 'model__subsample': 0.2}",-1.4902774248782684,-0.1538793826966276,-1.3688354200159711,-1.4787654503913834,-0.5691014167391908,-1.0121718189442883,0.5489045088341028,641,0.9999999999999628,0.9999999999999811,0.9999999999999383,0.9999999999998691,0.9999999999999633,0.9999999999999429,3.934186159675921e-14
13.854520511627197,5.390532147456078,0.016946792602539062,0.012781793514555065,0.16,squared_error,9,1000,0.4,"{'model__learning_rate': 0.16, 'model__loss': 'squared_error', 'model__max_depth': 9, 'model__n_estimators': 1000, 'model__subsample': 0.4}",-0.289980964369543,-0.2515208397937627,-0.6869377421477669,-0.6911621332523903,-0.2864107877013782,-0.44120249345296825,0.20281675805635896,574,0.9999999999999993,0.9999999999999992,0.9999999999999992,0.9999999999999993,0.9999999999999991,0.9999999999999993,1.2161883888976234e-16
13.85307698249817,5.263460258518896,0.01590895652770996,0.012968844898709123,0.16,squared_error,9,1000,0.6000000000000001,"{'model__learning_rate': 0.16, 'model__loss': 'squared_error', 'model__max_depth': 9, 'model__n_estimators': 1000, 'model__subsample': 0.6000000000000001}",-0.34079518022205346,-0.18569697784345163,-0.25475242769125184,-0.203455873844836,0.001313819626468371,-0.1966773279950249,0.11270286939117692,371,0.9999999999999992,0.9999999999999991,0.9999999999999992,0.9999999999999992,0.999999999999999,0.9999999999999991,9.930136612989092e-17
15.441320514678955,6.384317443390087,0.009481859207153321,0.0009579920705811963,0.16,squared_error,9,1000,0.8,"{'model__learning_rate': 0.16, 'model__loss': 'squared_error', 'model__max_depth': 9, 'model__n_estimators': 1000, 'model__subsample': 0.8}",-0.5568583032256462,0.013584318962458375,-0.33562872826155266,-0.10578250983013415,-0.10874634464937394,-0.21868631340084974,0.20338118661458157,399,0.9999999999999991,0.999999999999999,0.9999999999999992,0.9999999999999992,0.9999999999999989,0.9999999999999991,1.3136335981433191e-16
2.41373348236084,1.1867025953216312,0.009625911712646484,0.0019492014074889647,0.16,squared_error,12,200,0.2,"{'model__learning_rate': 0.16, 'model__loss': 'squared_error', 'model__max_depth': 12, 'model__n_estimators': 200, 'model__subsample': 0.2}",-1.0769717741254077,-0.11126852450387359,-1.4668550274819356,-1.1069769551483972,-0.38791172304808796,-0.8299968008615405,0.5010613925185061,628,0.9983652296691083,0.9964300630202075,0.997759851745488,0.9983392657851916,0.9976393473400624,0.9977067515120115,0.0007029885136254076
7.521136951446533,3.256932058705973,0.009699535369873048,0.001129783103931903,0.16,squared_error,12,200,0.4,"{'model__learning_rate': 0.16, 'model__loss': 'squared_error', 'model__max_depth': 12, 'model__n_estimators': 200, 'model__subsample': 0.4}",-0.41576769696402693,-0.08435380568927675,-0.8114898536396942,-0.3394213627467655,-0.1869008239581238,-0.3675867085995774,0.2502130942708439,536,0.9999999904637936,0.9999999926276346,0.9999999805248764,0.999999992716043,0.9999999768686618,0.9999999866402017,6.637247186755491e-09
17.16150860786438,3.7893701975169236,0.0170565128326416,0.014026382508310682,0.16,squared_error,12,200,0.6000000000000001,"{'model__learning_rate': 0.16, 'model__loss': 'squared_error', 'model__max_depth': 12, 'model__n_estimators': 200, 'model__subsample': 0.6000000000000001}",-0.4206141421516354,-0.07238337565254782,0.14804428868961228,-0.44624840881786776,-0.24314774468099154,-0.20686987652268604,0.22287012366658834,376,0.9999999999999977,0.999999999999995,0.9999999999999908,0.9999999999999644,0.9999999999999654,0.9999999999999826,1.4681581889587206e-14
11.307456827163696,2.2724804287654634,0.016047239303588867,0.012626858178092842,0.16,squared_error,12,200,0.8,"{'model__learning_rate': 0.16, 'model__loss': 'squared_error', 'model__max_depth': 12, 'model__n_estimators': 200, 'model__subsample': 0.8}",-0.20615104862708522,0.001886409971361136,-0.2661705965259884,-0.1455327536549058,-0.004818766298789079,-0.12415735102708148,0.10721600969289952,203,0.9999999999999991,0.999999999999999,0.9999999999999991,0.9999999999999992,0.9999999999999989,0.9999999999999991,1.2161883888976234e-16
6.698490571975708,3.0348970675805935,0.011311149597167969,0.0011738191239482033,0.16,squared_error,12,500,0.2,"{'model__learning_rate': 0.16, 'model__loss': 'squared_error', 'model__max_depth': 12, 'model__n_estimators': 500, 'model__subsample': 0.2}",-1.0723774046369172,-0.1000226637125472,-1.4949157652716694,-1.1177214502378505,-0.37008179066546076,-0.8310238149048891,0.515369739875815,629,0.9999998238928428,0.9999997893354723,0.9999998942226731,0.9999997844269701,0.999999461063871,0.9999997505883659,1.499834544516808e-07
19.836561059951784,5.597357191662261,0.031801271438598636,0.01660609607862443,0.16,squared_error,12,500,0.4,"{'model__learning_rate': 0.16, 'model__loss': 'squared_error', 'model__max_depth': 12, 'model__n_estimators': 500, 'model__subsample': 0.4}",-0.4157812303709505,-0.08439250335035586,-0.811526651698341,-0.33939835880311886,-0.18692025057692008,-0.3676037989599373,0.2502156244331441,537,0.9999999999999992,0.9999999999999991,0.9999999999999992,0.9999999999999992,0.999999999999999,0.9999999999999991,9.930136612989092e-17
13.094893741607667,3.883225694805938,0.009861564636230469,0.0018740689431117623,0.16,squared_error,12,500,0.6000000000000001,"{'model__learning_rate': 0.16, 'model__loss': 'squared_error', 'model__max_depth': 12, 'model__n_estimators': 500, 'model__subsample': 0.6000000000000001}",-0.4206141436350257,-0.07238340676952282,0.14804429729992696,-0.44624845539734026,-0.24314772855466216,-0.20686988741132478,0.22287013241901665,377,0.9999999999999992,0.9999999999999991,0.9999999999999992,0.9999999999999992,0.999999999999999,0.9999999999999991,9.930136612989092e-17
14.548133182525635,5.825732710817133,0.02816462516784668,0.022943763370531608,0.16,squared_error,12,500,0.8,"{'model__learning_rate': 0.16, 'model__loss': 'squared_error', 'model__max_depth': 12, 'model__n_estimators': 500, 'model__subsample': 0.8}",-0.20615104937228068,0.0018864101080393603,-0.2661705968387471,-0.14553275413757238,-0.0048187661974992135,-0.124157351287612,0.10721600996366064,205,0.9999999999999992,0.999999999999999,0.9999999999999992,0.9999999999999992,0.9999999999999989,0.9999999999999991,1.4043333874306804e-16
11.380319547653198,3.279656409331705,0.020154666900634766,0.013671356022619385,0.16,squared_error,12,1000,0.2,"{'model__learning_rate': 0.16, 'model__loss': 'squared_error', 'model__max_depth': 12, 'model__n_estimators': 1000, 'model__subsample': 0.2}",-1.0723316814220096,-0.0998832243127239,-1.4951012471360352,-1.1182112726068625,-0.3700318337631274,-0.8311118518481517,0.5155162634561647,630,0.9999999999999843,0.9999999999999211,0.9999999999999627,0.9999999999999425,0.9999999999999302,0.9999999999999482,2.285107623437189e-14
15.817633628845215,6.395739880702834,0.019364023208618165,0.014576991368184291,0.16,squared_error,12,1000,0.4,"{'model__learning_rate': 0.16, 'model__loss': 'squared_error', 'model__max_depth': 12, 'model__n_estimators': 1000, 'model__subsample': 0.4}",-0.41578123298834635,-0.08439250358801176,-0.811526655276205,-0.33939835797921614,-0.18692025070587204,-0.36760380010753024,0.2502156257496304,538,0.9999999999999993,0.9999999999999992,0.9999999999999992,0.9999999999999993,0.9999999999999991,0.9999999999999993,1.2161883888976234e-16
19.242612838745117,7.359190367326082,0.0173922061920166,0.01360737222623745,0.16,squared_error,12,1000,0.6000000000000001,"{'model__learning_rate': 0.16, 'model__loss': 'squared_error', 'model__max_depth': 12, 'model__n_estimators': 1000, 'model__subsample': 0.6000000000000001}",-0.42061414393581487,-0.07238340746851346,0.1480442972885746,-0.446248455332376,-0.24314772881596358,-0.20686988765281863,0.22287013238328862,378,0.9999999999999992,0.9999999999999991,0.9999999999999992,0.9999999999999992,0.999999999999999,0.9999999999999991,9.930136612989092e-17
21.01120481491089,4.328222513787451,0.023161602020263673,0.01737048460779132,0.16,squared_error,12,1000,0.8,"{'model__learning_rate': 0.16, 'model__loss': 'squared_error', 'model__max_depth': 12, 'model__n_estimators': 1000, 'model__subsample': 0.8}",-0.20615104919448268,0.001886410271486283,-0.26617059683379196,-0.14553275416075784,-0.004818766135739283,-0.1241573512106571,0.10721600998825657,204,0.9999999999999992,0.999999999999999,0.9999999999999992,0.9999999999999992,0.9999999999999989,0.9999999999999991,1.4043333874306804e-16
1.6995428085327149,0.31406368836115783,0.016856670379638672,0.014776742676414732,0.16,absolute_error,6,200,0.2,"{'model__learning_rate': 0.16, 'model__loss': 'absolute_error', 'model__max_depth': 6, 'model__n_estimators': 200, 'model__subsample': 0.2}",-0.3027884599131192,-0.39301930619778114,-0.722290436681789,-0.6836958215961202,-0.1399816343413689,-0.4483551317460357,0.22350468229035506,582,0.8804715468323749,0.9175932175037698,0.8634965194561274,0.9285885336294035,0.8703357077435617,0.8920971050330474,0.02610893189287323
5.843249034881592,2.328508789059321,0.02183666229248047,0.016509920537175565,0.16,absolute_error,6,200,0.4,"{'model__learning_rate': 0.16, 'model__loss': 'absolute_error', 'model__max_depth': 6, 'model__n_estimators': 200, 'model__subsample': 0.4}",-0.2543249643762111,-0.5040581722111315,-0.195256375836653,-0.3516181992831229,-0.20241724447799236,-0.30153499123702215,0.11564793557194705,494,0.9377072070326935,0.9588885320454206,0.9715021193261688,0.9443911906817002,0.9757200612051952,0.9576418220582357,0.014788190997520139
8.992348146438598,3.055009121596433,0.02279362678527832,0.01730763174283387,0.16,absolute_error,6,200,0.6000000000000001,"{'model__learning_rate': 0.16, 'model__loss': 'absolute_error', 'model__max_depth': 6, 'model__n_estimators': 200, 'model__subsample': 0.6000000000000001}",-0.21250487927720152,-0.24232523050952426,-0.16651942163173605,-0.13818390202763653,-0.0006904744912359373,-0.15204478158746687,0.08380423418107695,287,0.9478724759218026,0.9856778138917711,0.9655317232863404,0.951661811430993,0.9868701399801417,0.9675227929022098,0.016404844863401623
13.904723691940308,3.1487225797238705,0.015308952331542969,0.01400870762336615,0.16,absolute_error,6,200,0.8,"{'model__learning_rate': 0.16, 'model__loss': 'absolute_error', 'model__max_depth': 6, 'model__n_estimators': 200, 'model__subsample': 0.8}",-0.300326052657484,-0.12852429607942661,-0.1926074298523741,-0.10853528432367354,0.011985657365371383,-0.14360148110951737,0.10259482605213632,261,0.9779146716504555,0.991945112505796,0.9605832835922707,0.9678836054773778,0.9819935427214473,0.9760640431894695,0.010930376314637811
6.926564502716064,2.569370996418019,0.030011510848999022,0.026160439416321953,0.16,absolute_error,6,500,0.2,"{'model__learning_rate': 0.16, 'model__loss': 'absolute_error', 'model__max_depth': 6, 'model__n_estimators': 500, 'model__subsample': 0.2}",-0.22502305920389976,-0.3239934821525434,-0.7141924483365123,-0.705235027867487,-0.13091008176125918,-0.4198708198643404,0.24442355618145406,563,0.974749199330292,0.98964506962313,0.955407662490133,0.9874635569917993,0.9571654832050248,0.9728861943280759,0.014487719105832927
13.971631622314453,3.813142271566156,0.029322242736816405,0.015601926857725216,0.16,absolute_error,6,500,0.4,"{'model__learning_rate': 0.16, 'model__loss': 'absolute_error', 'model__max_depth': 6, 'model__n_estimators': 500, 'model__subsample': 0.4}",-0.3738195127470245,-0.5005850220409995,-0.18287043249873203,-0.30253815766648895,-0.18997302145938733,-0.30995722928252645,0.11918024441040792,500,0.9945271037144691,0.9950900594299994,0.9961267254250684,0.9969071262278181,0.9966870417607849,0.9958676113116279,0.0009187758369086781
29.25642685890198,1.9877909307830084,0.02354264259338379,0.016804916136321908,0.16,absolute_error,6,500,0.6000000000000001,"{'model__learning_rate': 0.16, 'model__loss': 'absolute_error', 'model__max_depth': 6, 'model__n_estimators': 500, 'model__subsample': 0.6000000000000001}",-0.3893093200361477,-0.22467442082963074,-0.19771113659781347,-0.11144153346461039,0.00020658962887887267,-0.18458596425986468,0.12898790844760247,342,0.9982263052334098,0.998941011128825,0.9980270891216209,0.9951242258345819,0.99930900978202,0.9979255282200915,0.0014760286754428417
35.1065788269043,9.191122734879741,0.024329328536987306,0.017859172927352767,0.16,absolute_error,6,500,0.8,"{'model__learning_rate': 0.16, 'model__loss': 'absolute_error', 'model__max_depth': 6, 'model__n_estimators': 500, 'model__subsample': 0.8}",-0.37177970725888,-0.12423537317465017,-0.2572099619866688,-0.10203652393545526,0.029215867994386913,-0.16520913967225345,0.13755454425484612,304,0.9996793668638931,0.9995553217350814,0.9986971995533945,0.9990739959327601,0.9996191266804209,0.99932500215311,0.00038007128871241265
12.798192739486694,4.314466056958942,0.011057615280151367,0.0011484256437209238,0.16,absolute_error,6,1000,0.2,"{'model__learning_rate': 0.16, 'model__loss': 'absolute_error', 'model__max_depth': 6, 'model__n_estimators': 1000, 'model__subsample': 0.2}",-0.33069801651075603,-0.33839097211224045,-0.731830877392823,-0.7175401364183749,-0.1392915794749905,-0.45155031638183696,0.23418950087397888,585,0.9941937676800084,0.9963233056204742,0.9899962466875677,0.9980213387869605,0.9867860132110374,0.9930641343972096,0.004130348275997189
25.041361808776855,9.26895236648753,0.025615215301513672,0.01787193138275904,0.16,absolute_error,6,1000,0.4,"{'model__learning_rate': 0.16, 'model__loss': 'absolute_error', 'model__max_depth': 6, 'model__n_estimators': 1000, 'model__subsample': 0.4}",-0.3819623085261421,-0.5064253476211598,-0.20771667265857108,-0.2872875236275896,-0.18520900449009936,-0.31372017138471237,0.11852663907847906,501,0.9999555404550537,0.9999440917746887,0.999885656411541,0.9999069678393209,0.9998979447274576,0.9999180402416125,2.7055826047312794e-05
44.11977453231812,11.497414818463657,0.034029150009155275,0.019735444846195337,0.16,absolute_error,6,1000,0.6000000000000001,"{'model__learning_rate': 0.16, 'model__loss': 'absolute_error', 'model__max_depth': 6, 'model__n_estimators': 1000, 'model__subsample': 0.6000000000000001}",-0.3909958133022997,-0.22026540149298013,-0.21238609882311588,-0.1165462350772577,0.0028576354399021398,-0.18746718265115025,0.12990296087717557,345,0.9999958371117768,0.9999922807670796,0.9999932552224633,0.9999571206169063,0.9999990743115958,0.9999875136059643,1.537762291582994e-05
67.60537099838257,14.004769059284788,0.018802642822265625,0.012985400305473684,0.16,absolute_error,6,1000,0.8,"{'model__learning_rate': 0.16, 'model__loss': 'absolute_error', 'model__max_depth': 6, 'model__n_estimators': 1000, 'model__subsample': 0.8}",-0.37928562982588687,-0.12346504381514456,-0.2518056002455269,-0.10308139109281789,0.028472076031346716,-0.1658331177896059,0.13888166464711177,312,0.9999938007402494,0.9999978129843099,0.9999914594989279,0.9999989269805117,0.9999948146226398,0.9999953629653276,2.708618617617941e-06
3.3521797180175783,0.9056126989471992,0.009005928039550781,0.002651605682721943,0.16,absolute_error,9,200,0.2,"{'model__learning_rate': 0.16, 'model__loss': 'absolute_error', 'model__max_depth': 9, 'model__n_estimators': 200, 'model__subsample': 0.2}",-0.3027884599131192,-0.39301930619778114,-0.722290436681789,-0.6836958215961202,-0.1399816343413689,-0.4483551317460357,0.22350468229035506,582,0.8804715468323749,0.9175932175037698,0.8634965194561274,0.9285885336294035,0.8703357077435617,0.8920971050330474,0.02610893189287323
5.721645355224609,1.2992993947026419,0.015918874740600587,0.013971264686535308,0.16,absolute_error,9,200,0.4,"{'model__learning_rate': 0.16, 'model__loss': 'absolute_error', 'model__max_depth': 9, 'model__n_estimators': 200, 'model__subsample': 0.4}",-0.3162343563227432,-0.4902175881254316,-0.195256375836653,-0.368979063880736,-0.1540119593697582,-0.3049398687070644,0.12113308359572725,498,0.9605666228164522,0.9496052016896788,0.9715021193261688,0.950097981412734,0.9480237469711955,0.9559591344432459,0.008949964008815982
8.392050743103027,3.137033229516287,0.016582202911376954,0.014152830095589798,0.16,absolute_error,9,200,0.6000000000000001,"{'model__learning_rate': 0.16, 'model__loss': 'absolute_error', 'model__max_depth': 9, 'model__n_estimators': 200, 'model__subsample': 0.6000000000000001}",-0.4206062922454168,-0.27158284310081915,-0.07310626312931001,-0.10473917470012717,-0.05707354204438908,-0.18542162304401244,0.14023780653509252,343,0.9815230477719061,0.9707527312806649,0.971089517935559,0.9721530775957749,0.9774198280102144,0.9745876405188237,0.00421880662868649
13.130310201644898,3.531852510277545,0.01481785774230957,0.012865017156315339,0.16,absolute_error,9,200,0.8,"{'model__learning_rate': 0.16, 'model__loss': 'absolute_error', 'model__max_depth': 9, 'model__n_estimators': 200, 'model__subsample': 0.8}",-0.09631028397869579,-0.03764005205849652,-0.1447193307693333,-0.1402983729697882,0.09254026228947776,-0.06528555549736721,0.08783216248837679,78,0.9884659062670846,0.9829443878734772,0.9823146442622303,0.9966136596895524,0.9866291008805201,0.9873935397945729,0.005144610388123134
4.984016561508179,2.0927350100548354,0.015570116043090821,0.012887349077973452,0.16,absolute_error,9,500,0.2,"{'model__learning_rate': 0.16, 'model__loss': 'absolute_error', 'model__max_depth': 9, 'model__n_estimators': 500, 'model__subsample': 0.2}",-0.22502305920389976,-0.3239934821525434,-0.7141924483365123,-0.705235027867487,-0.13091008176125918,-0.4198708198643404,0.24442355618145406,563,0.974749199330292,0.98964506962313,0.955407662490133,0.9874635569917993,0.9571654832050248,0.9728861943280759,0.014487719105832927
15.898746013641357,4.6098455433979915,0.02147846221923828,0.01588258924024473,0.16,absolute_error,9,500,0.4,"{'model__learning_rate': 0.16, 'model__loss': 'absolute_error', 'model__max_depth': 9, 'model__n_estimators': 500, 'model__subsample': 0.4}",-0.33444867986289983,-0.4507936287532117,-0.17322552893150878,-0.3834016885247882,-0.16305755729661353,-0.3009854166738044,0.11463107394053737,492,0.9955042589113859,0.9907546796221774,0.9968444068553538,0.994130631342866,0.9948990822888757,0.9944266118041318,0.002039655605182608
19.01715111732483,4.503530103804409,0.0310518741607666,0.01679655922615674,0.16,absolute_error,9,500,0.6000000000000001,"{'model__learning_rate': 0.16, 'model__loss': 'absolute_error', 'model__max_depth': 9, 'model__n_estimators': 500, 'model__subsample': 0.6000000000000001}",-0.43290576665576697,-0.26406617898718876,-0.08688578926765711,-0.11056960222096768,-0.0763795889754868,-0.19416138522141346,0.1372980342592361,365,0.998017243556348,0.9986611531318691,0.9987290359721944,0.9994875046339884,0.9986611061684451,0.9987112086925689,0.0004668097327464008
34.61898350715637,9.351955001536352,0.017272233963012695,0.014152972635763513,0.16,absolute_error,9,500,0.8,"{'model__learning_rate': 0.16, 'model__loss': 'absolute_error', 'model__max_depth': 9, 'model__n_estimators': 500, 'model__subsample': 0.8}",-0.10901490123839208,-0.0301652236154224,-0.1800786754421042,-0.14177890199607734,0.09207889533458824,-0.07379176139148155,0.09651546873712229,103,0.999919456765224,0.9982681050266934,0.9998042481689055,0.9998570868742865,0.999400404441011,0.9994498602552241,0.0006182129879838622
11.944083833694458,3.067831894007216,0.010691690444946288,0.0017482647527668432,0.16,absolute_error,9,1000,0.2,"{'model__learning_rate': 0.16, 'model__loss': 'absolute_error', 'model__max_depth': 9, 'model__n_estimators': 1000, 'model__subsample': 0.2}",-0.33069801651075603,-0.33839097211224045,-0.731830877392823,-0.7175401364183749,-0.1392915794749905,-0.45155031638183696,0.23418950087397888,585,0.9941937676800084,0.9963233056204742,0.9899962466875677,0.9980213387869605,0.9867860132110374,0.9930641343972096,0.004130348275997189
31.241133165359496,4.169656142612433,0.02431640625,0.017539037120233247,0.16,absolute_error,9,1000,0.4,"{'model__learning_rate': 0.16, 'model__loss': 'absolute_error', 'model__max_depth': 9, 'model__n_estimators': 1000, 'model__subsample': 0.4}",-0.3545833697080356,-0.42645894485633584,-0.18877646952518812,-0.35195322605908475,-0.1674284721617305,-0.297840096462075,0.10158041591664903,490,0.9997604808118369,0.9997254019745644,0.9999086020653363,0.9997861948639878,0.9998761102775094,0.999811357998647,6.965540278230726e-05
35.13215780258179,14.02514814911011,0.012111902236938477,0.000885093272417107,0.16,absolute_error,9,1000,0.6000000000000001,"{'model__learning_rate': 0.16, 'model__loss': 'absolute_error', 'model__max_depth': 9, 'model__n_estimators': 1000, 'model__subsample': 0.6000000000000001}",-0.43666446607013265,-0.26968144222815815,-0.09255852180928414,-0.11074136065797124,-0.07104774811300296,-0.19613870777570983,0.1392339643928695,370,0.9999978600682297,0.9998927485226319,0.9999947128750456,0.9999975290618268,0.9999893841910806,0.999974446943763,4.096198216663915e-05
59.46297464370728,15.799587972504918,0.012860822677612304,0.0010031311866447947,0.16,absolute_error,9,1000,0.8,"{'model__learning_rate': 0.16, 'model__loss': 'absolute_error', 'model__max_depth': 9, 'model__n_estimators': 1000, 'model__subsample': 0.8}",-0.11066370025546024,-0.022832666092183818,-0.17826559156660893,-0.13550767553597431,0.0928184361722526,-0.07089023945559494,0.096329505660486,93,0.9999982295425537,0.9999972061421396,0.9999999186810186,0.9999982022855809,0.9999962635786624,0.9999979640459911,1.2176906012118327e-06
3.286953353881836,0.9141758546810916,0.024475955963134767,0.01623284610486949,0.16,absolute_error,12,200,0.2,"{'model__learning_rate': 0.16, 'model__loss': 'absolute_error', 'model__max_depth': 12, 'model__n_estimators': 200, 'model__subsample': 0.2}",-0.3027884599131192,-0.39301930619778114,-0.722290436681789,-0.6836958215961202,-0.1399816343413689,-0.4483551317460357,0.22350468229035506,582,0.8804715468323749,0.9175932175037698,0.8634965194561274,0.9285885336294035,0.8703357077435617,0.8920971050330474,0.02610893189287323
6.419436025619507,2.111700792086793,0.015657901763916016,0.015801328824300173,0.16,absolute_error,12,200,0.4,"{'model__learning_rate': 0.16, 'model__loss': 'absolute_error', 'model__max_depth': 12, 'model__n_estimators': 200, 'model__subsample': 0.4}",-0.3162343563227432,-0.4902175881254316,-0.195256375836653,-0.368979063880736,-0.1540119593697582,-0.3049398687070644,0.12113308359572725,498,0.9605666228164522,0.9496052016896788,0.9715021193261688,0.950097981412734,0.9480237469711955,0.9559591344432459,0.008949964008815982
9.318141603469849,3.235265943672862,0.014710140228271485,0.01353101427523812,0.16,absolute_error,12,200,0.6000000000000001,"{'model__learning_rate': 0.16, 'model__loss': 'absolute_error', 'model__max_depth': 12, 'model__n_estimators': 200, 'model__subsample': 0.6000000000000001}",-0.44677913005448633,-0.2712700352655253,-0.17240551976753782,-0.10473917470012717,-0.04969042974498583,-0.20897685790653248,0.14000391719818955,382,0.9830040986774233,0.9707036153822312,0.9759977597626948,0.9721530775957749,0.9725317712805904,0.974878064539743,0.004419113482825263
11.867190313339233,5.434315171801158,0.016480302810668944,0.012643726843539978,0.16,absolute_error,12,200,0.8,"{'model__learning_rate': 0.16, 'model__loss': 'absolute_error', 'model__max_depth': 12, 'model__n_estimators': 200, 'model__subsample': 0.8}",-0.2830164259866321,-0.026437700984395907,-0.03456322774801546,-0.1745750762877234,0.04926115635964534,-0.09386625492942431,0.11902992551314467,151,0.9902839787741664,0.9883457389848804,0.980521864177861,0.975424947890192,0.9883221446342618,0.9845797348922722,0.005674561754971768
7.936419534683227,2.1311005067472153,0.015181493759155274,0.013129735774323133,0.16,absolute_error,12,500,0.2,"{'model__learning_rate': 0.16, 'model__loss': 'absolute_error', 'model__max_depth': 12, 'model__n_estimators': 500, 'model__subsample': 0.2}",-0.22502305920389976,-0.3239934821525434,-0.7141924483365123,-0.705235027867487,-0.13091008176125918,-0.4198708198643404,0.24442355618145406,563,0.974749199330292,0.98964506962313,0.955407662490133,0.9874635569917993,0.9571654832050248,0.9728861943280759,0.014487719105832927
12.266499900817871,4.638227592904545,0.015561056137084962,0.013490662825550259,0.16,absolute_error,12,500,0.4,"{'model__learning_rate': 0.16, 'model__loss': 'absolute_error', 'model__max_depth': 12, 'model__n_estimators': 500, 'model__subsample': 0.4}",-0.33444867986289983,-0.4507936287532117,-0.17322552893150878,-0.3834016885247882,-0.16305755729661353,-0.3009854166738044,0.11463107394053737,492,0.9955042589113859,0.9907546796221774,0.9968444068553538,0.994130631342866,0.9948990822888757,0.9944266118041318,0.002039655605182608
25.516843795776367,7.089524443626136,0.024569988250732422,0.01618191499026516,0.16,absolute_error,12,500,0.6000000000000001,"{'model__learning_rate': 0.16, 'model__loss': 'absolute_error', 'model__max_depth': 12, 'model__n_estimators': 500, 'model__subsample': 0.6000000000000001}",-0.4998598976733377,-0.265876154259282,-0.16330107341378852,-0.11056960222096768,-0.04622875910571311,-0.2171670973346178,0.15860156466052974,396,0.9989897880211905,0.9984400755305675,0.999223024223332,0.9994875046339884,0.9987248719811328,0.9989730528780422,0.0003669018828488773
26.28488326072693,9.86464922719584,0.00966019630432129,0.0008047552677179597,0.16,absolute_error,12,500,0.8,"{'model__learning_rate': 0.16, 'model__loss': 'absolute_error', 'model__max_depth': 12, 'model__n_estimators': 500, 'model__subsample': 0.8}",-0.30672543790081974,-0.029841867290559154,-0.046063400561397794,-0.18549759634639473,0.049798983060092006,-0.10366586380781588,0.12668789092815694,175,0.9999083330463928,0.9995303041942606,0.9997121836954299,0.9990456635213996,0.9998557970315625,0.9996104562978092,0.00031134750244695845
13.961239767074584,3.92279783972069,0.022524642944335937,0.01617358464245064,0.16,absolute_error,12,1000,0.2,"{'model__learning_rate': 0.16, 'model__loss': 'absolute_error', 'model__max_depth': 12, 'model__n_estimators': 1000, 'model__subsample': 0.2}",-0.33069801651075603,-0.33839097211224045,-0.731830877392823,-0.7175401364183749,-0.1392915794749905,-0.45155031638183696,0.23418950087397888,585,0.9941937676800084,0.9963233056204742,0.9899962466875677,0.9980213387869605,0.9867860132110374,0.9930641343972096,0.004130348275997189
25.787517881393434,8.29161602294636,0.018375968933105467,0.013680246795114521,0.16,absolute_error,12,1000,0.4,"{'model__learning_rate': 0.16, 'model__loss': 'absolute_error', 'model__max_depth': 12, 'model__n_estimators': 1000, 'model__subsample': 0.4}",-0.3545833697080356,-0.42645894485633584,-0.18877646952518812,-0.35195322605908475,-0.1674284721617305,-0.297840096462075,0.10158041591664903,490,0.9997604808118369,0.9997254019745644,0.9999086020653363,0.9997861948639878,0.9998761102775094,0.999811357998647,6.965540278230726e-05
53.51973395347595,8.930139518057944,0.045271873474121094,0.0021936225979424903,0.16,absolute_error,12,1000,0.6000000000000001,"{'model__learning_rate': 0.16, 'model__loss': 'absolute_error', 'model__max_depth': 12, 'model__n_estimators': 1000, 'model__subsample': 0.6000000000000001}",-0.5124683905066287,-0.2561377618981946,-0.16846761733024862,-0.11084025411706944,-0.04708828713462854,-0.21900046219735397,0.1620546814703841,402,0.9999911463032052,0.9999952436076812,0.9999961097754675,0.9999983089977451,0.999999024083582,0.9999959665535363,2.7789750390133117e-06
65.83279457092286,14.318407093353937,0.02727818489074707,0.01580834626018799,0.16,absolute_error,12,1000,0.8,"{'model__learning_rate': 0.16, 'model__loss': 'absolute_error', 'model__max_depth': 12, 'model__n_estimators': 1000, 'model__subsample': 0.8}",-0.30554804892308307,-0.028930819667049246,-0.04835673041617827,-0.1826592333642585,0.051290438609910005,-0.10284087875213181,0.12621319171728068,174,0.9999987651683918,0.9999945529261619,0.9999990239882791,0.9999996969524543,0.9999999018109054,0.9999983881692385,1.962626213630001e-06
2.4729459285736084,1.0912861333763193,0.016998291015625,0.014051197458893206,0.18,squared_error,6,200,0.2,"{'model__learning_rate': 0.18, 'model__loss': 'squared_error', 'model__max_depth': 6, 'model__n_estimators': 200, 'model__subsample': 0.2}",-1.6799987652545734,-0.6796527675333857,-1.17430965694265,-0.6916364388188532,-0.8266192079274479,-1.0104433672953819,0.3794754779750389,640,0.9985541766375053,0.998408447788363,0.9988809388179968,0.9990326572228387,0.9981608565899649,0.9986074154113338,0.0003154307896246997
6.539317560195923,1.9008954235503563,0.01665802001953125,0.012944728951613452,0.18,squared_error,6,200,0.4,"{'model__learning_rate': 0.18, 'model__loss': 'squared_error', 'model__max_depth': 6, 'model__n_estimators': 200, 'model__subsample': 0.4}",-0.6868969133530154,-0.13642693146881357,-0.6623933872329493,-0.3900748768412301,-0.11544400219756468,-0.3982472222187146,0.24563637915232225,550,0.999999997617302,0.9999999861156822,0.9999999956630997,0.9999999902821658,0.9999999928609591,0.9999999925078418,4.049697904467573e-09
9.566426610946655,3.727614456429547,0.01599993705749512,0.012458025596235909,0.18,squared_error,6,200,0.6000000000000001,"{'model__learning_rate': 0.18, 'model__loss': 'squared_error', 'model__max_depth': 6, 'model__n_estimators': 200, 'model__subsample': 0.6000000000000001}",-0.3162811362454865,-0.17503993388166217,-0.21031644236308233,-0.46081262016861557,-0.08007707924590979,-0.24850544238095126,0.1303008646086091,443,0.9999999999999768,0.9999999999999392,0.9999999999999891,0.9999999999999752,0.9999999999999156,0.9999999999999591,2.7432620211666932e-14
8.892558813095093,2.1879307995213897,0.014426612854003906,0.013105733351499473,0.18,squared_error,6,200,0.8,"{'model__learning_rate': 0.18, 'model__loss': 'squared_error', 'model__max_depth': 6, 'model__n_estimators': 200, 'model__subsample': 0.8}",-0.6443433633417464,-0.008883574108815573,-0.20679027815228146,-0.12032621556302048,0.11359288642865895,-0.173350108947441,0.258901505421758,323,0.9999999999999991,0.999999999999999,0.9999999999999991,0.9999999999999991,0.9999999999999989,0.9999999999999991,1.1102230246251565e-16
7.054519844055176,3.4595519524402354,0.016200876235961913,0.013169212630458185,0.18,squared_error,6,500,0.2,"{'model__learning_rate': 0.18, 'model__loss': 'squared_error', 'model__max_depth': 6, 'model__n_estimators': 500, 'model__subsample': 0.2}",-1.6865650063337196,-0.7167487240853658,-1.1765694152850665,-0.6678234916775379,-0.8326495742772806,-1.0160712423317941,0.379429973819634,643,0.9999998008443991,0.9999999395537464,0.9999999673762333,0.9999998896426994,0.999999899467135,0.9999998993768427,5.6641865892045924e-08
11.706253051757812,4.762623072687027,0.01764841079711914,0.01580220041675533,0.18,squared_error,6,500,0.4,"{'model__learning_rate': 0.18, 'model__loss': 'squared_error', 'model__max_depth': 6, 'model__n_estimators': 500, 'model__subsample': 0.4}",-0.6869092407356543,-0.1364109161810474,-0.6624045241231544,-0.39008228975428216,-0.11544013336213421,-0.3982494208312545,0.24564592724027456,551,0.9999999999999992,0.9999999999999991,0.9999999999999992,0.9999999999999992,0.999999999999999,0.9999999999999991,9.930136612989092e-17
11.751938962936402,4.808283262670736,0.0158416748046875,0.013862318977917482,0.18,squared_error,6,500,0.6000000000000001,"{'model__learning_rate': 0.18, 'model__loss': 'squared_error', 'model__max_depth': 6, 'model__n_estimators': 500, 'model__subsample': 0.6000000000000001}",-0.316281179398221,-0.1750399708577124,-0.2103164424605053,-0.4608126228617906,-0.08007710706904025,-0.2485054645294539,0.13030085860726515,445,0.9999999999999992,0.9999999999999991,0.9999999999999992,0.9999999999999992,0.999999999999999,0.9999999999999991,9.930136612989092e-17
9.559536170959472,4.511168421769848,0.008899927139282227,0.0011135921398249106,0.18,squared_error,6,500,0.8,"{'model__learning_rate': 0.18, 'model__loss': 'squared_error', 'model__max_depth': 6, 'model__n_estimators': 500, 'model__subsample': 0.8}",-0.6443433630958249,-0.008883572212334823,-0.20679027837002328,-0.12032621592755288,0.11359288702697579,-0.173350108515752,0.25890150569654624,321,0.9999999999999992,0.9999999999999991,0.9999999999999991,0.9999999999999992,0.9999999999999989,0.9999999999999991,1.2161883888976234e-16
9.61546082496643,3.054337061350472,0.019940662384033202,0.013908062727156122,0.18,squared_error,6,1000,0.2,"{'model__learning_rate': 0.18, 'model__loss': 'squared_error', 'model__max_depth': 6, 'model__n_estimators': 1000, 'model__subsample': 0.2}",-1.686747619425602,-0.7170487538478307,-1.1765962377037513,-0.6676771397609962,-0.8327201582506571,-1.0161579817977675,0.37946951357682196,644,0.9999999999999934,0.9999999999999953,0.9999999999999982,0.9999999999999908,0.9999999999999593,0.9999999999999873,1.4285511926086054e-14
16.171589851379395,4.470388560806812,0.022918176651000977,0.01695492043343471,0.18,squared_error,6,1000,0.4,"{'model__learning_rate': 0.18, 'model__loss': 'squared_error', 'model__max_depth': 6, 'model__n_estimators': 1000, 'model__subsample': 0.4}",-0.6869092412156814,-0.13641091592791454,-0.6624045255150881,-0.3900822913936006,-0.11544013239176398,-0.39824942128880975,0.24564592791895226,552,0.9999999999999993,0.9999999999999991,0.9999999999999993,0.9999999999999993,0.9999999999999991,0.9999999999999993,1.4043333874306804e-16
11.933927631378173,4.945271225913359,0.02247166633605957,0.016915428642822635,0.18,squared_error,6,1000,0.6000000000000001,"{'model__learning_rate': 0.18, 'model__loss': 'squared_error', 'model__max_depth': 6, 'model__n_estimators': 1000, 'model__subsample': 0.6000000000000001}",-0.3162811835324426,-0.1750399684304924,-0.2103164411459657,-0.46081262199019557,-0.08007710739098584,-0.24850546449801642,0.130300859020842,444,0.9999999999999992,0.9999999999999992,0.9999999999999992,0.9999999999999992,0.999999999999999,0.9999999999999991,1.1102230246251565e-16
10.984947538375854,4.174447960319471,0.01598949432373047,0.012654322228464928,0.18,squared_error,6,1000,0.8,"{'model__learning_rate': 0.18, 'model__loss': 'squared_error', 'model__max_depth': 6, 'model__n_estimators': 1000, 'model__subsample': 0.8}",-0.6443433625922153,-0.008883572825984176,-0.2067902786473883,-0.12032621599011395,0.11359288696359005,-0.17335010861842232,0.25890150542590146,322,0.9999999999999992,0.9999999999999991,0.9999999999999992,0.9999999999999992,0.9999999999999989,0.9999999999999991,1.3136335981433191e-16
2.1665088653564455,0.845332273060101,0.009105348587036132,0.0006708052641062985,0.18,squared_error,9,200,0.2,"{'model__learning_rate': 0.18, 'model__loss': 'squared_error', 'model__max_depth': 9, 'model__n_estimators': 200, 'model__subsample': 0.2}",-0.8482017071626282,-0.6177591917678491,-1.7864443370266354,-1.394973867529346,-0.3265063810232214,-0.994777096901936,0.528603267049541,637,0.9982694703530657,0.9985951264715098,0.9982559878717845,0.9989261836731932,0.9984641628419422,0.9985021862422989,0.0002468310391061006
7.463856792449951,2.7886569153947347,0.02239394187927246,0.017205004882513114,0.18,squared_error,9,200,0.4,"{'model__learning_rate': 0.18, 'model__loss': 'squared_error', 'model__max_depth': 9, 'model__n_estimators': 200, 'model__subsample': 0.4}",-0.29072548829402023,-0.2726041271207085,-0.8956177895701471,-0.5071927967061014,-0.030644116195014393,-0.39935686357719835,0.29042025312240244,555,0.9999999989848838,0.999999997998762,0.9999999984683812,0.9999999988973672,0.9999999974869789,0.9999999983672746,5.627404222195681e-10
13.046914386749268,2.820175594278735,0.009014320373535157,0.0005419082676644854,0.18,squared_error,9,200,0.6000000000000001,"{'model__learning_rate': 0.18, 'model__loss': 'squared_error', 'model__max_depth': 9, 'model__n_estimators': 200, 'model__subsample': 0.6000000000000001}",-0.285717740770252,-0.18609985783713268,-0.27442292715452576,-0.20468209373709945,-0.12270990387567804,-0.2147265046749376,0.059984745364329115,393,0.999999999999999,0.9999999999999986,0.9999999999999989,0.9999999999999982,0.9999999999999933,0.9999999999999976,2.1493642493073505e-15
10.206809139251709,3.715059408646407,0.015656089782714842,0.012617892382602214,0.18,squared_error,9,200,0.8,"{'model__learning_rate': 0.18, 'model__loss': 'squared_error', 'model__max_depth': 9, 'model__n_estimators': 200, 'model__subsample': 0.8}",-0.594837013387959,-0.04482149070129604,-0.4061803576483096,-0.28218576564741404,0.027189214875081857,-0.2601670825019794,0.2292404969091997,463,0.9999999999999991,0.999999999999999,0.9999999999999991,0.9999999999999992,0.9999999999999989,0.9999999999999991,1.2161883888976234e-16
9.404852056503296,2.701946367752933,0.024324846267700196,0.015509611950846972,0.18,squared_error,9,500,0.2,"{'model__learning_rate': 0.18, 'model__loss': 'squared_error', 'model__max_depth': 9, 'model__n_estimators': 500, 'model__subsample': 0.2}",-0.8711350789526564,-0.628629167035156,-1.7382591669487337,-1.4108270075253548,-0.33379903579820946,-0.9965298912520222,0.5122677830157579,639,0.999999713023053,0.9999999390280769,0.9999998722482446,0.9999999149090165,0.9999999113983783,0.9999998701213538,8.14153102918095e-08
12.98181881904602,4.6267876066564,0.023254823684692384,0.016458308306188777,0.18,squared_error,9,500,0.4,"{'model__learning_rate': 0.18, 'model__loss': 'squared_error', 'model__max_depth': 9, 'model__n_estimators': 500, 'model__subsample': 0.4}",-0.290736314788139,-0.2725978347183702,-0.8956231667619334,-0.5071948579535996,-0.030630737506683214,-0.3993565823457451,0.2904253803546831,554,0.9999999999999992,0.9999999999999991,0.9999999999999992,0.9999999999999992,0.999999999999999,0.9999999999999991,9.930136612989092e-17
14.149657487869263,5.866013621553817,0.021794939041137697,0.01651224569637863,0.18,squared_error,9,500,0.6000000000000001,"{'model__learning_rate': 0.18, 'model__loss': 'squared_error', 'model__max_depth': 9, 'model__n_estimators': 500, 'model__subsample': 0.6000000000000001}",-0.28571774437033626,-0.18609985743830282,-0.2744229242420331,-0.20468209149056116,-0.12270991176914614,-0.2147265058620759,0.05998474332834908,395,0.9999999999999992,0.9999999999999991,0.9999999999999992,0.9999999999999992,0.999999999999999,0.9999999999999991,9.930136612989092e-17
12.928493881225586,5.0873702193598875,0.028869199752807616,0.015178854345997887,0.18,squared_error,9,500,0.8,"{'model__learning_rate': 0.18, 'model__loss': 'squared_error', 'model__max_depth': 9, 'model__n_estimators': 500, 'model__subsample': 0.8}",-0.5948370135030343,-0.04482148995891322,-0.40618035638477634,-0.28218576566615594,0.02718921429707788,-0.26016708224316043,0.2292404967767694,461,0.9999999999999991,0.999999999999999,0.9999999999999992,0.9999999999999992,0.9999999999999989,0.9999999999999991,1.3136335981433191e-16
14.692635250091552,7.095083678788669,0.028755712509155273,0.015705172078904678,0.18,squared_error,9,1000,0.2,"{'model__learning_rate': 0.18, 'model__loss': 'squared_error', 'model__max_depth': 9, 'model__n_estimators': 1000, 'model__subsample': 0.2}",-0.8708697731021668,-0.628469251033869,-1.738153273443967,-1.4110669340595776,-0.3337352087732548,-0.9964588880825671,0.5123284233691441,638,0.9999999999999332,0.9999999999999933,0.9999999999999963,0.9999999999999931,0.9999999999999918,0.9999999999999816,2.4237518861201553e-14
10.645931577682495,4.8960344603306805,0.01188211441040039,0.0011226752866795552,0.18,squared_error,9,1000,0.4,"{'model__learning_rate': 0.18, 'model__loss': 'squared_error', 'model__max_depth': 9, 'model__n_estimators': 1000, 'model__subsample': 0.4}",-0.290736313897201,-0.2725978318538498,-0.8956231682289928,-0.5071948520661671,-0.03063073877125544,-0.39935658096349325,0.2904253804144289,553,0.9999999999999993,0.9999999999999992,0.9999999999999993,0.9999999999999993,0.9999999999999991,0.9999999999999993,1.1102230246251565e-16
14.077917003631592,5.2545351461375045,0.017755460739135743,0.014889453863806235,0.18,squared_error,9,1000,0.6000000000000001,"{'model__learning_rate': 0.18, 'model__loss': 'squared_error', 'model__max_depth': 9, 'model__n_estimators': 1000, 'model__subsample': 0.6000000000000001}",-0.2857177443142367,-0.18609985749817337,-0.27442292337099605,-0.2046820891641028,-0.12270991185433289,-0.21472650524036835,0.05998474318776353,394,0.9999999999999992,0.9999999999999991,0.9999999999999992,0.9999999999999992,0.999999999999999,0.9999999999999991,9.930136612989092e-17
13.532917404174805,5.424130455410731,0.009119701385498048,0.0008242045711892329,0.18,squared_error,9,1000,0.8,"{'model__learning_rate': 0.18, 'model__loss': 'squared_error', 'model__max_depth': 9, 'model__n_estimators': 1000, 'model__subsample': 0.8}",-0.5948370131989507,-0.04482149010036762,-0.4061803562055799,-0.2821857666873049,0.027189214366709402,-0.2601670823650987,0.22924049667565213,462,0.9999999999999991,0.9999999999999991,0.9999999999999992,0.9999999999999992,0.9999999999999989,0.9999999999999991,1.2161883888976234e-16
3.251917028427124,1.5057116217630944,0.009200334548950195,0.0008047261460337604,0.18,squared_error,12,200,0.2,"{'model__learning_rate': 0.18, 'model__loss': 'squared_error', 'model__max_depth': 12, 'model__n_estimators': 200, 'model__subsample': 0.2}",-1.3318143526845123,-0.4793570896864061,-1.659654281601565,-1.0702902235428318,-0.04083847859131984,-0.9163908852213272,0.5841733809835701,631,0.9989578266369313,0.9982982123385074,0.9984666349695381,0.9990523655410299,0.9987966838822699,0.9987143446736553,0.00028804428005646624
7.227555513381958,3.4175249246540305,0.022843027114868165,0.01511501083114522,0.18,squared_error,12,200,0.4,"{'model__learning_rate': 0.18, 'model__loss': 'squared_error', 'model__max_depth': 12, 'model__n_estimators': 200, 'model__subsample': 0.4}",-0.6469308662255531,-0.15623745218947027,-0.768731048080032,-0.23849403861877616,-0.16289689338822488,-0.3946580597004113,0.2601987683767884,546,0.9999999948572765,0.9999999934084886,0.9999999982731146,0.9999999975414987,0.9999999966647044,0.9999999961490165,1.7830209747852834e-09
12.891093921661376,3.9428307272732157,0.01591801643371582,0.013028570021212917,0.18,squared_error,12,200,0.6000000000000001,"{'model__learning_rate': 0.18, 'model__loss': 'squared_error', 'model__max_depth': 12, 'model__n_estimators': 200, 'model__subsample': 0.6000000000000001}",-0.2494757590422252,-0.04895412975920754,-0.4600199409337644,-0.2956229312288323,-0.04292576339563947,-0.21939970487193378,0.1579920209180495,405,0.9999999999999991,0.9999999999999988,0.9999999999999988,0.999999999999999,0.9999999999999982,0.9999999999999988,3.060673659425244e-16
11.912328720092773,3.348896201813934,0.016585111618041992,0.012150118175859622,0.18,squared_error,12,200,0.8,"{'model__learning_rate': 0.18, 'model__loss': 'squared_error', 'model__max_depth': 12, 'model__n_estimators': 200, 'model__subsample': 0.8}",-0.619244544825077,-0.1845728042698056,-0.5587511831196386,-0.29851755873749264,0.1387229978366793,-0.3044726186230669,0.2737052197371042,496,0.9999999999999991,0.999999999999999,0.9999999999999991,0.9999999999999991,0.999999999999999,0.9999999999999991,7.021666937153402e-17
10.104524087905883,2.957377020191643,0.037658166885375974,0.013851709339584255,0.18,squared_error,12,500,0.2,"{'model__learning_rate': 0.18, 'model__loss': 'squared_error', 'model__max_depth': 12, 'model__n_estimators': 500, 'model__subsample': 0.2}",-1.3296221999192381,-0.5138627677388197,-1.669084480662454,-1.0911990780585161,-0.029021430389922553,-0.9265579913537902,0.5859696676184375,632,0.9999999486570803,0.9999998572215911,0.9999999288025803,0.9999999460023999,0.9999999582304334,0.999999927782817,3.653675390762673e-08
14.116245317459107,6.8944644573628455,0.017967081069946288,0.012616067454105677,0.18,squared_error,12,500,0.4,"{'model__learning_rate': 0.18, 'model__loss': 'squared_error', 'model__max_depth': 12, 'model__n_estimators': 500, 'model__subsample': 0.4}",-0.6469099765500581,-0.1562148920734976,-0.7687229258881325,-0.23847745007196797,-0.16288539781882538,-0.3946421284804963,0.2602005558060492,544,0.9999999999999992,0.9999999999999991,0.9999999999999992,0.9999999999999992,0.999999999999999,0.9999999999999991,9.930136612989092e-17
17.165025520324708,4.538937643424779,0.03840761184692383,0.015526394170239441,0.18,squared_error,12,500,0.6000000000000001,"{'model__learning_rate': 0.18, 'model__loss': 'squared_error', 'model__max_depth': 12, 'model__n_estimators': 500, 'model__subsample': 0.6000000000000001}",-0.24947575829387136,-0.048954126229332484,-0.4600199423139679,-0.29562292692782455,-0.04292576155768746,-0.21939970306453677,0.1579920220671745,404,0.9999999999999992,0.9999999999999991,0.9999999999999992,0.9999999999999992,0.999999999999999,0.9999999999999991,9.930136612989092e-17
14.76309084892273,4.263965768213647,0.016370248794555665,0.012474172586369493,0.18,squared_error,12,500,0.8,"{'model__learning_rate': 0.18, 'model__loss': 'squared_error', 'model__max_depth': 12, 'model__n_estimators': 500, 'model__subsample': 0.8}",-0.6192445450141624,-0.1845728027710074,-0.5587511830590279,-0.2985175592229672,0.13872299789300901,-0.30447261843483114,0.2737052199167767,495,0.9999999999999991,0.9999999999999991,0.9999999999999991,0.9999999999999992,0.999999999999999,0.9999999999999991,7.021666937153402e-17
18.065262937545775,3.9234514365995294,0.025739336013793947,0.017311759083106233,0.18,squared_error,12,1000,0.2,"{'model__learning_rate': 0.18, 'model__loss': 'squared_error', 'model__max_depth': 12, 'model__n_estimators': 1000, 'model__subsample': 0.2}",-1.3299525416370694,-0.5136675656819476,-1.6691789805560662,-1.0909524762354756,-0.029086982882195578,-0.9265677093985509,0.5860326539789101,633,0.9999999999999758,0.9999999999999789,0.9999999999999949,0.9999999999999877,0.9999999999999938,0.9999999999999861,7.70337988127618e-15
19.336042642593384,5.83591638846231,0.02991509437561035,0.015252959079415384,0.18,squared_error,12,1000,0.4,"{'model__learning_rate': 0.18, 'model__loss': 'squared_error', 'model__max_depth': 12, 'model__n_estimators': 1000, 'model__subsample': 0.4}",-0.6469099779504841,-0.1562148932038372,-0.7687229268700471,-0.2384774543900685,-0.16288539965637305,-0.39464213041416196,0.26020055530712277,545,0.9999999999999992,0.9999999999999992,0.9999999999999992,0.9999999999999993,0.9999999999999991,0.9999999999999993,1.3136335981433191e-16
20.433944702148438,5.43582083125615,0.03014688491821289,0.017340883649970964,0.18,squared_error,12,1000,0.6000000000000001,"{'model__learning_rate': 0.18, 'model__loss': 'squared_error', 'model__max_depth': 12, 'model__n_estimators': 1000, 'model__subsample': 0.6000000000000001}",-0.24947575974648095,-0.048954126118401664,-0.46001993988425594,-0.2956229269283983,-0.04292576184394714,-0.2193997029042968,0.15799202134243526,403,0.9999999999999992,0.9999999999999991,0.9999999999999992,0.9999999999999992,0.999999999999999,0.9999999999999991,9.930136612989092e-17
21.323225498199463,1.4765661798143812,0.029647207260131835,0.017775324295206927,0.18,squared_error,12,1000,0.8,"{'model__learning_rate': 0.18, 'model__loss': 'squared_error', 'model__max_depth': 12, 'model__n_estimators': 1000, 'model__subsample': 0.8}",-0.6192445450392061,-0.18457280278340837,-0.5587511830410388,-0.2985175593162377,0.13872299640909136,-0.3044726187541599,0.2737052194371371,497,0.9999999999999991,0.9999999999999991,0.9999999999999991,0.9999999999999992,0.999999999999999,0.9999999999999991,7.021666937153402e-17
2.8787419319152834,1.1559332404651919,0.02391533851623535,0.017607862314860927,0.18,absolute_error,6,200,0.2,"{'model__learning_rate': 0.18, 'model__loss': 'absolute_error', 'model__max_depth': 6, 'model__n_estimators': 200, 'model__subsample': 0.2}",-0.8366855354913783,-0.18708671204179717,-0.4419040642885841,-0.6125498352072829,0.026069743949474478,-0.4104312806159135,0.304614863977397,556,0.9040629842848478,0.9503919713253175,0.8508760627152314,0.8683267082094053,0.8611234112413493,0.8869562275552303,0.0364222635159188
5.9943098545074465,2.1618054762098464,0.02369856834411621,0.015431876401797731,0.18,absolute_error,6,200,0.4,"{'model__learning_rate': 0.18, 'model__loss': 'absolute_error', 'model__max_depth': 6, 'model__n_estimators': 200, 'model__subsample': 0.4}",-0.754181144940425,-0.38185845157052056,-0.23714704818293697,-0.31720926782193914,-0.20583706730624596,-0.3792465959644135,0.197329427099841,543,0.962541746083789,0.9702226384149948,0.9714190418037177,0.925075312295025,0.9492702387377324,0.9557057954670517,0.017227988566368153
10.14208779335022,3.110421944615564,0.016774654388427734,0.013385548244741708,0.18,absolute_error,6,200,0.6000000000000001,"{'model__learning_rate': 0.18, 'model__loss': 'absolute_error', 'model__max_depth': 6, 'model__n_estimators': 200, 'model__subsample': 0.6000000000000001}",-0.5838664361724373,-0.3302815760821536,-0.1404694294296851,-0.10926046813966495,-0.15662427451943617,-0.2641004368686754,0.17744937581633127,465,0.9705754654382913,0.963282491524701,0.9774830978842215,0.9704027134945359,0.9750738147411598,0.9713635166165819,0.00485927403835262
16.027552604675293,3.108756822282482,0.028900861740112305,0.01670197164782552,0.18,absolute_error,6,200,0.8,"{'model__learning_rate': 0.18, 'model__loss': 'absolute_error', 'model__max_depth': 6, 'model__n_estimators': 200, 'model__subsample': 0.8}",-0.1982136086402675,-0.17356642664680955,-0.003184143469885825,-0.12362190646910354,0.08843515571933436,-0.0820301859013464,0.10851955898351938,125,0.9907706258053319,0.9894083076185026,0.9625524470800406,0.9702152162219814,0.9768588145098683,0.977961082247145,0.010897365252473583
7.109330749511718,2.632549157312751,0.015343093872070312,0.013279096130939038,0.18,absolute_error,6,500,0.2,"{'model__learning_rate': 0.18, 'model__loss': 'absolute_error', 'model__max_depth': 6, 'model__n_estimators': 500, 'model__subsample': 0.2}",-1.1881240637246697,-0.21621721205446232,-0.6116323845625518,-0.6130734818949368,-0.020798347341872914,-0.5299690979156987,0.40110803760656255,604,0.9670494479958414,0.9948287189542332,0.974657448630733,0.9704210109552974,0.9766186108864399,0.976715047484509,0.009647661027212652
14.709954261779785,5.280514849350055,0.010305833816528321,0.0011620446546529342,0.18,absolute_error,6,500,0.4,"{'model__learning_rate': 0.18, 'model__loss': 'absolute_error', 'model__max_depth': 6, 'model__n_estimators': 500, 'model__subsample': 0.4}",-0.6766982154852856,-0.3457070931475914,-0.2599881579813945,-0.3147362382976293,-0.2118217599704202,-0.3617902929764642,0.16400852942381713,532,0.9965730589179327,0.9935974944639647,0.9967562753550578,0.9934784935844834,0.9976554921138344,0.9956121628870545,0.0017331441023954461
26.85386610031128,7.105818529830491,0.029204130172729492,0.016122843838275783,0.18,absolute_error,6,500,0.6000000000000001,"{'model__learning_rate': 0.18, 'model__loss': 'absolute_error', 'model__max_depth': 6, 'model__n_estimators': 500, 'model__subsample': 0.6000000000000001}",-0.6967666501533301,-0.3057397731945457,-0.10144930611451741,-0.10557760251077508,-0.14848024763794143,-0.27160271592222196,0.22521339791361175,472,0.996956747076119,0.9994027492026496,0.9948023261732478,0.9982055913845239,0.9998403770175965,0.9978415581708274,0.0018212597952596639
38.683762836456296,9.742930015467905,0.03791632652282715,0.014779369542915819,0.18,absolute_error,6,500,0.8,"{'model__learning_rate': 0.18, 'model__loss': 'absolute_error', 'model__max_depth': 6, 'model__n_estimators': 500, 'model__subsample': 0.8}",-0.1963804741491768,-0.1817816696226675,0.01192248132630358,-0.13330777010237438,0.08328524445215468,-0.08325243761915209,0.11117964135965254,130,0.9996812354455611,0.9981782198180176,0.9931630734038891,0.9991854252096634,0.9992205598289264,0.9978857027412115,0.0024117982390727366
13.378300285339355,4.361237397867695,0.02379307746887207,0.01734114089581022,0.18,absolute_error,6,1000,0.2,"{'model__learning_rate': 0.18, 'model__loss': 'absolute_error', 'model__max_depth': 6, 'model__n_estimators': 1000, 'model__subsample': 0.2}",-1.4140935010883484,-0.2198543236618784,-0.6042625970423268,-0.7773302080057087,0.006553368621996625,-0.601797452235253,0.4912461645594289,610,0.9965425106099498,0.9999078253750769,0.9987832746756463,0.9976937888104087,0.9973821139845955,0.9980619026911356,0.0011691005864526342
30.560009813308717,10.090445801118046,0.016974735260009765,0.011952191727268158,0.18,absolute_error,6,1000,0.4,"{'model__learning_rate': 0.18, 'model__loss': 'absolute_error', 'model__max_depth': 6, 'model__n_estimators': 1000, 'model__subsample': 0.4}",-0.6964177128347797,-0.3566519334845353,-0.27266342243891173,-0.2973084878898187,-0.20390584389214794,-0.3653894801080387,0.172607151428305,534,0.9998284479435982,0.9999158639116924,0.9999577639037289,0.9999321559922139,0.9999277895939528,0.9999124042690373,4.414740979740712e-05
54.86051998138428,13.017293515733398,0.031491851806640624,0.01635370855300556,0.18,absolute_error,6,1000,0.6000000000000001,"{'model__learning_rate': 0.18, 'model__loss': 'absolute_error', 'model__max_depth': 6, 'model__n_estimators': 1000, 'model__subsample': 0.6000000000000001}",-0.6910096110498449,-0.30717128828954277,-0.1142691001146312,-0.10847073680976549,-0.14875884272797468,-0.2739359157983518,0.2207245225914575,477,0.9999915388650292,0.9999979792987429,0.9999151733936842,0.9999881460792802,0.9999977143367393,0.9999781103946953,3.16897231562184e-05
55.201734113693234,17.13602376775792,0.012294673919677734,0.001276980812063249,0.18,absolute_error,6,1000,0.8,"{'model__learning_rate': 0.18, 'model__loss': 'absolute_error', 'model__max_depth': 6, 'model__n_estimators': 1000, 'model__subsample': 0.8}",-0.19802553778000065,-0.17421005348724838,0.011953845343333658,-0.13013122838701974,0.08170537592739202,-0.08174151967670862,0.10946019882061532,123,0.9999974132665266,0.9999986724764522,0.9999990233405309,0.9999934411629898,0.9999922081304307,0.999996151675386,2.796102115114333e-06
3.7690888404846192,0.05739284928814674,0.00781097412109375,0.000689104838382065,0.18,absolute_error,9,200,0.2,"{'model__learning_rate': 0.18, 'model__loss': 'absolute_error', 'model__max_depth': 9, 'model__n_estimators': 200, 'model__subsample': 0.2}",-0.8366855354913783,-0.18708671204179717,-0.4419040642885841,-0.6125498352072829,0.026069743949474478,-0.4104312806159135,0.304614863977397,556,0.9040629842848478,0.9503919713253175,0.8508760627152314,0.8683267082094053,0.8611234112413493,0.8869562275552303,0.0364222635159188
7.161342144012451,1.5628173265193024,0.02164607048034668,0.017447791633136804,0.18,absolute_error,9,200,0.4,"{'model__learning_rate': 0.18, 'model__loss': 'absolute_error', 'model__max_depth': 9, 'model__n_estimators': 200, 'model__subsample': 0.4}",-0.4194048156613681,-0.28993439521915465,-0.21164572020782813,-0.19994946275190206,-0.2608918781363947,-0.27636525439532955,0.0786280539765128,482,0.961539636256503,0.9844359246122025,0.9729367113136373,0.9558069879652286,0.9524003305437198,0.9654239181382582,0.011790549410301459
9.411564064025878,3.3802842742773187,0.02280898094177246,0.017219811254233986,0.18,absolute_error,9,200,0.6000000000000001,"{'model__learning_rate': 0.18, 'model__loss': 'absolute_error', 'model__max_depth': 9, 'model__n_estimators': 200, 'model__subsample': 0.6000000000000001}",-0.4345851926798676,-0.22038126926790036,-0.1006687323135631,-0.30479425775069613,-0.04892671481445121,-0.22187123336529568,0.13908668463335605,407,0.9922435211971622,0.9862243728434934,0.9826737850591125,0.9661567955185465,0.9878543199455854,0.98303055891278,0.008979966265485795
12.294102478027344,4.712642307309676,0.009355545043945312,0.0010492234614521323,0.18,absolute_error,9,200,0.8,"{'model__learning_rate': 0.18, 'model__loss': 'absolute_error', 'model__max_depth': 9, 'model__n_estimators': 200, 'model__subsample': 0.8}",-0.46824653264285865,-0.3069172178162207,0.08694765070642829,-0.1770373808510599,0.12217083880472324,-0.14861652835979755,0.22664795320131906,275,0.9918594914381424,0.992049383818717,0.992132208702398,0.9960776735348835,0.9947483091549343,0.9933734133298151,0.001719823499904149
5.24183497428894,2.091487359513716,0.01601710319519043,0.013714861485498546,0.18,absolute_error,9,500,0.2,"{'model__learning_rate': 0.18, 'model__loss': 'absolute_error', 'model__max_depth': 9, 'model__n_estimators': 500, 'model__subsample': 0.2}",-1.1881240637246697,-0.21621721205446232,-0.6116323845625518,-0.6130734818949368,-0.020798347341872914,-0.5299690979156987,0.40110803760656255,604,0.9670494479958414,0.9948287189542332,0.974657448630733,0.9704210109552974,0.9766186108864399,0.976715047484509,0.009647661027212652
12.758068656921386,5.28492503973771,0.023578548431396486,0.014717285903697636,0.18,absolute_error,9,500,0.4,"{'model__learning_rate': 0.18, 'model__loss': 'absolute_error', 'model__max_depth': 9, 'model__n_estimators': 500, 'model__subsample': 0.4}",-0.4746406775910206,-0.30794636585813895,-0.20271828287858273,-0.17611545945157947,-0.26358858685744835,-0.28500187452735404,0.10542741108588252,484,0.9959913347336194,0.9983138392385578,0.9962857248727403,0.9980699271800377,0.994002337879831,0.9965326327809573,0.0015679496096430536
18.911660623550414,7.705869443258745,0.01655879020690918,0.013048756456793839,0.18,absolute_error,9,500,0.6000000000000001,"{'model__learning_rate': 0.18, 'model__loss': 'absolute_error', 'model__max_depth': 9, 'model__n_estimators': 500, 'model__subsample': 0.6000000000000001}",-0.4230792817846718,-0.24232339666289948,-0.10700904063408956,-0.3112347019463826,-0.05383283410375572,-0.22749585102635983,0.1342839116017734,420,0.9996688704076572,0.9994781963541599,0.9992563107123485,0.9962655287900748,0.9997560134800589,0.9988849839488598,0.001320946651192032
30.813680791854857,12.634049189211288,0.009770059585571289,0.0006767378650880541,0.18,absolute_error,9,500,0.8,"{'model__learning_rate': 0.18, 'model__loss': 'absolute_error', 'model__max_depth': 9, 'model__n_estimators': 500, 'model__subsample': 0.8}",-0.4564239254297402,-0.29777221619795613,0.09349778951771415,-0.17622792001317755,0.1288782133093107,-0.14160961176276982,0.22500328532214514,248,0.9987502925741993,0.9999644794145466,0.9999759726630492,0.9999635742735641,0.9999958614105415,0.9997300360671801,0.0004900100022171947
11.27021927833557,4.767845903655225,0.019194555282592774,0.015133159907603526,0.18,absolute_error,9,1000,0.2,"{'model__learning_rate': 0.18, 'model__loss': 'absolute_error', 'model__max_depth': 9, 'model__n_estimators': 1000, 'model__subsample': 0.2}",-1.4140935010883484,-0.2198543236618784,-0.6042625970423268,-0.7773302080057087,0.006553368621996625,-0.601797452235253,0.4912461645594289,610,0.9965425106099498,0.9999078253750769,0.9987832746756463,0.9976937888104087,0.9973821139845955,0.9980619026911356,0.0011691005864526342
30.209429264068604,10.258993626701187,0.03204922676086426,0.014585495461540867,0.18,absolute_error,9,1000,0.4,"{'model__learning_rate': 0.18, 'model__loss': 'absolute_error', 'model__max_depth': 9, 'model__n_estimators': 1000, 'model__subsample': 0.4}",-0.4776551258211612,-0.3068366522546233,-0.21262539116870083,-0.17566441753286188,-0.2649956462828744,-0.28755544661204435,0.10502639012598076,487,0.9992717098252938,0.9999849933163354,0.9996088051657404,0.9999740586395339,0.9998040426095535,0.9997287219112915,0.00026637508271837215
29.278359985351564,5.104775655477667,0.01847677230834961,0.013068746734196916,0.18,absolute_error,9,1000,0.6000000000000001,"{'model__learning_rate': 0.18, 'model__loss': 'absolute_error', 'model__max_depth': 9, 'model__n_estimators': 1000, 'model__subsample': 0.6000000000000001}",-0.41897378236222793,-0.24031029779278312,-0.1052808259751219,-0.3074275030661415,-0.05473049247166961,-0.2253445803335888,0.13264864784025443,414,0.9999970807671484,0.9999980723042414,0.9999999480629909,0.9998640881989099,0.9999817609650179,0.9999681900596619,5.245485521823504e-05
79.99152269363404,14.86391590079353,0.03267579078674317,0.016847689818139607,0.18,absolute_error,9,1000,0.8,"{'model__learning_rate': 0.18, 'model__loss': 'absolute_error', 'model__max_depth': 9, 'model__n_estimators': 1000, 'model__subsample': 0.8}",-0.4607587089988787,-0.29829112501854693,0.09383233402908675,-0.1771738051320506,0.12871846574869383,-0.14273456787433914,0.2263510134330243,254,0.9999954427352881,0.9999999532883529,0.9999998173466279,0.9999999799410967,0.9999999984507524,0.9999990383524235,1.7989319242604902e-06
2.8728139400482178,1.1516294924295014,0.02249760627746582,0.017666833388749255,0.18,absolute_error,12,200,0.2,"{'model__learning_rate': 0.18, 'model__loss': 'absolute_error', 'model__max_depth': 12, 'model__n_estimators': 200, 'model__subsample': 0.2}",-0.8366855354913783,-0.18708671204179717,-0.4419040642885841,-0.6125498352072829,0.026069743949474478,-0.4104312806159135,0.304614863977397,556,0.9040629842848478,0.9503919713253175,0.8508760627152314,0.8683267082094053,0.8611234112413493,0.8869562275552303,0.0364222635159188
5.078885746002197,2.0480577923396868,0.029219818115234376,0.01722591467602858,0.18,absolute_error,12,200,0.4,"{'model__learning_rate': 0.18, 'model__loss': 'absolute_error', 'model__max_depth': 12, 'model__n_estimators': 200, 'model__subsample': 0.4}",-0.4194048156613681,-0.28993439521915465,-0.21164572020782813,-0.19994946275190206,-0.2608918781363947,-0.27636525439532955,0.0786280539765128,482,0.961539636256503,0.9844359246122025,0.9729367113136373,0.9558069879652286,0.9524003305437198,0.9654239181382582,0.011790549410301459
11.061899900436401,3.027920048502178,0.01467432975769043,0.014234463029582978,0.18,absolute_error,12,200,0.6000000000000001,"{'model__learning_rate': 0.18, 'model__loss': 'absolute_error', 'model__max_depth': 12, 'model__n_estimators': 200, 'model__subsample': 0.6000000000000001}",-0.4345851926798676,-0.22034914998062205,-0.1006687323135631,-0.3510038798030055,-0.04892671481445121,-0.2311067339183019,0.14566960287360817,423,0.9922435211971622,0.9862246311437558,0.9826737850591125,0.9588531491323476,0.9878543199455854,0.9815698812955927,0.011767378448393661
13.576807498931885,4.136499309180086,0.016994237899780273,0.013625886930387543,0.18,absolute_error,12,200,0.8,"{'model__learning_rate': 0.18, 'model__loss': 'absolute_error', 'model__max_depth': 12, 'model__n_estimators': 200, 'model__subsample': 0.8}",-0.31205245961765415,-0.2823462677131381,-0.0006804215108886513,-0.09985692743969143,0.1007912429993224,-0.11882896665640999,0.15913848023548074,196,0.9864551039224304,0.9818056473936393,0.982419825218158,0.9892989948059243,0.9974367635518266,0.9874832669783957,0.0056797867470380296
6.106618785858155,2.349373980692105,0.016089963912963866,0.013752395735477454,0.18,absolute_error,12,500,0.2,"{'model__learning_rate': 0.18, 'model__loss': 'absolute_error', 'model__max_depth': 12, 'model__n_estimators': 500, 'model__subsample': 0.2}",-1.1881240637246697,-0.21621721205446232,-0.6116323845625518,-0.6130734818949368,-0.020798347341872914,-0.5299690979156987,0.40110803760656255,604,0.9670494479958414,0.9948287189542332,0.974657448630733,0.9704210109552974,0.9766186108864399,0.976715047484509,0.009647661027212652
15.881362962722779,3.2000277675627036,0.030693960189819337,0.018128258675377085,0.18,absolute_error,12,500,0.4,"{'model__learning_rate': 0.18, 'model__loss': 'absolute_error', 'model__max_depth': 12, 'model__n_estimators': 500, 'model__subsample': 0.4}",-0.4746406775910206,-0.30794636585813895,-0.20271828287858273,-0.17611545945157947,-0.26358858685744835,-0.28500187452735404,0.10542741108588252,484,0.9959913347336194,0.9983138392385578,0.9962857248727403,0.9980699271800377,0.994002337879831,0.9965326327809573,0.0015679496096430536
20.72997431755066,6.605557022279949,0.03051447868347168,0.01598692061269823,0.18,absolute_error,12,500,0.6000000000000001,"{'model__learning_rate': 0.18, 'model__loss': 'absolute_error', 'model__max_depth': 12, 'model__n_estimators': 500, 'model__subsample': 0.6000000000000001}",-0.4150620316505962,-0.2189960993696618,-0.10700904063408956,-0.3342449499732474,-0.05383283410375572,-0.22582899114627014,0.13513749356416663,415,0.9995017839688032,0.9999157785735661,0.9992563107123485,0.9984012086790868,0.9997560134800589,0.9993662190827728,0.0005321011320252245
39.523290681838986,10.581819063768545,0.021215152740478516,0.011669713849974105,0.18,absolute_error,12,500,0.8,"{'model__learning_rate': 0.18, 'model__loss': 'absolute_error', 'model__max_depth': 12, 'model__n_estimators': 500, 'model__subsample': 0.8}",-0.3427766345336858,-0.2712955334119995,0.020171687492058554,-0.08591633640541496,0.10043748412493936,-0.11587586654682047,0.16842636815333384,188,0.9998610090935663,0.999886529913393,0.9998994209892088,0.9999264363283077,0.9999841322405912,0.9999115057130133,4.199351252937352e-05
13.101356697082519,4.848663165874149,0.02414841651916504,0.01829749826528918,0.18,absolute_error,12,1000,0.2,"{'model__learning_rate': 0.18, 'model__loss': 'absolute_error', 'model__max_depth': 12, 'model__n_estimators': 1000, 'model__subsample': 0.2}",-1.4140935010883484,-0.2198543236618784,-0.6042625970423268,-0.7773302080057087,0.006553368621996625,-0.601797452235253,0.4912461645594289,610,0.9965425106099498,0.9999078253750769,0.9987832746756463,0.9976937888104087,0.9973821139845955,0.9980619026911356,0.0011691005864526342
25.242554903030396,8.245523452784646,0.02321023941040039,0.01501302786648174,0.18,absolute_error,12,1000,0.4,"{'model__learning_rate': 0.18, 'model__loss': 'absolute_error', 'model__max_depth': 12, 'model__n_estimators': 1000, 'model__subsample': 0.4}",-0.4776551258211612,-0.3068366522546233,-0.21262539116870083,-0.17566441753286188,-0.2649956462828744,-0.28755544661204435,0.10502639012598076,487,0.9992717098252938,0.9999849933163354,0.9996088051657404,0.9999740586395339,0.9998040426095535,0.9997287219112915,0.00026637508271837215
41.69315538406372,5.369952522068552,0.012724971771240235,0.004153056957508059,0.18,absolute_error,12,1000,0.6000000000000001,"{'model__learning_rate': 0.18, 'model__loss': 'absolute_error', 'model__max_depth': 12, 'model__n_estimators': 1000, 'model__subsample': 0.6000000000000001}",-0.41107274332706534,-0.21885854220409717,-0.10695060238989895,-0.3296490169088657,-0.055215452406044196,-0.22434927144719427,0.13294550439383473,410,0.9999954975808286,0.9999996830819315,0.9999997916580651,0.9999962024421962,0.9999917819324967,0.9999965913391037,2.9758647498945368e-06
49.053520345687865,6.705942973994073,0.014153194427490235,0.004772747255152115,0.18,absolute_error,12,1000,0.8,"{'model__learning_rate': 0.18, 'model__loss': 'absolute_error', 'model__max_depth': 12, 'model__n_estimators': 1000, 'model__subsample': 0.8}",-0.34370886816598367,-0.2670822476647756,0.022092605819111766,-0.08536003598299313,0.10062771720758046,-0.11468616575741204,0.16828813769142043,185,0.9999978045936642,0.9999985118466093,0.9999999010608736,0.9999987679421708,0.9999999952948572,0.999998996147635,8.394747433623258e-07
