target,target_index_1based,pc_index_1based_kept,pc_index_1based_full,eigenvalue,evr,evr_percent,coef,intercept,train_rmse,train_r2,train_accuracy,test_rmse,test_r2,test_accuracy
A_malt_all,1,1,1,33.276548823089044,0.14323115634427935,14.323115634427936,-0.014256887420304287,0.01485224564571431,0.6662437212036342,0.014924580821906952,0.12216620163493233,0.7892317345905445,0.043233331061544034,0.34051141263688695
A_malt_all,1,13,13,3.6372389055710395,0.015655647979452337,1.5655647979452336,0.09247272253119752,0.0148522456457144,0.6478277205094121,0.06862992738513585,0.2619731424881869,0.7894795332884615,0.04263243592822474,0.2709797307495655
A_malt_all,1,105,105,0.2424908328388066,0.001043745328731041,0.10437453287310411,0.09534724147355522,0.01485224564571422,0.6696371318405815,0.004864363422477314,0.06974498851155793,0.8002331756698182,0.01637385852676465,0.1765822090996238
A_malt_all,1,121,121,0.14879044304209832,0.0006404338179177515,0.06404338179177514,0.032841532112029684,0.01485224564571428,0.6711529150558636,0.00035410844097394367,0.01881776928793817,0.8020304774543191,0.011950502009336561,0.4040942290071658
A_malt_all,1,2,2,18.993376531507604,0.08175256688886388,8.175256688886389,0.03960921396236593,0.01485224564571432,0.6488278359039791,0.06575201239347994,0.25642155212360773,0.8028330881768015,0.009971983885255886,0.14888025356521925
A_malt_all,1,120,120,0.1515182600336935,0.0006521750710170109,0.06521750710170109,-0.1293301098302561,0.014852245645714407,0.6693922199971284,0.005592148435317856,0.07478066886112825,0.8053259566406702,0.0038141875729167385,0.12191765268462172
A_malt_all,1,90,90,0.37729773726772353,0.001623990260595767,0.1623990260595767,0.03189349775145723,0.014852245645714274,0.6709874859620539,0.0008468430461294751,0.02910056779737089,0.8056544252019947,0.003001392582981266,0.11584233938037544
A_malt_all,1,80,80,0.49253109656412436,0.002119985424914227,0.21199854249142272,-0.018063942099617716,0.014852245645714282,0.6711527406091045,0.00035462809889241775,0.01883157186461817,0.8057064655594018,0.0028725883762608095,0.11827358064083565
A_malt_all,1,31,31,1.7669514553930887,0.007605431125254109,0.760543112525411,0.01795123299355798,0.014852245645714298,0.6708499519228852,0.0012563990777444412,0.0354457201611764,0.8061985601639042,0.0016542020660716972,0.1289249807891548
A_malt_all,1,63,63,0.7347752395314049,0.003162668934532206,0.3162668934532206,-0.010353441175402172,0.014852245645714293,0.6712134425589654,0.00017379543988083057,0.013183149846723004,0.8064389459883275,0.001058755811435108,0.1091499535860095
A_malt_all,1,97,97,0.3149723405638439,0.0013557251022414056,0.13557251022414055,0.018414124479400242,0.014852245645714303,0.6711926758987923,0.00023566169139499493,0.015351276539594769,0.8066142168619919,0.000624490249391707,0.10615330594590448
A_malt_all,1,91,91,0.3719439901607688,0.0016009463027328078,0.16009463027328077,0.008919809314473814,0.014852245645714295,0.6712498602074876,6.529848565961505e-05,0.008080747840364003,0.8068488611305855,4.296852969787324e-05,0.10090766789456879
A_malt_all,1,68,68,0.6409585241701791,0.002758856727411531,0.27588567274115305,-0.00495187160803671,0.014852245645714293,0.6712601370194203,3.4680320516011776e-05,0.005888999958912304,0.807360174524548,-0.0012248114848971703,0.09383449760511849
A_malt_all,1,110,110,0.2193434475927778,0.0009441127985440527,0.09441127985440527,-0.02568557776125417,0.0148522456457143,0.6711645953333121,0.00031931385779204735,0.017869355270743074,0.8075017938340374,-0.0015760926277579301,0.08091836260612688
A_malt_all,1,129,129,0.11402622346863688,0.000490799329215654,0.0490799329215654,0.004017011376417789,0.014852245645714288,0.671270414399783,4.059993025440356e-06,0.002014942437286386,0.8075758449602181,-0.0017597980731796081,0.09462530363234392
A_malt_all,1,115,115,0.1812286286340857,0.0007800564349370663,0.07800564349370663,-0.009768951514834066,0.014852245645714284,0.6712589682443388,3.8162527982388283e-05,0.006177582697343791,0.8078696740154178,-0.0024888928929700516,0.08636658416079727
A_malt_all,1,3,3,13.545194736908474,0.05830213690097895,5.830213690097895,0.003910462836894772,0.01485224564571429,0.6711183598897759,0.00045704188518147504,0.021378537957060365,0.8081412778247965,-0.0031630748330293557,0.08232137429471587
A_malt_all,1,62,62,0.7555738382193433,0.003252191659868045,0.3252191659868045,0.003369438637262479,0.014852245645714291,0.6712654241093383,1.8928074585700116e-05,0.004350640709782887,0.8081708063584039,-0.0032363849746028794,0.12994392232619348
A_malt_all,1,166,166,0.014653343202498562,6.307190395138527e-05,0.006307190395138527,0.004729179272557665,0.014852245645714295,0.6712715343685763,7.231405244612077e-07,0.0008503766955642913,0.8082347091245884,-0.003395044788177648,0.0799999152036241
A_malt_all,1,109,109,0.22031063953247068,0.0009482758510488532,0.09482758510488531,-0.02942108645369533,0.014852245645714272,0.6711305293776851,0.0004207918376317732,0.02051321129496601,0.8082993691023933,-0.0035555973994954027,0.11687676182524062
A_malt_all,1,125,125,0.13713763992531633,0.0005902770401238105,0.05902770401238105,-0.019386196752307627,0.014852245645714288,0.6712336057703063,0.00011372509984697299,0.010664197102781717,0.8085116257317234,-0.004082727085879867,0.10823381666203662
A_malt_all,1,65,65,0.688020226856627,0.0029614228688448502,0.296142286884485,0.0033202495774945725,0.014852245645714291,0.6712661597846635,1.6736208962808696e-05,0.004090991195615289,0.8086064314587985,-0.004318217513199052,0.08140220257147791
A_malt_all,1,42,42,1.255720404848894,0.005404956102503587,0.5404956102503587,-0.015153652975886837,0.014852245645714295,0.671058187756651,0.000636270883418999,0.025224410467223644,0.8088757425275307,-0.004987316950086029,0.07326309698776093
A_malt_all,1,50,50,1.0296691782332121,0.004431971230985253,0.4431971230985253,0.002139104093006357,0.014852245645714291,0.6712682877228093,1.03962322668405e-05,0.003224318884170965,0.8091554534211409,-0.005682490483443381,0.15037276909248945
A_malt_all,1,37,37,1.4348816047509763,0.006176113771840935,0.6176113771840935,0.007836654930277461,0.014852245645714291,0.6712065119148786,0.00019444283267144868,0.013944275982330452,0.8092887599577838,-0.006013885625320903,0.08266660830992507
A_malt_all,1,81,81,0.4790883994775237,0.0020621244652835897,0.20621244652835896,0.0008377213318397853,0.014852245645714291,0.6712715280814767,7.418724227159501e-07,0.0008613201626619202,0.809722554097518,-0.007092659753422215,0.07619355373886236
A_malt_all,1,72,72,0.595701772926808,0.002564059579202587,0.2564059579202587,0.0045615308810980845,0.014852245645714293,0.6712625972235176,2.735045494206556e-05,0.005229766241628849,0.8099144755322,-0.007570121010212372,0.024385331954272678
A_malt_all,1,16,16,2.9944844126721613,0.012889060922818947,1.2889060922818947,1.7042267849825585e-05,0.014852245645714291,0.6712717764364233,1.9190720124129257e-09,4.380721324476868e-05,0.8100885436419702,-0.00800326470334256,0.10366863345090839
A_malt_all,1,171,171,0.008967459446091938,3.8598341215089595e-05,0.0038598341215089595,-0.0007804455540917512,0.01485224564571429,0.6712717730353563,1.205227595502123e-08,0.00010978285815743853,0.8101254908532048,-0.008095214550409846,-0.06512639757214245
A_malt_all,1,36,36,1.4487161870049226,0.006235661509928422,0.6235661509928423,-0.0002698463640512176,0.014852245645714291,0.6712716989538661,2.3277207450433934e-07,0.0004824645838560016,0.8102229491143202,-0.00833777725788587,-0.12561085648613535
A_malt_grain,2,90,90,0.37729773726772353,0.001623990260595767,0.1623990260595767,0.030165213858768653,0.010703403679999982,0.46909981674498435,0.0015488327384928224,0.03935521234211167,0.4160218204508656,0.03524377116953081,0.21620134586617817
A_malt_grain,2,13,13,3.6372389055710395,0.015655647979452337,1.5655647979452336,0.019825683506937433,0.010703403680000022,0.4679471328539132,0.006449642873133654,0.08030966861551302,0.41611464771569767,0.03481318955643842,0.20667266539248186
A_malt_grain,2,36,36,1.4487161870049226,0.006235661509928422,0.6235661509928423,0.011201604435904821,0.010703403679999992,0.4692709817484862,0.0008200706695624671,0.028636876044051133,0.4185131429791557,0.02365440024958454,0.18874155752947058
A_malt_grain,2,1,1,33.276548823089044,0.14323115634427935,14.323115634427936,-0.0030083180682586893,0.010703403680000003,0.469144501672242,0.001358605238242383,0.03685926258408429,0.41939126086276757,0.019552995159577202,0.3325582329383681
A_malt_grain,2,72,72,0.595701772926808,0.002564059579202587,0.2564059579202587,-0.047459909004633385,0.010703403679999989,0.4680404658514061,0.006053272111673058,0.0778027770177441,0.41962682909368604,0.018451269622276723,0.1573376650524462
A_malt_grain,2,104,104,0.2557123180814165,0.001100654133485874,0.1100654133485874,-0.004480988966651828,0.01070340368,0.4694580805859796,2.316364499888035e-05,0.0048128624537481625,0.42092080300404217,0.01238846992719178,0.13513613145999231
A_malt_grain,2,47,47,1.1013439278573889,0.004740478502094882,0.47404785020948825,0.005270423649943404,0.010703403680000001,0.46943112059511105,0.00013801348306474726,0.011747913987802353,0.4209258987221821,0.012364557493234507,0.13960675233209943
A_malt_grain,2,79,79,0.5067088423753145,0.002181010230632151,0.2181010230632151,0.023063844444977034,0.01070340368,0.46917799997206555,0.0012159882703247638,0.03487102336216388,0.4210743233300849,0.011667925385158928,0.14291151586144574
A_malt_grain,2,121,121,0.14879044304209832,0.0006404338179177515,0.06404338179177514,0.04683687448592281,0.010703403679999984,0.46911774558480684,0.0014725103333419476,0.03837330235126737,0.42110509433582327,0.01152347068218662,0.13419123150836418
A_malt_grain,2,124,124,0.14106358290343565,0.0006071753475620976,0.060717534756209765,0.005209758389012578,0.01070340368,0.4694594634166012,1.7272594513118023e-05,0.004156031101059078,0.42124262727020745,0.01087769232519864,0.12626017615502955
A_malt_grain,2,102,102,0.26521662980912314,0.001141563230347246,0.1141563230347246,0.014938674589690745,0.01070340368,0.4694008372476346,0.0002670129889437156,0.01634053208875066,0.42137273039522577,0.010266606134445522,0.14324907483639956
A_malt_grain,2,93,93,0.3431824800366267,0.0014771490791929012,0.14771490791929012,-0.023104391753612404,0.010703403680000015,0.4692694814185347,0.0008264597165599241,0.028748212406333396,0.42194536060501375,0.0075747549670024394,0.11490559100087594
A_malt_grain,2,23,23,2.2519267539731596,0.009692894377027327,0.9692894377027327,-0.00955516143741449,0.010703403679999998,0.46924574166016947,0.0009275510483611749,0.030455722752234845,0.4220580771886022,0.007044460124149943,0.11715754015028247
A_malt_grain,2,139,139,0.07169666485591748,0.00030860160012194534,0.030860160012194535,-0.006378143085976823,0.01070340368,0.46946042921375947,1.3158154204329087e-05,0.0036274170154976496,0.42207437647114177,0.006967765582432506,0.11569889145416322
A_malt_grain,2,87,87,0.3998731018481733,0.0017211606610162558,0.17211606610162558,0.001313423890722274,0.01070340368,0.4694627873749182,3.111999488991657e-06,0.001764086020821411,0.42238880788451894,0.005487662307610552,0.14151306718579368
A_malt_grain,2,31,31,1.7669514553930887,0.007605431125254109,0.760543112525411,0.006796517556049626,0.010703403680000003,0.4693770774455368,0.0003682179927240181,0.019189007080198748,0.4224493503591015,0.005202547968046978,0.13698730666173928
A_malt_grain,2,34,34,1.580582615961668,0.006803249849779349,0.6803249849779349,-0.007532302539738723,0.01070340368,0.46936854577004,0.00040455745998968506,0.020113613797362165,0.4225783150594268,0.00459507472734455,0.09631631626566921
A_malt_grain,2,39,39,1.3819623178331806,0.005948335022955433,0.5948335022955432,0.009615702807481918,0.01070340368,0.46932818594723996,0.000576455473941806,0.02400948716532417,0.42268009319270416,0.00411552974423679,0.15936951781587338
A_malt_grain,2,106,106,0.2370213463642927,0.0010202031977090149,0.10202031977090148,-0.0034828470968156808,0.01070340368,0.46946047321294093,1.2970710910553684e-05,0.003601487319245572,0.4231567086920582,0.0018683381094760643,0.1293480038802972
A_malt_grain,2,123,123,0.14130838831801498,0.0006082290554690068,0.06082290554690068,0.003404549049124299,0.010703403680000003,0.4694617833886081,7.389152605785654e-06,0.0027182995798343875,0.423161566459682,0.001845421211774001,0.11535976692653399
A_malt_grain,2,38,38,1.4046655562384334,0.0060460558264808254,0.6046055826480825,0.01915015325886455,0.010703403679999989,0.46891769799880473,0.002323940171765959,0.04820726264543481,0.42362693629332254,-0.0003512170888984034,0.1593705375434031
A_malt_grain,2,83,83,0.45547229144159773,0.001960474426984242,0.1960474426984242,-0.0015367045413873129,0.01070340368,0.46946237886356573,4.8523287097257395e-06,0.0022028001973314116,0.4237363583649121,-0.0008680616511151928,0.097543165449849
A_malt_grain,2,105,105,0.2424908328388066,0.001043745328731041,0.10437453287310411,-0.018463070020440505,0.010703403680000013,0.46937597454152524,0.00037291569382691403,0.01931102518840279,0.4237745969207762,-0.001048709241912249,0.04818096939041262
A_malt_grain,2,18,18,2.811988572614195,0.012103550071363508,1.210355007136351,-0.005232144848830972,0.010703403679999998,0.4693819929869515,0.00034728063813438403,0.01863546720997752,0.42385699788893483,-0.0014380454742202176,0.04917121331102099
A_malt_grain,2,17,17,2.835193416915173,0.012203429920673841,1.220342992067384,0.006088835412175636,0.010703403679999996,0.46935219560152824,0.00047419684855742883,0.021776061364656228,0.42397292153091914,-0.0019859011010721073,0.12946761485652472
A_malt_grain,2,147,147,0.050993323175666634,0.0002194888863961903,0.02194888863961903,-0.0034515050033120448,0.010703403679999998,0.4694628745658866,2.740550643753892e-06,0.001655460855370327,0.42398685003997694,-0.0020517373761594904,0.10855363459599607
A_malt_grain,2,110,110,0.2193434475927778,0.0009441127985440527,0.09441127985440527,0.00133587103028892,0.01070340368,0.46946310335225755,1.765880176085588e-06,0.001328864242770318,0.42413871128685093,-0.0027696845410927207,0.06829916251978123
A_malt_grain,2,29,29,1.8456280608235607,0.007944076254379703,0.7944076254379703,0.00014008489266760803,0.01070340368,0.469463479506998,1.633933173206259e-07,0.00040421939247308744,0.42423581347499195,-0.003228884675565258,0.056151506373968436
A_malt_grain,2,149,149,0.047843986858062536,0.00020593330150409103,0.020593330150409102,0.0012110492273068655,0.01070340368,0.4694634435534946,3.165617648015484e-07,0.0005626382183208257,0.4243011406204636,-0.003537878509850545,-0.06925477304227316
A_malt_grain,2,61,61,0.7706106365714271,0.0033169140572276634,0.33169140572276634,7.975976755411398e-05,0.01070340368,0.46946351266922876,2.2116187547993604e-08,0.00014871512149908933,0.4244324773664793,-0.0041592381317210325,-0.1380284482255726
A_malt_bread,3,37,37,1.4348816047509763,0.006176113771840935,0.6176113771840935,0.027575011572432112,0.046517305851428575,0.5392761985809849,0.0037163718553676617,0.06096205258493015,0.4726256799828763,0.013637187314871624,0.13765522034064706
A_malt_bread,3,1,1,33.276548823089044,0.14323115634427935,14.323115634427936,-0.003885241290776555,0.04651730585142858,0.5398186717425066,0.0017109840355400419,0.041364042785249834,0.4735088428603283,0.009947447393051534,0.13730303277853675
A_malt_bread,3,60,60,0.7889342692592156,0.0033957838676834506,0.33957838676834506,0.0015104032745513229,0.046517305851428575,0.5402794196578847,6.1305345713247306e-06,0.0024759916339358356,0.47527724909099284,0.0025385700284484836,0.10733656700375928
A_malt_bread,3,69,69,0.6285796789101241,0.0027055748702625,0.27055748702625004,-0.002949982359333973,0.046517305851428575,0.5402760423524113,1.8632488523517843e-05,0.004316536635258094,0.4756441268782153,0.000998047378398037,0.04185563745798332
A_malt_bread,3,39,39,1.3819623178331806,0.005948335022955433,0.5948335022955432,-0.002677026430961,0.046517305851428575,0.5402719626559582,3.3734416854835914e-05,0.0058081336808702855,0.47570368592564605,0.0007478463288403958,0.062157506747539906
A_malt_bread,3,48,48,1.072255482517128,0.004615274062040328,0.46152740620403276,-0.0017221941072938485,0.046517305851428575,0.5402781494242155,1.0832636271551621e-05,0.003291297050034571,0.4757491370863258,0.0005568898942609479,0.029392968015662057
A_malt_bread,3,88,88,0.3987069396982124,0.0017161411875693,0.17161411875693,0.014961094101023318,0.046517305851428575,0.5401989508461539,0.0003039850263063526,0.01743516636875972,0.47575081407953357,0.0005498439024533841,0.023494889438609768
A_malt_bread,3,73,73,0.580678617484791,0.002499395904572755,0.24993959045727548,0.00024542004226253813,0.046517305851428575,0.5402810435840096,1.1913176445332851e-07,0.00034515469676065115,0.47584727673993876,0.00014450820109357387,0.028321966285015016
A_malt_bread,3,46,46,1.1263267668504144,0.0048480113155713565,0.48480113155713567,-0.004206727800724,0.046517305851428575,0.5402627348069973,6.789298698040014e-05,0.008239720079012096,0.4758664152410789,6.407852870371489e-05,0.04306436472082852
A_malt_bread,3,31,31,1.7669514553930887,0.007605431125254109,0.760543112525411,-0.0029647229873001864,0.046517305851428575,0.5402667848508312,5.290108106892344e-05,0.007273312936282736,0.47588157046636553,3.86303363297813e-07,0.007480982891726947
A_malt_bread,3,16,16,2.9944844126721613,0.012889060922818947,1.2889060922818947,-0.00011927536752204314,0.046517305851428575,0.5402810365664216,1.4510930801403532e-07,0.00038093215682662293,0.4758986542863033,-7.141357730877651e-05,-0.015581976878223382
A_malt_bread,3,29,29,1.8456280608235607,0.007944076254379703,0.7944076254379703,-0.004434681356828265,0.046517305851428575,0.5402476759639715,0.00012363479484978068,0.011119118438523043,0.4759155611086563,-0.00014247211011020333,-0.0005311885262761762
A_malt_bread,3,34,34,1.580582615961668,0.006803249849779349,0.6803249849779349,0.008937012016978546,0.046517305851428575,0.5401649014761636,0.0004300050664368671,0.020736563515607747,0.4759448227576035,-0.0002654633296101938,0.03742970201691226
A_malt_bread,3,7,7,6.841401450017579,0.029447219599333545,2.9447219599333545,0.0015069206243532643,0.046517305851428575,0.5402667804745996,5.291728047351896e-05,0.007274426470420031,0.4761084436982835,-0.0009533267145676039,0.011485690770835557
A_malt_bread,3,100,100,0.28021897028297404,0.0012061373117931349,0.12061373117931348,0.019398808120181552,0.04651730585142856,0.5401840363716364,0.0003591859292002564,0.01895220117031941,0.4761439883491613,-0.0011027878934262159,0.0076049922067023745
A_malt_bread,3,89,89,0.3941755864867702,0.0016966370327445393,0.16966370327445393,-0.004536545806766755,0.046517305851428575,0.5402736111967349,2.7631980330067307e-05,0.005256613009369105,0.47616712293124247,-0.0012000721512512857,-0.002422528661124659
A_malt_bread,3,120,120,0.1515182600336935,0.0006521750710170109,0.06521750710170109,0.023670095506497797,0.046517305851428555,0.5402029565565624,0.0002891589790753324,0.01700467521228687,0.4762277321422612,-0.0014549650470059294,0.0032611234028989736
A_malt_bread,3,105,105,0.2424908328388066,0.001043745328731041,0.10437453287310411,0.005983669946374355,0.04651730585142857,0.5402730867143926,2.9573469177313072e-05,0.00543814942582459,0.4763005118678752,-0.0017610840822508411,-0.08060164858640326
A_malt_bread,3,145,145,0.05839559224245817,0.00025135023006030225,0.025135023006030224,-0.009277293169250281,0.046517305851428575,0.540276451041091,1.71196277365393e-05,0.004137587187808185,0.4763246902560948,-0.0018627912295403615,0.018628136959903188
A_malt_bread,3,71,71,0.6014008530550752,0.0025885899426489316,0.25885899426489317,-0.003444635111383675,0.046517305851428575,0.5402745095592505,2.430648591233986e-05,0.004930160840421592,0.4764777345262379,-0.0025066965124307394,-0.05188555599439379
A_malt_bread,3,101,101,0.27425084803589356,0.0011804489191897458,0.11804489191897458,0.0029934374929091795,0.046517305851428575,0.5402788145051665,8.37066679693077e-06,0.002893210465380595,0.47655424594871754,-0.002828681638818331,-0.02823747878482971
A_malt_bread,3,27,27,1.938381789063368,0.008343313080940655,0.8343313080940655,0.0032124128377220996,0.046517305851428575,0.5402626692808521,6.813554190132631e-05,0.008254425594883322,0.4765895146653171,-0.0029771213585039202,-0.037241677707232544
A_malt_bread,3,59,59,0.8213598636507362,0.0035353522888120735,0.35353522888120736,-0.0026129469050714927,0.046517305851428575,0.5402759156657272,1.9101449939329385e-05,0.004370520557030146,0.4766202691698653,-0.0031065705332988802,-0.035553142665895175
A_malt_bread,3,147,147,0.050993323175666634,0.0002194888863961903,0.02194888863961903,-0.11676728022125843,0.04651730585142851,0.5396409365253219,0.0023682488348805153,0.048664656937871364,0.47664851933769975,-0.0032254860332361357,0.07795708011643
A_malt_bread,3,9,9,5.4895726777211715,0.023628587406888897,2.36285874068889,-0.00143409832686092,0.046517305851428575,0.5402706870468165,3.845635207311293e-05,0.0062013185753658434,0.47673351887675863,-0.0035833233231816752,0.024594268981945968
A_malt_bread,3,44,44,1.155571006972621,0.00497388633798976,0.49738863379897597,0.006075863353031563,0.046517305851428575,0.5402418212294323,0.0001453062586259657,0.012054304568329231,0.477042177095979,-0.004883271854738691,-0.003715326422709097
A_malt_bread,3,113,113,0.1983147237529515,0.0008535995530739284,0.08535995530739283,-0.006613197849415135,0.046517305851428575,0.540273095035808,2.9542665608728313e-05,0.005435316514123883,0.47752632942837664,-0.006924028363075152,-0.008938023421598914
A_malt_bread,3,96,96,0.32453806198654195,0.0013968985228363213,0.13968985228363212,-0.006102690025438949,0.04651730585142858,0.5402699539894257,4.1169912961658284e-05,0.006416378492707281,0.47760959394146996,-0.007275206270149104,-0.04855095311339152
A_malt_bread,3,78,78,0.5116066105971625,0.002202091533553649,0.2202091533553649,-0.012360990619094899,0.04651730585142858,0.5402091419566717,0.0002662651875035005,0.016317634249594173,0.4777688058454539,-0.007946871727835036,0.006860477441655224
A_malt_bread,3,72,72,0.595701772926808,0.002564059579202587,0.2564059579202587,-0.014328260949271254,0.046517305851428575,0.5401685317159786,0.00041656957302738107,0.020410036085893608,0.47778641086833645,-0.008021155584212014,-0.0900966027165913
A_malt_cara,4,105,105,0.2424908328388066,0.001043745328731041,0.10437453287310411,0.12588988116108132,0.035933133908571335,0.6337125267244791,0.009425206206803649,0.09708350120799837,0.585739072626663,0.053284219966023394,0.25079438879988974
A_malt_cara,4,2,2,18.993376531507604,0.08175256688886388,8.175256688886389,0.025938812175675317,0.03593313390857145,0.626663009214468,0.031341244328074835,0.17703458511848608,0.5900443982963122,0.03931588681178533,0.2080325955179504
A_malt_cara,4,120,120,0.1515182600336935,0.0006521750710170109,0.06521750710170109,-0.07666589718842433,0.0359331339085715,0.6360245126501145,0.0021841542579432716,0.04673493616068281,0.5981314612186026,0.012801427691955913,0.1236088684960074
A_malt_cara,4,1,1,33.276548823089044,0.14323115634427935,14.323115634427936,-0.014899863090014509,0.03593313390857145,0.6309257392551979,0.01811826979732123,0.1346041225123548,0.6012067850715692,0.002623865483480592,0.07930877204732932
A_malt_cara,4,88,88,0.3987069396982124,0.0017161411875693,0.17161411875693,0.017089410795484185,0.03593313390857143,0.6366293178298918,0.00028557610250334875,0.01689899708571792,0.6021616901744398,-0.0005469434253215777,0.0824537019983531
A_malt_cara,4,132,132,0.0994625974571709,0.00042811359202344425,0.042811359202344426,0.010996717869578029,0.03593313390857143,0.6367108491505004,2.9498494448110257e-05,0.005431251646524012,0.6025610005202844,-0.0018743650195747197,0.0447303230165576
A_malt_cara,4,135,135,0.08574241440702901,0.00036905825867218417,0.03690582586721842,-0.03502136604024452,0.03593313390857147,0.636638125377358,0.00025791450131196214,0.01605971672576283,0.6026319059810012,-0.002110167014848896,0.04954768840504544
A_malt_cara,4,99,99,0.29370606768199287,0.00126418938223047,0.12641893822304698,-0.010792442047639565,0.03593313390857144,0.6366935291253594,8.390083008846805e-05,0.009159739629945577,0.6027164510168928,-0.0023913648148630173,0.05024979908868126
A_malt_cara,4,118,118,0.16701208729417225,0.0007188646428988489,0.07188646428988489,0.0003259056488382551,0.03593313390857143,0.636720226513534,4.3505640867635975e-08,0.0002085800581055183,0.6030045985079807,-0.003350043145467385,0.0082062790462149
A_malt_cara,4,9,9,5.4895726777211715,0.023628587406888897,2.36285874068889,-0.0002697801094709683,0.03593313390857143,0.6367199284096444,9.798786171355545e-07,0.0009898881841560196,0.6031103115188815,-0.003701869488587528,-0.01095678058697546
A_malt_cara,4,93,93,0.3431824800366267,0.0014771490791929012,0.14771490791929012,0.02722062792483547,0.03593313390857141,0.6365216666941339,0.0006236418845578795,0.024972822919279207,0.6031106760451458,-0.003703082785049716,0.04849524941053226
A_malt_cara,4,35,35,1.49915077242777,0.006452745439763313,0.6452745439763313,-0.0037869103840795907,0.03593313390857144,0.6367034541157434,5.2726538013359026e-05,0.007261304153755982,0.6031387740835791,-0.003796607061314905,0.018530699484552247
A_malt_cara,4,46,46,1.1263267668504144,0.0048480113155713565,0.48480113155713567,-0.002093107800767633,0.03593313390857143,0.6367163875196851,1.21021208654426e-05,0.0034788102657996598,0.6032993531219853,-0.004331177737913361,-0.003670466142327984
A_malt_cara,4,71,71,0.6014008530550752,0.0025885899426489316,0.25885899426489317,0.007104702900233417,0.03593313390857143,0.6366965377352113,7.445086900892406e-05,0.008628491699525072,0.6033642287781751,-0.004547190392834022,-0.0051757781865838836
A_malt_cara,4,96,96,0.32453806198654195,0.0013968985228363213,0.13968985228363212,-0.011972204363348227,0.03593313390857144,0.6366839192787065,0.00011408479591445975,0.010681048446388026,0.6033810984069662,-0.004603364008373356,0.034432052568697226
A_malt_cara,4,84,84,0.45053788384121485,0.0019392354183889022,0.1939235418388902,-0.0027142204341314554,0.03593313390857143,0.6367176488415267,8.140206735451905e-06,0.002853104753635535,0.6036226786394422,-0.005407966270984943,0.0059498278966488675
A_malt_cara,4,18,18,2.811988572614195,0.012103550071363508,1.210355007136351,0.003008708193293609,0.03593313390857143,0.6367003650949866,6.242917232623935e-05,0.0079012133451822,0.6036654311015373,-0.005550390304010389,-0.12389275385757716
A_malt_cara,4,74,74,0.5732858092185649,0.0024675752827218373,0.24675752827218372,-0.015053668167641088,0.03593313390857144,0.6366187971466835,0.0003186175963607596,0.017849862642620937,0.6037180300390321,-0.005725630374626922,0.0031557792768068054
A_malt_cara,4,66,66,0.6772016658621743,0.0029148568920227165,0.29148568920227164,0.01705880696131462,0.03593313390857143,0.6365663539214017,0.0004833138220865507,0.021984399516167083,0.6037828543477717,-0.005941621833265076,0.028085349869569474
A_malt_cara,4,23,23,2.2519267539731596,0.009692894377027327,0.9692894377027327,0.011974585350173468,0.03593313390857143,0.6364680701510291,0.0007919342327724621,0.028141326066342957,0.6040145451097856,-0.0067137938051045065,0.007443144401619771
A_malt_cara,4,39,39,1.3819623178331806,0.005948335022955433,0.5948335022955432,-0.02797861651893402,0.03593313390857143,0.6358750207420959,0.0026531546240130544,0.05150878200863197,0.6044742478240621,-0.008246754151014946,-0.016045802642313492
A_malt_cara,4,110,110,0.2193434475927778,0.0009441127985440527,0.09441127985440527,0.01671654224057142,0.035933133908571425,0.636672381053661,0.00015032508351109364,0.012260713009897966,0.6046546731515048,-0.00884873314491963,-0.05872961402857119
A_malt_cara,4,78,78,0.5116066105971625,0.002202091533553649,0.2202091533553649,0.013539263594065628,0.035933133908571425,0.6366470112537039,0.00023000650714122273,0.015165965420672138,0.6050238494594935,-0.010081029085299287,-0.0040686764137972415
A_malt_cara,4,89,89,0.3941755864867702,0.0016966370327445393,0.16966370327445393,0.018530959689971028,0.03593313390857143,0.6366145454374718,0.0003319704548319091,0.018220056389369504,0.6051425768808961,-0.010477496374409645,0.011153931174828957
A_malt_cara,4,16,16,2.9944844126721613,0.012889060922818947,1.2889060922818947,0.008951793556020047,0.03593313390857144,0.6365328537204372,0.0005885130006997308,0.024259286895938228,0.6053019267681562,-0.011009736813607951,0.018359375402068005
A_malt_cara,4,123,123,0.14130838831801498,0.0006082290554690068,0.06082290554690068,-0.013041876913701664,0.03593313390857142,0.6367014736996733,5.8947043201529326e-05,0.007677697780027148,0.605576119107424,-0.011925887576251348,-0.011046242098903768
A_malt_cara,4,121,121,0.14879044304209832,0.0006404338179177515,0.06404338179177514,-0.021923267364358904,0.03593313390857144,0.6366644014208845,0.00017538784255843876,0.013243407513109956,0.6058256443057529,-0.012759979347158668,-0.21588109983465903
A_malt_cara,4,25,25,2.0619953390939854,0.008875378825042756,0.8875378825042756,-0.013867128250946137,0.035933133908571446,0.6364105705204898,0.0009724664607240197,0.03118439450628762,0.6059081767803893,-0.013035937559177757,-0.01467795169581256
A_malt_cara,4,113,113,0.1983147237529515,0.0008535995530739284,0.08535995530739283,-0.008989616736580018,0.03593313390857143,0.6367077269985509,3.930530769835627e-05,0.006269394524057074,0.6061083703781232,-0.013705467432219232,-0.01785869682091308
A_malt_cara,4,42,42,1.255720404848894,0.005404956102503587,0.5404956102503587,-0.014431159584070737,0.03593313390857143,0.6365160206747782,0.000641370969150179,0.025325302942905432,0.6061965013531648,-0.014000283840500671,0.0019008851426061705
A_malt_burn,5,121,121,0.14879044304209832,0.0006404338179177515,0.06404338179177514,0.10013416715271829,-0.04232204751428576,0.5182801718344611,0.00549199221315777,0.07410797671747113,0.9359578087939302,0.0021508737542983436,0.37812815479128575
A_malt_burn,5,13,13,3.6372389055710395,0.015655647979452337,1.5655647979452336,0.043665557695757494,-0.04232204751428568,0.5130324413405768,0.025529372863275945,0.15977913775983288,0.9433915606050328,-0.013762707180479561,0.21192950270363614
A_malt_burn,5,147,147,0.050993323175666634,0.0002194888863961903,0.02194888863961903,0.05495811617328534,-0.0423220475142857,0.5195619031473215,0.000566979408815893,0.02381132942142523,0.9490485955614884,-0.025957189114223844,0.28436753416215865
A_malt_burn,5,2,2,18.993376531507604,0.08175256688886388,8.175256688886389,0.01702359942482684,-0.04232204751428571,0.51441697880552,0.020262603996426876,0.14234677374786767,0.9504260135189716,-0.0289374313865689,0.15661910876442833
A_malt_burn,5,1,1,33.276548823089044,0.14323115634427935,14.323115634427936,-0.009105576199349302,-0.04232204751428571,0.5170633110511443,0.010156485209869781,0.10077938881472479,0.9505318314922137,-0.02916656260403605,0.25672877794623467
A_malt_burn,5,110,110,0.2193434475927778,0.0009441127985440527,0.09441127985440527,-0.06660969200949808,-0.042322047514285706,0.5187774840355989,0.0035825298058060895,0.059854237993694444,0.9506924587316353,-0.02951442292003814,0.1087886831483455
A_malt_burn,5,120,120,0.1515182600336935,0.0006521750710170109,0.06521750710170109,-0.11496748542509425,-0.04232204751428562,0.5177899757409055,0.0073723396512408446,0.08586232964019085,0.9522773627168595,-0.0329499011102643,0.14919491013631292
A_malt_burn,5,50,50,1.0296691782332121,0.004431971230985253,0.4431971230985253,0.04828239614376108,-0.04232204751428573,0.5174080334612937,0.00883620206591329,0.09400107481254079,0.9537640253234222,-0.03617763024248899,0.13105580703109118
A_malt_burn,5,37,37,1.4348816047509763,0.006176113771840935,0.6176113771840935,0.035535517192778074,-0.04232204751428573,0.5179731027801082,0.006670089250254585,0.08167061436192512,0.9545724771568264,-0.0379349931079076,0.1015813557130399
A_malt_burn,5,135,135,0.08574241440702901,0.00036905825867218417,0.03690582586721842,-0.04468212454379898,-0.042322047514285685,0.5195454794058734,0.0006301640649245543,0.025103068834792106,0.9558256298830826,-0.040661962225967185,0.078114602942154
A_malt_burn,5,10,10,4.832061176185845,0.020798482242580997,2.0798482242581,-0.0024940784917915826,-0.04232204751428573,0.5196805031106388,0.00011064784353109758,0.010518927869832082,0.9573354693345345,-0.04395225579135764,0.16024989226725944
A_malt_burn,5,70,70,0.6176096514738066,0.002658356941408592,0.26583569414085917,0.008249386031872386,-0.04232204751428573,0.519669049888895,0.00015472041583808327,0.012438666159912706,0.9579593127748228,-0.04531327287235798,0.07893292390715244
A_malt_burn,5,16,16,2.9944844126721613,0.012889060922818947,1.2889060922818947,0.007301594073931141,-0.04232204751428573,0.5195565200535264,0.0005876892175546988,0.024242302232966244,0.9580294628077971,-0.04546637216261851,0.0852814114520632
A_malt_burn,5,36,36,1.4487161870049226,0.006235661509928422,0.6235661509928423,0.013927802417310809,-0.042322047514285734,0.5194403619429109,0.00103451978965452,0.03216395171079472,0.958132463319719,-0.045691186459874134,0.07179482875010028
A_malt_burn,5,105,105,0.2424908328388066,0.001043745328731041,0.10437453287310411,0.007629068118434348,-0.042322047514285734,0.519695755298617,5.195515038658449e-05,0.007207992118895354,0.9583249319660708,-0.046111343357991386,0.1436235645186976
A_malt_burn,5,4,4,11.331805194940767,0.048775116980078984,4.877511698007899,-0.0014552470615671032,-0.04232204751428573,0.5196862999066485,8.83411112261312e-05,0.009398995224266224,0.9585786289522819,-0.04666528996877828,0.08086933189456712
A_malt_burn,5,7,7,6.841401450017579,0.029447219599333545,2.9447219599333545,0.0010907306039736786,-0.04232204751428573,0.5197014704452985,2.996197027960168e-05,0.0054737528515083145,0.9587526346253787,-0.04704531560870184,0.062193938379426585
A_malt_burn,5,15,15,3.0995750706419116,0.013341399190889116,1.3341399190889116,-0.004266207664780354,-0.04232204751428573,0.5196552891151884,0.00020767127936605068,0.014410804258123003,0.9587712954291264,-0.04708607460448633,0.05598511330917247
A_malt_burn,5,31,31,1.7669514553930887,0.007605431125254109,0.760543112525411,0.001442147961473833,-0.04232204751428573,0.5197057409271939,1.3528029906284544e-05,0.003678047023370468,0.9589372148821756,-0.047448511365262735,0.09239000258551947
A_malt_burn,5,132,132,0.0994625974571709,0.00042811359202344425,0.042811359202344426,0.009867839419366638,-0.04232204751428573,0.5196999916198721,3.565284897799614e-05,0.005971000668037214,0.9590141305784641,-0.0476165483574007,-0.0017874981342568114
A_malt_burn,5,171,171,0.008967459446091938,3.8598341215089595e-05,0.0038598341215089595,0.007660381170096419,-0.04232204751428571,0.5197087528858415,1.937137628971186e-06,0.0013918109169692786,0.9590426715182869,-0.0476789049063453,0.06376606257933677
A_malt_burn,5,56,56,0.8711000307818646,0.003749447256797635,0.3749447256797635,-0.02844372576208046,-0.042322047514285754,0.5190346603547931,0.0025943662768406206,0.050934921977363525,0.9590538184284313,-0.04770325929813346,-0.00801728664383492
A_malt_burn,5,100,100,0.28021897028297404,0.0012061373117931349,0.12061373117931348,0.001991771936471898,-0.04232204751428573,0.5197081928571018,4.092296071012136e-06,0.0020229424289411363,0.9591226012237225,-0.04785354605288816,0.028736435604544495
A_malt_burn,5,44,44,1.155571006972621,0.00497388633798976,0.49738863379897597,-0.00766782103401935,-0.04232204751428573,0.519644259982978,0.0002501098920036915,0.015814863009319214,0.9591705264156966,-0.047958266423246965,0.050850404881889334
A_malt_burn,5,85,85,0.4367459303637133,0.0018798711659439974,0.18798711659439973,-0.002270157956433393,-0.04232204751428573,0.5197071031678483,8.285740264124541e-06,0.002878496180984566,0.9592144317731263,-0.04805420772680402,-0.014512802662236752
A_malt_burn,5,66,66,0.6772016658621743,0.0029148568920227165,0.29148568920227164,-0.027405894529420646,-0.04232204751428573,0.5192224791267758,0.001872389847692224,0.04327112025002249,0.9592471550799214,-0.048125717043671745,0.05895608358764144
A_malt_burn,5,88,88,0.3987069396982124,0.0017161411875693,0.17161411875693,-0.0071426312038013915,-0.04232204751428573,0.5196897982185318,7.487908764503004e-05,0.008653270343932358,0.9592811711828849,-0.04820005405738792,0.007342875181618377
A_malt_burn,5,78,78,0.5116066105971625,0.002202091533553649,0.2202091533553649,0.011670907621047213,-0.042322047514285734,0.5196425918537017,0.00025652854996793817,0.016016508669738,0.9593171377894189,-0.048278656466770986,0.04167195472552755
A_malt_burn,5,63,63,0.7347752395314049,0.003162668934532206,0.3162668934532206,-0.009763653113333753,-0.04232204751428573,0.5196422480611547,0.00025785139857992245,0.016057751977778277,0.9594271647898043,-0.04851913079144077,0.0717529234627712
A_malt_burn,5,39,39,1.3819623178331806,0.005948335022955433,0.5948335022955432,-0.02891161678224626,-0.04232204751428573,0.518603080482855,0.004252372046605668,0.065210214281242,0.9595003189263434,-0.04867903127937101,-0.005328095785128448
A_hops_all,6,2,2,18.993376531507604,0.08175256688886388,8.175256688886389,0.06416552659913748,0.034051851017142906,0.5988083346824026,0.17819988780466767,0.42213728549450297,0.5880950849847455,0.17758942236556163,0.45717644507082966
A_hops_all,6,40,40,1.318496380950985,0.0056751606749652775,0.5675160674965277,0.05408560481692862,0.03405185101714289,0.657639324591493,0.008789092718111458,0.09375016116312174,0.6306546044838325,0.05424917303098997,0.28024674703734653
A_hops_all,6,94,94,0.3391832803770697,0.001459935455426348,0.1459935455426348,0.052834850624144114,0.03405185101714288,0.6598355475046128,0.0021576307682481533,0.0464503042858486,0.6350369862413356,0.04105957106643432,0.24951719304719724
A_hops_all,6,58,58,0.8337089469250283,0.0035885060424231266,0.3588506042423127,-0.021011183070099877,0.034051851017142865,0.6602714763653971,0.0008387203845416913,0.0289606696148673,0.6374753458385273,0.03368132149422942,0.235337234664966
A_hops_all,6,72,72,0.595701772926808,0.002564059579202587,0.2564059579202587,-0.09954459903321022,0.03405185101714284,0.6560908647290071,0.013451354505807478,0.11597997458961336,0.6377613745989037,0.032813972055992124,0.23767347695989038
A_hops_all,6,74,74,0.5732858092185649,0.0024675752827218373,0.24675752827218372,-0.05592301323866644,0.034051851017142885,0.6591977982187125,0.0040855830425882145,0.06391856571128703,0.6384537691198261,0.030712754096523964,0.23123813881076988
A_hops_all,6,35,35,1.49915077242777,0.006452745439763313,0.6452745439763313,0.021391838784792304,0.03405185101714284,0.6600320214003539,0.0015633033893479586,0.039538631606921004,0.6391481206509896,0.028603307520258525,0.23317186848702465
A_hops_all,6,38,38,1.4046655562384334,0.0060460558264808254,0.6046055826480825,0.018524640818888084,0.034051851017142844,0.6601856578346128,0.0010984347101323788,0.03314264187013947,0.6393667446918009,0.02793865097339321,0.23080419097123178
A_hops_all,6,50,50,1.0296691782332121,0.004431971230985253,0.4431971230985253,0.04141475015834651,0.03405185101714286,0.6592180207788143,0.00402447771690484,0.06343877140128551,0.6407068876150729,0.023859407220738427,0.22314442752440994
A_hops_all,6,113,113,0.1983147237529515,0.0008535995530739284,0.08535995530739283,0.03602346987072443,0.034051851017142865,0.6603548259223595,0.000586445647902778,0.024216639897034643,0.6408691897456462,0.023364798008629672,0.22218130064545671
A_hops_all,6,116,116,0.17743592046448228,0.0007637316057098308,0.07637316057098309,0.02640335239929753,0.03405185101714287,0.6604554385748473,0.0002818781489144495,0.01678922716845792,0.640938940807995,0.02315219596422191,0.22782031095737384
A_hops_all,6,89,89,0.3941755864867702,0.0016966370327445393,0.16966370327445393,0.0712731613442526,0.03405185101714287,0.6590398019179574,0.004562926678386647,0.06754943877180912,0.641158697076856,0.02248222503170716,0.23582193476481494
A_hops_all,6,27,27,1.938381789063368,0.008343313080940655,0.8343313080940655,-0.04092749162838291,0.03405185101714286,0.6581003156247373,0.007398970578066155,0.08601726906886809,0.64183944712501,0.02040536467381915,0.20989299908642964
A_hops_all,6,9,9,5.4895726777211715,0.023628587406888897,2.36285874068889,-0.0031843108201572595,0.03405185101714286,0.6605066474788179,0.0001268443615913828,0.011262520214902594,0.6420642364815334,0.019719083987546737,0.2248829540359133
A_hops_all,6,99,99,0.29370606768199287,0.00126418938223047,0.12641893822304698,0.05673515593819613,0.03405185101714281,0.659836627494344,0.002154364316787394,0.04641513025714008,0.6429326060478118,0.017065699152006064,0.22679970056462673
A_hops_all,6,102,102,0.26521662980912314,0.001141563230347246,0.1141563230347246,0.04523239093170981,0.03405185101714286,0.6601400247767089,0.0012365211924625363,0.03516420328206471,0.6433142364559261,0.01589845721851335,0.24594069323337134
A_hops_all,6,87,87,0.3998731018481733,0.0017211606610162558,0.17211606610162558,0.007074173560225395,0.03405185101714286,0.6605334811941099,4.560110176188292e-05,0.00675285878438827,0.6435545039942653,0.015163227694714454,0.2157133699423256
A_hops_all,6,126,126,0.12786343418962204,0.0005503583809275011,0.0550358380927501,0.05249927744741385,0.034051851017142906,0.6602832547888521,0.0008030724729155558,0.028338533358577923,0.6435819237520288,0.015079304543399452,0.23159425155589636
A_hops_all,6,62,62,0.7555738382193433,0.003252191659868045,0.3252191659868045,0.03418026169853819,0.03405185101714285,0.6598838467801177,0.0020115433754167578,0.044850232724216815,0.6441513894585771,0.013335543003992312,0.19599067515487417
A_hops_all,6,98,98,0.30721620015604656,0.0013223406017848383,0.13223406017848383,-0.029196714272395598,0.034051851017142865,0.6603514119526344,0.0005967793614271022,0.02442906796066873,0.64418572511311,0.013230354461686855,0.2326796089057511
A_hops_all,6,73,73,0.580678617484791,0.002499395904572755,0.24993959045727548,0.03074685675002036,0.03405185101714283,0.6601352572467543,0.0012509472761108587,0.03536873302948195,0.6443340625680684,0.012775852770301799,0.1973086236451417
A_hops_all,6,108,108,0.22725266854960544,0.0009781561985808618,0.09781561985808618,-0.008571894987994445,0.03405185101714286,0.660535974899128,3.805085312091894e-05,0.0061685373566832385,0.6444855661794348,0.012311542045961632,0.21794979065704778
A_hops_all,6,6,6,7.286404531681817,0.03136263175046718,3.1362631750467185,0.007163746450012932,0.03405185101714286,0.6602670524100559,0.0008521095137997703,0.0291909149188515,0.6447203043368269,0.011591928129410567,0.21460528897039213
A_hops_all,6,117,117,0.17107781921176593,0.0007363646392788439,0.0736364639278844,0.013911117001224719,0.034051851017142865,0.6605236248568266,7.544308425144752e-05,0.008685797847712883,0.6448769625212128,0.01111153058276515,0.22002521854916618
A_hops_all,6,84,84,0.45053788384121485,0.0019392354183889022,0.1939235418388902,0.007873763464031144,0.03405185101714285,0.6605275199756783,6.364990584195596e-05,0.00797808910966952,0.6451309116874251,0.010332539044191513,0.2095406680634526
A_hops_all,6,157,157,0.030791663755164712,0.00013253554714653455,0.013253554714653455,0.005764624778200559,0.03405185101714286,0.6605477721278775,2.3317230539721123e-06,0.0015269980529575141,0.6454200553462676,0.009445214650963485,0.2229146520547145
A_hops_all,6,137,137,0.0781993449662555,0.0003365908725820273,0.03365908725820273,-0.04130994068302948,0.034051851017142865,0.6604480987580204,0.00030409829183775106,0.017438414258115174,0.6455862048204133,0.008935155073047207,0.22580484199098452
A_hops_all,6,46,46,1.1263267668504144,0.0048480113155713565,0.48480113155713567,-0.025783882988162605,0.034051851017142844,0.6599847450623035,0.0017063289964946993,0.04130773531064819,0.6457586739797785,0.008405555923515329,0.22202093279763216
A_hops_all,6,163,163,0.01810027796061296,7.790843203825985e-05,0.007790843203825985,0.004167577700773576,0.03405185101714286,0.6605483056285815,7.163980223490185e-07,0.000846402990386577,0.6458410820134195,0.00815245653632446,0.23476643805896746
A_hops_all,6,114,114,0.18347288222499203,0.0007897163019702809,0.07897163019702809,-0.003782096936242544,0.03405185101714286,0.6605465670217552,5.98051959488366e-06,0.0024455100888280987,0.6460677682478134,0.007456069609598659,0.22236703422919102
A_hops_citrus,7,2,2,18.993376531507604,0.08175256688886388,8.175256688886389,0.021705488933297643,-0.01633876004571428,0.48068040289812813,0.037079192043236175,0.19255958050233726,0.4504456468934795,0.10439694187718662,0.3621944418872183
A_hops_citrus,7,74,74,0.5732858092185649,0.0024675752827218373,0.24675752827218372,-0.03563685094061134,-0.01633876004571428,0.48910829950551044,0.00301688510480691,0.05492617868381852,0.4676851529309215,0.034531862989142015,0.19307406239596103
A_hops_citrus,7,35,35,1.49915077242777,0.006452745439763313,0.6452745439763313,0.010989106008010547,-0.016338760045714308,0.4896639961429969,0.0007501687640060206,0.027389208897036655,0.47035862242225746,0.02346233461767766,0.16415960297951196
A_hops_citrus,7,139,139,0.07169666485591748,0.00030860160012194534,0.030860160012194535,-0.012400374294321533,-0.016338760045714298,0.48983657580071044,4.568330126708542e-05,0.006758942318661287,0.4704314684860545,0.023159831675063747,0.1635148605851291
A_hops_citrus,7,89,89,0.3941755864867702,0.0016966370327445393,0.16966370327445393,0.02332784111571562,-0.016338760045714294,0.4896300162302599,0.0008888485289584303,0.029813562835700327,0.471770726216517,0.017590038704246913,0.14395870903969557
A_hops_citrus,7,70,70,0.6176096514738066,0.002658356941408592,0.26583569414085917,0.009884219343220806,-0.0163387600457143,0.4897865233281916,0.0002500274899843724,0.015812257586579066,0.4721619967815428,0.01595980826191512,0.15337865959307917
A_hops_citrus,7,26,26,2.0190904580673434,0.008690704754575576,0.8690704754575576,0.014745588976607375,-0.016338760045714305,0.489402008298692,0.0018191518927939132,0.04265151688737105,0.4721745775059849,0.015907368194701177,0.16019301397279406
A_hops_citrus,7,75,75,0.5611254707768586,0.002415233937295569,0.2415233937295569,0.00851478547775224,-0.0163387600457143,0.4898064747745606,0.00016857623206623096,0.012983691003180144,0.47336225626045625,0.010950490324077689,0.11350117073033657
A_hops_citrus,7,141,141,0.06592910925723788,0.00028377649995694223,0.028377649995694223,-0.002951792520603897,-0.0163387600457143,0.4898471818591482,2.3803334645577934e-06,0.0015428329347073164,0.47337445167116216,0.010899527154975441,0.1229259856514605
A_hops_citrus,7,154,154,0.037484871344509146,0.0001613449007778501,0.01613449007778501,-0.0018953867112495677,-0.016338760045714298,0.48984762819044086,5.580082573786171e-07,0.0007469995028494731,0.47346720635342016,0.010511873414684736,0.13165653435424765
A_hops_citrus,7,80,80,0.49253109656412436,0.002119985424914227,0.21199854249142272,-0.005380092889414416,-0.0163387600457143,0.48983329582089313,5.9074783888335425e-05,0.007686012222756018,0.47351087972916656,0.010329321046762874,0.1202050160873378
A_hops_citrus,7,66,66,0.6772016658621743,0.0029148568920227165,0.29148568920227164,-0.018722012598504048,-0.016338760045714298,0.48960680206720697,0.000983585283601096,0.03136216324810653,0.4737696252017122,0.009247433458879128,0.10366585229441552
A_hops_citrus,7,22,22,2.3276533586627237,0.010018841914837696,1.0018841914837695,0.004016931252372233,-0.0163387600457143,0.4898096456339874,0.00015563097584592178,0.012475214460914883,0.4740171699171502,0.008211826184194027,0.1285418216987718
A_hops_citrus,7,53,53,0.9326341188083077,0.004014306411197168,0.40143064111971677,0.0018013991803805733,-0.016338760045714298,0.4898446933449016,1.2540653230530552e-05,0.00354127847401663,0.4740510395140568,0.008070090112638706,0.13164925726100693
A_hops_citrus,7,160,160,0.024200727140449383,0.00010416639511288043,0.010416639511288043,0.018453956590781556,-0.016338760045714263,0.489839400529494,3.415044306731563e-05,0.005843838042527635,0.4743765804528259,0.006707263568574207,0.11457576298685986
A_hops_citrus,7,60,60,0.7889342692592156,0.0033957838676834506,0.33957838676834506,0.01562721108859587,-0.0163387600457143,0.48965219111279984,0.0007983488725351595,0.028255068085829983,0.4744076810190302,0.006577016923037471,0.09904738432353317
A_hops_citrus,7,121,121,0.14879044304209832,0.0006404338179177515,0.06404338179177514,-0.053947932801957824,-0.01633876004571428,0.4894080818551704,0.001794376574049128,0.0423600823187198,0.4744352855019577,0.006461404437380858,0.09543011956673103
A_hops_citrus,7,42,42,1.255720404848894,0.005404956102503587,0.5404956102503587,-0.002461015886515811,-0.016338760045714298,0.4898400461401211,3.151452197158733e-05,0.005613779651132541,0.474506184086965,0.006164437723626737,0.16101117585950583
A_hops_citrus,7,100,100,0.28021897028297404,0.0012061373117931349,0.12061373117931348,-0.041272131011901365,-0.016338760045714266,0.4893630946820191,0.0019778814524937793,0.04447337914408654,0.4749607547843077,0.004259362789285737,0.07140255009629044
A_hops_citrus,7,25,25,2.0619953390939854,0.008875378825042756,0.8875378825042756,0.002071937140403743,-0.016338760045714298,0.48983878096049116,3.6680037263980836e-05,0.006056404648300192,0.47559645218641095,0.001592138884109917,0.09349652393376959
A_hops_citrus,7,93,93,0.3431824800366267,0.0014771490791929012,0.14771490791929012,-0.0013460203343468214,-0.016338760045714298,0.4898471338319029,2.576423716149634e-06,0.001605124205747398,0.4759277999953773,0.00020047375764586928,0.10996744619326675
A_hops_citrus,7,10,10,4.832061176185845,0.020798482242580997,2.0798482242581,-0.0028835993319163518,-0.016338760045714298,0.48980698549984186,0.00016649116591183066,0.012903145582047616,0.47602003721486463,-0.0001870962249213015,0.029009681566863406
A_hops_citrus,7,13,13,3.6372389055710395,0.015655647979452337,1.5655647979452336,-0.0006667800339042118,-0.016338760045714298,0.4898461236740139,6.7007889521519814e-06,0.0025885882159726883,0.4762107670982756,-0.0009887590581785233,-0.01795865077685695
A_hops_citrus,7,23,23,2.2519267539731596,0.009692894377027327,0.9692894377027327,-0.02542938323557412,-0.0163387600457143,0.48836762544846557,0.006034132641467127,0.07767967972041903,0.47625446732735566,-0.0011724820992873308,0.08133656648439827
A_hops_citrus,7,39,39,1.3819623178331806,0.005948335022955433,0.5948335022955432,0.009954892947670569,-0.016338760045714298,0.4897087532445878,0.0005674901496438567,0.023822051751348168,0.47627569492335786,-0.0012617325318566852,0.004331413384024175
A_hops_citrus,7,37,37,1.4348816047509763,0.006176113771840935,0.6176113771840935,-0.004550910614369178,-0.016338760045714298,0.4898176038332051,0.0001231406997282969,0.011096877927064075,0.4763570775402894,-0.0016039387905881775,-0.02570219818909594
A_hops_citrus,7,90,90,0.37729773726772353,0.001623990260595767,0.1623990260595767,0.014291972793912483,-0.016338760045714305,0.4897695438693629,0.0003193430731960323,0.01787017272428276,0.47636628446577445,-0.0016426567287997074,0.020279557978890472
A_hops_citrus,7,50,50,1.0296691782332121,0.004431971230985253,0.4431971230985253,-0.001267446624179501,-0.016338760045714298,0.48984608614146324,6.854030127012578e-06,0.0026180202686257423,0.47660505924086183,-0.0026470390629351748,-0.10607981931415683
A_hops_citrus,7,28,28,1.9355425295858428,0.00833109214960882,0.833109214960882,0.000551188063348115,-0.016338760045714298,0.4898471680684607,2.436639410685615e-06,0.0015609738660577392,0.47680236580354096,-0.00347736927427178,-0.13316178245799531
A_hops_citrus,7,88,88,0.3987069396982124,0.0017161411875693,0.17161411875693,0.040760645342648553,-0.016338760045714294,0.4891750139396824,0.0027448893089534465,0.05239169122058797,0.47681586009685706,-0.003534170207101228,0.010932897340596355
A_hops_tropical,8,149,149,0.047843986858062536,0.00020593330150409103,0.020593330150409102,0.039672986199423894,0.042520606308571435,0.6402739685574137,0.0001826069663475316,0.013513214508303182,0.5292388348889937,-0.023478363357378518,0.2734011249467432
A_hops_tropical,8,121,121,0.14879044304209832,0.0006404338179177515,0.06404338179177514,-0.024229581895477793,0.04252060630857145,0.6402646145913153,0.00021182005369224655,0.01455403908516418,0.5322743906369736,-0.03525276589534565,0.20839156427730038
A_hops_tropical,8,40,40,1.318496380950985,0.0056751606749652775,0.5675160674965277,0.028300548862470406,0.04252060630857146,0.6395120414606127,0.0025607598712462654,0.05060395114263754,0.5341643591957885,-0.04261764721938044,0.08139530973829831
A_hops_tropical,8,100,100,0.28021897028297404,0.0012061373117931349,0.12061373117931348,-0.0341888081834236,0.04252060630857147,0.6400780883393105,0.0007942654160011386,0.028182714844406445,0.5343256797306472,-0.04324749468712663,0.08606257042496857
A_hops_tropical,8,164,164,0.017524364135174095,7.542954507162131e-05,0.007542954507162131,0.005543408475881062,0.04252060630857145,0.6403320177164281,1.3058588252956582e-06,0.0011427418017883452,0.5345764690398096,-0.04422703480111778,0.04047636394103846
A_hops_tropical,8,3,3,13.545194736908474,0.05830213690097895,5.830213690097895,0.0013896357081704632,0.04252060630857144,0.6403121276860098,6.342892930200072e-05,0.00796422810459214,0.534591440804455,-0.044285526490276395,0.048952510389961144
A_hops_tropical,8,30,30,1.7954555031501611,0.007728120161982139,0.7728120161982139,-0.004913294603198364,0.04252060630857144,0.6402987840803045,0.00010510429271137767,0.010252038466145854,0.5349259208318231,-0.045592700142889964,0.040669868332140514
A_hops_tropical,8,123,123,0.14130838831801498,0.0006082290554690068,0.06082290554690068,0.0036989747547371003,0.04252060630857145,0.6403309347179015,4.6884671178748505e-06,0.002165286844245031,0.5349537098839628,-0.045701338680117276,0.04078343280505205
A_hops_tropical,8,1,1,33.276548823089044,0.14323115634427935,14.323115634427936,0.001710960287304351,0.04252060630857144,0.6402568013869843,0.00023622090764274795,0.01536947974535267,0.5350348401316436,-0.04601854160904306,0.13324862354897848
A_hops_tropical,8,7,7,6.841401450017579,0.029447219599333545,2.9447219599333545,0.000740760398472211,0.04252060630857144,0.6403295212197274,9.103340459670761e-06,0.003017174250778374,0.5351233067305237,-0.04636448301783558,0.041109617702850196
A_hops_tropical,8,110,110,0.2193434475927778,0.0009441127985440527,0.09441127985440527,0.02504305998317227,0.042520606308571435,0.6402256259405783,0.0003335797274991448,0.018264165119143302,0.535329163487106,-0.047169690443284784,0.010574488462164014
A_hops_tropical,8,95,95,0.3314330796148968,0.0014265765207913924,0.14265765207913925,0.034653518510541034,0.04252060630857145,0.6400233557005116,0.0009651409055281279,0.031066717005957027,0.5354903302019415,-0.04780030919249789,0.08231841391391434
A_hops_tropical,8,132,132,0.0994625974571709,0.00042811359202344425,0.042811359202344426,-0.025151839352064873,0.04252060630857145,0.6402835827714461,0.00015258066182377572,0.01235235450527016,0.5354982031933436,-0.047831119771148956,0.03270550776517644
A_hops_tropical,8,135,135,0.08574241440702901,0.00036905825867218417,0.03690582586721842,0.057565741201376724,0.042520606308571386,0.6401118007915441,0.0006890077503740599,0.026248957129266576,0.5355653829305282,-0.04809404291195585,0.061681733611324695
A_hops_tropical,8,72,72,0.595701772926808,0.002564059579202587,0.2564059579202587,-0.0006980810340368638,0.04252060630857144,0.64033221042794,7.039483046478168e-07,0.0008390162719537268,0.5356204069880933,-0.04830941661354515,0.06579532964633661
A_hops_tropical,8,54,54,0.9190804381071087,0.00395596774843876,0.395596774843876,-0.010833085265858933,0.042520606308571435,0.6402486902180922,0.0002615519981687964,0.016172569312536054,0.5358401510833416,-0.04916975372951349,0.047464991708564164
A_hops_tropical,8,25,25,2.0619953390939854,0.008875378825042756,0.8875378825042756,-0.0022695114131811274,0.04252060630857144,0.6403241900440757,2.5754470076577718e-05,0.0050748862131830925,0.5363492877281396,-0.05116447003580249,-0.05050820542526295
A_hops_tropical,8,39,39,1.3819623178331806,0.005948335022955433,0.5948335022955432,0.04473494951999636,0.04252060630857144,0.6381816568225067,0.00670641309601594,0.08189269256787222,0.5363720257197528,-0.05125359805773888,0.02301050345520852
A_hops_tropical,8,20,20,2.5174618342412147,0.01083582830322749,1.083582830322749,0.0025486183394583155,0.04252060630857144,0.640319740229489,3.965269410766137e-05,0.006297038518842686,0.536433993719969,-0.0514965184308116,-0.006253639394459448
A_hops_tropical,8,86,86,0.41533279370058884,0.001787703304982126,0.1787703304982126,0.021066402069615905,0.04252060630857144,0.6401893155207392,0.00044696874730265623,0.021141635398012795,0.5366300958673741,-0.05226544216673257,0.06752367035290152
A_hops_tropical,8,105,105,0.2424908328388066,0.001043745328731041,0.10437453287310411,0.0656708551180021,0.04252060630857139,0.6395199945503521,0.00253595104014237,0.05035822713462408,0.5366723635437143,-0.05243121209683688,0.028673752203100644
A_hops_tropical,8,29,29,1.8456280608235607,0.007944076254379703,0.7944076254379703,-0.047059656954214976,0.04252060630857146,0.6371511875879171,0.009911557284978723,0.09955680431280828,0.536913055488032,-0.053375432577486004,0.01092674473501586
A_hops_tropical,8,59,59,0.8213598636507362,0.0035353522888120735,0.35353522888120736,0.014703942430558047,0.04252060630857145,0.6401945487429452,0.00043062700472018545,0.020751554272398616,0.5373553080405393,-0.05511146723510407,0.0350477381796292
A_hops_tropical,8,71,71,0.6014008530550752,0.0025885899426489316,0.25885899426489317,0.025465924209540667,0.042520606308571435,0.640029562258231,0.0009457647451860396,0.030753288363781422,0.5375581469263375,-0.05590817669156545,0.024355835089457628
A_hops_tropical,8,94,94,0.3391832803770697,0.001459935455426348,0.1459935455426348,-0.0046925064137707485,0.04252060630857144,0.6403266372257551,1.8111081406368967e-05,0.004255711621601515,0.5375827627163815,-0.05600488291485717,-0.06783309364402411
A_hops_tropical,8,13,13,3.6372389055710395,0.015655647979452337,1.5655647979452336,0.016446537843358384,0.04252060630857146,0.6395681500502556,0.0023857284082743346,0.04884391884640688,0.5377844364778029,-0.05679735037873557,-0.008759810850433
A_hops_tropical,8,19,19,2.642787236139327,0.011375262315108048,1.1375262315108048,-0.005697805943529172,0.042520606308571435,0.640265820230212,0.00020805478344132489,0.014424104250920753,0.538121484626918,-0.05812242855346783,0.02244531851023872
A_hops_tropical,8,112,112,0.2049420656064698,0.0008821254029814654,0.08821254029814654,-0.014019712343445796,0.04252060630857144,0.6403011609305099,9.768086833972234e-05,0.009883363209944965,0.5388055488456931,-0.060814325377153367,-0.03834960105167234
A_hops_tropical,8,10,10,4.832061176185845,0.020798482242580997,2.0798482242581,-0.014536519533674228,0.04252060630857144,0.639539207729725,0.0024760162648922446,0.049759584653536935,0.5388674297257294,-0.061058004729405146,0.018688619977360835
A_hops_tropical,8,56,56,0.8711000307818646,0.003749447256797635,0.3749447256797635,-0.01929772655156304,0.04252060630857143,0.640080528097015,0.0007866481437346362,0.028047248416460807,0.5397842023242689,-0.064671421748272,-0.04645700687780638
A_hops_noble,9,2,2,18.993376531507604,0.08175256688886388,8.175256688886389,0.05141732605134001,0.03766597833714289,0.4779596663001266,0.1793521848635773,0.4234999230974868,0.4956213169595602,0.16528677638764144,0.4695032853555531
A_hops_noble,9,93,93,0.3431824800366267,0.0014771490791929012,0.14771490791929012,-0.07847221209860235,0.037665978337142914,0.5256147645178673,0.007548182948414306,0.08688027939880427,0.5356798230913552,0.024902784932963717,0.24279668319507616
A_hops_noble,9,119,119,0.15928142335834425,0.0006855897999839676,0.06855897999839676,-0.08891191175119637,0.037665978337142886,0.5264219861115026,0.004497493490242643,0.06706335430205396,0.5400199961846356,0.009037952664380233,0.22275043394922972
A_hops_noble,9,94,94,0.3391832803770697,0.001459935455426348,0.1459935455426348,0.024108826925203546,0.037665978337142865,0.5274239900374308,0.0007041612355100924,0.02653603654486291,0.5422062701556811,0.0009978796344524143,0.21342194755564428
A_hops_noble,9,40,40,1.318496380950985,0.0056751606749652775,0.5675160674965277,0.045981225089213956,0.037665978337142886,0.5249765253917413,0.009956931903830957,0.09978442716091,0.54397302303896,-0.0055231273730285135,0.19795768994488214
A_hops_noble,9,63,63,0.7347752395314049,0.003162668934532206,0.3162668934532206,-0.010196819455840632,0.03766597833714286,0.5275377923057355,0.00027287860817837295,0.016519037749771766,0.5445876515690731,-0.0077966678761312025,0.18559897636100092
A_hops_noble,9,9,9,5.4895726777211715,0.023628587406888897,2.36285874068889,-0.0038365824686946892,0.03766597833714285,0.5275336413965352,0.00028861116891742977,0.0169885599424298,0.5448379193051271,-0.008723155812235817,0.18062556053563028
A_hops_noble,9,107,107,0.23481237184582068,0.0010106951812287642,0.10106951812287643,-0.01713161212097624,0.03766597833714286,0.5275448438919108,0.0002461517682534886,0.015689224590574622,0.5450930775202126,-0.009668186471086582,0.19779118094148312
A_hops_noble,9,67,67,0.6634921720629949,0.002855847568063354,0.2855847568063354,-0.008925447309830675,0.03766597833714286,0.5275599775869798,0.00018879100707713814,0.013740123983320564,0.54523305639764,-0.010186814837762848,0.18762916875588811
A_hops_noble,9,102,102,0.26521662980912314,0.001141563230347246,0.1141563230347246,0.009289362411314077,0.03766597833714286,0.5275882189120926,8.174441382380326e-05,0.009041261738485837,0.5462834544688658,-0.014082838304247058,0.20971793369866165
A_hops_noble,9,72,72,0.595701772926808,0.002564059579202587,0.2564059579202587,-0.06480924761936094,0.037665978337142844,0.5252468868877903,0.008936930297527734,0.09453533888196282,0.5463682010994265,-0.014397498281695453,0.16678862990886992
A_hops_noble,9,160,160,0.024200727140449383,0.00010416639511288043,0.010416639511288043,0.03368775778299591,0.03766597833714292,0.5275839046817214,9.809754649214852e-05,0.009904420553069455,0.5464369673682746,-0.014652859851914002,0.1770709602056228
A_hops_noble,9,61,61,0.7706106365714271,0.0033169140572276634,0.33169140572276634,-0.009942579187484465,0.037665978337142865,0.5275379993719798,0.00027209379319848015,0.016495265781378894,0.5467774634741311,-0.015917755924925725,0.19098890378600902
A_hops_noble,9,54,54,0.9190804381071087,0.00395596774843876,0.395596774843876,-0.02968925013994099,0.03766597833714284,0.5268458868436998,0.0028935933578256856,0.05379213100283071,0.5468758746280774,-0.01628348656504297,0.2153595364356883
A_hops_noble,9,66,66,0.6772016658621743,0.0029148568920227165,0.29148568920227164,-0.04253610626848619,0.03766597833714286,0.5264539969662166,0.0043764200707027134,0.06615451663116242,0.5474773477858458,-0.01852020393634879,0.16254894279103374
A_hops_noble,9,78,78,0.5116066105971625,0.002202091533553649,0.2202091533553649,0.026484822692902383,0.037665978337142844,0.5272715338663596,0.001281786832349363,0.03580205067240199,0.5476055423692526,-0.018997243070230097,0.1559167367018031
A_hops_noble,9,116,116,0.17743592046448228,0.0007637316057098308,0.07637316057098309,0.022638274635027798,0.03766597833714287,0.5275240935972417,0.0003247982726979348,0.0180221606001582,0.547867932315142,-0.019973999761736305,0.1916645439825932
A_hops_noble,9,47,47,1.1013439278573889,0.004740478502094882,0.47404785020948825,0.003423314051191454,0.03766597833714286,0.5275976223542473,4.6100110434155184e-05,0.0067897062111797616,0.5483689539618328,-0.02184037188958876,0.182232657592866
A_hops_noble,9,50,50,1.0296691782332121,0.004431971230985253,0.4431971230985253,0.013709095811201019,0.03766597833714286,0.5274274116754601,0.0006911954250800045,0.02629059575361217,0.5484014703538457,-0.02196155871819072,0.20628522875065225
A_hops_noble,9,71,71,0.6014008530550752,0.0025885899426489316,0.25885899426489317,0.0188094514504494,0.03766597833714285,0.5274092595404487,0.0007599793971978519,0.027567723830554423,0.5488926581775074,-0.023793063203653375,0.169839366497998
A_hops_noble,9,145,145,0.05839559224245817,0.00025135023006030225,0.025135023006030224,-0.04380837493973041,0.037665978337142865,0.5275041736510954,0.000400294730377837,0.02000736690266298,0.5490951235283107,-0.024548478120900663,0.16070744745541635
A_hops_noble,9,21,21,2.355795283146291,0.010139972276251194,1.0139972276251195,-0.0034159117678506275,0.03766597833714286,0.5275838821341292,9.818301301145471e-05,0.009908734178060444,0.5491854645336711,-0.024885637748790712,0.17715086635772162
A_hops_noble,9,84,84,0.45053788384121485,0.0019392354183889022,0.1939235418388902,0.004580666985113078,0.03766597833714286,0.5276008763274809,3.3765584571132656e-05,0.005810816170821777,0.5492428190780024,-0.025099718135114024,0.1723645385352839
A_hops_noble,9,52,52,0.9382035888706446,0.004038278898292941,0.40382788982929413,-0.004662931267596051,0.037665978337142865,0.527590562246876,7.286192422895077e-05,0.008535919647529403,0.5492435304547107,-0.025102373545472068,0.19680646493031978
A_hops_noble,9,91,91,0.3719439901607688,0.0016009463027328078,0.16009463027328077,0.0034173417662904135,0.03766597833714286,0.5276056910923105,1.5514575368191785e-05,0.00393885457566171,0.5498735965385455,-0.027455620019594118,0.21578262165231057
A_hops_noble,9,38,38,1.4046655562384334,0.0060460558264808254,0.6046055826480825,0.004915256472713194,0.03766597833714286,0.5275778062583998,0.00012121345197879663,0.011009698087538536,0.5500349535997011,-0.028058709693233208,0.19823197554350944
A_hops_noble,9,112,112,0.2049420656064698,0.0008821254029814654,0.08821254029814654,0.028089817552945207,0.03766597833714286,0.5274573926783929,0.0005775830831116213,0.024032958267999772,0.5500354321873014,-0.028060498729953975,0.123451023067845
A_hops_noble,9,60,60,0.7889342692592156,0.0033957838676834506,0.33957838676834506,0.04619087773978237,0.03766597833714285,0.52602132545599,0.006012274070591905,0.0775388552313745,0.5500962656719264,-0.028287916664683888,0.17476424421596382
A_hops_noble,9,32,32,1.7130806714526785,0.007373556878979988,0.7373556878979988,0.002956732775137995,0.037665978337142865,0.5275956723329757,5.349183355563003e-05,0.007313811151212646,0.5504900491715331,-0.029760632516914853,0.18622041234200135
A_hops_noble,9,110,110,0.2193434475927778,0.0009441127985440527,0.09441127985440527,0.016870148940661904,0.03766597833714285,0.52755095985859,0.0002229708131659125,0.014932207243610716,0.5513579143200992,-0.03301009300668167,0.18849846987089608
A_hops_woody,10,121,121,0.14879044304209832,0.0006404338179177515,0.06404338179177514,0.09325386901356826,-0.039745393702857165,0.3448946942131362,0.010699784533490742,0.10343976282595915,0.40861073802755543,0.018192235268164825,0.19846510152220845
A_hops_woody,10,2,2,18.993376531507604,0.08175256688886388,8.175256688886389,0.005895789364892385,-0.03974539370285713,0.34580693571983195,0.005459493751658551,0.07388838712313812,0.4122755293567854,0.0005017741541029075,0.238011891720137
A_hops_woody,10,1,1,33.276548823089044,0.14323115634427935,14.323115634427936,0.010923490233853972,-0.03974539370285715,0.3410145509974312,0.032834272976897894,0.18120229848679584,0.41406886045645475,-0.008212444934375451,0.09994894476719762
A_hops_woody,10,40,40,1.318496380950985,0.0056751606749652775,0.5675160674965277,0.024302912095748228,-0.039745393702857124,0.3456364920527606,0.00643964387613527,0.0802473917092355,0.4143288889112878,-0.009479124303760633,0.14700349398960508
A_hops_woody,10,95,95,0.3314330796148968,0.0014265765207913924,0.14265765207913925,0.015120148216090812,-0.03974539370285714,0.34664613271901723,0.0006265766776685222,0.025031513691116867,0.4156753661923676,-0.016050953393744294,0.11881831533022358
A_hops_woody,10,72,72,0.595701772926808,0.002564059579202587,0.2564059579202587,-0.04263872488292484,-0.039745393702857144,0.3451985614502831,0.008955783503117432,0.09463500146942272,0.41637109576837594,-0.01945499575330545,0.11175132740044208
A_hops_woody,10,96,96,0.32453806198654195,0.0013968985228363213,0.13968985228363212,0.004419944331264258,-0.039745393702857144,0.3467456939759382,5.242826838924852e-05,0.007240736729730789,0.4165329471287032,-0.020247712869768453,0.09616102263097541
A_hops_woody,10,13,13,3.6372389055710395,0.015655647979452337,1.5655647979452336,0.0083683189384901,-0.03974539370285713,0.34638941144809793,0.0021062724747713535,0.0458941442318235,0.4165369031566191,-0.020267092597723524,0.09161251608935181
A_hops_woody,10,134,134,0.09004704839363732,0.0003875865533826318,0.03875865533826318,0.0015439484991941342,-0.03974539370285714,0.34675447622437494,1.7750123447735078e-06,0.001332295892375351,0.41672224205352665,-0.02117523420626477,0.0857632884267553
A_hops_woody,10,11,11,4.383314666606854,0.01886695737760278,1.886695737760278,-0.003324386528094009,-0.03974539370285714,0.3466853250688949,0.00040058248154850595,0.020014556741251546,0.41673482051426286,-0.021236882014554093,0.08784805537338732
A_hops_woody,10,57,57,0.844587434595947,0.003635329959670866,0.3635329959670866,0.002384843516796649,-0.03974539370285714,0.34674789701332853,3.97219598452514e-05,0.0063025359852366845,0.41680134764047927,-0.021562966490987767,0.08368615152908904
A_hops_woody,10,35,35,1.49915077242777,0.006452745439763313,0.6452745439763313,0.002921184522373019,-0.03974539370285714,0.34673644252756447,0.00010578633503888213,0.010285248418930273,0.4168296357604152,-0.021701637234410986,0.09071136929995223
A_hops_woody,10,59,59,0.8213598636507362,0.0035353522888120735,0.35353522888120736,0.002501690206426842,-0.03974539370285714,0.34674741403255405,4.2507622035614645e-05,0.006519786962442176,0.4168867561824191,-0.021981675035801285,0.08883923823785872
A_hops_woody,10,82,82,0.46528172948362084,0.0020026968690204086,0.20026968690204086,0.008014000736747228,-0.03974539370285714,0.3467119389535669,0.0002471047147495353,0.015719564712477083,0.41693612037531097,-0.02222371816468116,0.07273519649540472
A_hops_woody,10,16,16,2.9944844126721613,0.012889060922818947,1.2889060922818947,0.0039579325423203995,-0.03974539370285714,0.3466875235325347,0.0003879047603831953,0.01969529792572832,0.4169515431056137,-0.02229934496471775,0.08587738815488465
A_hops_woody,10,115,115,0.1812286286340857,0.0007800564349370663,0.07800564349370663,-0.00728264592091652,-0.039745393702857144,0.34674100323063256,7.948249131461971e-05,0.008915295357695013,0.4170437821652397,-0.02275170621381517,0.09118235854662952
A_hops_woody,10,58,58,0.8337089469250283,0.0035885060424231266,0.3588506042423127,-0.009406024700979867,-0.03974539370285714,0.34664901660920344,0.0006099482204352524,0.024697129801561968,0.41704884129658115,-0.022776520234869535,0.10874505664529234
A_hops_woody,10,93,93,0.3431824800366267,0.0014771490791929012,0.14771490791929012,-0.004081753172027485,-0.03974539370285714,0.3467465864519513,4.72808050687723e-05,0.006876103916372528,0.4172417364421023,-0.023722856642212742,0.09080868057519029
A_hops_woody,10,32,32,1.7130806714526785,0.007373556878979988,0.7373556878979988,0.0019688775357629145,-0.03974539370285714,0.3467452630293485,5.4913800210609764e-05,0.0074103846196043,0.4172435689065852,-0.023731848743101747,0.06850193417142358
A_hops_woody,10,17,17,2.835193416915173,0.012203429920673841,1.220342992067384,0.003165459419673218,-0.03974539370285714,0.3467140515299267,0.00023492133985258956,0.015327143890912547,0.4175993577180145,-0.025478491028696038,0.08424482186331914
A_hops_woody,10,120,120,0.1515182600336935,0.0006521750710170109,0.06521750710170109,-0.08252423061915418,-0.03974539370285706,0.34527221090475074,0.008532852121669321,0.09237343839908475,0.417619550810435,-0.02557766782205695,0.10259522059313936
A_hops_woody,10,37,37,1.4348816047509763,0.006176113771840935,0.6176113771840935,-0.0037812989141265607,-0.03974539370285714,0.3467253685381279,0.0001696541019138298,0.013025133470095013,0.4176325382279667,-0.025641457041064575,0.03470627210778845
A_hops_woody,10,105,105,0.2424908328388066,0.001043745328731041,0.10437453287310411,0.030235029283656997,-0.03974539370285716,0.34643682285289157,0.0018330840935296688,0.04281453133609913,0.4176782342789359,-0.025865914304659565,0.030988954724868692
A_hops_woody,10,64,64,0.7082874418610284,0.0030486583768415316,0.30486583768415315,0.007679180659995595,-0.039745393702857144,0.3466948965577335,0.0003453866826456098,0.018584581852862596,0.41772859124193434,-0.02611329423392461,0.09300740738307772
A_hops_woody,10,39,39,1.3819623178331806,0.005948335022955433,0.5948335022955432,-0.007642288795121408,-0.03974539370285714,0.3466390464125958,0.0006674356012406069,0.025834775037548018,0.4179201683360919,-0.027054694390141965,-0.03082357156689867
A_hops_woody,10,101,101,0.27425084803589356,0.0011804489191897458,0.11804489191897458,-0.009983939070803768,-0.03974539370285714,0.3467155885705695,0.00022605707283751553,0.015035194472891148,0.41794840190596116,-0.027193469219235267,0.0734463235897125
A_hops_woody,10,100,100,0.28021897028297404,0.0012061373117931349,0.12061373117931348,0.005511832287080772,-0.039745393702857144,0.3467425784621731,7.039726689428427e-05,0.008390307914153227,0.4179791534608138,-0.02734463122029962,-0.04559700869182658
A_hops_woody,10,26,26,2.0190904580673434,0.008690704754575576,0.8690704754575576,-0.0007673256465262068,-0.03974539370285714,0.3467530795578314,9.830632949237028e-06,0.0031353840194105853,0.4181361208356481,-0.02811639157289547,-0.09243196433963141
A_hops_woody,10,67,67,0.6634921720629949,0.002855847568063354,0.2855847568063354,-0.006587511857223214,-0.03974539370285714,0.3467135017349286,0.00023809205301694725,0.015430231787538983,0.4181802351767513,-0.028333340396227813,0.08014502634973644
A_hops_woody,10,149,149,0.047843986858062536,0.00020593330150409103,0.020593330150409102,0.0033510742525501387,-0.03974539370285714,0.34675401368076114,4.44285092227048e-06,0.0021078071359806536,0.41824506591815513,-0.028652211423696006,-0.2886932637479945
A_esters_all,11,4,4,11.331805194940767,0.048775116980078984,4.877511698007899,0.027028337575280507,0.07130175953714285,0.5786632861815995,0.02399113921920537,0.1548907331611728,0.6027593524298456,0.0892124476379581,0.3632367725670615
A_esters_all,11,109,109,0.22031063953247068,0.0009482758510488532,0.09482758510488531,0.02878510477827041,0.07130175953714288,0.5855771747148697,0.0005290347531117234,0.023000755490023717,0.6149917672245853,0.05187024699006315,0.2973395467809019
A_esters_all,11,19,19,2.642787236139327,0.011375262315108048,1.1375262315108048,0.011051071256870283,0.07130175953714288,0.5854581289244546,0.0009353713447594059,0.030583841236175236,0.6168045056454206,0.046272629773847385,0.2899482890120959
A_esters_all,11,82,82,0.46528172948362084,0.0020026968690204086,0.20026968690204086,-0.05070673363696322,0.07130175953714288,0.5847158679955365,0.0034670521354782657,0.05888167911564988,0.6179157082908202,0.04283316396887982,0.27693685736741847
A_esters_all,11,145,145,0.05839559224245817,0.00025135023006030225,0.025135023006030224,0.0551157500313301,0.07130175953714286,0.585581550775498,0.0005140964595046205,0.022673695320897344,0.6190055175021167,0.039453903345470276,0.2760819533432484
A_esters_all,11,16,16,2.9944844126721613,0.012889060922818947,1.2889060922818947,-0.0228326593223211,0.07130175953714285,0.5844056254221284,0.004524266222474149,0.06726266588884573,0.6190611099587023,0.03928136363932655,0.2852922972611423
A_esters_all,11,8,8,5.894338989064857,0.025370809748850587,2.5370809748850585,0.009153468330901221,0.07130175953714286,0.5853128129537569,0.0014312634389492818,0.037832042489793404,0.6191687480912852,0.03894724815895889,0.2772969596674691
A_esters_all,11,101,101,0.27425084803589356,0.0011804489191897458,0.11804489191897458,0.04224126538436754,0.07130175953714286,0.5853166439708897,0.0014181916374346182,0.037658885238875714,0.6195203066500884,0.03785558376157916,0.2832857679390499
A_esters_all,11,46,46,1.1263267668504144,0.0048480113155713565,0.48480113155713567,0.01973741324657319,0.07130175953714288,0.5853595981877556,0.001271621831546721,0.03565980694769596,0.6200452365286362,0.03622441100318463,0.27244627041852754
A_esters_all,11,76,76,0.5379049081433639,0.0023152864320827534,0.23152864320827535,0.007413221175366538,0.07130175953714286,0.5857070409484494,8.567074118748241e-05,0.00925584902575881,0.6203379900958692,0.03531410532498902,0.27347503450994687
A_esters_all,11,111,111,0.2147939504540835,0.0009245305474090419,0.09245305474090419,0.029211770102608708,0.07130175953714285,0.5855765429886778,0.000531191229400263,0.023047586194659884,0.6207349631320125,0.0340790469321004,0.27194649109709845
A_esters_all,11,21,21,2.355795283146291,0.010139972276251194,1.0139972276251195,0.014914575674056125,0.07130175953714286,0.5852871863736624,0.0015187016119861951,0.038970522346850334,0.6222012686827854,0.02951024324271012,0.263775563734833
A_esters_all,11,70,70,0.6176096514738066,0.002658356941408592,0.26583569414085917,-0.0674572594486432,0.07130175953714289,0.5833418962817492,0.008144877612938028,0.09024897568913479,0.6222455732799487,0.029372028517922977,0.28118011564569795
A_esters_all,11,97,97,0.3149723405638439,0.0013557251022414056,0.13557251022414055,-0.019407986480047996,0.07130175953714285,0.5856314261128156,0.000343832149010459,0.018542711479465446,0.6227844898569944,0.027690010854298897,0.2661295227608946
A_esters_all,11,83,83,0.45547229144159773,0.001960474426984242,0.1960474426984242,0.056490195114403265,0.07130175953714286,0.5844971844877694,0.004212318616440225,0.06490237758695921,0.6235334734161103,0.02534993297906396,0.2724418674461891
A_esters_all,11,95,95,0.3314330796148968,0.0014265765207913924,0.14265765207913925,-0.028459520466028402,0.07130175953714286,0.5855042455335182,0.0007779722576541914,0.02789215405189013,0.6242264892751549,0.023182211950609988,0.26363485362619904
A_esters_all,11,60,60,0.7889342692592156,0.0033957838676834506,0.33957838676834506,-0.021043470818756915,0.07130175953714286,0.5854355338986424,0.0010124851616208908,0.03181957198990727,0.6243384619431998,0.022831740749147067,0.27378270836008634
A_esters_all,11,91,91,0.3719439901607688,0.0016009463027328078,0.16009463027328077,-0.009940969901932809,0.07130175953714286,0.5857009333928546,0.00010652417161594041,0.01032105477246544,0.6245499179081834,0.022169718269247296,0.26500224864735805
A_esters_all,11,49,49,1.0562361022533222,0.004546322369624689,0.45463223696246885,0.01909630643933406,0.07130175953714286,0.5854051199358582,0.0011162792708641067,0.0334107657928456,0.624557462564345,0.022146093455253868,0.26574749025132266
A_esters_all,11,7,7,6.841401450017579,0.029447219599333545,2.9447219599333545,-0.009261873195935036,0.07130175953714285,0.5852338099837759,0.0017008101499240702,0.04124087959687705,0.6253250173054156,0.019741134270178873,0.2353874042117629
A_esters_all,11,73,73,0.580678617484791,0.002499395904572755,0.24993959045727548,-0.039070101662991505,0.0713017595371429,0.58497932003004,0.0025688456998678166,0.05068378142826339,0.6258893085970375,0.017971171107853068,0.2516512680629261
A_esters_all,11,121,121,0.14879044304209832,0.0006404338179177515,0.06404338179177514,-0.1648392370063849,0.07130175953714292,0.5822905651959129,0.011716808455584982,0.10824420749206412,0.6259471188052562,0.01778975272561578,0.1871602288599714
A_esters_all,11,93,93,0.3431824800366267,0.0014771490791929012,0.14771490791929012,0.04862528171534043,0.07130175953714284,0.5850430238889721,0.0023515946924707043,0.04849324378169263,0.6266244803706147,0.01566282720672796,0.24878357211637162
A_esters_all,11,31,31,1.7669514553930887,0.007605431125254109,0.760543112525411,-0.03778986071469411,0.07130175953714285,0.5835865079881019,0.007312877566100995,0.08551536450311947,0.6274328528161877,0.013121514751613494,0.22873770854777628
A_esters_all,11,72,72,0.595701772926808,0.002564059579202587,0.2564059579202587,0.05122154325702247,0.07130175953714288,0.584404098178993,0.0045294692233630585,0.06730133151255761,0.6280487761113708,0.011183013152640586,0.26134792775135557
A_esters_all,11,18,18,2.811988572614195,0.012103550071363508,1.210355007136351,-0.019897859012065082,0.07130175953714285,0.5847864189964067,0.0032265570770871888,0.056802791102968785,0.6295864846456931,0.006335065727936406,0.33692220309443605
A_esters_all,11,119,119,0.15928142335834425,0.0006855897999839676,0.06855897999839676,0.023821295095627328,0.07130175953714285,0.585655411914999,0.00026194430949000314,0.016184693679221,0.6297065920476442,0.005955902894692611,0.27759104158423853
A_esters_all,11,67,67,0.6634921720629949,0.002855847568063354,0.2855847568063354,0.004801650606783159,0.07130175953714286,0.5857191476770119,4.4333295543541595e-05,0.006658325280697434,0.6299014136850117,0.005340723511185863,0.28333993020216947
A_esters_all,11,112,112,0.2049420656064698,0.0008821254029814654,0.08821254029814654,-0.035626339200439915,0.07130175953714286,0.5855113119824071,0.0007538528971170466,0.02745638171932429,0.630242833665794,0.0042621782723113455,0.207948090569294
A_esters_all,11,40,40,1.318496380950985,0.0056751606749652775,0.5675160674965277,-0.013081206295631217,0.07130175953714285,0.5855406055573434,0.0006538643109755826,0.025570770637110593,0.6304017727704114,0.0037598905027727003,0.28707713295038323
A_esters_ethac,12,112,112,0.2049420656064698,0.0008821254029814654,0.08821254029814654,0.017171861189716954,-0.002849891348571438,0.5130309644157719,0.0002282394732650017,0.01510759654164463,0.4555812963120435,0.018449723388635153,0.15220820805596577
A_esters_ethac,12,27,27,1.938381789063368,0.008343313080940655,0.8343313080940655,-0.01805026161194975,-0.0028498913485714376,0.5124772364453453,0.002385235318591805,0.04883887097990533,0.4558288208545571,0.017382849982954474,0.13566113818094486
A_esters_ethac,12,55,55,0.9084065093222412,0.003910024307286826,0.39100243072868257,-0.006514923790415381,-0.002849891348571437,0.5130521617492699,0.00014562093865821968,0.012067350109214078,0.45627952649775677,0.015438742804462113,0.13231626376351246
A_esters_ethac,12,65,65,0.688020226856627,0.0029614228688448502,0.296142286884485,0.005850772252961024,-0.0028498913485714384,0.5130667008902096,8.895134129949245e-05,0.009431401873509526,0.4565253701057004,0.014377492910663259,0.12017658212733537
A_esters_ethac,12,30,30,1.7954555031501611,0.007728120161982139,0.7728120161982139,-0.004917933283886025,-0.002849891348571436,0.5130474443003346,0.00016400792011039833,0.012806557699498058,0.4565696720723113,0.014186190797258025,0.11913046548596443
A_esters_ethac,12,76,76,0.5379049081433639,0.0023152864320827534,0.23152864320827535,-0.0026620055098337254,-0.0028498913485714363,0.5130858281115102,1.4396214736644986e-05,0.0037942344071875632,0.4570011596651413,0.012321995898618932,0.11196955864107082
A_esters_ethac,12,20,20,2.5174618342412147,0.01083582830322749,1.083582830322749,-0.009210492807028264,-0.0028498913485714428,0.5128825528800914,0.0008065913115532508,0.028400551254391025,0.457112863391664,0.011839105232576252,0.10950889892747594
A_esters_ethac,12,98,98,0.30721620015604656,0.0013223406017848383,0.13223406017848383,-0.004230597706375326,-0.0028498913485714367,0.5130841937212829,2.0766938719218864e-05,0.004557075676272934,0.45715228442430594,0.011668661538241087,0.11345806371263419
A_esters_ethac,12,49,49,1.0562361022533222,0.004546322369624689,0.45463223696246885,-0.01894770207273212,-0.002849891348571432,0.5127219702853519,0.0014321846390336068,0.03784421539725437,0.4571647142551422,0.011614915953779836,0.1292277273265492
A_esters_ethac,12,13,13,3.6372389055710395,0.015655647979452337,1.5655647979452336,0.007963334695014548,-0.0028498913485714285,0.5128659869613467,0.000871137431927127,0.029515037386511987,0.45721273154674397,0.011407279337384835,0.12775561440859012
A_esters_ethac,12,60,60,0.7889342692592156,0.0033957838676834506,0.33957838676834506,0.006795379877923199,-0.002849891348571439,0.5130542216751409,0.00013759200830409934,0.011729961990743666,0.45725098903165573,0.011241830517469298,0.1254460734683453
A_esters_ethac,12,53,53,0.9326341188083077,0.004014306411197168,0.40143064111971677,0.002525410562341336,-0.0028498913485714376,0.5130837581705197,2.2464677759570506e-05,0.004739691736768707,0.4573287842493079,0.010905353604952928,0.12175463667557564
A_esters_ethac,12,85,85,0.4367459303637133,0.0018798711659439974,0.18798711659439973,0.04180830297474925,-0.0028498913485714436,0.5123493106514776,0.002883227124603538,0.053695690000257416,0.45794269678163485,0.008248074287652507,0.11914945441658954
A_esters_ethac,12,93,93,0.3431824800366267,0.0014771490791929012,0.14771490791929012,-0.017734086705978383,-0.002849891348571426,0.5129849350289759,0.0004076314392343905,0.020189884577045764,0.45815598801420876,0.007324023074855801,0.08810880577826258
A_esters_ethac,12,105,105,0.2424908328388066,0.001043745328731041,0.10437453287310411,-0.019573968628742576,-0.0028498913485714233,0.512999493054082,0.00035089567063384397,0.01873220944346385,0.458429988296021,0.006136327890566284,0.110454310675355
A_esters_ethac,12,6,6,7.286404531681817,0.03136263175046718,3.1362631750467185,0.0027796678557015625,-0.002849891348571438,0.5130349694538124,0.0002126297349068773,0.0145818289287375,0.4584521231519305,0.0060403500495059825,0.11116448671830005
A_esters_ethac,12,79,79,0.5067088423753145,0.002181010230632151,0.2181010230632151,0.02253659664782405,-0.0028498913485714376,0.5128401028333974,0.0009719861033636867,0.031176691668035744,0.4585809551279295,0.005481636186821515,0.10503387599874665
A_esters_ethac,12,34,34,1.580582615961668,0.006803249849779349,0.6803249849779349,-0.006673435467884804,-0.0028498913485714384,0.5130213137528661,0.00026585267856404915,0.016304989376390217,0.458706485542006,0.004937089416718665,0.0721097242763149
A_esters_ethac,12,47,47,1.1013439278573889,0.004740478502094882,0.47404785020948825,0.005750258214631615,-0.0028498913485714367,0.5130542355430195,0.00013753795565196736,0.01172765772232369,0.4587485842990453,0.004754433032536531,0.10049342149237599
A_esters_ethac,12,90,90,0.37729773726772353,0.001623990260595767,0.1623990260595767,0.07188507990352512,-0.0028498913485714788,0.5111969534458147,0.007363539641788597,0.08581106945953251,0.4587509568854973,0.0047441384514280704,0.14905743130978724
A_esters_ethac,12,120,120,0.1515182600336935,0.0006521750710170109,0.06521750710170109,-0.06723906203904853,-0.0028498913485713777,0.5124253540778917,0.00258721890786473,0.05086471181344677,0.45899023595700955,0.003705640323355963,0.07623878438400185
A_esters_ethac,12,71,71,0.6014008530550752,0.0025885899426489316,0.25885899426489317,0.05141463027066421,-0.002849891348571452,0.5115468305118513,0.006004299994244788,0.07748741829642268,0.45901166394030823,0.0036126140428076603,0.16193888121795139
A_esters_ethac,12,1,1,33.276548823089044,0.14323115634427935,14.323115634427936,0.012622416100268492,-0.0028498913485714545,0.5079265241192438,0.02002387717469456,0.14150574961708975,0.45944046338196015,0.0017501344908434913,0.08815730291706894
A_esters_ethac,12,95,95,0.3314330796148968,0.0014265765207913924,0.14265765207913925,0.020316548582158166,-0.002849891348571434,0.5129569530389515,0.000516678777331081,0.02273056922585322,0.45986194711934997,-8.22643105788945e-05,0.06939996133206486
A_esters_ethac,12,36,36,1.4487161870049226,0.006235661509928422,0.6235661509928423,0.014910963801181032,-0.0028498913485714467,0.5127773343040302,0.0012165211206988102,0.03487866282842324,0.45988747076068465,-0.00019328219129199908,0.06255003679576156
A_esters_ethac,12,29,29,1.8456280608235607,0.007944076254379703,0.7944076254379703,0.0011649362122198488,-0.0028498913485714384,0.5130870945782896,9.459613330875527e-06,0.0030756484407213213,0.46004007240696926,-0.0008571683569305044,-0.09326720456305361
A_esters_ethac,12,40,40,1.318496380950985,0.0056751606749652775,0.5675160674965277,-0.000958372485343581,-0.0028498913485714384,0.5130883480250508,4.5737510735444076e-06,0.0021386329917986056,0.460180006312292,-0.0014661377109737028,-0.09109821164288892
A_esters_ethac,12,39,39,1.3819623178331806,0.005948335022955433,0.5948335022955432,0.052902253487902076,-0.0028498913485714376,0.5093283135949976,0.014607283374587499,0.12086059479659847,0.460501634990239,-0.002866514895949024,0.054760561124502435
A_esters_ethac,12,2,2,18.993376531507604,0.08175256688886388,8.175256688886389,0.04716568536119413,-0.0028498913485714033,0.47037176777410333,0.15958033994686205,0.39947508050798597,0.4607822330985118,-0.004089043370186118,0.2217308448632715
A_esters_ethac,12,18,18,2.811988572614195,0.012103550071363508,1.210355007136351,-0.009680406583157995,-0.0028498913485714423,0.5128341355056798,0.0009952350374518026,0.03154734596525934,0.4608577444392136,-0.004418163362087446,-0.0369954496462888
A_esters_isoaa,13,4,4,11.331805194940767,0.048775116980078984,4.877511698007899,0.02005590643215772,0.06129859446857143,0.5325795124321274,0.015726845411750512,0.1254067199624902,0.5232500806594512,0.054978978057591776,0.2775770889558128
A_esters_isoaa,13,156,156,0.03232959381014046,0.00013915520897871215,0.013915520897871216,-0.049918523941614265,0.06129859446857146,0.5367428515323721,0.0002779595798552137,0.016672119836871998,0.5278831208444984,0.03816979206070281,0.25078253171373316
A_esters_isoaa,13,61,61,0.7706106365714271,0.0033169140572276634,0.33169140572276634,0.005813344297901597,0.061298594468571437,0.5367933449336457,8.985557289531432e-05,0.009479217947442744,0.5281650908670152,0.03714198985341233,0.2339649412787614
A_esters_isoaa,13,64,64,0.7082874418610284,0.0030486583768415316,0.30486583768415315,-0.010784408389122563,0.06129859446857144,0.536741169980922,0.0002842235902972279,0.01685893206277153,0.5284647640962945,0.036049056481916586,0.23615077203368487
A_esters_isoaa,13,102,102,0.26521662980912314,0.001141563230347246,0.1141563230347246,-0.025400888888443652,0.061298594468571437,0.5366589678749688,0.0005904138135151005,0.024298432326288415,0.5289963700857768,0.03410871958903572,0.23094134618689052
A_esters_isoaa,13,108,108,0.22725266854960544,0.0009781561985808618,0.09781561985808618,0.016964352292481957,0.061298594468571437,0.5367568927909713,0.0002256531941574602,0.015021757359156401,0.5297414094175508,0.031386078010567586,0.22778007384519364
A_esters_isoaa,13,72,72,0.595701772926808,0.002564059579202587,0.2564059579202587,0.05937552969791436,0.06129859446857145,0.5348690221701512,0.0072460581515549904,0.0851237813513659,0.5297645881839818,0.031301313003956,0.23886175092014772
A_esters_isoaa,13,34,34,1.580582615961668,0.006803249849779349,0.6803249849779349,0.020331738268152436,0.061298594468571437,0.5362120309521821,0.002254364568362255,0.047480149203245295,0.5298766818964038,0.030891332713450237,0.22164385947348025
A_esters_isoaa,13,7,7,6.841401450017579,0.029447219599333545,2.9447219599333545,-0.007735670360253091,0.06129859446857143,0.5364381930530517,0.0014125340105953788,0.037583693413439645,0.5299898508860187,0.030477331628965043,0.2166421706859851
A_esters_isoaa,13,49,49,1.0562361022533222,0.004546322369624689,0.45463223696246885,0.021786970081712327,0.06129859446857143,0.5363529512263415,0.001729866586066664,0.041591664862884854,0.5306932784998742,0.027902030988393056,0.21523082272016447
A_esters_isoaa,13,95,95,0.3314330796148968,0.0014265765207913924,0.14265765207913925,-0.029806250706298866,0.06129859446857143,0.5365447067708963,0.0010159409843192302,0.03187382914428582,0.5307850340480951,0.027565855285723084,0.20953717412278433
A_esters_isoaa,13,145,145,0.05839559224245817,0.00025135023006030225,0.025135023006030224,0.03625117297014254,0.06129859446857143,0.5367463900267966,0.00026477813732050937,0.016272004711170948,0.5311558088323368,0.026206811726293244,0.20587150907306623
A_esters_isoaa,13,83,83,0.45547229144159773,0.001960474426984242,0.1960474426984242,0.01864219277513597,0.061298594468571437,0.5366708513907908,0.0005461524414530627,0.02336990460940877,0.5311674361955964,0.02616417726430753,0.21553738334278624
A_esters_isoaa,13,66,66,0.6772016658621743,0.0029148568920227165,0.29148568920227164,0.02428122283937811,0.061298594468571437,0.5364475813728181,0.0013775807182896393,0.03711577452094249,0.531617662356062,0.02451259943539863,0.21366429132212816
A_esters_isoaa,13,128,128,0.11746449163774712,0.0005055985539880766,0.050559855398807654,0.024132387512308097,0.06129859446857148,0.536754107549587,0.00023602886216789187,0.015363230850569192,0.5326189154962764,0.020834656944035523,0.1858529623205323
A_esters_isoaa,13,147,147,0.050993323175666634,0.0002194888863961903,0.02194888863961903,-0.0690788602715916,0.0612985944685714,0.5365920658396851,0.0008395790067784459,0.028975489759081072,0.5327058649140064,0.02051493564503215,0.215987857248092
A_esters_isoaa,13,88,88,0.3987069396982124,0.0017161411875693,0.17161411875693,0.061808674943018144,0.06129859446857144,0.535404994376593,0.005255458241725353,0.07249453939246235,0.5331412754491754,0.01891310455412265,0.2209676763310819
A_esters_isoaa,13,41,41,1.2769491345747037,0.005496330226740839,0.5496330226740839,0.009684089696582273,0.061298594468571437,0.5367065484044005,0.00041318936338441414,0.02032705988047811,0.5333711713831027,0.018066812857151615,0.22126541950213638
A_esters_isoaa,13,100,100,0.28021897028297404,0.0012061373117931349,0.12061373117931348,0.0411996571501062,0.0612985944685714,0.5363767893228143,0.0016411287931078489,0.04051084784483979,0.5335638367650725,0.017357293064834356,0.21318759064384823
A_esters_isoaa,13,60,60,0.7889342692592156,0.0033957838676834506,0.33957838676834506,-0.009805462138202258,0.061298594468571437,0.5367472112937065,0.0002617187778176655,0.01617772474168333,0.5338738198080455,0.016215195203261423,0.2354820716632854
A_esters_isoaa,13,73,73,0.580678617484791,0.002499395904572755,0.24993959045727548,-0.034275041380567015,0.061298594468571464,0.5361853396803865,0.0023536925788760765,0.048514869667721124,0.5340108826261651,0.015709991083042496,0.22450734352219714
A_esters_isoaa,13,37,37,1.4348816047509763,0.006176113771840935,0.6176113771840935,0.06000883684856442,0.06129859446857144,0.5320107328851337,0.01782807342526771,0.13352180880016443,0.5348094803546732,0.012763835678076818,0.174981472397353
A_esters_isoaa,13,54,54,0.9190804381071087,0.00395596774843876,0.395596774843876,0.02854166817932852,0.06129859446857146,0.5361236423309582,0.00258327211775522,0.05082590006832358,0.5355005768786419,0.010210715979234064,0.2299702068996494
A_esters_isoaa,13,101,101,0.27425084803589356,0.0011804489191897458,0.11804489191897458,0.005489530197997573,0.061298594468571437,0.5368098097153626,2.8515189654521045e-05,0.005339961578001318,0.5356673315390298,0.009594180044077638,0.23169121589716268
A_esters_isoaa,13,93,93,0.3431824800366267,0.0014771490791929012,0.14771490791929012,0.07719901883736832,0.06129859446857138,0.5349200086321921,0.007056780322364564,0.08400464464757057,0.5364921383087704,0.006541829106504582,0.18008694565942063
A_esters_isoaa,13,121,121,0.14879044304209832,0.0006404338179177515,0.06404338179177514,-0.14337604195105907,0.061298594468571485,0.5339773666801433,0.010553247883401173,0.1027290021532435,0.5365648435360817,0.006272544652003331,0.11400323027189188
A_esters_isoaa,13,22,22,2.3276533586627237,0.010018841914837696,1.0018841914837695,-0.03772082375454589,0.061298594468571464,0.5337414994924038,0.011427166868781313,0.10689792733622712,0.5366902577585786,0.0058079517043789775,0.21847878162475445
A_esters_isoaa,13,18,18,2.811988572614195,0.012103550071363508,1.210355007136351,-0.008830047653247923,0.06129859446857143,0.5366143791859098,0.0007564802158334105,0.027504185423923175,0.5368025154982915,0.005392004432473008,0.3036053703760158
A_esters_isoaa,13,56,56,0.8711000307818646,0.003749447256797635,0.3749447256797635,-0.012906195926473553,0.06129859446857142,0.536683071479131,0.000500636448444669,0.02237490666895828,0.5376463232099827,0.002262669180156829,0.18760830172958337
A_esters_isoaa,13,16,16,2.9944844126721613,0.012889060922818947,1.2889060922818947,-0.0022060099610960813,0.061298594468571437,0.5368039677458822,5.027995997886059e-05,0.007090836338465786,0.5377222428859225,0.00198087336144559,0.22691227648456308
A_esters_flower,14,28,28,1.9355425295858428,0.00833109214960882,0.833109214960882,0.027215289689226745,-0.03147275857714284,0.41821714584083447,0.008083718696752729,0.08990950281673694,0.3672995459762465,0.2742014276447491,0.5257192896433728
A_esters_flower,14,11,11,4.383314666606854,0.01886695737760278,1.886695737760278,0.019824668038841,-0.03147275857714286,0.41787332543044975,0.00971397646928418,0.09855950724960164,0.3710003755692261,0.2595017694274032,0.5160457402513474
A_esters_flower,14,143,143,0.06161447341898254,0.00026520515460489694,0.026520515460489693,0.030862606670048545,-0.03147275857714286,0.41984835208498544,0.00033092570286830103,0.018191363414221735,0.37102315024568017,0.2594108524021803,0.5134465292682602
A_esters_flower,14,163,163,0.01810027796061296,7.790843203825985e-05,0.007790843203825985,-0.0185926364209127,-0.03147275857714284,0.41991043085999685,3.528171995947904e-05,0.005939841745333163,0.37250726159363334,0.25347421465504316,0.5149167748495179
A_esters_flower,14,46,46,1.1263267668504144,0.0048480113155713565,0.48480113155713567,0.02619379501088124,-0.03147275857714284,0.4190019302728738,0.00435756430580958,0.06601184973782831,0.37284142393804814,0.2521342531385182,0.5090205511003137
A_esters_flower,14,21,21,2.355795283146291,0.010139972276251194,1.0139972276251195,0.015601156609699433,-0.03147275857714286,0.41923844810882716,0.0032332083491626307,0.05686130801487705,0.37314623466445535,0.2509109411968997,0.5070056736554363
A_esters_flower,14,8,8,5.894338989064857,0.025370809748850587,2.5370809748850585,0.010503056555646083,-0.03147275857714286,0.4191473219871898,0.0036664778677107934,0.06055144810581051,0.3746248713243229,0.2449624684528826,0.5033916153810075
A_esters_flower,14,142,142,0.06277937688081028,0.00027021921032185497,0.027021921032185498,0.040284895315910174,-0.03147275857714283,0.4197972015763941,0.0005744920595962544,0.023968563986945315,0.375240802132557,0.24247767251969454,0.4955518625545492
A_esters_flower,14,33,33,1.5941900888196798,0.006861820048351867,0.6861820048351867,0.016603687826053336,-0.031472758577142844,0.41939720117077517,0.0024781738752361893,0.0497812602817191,0.3755690323078224,0.24115185490775892,0.517164831219966
A_esters_flower,14,113,113,0.1983147237529515,0.0008535995530739284,0.08535995530739283,-0.030078363739237383,-0.03147275857714286,0.4197053722970022,0.0010116864284324123,0.03180701854044526,0.3759009842207574,0.23980982510841942,0.5082509549263059
A_esters_flower,14,53,53,0.9326341188083077,0.004014306411197168,0.40143064111971677,-0.017566014370748267,-0.03147275857714285,0.41957699833874096,0.0016227077768677933,0.04028284717926419,0.37600736586975797,0.23937948982823076,0.4930175199856893
A_esters_flower,14,162,162,0.01963327539417405,8.450686255006269e-05,0.008450686255006268,0.05303045353482723,-0.031472758577142844,0.4198524662826098,0.00031133359890223034,0.01764464788263777,0.37691634943343233,0.23569750212690077,0.5148458367591493
A_esters_flower,14,128,128,0.11746449163774712,0.0005055985539880766,0.050559855398807654,0.04362485732715507,-0.03147275857714278,0.41965309322147026,0.0012605416314641626,0.035504107247810925,0.38022150057757365,0.22223450947970813,0.47973212342686655
A_esters_flower,14,50,50,1.0296691782332121,0.004431971230985253,0.4431971230985253,-0.039758896329580726,-0.03147275857714285,0.4179863899669398,0.009178017982089615,0.09580197274633569,0.38042908932310354,0.2213850076131736,0.5262873889917644
A_esters_flower,14,52,52,0.9382035888706446,0.004038278898292941,0.40382788982929413,0.016823577532657952,-0.03147275857714287,0.4196033439314012,0.0014973259406134698,0.03869529610448015,0.38086055642376887,0.21961785956239888,0.5111606554887946
A_esters_flower,14,59,59,0.8213598636507362,0.0035353522888120735,0.35353522888120736,-0.022152487286562845,-0.031472758577142865,0.4194403727758997,0.00227279894789989,0.04767388119190497,0.38358987132605865,0.20839306758837628,0.5079655687596849
A_esters_flower,14,64,64,0.7082874418610284,0.0030486583768415316,0.30486583768415315,-0.038598490049868275,-0.03147275857714283,0.41866667378586125,0.005950215895624722,0.07713764253349255,0.38472886597327394,0.20368504612248928,0.5084821441003308
A_esters_flower,14,60,60,0.7889342692592156,0.0033957838676834506,0.33957838676834506,-0.033644782651956306,-0.031472758577142844,0.4188592165935649,0.00503568813532862,0.0709625826427472,0.3853567013146129,0.20108392803259467,0.48012679099654826
A_esters_flower,14,14,14,3.320519093480101,0.01429240129290136,1.429240129290136,-0.017342816856247674,-0.03147275857714286,0.4187337754744548,0.005631548236637918,0.07504364221330209,0.3854681941893634,0.20062157024937888,0.5192102388313284
A_esters_flower,14,31,31,1.7669514553930887,0.007605431125254109,0.760543112525411,-0.05037417155688934,-0.03147275857714287,0.4145755326377084,0.02528267387007621,0.15900526365525278,0.3857987047212629,0.19925016653164518,0.49751105363588893
A_esters_flower,14,44,44,1.155571006972621,0.00497388633798976,0.49738863379897597,0.021251899983626994,-0.031472758577142844,0.4192994963939885,0.0029428946430772873,0.05424845290952669,0.38602110683985846,0.1983266808446993,0.5176389593125723
A_esters_flower,14,136,136,0.0823057492772276,0.00035426593380921706,0.0354265933809217,-0.09827387003586836,-0.03147275857714281,0.41897570906403714,0.004482175337207073,0.06694905030847798,0.38653612559525746,0.1961861128177922,0.4874835414357014
A_esters_flower,14,119,119,0.15928142335834425,0.0006855897999839676,0.06855897999839676,0.06609329043056471,-0.03147275857714287,0.41909327655372963,0.003923398538219436,0.06263703807029392,0.38662383863264566,0.19582126745206008,0.47654354488182615
A_esters_flower,14,127,127,0.124974966355452,0.0005379256436820938,0.05379256436820938,0.02216555739333733,-0.03147275857714286,0.4198451385689765,0.00034622856288402115,0.018607218031835158,0.38679960693326454,0.19508990406776894,0.5151837070395593
A_esters_flower,14,57,57,0.844587434595947,0.003635329959670866,0.3635329959670866,-0.008913512184339887,-0.03147275857714285,0.41983838746512575,0.0003783771412321224,0.019451918703104115,0.38759787352025293,0.19176417237340793,0.5021121627423428
A_esters_flower,14,40,40,1.318496380950985,0.0056751606749652775,0.5675160674965277,-0.03125416723741895,-0.03147275857714287,0.4183902643447143,0.00726235302418532,0.08521944041229937,0.39013920454316015,0.181130840497853,0.5304109728129155
A_esters_flower,14,22,22,2.3276533586627237,0.010018841914837696,1.0018841914837695,-0.01685717351868102,-0.03147275857714284,0.4191340297026841,0.0037296696761743853,0.061071021574674,0.3930454412727798,0.1688855109223848,0.5176408815084309
A_esters_flower,14,79,79,0.5067088423753145,0.002181010230632151,0.2181010230632151,-0.023335269364508814,-0.03147275857714285,0.41959104768634925,0.0015558462257599937,0.03944421663260648,0.39509991145206275,0.16017424066337493,0.5031533534043113
A_esters_flower,14,82,82,0.46528172948362084,0.0020026968690204086,0.20026968690204086,-0.023855433706655858,-0.031472758577142844,0.4196042432192473,0.0014930459829137765,0.03863995319502654,0.39630977933356953,0.15502296681567018,0.5001462875735824
A_esters_flower,14,45,45,1.1359518750886102,0.004889440352886039,0.4889440352886039,-0.025522459073542357,-0.03147275857714284,0.4190408871495606,0.004172415169668708,0.06459423480209812,0.3984022144331077,0.14607679797157191,0.49757599298597666
A_esters_fruity,15,142,142,0.06277937688081028,0.00027021921032185497,0.027021921032185498,0.057700720619861534,0.016836653554285735,0.47266238172106345,0.0009293617456430647,0.030485434975461002,0.495017675981415,0.24182106679124082,0.503988319181996
A_esters_fruity,15,52,52,0.9382035888706446,0.004038278898292941,0.40382788982929413,0.034613711007089876,0.016836653554285673,0.4716989525043272,0.004998028564862977,0.07069673659273742,0.4960717650182482,0.23858870142511446,0.4964782846973013
A_esters_fruity,15,91,91,0.3719439901607688,0.0016009463027328078,0.16009463027328077,-0.02560961409020427,0.0168366535542857,0.4726256471039131,0.001084648278561473,0.03293399882433835,0.4981926997617044,0.23206401681708344,0.5009837947219884
A_esters_fruity,15,160,160,0.024200727140449383,0.00010416639511288043,0.010416639511288043,-0.06754927033848276,0.01683665355428558,0.47276606699318796,0.0004909927242777723,0.022158355631176133,0.49957489750367307,0.22779694576668597,0.4908135964839573
A_esters_fruity,15,60,60,0.7889342692592156,0.0033957838676834506,0.33957838676834506,-0.06821825524190563,0.01683665355428572,0.4690064405375822,0.016324780614462964,0.12776846486697352,0.49987637784906475,0.22686465597297145,0.48665923148315093
A_esters_fruity,15,159,159,0.027246133929988876,0.00011727463955023039,0.011727463955023039,-0.014591410596754844,0.016836653554285687,0.4728760734945733,2.579317242179524e-05,0.0050786979061316784,0.5005761466028503,0.22469854187006133,0.49073922491906463
A_esters_fruity,15,17,17,2.835193416915173,0.012203429920673841,1.220342992067384,-0.020931925877100348,0.01683665355428572,0.47157440540677553,0.005523398597823581,0.07431957075914511,0.5017690655628662,0.22099890958564916,0.4944140628357645
A_esters_fruity,15,3,3,13.545194736908474,0.05830213690097895,5.830213690097895,-0.01862942009805063,0.016836653554285718,0.46791396605016616,0.020902067356646237,0.14457547287367276,0.5019359648534774,0.22048059803094522,0.5088356314128901
A_esters_fruity,15,151,151,0.04404679481995624,0.00018958917250890253,0.018958917250890252,-0.05677351984930525,0.016836653554285794,0.472732891706539,0.0006312643584361899,0.025124974794735053,0.502393389516313,0.2190591662147081,0.48309582707245485
A_esters_fruity,15,9,9,5.4895726777211715,0.023628587406888897,2.36285874068889,0.00740701444835666,0.016836653554285718,0.4725654352043725,0.0013391531277029411,0.0365944412131511,0.5028061788529794,0.21777532574231817,0.48393918755470067
A_esters_fruity,15,22,22,2.3276533586627237,0.010018841914837696,1.0018841914837695,-0.03570269796895443,0.016836653554285735,0.46975257716412283,0.013192457186775752,0.1148584223589007,0.503521323890737,0.21554861517235346,0.5009588630618258
A_esters_fruity,15,35,35,1.49915077242777,0.006452745439763313,0.6452745439763313,-0.03818438881841345,0.01683665355428575,0.4705785864811275,0.009719016453737295,0.09858507216479148,0.5042496838062361,0.21327750503363185,0.48365267053941824
A_esters_fruity,15,65,65,0.688020226856627,0.0029614228688448502,0.296142286884485,-0.04348768206843058,0.016836653554285715,0.4715122637710516,0.005785475293483611,0.0760623119125609,0.5050126961384029,0.21089482381389535,0.5049803855191437
A_esters_fruity,15,77,77,0.5255443044155779,0.0022620830913620414,0.22620830913620416,-0.012303900055317216,0.01683665355428571,0.4727985229366919,0.00035375308861462784,0.01880832498163233,0.5053038764155987,0.20998459677746806,0.4796200622783825
A_esters_fruity,15,73,73,0.580678617484791,0.002499395904572755,0.24993959045727548,-0.0637746071177655,0.01683665355428577,0.47039271673262895,0.01050114692827997,0.10247510394373786,0.5080355839070587,0.2014197529657097,0.4792816588414283
A_esters_fruity,15,38,38,1.4046655562384334,0.0060460558264808254,0.6046055826480825,-0.02671824374971786,0.016836653554285725,0.47182680900303703,0.004458554355366573,0.06677240714072269,0.5086684288188289,0.19942897818981398,0.4860598898189707
A_esters_fruity,15,30,30,1.7954555031501611,0.007728120161982139,0.7728120161982139,0.03354068864039278,0.016836653554285697,0.4707539092814362,0.00898098381655954,0.09476805272115468,0.5099777176109014,0.1953024093361858,0.48764406067653737
A_esters_fruity,15,62,62,0.7555738382193433,0.003252191659868045,0.3252191659868045,-0.028896172565536917,0.016836653554285715,0.4722184432269693,0.0028051938213629057,0.05296408048255705,0.5103260535364813,0.19420275027121647,0.497574009131822
A_esters_fruity,15,136,136,0.0823057492772276,0.00035426593380921706,0.0354265933809217,-0.12996334762432007,0.01683665355428577,0.47141840191179085,0.006181263664984726,0.07862101287178007,0.5111049785314408,0.19174105105545425,0.4896951658159411
A_esters_fruity,15,114,114,0.18347288222499203,0.0007897163019702809,0.07897163019702809,0.00922578609301629,0.01683665355428571,0.47286575431901734,6.943588297392278e-05,0.008332819629267138,0.5127939518218999,0.1863903563752778,0.49032235047158024
A_esters_fruity,15,16,16,2.9944844126721613,0.012889060922818947,1.2889060922818947,-0.018398896179347434,0.016836653554285704,0.47181527126729916,0.004507242363159691,0.0671359990106619,0.513864005372762,0.1829912747863628,0.49697389153742916
A_esters_fruity,15,54,54,0.9190804381071087,0.00395596774843876,0.395596774843876,0.018534846682483477,0.016836653554285725,0.47255011536844255,0.0014039021389252726,0.0374686821081986,0.5156357355980197,0.17734770194289373,0.5064082763208656
A_esters_fruity,15,70,70,0.6176096514738066,0.002658356941408592,0.26583569414085917,-0.034867011281573795,0.01683665355428572,0.4720921582462365,0.0033384804386773492,0.057779584964565166,0.518597363142407,0.1678705210070457,0.4992369865291536
A_esters_fruity,15,25,25,2.0619953390939854,0.008875378825042756,0.8875378825042756,-0.04448155379415434,0.01683665355428575,0.46857334594600425,0.018140652119532086,0.13468723814649952,0.5199616672384675,0.1634864995763491,0.45012211554687126
A_esters_fruity,15,76,76,0.5379049081433639,0.0023152864320827534,0.23152864320827535,0.00738706244494386,0.016836653554285708,0.4728513124151272,0.00013051317795842454,0.011424236427807932,0.520354175414618,0.16222308984074862,0.485391989787448
A_esters_fruity,15,166,166,0.014653343202498562,6.307190395138527e-05,0.006307190395138527,-0.009310575801909807,0.016836653554285704,0.47288083667713365,5.648005607872264e-06,0.002376553304216555,0.5208268772523063,0.16070028641178702,0.48658707651356686
A_esters_fruity,15,112,112,0.2049420656064698,0.0008821254029814654,0.08821254029814654,-0.12829585752859052,0.01683665355428571,0.46932239856547475,0.014998978899637971,0.12247031844344124,0.522133081065527,0.15648517671414475,0.41895732452757356
A_esters_fruity,15,61,61,0.7706106365714271,0.0033169140572276634,0.33169140572276634,0.006182313505395242,0.016836653554285708,0.47285120649740053,0.00013096111534749433,0.01144382433224998,0.5237014857492344,0.15140999704351188,0.4984506540954956
A_esters_fruity,15,148,148,0.048498988795105134,0.00020875260483236343,0.020875260483236343,-0.04531599160784903,0.01683665355428575,0.47277745634905527,0.0004428340187627722,0.021043621807156816,0.5258117941710864,0.1445572583851995,0.4833126117882802
A_esters_fruity,15,12,12,3.702816177625989,0.015937910078093306,1.5937910078093305,0.0062919735880906024,0.01683665355428571,0.4727280357809732,0.0006517953405353882,0.025530282813462174,0.5270474732251423,0.14053188372516434,0.4853006327331067
F_malt_all,16,2,2,18.993376531507604,0.08175256688886388,8.175256688886389,0.06338628323744598,0.008651284485714348,0.60222260396906,0.1730162261753091,0.41595219217514545,0.7074590276380719,0.0726037423235193,0.3020415268945651
F_malt_all,16,1,1,33.276548823089044,0.14323115634427935,14.323115634427936,-0.015600144262813302,0.008651284485714322,0.656121884225742,0.018360715051823018,0.13550171604752115,0.720626550969342,0.03776029765178257,0.31049794292482824
F_malt_all,16,121,121,0.14879044304209832,0.0006404338179177515,0.06404338179177514,0.046469146551191734,0.008651284485714285,0.661988309651876,0.0007284479287715806,0.02698977452242815,0.7300029963957727,0.012556992203650363,0.33788135482666054
F_malt_all,16,50,50,1.0296691782332121,0.004431971230985253,0.4431971230985253,0.030633652117443996,0.0086512844857143,0.6615037718524115,0.0021907324856635935,0.0468052613032278,0.73186888926413,0.007502718318797785,0.15250909293493894
F_malt_all,16,120,120,0.1515182600336935,0.0006521750710170109,0.06521750710170109,-0.1098412602469336,0.0086512844857144,0.6608557666724545,0.00414467108966543,0.06437911998206658,0.733887608866958,0.0020199413238034536,0.13770349761144937
F_malt_all,16,13,13,3.6372389055710395,0.015655647979452337,1.5655647979452336,0.10690756000677265,0.008651284485714427,0.6302497141552207,0.09425030107737142,0.30700211901120683,0.7344657797060332,0.0004468659700990196,0.2752403861078514
F_malt_all,16,110,110,0.2193434475927778,0.0009441127985440527,0.09441127985440527,-0.05123982829675635,0.008651284485714318,0.6617970849729051,0.001305671967648192,0.036134083185379605,0.7352764825371413,-0.0017609640055988862,0.09128614685851104
F_malt_all,16,60,60,0.7889342692592156,0.0033957838676834506,0.33957838676834506,0.010653165200560255,0.008651284485714299,0.6621623343450699,0.00020299821906410997,0.014247744350037297,0.7353026481318558,-0.001832262730344425,0.14541101511821355
F_malt_all,16,62,62,0.7555738382193433,0.003252191659868045,0.3252191659868045,0.015697493733270992,0.008651284485714299,0.6620897699273242,0.0004221158229572586,0.020545457477430286,0.7356852039323716,-0.0028749801547682807,0.1224126341994425
F_malt_all,16,97,97,0.3149723405638439,0.0013557251022414056,0.13557251022414055,0.011421308248895975,0.00865128448571431,0.6621987083167875,9.315329184167442e-05,0.00965159530034126,0.7365084211068139,-0.005120630357023925,0.10445456998301313
F_malt_all,16,105,105,0.2424908328388066,0.001043745328731041,0.10437453287310411,0.026465226723467832,0.008651284485714282,0.6621020385405763,0.0003850708521545565,0.019623222267356053,0.7365700569809193,-0.005288867621153326,0.15479082895922763
F_malt_all,16,16,16,2.9944844126721613,0.012889060922818947,1.2889060922818947,0.009905516686415636,0.008651284485714306,0.6620089454375886,0.0006661475083081791,0.025809833558315353,0.7372539571764751,-0.007156541779614223,0.10156245213002424
F_malt_all,16,3,3,13.545194736908474,0.05830213690097895,5.830213690097895,0.002317702043628679,0.008651284485714299,0.6621749285208501,0.00016496603790028264,0.01284391053768092,0.7373118488026648,-0.0073147185344519805,0.08871910873479406
F_malt_all,16,31,31,1.7669514553930887,0.007605431125254109,0.760543112525411,0.009264463503067191,0.008651284485714304,0.6621156924255212,0.0003438422584680634,0.018542984076673655,0.7377654879409866,-0.008554622533493372,0.10939900945496399
F_malt_all,16,65,65,0.688020226856627,0.0029614228688448502,0.296142286884485,0.007079717216790354,0.0086512844857143,0.6622036645328709,7.818566089023982e-05,0.008842265597132005,0.7379399480133768,-0.00903166657840404,0.08413593110364992
F_malt_all,16,83,83,0.45547229144159773,0.001960474426984242,0.1960474426984242,-0.004063342408102838,0.0086512844857143,0.6622239079550134,1.7049941245184108e-05,0.004129157449769262,0.738171113331785,-0.009663939329804139,0.10961518595622878
F_malt_all,16,37,37,1.4348816047509763,0.006176113771840935,0.6176113771840935,0.026405062009583122,0.008651284485714303,0.6614780870519956,0.002268216652583588,0.04762579818316291,0.73828710844922,-0.009981278458419673,0.043150271696736645
F_malt_all,16,77,77,0.5255443044155779,0.0022620830913620414,0.22620830913620416,0.004831101209767077,0.0086512844857143,0.6622203452129822,2.7809660609889875e-05,0.005273486570540634,0.7383311236306126,-0.010101708122731923,0.0835247216561791
F_malt_all,16,42,42,1.255720404848894,0.005404956102503587,0.5404956102503587,-0.005395296750124805,0.008651284485714303,0.6622021121294919,8.287388678540619e-05,0.009103509586152296,0.7384756954820708,-0.01049732078660126,0.0742931198349823
F_malt_all,16,94,94,0.3391832803770697,0.001459935455426348,0.1459935455426348,0.0008699698138855511,0.0086512844857143,0.6622293607515691,5.820186308458375e-07,0.0007629014554252177,0.7393467419797741,-0.012882529286571076,0.0731512567162514
F_malt_all,16,100,100,0.28021897028297404,0.0012061373117931349,0.12061373117931348,0.004423542285644744,0.008651284485714297,0.6622254371203544,1.2431741823637488e-05,0.0035258675277537645,0.7394680921363929,-0.013215048613636649,0.023337282164852112
F_malt_all,16,131,131,0.10131086483205155,0.00043606902859064854,0.04360690285906486,-0.01165119137744438,0.00865128448571431,0.662219228878677,3.118105300981e-05,0.005583999732223944,0.7394945978825179,-0.01328768596595098,0.08965910696193902
F_malt_all,16,85,85,0.4367459303637133,0.0018798711659439974,0.18798711659439973,-7.268464460030695e-05,0.0086512844857143,0.6622295517344107,5.231284183615514e-09,7.23276152976425e-05,0.739545161434888,-0.013426259463997559,-0.10178994323562074
F_malt_all,16,66,66,0.6772016658621743,0.0029148568920227165,0.29148568920227164,0.001446540224973493,0.0086512844857143,0.6622284896860243,3.2127218781985434e-06,0.0017924067277813177,0.7397323834120727,-0.013939438900495427,-0.05937614592135045
F_malt_all,16,30,30,1.7954555031501611,0.007728120161982139,0.7728120161982139,-0.011865362741455011,0.008651284485714306,0.6620397642344303,0.0005731004760224367,0.02393951703820336,0.7400037330064577,-0.014683444499807852,0.10223555035186213
F_malt_all,16,80,80,0.49253109656412436,0.002119985424914227,0.21199854249142272,0.0011482980923069469,0.0086512844857143,0.6622290659203978,1.4724380280606297e-06,0.001213440574568598,0.7403441081035049,-0.015617094939820442,-0.12829562202160955
F_malt_all,16,81,81,0.4790883994775237,0.0020621244652835897,0.20621244652835896,0.015019082570827359,0.008651284485714304,0.662148419685553,0.0002450171862348194,0.01565302482700012,0.7404041374912015,-0.015781800360900267,0.07573337456760969
F_malt_all,16,18,18,2.811988572614195,0.012103550071363508,1.210355007136351,0.007247664446766514,0.008651284485714304,0.662118656742184,0.000334891242587565,0.018300033950448557,0.7405156602550468,-0.01608782600194436,-0.06137724266704321
F_malt_all,16,145,145,0.05839559224245817,0.00025135023006030225,0.025135023006030224,0.0037810880413893175,0.0086512844857143,0.6622289267278865,1.8928130883777428e-06,0.0013757954383872423,0.740523363382834,-0.01610896558209607,-0.0831988701396308
F_malt_all,16,74,74,0.5732858092185649,0.0024675752827218373,0.24675752827218372,0.012540586406253322,0.008651284485714294,0.6621618670188505,0.00020440944759181345,0.01429718320479267,0.740551646152881,-0.01618658345734203,-0.028314773175451363
F_malt_grain,17,1,1,33.276548823089044,0.14323115634427935,14.323115634427936,-0.01164487720861498,0.0206329984857143,0.45697250603293926,0.02103328412812344,0.14502856314575893,0.4003025723592632,0.07407068775041636,0.3252965379264995
F_malt_grain,17,72,72,0.595701772926808,0.002564059579202587,0.2564059579202587,-0.025337363650798694,0.02063299848571428,0.4614436552209099,0.0017825869598323552,0.04222069350250781,0.41420161246680737,0.008655408580130586,0.1166098010145443
F_malt_grain,17,47,47,1.1013439278573889,0.004740478502094882,0.47404785020948825,0.002303983117094528,0.020632998485714288,0.4618491945922315,2.7250879904405778e-05,0.005220237533335364,0.4143557340960889,0.007917526038702105,0.11147031888446912
F_malt_grain,17,138,138,0.07647388584471335,0.00032916403554681805,0.032916403554681804,-0.007607806520819443,0.020632998485714288,0.46185072320618836,2.0631512161362053e-05,0.004542192439941523,0.41442491161929024,0.007586238057604722,0.11847444953418232
F_malt_grain,17,169,169,0.010407861374599588,4.479821593519673e-05,0.004479821593519674,-0.0015528608561124432,0.020632998485714288,0.46185546060452154,1.1698375779189973e-07,0.0003420288843448344,0.4146750375336222,0.006387935051714644,0.10062206810559042
F_malt_grain,17,31,31,1.7669514553930887,0.007605431125254109,0.760543112525411,0.011718193618219911,0.02063299848571429,0.4615942450798687,0.0011309539985142614,0.03362965950636973,0.4147331032461396,0.006109650483270945,0.10453426663378501
F_malt_grain,17,66,66,0.6772016658621743,0.0029148568920227165,0.29148568920227164,-0.006138250036975466,0.020632998485714288,0.46182802163438563,0.00011893403449247941,0.010905688171441944,0.4147948648799478,0.005813610152874404,0.1413038855331898
F_malt_grain,17,43,43,1.2052848950466335,0.005187868193892744,0.5187868193892744,-0.0023473275344846334,0.020632998485714288,0.4618483391088585,3.09553759956227e-05,0.005563755565781319,0.4148076730158313,0.005752211750678193,0.10727962117992162
F_malt_grain,17,49,49,1.0562361022533222,0.004546322369624689,0.45463223696246885,-0.0059594844904363046,0.02063299848571429,0.46181510704634365,0.0001748547274877943,0.013223264630484555,0.414933639372993,0.00514826540882829,0.09404301030891547
F_malt_grain,17,10,10,4.832061176185845,0.020798482242580997,2.0798482242581,-0.013397353590928137,0.02063299848571429,0.460920975033844,0.004042680751847771,0.06358207885755171,0.4153442374736621,0.0031783776873641756,0.10591197694020538
F_malt_grain,17,29,29,1.8456280608235607,0.007944076254379703,0.7944076254379703,0.02433738493826374,0.020632998485714277,0.4606772811439038,0.005095549096436169,0.07138311492528203,0.41548691041098346,0.0024934330916479563,0.09096709962522076
F_malt_grain,17,113,113,0.1983147237529515,0.0008535995530739284,0.08535995530739283,0.009240947419664238,0.02063299848571429,0.4618372582508118,7.893814943926714e-05,0.008884714370165353,0.4155207278501069,0.002331047757407223,0.0819735042298452
F_malt_grain,17,28,28,1.9355425295858428,0.00833109214960882,0.833109214960882,-0.001608829113378007,0.020632998485714288,0.4618500949947862,2.3351863055909305e-05,0.0048323765432680575,0.4155735898729783,0.002077187239179046,0.1087941110829109
F_malt_grain,17,57,57,0.844587434595947,0.003635329959670866,0.3635329959670866,0.006360780579419607,0.020632998485714288,0.4618187037140545,0.0001592811667067151,0.012620664273592251,0.41568204570417383,0.001556246189528876,0.10438986422730967
F_malt_grain,17,164,164,0.017524364135174095,7.542954507162131e-05,0.007542954507162131,0.0031669619517025564,0.02063299848571429,0.46185529842715356,8.192697946718397e-07,0.0009051352357532693,0.41584829113719246,0.0007574630436706364,0.07469700449882066
F_malt_grain,17,39,39,1.3819623178331806,0.005948335022955433,0.5948335022955432,0.02214762048010998,0.020632998485714288,0.46112524207998984,0.003159725319582085,0.05621143406445135,0.4159161803143013,0.0004311743829875647,0.06691282366975983
F_malt_grain,17,105,105,0.2424908328388066,0.001043745328731041,0.10437453287310411,-0.10835693592670743,0.02063299848571437,0.4587805807219828,0.013271125003338158,0.1152003689375087,0.41633358026994816,-0.0015761018781483838,0.11379120043910032
F_malt_grain,17,13,13,3.6372389055710395,0.015655647979452337,1.5655647979452336,0.00043253187889490124,0.020632998485714288,0.46185475515999397,3.1718092018406807e-06,0.0017809573835369423,0.4166888805777204,-0.0032863273331233955,0.15867606122357886
F_malt_grain,17,74,74,0.5732858092185649,0.0024675752827218373,0.24675752827218372,-0.0008011345702675562,0.020632998485714288,0.461855091562568,1.7150671168808529e-06,0.0013096057104988411,0.41674899761037726,-0.0035758428474821358,0.08996834134886603
F_malt_grain,17,20,20,2.5174618342412147,0.01083582830322749,1.083582830322749,-3.950304981423816e-05,0.020632998485714288,0.4618554833906919,1.8311466787324093e-08,0.00013531986806191465,0.41690470155490833,-0.004325886202056539,0.0899352850802889
F_malt_grain,17,121,121,0.14879044304209832,0.0006404338179177515,0.06404338179177514,-0.047047607315897515,0.0206329984857143,0.4615008441326867,0.0015351439428897828,0.03918091299204223,0.41690636227756295,-0.004333887599343056,0.021777284223843008
F_malt_grain,17,110,110,0.2193434475927778,0.0009441127985440527,0.09441127985440527,0.004604400562271014,0.020632998485714288,0.46185048210957397,2.1675535977538907e-05,0.0046556993006094975,0.41691362083546013,-0.00436885986070612,-0.00026483284587535
F_malt_grain,17,70,70,0.6176096514738066,0.002658356941408592,0.26583569414085917,-0.0003739681887881095,0.020632998485714288,0.46185539464595565,4.0260798050972824e-07,0.000634513972009,0.4170390987064377,-0.004973517635606939,-0.07498856197407298
F_malt_grain,17,18,18,2.811988572614195,0.012103550071363508,1.210355007136351,0.024263461331514333,0.020632998485714298,0.4600700922774746,0.007716458879872601,0.08784337698354118,0.41719769808999174,-0.00573804301670533,0.03897982737526403
F_malt_grain,17,142,142,0.06277937688081028,0.00027021921032185497,0.027021921032185498,0.001000647811722631,0.020632998485714288,0.4618554199557911,2.9300732928838613e-07,0.0005413015142731903,0.4173901945342449,-0.006666359074528394,-0.07227628885287972
F_malt_grain,17,90,90,0.37729773726772353,0.001623990260595767,0.1623990260595767,-0.0021000526905992694,0.020632998485714288,0.4618536965164825,7.756102980649437e-06,0.002784978093373508,0.4175513054998287,-0.007443647533327269,-0.1591026114081574
F_malt_grain,17,147,147,0.050993323175666634,0.0002194888863961903,0.02194888863961903,-0.1334499973334705,0.020632998485714215,0.4608769311900106,0.004233011394999986,0.06506159692937145,0.41783682266913674,-0.008821877217332519,0.104390984370913
F_malt_grain,17,83,83,0.45547229144159773,0.001960474426984242,0.1960474426984242,0.0031053010270832393,0.020632998485714288,0.4618507599543252,2.0472381176972476e-05,0.004524641552320832,0.4182243347264349,-0.010693956934450854,-0.0819464555289754
F_malt_grain,17,38,38,1.4046655562384334,0.0060460558264808254,0.6046055826480825,0.01787810085418135,0.020632998485714277,0.4613719634478948,0.002092737142416201,0.04574644404121987,0.4188358498466923,-0.013651730721238708,0.1176894620866584
F_malt_grain,17,120,120,0.1515182600336935,0.0006521750710170109,0.06521750710170109,-0.06693629315121935,0.020632998485714347,0.4611241677688854,0.003164370111197523,0.05625273425530077,0.4195551107556464,-0.017136179747915037,0.013275666327000678
F_malt_bread,18,2,2,18.993376531507604,0.08175256688886388,8.175256688886389,0.04089248879831147,0.033351467017142894,0.450685128752815,0.13455329496241297,0.3668150691593966,0.48268637221595373,0.03530741765839607,0.2318750948936565
F_malt_bread,18,60,60,0.7889342692592156,0.0033957838676834506,0.33957838676834506,0.012222963477956695,0.033351467017142866,0.4843336075632246,0.0004993429491254586,0.02234598284089406,0.4871279316291746,0.01747201471933868,0.13766581962796912
F_malt_bread,18,72,72,0.595701772926808,0.002564059579202587,0.2564059579202587,-0.033561154911042744,0.03335146701714286,0.48376554453435244,0.002842547692642694,0.05331554831981504,0.490351673054923,0.004424530843736285,0.06831537740771759
F_malt_bread,18,15,15,3.0995750706419116,0.013341399190889116,1.3341399190889116,-0.004331224369047308,0.033351467017142866,0.4843949040809374,0.00024633640309246196,0.015695107616474153,0.49039818981013733,0.00423563320327458,0.06584983855431122
F_malt_bread,18,36,36,1.4487161870049226,0.006235661509928422,0.6235661509928423,0.010511682310726364,0.03335146701714286,0.4842902801843273,0.0006781610446836561,0.026041525390868906,0.49040493511707756,0.00420824002512965,0.06727524645860317
F_malt_bread,18,55,55,0.9084065093222412,0.003910024307286826,0.39100243072868257,-0.003126920255098993,0.033351467017142866,0.4844454623775053,3.7628674616208e-05,0.006134221598231637,0.49068724032017536,0.003061440356138534,0.060272595370912
F_malt_bread,18,48,48,1.072255482517128,0.004615274062040328,0.46152740620403276,-0.0022251010994645062,0.033351467017142866,0.48444912926476835,2.2490693377785753e-05,0.004742435384650866,0.49069421380066874,0.0030331038499968876,0.055964407462394235
F_malt_bread,18,50,50,1.0296691782332121,0.004431971230985253,0.4431971230985253,0.0038098162477426998,0.033351467017142866,0.4844392401420246,6.331561719941092e-05,0.007957111108897316,0.49078298252443564,0.0026723599019709,0.07141891361212122
F_malt_bread,18,10,10,4.832061176185845,0.020798482242580997,2.0798482242581,-0.009715712854374635,0.033351467017142866,0.48398628178817865,0.0019323546577599826,0.0439585561382505,0.4908239453638366,0.0025058705235512235,0.0667338841478576
F_malt_bread,18,32,32,1.7130806714526785,0.007373556878979988,0.7373556878979988,0.0016851835177668676,0.033351467017142866,0.48444958483296546,2.0609966846274475e-05,0.004539820133693185,0.4909190586903006,0.0021192382972400337,0.04990010565056267
F_malt_bread,18,66,66,0.6772016658621743,0.0029148568920227165,0.29148568920227164,-0.008452596892907496,0.033351467017142866,0.48440492378496763,0.0002049761850917431,0.014316989386448792,0.4910218045999821,0.0017014957223200344,0.04315041916880549
F_malt_bread,18,108,108,0.22725266854960544,0.0009781561985808618,0.09781561985808618,-0.0015072362577604277,0.033351467017142866,0.4844540473696148,2.1871407387408226e-06,0.0014788984883036158,0.4910624625128928,0.0015361653288705757,0.04475271818719761
F_malt_bread,18,75,75,0.5611254707768586,0.002415233937295569,0.2415233937295569,0.002811357214115467,0.033351467017142866,0.4844500259938022,1.8788716672601957e-05,0.004334595329747091,0.49117041889796204,0.0010971075595930246,0.03565601341136254
F_malt_bread,18,88,88,0.3987069396982124,0.0017161411875693,0.17161411875693,-0.03027785482558608,0.03335146701714286,0.48407934472749287,0.0015484923782498328,0.0393508878965888,0.4912261251871606,0.0008705127697756776,0.03440120711113571
F_malt_bread,18,68,68,0.6409585241701791,0.002758856727411531,0.27588567274115305,-0.004624141740504967,0.033351467017142866,0.4844405125789593,5.8062706472239434e-05,0.0076198888753024425,0.4912828797131794,0.0006396276709347282,0.05889244246701471
F_malt_bread,18,89,89,0.3941755864867702,0.0016966370327445393,0.16966370327445393,0.003560526269638152,0.033351467017142866,0.48444944914877436,2.1170113370883037e-05,0.0046010991481142465,0.49142695486007076,5.339065418752398e-05,0.016776823649471903
F_malt_bread,18,150,150,0.04610350886314025,0.00019844181922539026,0.019844181922539027,-0.00022854536560142126,0.033351467017142866,0.48445457468388065,1.0201966493816883e-08,0.00010100478428980827,0.49145123922158984,-4.543853988536739e-05,0.03785449668031585
F_malt_bread,18,29,29,1.8456280608235607,0.007944076254379703,0.7944076254379703,-0.0024850046875467954,0.033351467017142866,0.48444288129962876,4.8284048972280225e-05,0.006948672461135612,0.49148500087335073,-0.00018284523611833414,0.008693040877681642
F_malt_bread,18,39,39,1.3819623178331806,0.005948335022955433,0.5948335022955432,0.0001159397376046665,0.033351467017142866,0.4844545580921751,7.869839935281675e-08,0.00028053235017071014,0.4914919443092853,-0.0002111055270810347,0.10300837859141483
F_malt_bread,18,31,31,1.7669514553930887,0.007605431125254109,0.760543112525411,-0.0005647740366124652,0.033351467017142866,0.4844539987894615,2.387696580563592e-06,0.0015452173247028724,0.4915177375290486,-0.00031608931004201146,-0.00563936260075085
F_malt_bread,18,40,40,1.318496380950985,0.0056751606749652775,0.5675160674965277,0.016245637174532652,0.03335146701714288,0.4840973530722202,0.001474203757650172,0.038395361147540205,0.4915618638049536,-0.0004957052292051678,0.0465991077530894
F_malt_bread,18,35,35,1.49915077242777,0.006452745439763313,0.6452745439763313,-0.0009769505508578967,0.033351467017142866,0.4844531088399395,6.0617155043241056e-06,0.0024620551383356996,0.49164649050756565,-0.0008402231707826946,-0.019396356477569536
F_malt_bread,18,42,42,1.255720404848894,0.005404956102503587,0.5404956102503587,-0.00439089500144914,0.033351467017142866,0.48442973219333496,0.00010256616753134828,0.010127495619905426,0.4917457786293406,-0.0012445038152193444,0.007321715853294084
F_malt_bread,18,119,119,0.15928142335834425,0.0006855897999839676,0.06855897999839676,0.00236287534223245,0.033351467017142866,0.4844536645659319,3.767487508299361e-06,0.0019410016765600121,0.4920241621928838,-0.0023784592913058678,-0.10350372143130833
F_malt_bread,18,121,121,0.14879044304209832,0.0006404338179177515,0.06404338179177514,-0.010486814501779136,0.033351467017142866,0.484437785330985,6.932139304260954e-05,0.008325946975729257,0.492454657189431,-0.0041332824183091255,-0.14842096384369352
F_malt_bread,18,79,79,0.5067088423753145,0.002181010230632151,0.2181010230632151,0.016972132029816157,0.033351467017142866,0.4843047720619108,0.0006183528386167758,0.02486670140200745,0.492512733097351,-0.004370134237420054,0.046092037523847024
F_malt_bread,18,90,90,0.37729773726772353,0.001623990260595767,0.1623990260595767,-0.00791069635868951,0.03335146701714287,0.4844303471987184,0.00010002733618319493,0.010001366715756604,0.49305818429458975,-0.0065960188297389255,-0.09443333963490602
F_malt_bread,18,59,59,0.8213598636507362,0.0035353522888120735,0.35353522888120736,-0.0034353876855338166,0.033351467017142866,0.484444629571759,4.106672392301114e-05,0.006408332382379227,0.49314108139440543,-0.006934522105621621,-0.06430783532085427
F_malt_bread,18,149,149,0.047843986858062536,0.00020593330150409103,0.020593330150409102,0.026671353694300962,0.033351467017142866,0.484419650155745,0.00014418582024999793,0.012007740014256304,0.4935426831489831,-0.008575234458648495,-0.12077043494870433
F_malt_bread,18,105,105,0.2424908328388066,0.001043745328731041,0.10437453287310411,0.02548811497685678,0.033351467017142845,0.4842928915414839,0.000667384064932719,0.025833777597026403,0.49358119430820724,-0.008732638947330784,-0.0795752771630751
F_malt_cara,19,105,105,0.2424908328388066,0.001043745328731041,0.10437453287310411,0.0942184973428568,0.043920094657142784,0.5893195409920869,0.006125040108286961,0.0782626354545185,0.5044159456371247,0.05247740827387093,0.29902816967715506
F_malt_cara,19,2,2,18.993376531507604,0.08175256688886388,8.175256688886389,0.03189767399639167,0.043920094657142875,0.5746505368903971,0.054987183199324274,0.2344934608881962,0.5146855685348255,0.013502607592685512,0.18861896978871723
F_malt_cara,19,135,135,0.08574241440702901,0.00036905825867218417,0.03690582586721842,-0.03915409726549153,0.04392009465714289,0.5910221201291557,0.00037401705302531063,0.019339520496259182,0.5191574595387567,-0.00371440402485379,0.1114682543534856
F_malt_cara,19,20,20,2.5174618342412147,0.01083582830322749,1.083582830322749,0.006941415368638426,0.043920094657142854,0.591030655590434,0.00034514391887174867,0.01857804938284719,0.5195780171988196,-0.005341235145894796,0.11361278071651812
F_malt_cara,19,18,18,2.811988572614195,0.012103550071363508,1.210355007136351,-0.037906692245273634,0.04392009465714284,0.5877247112666752,0.011497054626925074,0.10722431919543682,0.5199799233032522,-0.006897147976457019,0.10410142772954724
F_malt_cara,19,40,40,1.318496380950985,0.0056751606749652775,0.5675160674965277,-0.010812643503086465,0.04392009465714285,0.5910030231224114,0.0004386155006086412,0.020943149252404255,0.5200855999920619,-0.007306457506772723,0.10055341757072986
F_malt_cara,19,23,23,2.2519267539731596,0.009692894377027327,0.9692894377027327,0.009541195846638827,0.043920094657142854,0.5909602446839253,0.0005833123160060572,0.02415185947304828,0.520814698667233,-0.010132686853833839,0.08175979313878477
F_malt_cara,19,149,149,0.047843986858062536,0.00020593330150409103,0.020593330150409102,-0.009524815531664912,0.043920094657142854,0.5911290269385633,1.2350421337514739e-05,0.003514316624521499,0.5212777797284648,-0.011929799253067364,0.15730746853495997
F_malt_cara,19,98,98,0.30721620015604656,0.0013223406017848383,0.13223406017848383,0.0059065037754855755,0.043920094657142854,0.5911236635868296,3.0496243717759164e-05,0.0055223404202945445,0.5214008502071663,-0.012407676465789441,0.07534445608056423
F_malt_cara,19,88,88,0.3987069396982124,0.0017161411875693,0.17161411875693,0.008417815279770159,0.043920094657142854,0.5911089167110337,8.038848467861737e-05,0.008965962562855718,0.5215225576383248,-0.012880371968680304,0.09130500773606035
F_malt_cara,19,90,90,0.37729773726772353,0.001623990260595767,0.1623990260595767,-0.009211619898498214,0.04392009465714286,0.591105751907321,9.10956174523525e-05,0.009544402414621532,0.5215970715996643,-0.013169828750676293,0.04306210676339627
F_malt_cara,19,171,171,0.008967459446091938,3.8598341215089595e-05,0.0038598341215089595,0.046322078191314786,0.04392009465714293,0.5911164947419905,5.4750331954123155e-05,0.007399346724817692,0.5216070803090028,-0.013208711712908272,0.021278854594003395
F_malt_cara,19,42,42,1.255720404848894,0.005404956102503587,0.5404956102503587,0.006379578129516524,0.043920094657142854,0.5910896950931454,0.00014541798990186372,0.012058938174716894,0.5216281844826076,-0.013290702030650525,0.056602556992987836
F_malt_cara,19,104,104,0.2557123180814165,0.001100654133485874,0.1100654133485874,0.0007995541004741108,0.043920094657142854,0.5911325398373448,4.6514528584395975e-07,0.000682015605151806,0.5216621364379458,-0.013422613308869069,0.0632983282064995
F_malt_cara,19,56,56,0.8711000307818646,0.003749447256797635,0.3749447256797635,-0.048738887557539114,0.04392009465714281,0.589389842702761,0.005887901263962214,0.07673266099883512,0.5218289119129217,-0.014070699657434238,0.11111112168082739
F_malt_cara,19,30,30,1.7954555031501611,0.007728120161982139,0.7728120161982139,0.0034029641697228396,0.043920094657142854,0.5911151912548316,5.9160340360242536e-05,0.007691575934751155,0.5219364667201816,-0.014488765488009703,0.053372589451762355
F_malt_cara,19,39,39,1.3819623178331806,0.005948335022955433,0.5948335022955432,-0.0015513209877826624,0.043920094657142854,0.5911298802907309,9.463260648545635e-06,0.003076241318298334,0.5219744763718734,-0.01463652971276086,0.013729163063152144
F_malt_cara,19,70,70,0.6176096514738066,0.002658356941408592,0.26583569414085917,9.628461670929624e-05,0.043920094657142854,0.5911326725033413,1.6291803017765005e-08,0.00012763934748741387,0.5220075754071124,-0.01476521246089102,-0.08118778105657756
F_malt_cara,19,97,97,0.3149723405638439,0.0013557251022414056,0.13557251022414055,0.00024082264919679926,0.043920094657142854,0.5911326619560995,5.197665697842524e-08,0.00022798389588358993,0.522045513895444,-0.014912720117827627,-0.061456572221719144
F_malt_cara,19,50,50,1.0296691782332121,0.004431971230985253,0.4431971230985253,-0.010170032435979795,0.043920094657142854,0.5910431054715354,0.0003030286239572577,0.01740771736779681,0.5222541705440231,-0.015724184260442753,0.029953755556233495
F_malt_cara,19,131,131,0.10131086483205155,0.00043606902859064854,0.04360690285906486,0.007380194066211917,0.04392009465714285,0.5911280365541756,1.5701200207440813e-05,0.0039624740008376465,0.5223741937129619,-0.016191100374540524,0.07672931438833486
F_malt_cara,19,110,110,0.2193434475927778,0.0009441127985440527,0.09441127985440527,0.002546108937112905,0.043920094657142854,0.5911314814725162,4.045944235531174e-06,0.0020114532645528925,0.5224131721594006,-0.016342758050759132,-0.13631464370135934
F_malt_cara,19,121,121,0.14879044304209832,0.0006404338179177515,0.06404338179177514,-0.022907402633901248,0.04392009465714286,0.5910670103309117,0.00022216109138484263,0.014905069318350435,0.5225960150623955,-0.01705431583818373,-0.057366848537552424
F_malt_cara,19,31,31,1.7669514553930887,0.007605431125254109,0.760543112525411,0.014336476714414731,0.04392009465714286,0.5908271725731116,0.0010333578667682808,0.03214588413418133,0.5227579229779838,-0.0176846101689081,-0.0038761549541621986
F_malt_cara,19,41,41,1.2769491345747037,0.005496330226740839,0.5496330226740839,0.003616635603400177,0.043920094657142854,0.5911186302889281,4.752524555518001e-05,0.006893855637821167,0.5231119508910377,-0.019063492218192257,0.060629957847824545
F_malt_cara,19,36,36,1.4487161870049226,0.006235661509928422,0.6235661509928423,-0.019728632598313603,0.04392009465714287,0.5906582738866796,0.0016044217752814172,0.0400552340560057,0.5232075941293842,-0.01943616748383392,0.07194824283346749
F_malt_cara,19,100,100,0.28021897028297404,0.0012061373117931349,0.12061373117931348,-0.015160464938307442,0.04392009465714287,0.5910785098290708,0.0001832583779649566,0.01353729581433039,0.5236572867660259,-0.021189314620324584,-0.08834057853381028
F_malt_cara,19,10,10,4.832061176185845,0.020798482242580997,2.0798482242581,0.0072313798267807225,0.043920094657142854,0.5909201332007873,0.0007189787182221297,0.02681377851444835,0.5239273421323993,-0.02224286155696653,0.0013168410476934738
F_malt_cara,19,83,83,0.45547229144159773,0.001960474426984242,0.1960474426984242,0.01897653436190512,0.043920094657142854,0.5909947206556236,0.0004666991705091217,0.021603221299357097,0.5240923031510825,-0.022886678961540063,0.06062099063296215
F_malt_cara,19,37,37,1.4348816047509763,0.006176113771840935,0.6176113771840935,-0.04308907494079132,0.043920094657142854,0.5888879064091853,0.007580392158705318,0.08706544755932273,0.5246014470668844,-0.024875067255311745,-0.026934608855195927
F_malt_burn,20,2,2,18.993376531507604,0.08175256688886388,8.175256688886389,0.03844911076967071,-0.027291173765714258,0.571603212806026,0.07872053658188627,0.2805718028988057,0.8235426431828213,0.03385847990460733,0.29436718732512335
F_malt_burn,20,147,147,0.050993323175666634,0.0002194888863961903,0.02194888863961903,0.2648542488765115,-0.02729117376571414,0.5925299257247947,0.010028603747740839,0.10014291661291315,0.8270532226260642,0.025604030289459012,0.2696768821127999
F_malt_burn,20,13,13,3.6372389055710395,0.015655647979452337,1.5655647979452336,0.0645274880058977,-0.02729117376571421,0.5827436472846658,0.0424594743130523,0.20605696861075154,0.8425052498987486,-0.011145827460017799,0.21984018060632748
F_malt_burn,20,121,121,0.14879044304209832,0.0006404338179177515,0.06404338179177514,0.04469041652688584,-0.0272911737657143,0.5952754567715959,0.0008331383182885732,0.02886413550218396,0.8467047865175724,-0.021251229307541974,0.3443134654231771
F_malt_burn,20,1,1,33.276548823089044,0.14323115634427935,14.323115634427936,-0.013988551737672009,-0.027291173765714268,0.5900627155436392,0.018255639577423266,0.13511343226127928,0.847652510527128,-0.023538699497106297,0.21518564388774758
F_malt_burn,20,105,105,0.2424908328388066,0.001043745328731041,0.10437453287310411,0.0404757451145854,-0.027291173765714317,0.5951918525521313,0.0011137771337360602,0.0333732997130342,0.8523162081465193,-0.034832493883198534,0.1534455196639028
F_malt_burn,20,120,120,0.1515182600336935,0.0006521750710170109,0.06521750710170109,-0.044265597501678924,-0.027291173765714247,0.5952756887917705,0.0008323594287434899,0.028850640005788384,0.852389908463334,-0.03501146684973078,0.1598418288886857
F_malt_burn,20,110,110,0.2193434475927778,0.0009441127985440527,0.09441127985440527,-0.021580880185040133,-0.02729117376571428,0.5954382995049537,0.0002864021276879347,0.016923419503398148,0.8540948876514816,-0.03915613790301298,0.0666264317113286
F_malt_burn,20,60,60,0.7889342692592156,0.0033957838676834506,0.33957838676834506,0.016572964705965608,-0.02729117376571429,0.595342664029063,0.000607511494646773,0.024647748267265276,0.85430911162821,-0.039677485311362615,0.103928941787742
F_malt_burn,20,4,4,11.331805194940767,0.048775116980078984,4.877511698007899,-0.011797300266529977,-0.027291173765714282,0.5942055486249114,0.004421581495557159,0.06649497346083531,0.8546579438102622,-0.04052670254281332,0.10640631628378219
F_malt_burn,20,119,119,0.15928142335834425,0.0006855897999839676,0.06855897999839676,0.023253609563524097,-0.027291173765714292,0.5954516810097649,0.00024146775698474787,0.01553923283127888,0.8548825259638679,-0.04107362176932838,0.03099834249461921
F_malt_burn,20,22,22,2.3276533586627237,0.010018841914837696,1.0018841914837695,0.022599040759717595,-0.0272911737657143,0.5945303711548924,0.0033328178816176557,0.05773056280357674,0.8551471754746263,-0.04171830045480607,0.10695710051569333
F_malt_burn,20,37,37,1.4348816047509763,0.006176113771840935,0.6176113771840935,0.007967868474305927,-0.027291173765714286,0.5954475332733875,0.0002553957398003792,0.015981105712699145,0.855600856633505,-0.042823919103070374,0.07384669209017494
F_malt_burn,20,56,56,0.8711000307818646,0.003749447256797635,0.3749447256797635,-0.020691012446002986,-0.027291173765714303,0.5952121789801333,0.001045549937741308,0.03233496463182538,0.8556755679531762,-0.043006046440068335,0.00878419518047447
F_malt_burn,20,75,75,0.5611254707768586,0.002415233937295569,0.2415233937295569,0.0037214173732621125,-0.027291173765714286,0.5955170979621915,2.17866276910339e-05,0.004667614775347496,0.8559501323596453,-0.04367550176073154,0.05951417962525097
F_malt_burn,20,89,89,0.3941755864867702,0.0016966370327445393,0.16966370327445393,0.0031106192709207917,-0.027291173765714286,0.5955204012684525,1.0692929572786447e-05,0.0032700045218352434,0.8560483204521104,-0.04391496053399169,0.08119623658871027
F_malt_burn,20,162,162,0.01963327539417405,8.450686255006269e-05,0.008450686255006268,-0.013790927630197436,-0.02729117376571429,0.5955204680341516,1.0468705553878799e-05,0.003235537907961781,0.8560850780746834,-0.044004611211458045,0.07577074523236646
F_malt_burn,20,88,88,0.3987069396982124,0.0017161411875693,0.17161411875693,-0.021304943395001847,-0.02729117376571429,0.5953724895941931,0.0005073735599535611,0.022524954160968124,0.8561426206080613,-0.04414496335802087,0.059579263771156736
F_malt_burn,20,52,52,0.9382035888706446,0.004038278898292941,0.40382788982929413,-0.0007184443986176943,-0.027291173765714286,0.5955231809581599,1.3576776968227122e-06,0.001165194274262306,0.856179424653156,-0.044234737148937775,0.08863612827087253
F_malt_burn,20,150,150,0.04610350886314025,0.00019844181922539026,0.019844181922539027,-0.008777576359565139,-0.027291173765714292,0.5955206199372203,9.958558528033734e-06,0.003155718385389981,0.8562458683937477,-0.04439681895613834,0.06370690022519009
F_malt_burn,20,36,36,1.4487161870049226,0.006235661509928422,0.6235661509928423,0.0210575700483267,-0.027291173765714296,0.5949870753334162,0.0018009974101458326,0.042438159834586486,0.8562513271257886,-0.04441013545963868,0.07545822608939666
F_malt_burn,20,45,45,1.1359518750886102,0.004889440352886039,0.4889440352886039,0.0060301903703626125,-0.02729117376571429,0.5954891012900122,0.00011580711590686299,0.010761371469609466,0.8562773977948842,-0.04447373567770052,0.07921815298186301
F_malt_burn,20,96,96,0.32453806198654195,0.0013968985228363213,0.13968985228363212,0.007653029895556847,-0.027291173765714292,0.5955077172853138,5.329000065956713e-05,0.00730000004518011,0.8562812759190518,-0.04448319664915612,0.03886880111768679
F_malt_burn,20,44,44,1.155571006972621,0.00497388633798976,0.49738863379897597,-0.0017852429287656445,-0.027291173765714286,0.5955205107218393,1.0325344428019356e-05,0.0032133073970267694,0.8562852582841631,-0.04449291196871563,0.06031080618053192
F_malt_burn,20,171,171,0.008967459446091938,3.8598341215089595e-05,0.0038598341215089595,0.0061798833973993215,-0.027291173765714275,0.5955232993240468,9.601592064756304e-07,0.0009798771385349176,0.8565175047634515,-0.04505957522964388,0.03972277612667389
F_malt_burn,20,79,79,0.5067088423753145,0.002181010230632151,0.2181010230632151,-0.0018181535416964432,-0.027291173765714286,0.5955221869164484,4.696051630892484e-06,0.0021670375241189237,0.8568770345960673,-0.045937103008980795,-0.06946426991622272
F_malt_burn,20,72,72,0.595701772926808,0.002564059579202587,0.2564059579202587,-0.015135140240491306,-0.02729117376571429,0.5954096585084168,0.0003825736540737923,0.01955949012816349,0.8568824207645942,-0.045950252179710604,0.021202852469897934
F_malt_burn,20,78,78,0.5116066105971625,0.002202091533553649,0.2202091533553649,0.016164568799133475,-0.027291173765714296,0.5954119792775048,0.0003747810839973553,0.019359263518984166,0.856916294622906,-0.046032949805646206,0.05084608549281031
F_malt_burn,20,126,126,0.12786343418962204,0.0005503583809275011,0.0550358380927501,-0.0016153641404611301,-0.027291173765714286,0.5955233066943808,9.354067674882671e-07,0.0009671642918950573,0.8569503044424768,-0.04611598264813077,-0.07660721399630316
F_malt_burn,20,83,83,0.45547229144159773,0.001960474426984242,0.1960474426984242,0.003283184854741397,-0.027291173765714286,0.595519486615009,1.3764673072791389e-05,0.0037100772327225513,0.8573673399650701,-0.04713441668851237,-0.08420858462397939
F_hops_all,21,2,2,18.993376531507604,0.08175256688886388,8.175256688886389,0.08564191872266222,0.04575271478857148,0.6065508036795357,0.27351376137840655,0.5229854313252006,0.5823561186668097,0.17943981389951913,0.46106434060501317
F_hops_all,21,72,72,0.595701772926808,0.002564059579202587,0.2564059579202587,-0.11361922551047686,0.04575271478857139,0.7062360185805864,0.015098603087114415,0.12287637318506121,0.6298222094079277,0.040225742246271845,0.222442531656239
F_hops_all,21,94,94,0.3391832803770697,0.001459935455426348,0.1459935455426348,0.0312181456744317,0.04575271478857143,0.7113977863639087,0.0006490122117600583,0.025475718081348107,0.6334743104737169,0.029062734079876806,0.20137934707563387
F_hops_all,21,42,42,1.255720404848894,0.005404956102503587,0.5404956102503587,-0.02211842356088731,0.04575271478857142,0.7111994525721309,0.0012061616583328716,0.034729838155869434,0.633777526016943,0.028133023989252992,0.20304633831041924
F_hops_all,21,15,15,3.0995750706419116,0.013341399190889116,1.3341399190889116,-0.017587791323450553,0.0457527147885714,0.7109586248740009,0.0018824740332680223,0.04338748705869187,0.634622529283856,0.02553975363327632,0.19134115548597844
F_hops_all,21,40,40,1.318496380950985,0.0056751606749652775,0.5675160674965277,0.03801398939176442,0.045752714788571444,0.7102964570626048,0.0037408480437381986,0.06116247251164836,0.6351438314054859,0.023938181642204626,0.1920989661000877
F_hops_all,21,27,27,1.938381789063368,0.008343313080940655,0.8343313080940655,-0.033779427150257786,0.045752714788571416,0.7100819171884044,0.004342582804223061,0.06589827618552155,0.6353403462248259,0.023334097100360274,0.18712812378955257
F_hops_all,21,51,51,0.9645910051163866,0.0041518573875139455,0.41518573875139453,0.005191487129810942,0.045752714788571416,0.7116105898721306,5.104238957376328e-05,0.007144395675896258,0.6354710382964807,0.022932247542999384,0.1844232965767808
F_hops_all,21,58,58,0.8337089469250283,0.0035885060424231266,0.3588506042423127,-0.01224482289870075,0.045752714788571416,0.7115414196315454,0.0002454277721717357,0.015666134563823292,0.6361678826049704,0.020788208328141322,0.1901767758341512
F_hops_all,21,50,50,1.0296691782332121,0.004431971230985253,0.4431971230985253,0.04973753573434489,0.045752714788571416,0.7098470377973101,0.00500115676440982,0.07071885720520242,0.6362427450851267,0.02055773288741425,0.18959844772509055
F_hops_all,21,45,45,1.1359518750886102,0.004889440352886039,0.4889440352886039,0.005431137163613834,0.045752714788571416,0.7116053430716487,6.578785122246522e-05,0.008110971040652521,0.6377316076078545,0.015968411856634668,0.18181751993238526
F_hops_all,21,125,125,0.13713763992531633,0.0005902770401238105,0.05902770401238105,-0.030526545699823146,0.04575271478857141,0.7115394690928468,0.00025090899155122415,0.01584010705617698,0.6380057665733598,0.015122165353990913,0.1975293392422539
F_hops_all,21,136,136,0.0823057492772276,0.00035426593380921706,0.0354265933809217,0.035789767502263176,0.0457527147885714,0.7115550974175351,0.00020699132944601573,0.014387193244201511,0.6380583723291027,0.014959745571956673,0.16508747110134686
F_hops_all,21,76,76,0.5379049081433639,0.0023152864320827534,0.23152864320827535,-0.0041494159813637846,0.045752714788571416,0.7116222816473445,1.8183759734613503e-05,0.004264241988291387,0.6385201079308361,0.01353356657580207,0.17550696680680425
F_hops_all,21,44,44,1.155571006972621,0.00497388633798976,0.49738863379897597,-0.021949129921502844,0.04575271478857141,0.7112397265539175,0.001093038557195114,0.03306113363445222,0.638716069567135,0.012927981137308309,0.15465275022663005
F_hops_all,21,89,89,0.3941755864867702,0.0016966370327445393,0.16966370327445393,0.054272006927655415,0.04575271478857142,0.7108171986737121,0.002279532101631121,0.04774444576734839,0.6387712251737302,0.012757498792459021,0.1785210909230778
F_hops_all,21,20,20,2.5174618342412147,0.01083582830322749,1.083582830322749,-0.026205959531622868,0.0457527147885714,0.7104199369420068,0.0033944331021943386,0.058261763637864415,0.638954253402143,0.012191665122868178,0.1670321194195697
F_hops_all,21,93,93,0.3431824800366267,0.0014771490791929012,0.14771490791929012,-0.027236713522871592,0.04575271478857144,0.7114508760648941,0.0004998489002535633,0.022357300826652226,0.6390481499480144,0.011901320062222998,0.20467708094398196
F_hops_all,21,47,47,1.1013439278573889,0.004740478502094882,0.47404785020948825,0.004438855938129343,0.045752714788571416,0.7116135917825525,4.2605855403388126e-05,0.006527316094954166,0.6392584684252269,0.011250822577800634,0.17586309292292157
F_hops_all,21,35,35,1.49915077242777,0.006452745439763313,0.6452745439763313,0.010747973333471625,0.0457527147885714,0.7115077579210006,0.00034001861974941594,0.018439593806520067,0.639276256575375,0.0111957954975207,0.18159482558282067
F_hops_all,21,13,13,3.6372389055710395,0.015655647979452337,1.5655647979452336,0.03659356054128562,0.04575271478857146,0.7082179938206232,0.009562807006727958,0.09778960582151858,0.639325699018335,0.011042838820210288,0.15386046385613175
F_hops_all,21,74,74,0.5732858092185649,0.0024675752827218373,0.24675752827218372,-0.04264372305058088,0.04575271478857144,0.7109000806253243,0.0020468482534098387,0.04524210708410795,0.6395531558380712,0.010339018948361312,0.14865065382798737
F_hops_all,21,28,28,1.9355425295858428,0.00833109214960882,0.833109214960882,-0.0069066442912786834,0.045752714788571416,0.7115642480687471,0.00018127633993492154,0.013463890222921573,0.639661391262574,0.01000401805158091,0.17527713672297088
F_hops_all,21,38,38,1.4046655562384334,0.0060460558264808254,0.6046055826480825,0.00805681940937279,0.04575271478857141,0.7115650505589255,0.000179021181218042,0.013379879716119538,0.6398567938542987,0.009399081344912186,0.1840482362670655
F_hops_all,21,73,73,0.580678617484791,0.002499395904572755,0.24993959045727548,0.009730221778537914,0.04575271478857141,0.7115903438032755,0.00010794077680720271,0.01038945507748808,0.640846866392678,0.006331127506980949,0.163917452720871
F_hops_all,21,99,99,0.29370606768199287,0.00126418938223047,0.12641893822304698,0.0395967172558502,0.04575271478857138,0.7113069730884934,0.0009041396401014978,0.03006891484742104,0.6409499779364111,0.0060113413629785395,0.1569162217801254
F_hops_all,21,46,46,1.1263267668504144,0.0048480113155713565,0.48480113155713567,-0.02079768602835873,0.0457527147885714,0.711288323111828,0.0009565301575955587,0.03092782174023315,0.6412115157968535,0.005199987231862324,0.1757169478543941
F_hops_all,21,107,107,0.23481237184582068,0.0010106951812287642,0.10106951812287643,-0.004298515604348662,0.045752714788571416,0.7116257207150158,8.518482144004302e-06,0.0029186438878223042,0.6415390703961409,0.004183366226197194,0.17369952696105528
F_hops_all,21,60,60,0.7889342692592156,0.0033957838676834506,0.33957838676834506,0.04186143068451006,0.04575271478857141,0.7106622743603256,0.0027143958448037075,0.05209986415341094,0.6416272677299953,0.0039095421884032255,0.1531645766927557
F_hops_all,21,112,112,0.2049420656064698,0.0008821254029814654,0.08821254029814654,0.020829370900527763,0.045752714788571416,0.7115666319141185,0.00017457724779923467,0.013212768362427001,0.6417913446666335,0.0034000365111542807,0.15211661973376178
F_hops_citrus,22,2,2,18.993376531507604,0.08175256688886388,8.175256688886389,0.014433489076296704,-0.024851165788571418,0.4417558424475921,0.01976164623370802,0.14057612255894647,0.4425806644878197,0.036941592687017244,0.20850762011948273
F_hops_citrus,22,74,74,0.5732858092185649,0.0024675752827218373,0.24675752827218372,-0.025222770452880707,-0.024851165788571414,0.44577997618636206,0.0018215246525689066,0.04267932347833851,0.44628198592031615,0.0207660368321827,0.15894077044934415
F_hops_citrus,22,40,40,1.318496380950985,0.0056751606749652775,0.5675160674965277,0.026721706113188907,-0.02485116578857141,0.4451363035754361,0.004702032162359648,0.06857136546955711,0.4486028791835593,0.010554524059977588,0.1277832612214051
F_hops_citrus,22,70,70,0.6176096514738066,0.002658356941408592,0.26583569414085917,0.01010940967791203,-0.024851165788571432,0.44611619740023684,0.00031524191263543333,0.017755053157768617,0.4487740522217356,0.009799296179885952,0.11908139932580601
F_hops_citrus,22,25,25,2.0619953390939854,0.008875378825042756,0.8875378825042756,0.013317368116510853,-0.02485116578857144,0.4457788810781178,0.0018264289201149753,0.04273673969917348,0.4490470587921603,0.008594175147051852,0.11019033704033405
F_hops_citrus,22,88,88,0.3987069396982124,0.0017161411875693,0.17161411875693,0.06295714007380313,-0.02485116578857142,0.4444222492866092,0.007892635820791583,0.08884050776977433,0.4495856664461162,0.006214473535376297,0.08796204834432808
F_hops_citrus,22,101,101,0.27425084803589356,0.0011804489191897458,0.11804489191897458,-0.00650175561501465,-0.02485116578857143,0.44617361373716863,5.790119789317316e-05,0.00760928366490357,0.44960028565351257,0.006149842502792269,0.09814403561620376
F_hops_citrus,22,93,93,0.3431824800366267,0.0014771490791929012,0.14771490791929012,-0.011523288422611194,-0.02485116578857142,0.446135754245354,0.00022759161602969868,0.015086139865109587,0.44984811760192744,0.005053865855875639,0.10952454913816363
F_hops_citrus,22,105,105,0.2424908328388066,0.001043745328731041,0.10437453287310411,-0.0209580762872185,-0.02485116578857141,0.4460678395028931,0.000531956898897401,0.02306419083552354,0.45005205645061,0.004151542803215835,0.10058742527860008
F_hops_citrus,22,29,29,1.8456280608235607,0.007944076254379703,0.7944076254379703,-0.015072399607246306,-0.02485116578857142,0.44571911777262013,0.0020940510791530587,0.04576080286831772,0.450267943636258,0.0031959089711699473,0.09140953776743892
F_hops_citrus,22,109,109,0.22031063953247068,0.0009482758510488532,0.09482758510488531,-0.0053097731309513655,-0.024851165788571432,0.44617961050392707,3.102170681112959e-05,0.005569713350877259,0.45031703725514194,0.002978530014159486,0.07605932095450285
F_hops_citrus,22,56,56,0.8711000307818646,0.003749447256797635,0.3749447256797635,0.012665235307844924,-0.024851165788571418,0.446030814626999,0.0006978672883595216,0.026417177903010312,0.4503462405675793,0.00284921101802571,0.08259095336665943
F_hops_citrus,22,121,121,0.14879044304209832,0.0006404338179177515,0.06404338179177514,-0.010631656688840028,-0.024851165788571425,0.44616779210242136,8.399534380643114e-05,0.009164897370199782,0.450760258542247,0.0010149418235214647,0.12700310777177554
F_hops_citrus,22,1,1,33.276548823089044,0.14323115634427935,14.323115634427936,0.0026505830680678484,-0.024851165788571432,0.44592596832359477,0.001167614296443631,0.03417037161699415,0.45087463430594776,0.0005079132073283477,0.047299292270874455
F_hops_citrus,22,39,39,1.3819623178331806,0.005948335022955433,0.5948335022955432,0.004006156244004645,-0.02485116578857143,0.4461618181052105,0.00011077206564680253,0.010524830908233893,0.45088196817432524,0.0004753977253441066,0.1341371770619847
F_hops_citrus,22,68,68,0.6409585241701791,0.002758856727411531,0.27588567274115305,-0.0006676450645050558,-0.02485116578857143,0.44618621295521504,1.4269195891536413e-06,0.001194537395513887,0.4509498131853304,0.0001745746080706878,0.07810159781683204
F_hops_citrus,22,19,19,2.642787236139327,0.011375262315108048,1.1375262315108048,-0.003592833484314921,-0.024851165788571432,0.44614851938718686,0.00017037845141298913,0.013052909691443754,0.4510784670025014,-0.0003959975606013799,0.07022144869216326
F_hops_citrus,22,66,66,0.6772016658621743,0.0029148568920227165,0.29148568920227164,-0.0012902304952892689,-0.02485116578857143,0.4461852752095101,5.63029187705677e-06,0.0023728236084729747,0.4511000195678009,-0.0004915978462971538,0.10953573605959571
F_hops_citrus,22,13,13,3.6372389055710395,0.015655647979452337,1.5655647979452336,-0.0023064526949781333,-0.024851165788571432,0.44616497191624704,9.663606072685127e-05,0.009830364221477607,0.45119616967593923,-0.0009181446128145865,0.03739929792392533
F_hops_citrus,22,50,50,1.0296691782332121,0.004431971230985253,0.4431971230985253,-0.0013435823171699182,-0.02485116578857143,0.44618446023459624,9.283346454891372e-06,0.003046858456616812,0.451724426043465,-0.003263248324322454,-0.06114534280481953
F_hops_citrus,22,110,110,0.2193434475927778,0.0009441127985440527,0.09441127985440527,-0.0020313032325244497,-0.02485116578857143,0.4461855228761875,4.52014609031437e-06,0.0021260635198531003,0.4517383758476565,-0.003325213279751882,-0.10224099882005432
F_hops_citrus,22,3,3,13.545194736908474,0.05830213690097895,5.830213690097895,-0.00015920669694930573,-0.02485116578857143,0.4461861487550049,1.7146923264599323e-06,0.0013094626097548132,0.45179278845099247,-0.0035669320608215926,-0.10103879314691651
F_hops_citrus,22,100,100,0.28021897028297404,0.0012061373117931349,0.12061373117931348,0.024703384117966343,-0.024851165788571446,0.4459959554082255,0.0008540606690621289,0.02922431640025122,0.4518183721468917,-0.003680593362237472,0.01593563548040429
F_hops_citrus,22,120,120,0.1515182600336935,0.0006521750710170109,0.06521750710170109,0.0052343991443616865,-0.024851165788571432,0.4461819057173462,2.073370589417145e-05,0.004553427927862336,0.45182705013164215,-0.0037191487157395287,-0.08482407197690564
F_hops_citrus,22,31,31,1.7669514553930887,0.007605431125254109,0.760543112525411,-0.0054480207160996,-0.024851165788571432,0.44612809329642644,0.00026192708242434026,0.01618416146805741,0.45204565746083375,-0.004690641871517576,-0.036140597039450856
F_hops_citrus,22,148,148,0.048498988795105134,0.00020875260483236343,0.020875260483236343,-0.0011620559189835327,-0.02485116578857143,0.4461864583202741,3.270883112138634e-07,0.000571916349944543,0.452385640849236,-0.006202465172895133,-0.07712381762524928
F_hops_citrus,22,26,26,2.0190904580673434,0.008690704754575576,0.8690704754575576,0.013732570541076019,-0.024851165788571435,0.44576207710560073,0.0019016813191264914,0.04360827122377698,0.4524628311630938,-0.006545870017761635,0.11605519835167763
F_hops_citrus,22,11,11,4.383314666606854,0.01886695737760278,1.886695737760278,0.0010314221587995214,-0.02485116578857143,0.4461813356061624,2.3289161379058676e-05,0.004825884517771894,0.45262743319641746,-0.007278348452689487,-0.11162068894285128
F_hops_citrus,22,71,71,0.6014008530550752,0.0025885899426489316,0.25885899426489317,0.019603615868002446,-0.024851165788571435,0.44592894275307976,0.001154289365319916,0.03397483429422194,0.45265340265515125,-0.007393936779887866,0.04270154814918465
F_hops_citrus,22,8,8,5.894338989064857,0.025370809748850587,2.5370809748850585,-0.005492374598293681,-0.024851165788571425,0.4459883710118783,0.0008880423870009091,0.0298000400503208,0.45309012367912305,-0.009338746391222674,0.09560438923957412
F_hops_tropical,23,121,121,0.14879044304209832,0.0006404338179177515,0.06404338179177514,-0.04717996402349557,0.032905300960000015,0.5081743937928674,0.0012735688709458737,0.03568709670098669,0.5063951410428615,-0.004095336022112095,0.15013056047110718
F_hops_tropical,23,89,89,0.3941755864867702,0.0016966370327445393,0.16966370327445393,0.0236955814724106,0.03290530096000001,0.5082818751772445,0.0008510530862548826,0.02917281416412689,0.5087799333552445,-0.013574878981287508,0.08457485152094019
F_hops_tropical,23,98,98,0.30721620015604656,0.0013223406017848383,0.13223406017848383,-0.006569179852369728,0.03290530096,0.5084853390082679,5.097985610713618e-05,0.007140017934647149,0.5087957888529064,-0.013638053581866094,0.07348825010860378
F_hops_tropical,23,7,7,6.841401450017579,0.029447219599333545,2.9447219599333545,0.003379456933902409,0.03290530096,0.5084219060584215,0.0003004492302918216,0.017333471386066477,0.5090224002173713,-0.01454117841357827,0.06452194964497415
F_hops_tropical,23,44,44,1.155571006972621,0.00497388633798976,0.49738863379897597,-0.0036592213977889657,0.03290530096,0.5084831730841571,5.949852484088414e-05,0.007713528689315204,0.5098785983063808,-0.017957054689681007,0.041142983335177005
F_hops_tropical,23,132,132,0.0994625974571709,0.00042811359202344425,0.042811359202344426,-0.015401340328716324,0.03290530096000001,0.508475234434981,9.072124878295451e-05,0.009524770274538675,0.5100564861159799,-0.018667473756253994,0.03753924847975649
F_hops_tropical,23,100,100,0.28021897028297404,0.0012061373117931349,0.12061373117931348,-0.019624585054836722,0.032905300960000015,0.5083927806426812,0.0004149833630551214,0.020371140445619294,0.510123172606124,-0.01893385915114476,0.05518298145950395
F_hops_tropical,23,59,59,0.8213598636507362,0.0035353522888120735,0.35353522888120736,0.011991334021108047,0.03290530096000001,0.5083828200358584,0.00045415140863103165,0.021310828436050713,0.510205340095936,-0.01926213273210786,0.058334291388913315
F_hops_tropical,23,78,78,0.5116066105971625,0.002202091533553649,0.2202091533553649,0.01560274315274341,0.032905300959999995,0.5083765191314381,0.0004789280280543817,0.021884424325401643,0.5103577863917108,-0.019871322554559256,0.04817408284142058
F_hops_tropical,23,20,20,2.5174618342412147,0.01083582830322749,1.083582830322749,-0.0011526191893435505,0.03290530096,0.5084950309096955,1.28607641561862e-05,0.0035861907584695874,0.5104254216660568,-0.020141657794991108,0.02321699806054768
F_hops_tropical,23,147,147,0.050993323175666634,0.0002194888863961903,0.02194888863961903,-0.047190162416620635,0.032905300959999974,0.5083872669145307,0.0004366650641649539,0.02089653234785203,0.5106517899150479,-0.02104670240280071,0.033536352149030696
F_hops_tropical,23,82,82,0.46528172948362084,0.0020026968690204086,0.20026968690204086,-0.000450140130606726,0.03290530096,0.5084982085856793,3.625297504417091e-07,0.0006021044347740615,0.510777742277671,-0.021550447252280724,-0.06148699695079041
F_hops_tropical,23,109,109,0.22031063953247068,0.0009482758510488532,0.09482758510488531,0.0006254992076468785,0.03290530096,0.508498216487067,3.314524142927766e-07,0.0005757190409870005,0.5107905983491989,-0.021601871931979932,-0.02296685780385285
F_hops_tropical,23,34,34,1.580582615961668,0.006803249849779349,0.6803249849779349,0.0005885220627619154,0.03290530096,0.5084977655357454,2.1051104429625767e-06,0.0014508998734734794,0.5108428735390845,-0.02181098762348288,-0.05785514243003987
F_hops_tropical,23,1,1,33.276548823089044,0.14323115634427935,14.323115634427936,0.0023268206240502714,0.03290530096,0.5083221311364315,0.0006927814894354123,0.026320742569983947,0.5110517293439178,-0.02264668405132242,0.01422175752667018
F_hops_tropical,23,72,72,0.595701772926808,0.002564059579202587,0.2564059579202587,0.00458915549233938,0.03290530096,0.5084860350857916,4.824214683252226e-05,0.00694565668835014,0.5110968554088191,-0.022827292218479345,-0.052331871749493684
F_hops_tropical,23,112,112,0.2049420656064698,0.0008821254029814654,0.08821254029814654,-0.0037229272724631016,0.03290530096,0.5084955236484701,1.092276025693728e-05,0.0033049599478223043,0.5113488324730614,-0.023836073811976055,-0.053418614983105246
F_hops_tropical,23,2,2,18.993376531507604,0.08175256688886388,8.175256688886389,0.007023072322470896,0.03290530096000001,0.5075815742086387,0.003602372735607262,0.06001976953977039,0.5115152675453178,-0.024502663629214272,0.004037454579156226
F_hops_tropical,23,71,71,0.6014008530550752,0.0025885899426489316,0.25885899426489317,-0.005905150755315021,0.03290530096,0.5084777973308129,8.064142735753066e-05,0.00898005720234191,0.5117429477412827,-0.025414897906042677,-0.03858829474225653
F_hops_tropical,23,93,93,0.3431824800366267,0.0014771490791929012,0.14771490791929012,0.012441050142504113,0.032905300959999995,0.5084463666040681,0.0002042543793874252,0.014291759142500273,0.5118622044979481,-0.0258928796915443,-0.009716000111029653
F_hops_tropical,23,110,110,0.2193434475927778,0.0009441127985440527,0.09441127985440527,-0.01586981749274548,0.03290530096000001,0.5084442896248816,0.00021242259869025393,0.014574724652297998,0.5119229125675239,-0.02613624077211152,-0.011625440454927685
F_hops_tropical,23,123,123,0.14130838831801498,0.0006082290554690068,0.06082290554690068,0.022254432814027853,0.03290530096000003,0.5084298746372945,0.0002691120787953194,0.016404635893407182,0.5123269406382767,-0.02775660758658738,0.03385145857581024
F_hops_tropical,23,25,25,2.0619953390939854,0.008875378825042756,0.8875378825042756,-0.005199720867367946,0.03290530096000001,0.5084437924487666,0.00021437785817757238,0.01464164806903478,0.512387078906036,-0.027997903230903898,-0.06282220428196156
F_hops_tropical,23,86,86,0.41533279370058884,0.001787703304982126,0.1787703304982126,-0.002956157977421427,0.03290530096,0.5084947522593429,1.3956730392283845e-05,0.0037358707676107016,0.5124315586301512,-0.028176389573276728,-0.0764866360679029
F_hops_tropical,23,130,130,0.1079222956184087,0.00046452639301430084,0.046452639301430086,0.03288695968583907,0.03290530095999997,0.5083841709563163,0.00044883923569261075,0.02118582629242154,0.512586754062667,-0.02879927253309056,0.03329973430019558
F_hops_tropical,23,95,95,0.3314330796148968,0.0014265765207913924,0.14265765207913925,0.03638778950681314,0.03290530096000001,0.5080690785055076,0.0016874829263333613,0.04107898399830932,0.5126530422385587,-0.02906538021635563,0.08072217775553707
F_hops_tropical,23,125,125,0.13713763992531633,0.0005902770401238105,0.05902770401238105,0.002973914159202043,0.03290530096,0.5084971149741679,4.663862263942775e-06,0.0021595977088196693,0.5127595730167791,-0.029493110151333157,-0.06344668299003324
F_hops_tropical,23,13,13,3.6372389055710395,0.015655647979452337,1.5655647979452336,0.025877818843074933,0.03290530096000003,0.5061113725034039,0.009366112113310954,0.09677867592249212,0.5129067111254055,-0.030084028041748256,0.04567910961381913
F_hops_tropical,23,50,50,1.0296691782332121,0.004431971230985253,0.4431971230985253,0.025558420715558975,0.03290530096,0.5078402816138159,0.0025864133308936,0.05085679237716158,0.5129484711028827,-0.030251770190693694,0.0423330628310019
F_hops_tropical,23,105,105,0.2424908328388066,0.001043745328731041,0.10437453287310411,0.04882875444752164,0.03290530095999997,0.5079327391800588,0.0022232013890334246,0.04715083656769544,0.5133880605625283,-0.03201834872110765,-0.032730774381031696
F_hops_noble,24,2,2,18.993376531507604,0.08175256688886388,8.175256688886389,0.07098768285828908,0.038693324148571476,0.5357290348227717,0.24901274517642313,0.49901176857507407,0.5513309276844948,0.12802556490758565,0.4042458633405044
F_hops_noble,24,72,72,0.595701772926808,0.002564059579202587,0.2564059579202587,-0.10083907122299085,0.038693324148571406,0.6133092809251194,0.015759410346641745,0.1255364901000575,0.5749868644258569,0.0515927004225013,0.2550319831583171
F_hops_noble,24,93,93,0.3431824800366267,0.0014771490791929012,0.14771490791929012,-0.0325795864324695,0.03869332414857145,0.617906855615694,0.0009476972923607718,0.03078469250067029,0.5862528995266281,0.01406326422627402,0.19481044812833495
F_hops_noble,24,105,105,0.2424908328388066,0.001043745328731041,0.10437453287310411,-0.0657643538510788,0.038693324148571476,0.6173558915518789,0.0027285369370182444,0.05223539927116668,0.5886934268932791,0.005837414886716408,0.18135062505551333
F_hops_noble,24,38,38,1.4046655562384334,0.0060460558264808254,0.6046055826480825,0.013288470879124818,0.03869332414857142,0.6180003570984925,0.0006453218179621745,0.025403185193241744,0.5896634019956339,0.002558603376141999,0.1314584566675858
F_hops_noble,24,50,50,1.0296691782332121,0.004431971230985253,0.4431971230985253,0.021112175193572013,0.03869332414857143,0.6178306718323501,0.0011940350420147627,0.034554812139770075,0.5896803108718667,0.0025013983507580217,0.14095713763666934
F_hops_noble,24,46,46,1.1263267668504144,0.0048480113155713565,0.48480113155713567,-0.008509668673877735,0.03869332414857142,0.6181342640761737,0.00021219888842161083,0.014567048033881876,0.5897172652684489,0.0023763708968026487,0.13031178378084177
F_hops_noble,24,15,15,3.0995750706419116,0.013341399190889116,1.3341399190889116,-0.013004177512637582,0.03869332414857142,0.6177781924167661,0.001363707832750527,0.03692841497750016,0.5897428380375435,0.002289846206514956,0.1327262115682104
F_hops_noble,24,35,35,1.49915077242777,0.006452745439763313,0.6452745439763313,0.0235796270138864,0.038693324148571406,0.6175291909379126,0.0021685656404324405,0.046567860595399135,0.5900890161569058,0.0011181938428865834,0.13822329467213693
F_hops_noble,24,67,67,0.6634921720629949,0.002855847568063354,0.2855847568063354,-0.016033516101338803,0.03869332414857143,0.6180626772570172,0.00044375856170653094,0.021065577649483982,0.5903051721095637,0.00038625751346776926,0.1463090108814394
F_hops_noble,24,28,28,1.9355425295858428,0.00833109214960882,0.833109214960882,-0.00794449431147595,0.03869332414857142,0.6181016105949712,0.00031782542225444743,0.017827658911208688,0.5906302127489131,-0.0007148832508767633,0.12060595537006086
F_hops_noble,24,33,33,1.5941900888196798,0.006861820048351867,0.6861820048351867,-0.003182925133283147,0.03869332414857143,0.6181868699920757,4.20190616003957e-05,0.006482211166008559,0.5906337429349501,-0.0007268457959315189,0.12649849204514726
F_hops_noble,24,40,40,1.318496380950985,0.0056751606749652775,0.5675160674965277,0.01710098269954937,0.03869332414857144,0.617889700680702,0.001003169858299957,0.03167285680673692,0.5912148530479906,-0.0026969959109535147,0.12391359001894811
F_hops_noble,24,63,63,0.7347752395314049,0.003162668934532206,0.3162668934532206,-0.004943890149776523,0.03869332414857143,0.6181854154801132,4.6724593874891696e-05,0.0068355390332364985,0.5913504257205516,-0.0031569095851384787,0.12013321368469662
F_hops_noble,24,171,171,0.008967459446091938,3.8598341215089595e-05,0.0038598341215089595,0.2554035567897167,0.03869332414857186,0.6177292701235302,0.0015218670027153935,0.03901111383587339,0.5914166678481718,-0.0033816662337131653,0.14696093398691118
F_hops_noble,24,153,153,0.03823761601735484,0.00016458491495410614,0.016458491495410614,0.001497341350782838,0.03869332414857143,0.6181997892753356,2.2304158442398858e-07,0.0004722727860756136,0.5914172158229873,-0.003383525593342318,0.1300805148480473
F_hops_noble,24,57,57,0.844587434595947,0.003635329959670866,0.3635329959670866,0.011846572998131548,0.03869332414857143,0.6181045312288163,0.0003083780678343473,0.01756069667849951,0.5924140314095474,-0.006768720356759683,0.1340011527834931
F_hops_noble,24,83,83,0.45547229144159773,0.001960474426984242,0.1960474426984242,-0.014041246906348453,0.03869332414857143,0.6181276392981725,0.00023362897933554283,0.015284926540070102,0.5926801847230584,-0.007673543701798513,0.08815786864924793
F_hops_noble,24,119,119,0.15928142335834425,0.0006855897999839676,0.06855897999839676,-0.07211354966399249,0.03869332414857145,0.6175333809423476,0.002155024799349481,0.04642224466082493,0.5928054138042705,-0.008099417104749485,0.12378746511502922
F_hops_noble,24,146,146,0.05309748635837221,0.00022854576688575791,0.02285457668857579,0.0011745466739992807,0.03869332414857143,0.6181997993104856,1.9057587319348812e-07,0.00043654996635121926,0.5929579705207519,-0.00861834666368999,0.12238997909423073
F_hops_noble,24,47,47,1.1013439278573889,0.004740478502094882,0.47404785020948825,0.010591895325875438,0.03869332414857143,0.6181004877046848,0.0003214576159401572,0.01792923913444628,0.5930308032674472,-0.008866138108490018,0.12928886229216768
F_hops_noble,24,173,173,0.006463419240767768,2.7820283188462373e-05,0.0027820283188462374,-0.0014276991078980476,0.03869332414857143,0.6181998476227933,3.427591832583232e-08,0.00018513756618274775,0.5931434993754843,-0.009249612591308187,0.12192306333910441
F_hops_noble,24,39,39,1.3819623178331806,0.005948335022955433,0.5948335022955432,0.012225011564825899,0.03869332414857143,0.6180337445319685,0.0005373387440089639,0.023180568241717693,0.5933101459710685,-0.009816799583449276,0.18655007283763142
F_hops_noble,24,13,13,3.6372389055710395,0.015655647979452337,1.5655647979452336,0.004894834930166108,0.038693324148571434,0.6181297732541656,0.00022672600012452193,0.01505742342250332,0.5939446297489249,-0.011977743467771917,0.11397996805289866
F_hops_noble,24,44,44,1.155571006972621,0.00497388633798976,0.49738863379897597,-0.018406767950921565,0.03869332414857142,0.6178849277700965,0.0010186033706061082,0.03191556627424974,0.5942218093743308,-0.012922495045614824,0.0805877891662907
F_hops_noble,24,127,127,0.124974966355452,0.0005379256436820938,0.05379256436820938,-0.002384868860687271,0.03869332414857143,0.6181992866012648,1.849291748401427e-06,0.00135988666759145,0.5942821972538613,-0.01312838230439728,0.1297350581593656
F_hops_noble,24,118,118,0.16701208729417225,0.0007188646428988489,0.07188646428988489,0.002279635974734901,0.03869332414857143,0.6181991602559962,2.2580435043995095e-06,0.0015026787762467938,0.5946440165804487,-0.014362412267701075,0.11171846367010568
F_hops_noble,24,98,98,0.30721620015604656,0.0013223406017848383,0.13223406017848383,-0.020823171094530638,0.038693324148571434,0.6180927241029743,0.00034657022288553385,0.01861639661389135,0.5946839852164354,-0.014498776355827081,0.14556758683730386
F_hops_noble,24,94,94,0.3391832803770697,0.001459935455426348,0.1459935455426348,0.001797708579497576,0.03869332414857143,0.6181989767107506,2.8518482705353065e-06,0.0016887416233466771,0.5947826664175763,-0.014835493894988616,0.1470707486708732
F_hops_noble,24,84,84,0.45053788384121485,0.0019392354183889022,0.1939235418388902,0.0007092369538040234,0.03869332414857143,0.6181996759679573,5.896135067962049e-07,0.0007678629480369703,0.5949465755983053,-0.015394904193018588,0.11893626880187011
F_hops_woody,25,2,2,18.993376531507604,0.08175256688886388,8.175256688886389,0.026887465360961725,-0.007243182645714274,0.46244864007882924,0.06000814248310715,0.24496559448850566,0.4042356131476119,0.12691790660587177,0.37227921026450767
F_hops_woody,25,121,121,0.14879044304209832,0.0006404338179177515,0.06404338179177514,0.21774052968043175,-0.007243182645714364,0.46957138901382117,0.030829172300540497,0.1755823803818033,0.4130596603345115,0.08838491340187837,0.29787673287255045
F_hops_woody,25,72,72,0.595701772926808,0.002564059579202587,0.2564059579202587,-0.03380641279189282,-0.007243182645714301,0.4762713010367386,0.0029753314354574734,0.05454659875241831,0.4287527425092351,0.01780038690044372,0.16001937384305764
F_hops_woody,25,10,10,4.832061176185845,0.020798482242580997,2.0798482242581,-0.004484003207703185,-0.007243182645714293,0.4768801463762698,0.00042459270787098546,0.0206056474751664,0.42977487437953965,0.01311174422015371,0.16526516271473013
F_hops_woody,25,132,132,0.0994625974571709,0.00042811359202344425,0.042811359202344426,-0.015017032525602061,-0.007243182645714289,0.47695803994733244,9.802487955457018e-05,0.009900751464135726,0.4304068739760088,0.01020709989149815,0.12842634294999594
F_hops_woody,25,13,13,3.6372389055710395,0.015655647979452337,1.5655647979452336,0.02036418120996532,-0.007243182645714269,0.47540669991662676,0.006591951625136261,0.08119083461288001,0.43086767607531695,0.008086581712298258,0.11771878612791485
F_hops_woody,25,40,40,1.318496380950985,0.0056751606749652775,0.5675160674965277,0.009642128726293692,-0.0072431826457142875,0.4768536385939688,0.000535714091620898,0.02314549830141412,0.43108896622085024,0.007067442687667125,0.1070384328955407
F_hops_woody,25,61,61,0.7706106365714271,0.0033169140572276634,0.33169140572276634,-0.001438427801789475,-0.007243182645714293,0.4769797566940291,6.968180855881911e-06,0.0026397312089960373,0.43171900049823503,0.004162990301371905,0.08919992651865617
F_hops_woody,25,135,135,0.08574241440702901,0.00036905825867218417,0.03690582586721842,0.010509251924544305,-0.007243182645714304,0.47697154839790645,4.138544147624934e-05,0.006433151752914082,0.4317836773358056,0.0038645905877862097,0.11402066316884081
F_hops_woody,25,60,60,0.7889342692592156,0.0033957838676834506,0.33957838676834506,0.008684140573925936,-0.0072431826457142945,0.4769194027236906,0.0002600176260698639,0.016125062048553233,0.4317989392089619,0.0037941703206729738,0.08451751768525306
F_hops_woody,25,1,1,33.276548823089044,0.14323115634427935,14.323115634427936,0.0025209289140201915,-0.007243182645714297,0.47676095357037895,0.0009242038115280238,0.030400720575801607,0.43190968442600786,0.003283102929977577,0.09307656210343408
F_hops_woody,25,110,110,0.2193434475927778,0.0009441127985440527,0.09441127985440527,0.00956913537986643,-0.007243182645714297,0.47696048420027043,8.77765163944666e-05,0.00936891223110496,0.4323610249909557,0.0011988995318154005,0.07733125050769629
F_hops_woody,25,28,28,1.9355425295858428,0.00833109214960882,0.833109214960882,-0.0019945063896380007,-0.0072431826457142945,0.47697339332272326,3.364975142117199e-05,0.005800840578832004,0.4324517946311773,0.0007794799822120613,0.06244228184694523
F_hops_woody,25,51,51,0.9645910051163866,0.0041518573875139455,0.41518573875139453,0.002619967117678376,-0.007243182645714294,0.4769745174520045,2.8936311238014767e-05,0.005379248203776137,0.43246101787258073,0.0007368571952802716,0.08487565478075709
F_hops_woody,25,3,3,13.545194736908474,0.05830213690097895,5.830213690097895,0.00044571885146213176,-0.007243182645714294,0.47697861383128,1.176022244775421e-05,0.0034293180732406434,0.43264458513135673,-0.00011163975191408326,0.062417978972445
F_hops_woody,25,97,97,0.3149723405638439,0.0013557251022414056,0.13557251022414055,0.0053955933577132026,-0.00724318264571429,0.4769718612495696,4.007367007474727e-05,0.006330376771935221,0.4326512179511804,-0.0001423051589806157,0.05341431702005673
F_hops_woody,25,42,42,1.255720404848894,0.005404956102503587,0.5404956102503587,-0.001350136067943318,-0.007243182645714294,0.4769790327717477,1.0003599770103122e-05,0.0031628467825544925,0.4326911517716989,-0.00032694047196879517,0.07655095114524438
F_hops_woody,25,58,58,0.8337089469250283,0.0035885060424231266,0.3588506042423127,-0.011980889390625674,-0.00724318264571429,0.4768566718284104,0.0005229989988053685,0.02286917136244911,0.43275038791517634,-0.0006008520877565093,0.10961425752394426
F_hops_woody,25,35,35,1.49915077242777,0.006452745439763313,0.6452745439763313,0.014411496753865983,-0.007243182645714308,0.4766567867527336,0.0013607293968717071,0.03688806577839783,0.43305236639737293,-0.001997802202530652,0.09702893043844092
F_hops_woody,25,93,93,0.3431824800366267,0.0014771490791929012,0.14771490791929012,-0.00015721760933699953,-0.007243182645714294,0.47698140970219977,3.707112505857424e-08,0.00019253863174458697,0.4330639644811057,-0.002051474279780363,0.096821281028902
F_hops_woody,25,18,18,2.811988572614195,0.012103550071363508,1.210355007136351,6.027849627547167e-05,-0.007243182645714294,0.4769814078940909,4.465258962582652e-08,0.00021131159320202656,0.43309429454578446,-0.002191838534468582,-0.05041024544770936
F_hops_woody,25,31,31,1.7669514553930887,0.007605431125254109,0.760543112525411,0.002543620776932355,-0.007243182645714293,0.47696950298179924,4.996174787463836e-05,0.007068362460601467,0.4331261022495333,-0.002339051702992201,0.006539538299985189
F_hops_woody,25,7,7,6.841401450017579,0.029447219599333545,2.9447219599333545,0.0039356546188635995,-0.00724318264571429,0.4768709575187384,0.0004631133617007954,0.021520068812634525,0.4331279588730613,-0.002347644905966506,0.06825028092431283
F_hops_woody,25,90,90,0.37729773726772353,0.001623990260595767,0.1623990260595767,-0.0010125821239881385,-0.007243182645714293,0.4769810153394973,1.6906472048994203e-06,0.0013002489011382384,0.433208485289516,-0.0027203891053353413,-0.06519247104492508
F_hops_woody,25,82,82,0.46528172948362084,0.0020026968690204086,0.20026968690204086,0.01322400723870056,-0.007243182645714299,0.4768966059170175,0.00035559073241853145,0.01885711357600633,0.4332803267794112,-0.003052990623079621,0.05294855156582556
F_hops_woody,25,134,134,0.09004704839363732,0.0003875865533826318,0.03875865533826318,0.004001773447807875,-0.007243182645714293,0.47697991555742053,6.302063232599409e-06,0.002510391051685801,0.43328337525231647,-0.0030671052294093393,0.08615100968229686
F_hops_woody,25,66,66,0.6772016658621743,0.0029148568920227165,0.29148568920227164,-0.008364611252538495,-0.007243182645714294,0.47693203164307685,0.00020707030315880726,0.014389937566184719,0.43367944190451957,-0.004901761399231708,0.005024992800079929
F_hops_woody,25,65,65,0.688020226856627,0.0029614228688448502,0.296142286884485,-0.000872192684729448,-0.007243182645714294,0.4769808730290971,2.2873591654093417e-06,0.0015124017869810559,0.43369290934590116,-0.004964174621494566,-0.07561910306675228
F_hops_woody,25,150,150,0.04610350886314025,0.00019844181922539026,0.019844181922539027,-0.009827490474741546,-0.0072431826457143005,0.4769767776551958,1.9459313781666765e-05,0.0044112712205479,0.43370362547147057,-0.005013838589272845,0.06698076915677482
F_hops_woody,25,83,83,0.45547229144159773,0.001960474426984242,0.1960474426984242,-0.01716390637824253,-0.007243182645714295,0.4768415443284555,0.0005864115475171516,0.024215935817493265,0.4337813324565804,-0.005374008931942287,0.07573065485190449
F_esters_all,26,4,4,11.331805194940767,0.048775116980078984,4.877511698007899,0.021690351394905417,0.08630338718857145,0.5838359933986995,0.015312988395473126,0.12374566010763068,0.5403274798798822,0.08760355544605714,0.3622025148890671
F_esters_all,26,75,75,0.5611254707768586,0.002415233937295569,0.2415233937295569,-0.01777665754749209,0.08630338718857146,0.5882082833019469,0.0005093166487981637,0.02256804485989923,0.5619646506632865,0.013067457459063125,0.2202531590905213
F_esters_all,26,119,119,0.15928142335834425,0.0006855897999839676,0.06855897999839676,0.05795264832064599,0.08630338718857145,0.5879059456861625,0.0015365241124014606,0.039198521813986587,0.5626885275824639,0.010523248264709406,0.22342311044353527
F_esters_all,26,76,76,0.5379049081433639,0.0023152864320827534,0.23152864320827535,0.005316228753543132,0.08630338718857146,0.5883452870033876,4.366570786162871e-05,0.006608003318840197,0.5631004896297037,0.009073863510600577,0.2142762811789382
F_esters_all,26,102,102,0.26521662980912314,0.001141563230347246,0.1141563230347246,-0.013811236834962111,0.08630338718857146,0.5883153841574126,0.00014530935498058284,0.012054433001215064,0.5631129887500157,0.009029871922275445,0.21546720380190915
F_esters_all,26,34,34,1.580582615961668,0.006803249849779349,0.6803249849779349,0.020208390666882375,0.08630338718857146,0.5878124734115683,0.0018539940533879307,0.043058031229819015,0.5631257709205862,0.008984883107516883,0.21403106230934588
F_esters_all,26,18,18,2.811988572614195,0.012103550071363508,1.210355007136351,-0.023035573020972068,0.08630338718857145,0.5870959648213562,0.00428587271786518,0.06546657710515609,0.5631890348328539,0.008762201005627412,0.305240083815548
F_esters_all,26,118,118,0.16701208729417225,0.0007188646428988489,0.07188646428988489,-0.029401652014177625,0.08630338718857143,0.5882361281823061,0.0004146856889172268,0.02036383286411059,0.5637184483882479,0.006897742195364542,0.20911241201958852
F_esters_all,26,10,10,4.832061176185845,0.020798482242580997,2.0798482242581,0.013638242719098689,0.08630338718857146,0.5875982102651018,0.0025815285494305007,0.05080874481258771,0.5637658159151182,0.006730840528893056,0.20905793652252389
F_esters_all,26,65,65,0.688020226856627,0.0029614228688448502,0.296142286884485,-0.00915446706839558,0.08630338718857146,0.588309410719221,0.00016561322611785556,0.012869080235898923,0.5638756635713578,0.00634373327345783,0.21245946994398604
F_esters_all,26,8,8,5.894338989064857,0.025370809748850587,2.5370809748850585,0.009014244540434127,0.08630338718857146,0.587953293381924,0.0013756927790774531,0.03709033269030884,0.5643150647739192,0.004794512752663516,0.2193801100770298
F_esters_all,26,116,116,0.17743592046448228,0.0007637316057098308,0.07637316057098309,-0.01661482800419551,0.08630338718857145,0.5883167433921287,0.00014068925218191364,0.011861250026120568,0.5649632224399216,0.002507065367348571,0.20682636373023383
F_esters_all,26,53,53,0.9326341188083077,0.004014306411197168,0.40143064111971677,-0.005586637047410723,0.08630338718857146,0.5883335368931798,8.36064707511186e-05,0.009143657405623387,0.5654327915183728,0.0008482441508156358,0.2036867495787848
F_esters_all,26,100,100,0.28021897028297404,0.0012061373117931349,0.12061373117931348,0.09930403268486594,0.08630338718857139,0.586018567890428,0.007937047533236652,0.08909010906513051,0.5654649736122194,0.0007345057503725938,0.1590178968189594
F_esters_all,26,81,81,0.4790883994775237,0.0020621244652835897,0.20621244652835896,-0.006255030923494135,0.08630338718857146,0.588342293968643,5.3839653349041505e-05,0.00733755090949282,0.5655687259085603,0.00036777887660521813,0.2323930575756062
F_esters_all,26,82,82,0.46528172948362084,0.0020026968690204086,0.20026968690204086,-0.01527809669649534,0.08630338718857146,0.5882663569557408,0.0003119479856851237,0.01766204930593846,0.5655756774958937,0.0003432051225257249,0.20873929574117364
F_esters_all,26,38,38,1.4046655562384334,0.0060460558264808254,0.6046055826480825,-0.010471597330247733,0.08630338718857146,0.5882279700595712,0.0004424115722463373,0.02103358201178639,0.5659679415119598,-0.0010439315187593667,0.18741816994299507
F_esters_all,26,60,60,0.7889342692592156,0.0033957838676834506,0.33957838676834506,-0.015433212455887548,0.08630338718857146,0.5881993322974017,0.0005397357293606131,0.023232213182579883,0.56608360603389,-0.001453131724475698,0.19757259354589538
F_esters_all,26,121,121,0.14879044304209832,0.0006404338179177515,0.06404338179177514,-0.07367047557657912,0.08630338718857149,0.5876753956172477,0.0023194748162636003,0.04816092623967967,0.5662163572268073,-0.0019228845479248857,0.16851377386028432
F_esters_all,26,73,73,0.580678617484791,0.002499395904572755,0.24993959045727548,-0.00995897641744961,0.08630338718857147,0.5883094670175325,0.00016542186766121958,0.012861643272207063,0.5664504875704172,-0.002751645659251789,0.1904634479663134
F_esters_all,26,137,137,0.0781993449662555,0.0003365908725820273,0.03365908725820273,0.03426433478649274,0.08630338718857146,0.5882805516042332,0.00026370320154966986,0.016238940899885892,0.5675630392471799,-0.006694474285983576,0.22777846360415982
F_esters_all,26,95,95,0.3314330796148968,0.0014265765207913924,0.14265765207913925,-0.011432444059377258,0.08630338718857146,0.5883215288132609,0.0001244232954892288,0.011154519061325306,0.5676360870482476,-0.006953622767686518,0.21159956548213793
F_esters_all,26,32,32,1.7130806714526785,0.007373556878979988,0.7373556878979988,-0.016766788514306814,0.08630338718857145,0.5879510643700772,0.0013832646090746747,0.03719226544692765,0.5677939185022876,-0.0075136683785645975,0.20934525066463
F_esters_all,26,25,25,2.0619953390939854,0.008875378825042756,0.8875378825042756,-0.024019889062479555,0.08630338718857147,0.5873520339532687,0.003417097348931697,0.05845594365786799,0.568053318367908,-0.00843445530859066,0.16058402423989127
F_esters_all,26,83,83,0.45547229144159773,0.001960474426984242,0.1960474426984242,0.0488648774451778,0.08630338718857146,0.5874384572319159,0.0031238003366873546,0.05589096829262791,0.5684054210908942,-0.00968498074495483,0.22045799040373065
F_esters_all,26,49,49,1.0562361022533222,0.004546322369624689,0.45463223696246885,0.006969062476461444,0.08630338718857146,0.5883147850700053,0.00014734567789653763,0.012138602798374146,0.5685974288577011,-0.010367240608792683,0.20015584199544742
F_esters_all,26,67,67,0.6634921720629949,0.002855847568063354,0.2855847568063354,0.023517853247902606,0.08630338718857146,0.5880479731827796,0.0010540442250377424,0.03246604726537861,0.5686542929106821,-0.010569339479736373,0.22801901237237376
F_esters_all,26,56,56,0.8711000307818646,0.003749447256797635,0.3749447256797635,-0.01740450870481633,0.08630338718857145,0.5881351283373579,0.0007579128036960814,0.02753021619414494,0.5691032835859403,-0.012165793927933377,0.19384366498470798
F_esters_all,26,31,31,1.7669514553930887,0.007605431125254109,0.760543112525411,-0.01609976980192662,0.08630338718857146,0.5879710120709558,0.0013155023511017827,0.036269854577900704,0.5693047484963137,-0.012882542505467498,0.16100721265199516
F_esters_all,26,21,21,2.355795283146291,0.010139972276251194,1.0139972276251195,0.015702380839367373,0.08630338718857146,0.5878671238990194,0.0016683848530719692,0.04084586702558882,0.569320048161573,-0.012936984250843775,0.21541148638216076
F_esters_ethac,27,120,120,0.1515182600336935,0.0006521750710170109,0.06521750710170109,-0.06391959514530976,0.013662544485714337,0.4999477406732725,0.0024565567612780947,0.049563663719282225,0.4817464533303052,0.009720432114738164,0.10087712698571559
F_esters_ethac,27,37,37,1.4348816047509763,0.006176113771840935,0.6176113771840935,0.04031844635849003,0.013662544485714282,0.49824099010506856,0.009255874189784574,0.09620745392008163,0.481919232020014,0.009009975867787623,0.10691062715219078
F_esters_ethac,27,13,13,3.6372389055710395,0.015655647979452337,1.5655647979452336,0.01747637265696637,0.0136625444857143,0.4994584223708154,0.004408270332091235,0.06639480651445165,0.482846651656434,0.00519212472859365,0.08360272078705101
F_esters_ethac,27,105,105,0.2424908328388066,0.001043745328731041,0.10437453287310411,0.05530233798990245,0.013662544485714238,0.4998258523039337,0.002942904080900144,0.05424853989648039,0.4829468752908935,0.004779100808381065,0.07696921201702196
F_esters_ethac,27,112,112,0.2049420656064698,0.0008821254029814654,0.08821254029814654,0.02685241002333864,0.01366254448571428,0.5004161636494516,0.0005863966046725233,0.024215627282242295,0.48320041738524777,0.003733865237111722,0.07786491556630916
F_esters_ethac,27,119,119,0.15928142335834425,0.0006855897999839676,0.06855897999839676,0.021510158657942143,0.013662544485714273,0.500489750131174,0.00029244631490865647,0.017101061806474672,0.4839913014815224,0.0004698950869450602,0.05830583119376726
F_esters_ethac,27,39,39,1.3819623178331806,0.005948335022955433,0.5948335022955432,0.03755802148950004,0.01366254448571428,0.49862310697590195,0.007735625052460948,0.08795240219835278,0.4840280141567572,0.0003182526265781416,0.04988206020203536
F_esters_ethac,27,90,90,0.37729773726772353,0.001623990260595767,0.1623990260595767,0.010763353849497411,0.013662544485714273,0.5005195362807823,0.00017344957286480334,0.013170025545332874,0.48403353681349215,0.00029544018403515615,0.0351345716894229
F_esters_ethac,27,35,35,1.49915077242777,0.006452745439763313,0.6452745439763313,0.0020268227628636093,0.013662544485714278,0.500556832891825,2.4438281154726127e-05,0.00494350899209057,0.4841475733257958,-0.00017566870402951906,0.02568924117923457
F_esters_ethac,27,29,29,1.8456280608235607,0.007944076254379703,0.7944076254379703,0.008409071689656109,0.013662544485714277,0.5004333153438121,0.0005178859062822116,0.02275710672037267,0.48426516450323365,-0.0006615788849795301,0.020959171399841707
F_esters_ethac,27,78,78,0.5116066105971625,0.002202091533553649,0.2202091533553649,0.0021275070614167036,0.013662544485714278,0.5005606495168172,9.189078587379385e-06,0.0030313493014263843,0.48426752311806454,-0.0006713263587243556,0.014751047613119976
F_esters_ethac,27,89,89,0.3941755864867702,0.0016966370327445393,0.16966370327445393,-0.0001104630013697795,0.01366254448571428,0.5005629446013432,1.9086100033760545e-08,0.00013815245261173306,0.4843496624118716,-0.0010108139472266853,-0.01005168691014031
F_esters_ethac,27,25,25,2.0619953390939854,0.008875378825042756,0.8875378825042756,0.0016362783950618746,0.013662544485714278,0.5005574662683091,2.1907653802832883e-05,0.004680561270054769,0.4843601324316761,-0.0010540914268561963,-0.0012014556590907114
F_esters_ethac,27,149,149,0.047843986858062536,0.00020593330150409103,0.020593330150409102,-0.0019200510701743087,0.01366254448571428,0.5005627742018789,6.999172881272386e-07,0.0008366105954119428,0.48437346909625484,-0.0011092194423636403,-0.020009658978374555
F_esters_ethac,27,6,6,7.286404531681817,0.03136263175046718,3.1362631750467185,0.0007105070679292668,0.01366254448571428,0.5005592961721592,1.4596337003847104e-05,0.00382051527986888,0.4845229884531346,-0.001727371835425373,0.011607587327711331
F_esters_ethac,27,36,36,1.4487161870049226,0.006235661509928422,0.6235661509928423,0.003316910483784964,0.013662544485714278,0.5005471194048468,6.32476818639427e-05,0.007952841119004366,0.4845234668018741,-0.0017293497612353992,-0.003685341424876194
F_esters_ethac,27,88,88,0.3987069396982124,0.0017161411875693,0.17161411875693,0.0018341776937764102,0.01366254448571428,0.5005616172081132,5.3226806190354026e-06,0.002307093543656415,0.484541836303518,-0.001805307352630292,-0.1305806421150112
F_esters_ethac,27,117,117,0.17107781921176593,0.0007363646392788439,0.0736364639278844,-0.002822872046723284,0.01366254448571428,0.5005615954389785,5.4096589955365815e-06,0.0023258673641364976,0.4846746220996646,-0.0023544601100462526,-0.004076205931810749
F_esters_ethac,27,69,69,0.6285796789101241,0.0027055748702625,0.27055748702625004,0.0006766526975243425,0.01366254448571428,0.500562663543772,1.1420517130877883e-06,0.0010686681959926998,0.4846821368144776,-0.0023855426795043044,-0.034759854889670525
F_esters_ethac,27,99,99,0.29370606768199287,0.00126418938223047,0.12641893822304698,-0.002436154345257801,0.013662544485714282,0.5005612181841027,6.916976761361937e-06,0.0026300145933919423,0.48470135559012145,-0.002465038098599326,-0.022319942386350218
F_esters_ethac,27,24,24,2.1409276566935853,0.0092151246076607,0.92151246076607,0.0005360236370100422,0.01366254448571428,0.5005623384465652,2.4409769174837948e-06,0.001562362607535055,0.484721759412519,-0.002549438725401698,-0.020654870554012397
F_esters_ethac,27,27,27,1.938381789063368,0.008343313080940655,0.8343313080940655,-0.011648375870997981,0.01366254448571428,0.5003016695176218,0.0010436716123440881,0.03230590677173808,0.4848116862335681,-0.0029214643059001233,0.039080267024152314
F_esters_ethac,27,50,50,1.0296691782332121,0.004431971230985253,0.4431971230985253,-0.003562092901993519,0.01366254448571428,0.500549973512928,5.184441695094133e-05,0.007200306726177035,0.48490629366612636,-0.0033129279831594083,-0.03657669921994038
F_esters_ethac,27,106,106,0.2370213463642927,0.0010202031977090149,0.10202031977090148,0.0006614782001329358,0.01366254448571428,0.5005628463773261,4.1154026275691535e-07,0.0006415140394598199,0.48494487139414033,-0.003472575623966634,-0.012035711152855781
F_esters_ethac,27,100,100,0.28021897028297404,0.0012061373117931349,0.12061373117931348,0.010928017163209626,0.013662544485714271,0.5005297127322601,0.00013279265910282056,0.0115235697204815,0.4849993146605085,-0.0036979018193843416,-0.04953290524019163
F_esters_ethac,27,7,7,6.841401450017579,0.029447219599333545,2.9447219599333545,0.0036702398573593884,0.013662544485714283,0.5004714124817502,0.0003657023638043988,0.019123346041020166,0.48506730731305875,-0.003979340841056445,0.03453953183908293
F_esters_ethac,27,95,95,0.3314330796148968,0.0014265765207913924,0.14265765207913925,-0.012124721300016192,0.013662544485714278,0.5005145563412052,0.00019334510412005734,0.013904859011158713,0.4851241340891965,-0.004214591703483261,0.02326043681938491
F_esters_ethac,27,1,1,33.276548823089044,0.14323115634427935,14.323115634427936,0.00523152840426775,0.013662544485714273,0.49965761111531765,0.0036140091809310215,0.06011662982013468,0.48522248826348696,-0.004621822357371741,0.006217878877596451
F_esters_ethac,27,121,121,0.14879044304209832,0.0006404338179177515,0.06404338179177514,-0.03088127371853507,0.01366254448571429,0.5004220045656185,0.000563065922870587,0.023729010153620497,0.48522594588626716,-0.004636139977674647,-0.03466772740003458
F_esters_ethac,27,72,72,0.595701772926808,0.002564059579202587,0.2564059579202587,-0.018323980315636666,0.013662544485714277,0.5003642588197332,0.0007937108617976918,0.028172874574627544,0.4852985363968499,-0.004936752531334632,-0.023741965099479703
F_esters_isoaa,28,3,3,13.545194736908474,0.05830213690097895,5.830213690097895,-0.011121218367839329,0.08517232282857143,0.5785546365576735,0.004951725750764968,0.07036849970523046,0.4876388544479197,0.1511577310907971,0.42717300808980485
F_esters_isoaa,28,159,159,0.027246133929988876,0.00011727463955023039,0.011727463955023039,-0.0157438116942311,0.0851723228285714,0.579986611508759,1.9961411798385953e-05,0.004467819579876035,0.48867966239831434,0.14753035555181182,0.4299653193913036
F_esters_isoaa,28,108,108,0.22725266854960544,0.0009781561985808618,0.09781561985808618,0.01994115796686742,0.08517232282857143,0.5799149366770807,0.0002671015037262192,0.016343240306801662,0.4890597775160887,0.14620366795365292,0.42783156296568764
F_esters_isoaa,28,138,138,0.07647388584471335,0.00032916403554681805,0.032916403554681804,0.051887124439335686,0.08517232282857143,0.5798158951327246,0.0006085537710744937,0.024668882647461556,0.48919371811410184,0.14573593923673323,0.4313003661318076
F_esters_isoaa,28,102,102,0.26521662980912314,0.001141563230347246,0.1141563230347246,-0.030027462080162493,0.08517232282857143,0.57978739092106,0.0007068131162898394,0.02658595712570297,0.48947084297468907,0.1447677957175445,0.42875740559012826
F_esters_isoaa,28,53,53,0.9326341188083077,0.004014306411197168,0.40143064111971677,-0.022145163676285284,0.08517232282857143,0.5796002298438311,0.0013518723393283194,0.03676781662443803,0.4900818025670293,0.1426314542890792,0.42463449733140746
F_esters_isoaa,28,107,107,0.23481237184582068,0.0010106951812287642,0.10106951812287643,0.028501019403495864,0.08517232282857143,0.5798288836561215,0.0005637783012013564,0.02374401611356497,0.49083674432407365,0.13998796967819216,0.4335574128989779
F_esters_isoaa,28,73,73,0.580678617484791,0.002499395904572755,0.24993959045727548,-0.05137247353460095,0.08517232282857147,0.5786773319206132,0.00452963681688634,0.06730257659916282,0.4927219184089598,0.13336912603939022,0.4263955451282178
F_esters_isoaa,28,83,83,0.45547229144159773,0.001960474426984242,0.1960474426984242,0.06492711419609593,0.08517232282857143,0.5783442737220256,0.005675194577032139,0.07533388730864712,0.49382693051198295,0.12947763511609933,0.417803047391664
F_esters_isoaa,28,17,17,2.835193416915173,0.012203429920673841,1.220342992067384,-0.01473269396211918,0.08517232282857144,0.5794646802766434,0.0018189200926823634,0.0426487994283808,0.49407131009935423,0.12861583304794955,0.41135461433246956
F_esters_isoaa,28,6,6,7.286404531681817,0.03136263175046718,3.1362631750467185,-0.00971845240665181,0.08517232282857143,0.5794022162820973,0.0020341084176718205,0.045101091091807044,0.49434525281093095,0.12764927006801707,0.43826047103725635
F_esters_isoaa,28,41,41,1.2769491345747037,0.005496330226740839,0.5496330226740839,0.015297905533396593,0.08517232282857143,0.579736192450405,0.0008832916832529625,0.029720223472457598,0.49575206838442537,0.12267710605865523,0.41762232547956096
F_esters_isoaa,28,34,34,1.580582615961668,0.006803249849779349,0.6803249849779349,0.03500272868353559,0.08517232282857143,0.5783301259280089,0.005723841485485215,0.07565607368536237,0.4958247947702659,0.1224196822075243,0.4117487214325048
F_esters_isoaa,28,78,78,0.5116066105971625,0.002202091533553649,0.2202091533553649,-0.06000487257147834,0.08517232282857146,0.5784112962326987,0.005444722834206384,0.07378836516827282,0.4959893836436414,0.12183696052549853,0.39502345543493184
F_esters_isoaa,28,95,95,0.3314330796148968,0.0014265765207913924,0.14265765207913925,-0.04210802630281226,0.08517232282857141,0.5794884667637914,0.0017369695974912558,0.04167696723000644,0.49634189011878416,0.12058827185804966,0.42313461085237736
F_esters_isoaa,28,67,67,0.6634921720629949,0.002855847568063354,0.2855847568063354,0.03487802898182647,0.08517232282857143,0.5793001584661029,0.002385647456885631,0.048843090165196244,0.49691151474517636,0.11856860745023712,0.43009310681485535
F_esters_isoaa,28,70,70,0.6176096514738066,0.002658356941408592,0.26583569414085917,-0.041360700648143386,0.08517232282857144,0.5790860664006178,0.0031228882379543688,0.055882808071483735,0.49749133842994014,0.11651040208444596,0.39890852171686164
F_esters_isoaa,28,62,62,0.7555738382193433,0.003252191659868045,0.3252191659868045,-0.02240778075114094,0.08517232282857143,0.579667121810427,0.0011213500290981893,0.03348656490442207,0.4981520575684157,0.1141621154996173,0.4284182645794011
F_esters_isoaa,28,69,69,0.6285796789101241,0.0027055748702625,0.27055748702625004,0.011580391772271364,0.08517232282857143,0.5799201411298993,0.0002491571959672978,0.015784713997008735,0.49890200068883295,0.11149293819292982,0.4139855901720231
F_esters_isoaa,28,80,80,0.49253109656412436,0.002119985424914227,0.21199854249142272,0.020015354918305982,0.08517232282857144,0.5798232461891197,0.0005832125221895135,0.024149793419187143,0.4989732008494359,0.11123931579984736,0.4208327195148211
F_esters_isoaa,28,91,91,0.3719439901607688,0.0016009463027328078,0.16009463027328077,-0.013826456334490497,0.08517232282857143,0.579931449242479,0.00021016767136328163,0.014497160803518759,0.4992969120293953,0.1100857664981082,0.4191200626602188
F_esters_isoaa,28,156,156,0.03232959381014046,0.00013915520897871215,0.013915520897871216,-0.09018227184084968,0.08517232282857147,0.5797669836706941,0.0007771577553126185,0.0278775493060711,0.49979497075664464,0.1083094662446219,0.42676342075693785
F_esters_isoaa,28,22,22,2.3276533586627237,0.010018841914837696,1.0018841914837695,-0.05968176898535763,0.08517232282857147,0.5728417415900239,0.02450576545237837,0.15654317440367124,0.49985931095852953,0.10807987113010864,0.42173572662768194
F_esters_isoaa,28,65,65,0.688020226856627,0.0029614228688448502,0.296142286884485,-0.03649161849064304,0.08517232282857143,0.5792065484234153,0.00270803361717753,0.05203877032730147,0.5020926635350973,0.10009193491550361,0.42687291990104714
F_esters_isoaa,28,52,52,0.9382035888706446,0.004038278898292941,0.40382788982929413,0.013386273516305383,0.08517232282857141,0.5798482785825997,0.0004969161052078563,0.02229161513232773,0.5021105068473869,0.10002797211689918,0.4169913847215147
F_esters_isoaa,28,57,57,0.844587434595947,0.003635329959670866,0.3635329959670866,-0.00810017242421017,0.08517232282857143,0.5799448984972391,0.00016379465918092695,0.0127982287517008,0.5027899204098212,0.0975907919478105,0.42114437727926374
F_esters_isoaa,28,135,135,0.08574241440702901,0.00036905825867218417,0.03690582586721842,-0.17263086243222903,0.0851723228285716,0.5777980101451805,0.007552646926163864,0.08690596599868072,0.5044334722124213,0.09168144357681618,0.3512583167125242
F_esters_isoaa,28,93,93,0.3431824800366267,0.0014771490791929012,0.14771490791929012,0.0826307493660741,0.08517232282857137,0.577980431105744,0.006925881947631662,0.08322188382649978,0.5048358310577036,0.09023183413051361,0.36352931630827445
F_esters_isoaa,28,116,116,0.17743592046448228,0.0007637316057098308,0.07637316057098309,-0.010955041978656831,0.08517232282857143,0.5799741472242698,6.294137549789358e-05,0.007933560077147725,0.5053395355187881,0.08841546980314974,0.4197520220115055
F_esters_isoaa,28,66,66,0.6772016658621743,0.0029148568920227165,0.29148568920227164,0.03358941959991256,0.08517232282857143,0.5793371196536966,0.0022583414756973674,0.047522010434084994,0.5057343770694314,0.086990399970299,0.40789237783632204
F_esters_flower,29,20,20,2.5174618342412147,0.01083582830322749,1.083582830322749,0.02111384209027559,-0.007167828314285702,0.3926998403138975,0.007183829657439578,0.08475747552540386,0.430638425584194,0.12004087571705035,0.3550888465299902
F_esters_flower,29,22,22,2.3276533586627237,0.010018841914837696,1.0018841914837695,-0.022324722574442228,-0.007167828314285697,0.39265196317928197,0.007425898998872138,0.08617365606072441,0.43360362031008026,0.1078811003822101,0.3401428452474852
F_esters_flower,29,40,40,1.318496380950985,0.0056751606749652775,0.5675160674965277,-0.051752920190648304,-0.007167828314285747,0.3896380206019025,0.022605142789941524,0.15035006747567972,0.4336734044318404,0.1075939222281781,0.3282114689895676
F_esters_flower,29,87,87,0.3998731018481733,0.0017211606610162558,0.17211606610162558,-0.011904240614092636,-0.007167828314285712,0.39404654449586723,0.00036273058538749403,0.01904548727093168,0.4341546573628227,0.1056121943563304,0.3257179530039721
F_esters_flower,29,82,82,0.46528172948362084,0.0020026968690204086,0.20026968690204086,-0.03780762478496499,-0.0071678283142856975,0.39327819784939017,0.00425729142402731,0.06524792275641582,0.43453982767013505,0.1040245369077556,0.32503068715569405
F_esters_flower,29,162,162,0.01963327539417405,8.450686255006269e-05,0.008450686255006268,0.0236868259201799,-0.007167828314285709,0.39410413497494745,7.051233352806108e-05,0.008397162230653746,0.43487356999525173,0.10264772518076892,0.32338532765098965
F_esters_flower,29,42,42,1.255720404848894,0.005404956102503587,0.5404956102503587,0.023025405644565955,-0.0071678283142857175,0.3932773597036914,0.004261535628682367,0.06528043833095944,0.43513311259150966,0.10157628439599975,0.3345850053651002
F_esters_flower,29,155,155,0.033398694014980086,0.0001437569018826601,0.014375690188266009,-0.00807661193326473,-0.00716782831428572,0.39411528213623337,1.3945898817535607e-05,0.00373442081416363,0.43553679638607723,0.09990853116212162,0.32263213115285005
F_esters_flower,29,77,77,0.5255443044155779,0.0022620830913620414,0.22620830913620416,-0.008989172128975173,-0.007167828314285712,0.39406445889259484,0.00027183621796633695,0.016487456382538217,0.4357108714001045,0.09918889163718636,0.31575681170359804
F_esters_flower,29,98,98,0.30721620015604656,0.0013223406017848383,0.13223406017848383,0.014791479889664684,-0.007167828314285717,0.3940332355558053,0.0004302550340327116,0.020742589858372976,0.4359145755016923,0.09834639802777312,0.3161801348337355
F_esters_flower,29,94,94,0.3391832803770697,0.001459935455426348,0.1459935455426348,-0.03221821499676601,-0.0071678283142857235,0.3936736680310112,0.0022536993477499934,0.04747314343657721,0.43729154598467945,0.09264109990107416,0.3085483650535369
F_esters_flower,29,97,97,0.3149723405638439,0.0013557251022414056,0.13557251022414055,-0.03793740709540732,-0.007167828314285738,0.39354579057813793,0.0029017921384094647,0.05386828508880839,0.437305551668319,0.09258297673208316,0.3236334227404146
F_esters_flower,29,48,48,1.072255482517128,0.004615274062040328,0.46152740620403276,0.009342396961293492,-0.0071678283142857105,0.39399996158783723,0.0005990643850024568,0.024475791815630484,0.4379469339982933,0.08991926462552002,0.3044532839452331
F_esters_flower,29,46,46,1.1263267668504144,0.0048480113155713565,0.48480113155713567,0.017965206152977906,-0.007167828314285702,0.3936592163945693,0.0023269519084848644,0.04823848990676216,0.4383955629013968,0.0880537525559939,0.30484813717511605
F_esters_flower,29,21,21,2.355795283146291,0.010139972276251194,1.0139972276251195,0.007777605021838787,-0.007167828314285715,0.39393823295913344,0.0009121954643332986,0.030202573803126114,0.4387041674155422,0.08676938835285686,0.3131070542955487
F_esters_flower,29,128,128,0.11746449163774712,0.0005055985539880766,0.050559855398807654,0.033257202511979035,-0.007167828314285659,0.39395411359046584,0.0008316424051630911,0.02883821085232171,0.4395905254828011,0.08307547757680023,0.2883746479041184
F_esters_flower,29,25,25,2.0619953390939854,0.008875378825042756,0.8875378825042756,-0.026919307984664805,-0.00716782831428569,0.39222867957368385,0.009564759493480013,0.09779958841160799,0.43963355659786657,0.08289595498241642,0.30858706780210327
F_esters_flower,29,117,117,0.17107781921176593,0.0007363646392788439,0.0736364639278844,-0.04146553713774486,-0.007167828314285723,0.39374681338114936,0.0018828984108393287,0.04339237733564752,0.43970350056318297,0.08260411649450827,0.32064307871943365
F_esters_flower,29,45,45,1.1359518750886102,0.004889440352886039,0.4889440352886039,-0.005811699845209202,-0.007167828314285709,0.39406963003317547,0.00024559802936152675,0.015671567546405613,0.44027810746389434,0.08020483406589207,0.3193749230568062
F_esters_flower,29,119,119,0.15928142335834425,0.0006855897999839676,0.06855897999839676,0.03834077236928832,-0.007167828314285724,0.39382256631606555,0.0014988060418497096,0.03871441646014318,0.4403181712339389,0.08003743015448705,0.3250338247931537
F_esters_flower,29,49,49,1.0562361022533222,0.004546322369624689,0.45463223696246885,0.014937765014102076,-0.0071678283142857175,0.39382062340574797,0.0015086581613182881,0.03884144901156825,0.4411158220374983,0.0767013264436236,0.32293018927483375
F_esters_flower,29,73,73,0.580678617484791,0.002499395904572755,0.24993959045727548,-0.027366544254837876,-0.007167828314285687,0.3935690797733318,0.002783776382942027,0.05276150474486197,0.44123488707341074,0.07620282958354085,0.2808020555997596
F_esters_flower,29,78,78,0.5116066105971625,0.002202091533553649,0.2202091533553649,-0.01777255415677113,-0.007167828314285702,0.39391413694561517,0.0010344141014795305,0.03216230870879018,0.4415451693416951,0.07490311972982788,0.3333119581892268
F_esters_flower,29,142,142,0.06277937688081028,0.00027021921032185497,0.027021921032185498,0.013517708236064303,-0.007167828314285706,0.3941035597284898,7.34313867670755e-05,0.008569211560407434,0.4415540298574489,0.07486599139826056,0.31885060368654583
F_esters_flower,29,84,84,0.45053788384121485,0.0019392354183889022,0.1939235418388902,-0.022207289341555286,-0.007167828314285697,0.3938376601309625,0.0014222665933893985,0.03771294994281738,0.4437744051579784,0.06553843805269888,0.3071598952161899
F_esters_flower,29,11,11,4.383314666606854,0.01886695737760278,1.886695737760278,0.022729194373225896,-0.00716782831428572,0.3912511598262487,0.014495370693988763,0.12039672210649491,0.44437754203248386,0.06299664555097217,0.30750047307846123
F_esters_flower,29,60,60,0.7889342692592156,0.0033957838676834506,0.33957838676834506,-0.0462560910955303,-0.007167828314285705,0.3919829631795564,0.010805311032639264,0.1039485980311367,0.44494142168835554,0.060617171790143254,0.2784173783267903
F_esters_flower,29,79,79,0.5067088423753145,0.002181010230632151,0.2181010230632151,-0.014344031302290049,-0.007167828314285712,0.39398649925466256,0.0006673590034126375,0.02583329253913629,0.4450144358193003,0.060308844243694204,0.3208704895918354
F_esters_flower,29,50,50,1.0296691782332121,0.004431971230985253,0.4431971230985253,-0.01309833653702176,-0.007167828314285712,0.39389513151092764,0.0011308072765785493,0.03362747799907919,0.44524194655193966,0.05934777666738178,0.3756629053171767
F_esters_flower,29,31,31,1.7669514553930887,0.007605431125254109,0.760543112525411,-0.033708167048454,-0.007167828314285725,0.3915773390189772,0.01285149007971187,0.11336441275687797,0.4457156121932319,0.05734530748765709,0.25129250822924687
F_esters_fruity,30,2,2,18.993376531507604,0.08175256688886388,8.175256688886389,-0.026362226118898303,0.019569688302857116,0.4469794084626766,0.06164124698270468,0.2482765534292447,0.5560733668534392,0.11979057711163166,0.4038119484286639
F_esters_fruity,30,113,113,0.1983147237529515,0.0008535995530739284,0.08535995530739283,-0.03808528096313583,0.01956968830285713,0.46111703945911575,0.0013433041707463511,0.03665111418151689,0.5633630659492357,0.09656155846966341,0.3141996319484962
F_esters_fruity,30,22,22,2.3276533586627237,0.010018841914837696,1.0018841914837695,-0.04514520801668562,0.019569688302857168,0.45628727288203036,0.022153721789400005,0.1488412637322067,0.5647093338638314,0.09223850813210799,0.31697694448068203
F_esters_fruity,30,83,83,0.45547229144159773,0.001960474426984242,0.1960474426984242,0.05027967207350391,0.01956968830285714,0.46018480928493544,0.005377147022509576,0.07332903260312257,0.566085115088284,0.0878100262770719,0.3014477370247857
F_esters_fruity,30,32,32,1.7130806714526785,0.007373556878979988,0.7373556878979988,-0.016071886919077284,0.019569688302857116,0.4609500666185955,0.0020664106304505436,0.04545778954646221,0.5662259380247304,0.08735612545828475,0.29967427831599813
F_esters_fruity,30,80,80,0.49253109656412436,0.002119985424914227,0.21199854249142272,0.01960340919010826,0.019569688302857147,0.4612230898432091,0.0008838975742980759,0.029730414970168022,0.566385181202978,0.08684271645394315,0.3204082755124172
F_esters_fruity,30,156,156,0.03232959381014046,0.00013915520897871215,0.013915520897871216,-0.05148406384938806,0.019569688302857158,0.4613347268154807,0.00040017593177676947,0.02000439781090347,0.5672331270463356,0.08410646005435896,0.2922001630060425
F_esters_fruity,30,35,35,1.49915077242777,0.006452745439763313,0.6452745439763313,-0.02690986192200727,0.019569688302857165,0.4602559515759079,0.005069595723380171,0.07120109355466817,0.5674461897918108,0.08341827936669788,0.29462731439134493
F_esters_fruity,30,60,60,0.7889342692592156,0.0033957838676834506,0.33957838676834506,-0.03368515582348624,0.01956968830285714,0.460461565599119,0.004180449857713153,0.06465639842825316,0.5679497869689519,0.08179066145157077,0.2959574681393766
F_esters_fruity,30,51,51,0.9645910051163866,0.0041518573875139455,0.41518573875139453,-0.005537473553952343,0.019569688302857137,0.46139519369894244,0.0001381247847408451,0.011752650115657882,0.5686442723367745,0.07954372750713823,0.29632963017921377
F_esters_fruity,30,111,111,0.2147939504540835,0.0009245305474090419,0.09245305474090419,0.033872507118251564,0.019569688302857123,0.46116146706534766,0.0011508581753826297,0.03392430066166066,0.5688794876541937,0.07878209074145892,0.2932694330999187
F_esters_fruity,30,16,16,2.9944844126721613,0.012889060922818947,1.2889060922818947,-0.027646316415404094,0.019569688302857123,0.4589545417028272,0.01068812886794479,0.1033834071209929,0.569199945838454,0.0777439272165027,0.2938422698362852
F_esters_fruity,30,38,38,1.4046655562384334,0.0060460558264808254,0.6046055826480825,-0.03519884279027408,0.019569688302857158,0.459548208482155,0.008127084603496981,0.09015034444469501,0.5696476129309774,0.07629267602370038,0.2939006286385722
F_esters_fruity,30,136,136,0.0823057492772276,0.00035426593380921706,0.0354265933809217,-0.06679624927886717,0.019569688302857168,0.4610312411017378,0.0017149023785096862,0.041411379818956956,0.5696838246305928,0.07617523473353338,0.28325809481436026
F_esters_fruity,30,14,14,3.320519093480101,0.01429240129290136,1.429240129290136,-0.005411700981967348,0.019569688302857133,0.4613222765965425,0.0004541283789031292,0.021310288099957376,0.5704475184718206,0.07369669436564419,0.3002156315865641
F_esters_fruity,30,41,41,1.2769491345747037,0.005496330226740839,0.5496330226740839,0.013203197839058035,0.019569688302857133,0.46118716610872673,0.0010395297817655802,0.032241739744713484,0.570827431745493,0.07246246300849313,0.29521334447892944
F_esters_fruity,30,73,73,0.580678617484791,0.002499395904572755,0.24993959045727548,-0.037932769876574984,0.01956968830285717,0.4605259737624423,0.0039018450888903544,0.062464750771059716,0.5725882427066858,0.06673135361864346,0.2729227529981087
F_esters_fruity,30,171,171,0.008967459446091938,3.8598341215089595e-05,0.0038598341215089595,-0.10386066132754779,0.01956968830285696,0.46132283060495305,0.00045172764006939925,0.021253885293506275,0.5732924353335659,0.06443439752694358,0.34342824047425513
F_esters_fruity,30,150,150,0.04610350886314025,0.00019844181922539026,0.019844181922539027,0.016238882276541654,0.019569688302857147,0.46141396328512724,5.677423918981628e-05,0.00753486822646115,0.5733960225249796,0.06409627560991171,0.27485099542726105
F_esters_fruity,30,25,25,2.0619953390939854,0.008875378825042756,0.8875378825042756,-0.03571066676377155,0.019569688302857168,0.45858521189464396,0.012279725922553886,0.1108139247682981,0.5738257640669342,0.06269289152468427,0.25760235370190665
F_esters_fruity,30,96,96,0.32453806198654195,0.0013968985228363213,0.13968985228363212,-0.02114142053564109,0.019569688302857154,0.4612707524474182,0.0006773904113318574,0.026026724944410072,0.5740778363968526,0.06186922310096643,0.293509981527329
F_esters_fruity,30,141,141,0.06592910925723788,0.00028377649995694223,0.028377649995694223,0.0232023663363095,0.019569688302857158,0.4613888202931866,0.0001657474453345964,0.01287429397422515,0.5741355100821016,0.06168071842957179,0.2920203676253548
F_esters_fruity,30,10,10,4.832061176185845,0.020798482242580997,2.0798482242581,0.017963365613491333,0.019569688302857133,0.4597440829798341,0.007281366960456892,0.08533092616664374,0.5745117939132655,0.06045038144819537,0.2639311682475661
F_esters_fruity,30,126,126,0.12786343418962204,0.0005503583809275011,0.0550358380927501,-0.01799011773586845,0.01956968830285712,0.46138247451732484,0.0001932499774944807,0.013901437964996884,0.5747596157434232,0.059639636994650025,0.2824871179860836
F_esters_fruity,30,78,78,0.5116066105971625,0.002202091533553649,0.2202091533553649,-0.055649250772713245,0.019569688302857168,0.45971689520980874,0.007398775792237355,0.08601613681302811,0.5748517954551647,0.0593379835874025,0.260840201242714
F_esters_fruity,30,3,3,13.545194736908474,0.05830213690097895,5.830213690097895,-0.002981724917786763,0.019569688302857137,0.46129729644503426,0.00056237431698547,0.023714432672648795,0.5757063847292339,0.056539080600322644,0.322233048122277
F_esters_fruity,30,19,19,2.642787236139327,0.011375262315108048,1.1375262315108048,0.019737127656991506,0.019569688302857154,0.4603165298104279,0.00480767583486974,0.069337405740839,0.5767610028282931,0.05307932287027861,0.296402209428493
F_esters_fruity,30,89,89,0.3941755864867702,0.0016966370327445393,0.16966370327445393,-0.019978354835689868,0.019569688302857133,0.4612575240384186,0.0007347071112402404,0.027105481202895153,0.5782132014314254,0.048304908345148,0.26988164813575605
F_esters_fruity,30,118,118,0.16701208729417225,0.0007188646428988489,0.07188646428988489,-0.015624995676429141,0.019569688302857123,0.4613831294940152,0.00019041133226116447,0.01379896127471767,0.578218721939967,0.048286735581364204,0.26622636496818086
F_esters_fruity,30,67,67,0.6634921720629949,0.002855847568063354,0.2855847568063354,0.006404067795522393,0.019569688302857137,0.46139774370221726,0.00012707283562374272,0.01127265876462813,0.5782308119667605,0.048246936250341266,0.2995590945735492
acidity,31,2,2,18.993376531507604,0.08175256688886388,8.175256688886389,-0.08599673001967637,-0.002071440222857199,0.7528400044702104,0.19770072996909127,0.4446355023714272,0.8083205918777036,0.18015715460209847,0.4279128416582515
acidity,31,105,105,0.2424908328388066,0.001043745328731041,0.10437453287310411,-0.07307843767051724,-0.0020714402228570812,0.839727418524549,0.001822703605780962,0.04269313300498123,0.8886530744805782,0.009104579130975732,0.11980056803058636
acidity,31,56,56,0.8711000307818646,0.003749447256797635,0.3749447256797635,0.051792829708204924,-0.002071440222857091,0.839110468756742,0.0032888913555407795,0.05734885661929861,0.8916960841185219,0.002306725058796588,0.08606105518786797
acidity,31,86,86,0.41533279370058884,0.001787703304982126,0.1787703304982126,-0.015426350910912672,-0.0020714402228571363,0.8404352899296728,0.0001391120835433357,0.011794578565737193,0.8920352953578706,0.0015475131493334349,0.06151782728488095
acidity,31,94,94,0.3391832803770697,0.001459935455426348,0.1459935455426348,-0.015553437350180076,-0.002071440222857142,0.8404452193400557,0.00011548602250388562,0.010746442318459243,0.8923180641849957,0.0009144081845168239,0.05337012211448987
acidity,31,18,18,2.811988572614195,0.012103550071363508,1.210355007136351,0.020875976820532282,-0.002071440222857127,0.839768580974353,0.0017248422546319864,0.04153122024010386,0.8924680460628416,0.0005785249781932178,0.06272730794371026
acidity,31,50,50,1.0296691782332121,0.004431971230985253,0.4431971230985253,-0.020350089864685908,-0.0020714402228571363,0.8402414969391798,0.0006001676673746958,0.024498319684721857,0.8926698679098463,0.00012645748824724468,0.051418548310989964
acidity,31,91,91,0.3719439901607688,0.0016009463027328078,0.16009463027328077,-0.011066134510162765,-0.0020714402228571415,0.8404668117986052,6.410791536060056e-05,0.008006741869253386,0.8926758027280025,0.00011316234388691893,0.06058071892770386
acidity,31,90,90,0.37729773726772353,0.001623990260595767,0.1623990260595767,0.06413405242518308,-0.0020714402228571727,0.8395753243007524,0.002184257245587018,0.04673603797485656,0.8927345125158517,-1.836373609909181e-05,0.07578668201860865
acidity,31,21,21,2.355795283146291,0.010139972276251194,1.0139972276251195,0.0038436904209538233,-0.0020714402228571376,0.8404731666983161,4.8986517951377095e-05,0.0069990369302785765,0.8929163467647785,-0.00042577737158788764,0.04020715889518626
acidity,31,36,36,1.4487161870049226,0.006235661509928422,0.6235661509928423,-0.005407892739875247,-0.0020714402228571333,0.8404686927138051,5.9632315142832404e-05,0.007722196264215739,0.8929348416832851,-0.0004672213095668898,0.050112195233955
acidity,31,139,139,0.07169666485591748,0.00030860160012194534,0.030860160012194535,0.011957476271333789,-0.002071440222857137,0.8404876898410072,1.4428468271487915e-05,0.0037984823642384876,0.8930040675746911,-0.0006223522701926942,0.0405148650356233
acidity,31,15,15,3.0995750706419116,0.013341399190889116,1.3341399190889116,0.011985688438193136,-0.002071440222857129,0.840230336925658,0.0006267153720871388,0.02503428393398618,0.8931858258922721,-0.0010297187101975247,0.05658247282332196
acidity,31,47,47,1.1013439278573889,0.004740478502094882,0.47404785020948825,-0.0026065513024675995,-0.0020714402228571367,0.8404893274635038,1.0531681957082206e-05,0.00324525529924253,0.8933908294861155,-0.0014892831912267646,0.027357972796088773
acidity,31,83,83,0.45547229144159773,0.001960474426984242,0.1960474426984242,0.017002979006769357,-0.0020714402228571346,0.8404158638958189,0.0001853336242441106,0.013613729255577134,0.8934089874109122,-0.0015299935976713641,0.038954863255289025
acidity,31,70,70,0.6176096514738066,0.002658356941408592,0.26583569414085917,-0.00873868845568226,-0.0020714402228571333,0.840465856188506,6.638176670203944e-05,0.008147500641436795,0.8934650155193099,-0.0016556148783191116,0.025104188138947253
acidity,31,72,72,0.595701772926808,0.002564059579202587,0.2564059579202587,0.03967470022326727,-0.002071440222857127,0.8399389408299328,0.0013197705103513702,0.03632864586454358,0.8935754485263178,-0.0019032410880086559,0.02621594480015444
acidity,31,120,120,0.1515182600336935,0.0006521750710170109,0.06521750710170109,0.06051056473184754,-0.0020714402228571905,0.8401655380186169,0.0007808535806971273,0.0279437574548797,0.8936631527726229,-0.002099923933410741,0.026800990569476473
acidity,31,40,40,1.318496380950985,0.0056751606749652775,0.5675160674965277,0.01761059440919188,-0.0020714402228571246,0.8402518532042262,0.0005755316231597085,0.02399024016469491,0.8937434338570933,-0.0022799767462360343,0.035426308239354
acidity,31,28,28,1.9355425295858428,0.00833109214960882,0.833109214960882,0.0014091169828143327,-0.0020714402228571354,0.8404914801477373,5.409274691170474e-06,0.002325784747360688,0.8938182395219204,-0.0024477639542648255,0.004200109345884171
acidity,31,23,23,2.2519267539731596,0.009692894377027327,0.9692894377027327,-0.00010323954948190363,-0.0020714402228571363,0.8404937391847169,3.3782258546111166e-08,0.00018379950638618698,0.8938647499629653,-0.002552092773319359,-0.036729838475776815
acidity,31,1,1,33.276548823089044,0.14323115634427935,14.323115634427936,0.03008466523565553,-0.0020714402228571753,0.8224862788174735,0.04239072696584956,0.2058900846710437,0.893923738600427,-0.0026844195785089564,0.08320013836636292
acidity,31,74,74,0.5732858092185649,0.0024675752827218373,0.24675752827218372,-0.0015500054454582342,-0.0020714402228571354,0.8404929387062783,1.9385627301193864e-06,0.0013923227823020342,0.894073205591549,-0.0030197518803540824,-0.052952316547054304
acidity,31,89,89,0.3941755864867702,0.0016966370327445393,0.16966370327445393,-0.006570882511647139,-0.002071440222857137,0.8404836866974869,2.3954071742715577e-05,0.0048942897076929524,0.8941044046101871,-0.0030897545998900267,-0.0055732829314163925
acidity,31,43,43,1.2052848950466335,0.005187868193892744,0.5187868193892744,-0.0009117387790336661,-0.0020714402228571367,0.8404931607600626,1.4101742737970824e-06,0.001187507588961522,0.8941680989486325,-0.0032326761954757366,-0.02106452893969279
acidity,31,37,37,1.4348816047509763,0.006176113771840935,0.6176113771840935,-0.01648270849381347,-0.002071440222857137,0.8402631426457223,0.0005486753423433743,0.023423819977607747,0.8942694153587992,-0.003460037676990657,-0.0032683456201991388
acidity,31,142,142,0.06277937688081028,0.00027021921032185497,0.027021921032185498,-0.003111794736413769,-0.0020714402228571376,0.8404933938097501,8.556203473508717e-07,0.0009249974850935379,0.8944094258387787,-0.003774273895589042,-0.017813800797323087
acidity,31,29,29,1.8456280608235607,0.007944076254379703,0.7944076254379703,0.004377073798010471,-0.002071440222857138,0.840472838084417,4.976845305715294e-05,0.007054675971094222,0.894454691827014,-0.0038758783352061954,-0.12015804306482764
acidity,31,75,75,0.5611254707768586,0.002415233937295569,0.2415233937295569,-0.0033681568173610167,-0.0020714402228571354,0.8404899881449636,8.959562622035122e-06,0.0029932528497019434,0.8944980127677239,-0.003973121719239137,-0.01852454100791476
acidity,31,39,39,1.3819623178331806,0.005948335022955433,0.5948335022955432,-0.007459296395814276,-0.0020714402228571363,0.8404482702462852,0.0001082266334105908,0.010403203036117133,0.8945238922390286,-0.0040312161343887265,-0.07742341937645246
bitternes,32,2,2,18.993376531507604,0.08175256688886388,8.175256688886389,0.10739251128407298,-0.018129954937142794,0.5374146899839418,0.42991461773313744,0.6556787458299511,0.5717661015789335,0.44738230120168165,0.6717705051694035
bitternes,32,113,113,0.1983147237529515,0.0008535995530739284,0.08535995530739283,0.03743214910863709,-0.018129954937142867,0.7115757299650162,0.0005453515119644425,0.023352762405434678,0.7461823583597914,0.05880862929350428,0.24326829109351727
bitternes,32,42,42,1.255720404848894,0.005404956102503587,0.5404956102503587,-0.03943643163476855,-0.018129954937142867,0.7104044808052704,0.003832835779097765,0.061909900493362924,0.7473536830257069,0.05585142737834259,0.23659730056785164
bitternes,32,15,15,3.0995750706419116,0.013341399190889116,1.3341399190889116,-0.024048830623386388,-0.018129954937142888,0.7105166566637223,0.0035182129623723135,0.0593145257282937,0.7479883105029513,0.054247268482187194,0.23418464163384803
bitternes,32,107,107,0.23481237184582068,0.0010106951812287642,0.10106951812287643,-0.015226718144921937,-0.018129954937142877,0.7117318122713571,0.00010684781140246624,0.01033672150165733,0.749746749299671,0.04979531891493261,0.22544353184181776
bitternes,32,122,122,0.14542359022798954,0.0006259419839126821,0.06259419839126822,-0.007671295164467152,-0.018129954937142874,0.7117638613654292,1.67959389185679e-05,0.004098284875257194,0.7506520740801615,0.04749917499553302,0.22532694841148238
bitternes,32,51,51,0.9645910051163866,0.0041518573875139455,0.41518573875139453,0.009601842993972452,-0.018129954937142874,0.7117077214529366,0.00017453576993498032,0.013211198656258562,0.7511538251109472,0.04622540779392803,0.22271009211061393
bitternes,32,117,117,0.17107781921176593,0.0007363646392788439,0.0736364639278844,0.022200578225168566,-0.018129954937142867,0.7117109433450228,0.0001654833543290879,0.012864033361643702,0.751389173209174,0.04562764953532328,0.22946625189050052
bitternes,32,50,50,1.0296691782332121,0.004431971230985253,0.4431971230985253,0.07275959964936707,-0.018129954937142874,0.707952276218033,0.010698191122538225,0.10343206041909067,0.7515097921226331,0.04532121819543866,0.2250635939033839
bitternes,32,54,54,0.9190804381071087,0.00395596774843876,0.395596774843876,-0.03407864937216001,-0.018129954937142898,0.7110239269441744,0.0020948373512422735,0.04576939317101028,0.7516914012676109,0.04485974890165356,0.22901678598097577
bitternes,32,138,138,0.07647388584471335,0.00032916403554681805,0.032916403554681804,-0.04573730860786285,-0.018129954937142874,0.711658093301232,0.00031396873746081244,0.01771916300114183,0.7517860959219348,0.04461908531873704,0.21130638553505748
bitternes,32,72,72,0.595701772926808,0.002564059579202587,0.2564059579202587,-0.07761794983443233,-0.01812995493714289,0.7092587526733841,0.0070434472287279615,0.08392524786217904,0.7518279296990922,0.04451275639218122,0.24248764371333123
bitternes,32,60,60,0.7889342692592156,0.0033957838676834506,0.33957838676834506,0.03576402778953103,-0.018129954937142877,0.711064674252884,0.0019804583175401236,0.044502340584966764,0.7523151479679601,0.043273957819241704,0.20949232035778217
bitternes,32,20,20,2.5174618342412147,0.01083582830322749,1.083582830322749,-0.028876601577766788,-0.018129954937142888,0.7103021138333717,0.004119903982512274,0.06418647819060182,0.7525637540107745,0.042641544195734626,0.20769722062537863
bitternes,32,162,162,0.01963327539417405,8.450686255006269e-05,0.008450686255006268,-0.04325885222480983,-0.01812995493714288,0.711744176711775,7.210656061218401e-05,0.008491558196969364,0.7529537136770308,0.04164912884925542,0.2219870515105868
bitternes,32,22,22,2.3276533586627237,0.010018841914837696,1.0018841914837695,0.02209690260307719,-0.018129954937142888,0.710975574383898,0.0022305560719657613,0.0472287631848006,0.7530514323580084,0.04140036226976307,0.21334902090772168
bitternes,32,136,136,0.0823057492772276,0.00035426593380921706,0.0354265933809217,0.04840421928892714,-0.018129954937142895,0.7116351351714444,0.00037846755134207655,0.01945424250240478,0.7535692927082054,0.04008148440112336,0.20054832382849103
bitternes,32,38,38,1.4046655562384334,0.0060460558264808254,0.6046055826480825,0.03578965320952802,-0.018129954937142895,0.7105120334593226,0.0035311807765695535,0.059423739166849315,0.753576207547898,0.04006386767185488,0.21765568034113084
bitternes,32,5,5,9.45438705933399,0.040694207750751124,4.069420775075113,0.0031799699628680257,-0.018129954937142874,0.7117030595813977,0.00018763396311050062,0.013697954705383182,0.7538365750140772,0.03940041966600172,0.21247043309032476
bitternes,32,126,126,0.12786343418962204,0.0005503583809275011,0.0550358380927501,0.016259063788571535,-0.01812995493714286,0.7117462293406728,6.633908427322588e-05,0.008144880863061138,0.7555435134246391,0.035045256299280014,0.22763736822029143
bitternes,32,119,119,0.15928142335834425,0.0006855897999839676,0.06855897999839676,-0.08743189806932135,-0.018129954937142846,0.710918884483525,0.002389664759677723,0.0488841974433258,0.7557646668807984,0.034480274123710575,0.18969695471955142
bitternes,32,66,66,0.6772016658621743,0.0029148568920227165,0.29148568920227164,-0.042107701118721835,-0.018129954937142874,0.7109306903795207,0.0023565307920411227,0.0485441118163796,0.7561966059317052,0.03337631976198541,0.18642660029204342
bitternes,32,53,53,0.9326341188083077,0.004014306411197168,0.40143064111971677,0.02567585463175702,-0.01812995493714287,0.7113402689422514,0.0012066828866844626,0.03473734138768656,0.7562330635690032,0.033283112083522415,0.22864790474812483
bitternes,32,58,58,0.8337089469250283,0.0035885060424231266,0.3588506042423127,-0.009168110413552652,-0.01812995493714287,0.7117208912923688,0.00013753276362515887,0.011727436362020671,0.7566026530593742,0.0323379650728447,0.23195103948406146
bitternes,32,112,112,0.2049420656064698,0.0008821254029814654,0.08821254029814654,0.06642622189038189,-0.018129954937142874,0.7111379441921326,0.0017747707019925008,0.042128027511298106,0.7569173979647855,0.03153270740177483,0.17844938416590256
bitternes,32,93,93,0.3431824800366267,0.0014771490791929012,0.14771490791929012,-0.03557014407334532,-0.01812995493714285,0.7114664982176756,0.0008521742258559284,0.02919202332583743,0.7569625276376137,0.03141721814195164,0.23349448791379762
bitternes,32,49,49,1.0562361022533222,0.004546322369624689,0.45463223696246885,-0.014826795690290375,-0.01812995493714287,0.7116076403530456,0.00045570904827907377,0.021347342885691387,0.7573567035957443,0.030408207951534316,0.21000086171887447
bitternes,32,83,83,0.45547229144159773,0.001960474426984242,0.1960474426984242,-0.018481212498099465,-0.018129954937142877,0.7116611718163736,0.00030531976608105804,0.01747340167458102,0.7574460970245145,0.030179305904005305,0.20576841186575426
bitternes,32,74,74,0.5732858092185649,0.0024675752827218373,0.24675752827218372,-0.03778068708358391,-0.018129954937142853,0.7111980614039048,0.0016059903562380962,0.040074809497216646,0.7575602646635957,0.02988692738671017,0.1874483596220356
bitternes,32,59,59,0.8213598636507362,0.0035353522888120735,0.35353522888120736,0.012270540665233132,-0.018129954937142867,0.7116834556985001,0.00024271292992217308,0.015579246770061358,0.7582541192461896,0.028109047292215972,0.20325680193147935
sweetness,33,2,2,18.993376531507604,0.08175256688886388,8.175256688886389,-0.04123522762838544,0.032562485845714265,0.6667946818210062,0.06735679958288832,0.25953188548401523,0.5950629520929862,0.16644828231724618,0.43990936469101094
sweetness,33,130,130,0.1079222956184087,0.00046452639301430084,0.046452639301430086,-0.12468652763523463,0.03256248584571442,0.6892442425603945,0.0034993929208315677,0.05915566685306961,0.6086162631307962,0.12804548215435207,0.3669057193486604
sweetness,33,93,93,0.3431824800366267,0.0014771490791929012,0.14771490791929012,0.1221740552159841,0.03256248584571421,0.6867551494946716,0.01068379534159114,0.10336244647642089,0.6099922899512635,0.12409820294818352,0.36456500543551207
sweetness,33,4,4,11.331805194940767,0.048775116980078984,4.877511698007899,0.03856043806396583,0.03256248584571428,0.6782129563916879,0.0351419204422313,0.18746178395137256,0.6209500598397528,0.09234652978302427,0.35431014234250835
sweetness,33,22,22,2.3276533586627237,0.010018841914837696,1.0018841914837695,-0.04039180845649307,0.03256248584571432,0.6877136142139307,0.007920404720009766,0.08899665566755632,0.6210368912580239,0.09209266605495092,0.31183348790715504
sweetness,33,164,164,0.017524364135174095,7.542954507162131e-05,0.007542954507162131,-0.04548911661289862,0.032562485845714244,0.6904272748197888,7.563098349527841e-05,0.008696607585441008,0.6217869684365939,0.08989823338547032,0.31860630607913576
sweetness,33,135,135,0.08574241440702901,0.00036905825867218417,0.03690582586721842,-0.12741283193880085,0.03256248584571442,0.6894504232555216,0.002903116867352229,0.053880579686488815,0.6240432382626577,0.0832813022014891,0.29557252390629796
sweetness,33,134,134,0.09004704839363732,0.0003875865533826318,0.03875865533826318,-0.010302070000617062,0.03256248584571429,0.6904465038955009,1.9932462149263586e-05,0.0044645786082138745,0.6262421941342231,0.07680939306925516,0.28503477715174663
sweetness,33,42,42,1.255720404848894,0.005404956102503587,0.5404956102503587,0.060243355160445586,0.03256248584571428,0.6871641585865986,0.009505035144971696,0.09749376977515688,0.6263330985814534,0.0765413554837735,0.313428599231261
sweetness,33,33,33,1.5941900888196798,0.006861820048351867,0.6861820048351867,0.008041061563117404,0.03256248584571429,0.6903791623939807,0.00021498559053945154,0.01466238693185028,0.6280532451968494,0.0714620596474479,0.28224885190343724
sweetness,33,118,118,0.16701208729417225,0.0007188646428988489,0.07188646428988489,-0.036901291389455255,0.03256248584571426,0.6902896170206563,0.0004743222601826247,0.021778940749778975,0.6283954176618274,0.07045002231603703,0.2736042180184984
sweetness,33,30,30,1.7954555031501611,0.007728120161982139,0.7728120161982139,0.020009234479003764,0.032562485845714285,0.6899356051058022,0.0014992638405015857,0.038720328517476976,0.6287387554472547,0.06943398429586045,0.28131522585061164
sweetness,33,40,40,1.318496380950985,0.0056751606749652775,0.5675160674965277,-0.04483497742292445,0.032562485845714265,0.6885423832472406,0.005527838242116667,0.07434943336782274,0.6287724532178356,0.06933423272125239,0.278655761968452
sweetness,33,54,54,0.9190804381071087,0.00395596774843876,0.395596774843876,0.019002052376182285,0.032562485845714306,0.6902143968955606,0.0006921448907936112,0.026308646692548215,0.6288349499361819,0.06914921683319175,0.2786965403095799
sweetness,33,142,142,0.06277937688081028,0.00027021921032185497,0.027021921032185498,0.025071648054401298,0.032562485845714306,0.6904249707442764,8.23048143029359e-05,0.009072200080618492,0.6289961730813084,0.06867184537256721,0.2802727771907436
sweetness,33,26,26,2.0190904580673434,0.008690704754575576,0.8690704754575576,-0.019642393957212817,0.0325624858457143,0.6898922493644507,0.0016247520139920368,0.040308212736261194,0.6290786371228738,0.06842762729489449,0.2702619207231206
sweetness,33,53,53,0.9326341188083077,0.004014306411197168,0.40143064111971677,-0.01183367423879184,0.03256248584571429,0.6903593420476933,0.0002723911491783193,0.016504276693576774,0.6293145292370296,0.06772885367713699,0.27792208374542215
sweetness,33,156,156,0.03232959381014046,0.00013915520897871215,0.013915520897871216,-0.04471954341568607,0.03256248584571431,0.6904068312067714,0.00013484580581379912,0.01161231268151929,0.6294409070778888,0.06735438196502097,0.266403462976432
sweetness,33,49,49,1.0562361022533222,0.004546322369624689,0.45463223696246885,0.04929462869901165,0.03256248584571428,0.6886028837397583,0.005353067014184587,0.07316465686507535,0.6295535161496816,0.06702064530831231,0.2862983100999144
sweetness,33,145,145,0.05839559224245817,0.00025135023006030225,0.025135023006030224,0.07678173297634751,0.032562485845714285,0.6902054599276907,0.0007180230075500837,0.026795951327576728,0.6303329458645573,0.06470903249061122,0.285408554381977
sweetness,33,162,162,0.01963327539417405,8.450686255006269e-05,0.008450686255006268,0.02031644933069901,0.03256248584571429,0.6904475501989277,1.690171796175921e-05,0.004111169901805921,0.6310159456024179,0.06268105797702161,0.2775430844577521
sweetness,33,50,50,1.0296691782332121,0.004431971230985253,0.4431971230985253,-0.04502004836007028,0.03256248584571429,0.6889491011957132,0.00435263350172399,0.06597449129567978,0.6314293480788671,0.0614525093032704,0.25526074810555127
sweetness,33,60,60,0.7889342692592156,0.0033957838676834506,0.33957838676834506,-0.05458336556750483,0.0325624858457143,0.6887588853192246,0.00490234549515578,0.07001675153243997,0.6317766202008861,0.06041986485235107,0.2673565330319337
sweetness,33,38,38,1.4046655562384334,0.0060460558264808254,0.6046055826480825,-0.03706729650998107,0.03256248584571431,0.6890623461690905,0.0040252905208226775,0.06344517728576743,0.6317873227449314,0.06038803086978661,0.273649256749359
sweetness,33,111,111,0.2147939504540835,0.0009245305474090419,0.09245305474090419,0.04156797237672956,0.03256248584571428,0.6901861025791869,0.0007740735007848443,0.02782217642070171,0.6320747325511492,0.05953294843922696,0.2856214411327292
sweetness,33,10,10,4.832061176185845,0.020798482242580997,2.0798482242581,0.01636843532501823,0.03256248584571429,0.6895205883177812,0.002700158329675517,0.0519630477327435,0.6321045143869386,0.059444321276308276,0.28993450071129706
sweetness,33,18,18,2.811988572614195,0.012103550071363508,1.210355007136351,-0.04937883050222663,0.03256248584571427,0.6854988490961028,0.014300052247953832,0.11958282589048308,0.6337419434060407,0.054565103086798517,0.2814754643627827
sweetness,33,17,17,2.835193416915173,0.012203429920673841,1.220342992067384,-0.005574714482964007,0.03256248584571429,0.6903899405359099,0.00018376822626620104,0.013556113980998484,0.6339661574286779,0.053896006581017675,0.27155724344690774
sweetness,33,72,72,0.595701772926808,0.002564059579202587,0.2564059579202587,0.07526693401837879,0.03256248584571431,0.688019217958016,0.007038495168626091,0.0838957398717358,0.6341542222009304,0.053334603669908054,0.27042662823123875
sweetness,33,104,104,0.2557123180814165,0.001100654133485874,0.1100654133485874,0.007507428581554347,0.03256248584571429,0.6904430078525428,3.0059139314753125e-05,0.005482621573182781,0.6366142671941216,0.045975647548119114,0.2765206571587418
X4vg,34,2,2,18.993376531507604,0.08175256688886388,8.175256688886389,0.03364904447121192,-0.02166274601142856,0.6656444471258699,0.04603687243086685,0.21456204797416314,0.5431468043124636,0.09535282388287514,0.3155208339295786
X4vg,34,29,29,1.8456280608235607,0.007944076254379703,0.7944076254379703,-0.11405093563895204,-0.02166274601142854,0.6637733132126966,0.051392536255297716,0.22669921979419763,0.5591777296789677,0.0411636113168643,0.20493600991263497
X4vg,34,50,50,1.0296691782332121,0.004431971230985253,0.4431971230985253,0.018356958299812223,-0.021662746011428584,0.681263572417492,0.0007427750668823618,0.027253900030685372,0.5667474603422543,0.015027875148669101,0.12761704366451984
X4vg,34,70,70,0.6176096514738066,0.002658356941408592,0.26583569414085917,0.02068170802194894,-0.02166274601142859,0.6813239946288201,0.0005655161875431913,0.023780584255723592,0.5670866501218131,0.013848540521057218,0.11935668172544062
X4vg,34,34,34,1.580582615961668,0.006803249849779349,0.6803249849779349,-0.010207941527035073,-0.021662746011428584,0.6813965727256531,0.00035257515853448496,0.018776984809457744,0.5675447690461775,0.012254579076023897,0.12311397015368143
X4vg,34,4,4,11.331805194940767,0.048775116980078984,4.877511698007899,-0.005318231570259045,-0.02166274601142858,0.6812828894914013,0.0006861068400400017,0.026193641213851388,0.56789285891576,0.01104258794639823,0.11153295241006334
X4vg,34,109,109,0.22031063953247068,0.0009482758510488532,0.09482758510488531,-0.01847544199498493,-0.021662746011428594,0.6814618673241684,0.00016098421960686338,0.012687955690616358,0.5682213819707425,0.009898043582883598,0.11515473563957256
X4vg,34,121,121,0.14879044304209832,0.0006404338179177515,0.06404338179177514,-0.03280670852930688,-0.021662746011428573,0.6813998995087444,0.00034281397568847183,0.01851523631198535,0.568251411908865,0.009793388998943442,0.16718560571141589
X4vg,34,71,71,0.6014008530550752,0.0025885899426489316,0.25885899426489317,0.04482102910944964,-0.021662746011428598,0.6806348382096024,0.0025863413843556504,0.050856085027806315,0.5685431518587498,0.008776384985746177,0.12996217949478306
X4vg,34,69,69,0.6285796789101241,0.0027055748702625,0.27055748702625004,-0.003295729389285643,-0.021662746011428584,0.6815117457885036,1.4615766219860937e-05,0.0038230571824201796,0.5689336331374788,0.007414352289179749,0.09463670053244634
X4vg,34,161,161,0.023053169900403007,9.922700216871051e-05,0.009922700216871052,0.006683424945889124,-0.02166274601142858,0.6815159750890738,2.204382543391503e-06,0.0014847163174833112,0.568992691081497,0.007208271626274909,0.11150586137751045
X4vg,34,18,18,2.811988572614195,0.012103550071363508,1.210355007136351,0.009372859397438654,-0.02166274601142858,0.681336499244853,0.0005288297967663835,0.022996299632040456,0.5695030428234108,0.005426525662705073,0.12329337750410056
X4vg,34,12,12,3.702816177625989,0.015937910078093306,1.5937910078093305,-0.005981383457775274,-0.021662746011428584,0.6814200831357995,0.00028359175782322055,0.016840182832239977,0.5697126820760674,0.004694167800264659,0.09996457513100707
X4vg,34,32,32,1.7130806714526785,0.007373556878979988,0.7373556878979988,0.009836592781799427,-0.021662746011428573,0.6813958028328073,0.00035483411021342004,0.01883704090917059,0.5698204536385978,0.004317571618585814,0.09871196518984637
X4vg,34,40,40,1.318496380950985,0.0056751606749652775,0.5675160674965277,0.01550036403549079,-0.021662746011428573,0.6812856043667689,0.0006781424008311943,0.026041167424509674,0.570047412055991,0.0035242567765643162,0.06550403043206972
X4vg,34,67,67,0.6634921720629949,0.002855847568063354,0.2855847568063354,-0.011162439231206335,-0.021662746011428584,0.6814564178356,0.0001769751055604729,0.01330319907242444,0.5701455618623922,0.0031810841945367763,0.0964727977403047
X4vg,34,118,118,0.16701208729417225,0.0007188646428988489,0.07188646428988489,0.0019021951089437915,-0.02166274601142858,0.6815162854296912,1.2936481940117872e-06,0.0011373865632045295,0.5702958639542864,0.002655450999620723,0.12484511741594465
X4vg,34,146,146,0.05309748635837221,0.00022854576688575791,0.02285457668857579,0.004343197030742714,-0.021662746011428584,0.6815159956205303,2.1441303631464237e-06,0.0014642849324414612,0.5704365322308935,0.002163383459948265,0.0872242192548507
X4vg,34,119,119,0.15928142335834425,0.0006855897999839676,0.06855897999839676,-0.006288645941916377,-0.02166274601142858,0.6815121312507518,1.3484584767020635e-05,0.003672136267496611,0.5705704582188553,0.0016947881489054462,0.06593648589527315
X4vg,34,76,76,0.5379049081433639,0.0023152864320827534,0.23152864320827535,-0.005979959040504245,-0.02166274601142858,0.6815026945257321,4.1177510552548036e-05,0.006416970512075553,0.5707840100160851,0.0009473615508036604,0.09191202951274688
X4vg,34,81,81,0.4790883994775237,0.0020621244652835897,0.20621244652835896,0.01287448129138636,-0.02166274601142858,0.6814587969514995,0.00016999388432548113,0.01303817028288354,0.5710874852299949,-0.00011527618068596368,0.08013304633824127
X4vg,34,120,120,0.1515182600336935,0.0006521750710170109,0.06521750710170109,0.05219099603961625,-0.021662746011428632,0.6812155943348089,0.0008835157714311981,0.029723993194574035,0.5711518797599364,-0.0003408303581871053,0.045575894516400185
X4vg,34,147,147,0.050993323175666634,0.0002194888863961903,0.02194888863961903,-0.19217759080351215,-0.021662746011428688,0.6801415388728878,0.004031595633067209,0.0634948472954103,0.5714072589136276,-0.0012355951905111962,0.11888125864544159
X4vg,34,35,35,1.49915077242777,0.006452745439763313,0.6452745439763313,-0.00046963076260611163,-0.021662746011428584,0.6815164850591361,7.078097625790036e-07,0.0008413143068104917,0.5715528681831031,-0.0017459413813629698,-0.08981869895792473
X4vg,34,27,27,1.938381789063368,0.008343313080940655,0.8343313080940655,0.0008930892641790388,-0.021662746011428584,0.6815155984460488,3.309689254660242e-06,0.0018192551373283664,0.571722258772579,-0.002339802386541745,-0.10120833524102889
X4vg,34,154,154,0.037484871344509146,0.0001613449007778501,0.01613449007778501,-0.007899038834092476,-0.021662746011428584,0.6815150201305796,5.0068281347570576e-06,0.0022375942739639135,0.5717553530665442,-0.0024558471535287563,0.09326757971928182
X4vg,34,88,88,0.3987069396982124,0.0017161411875693,0.17161411875693,0.017460467693586775,-0.02166274601142858,0.6814280518061963,0.0002602098313874146,0.016131020779465675,0.5718705531407517,-0.002859847295904494,-0.024388405092959285
X4vg,34,59,59,0.8213598636507362,0.0035353522888120735,0.35353522888120736,0.018616551767939624,-0.021662746011428573,0.6813090423542074,0.000609382703325112,0.024685678101382474,0.5720046412457993,-0.003330189196807831,0.08185378866762424
X4vg,34,22,22,2.3276533586627237,0.010018841914837696,1.0018841914837695,0.015707262542378822,-0.021662746011428594,0.6810976842722424,0.0012293554520531602,0.03506216553570554,0.5721731675192889,-0.0039214865195393855,0.058376358382046606
X4vg,34,39,39,1.3819623178331806,0.005948335022955433,0.5948335022955432,-0.0223811400755942,-0.021662746011428584,0.6810115693605616,0.0014818995746750385,0.038495448752745826,0.5724689982802499,-0.004959870179504611,-0.02161338741261527
diacetyl,35,149,149,0.047843986858062536,0.00020593330150409103,0.020593330150409102,0.11063590972857944,0.027680564239999993,0.5463920219214365,0.0019465961759617123,0.04412024678038096,0.4380484660985998,-0.06965798078775043,0.07799048533431276
diacetyl,35,105,105,0.2424908328388066,0.001043745328731041,0.10437453287310411,0.029997321399648405,0.02768056423999998,0.5467262242233839,0.0007252981313509155,0.02693135962685613,0.4395322843009456,-0.076916840294599,0.09715351319876653
diacetyl,35,100,100,0.28021897028297404,0.0012061373117931349,0.12061373117931348,0.017772655323020147,0.02768056423999999,0.5468441404453108,0.0002942106913469411,0.017152570983592883,0.43965811968645363,-0.07753355787847815,0.09707130416645839
diacetyl,35,31,31,1.7669514553930887,0.007605431125254109,0.760543112525411,0.0063782397695925745,0.027680564240000007,0.5468592578553975,0.00023893654589024482,0.015457572444934543,0.4406521966133394,-0.08241172183534817,0.024031710695601626
diacetyl,35,90,90,0.37729773726772353,0.001623990260595767,0.1623990260595767,0.029672522511599134,0.027680564239999986,0.5466225602574525,0.0011042042580466926,0.03322956903191111,0.440827259964862,-0.08327193887659345,0.06271320985574344
diacetyl,35,66,66,0.6772016658621743,0.0029148568920227165,0.29148568920227164,0.01969099308358258,0.027680564240000004,0.5466858747568338,0.0008727895503319871,0.02954301186967877,0.440990077043367,-0.08407228749350626,0.0957189217592842
diacetyl,35,1,1,33.276548823089044,0.14323115634427935,14.323115634427936,-0.004924814441010856,0.02768056424000001,0.5461904881919447,0.0026827135483805664,0.05179491817138702,0.4413287080606638,-0.08573781906304356,-0.03629257263596478
diacetyl,35,145,145,0.05839559224245817,0.00025135023006030225,0.025135023006030224,0.01238606409239093,0.027680564240000004,0.5469164585354581,2.9778512098954657e-05,0.005456969131210932,0.44133459325038965,-0.08576677623508044,0.07726625452436335
diacetyl,35,14,14,3.320519093480101,0.01429240129290136,1.429240129290136,0.00044905274092364825,0.027680564240000004,0.5469239932646762,2.2256504945694644e-06,0.0014918614194232677,0.4413741545139125,-0.08596144137771544,-0.04240698774904337
diacetyl,35,7,7,6.841401450017579,0.029447219599333545,2.9447219599333545,-0.0008848755406232647,0.027680564240000004,0.5469197326121937,1.780597411060736e-05,0.0042197125625591655,0.44140440069823045,-0.08611028251402919,0.03697657886460827
diacetyl,35,71,71,0.6014008530550752,0.0025885899426489316,0.25885899426489317,0.0121204494241734,0.02768056424,0.5468442886614466,0.00029366877258740764,0.017136766689994965,0.44157858425183105,-0.08696763633823323,0.007303504535988581
diacetyl,35,37,37,1.4348816047509763,0.006176113771840935,0.6176113771840935,-0.025922671314559026,0.027680564240000004,0.5460474441168472,0.003205028202160065,0.05661296849803913,0.44159629519380067,-0.08705483081497167,-0.026641364788887848
diacetyl,35,10,10,4.832061176185845,0.020798482242580997,2.0798482242581,-0.003632335590252872,0.027680564240000004,0.5468666482041954,0.0002119144820128538,0.014557282782616587,0.44162324908333095,-0.08718753686504854,-0.020706851048865348
diacetyl,35,89,89,0.3941755864867702,0.0016966370327445393,0.16966370327445393,-0.0041317612957849316,0.027680564240000004,0.5469184852083347,2.2367448677451662e-05,0.004729423715164644,0.4416888349979843,-0.0875104794813244,0.024291294427903332
diacetyl,35,98,98,0.30721620015604656,0.0013223406017848383,0.13223406017848383,-0.001745842970702515,0.027680564240000004,0.5469237507417195,3.112509971203714e-06,0.0017642307023642875,0.44170589016468953,-0.0875944663478565,-0.04673342673741999
diacetyl,35,124,124,0.14106358290343565,0.0006071753475620976,0.060717534756209765,0.001880332566652677,0.027680564240000004,0.5469241485417699,1.6578320337634622e-06,0.0012875682637463336,0.4418733786371403,-0.08841942284492599,-0.04183819280691584
diacetyl,35,93,93,0.3431824800366267,0.0014771490791929012,0.14771490791929012,-0.020084718599269982,0.027680564240000018,0.5467987498372989,0.00046016426748385353,0.021451439753169595,0.44196362796567473,-0.08886407128090923,-0.024892578849198294
diacetyl,35,34,34,1.580582615961668,0.006803249849779349,0.6803249849779349,-0.004614876175356739,0.027680564240000004,0.5468940031807236,0.00011189059603267104,0.01057783512977342,0.4421209880213751,-0.08963958403044403,-0.05375765887191336
diacetyl,35,2,2,18.993376531507604,0.08175256688886388,8.175256688886389,-0.010364461506942414,0.027680564239999997,0.545066850379913,0.006781908790654767,0.08235234538648427,0.44221580933659715,-0.09010702231482992,0.02907726696053985
diacetyl,35,18,18,2.811988572614195,0.012103550071363508,1.210355007136351,-0.016050767389555774,0.027680564239999997,0.54626570026556,0.0024080274549381775,0.04907165632967994,0.4423860823062692,-0.09094666436849175,0.013735803400555807
diacetyl,35,88,88,0.3987069396982124,0.0017161411875693,0.17161411875693,-0.05389533318430373,0.027680564239999997,0.5458708741202358,0.003849571566781229,0.06204491572063872,0.44242930931981156,-0.09115987482931409,-0.014138780230893695
diacetyl,35,39,39,1.3819623178331806,0.005948335022955433,0.5948335022955432,0.01984266642196183,0.027680564240000004,0.546429782730685,0.001808641722154225,0.04252812859925007,0.4424854402860656,-0.0914367631008488,-0.04656806787070981
diacetyl,35,11,11,4.383314666606854,0.01886695737760278,1.886695737760278,-0.002719667039826565,0.027680564240000004,0.5468951305777134,0.00010776814451562977,0.01038114369980365,0.442564257704124,-0.09182562059224786,-0.056345365584364364
diacetyl,35,36,36,1.4487161870049226,0.006235661509928422,0.6235661509928423,0.006309136057530259,0.02768056424,0.5468721818192808,0.00019168113832257472,0.013844895749795666,0.4426297213280368,-0.09214864779926901,-0.060085650584186565
diacetyl,35,130,130,0.1079222956184087,0.00046452639301430084,0.046452639301430086,-0.03653328295524009,0.02768056424000004,0.5467936552702691,0.0004787897635046834,0.02188126512578118,0.44262995453871784,-0.09214979865193329,0.09729557597205528
diacetyl,35,29,29,1.8456280608235607,0.007944076254379703,0.7944076254379703,0.048214700121344226,0.027680564239999986,0.5430106668137544,0.014261309508337594,0.11942072478568184,0.4426842969045761,-0.09241798496227127,0.06507287998436975
diacetyl,35,72,72,0.595701772926808,0.002564059579202587,0.2564059579202587,0.02092771331584231,0.027680564240000007,0.5466873987860313,0.0008672188881527765,0.029448580409806746,0.44324137253312407,-0.09516912091464036,-0.009294981942729739
diacetyl,35,55,55,0.9084065093222412,0.003910024307286826,0.39100243072868257,0.008959985947896607,0.027680564240000004,0.5468583077840121,0.00024241035945327116,0.01556953305187509,0.4433291258645487,-0.09560280900533602,0.06519560279807755
diacetyl,35,97,97,0.3149723405638439,0.0013557251022414056,0.13557251022414055,-0.008156453035097478,0.027680564239999997,0.5469055544657165,6.96516450738871e-05,0.008345756111585417,0.4433857951864665,-0.09588292160272327,0.02954691459660531
diacetyl,35,35,35,1.49915077242777,0.006452745439763313,0.6452745439763313,0.007447968277563111,0.027680564239999997,0.5468490048707214,0.00027642494394941597,0.016626032116819133,0.4437374169116285,-0.09762176412213064,-0.05165928344049429
dms,36,88,88,0.3987069396982124,0.0017161411875693,0.17161411875693,-0.073260478639078,-0.0045933055771428715,0.4982141996776948,0.008498953873051884,0.09218977097841291,0.486672992835039,0.03447761949100392,0.24156260761210535
dms,36,49,49,1.0562361022533222,0.004546322369624689,0.45463223696246885,-0.010963920171684932,-0.004593305577142859,0.5002187699959139,0.0005042720657711941,0.022456002889462662,0.49110034043849277,0.01683066922107157,0.16943953964148759
dms,36,20,20,2.5174618342412147,0.01083582830322749,1.083582830322749,-0.019237692509612013,-0.004593305577142872,0.4994183610217918,0.003700334855770704,0.06083037773819074,0.49142019849509205,0.01554955815018877,0.1636175101727495
dms,36,125,125,0.13713763992531633,0.0005902770401238105,0.05902770401238105,-0.0124803484556106,-0.004593305577142865,0.5003237167088077,8.483640707646067e-05,0.009210668112393301,0.49165053500064354,0.01462648654191212,0.1490118029275215
dms,36,40,40,1.318496380950985,0.0056751606749652775,0.5675160674965277,0.015703391719050858,-0.004593305577142852,0.5000217807178549,0.0012913323898993134,0.035935113606324426,0.492748516989336,0.010220387501454153,0.15373312332051908
dms,36,39,39,1.3819623178331806,0.005948335022955433,0.5948335022955432,0.03584591195169275,-0.004593305577142863,0.4985774592319522,0.00705257384909086,0.08397960376836162,0.4928502581814448,0.009811612028851835,0.16396391677752517
dms,36,93,93,0.3431824800366267,0.0014771490791929012,0.14771490791929012,-0.09660387574281848,-0.004593305577142797,0.4971525681838618,0.012719978682556587,0.1127828829324584,0.49356117560253077,0.006952934902718422,0.18605135260789454
dms,36,65,65,0.688020226856627,0.0029614228688448502,0.296142286884485,0.0056607121220277525,-0.004593305577142863,0.5003230348188897,8.756196887427237e-05,0.009357455256346191,0.49360368703926155,0.006781861173119297,0.12703937316432257
dms,36,69,69,0.6285796789101241,0.0027055748702625,0.27055748702625004,-0.010227218988828893,-0.004593305577142865,0.5002796104661495,0.0002611244998982354,0.016159347137133136,0.49361841831920816,0.006722576393984991,0.14108183994160012
dms,36,12,12,3.702816177625989,0.015937910078093306,1.5937910078093305,-0.0031501160576052362,-0.004593305577142862,0.5003084308113732,0.00014593431883158647,0.012080327761773618,0.49362013052966314,0.006715685634337998,0.1283735932301336
dms,36,2,2,18.993376531507604,0.08175256688886388,8.175256688886389,0.010711143356481944,-0.004593305577142855,0.49817509816802263,0.008654580374274357,0.09302999717442892,0.4937255938127423,0.006291204504245029,0.14119349208474566
dms,36,82,82,0.46528172948362084,0.0020026968690204086,0.20026968690204086,0.019495690762062617,-0.004593305577142871,0.5001691966022838,0.0007023691501530926,0.02650224802074885,0.4937668528602263,0.006125115518827773,0.12394484400249213
dms,36,102,102,0.26521662980912314,0.001141563230347246,0.1141563230347246,0.017277453486742755,-0.004593305577142864,0.5002662714538095,0.00031443609259451666,0.017732345941658078,0.49376829599772987,0.006119305893465765,0.1357760136014092
dms,36,8,8,5.894338989064857,0.025370809748850587,2.5370809748850585,-0.0042075622262597884,-0.004593305577142861,0.5002412470662625,0.00041444640595722504,0.02035795682177748,0.49392224358782466,0.005499462979077441,0.1184543540566394
dms,36,16,16,2.9944844126721613,0.012889060922818947,1.2889060922818947,0.0037939995294566796,-0.004593305577142861,0.500302111010143,0.00017119409322596812,0.013084116065905703,0.4944658917092953,0.003309013366897373,0.13592810097555239
dms,36,53,53,0.9326341188083077,0.004014306411197168,0.40143064111971677,0.002945073993323351,-0.004593305577142862,0.5003369034311109,3.212742322822315e-05,0.005668105788388024,0.49456250180130823,0.002919502922262951,0.1307929537270762
dms,36,30,30,1.7954555031501611,0.007728120161982139,0.7728120161982139,-0.003546326899653782,-0.004593305577142861,0.5003225044701157,8.968180752888522e-05,0.009470047915882093,0.49472266844614693,0.0022735789108292437,0.11258988321651718
dms,36,70,70,0.6176096514738066,0.002658356941408592,0.26583569414085917,0.009712222372967975,-0.004593305577142866,0.500287052948633,0.0002313787566842196,0.01521113923032193,0.4950298991634119,0.001033985885275368,0.11312492446729978
dms,36,64,64,0.7082874418610284,0.0030486583768415316,0.30486583768415315,0.012045641944252165,-0.00459330557714287,0.5002428174478197,0.00040817050131625177,0.02020322997236638,0.49514643711264694,0.0005635853939056634,0.11909028290446513
dms,36,100,100,0.28021897028297404,0.0012061373117931349,0.12061373117931348,-0.0443603332183578,-0.004593305577142829,0.49979674370453353,0.002190076606022995,0.046798254305296334,0.4951750920536291,0.0004479039792113504,0.11638198434596204
dms,36,28,28,1.9355425295858428,0.00833109214960882,0.833109214960882,-0.01138127045749559,-0.004593305577142868,0.5000957661310508,0.0009957639054061218,0.031555726982693655,0.4954719866580364,-0.0007510682401967728,0.11426919491466997
dms,36,89,89,0.3941755864867702,0.0016966370327445393,0.16966370327445393,0.023363550125213205,-0.004593305577142859,0.5001311092875956,0.0008545541085932529,0.029232757457921338,0.49572127824592566,-0.001758356607423739,0.09671456380025863
dms,36,35,35,1.49915077242777,0.006452745439763313,0.6452745439763313,0.0028609037574357124,-0.004593305577142865,0.5003327490655083,4.8733093761632595e-05,0.0069809092360270985,0.49615792724145147,-0.0035239028751852253,0.12863522457264068
dms,36,38,38,1.4046655562384334,0.0060460558264808254,0.6046055826480825,0.013514123738110267,-0.004593305577142871,0.5000899814671038,0.0010188749603525782,0.03191982080702713,0.4962994651707269,-0.004096530849652558,0.09896160933500484
dms,36,36,36,1.4487161870049226,0.006235661509928422,0.6235661509928423,0.003454139537775915,-0.0045933055771428645,0.5003277664672131,6.864916233206841e-05,0.008285479004397802,0.4965453741675595,-0.005091807127987291,0.11723052570666462
dms,36,22,22,2.3276533586627237,0.010018841914837696,1.0018841914837695,0.02069507880979372,-0.004593305577142877,0.4993534364009023,0.003959356864572272,0.06292342063629688,0.49685831967540445,-0.006359115618899347,0.10931136000494861
dms,36,90,90,0.37729773726772353,0.001623990260595767,0.1623990260595767,0.018734300311858403,-0.004593305577142873,0.5002133493550767,0.0005259340997797457,0.02293325314428552,0.49701554587025526,-0.006996122357886714,0.06283681968024922
dms,36,18,18,2.811988572614195,0.012103550071363508,1.210355007136351,0.006951979299253679,-0.004593305577142859,0.500209888961305,0.0005397624467206041,0.023232788182238895,0.49711246168060236,-0.007388880134610476,0.08503616482981625
dms,36,25,25,2.0619953390939854,0.008875378825042756,0.8875378825042756,0.001844438899251329,-0.0045933055771428645,0.5003379709219872,2.786046745562043e-05,0.0052783015692331675,0.4972876143861134,-0.008098892399950985,0.12132518486741965
dms,36,10,10,4.832061176185845,0.020798482242580997,2.0798482242581,-0.0012080111435883165,-0.004593305577142863,0.5003379345875425,2.8005703008870952e-05,0.0052920414784089955,0.4975432573670769,-0.009135635083551419,0.07839893857451409
metallic,37,121,121,0.14879044304209832,0.0006404338179177515,0.06404338179177514,-0.09058856003067813,-0.02146745331999998,0.49677250107270915,0.004895382105295942,0.0699670072626781,0.4484983500361011,0.031107608393184383,0.1962843924154401
metallic,37,2,2,18.993376531507604,0.08175256688886388,8.175256688886389,0.014636636155584316,-0.021467453319999996,0.4939141997078961,0.016313591325720966,0.12772466999652418,0.4491287647945136,0.028381920150368334,0.18584257470247362
metallic,37,149,149,0.047843986858062536,0.00020593330150409103,0.020593330150409102,0.043941839541655016,-0.02146745332000001,0.49790069726263747,0.0003703809801429703,0.019245284620993685,0.45277405391530995,0.012545917349939928,0.16740201551810732
metallic,37,130,130,0.1079222956184087,0.00046452639301430084,0.046452639301430086,-0.03858352964388162,-0.02146745331999997,0.49783251506413806,0.0006441394978581316,0.02537990342491234,0.455690487389953,-0.00021594045810369167,0.10741401985682364
metallic,37,50,50,1.0296691782332121,0.004431971230985253,0.4431971230985253,-0.005454658693455082,-0.021467453320000007,0.4979623446573063,0.000122828096619787,0.011082783793785194,0.4560281368700826,-0.0016987342466312505,0.05347214266755646
metallic,37,42,42,1.255720404848894,0.005404956102503587,0.5404956102503587,0.014577403655508308,-0.02146745332000001,0.49772647210847254,0.0010698383391750665,0.032708383316436815,0.45626027156010607,-0.0027187950243614534,0.08811959268321179
metallic,37,27,27,1.938381789063368,0.008343313080940655,0.8343313080940655,0.004246620663148639,-0.021467453320000007,0.49795803144152406,0.00014014935541284412,0.011838469301929904,0.45633652840623945,-0.003054000903705445,0.03924987074811417
metallic,37,58,58,0.8337089469250283,0.0035885060424231266,0.3588506042423127,0.0004582199066938048,-0.021467453320000007,0.4979927546069995,7.018223810995039e-07,0.0008377483996017559,0.4564428514401265,-0.0035214636727665116,0.04420544823833881
metallic,37,29,29,1.8456280608235607,0.007944076254379703,0.7944076254379703,0.011894228568888563,-0.02146745332000001,0.49773220087634695,0.0010468430906881432,0.032354954654397,0.456456010640669,-0.0035793273483819554,0.027862384806092037
metallic,37,1,1,33.276548823089044,0.14323115634427935,14.323115634427936,0.0006668168481799624,-0.021467453320000007,0.4979781581550186,5.932206408842955e-05,0.007702081802234257,0.45651795931098305,-0.0038517506365558507,0.028637914758790874
metallic,37,143,143,0.06161447341898254,0.00026520515460489694,0.026520515460489693,0.0033289987264434936,-0.021467453320000007,0.49799224769751577,2.7376305942183876e-06,0.0016545786757580921,0.4565356992613118,-0.003929770025886681,0.033862288520246815
metallic,37,39,39,1.3819623178331806,0.005948335022955433,0.5948335022955432,-0.02350342030038079,-0.021467453320000007,0.49723023759255,0.0030607170410735796,0.0553237475328044,0.4567043518431631,-0.004671646825747278,0.02726331372561006
metallic,37,88,88,0.3987069396982124,0.0017161411875693,0.17161411875693,-0.043467941089030605,-0.02146745332000001,0.49724030501060573,0.0030203465833480436,0.054957679930540404,0.45675658610473613,-0.004901472893358072,0.024594513140773384
metallic,37,110,110,0.2193434475927778,0.0009441127985440527,0.09441127985440527,0.02648070339197625,-0.021467453320000017,0.497839358541121,0.0006166639287504827,0.024832718915781232,0.45679604940883045,-0.005075125323412921,0.025423449526190658
metallic,37,105,105,0.2424908328388066,0.001043745328731041,0.10437453287310411,-0.0609200292594699,-0.02146745331999996,0.49709370960985605,0.0036081150572420118,0.06006758740986666,0.4570958234791422,-0.006394726597543698,0.0444705134732246
metallic,37,37,37,1.4348816047509763,0.006176113771840935,0.6176113771840935,-0.013504267982992741,-0.021467453320000007,0.4977316349345542,0.001049114790281358,0.032390041529478865,0.4572654389458414,-0.007141755003766237,-0.04050603154333305
metallic,37,147,147,0.050993323175666634,0.0002194888863961903,0.02194888863961903,0.08626440868238384,-0.021467453319999958,0.49761396364467564,0.0015213931663965452,0.03900504026913141,0.45799933882505073,-0.010377225263054957,0.043594831405349456
metallic,37,31,31,1.7669514553930887,0.007605431125254109,0.760543112525411,0.006924396329367781,-0.021467453320000003,0.4979083463039408,0.0003396669561671617,0.018430055783069627,0.458309289556036,-0.011745232160936148,-0.09581178677074442
metallic,37,132,132,0.0994625974571709,0.00042811359202344425,0.042811359202344426,-0.014205809374906836,-0.021467453320000003,0.49797289116662846,8.047418894818748e-05,0.008970740713454821,0.4586235886666463,-0.013133376235717087,-0.04768980044748177
metallic,37,83,83,0.45547229144159773,0.001960474426984242,0.1960474426984242,-0.008390008379346378,-0.021467453320000007,0.4979609213437888,0.00012854393708872092,0.01133772186501902,0.458666116396817,-0.013321278740474396,-0.03388869787724629
metallic,37,59,59,0.8213598636507362,0.0035353522888120735,0.35353522888120736,-0.014112873452600849,-0.021467453320000014,0.49782958895316637,0.0006558872944190108,0.025610296648396425,0.45876798923885337,-0.013771459727913715,0.06552505583572443
metallic,37,18,18,2.811988572614195,0.012103550071363508,1.210355007136351,0.020633018422092548,-0.021467453319999996,0.4967964115694812,0.004799587679026662,0.06927905656853807,0.45896697390782737,-0.01465107090767992,-0.03359083129071799
metallic,37,100,100,0.28021897028297404,0.0012061373117931349,0.12061373117931348,0.12465003231511831,-0.0214674533200001,0.4936272870357597,0.017456097949371974,0.13212152719890788,0.4594698024427408,-0.016875522847964675,0.11225893093814351
metallic,37,160,160,0.024200727140449383,0.00010416639511288043,0.010416639511288043,0.00805022106902317,-0.021467453319999993,0.49799136367927793,6.287947038829955e-06,0.0025075779227684636,0.45977286039406734,-0.01821739055492433,-0.05658543845629014
metallic,37,62,62,0.7555738382193433,0.003252191659868045,0.3252191659868045,-0.012611042219692259,-0.021467453320000007,0.49787295478443494,0.00048177439840835223,0.02194935986328934,0.4598191693189784,-0.018422513263887108,0.03999853230297971
metallic,37,13,13,3.6372389055710395,0.015655647979452337,1.5655647979452336,-0.033850514394335146,-0.021467453320000045,0.4938147594011443,0.01670964485636095,0.12926579151639755,0.4599534678174497,-0.019017497539989492,0.1038845251909557
metallic,37,35,35,1.49915077242777,0.006452745439763313,0.6452745439763313,-0.011852901976477712,-0.021467453319999996,0.4977826268576578,0.0008444220103437372,0.029058940282531448,0.46006079859970694,-0.01949313133273689,0.02338943554067031
metallic,37,82,82,0.46528172948362084,0.0020026968690204086,0.20026968690204086,-0.02276075121053613,-0.021467453319999996,0.497752242613796,0.000966393564061585,0.031086871249155615,0.46022815495438985,-0.020234988441990343,0.045473898486410744
metallic,37,57,57,0.844587434595947,0.003635329959670866,0.3635329959670866,-0.006642619168278737,-0.021467453320000007,0.4979557246781742,0.00014941292611792,0.012223458026178533,0.4610518483886958,-0.023890188022398062,0.044393998163152766
metallic,37,87,87,0.3998731018481733,0.0017211606610162558,0.17211606610162558,0.0046279447801111295,-0.021467453320000007,0.49798437947311475,3.4337081143087644e-05,0.005859785076495665,0.4614557410467119,-0.025684879302004804,-0.03190887182999713
stale_hops,38,22,22,2.3276533586627237,0.010018841914837696,1.0018841914837695,0.007630292631756909,-0.03967075796571429,0.4303807693400447,0.0007269262668764265,0.02696157018565294,0.4606421945874907,0.008857946273991835,0.11307971510104918
stale_hops,38,40,40,1.318496380950985,0.0056751606749652775,0.5675160674965277,0.016677495534150957,-0.039670757965714266,0.4301136150774152,0.001967117390125672,0.044352197128497695,0.46151848359816483,0.00508342015332508,0.09263060705321786
stale_hops,38,42,42,1.255720404848894,0.005404956102503587,0.5404956102503587,-0.017418826151459767,-0.03967075796571427,0.43009710939664897,0.002043715272619706,0.045207469212726975,0.4616112562146553,0.0046833915755983835,0.1064953200263116
stale_hops,38,123,123,0.14130838831801498,0.0006082290554690068,0.06082290554690068,0.018396642699900424,-0.03967075796571426,0.43048205624421393,0.00025652799091180345,0.016016491217224357,0.46189358686112475,0.0034655082901374756,0.08870087860871075
stale_hops,38,89,89,0.3941755864867702,0.0016966370327445393,0.16966370327445393,0.005843431540780294,-0.03967075796571428,0.43052174032497587,7.219636183486422e-05,0.008496844227984553,0.4622827518367271,0.0017855555561955283,0.08466566555501809
stale_hops,38,1,1,33.276548823089044,0.14323115634427935,14.323115634427936,0.007602924004002286,-0.03967075796571429,0.4283104134611325,0.010317850881548796,0.10157682256080017,0.46236681620865966,0.00142247949619001,0.09408575964375321
stale_hops,38,102,102,0.26521662980912314,0.001141563230347246,0.1141563230347246,0.010990018896587597,-0.03967075796571428,0.43050029201422263,0.00017182537483317883,0.013108217835878276,0.46241394233433625,0.0012189117387427784,0.08413264358521719
stale_hops,38,131,131,0.10131086483205155,0.00043606902859064854,0.04360690285906486,-0.007284938436652569,-0.03967075796571427,0.43053107379426253,2.8840146643727138e-05,0.005370302286008761,0.46261040452480084,0.00037004285209574217,0.08005766035016565
stale_hops,38,73,73,0.580678617484791,0.002499395904572755,0.24993959045727548,0.0022562283885617534,-0.03967075796571428,0.4305338689209334,1.585592644559597e-05,0.003981950080716464,0.4626295606608084,0.0002872542087861696,0.09370155846440907
stale_hops,38,10,10,4.832061176185845,0.020798482242580997,2.0798482242581,-0.018954214174442797,-0.03967075796571427,0.42852805526744076,0.009311800458362773,0.09649767074060545,0.46280690916517647,-0.0004793701436107689,0.11791427097398627
stale_hops,38,116,116,0.17743592046448228,0.0007637316057098308,0.07637316057098309,0.0014681022647672804,-0.03967075796571428,0.43053684062251646,2.051369200728459e-06,0.0014322601720571568,0.4628310463929508,-0.0005837308508107597,0.07647012343240409
stale_hops,38,112,112,0.2049420656064698,0.0008821254029814654,0.08821254029814654,0.027855345002190213,-0.03967075796571428,0.43035362361703716,0.000852978063481058,0.029205788184549466,0.46287055471306715,-0.0007545623881266561,0.07257569710861636
stale_hops,38,95,95,0.3314330796148968,0.0014265765207913924,0.14265765207913925,0.026580120704574974,-0.03967075796571427,0.4302668137604569,0.0012560282847510207,0.03544048934129877,0.46293635045060827,-0.0010390914588436218,0.0933575334665479
stale_hops,38,151,151,0.04404679481995624,0.00018958917250890253,0.018958917250890252,0.009367983660312709,-0.039670757965714294,0.43053281868005727,2.073462714013985e-05,0.004553529086305829,0.46300315743714887,-0.0013280349844837502,0.06118736142616459
stale_hops,38,44,44,1.155571006972621,0.00497388633798976,0.49738863379897597,-0.0037315608908989194,-0.03967075796571428,0.4305187017132329,8.631124319491423e-05,0.009290384448154788,0.46315763228964113,-0.0019963060382732767,0.0406741830001574
stale_hops,38,9,9,5.4895726777211715,0.023628587406888897,2.36285874068889,-0.0023762768552075104,-0.03967075796571428,0.4305014873219351,0.00016627321141027274,0.012894697026680248,0.4633302315975166,-0.0027432486828429248,0.07391932660598774
stale_hops,38,28,28,1.9355425295858428,0.00833109214960882,0.833109214960882,-0.0072490775508805986,-0.03967075796571429,0.43041982008145047,0.0005455792944777382,0.02335763888918263,0.4633720007585814,-0.0029240511831398752,0.06551175004844643
stale_hops,38,37,37,1.4348816047509763,0.006176113771840935,0.6176113771840935,-0.007533526783310526,-0.03967075796571428,0.4304432383216664,0.0004368198956857805,0.020900236737538647,0.46338434363347236,-0.00297748182175539,0.03605513917224201
stale_hops,38,93,93,0.3431824800366267,0.0014771490791929012,0.14771490791929012,-0.04120788812467576,-0.03967075796571425,0.4298638466473691,0.003125902973557637,0.05590977529517607,0.46346558962299234,-0.0033292202557555495,0.07332216094870952
stale_hops,38,31,31,1.7669514553930887,0.007605431125254109,0.760543112525411,0.026814371269038198,-0.03967075796571427,0.4290677737504729,0.006814743658820066,0.08255146067041831,0.4634824568076185,-0.0034022511237574715,0.06570315707099725
stale_hops,38,18,18,2.811988572614195,0.012103550071363508,1.210355007136351,0.003966023571967337,-0.03967075796571428,0.43048620581173647,0.00023725414208775053,0.015403056258014297,0.46358993228377576,-0.0038676566061088824,0.018988672324246662
stale_hops,38,29,29,1.8456280608235607,0.007944076254379703,0.7944076254379703,0.004945662039746576,-0.03967075796571428,0.4304851519705396,0.00024214902543062689,0.015561138307670475,0.46366122474236465,-0.004176436807553419,0.01959593398963101
stale_hops,38,90,90,0.37729773726772353,0.001623990260595767,0.1623990260595767,-0.015708417258785662,-0.03967075796571427,0.4304297660624373,0.000499388719354843,0.02234700694398876,0.4637660953727302,-0.004630736281511227,0.03030627400268795
stale_hops,38,2,2,18.993376531507604,0.08175256688886388,8.175256688886389,0.0018816662020077269,-0.03967075796571428,0.4304596222951219,0.0003607256429365435,0.01899277870496948,0.46380061505607156,-0.004780297993309812,-0.0019881944349228894
stale_hops,38,137,137,0.0781993449662555,0.0003365908725820273,0.03365908725820273,0.000282324642763659,-0.03967075796571428,0.4305372750208778,3.343415599932342e-08,0.0001828500905336046,0.46384488220893433,-0.004972108371409156,-0.07461963888148267
stale_hops,38,135,135,0.08574241440702901,0.00036905825867218417,0.03690582586721842,0.03953021013710553,-0.039670757965714315,0.4303825422705186,0.0007186933463583234,0.026808456620215096,0.46417368724984415,-0.006397399571578921,0.04284702622994789
stale_hops,38,88,88,0.3987069396982124,0.0017161411875693,0.17161411875693,0.013602066704506496,-0.03967075796571428,0.430452094496769,0.0003956883511425646,0.01989191672871485,0.46420629596866286,-0.006538805616130627,-0.026488944193594682
stale_hops,38,72,72,0.595701772926808,0.002564059579202587,0.2564059579202587,0.001522379465740158,-0.03967075796571428,0.4305356880065823,7.405670705562528e-06,0.0027213361984889245,0.4642179197358755,-0.006589213890858092,-0.2657604879009168
stale_hops,38,54,54,0.9190804381071087,0.00395596774843876,0.395596774843876,0.000857455063789517,-0.03967075796571428,0.4305365019442781,3.624648783007167e-06,0.0019038510400127759,0.4643229895575518,-0.007044922788194796,-0.08759647601347584
stale_hops,38,77,77,0.5255443044155779,0.0022620830913620414,0.22620830913620416,-0.0005156857038345256,-0.03967075796571428,0.43053712083808177,7.496683693819506e-07,0.0008658339154369567,0.4644195575472539,-0.007463848486780389,-0.06688615510952205
t2n,39,29,29,1.8456280608235607,0.007944076254379703,0.7944076254379703,0.037310714303310615,-0.008028118714285737,0.4007164372770837,0.015660055807067974,0.12514014466616183,0.38542414259827806,0.008024431486061911,0.1860366140198427
t2n,39,80,80,0.49253109656412436,0.002119985424914227,0.21199854249142272,0.005506133371989132,-0.00802811871428572,0.4038730169064247,9.101418884804868e-05,0.009540135682897704,0.38881568639499237,-0.00951017745407623,0.11039353219898056
t2n,39,130,130,0.1079222956184087,0.00046452639301430084,0.046452639301430086,-0.014526153081104881,-0.00802811871428571,0.40386336589436117,0.0001388015773586826,0.011781408122924776,0.388943890936554,-0.010176020585113799,0.10123234983355142
t2n,39,147,147,0.050993323175666634,0.0002194888863961903,0.02194888863961903,-0.0839349653864217,-0.008028118714285768,0.4034489579604713,0.0021896824642779755,0.04679404304265672,0.3889973813361038,-0.01045389323379231,0.10288187970223461
t2n,39,83,83,0.45547229144159773,0.001960474426984242,0.1960474426984242,0.007323199711557373,-0.008028118714285723,0.4038613298064205,0.0001488832057934264,0.012201770600755987,0.3890367763717267,-0.010658567530921204,0.1060498271913636
t2n,39,100,100,0.28021897028297404,0.0012061373117931349,0.12061373117931348,0.02793152522888743,-0.008028118714285744,0.40362221390462083,0.001332504945090962,0.03650349223144217,0.38905068365648776,-0.010730826857426212,0.08155831335739414
t2n,39,73,73,0.580678617484791,0.002499395904572755,0.24993959045727548,-0.010274937380118166,-0.008028118714285715,0.40381593124048515,0.00037365964377367167,0.01933027790213436,0.3892105719277173,-0.011561758242959908,0.109789401536604
t2n,39,99,99,0.29370606768199287,0.00126418938223047,0.12641893822304698,-0.013978281223193747,-0.008028118714285711,0.4038207532864076,0.00034978602945934245,0.01870256745635608,0.38928781784972477,-0.011963323772649082,0.11095809255955431
t2n,39,74,74,0.5732858092185649,0.0024675752827218373,0.24675752827218372,0.011053382816756167,-0.008028118714285729,0.40380517396164345,0.00042691715651876905,0.020661973684009845,0.38941919762144905,-0.012646488973869108,0.09285149782042597
t2n,39,150,150,0.04610350886314025,0.00019844181922539026,0.019844181922539027,0.007613337244275122,-0.008028118714285718,0.4038881079561747,1.6287938082060194e-05,0.0040358317707841805,0.38944884465345575,-0.01280068325016881,0.10120851490898207
t2n,39,28,28,1.9355425295858428,0.00833109214960882,0.833109214960882,0.0015937554442875307,-0.008028118714285723,0.4038853457082216,2.996595167947813e-05,0.005474116520450006,0.38956528442544586,-0.013406400339859736,0.10370605166248725
t2n,39,64,64,0.7082874418610284,0.0030486583768415316,0.30486583768415315,-0.005633136378238549,-0.00802811871428572,0.40386373155592425,0.00013699100970121503,0.011704315857881458,0.38975154441346094,-0.014375697122936515,0.09180092966119421
t2n,39,38,38,1.4046655562384334,0.0060460558264808254,0.6046055826480825,-0.0013370236014082141,-0.008028118714285723,0.4038883064597093,1.53049908434566e-05,0.0039121593581444404,0.3897861072180946,-0.014555612887616753,0.11101279934956873
t2n,39,135,135,0.08574241440702901,0.00036905825867218417,0.03690582586721842,-0.016089865521876433,-0.008028118714285708,0.4038640740317841,0.00013529524421285188,0.011631648387605407,0.3898252964245814,-0.014759630564962212,0.0679610924227105
t2n,39,79,79,0.5067088423753145,0.002181010230632151,0.2181010230632151,-0.009558053210266513,-0.008028118714285723,0.40383441434055045,0.000282149551748212,0.0167973078720442,0.38992453585636694,-0.015276359409383211,0.07460444914840564
t2n,39,66,66,0.6772016658621743,0.0029148568920227165,0.29148568920227164,0.0019048287445505745,-0.008028118714285723,0.40388837278671014,1.4976553549872484e-05,0.003869955238749934,0.3899620193739001,-0.015471566198854703,0.12779791832525353
t2n,39,110,110,0.2193434475927778,0.0009441127985440527,0.09441127985440527,-0.006123848412930473,-0.008028118714285722,0.40388127223597464,5.01366743037579e-05,0.007080725549253237,0.39010252251709515,-0.016203445935889738,0.08204755583253034
t2n,39,46,46,1.1263267668504144,0.0048480113155713565,0.48480113155713567,0.006698724950176981,-0.00802811871428572,0.40382918172666743,0.0003080567227410347,0.0175515447394533,0.3901425641542302,-0.016412070774754373,0.10378967964728428
t2n,39,120,120,0.1515182600336935,0.0006521750710170109,0.06521750710170109,-0.004477668632488486,-0.00802811871428572,0.40388765797290405,1.8516157640036113e-05,0.00430304051108733,0.39049722117815017,-0.018260838678551217,-0.0030502322552260173
t2n,39,19,19,2.642787236139327,0.011375262315108048,1.1375262315108048,0.004786660050404099,-0.00802811871428572,0.40381685816515167,0.0003690705262874294,0.01921120835052902,0.39064824642129764,-0.019048618054687827,0.10319277313711603
t2n,39,70,70,0.6176096514738066,0.002658356941408592,0.26583569414085917,-0.012503887507411098,-0.00802811871428572,0.4037725238426177,0.0005885538210129715,0.024260128215098792,0.3906720581726515,-0.019172852949240315,0.06836046294393962
t2n,39,123,123,0.14130838831801498,0.0006082290554690068,0.06082290554690068,0.0018823158882935627,-0.008028118714285722,0.4038907809802148,3.051651622620888e-06,0.0017468977138335809,0.39092615342542025,-0.020499035331831728,-0.07419708059827172
t2n,39,1,1,33.276548823089044,0.14323115634427935,14.323115634427936,0.0027816042967144265,-0.008028118714285727,0.40357435578563616,0.001569318047208057,0.03961461910971824,0.39116258720543,-0.021733812826344234,0.007641312791507865
t2n,39,69,69,0.6285796789101241,0.0027055748702625,0.27055748702625004,-0.0008269325627678877,-0.008028118714285723,0.40389086817339764,2.619886748211897e-06,0.0016186064216110313,0.3911675381982228,-0.021759677410138956,-0.07707175748768513
t2n,39,138,138,0.07647388584471335,0.00032916403554681805,0.032916403554681804,-0.0019587925742597326,-0.008028118714285723,0.4038910360826103,1.7884304271964524e-06,0.0013373221104424657,0.3911750930035221,-0.021799145255570807,-0.10254103632014153
t2n,39,119,119,0.15928142335834425,0.0006855897999839676,0.06855897999839676,0.02386687065038784,-0.00802811871428573,0.40377970250302947,0.0005530164887916911,0.023516302617368076,0.39126325151746894,-0.022259759678299407,0.06810701058430624
t2n,39,57,57,0.844587434595947,0.003635329959670866,0.3635329959670866,0.0008055136062333451,-0.008028118714285723,0.40389072270917453,3.3401992248771606e-06,0.0018276211929267956,0.3914347131929807,-0.023155917322956077,-0.094518165275226
t2n,39,21,21,2.355795283146291,0.010139972276251194,1.0139972276251195,0.005471604647024994,-0.008028118714285725,0.40380457515588325,0.00042988170335722664,0.02073358877177907,0.3915045028850128,-0.023520790950669612,0.09074879817078399
t2n,39,128,128,0.11746449163774712,0.0005055985539880766,0.050559855398807654,0.019508767463032754,-0.008028118714285692,0.40383636560842456,0.00027248855224792923,0.016507227273161822,0.39193326696851427,-0.02576387759616039,0.09036757375789851
t2n,39,72,72,0.595701772926808,0.002564059579202587,0.2564059579202587,-0.046053248834487595,-0.008028118714285734,0.4023332641265202,0.007700721768188257,0.08775375643349036,0.39202277392772705,-0.026232444554346923,0.02769584416906437
orange,40,147,147,0.050993323175666634,0.0002194888863961903,0.02194888863961903,0.05195843733182945,0.028166158645714326,0.7135905930243276,0.0002687334448636669,0.016393091376051876,0.5971409995439443,0.014374680044102917,0.1752736017986945
orange,40,120,120,0.1515182600336935,0.0006521750710170109,0.06521750710170109,-0.07234686538690693,0.028166158645714364,0.7131338500895876,0.0015481058588363572,0.03934597639958055,0.5983831505534533,0.010269891209944815,0.11235166733808
orange,40,119,119,0.15928142335834425,0.0006855897999839676,0.06855897999839676,-0.028468812714871384,0.02816615864571431,0.7135965651139375,0.00025199973297951317,0.01587449945603313,0.5984541430946422,0.010035032913888853,0.11043607945096608
orange,40,149,149,0.047843986858062536,0.00020593330150409103,0.020593330150409102,-0.07898376499882272,0.028166158645714305,0.7134785542327773,0.0005826386196104982,0.024137908352017963,0.6018735792848021,-0.0013101737268761404,0.06274058182955987
orange,40,39,39,1.3819623178331806,0.005948335022955433,0.5948335022955432,-0.005616562688280227,0.028166158645714298,0.7136561268895387,8.51008042114243e-05,0.009225009713337923,0.602070845825925,-0.0019666483460532014,0.07507164187025969
orange,40,25,25,2.0619953390939854,0.008875378825042756,0.8875378825042756,-0.0017319068374231524,0.028166158645714298,0.7136821868251376,1.2073494114472894e-05,0.003474693384237766,0.6023066783916458,-0.002751747461898324,0.04478422096894505
orange,40,171,171,0.008967459446091938,3.8598341215089595e-05,0.0038598341215089595,0.01207507216388725,0.02816615864571432,0.7136855843832612,2.552378825182444e-06,0.0015976166077008513,0.6023260558879437,-0.0028162698440565848,0.01825701557593053
orange,40,40,40,1.318496380950985,0.0056751606749652775,0.5675160674965277,0.03930499316288264,0.028166158645714326,0.7122661939134001,0.003976222093548087,0.06305729215204404,0.602338512224921,-0.0028577475335069824,0.09370789058262097
orange,40,44,44,1.155571006972621,0.00497388633798976,0.49738863379897597,-0.0008466010329734468,0.028166158645714298,0.7136859182463453,1.616778282698128e-06,0.0012715259662371202,0.6023838788560661,-0.0030088187000789635,0.021216876388690062
orange,40,88,88,0.3987069396982124,0.0017161411875693,0.17161411875693,-0.0022150817203359643,0.028166158645714298,0.7136851324604468,3.818823118728609e-06,0.0019541809329031113,0.6024575912672572,-0.0032543057546012832,0.015484460314638165
orange,40,102,102,0.26521662980912314,0.001141563230347246,0.1141563230347246,-0.0002093090982896306,0.028166158645714298,0.7136864870892246,2.2681574951555206e-08,0.0001506040336251218,0.6025587496598596,-0.003591246029839512,-0.04501349861520644
orange,40,45,45,1.1359518750886102,0.004889440352886039,0.4889440352886039,0.004450725042818915,0.028166158645714295,0.7136708204570051,4.392560027366432e-05,0.006627639117637024,0.6026536988642962,-0.003907556093213582,0.041091627929218694
orange,40,23,23,2.2519267539731596,0.009692894377027327,0.9692894377027327,0.0011539557236861025,0.028166158645714298,0.7136844063346365,5.853677524370049e-06,0.0024194374396364735,0.6026853651298072,-0.004013058933328706,-0.047321162333567465
orange,40,110,110,0.2193434475927778,0.0009441127985440527,0.09441127985440527,-0.0055342929711468996,0.0281661586457143,0.7136818154173344,1.3114302556127555e-05,0.00362136749805046,0.6028590331345665,-0.004591769076386809,-0.031070161454477486
orange,40,72,72,0.595701772926808,0.002564059579202587,0.2564059579202587,-0.01603655425749534,0.028166158645714295,0.7135797723840777,0.00029905237134497664,0.017293130756025975,0.6028712846155917,-0.004632600718217583,-0.010981520933357004
orange,40,90,90,0.37729773726772353,0.001623990260595767,0.1623990260595767,0.004742227915311384,0.028166158645714295,0.7136805846782582,1.6563239738420776e-05,0.004069796031536904,0.6029888198597548,-0.0050243634423445815,-0.052686571356090346
orange,40,95,95,0.3314330796148968,0.0014265765207913924,0.14265765207913925,0.01250259801969794,0.0281661586457143,0.7136504056639558,0.00010113293945301915,0.0100564874311424,0.6029899879545803,-0.005028257262119418,0.013917604966159396
orange,40,111,111,0.2147939504540835,0.0009245305474090419,0.09245305474090419,0.0032890435807939964,0.028166158645714298,0.7136848765979621,4.535838088348676e-06,0.0021297507103881274,0.6031815547989638,-0.005666943404579294,-0.007764537180842283
orange,40,117,117,0.17107781921176593,0.0007363646392788439,0.0736364639278844,-0.0026861753680056995,0.028166158645714298,0.7136856353058245,2.409676110648462e-06,0.0015523131483737183,0.6033551890071397,-0.006246017201364751,-0.04443949201014615
orange,40,37,37,1.4348816047509763,0.006176113771840935,0.6176113771840935,-0.051112013536634734,0.028166158645714295,0.7110705270956251,0.007317425173869907,0.08554194978996968,0.6040850010929163,-0.008681778628207182,0.011623842702986529
orange,40,3,3,13.545194736908474,0.05830213690097895,5.830213690097895,0.005473895550888687,0.028166158645714295,0.7134037221199473,0.000792272364781299,0.028147333173523543,0.6043195419327252,-0.00946518823944631,0.07476805060214146
orange,40,73,73,0.580678617484791,0.002499395904572755,0.24993959045727548,0.017669910217882688,0.02816615864571428,0.7135601913076726,0.000353916460315018,0.01881266754915494,0.6045852366791898,-0.010353025018071005,0.05535546135719649
orange,40,54,54,0.9190804381071087,0.00395596774843876,0.395596774843876,-0.01000437368071418,0.02816615864571429,0.7136224145850706,0.00017956826005227633,0.01340030820735586,0.6046328656962662,-0.010512221816419087,0.02297686331016912
orange,40,1,1,33.276548823089044,0.14323115634427935,14.323115634427936,-0.011984078529069988,0.028166158645714312,0.7103496369066465,0.009329187306969078,0.09658771819941203,0.6050451277261548,-0.011890704095478766,0.0032084262586819577
orange,40,18,18,2.811988572614195,0.012103550071363508,1.210355007136351,-0.005646547024944878,0.028166158645714295,0.7136240394688657,0.00017501516913487336,0.013229329882299693,0.6055885739629772,-0.013709263179317865,-0.3053161987996508
orange,40,78,78,0.5116066105971625,0.002202091533553649,0.2202091533553649,-0.013622580393379428,0.028166158645714305,0.7136203575336367,0.00018533231411343998,0.013613681137501294,0.6063711573044365,-0.016330926145954994,-0.029164195310853094
orange,40,46,46,1.1263267668504144,0.0048480113155713565,0.48480113155713567,0.00474457359374052,0.0281661586457143,0.7136688332643886,4.949428125222699e-05,0.0070352172142953695,0.6064095594901746,-0.016459661045078677,-0.04347716401022489
orange,40,24,24,2.1409276566935853,0.0092151246076607,0.92151246076607,-0.00582704305082101,0.028166158645714298,0.7136358558963842,0.00014190401641545058,0.01191234722527098,0.6068079044206671,-0.017795505887115093,0.05320384168424577
orange,40,121,121,0.14879044304209832,0.0006404338179177515,0.06404338179177514,-0.07447619811462955,0.028166158645714322,0.7131113747715668,0.001611039823408822,0.040137760567931745,0.6070526748991278,-0.018616775803540486,-0.07675574230050422
orange,40,75,75,0.5611254707768586,0.002415233937295569,0.2415233937295569,0.0140483595318746,0.028166158645714295,0.7136093500721264,0.00021617598744050337,0.014702924451966535,0.6071174966808556,-0.018834325556100984,0.031630401072675354
coriander,41,18,18,2.811988572614195,0.012103550071363508,1.210355007136351,0.03745041023767862,-0.023744897257142843,0.3868402763842724,0.02553528206278588,0.15979762846421006,0.5638900231240951,0.007877425661192095,0.12911764979482296
coriander,41,171,171,0.008967459446091938,3.8598341215089595e-05,0.0038598341215089595,0.07231719269201442,-0.02374489725714274,0.39181646265352293,0.00030364524740966736,0.01742541957628456,0.5641580748521294,0.006933967297139687,0.14134530834730574
coriander,41,72,72,0.595701772926808,0.002564059579202587,0.2564059579202587,0.032347505303141795,-0.023744897257142853,0.39108440634733194,0.00403575159717573,0.06352756564811576,0.5642908938422417,0.006466319807020393,0.12010357732973576
coriander,41,88,88,0.3987069396982124,0.0017161411875693,0.17161411875693,0.06702951978185442,-0.023744897257142853,0.3895967578123955,0.011598450144547412,0.10769610087903571,0.5656774502307286,0.0015777668612906304,0.08271137307492553
coriander,41,34,34,1.580582615961668,0.006803249849779349,0.6803249849779349,-0.007298390695984513,-0.02374489725714286,0.3917691401954375,0.0005451115281193131,0.02334762360753877,0.5664755490764661,-0.0012415138122614522,0.08883458686257625
coriander,41,83,83,0.45547229144159773,0.001960474426984242,0.1960474426984242,-0.010406687576767971,-0.02374489725714286,0.39181338011352046,0.00031937501976797567,0.01787106655372819,0.5669653719802785,-0.002973779434973789,0.07453395984566458
coriander,41,105,105,0.2424908328388066,0.001043745328731041,0.10437453287310411,-0.047004402529041214,-0.023744897257142825,0.39119569159254486,0.003468856608135007,0.05889699999265711,0.567405363162788,-0.004531090958566075,0.05037160957705806
coriander,41,149,149,0.047843986858062536,0.00020593330150409103,0.020593330150409102,-0.015512608681570225,-0.02374489725714286,0.39186135659176247,7.454370698489754e-05,0.008633869757235818,0.5674964764818917,-0.004853729820893049,0.06067802795188548
coriander,41,138,138,0.07647388584471335,0.00032916403554681805,0.032916403554681804,-0.008586621089814776,-0.02374489725714286,0.39186880970740895,3.650662672027849e-05,0.006042071393165033,0.5675213265933039,-0.004941734856679814,0.05566776837263872
coriander,41,90,90,0.37729773726772353,0.001623990260595767,0.1623990260595767,-0.023419176794600698,-0.023744897257142846,0.39161335624771537,0.0013398044014054644,0.03660333866473543,0.5676251083397436,-0.005309312741501593,0.045881515967495345
coriander,41,121,121,0.14879044304209832,0.0006404338179177515,0.06404338179177514,-0.027638701818424555,-0.02374489725714285,0.3917317436948078,0.0007359092589996896,0.027127647502130325,0.5677469699174726,-0.005741012212294505,0.054210701719460665
coriander,41,21,21,2.355795283146291,0.010139972276251194,1.0139972276251195,-0.0019274884182028484,-0.02374489725714286,0.3918648593090572,5.6667630235374133e-05,0.007527790528135499,0.5677905404530289,-0.005895385052018032,0.04477853821628961
coriander,41,24,24,2.1409276566935853,0.0092151246076607,0.92151246076607,-0.0004882355743812929,-0.02374489725714286,0.39187531537602305,3.304264330816764e-06,0.0018177635519623706,0.5678067664629243,-0.005952877738227391,0.04801791489240701
coriander,41,7,7,6.841401450017579,0.029447219599333545,2.9447219599333545,0.001493131766902661,-0.02374489725714286,0.3918566126435721,9.875413634030661e-05,0.009937511576861093,0.5678301220014177,-0.006035634956866653,0.04135092636318974
coriander,41,40,40,1.318496380950985,0.0056751606749652775,0.5675160674965277,0.004889108039867586,-0.023744897257142857,0.391835978189869,0.00020405731136452498,0.01428486301524974,0.5678326195341317,-0.006044484830580954,0.03756594869702168
coriander,41,56,56,0.8711000307818646,0.003749447256797635,0.3749447256797635,0.003714005895302538,-0.023744897257142857,0.39186071897268376,7.779777130534349e-05,0.008820304490511431,0.5678364756839538,-0.006058148967865051,0.05874777587563409
coriander,41,51,51,0.9645910051163866,0.0041518573875139455,0.41518573875139453,0.0013758917477956886,-0.02374489725714286,0.3918736462365123,1.1822945530148843e-05,0.003438451036478776,0.5678868631630637,-0.0062367038345139125,0.04409788440515704
coriander,41,120,120,0.1515182600336935,0.0006521750710170109,0.06521750710170109,-0.007107357944651087,-0.023744897257142853,0.39186625280564835,4.9555892249752986e-05,0.007039594608335871,0.5681032202111743,-0.007003574451295069,0.01262554641949648
coriander,41,147,147,0.050993323175666634,0.0002194888863961903,0.02194888863961903,0.0051505455583288045,-0.023744897257142857,0.39187424666508164,8.758580593681842e-06,0.0029594899211879194,0.5681414705712782,-0.007139182012365408,-0.010346961104333148
coriander,41,39,39,1.3819623178331806,0.005948335022955433,0.5948335022955432,0.0035679507870010163,-0.02374489725714286,0.3918536435953733,0.00011390633053753874,0.010672690876130294,0.5681660981286406,-0.007226497995601822,-0.01018292789166611
coriander,41,41,41,1.2769491345747037,0.005496330226740839,0.5496330226740839,-0.0018095104341976772,-0.02374489725714286,0.3918706584681044,2.707133859047861e-05,0.00520301245340676,0.5682038402773635,-0.007360318563344848,0.03528166386594645
coriander,41,66,66,0.6772016658621743,0.0029148568920227165,0.29148568920227164,0.003668866684879355,-0.02374489725714286,0.391864398467038,5.901954121900754e-05,0.007682417667569277,0.5682916515156828,-0.007671701155050892,-0.01863597161030648
coriander,41,111,111,0.2147939504540835,0.0009245305474090419,0.09245305474090419,-0.001512961987994181,-0.02374489725714286,0.3918753390568018,3.1834059850410767e-06,0.0017842101851871842,0.5683210458285407,-0.007775945457040301,-0.004669006333113438
coriander,41,42,42,1.255720404848894,0.005404956102503587,0.5404956102503587,0.0023857807064613544,-0.02374489725714286,0.3918668952231994,4.627729279160775e-05,0.006802741564365296,0.5683284488327877,-0.007802200399559256,-0.02201359843305811
coriander,41,46,46,1.1263267668504144,0.0048480113155713565,0.48480113155713567,-0.004105028354045976,-0.023744897257142863,0.3918518835744319,0.0001228883397157432,0.01108550132901874,0.5685073344115293,-0.008436726623535451,0.03311448841696693
coriander,41,97,97,0.3149723405638439,0.0013557251022414056,0.13557251022414055,-0.0024864706614821422,-0.02374489725714286,0.39187349237464647,1.2608198725616582e-05,0.003550802546685808,0.5686232210287786,-0.0088478953980069,-0.03869201750764709
coriander,41,119,119,0.15928142335834425,0.0006855897999839676,0.06855897999839676,-0.03581391922498309,-0.02374489725714285,0.39161669708948826,0.0013227652484941732,0.03636983981947313,0.5687538697314338,-0.00931154093961628,0.06793211667397869
coriander,41,130,130,0.1079222956184087,0.00046452639301430084,0.046452639301430086,-0.02184522798399921,-0.02374489725714284,0.39181062070180206,0.00033345580851862344,0.018260772396552417,0.5690132295660667,-0.010232271592414355,0.016613527991871692
coriander,41,36,36,1.4487161870049226,0.006235661509928422,0.6235661509928423,0.016588729540771584,-0.02374489725714287,0.3913698787370233,0.002581211046129628,0.05080562022187702,0.5691684500189511,-0.010783506925438058,0.04996951016283153
coriander,41,103,103,0.26115338772056274,0.0011240739508565963,0.11240739508565964,0.003983393152109566,-0.023744897257142863,0.3918707058132082,2.6829708736686442e-05,0.005179740219031708,0.5692321673868943,-0.011009830326183856,0.035761029518818106
clove,42,121,121,0.14879044304209832,0.0006404338179177515,0.06404338179177514,0.13336086177426054,-0.0306890503828572,0.605311286950365,0.00712980989935208,0.08443820165868315,0.4144014525219386,0.033680200621101775,0.18854629073382734
clove,42,88,88,0.3987069396982124,0.0017161411875693,0.17161411875693,-0.018874316134495354,-0.03068905038285716,0.6073645238213239,0.0003826858214702744,0.019562357257518828,0.4193971976024684,0.010241161861624937,0.1620629284302922
clove,42,126,126,0.12786343418962204,0.0005503583809275011,0.0550358380927501,0.006684099418321878,-0.03068905038285715,0.6074760970735936,1.5391405973286254e-05,0.003923188240907628,0.42082637448528604,0.0034840799406731238,0.060705080847406806
clove,42,24,24,2.1409276566935853,0.0092151246076607,0.92151246076607,-0.0014708938471786463,-0.030689050382857158,0.6074769814245256,1.247989071051503e-05,0.0035326888782982223,0.4209140290371213,0.0030689051383847588,0.057026002415456606
clove,42,105,105,0.2424908328388066,0.001043745328731041,0.10437453287310411,0.014960067721959921,-0.03068905038285717,0.6074363573570548,0.00014622060323332686,0.012092171154652956,0.4209841108410897,0.00273690125581727,0.06192377916488231
clove,42,82,82,0.46528172948362084,0.0020026968690204086,0.20026968690204086,0.005323808529750529,-0.03068905038285716,0.6074699797988081,3.553096327157945e-05,0.00596078545760384,0.4210656073901673,0.002350751918229199,0.04875392979216423
clove,42,59,59,0.8213598636507362,0.0035353522888120735,0.35353522888120736,0.0016344894086901874,-0.030689050382857158,0.6074789763284903,5.912127963636493e-06,0.0024314867806036317,0.42107257976198037,0.002317711750776774,0.06449786074949299
clove,42,21,21,2.355795283146291,0.010139972276251194,1.0139972276251195,-0.002963286999554386,-0.030689050382857158,0.6074638427559886,5.573539795777904e-05,0.007465614372454704,0.42109796898152296,0.002197394544031228,0.05624208003009063
clove,42,74,74,0.5732858092185649,0.0024675752827218373,0.24675752827218372,-0.009756449484078717,-0.030689050382857155,0.6074361120106401,0.00014702829440149667,0.012125522438283381,0.42109828774434993,0.0021958839098175087,0.04751165526353351
clove,42,11,11,4.383314666606854,0.01886695737760278,1.886695737760278,-0.0008169730534826113,-0.030689050382857158,0.6074783778434254,7.882504734491036e-06,0.002807579871492057,0.4211088152121561,0.002145993030090554,0.06651152979231668
clove,42,78,78,0.5116066105971625,0.002202091533553649,0.2202091533553649,0.008632034593863133,-0.03068905038285716,0.6074495744022925,0.00010270902792053338,0.010134546261220068,0.42116827701940757,0.0018641732744062445,0.05033702842137115
clove,42,125,125,0.13713763992531633,0.0005902770401238105,0.05902770401238105,-0.003396118113741251,-0.030689050382857158,0.6074794776746217,4.2615576764104546e-06,0.0020643540580240994,0.4213691411439882,0.0009118817610624941,0.036233357000631926
clove,42,117,117,0.17107781921176593,0.0007363646392788439,0.0736364639278844,0.006377966523855088,-0.030689050382857158,0.6074750768844872,1.8750130876377114e-05,0.004330142131253294,0.42155038960377406,5.2197884602311895e-05,0.038898253063033794
clove,42,31,31,1.7669514553930887,0.007605431125254109,0.760543112525411,3.6642005696678724e-05,-0.030689050382857158,0.6074807701416998,6.391888685008951e-09,7.994928984642878e-05,0.4215526219353412,4.160735493097256e-05,0.11451947305382701
clove,42,84,84,0.45053788384121485,0.0019392354183889022,0.1939235418388902,0.003779023616032419,-0.03068905038285716,0.6074755065654791,1.7335511236615808e-05,0.004163593548420292,0.4215844951392874,-0.00010961022043010082,0.043512493904098164
clove,42,100,100,0.28021897028297404,0.0012061373117931349,0.12061373117931348,0.0017034822108854871,-0.030689050382857158,0.6074801066236526,2.190881384422916e-06,0.001480162621046296,0.4216792247371249,-0.0005591078952718043,-0.06564554430547485
clove,42,109,109,0.22031063953247068,0.0009482758510488532,0.09482758510488531,-0.008524643300720414,-0.030689050382857165,0.6074676699727977,4.3135419872553094e-05,0.0065677560758982305,0.42180933950566796,-0.0011766749682950994,0.048258299351541495
clove,42,37,37,1.4348816047509763,0.006176113771840935,0.6176113771840935,0.013734754092900663,-0.030689050382857158,0.6072592149606704,0.0007292962349509935,0.02700548527523843,0.42190134374410637,-0.0016134720450537987,-0.002612738710072129
clove,42,39,39,1.3819623178331806,0.005948335022955433,0.5948335022955432,0.006453601724682009,-0.030689050382857158,0.6074336671895767,0.00015507673484782547,0.012452980962327135,0.421910787759395,-0.0016583136126546716,-0.03890970404375202
clove,42,27,27,1.938381789063368,0.008343313080940655,0.8343313080940655,0.003306277179441857,-0.030689050382857158,0.6074634311403463,5.709051585112146e-05,0.007555826616012217,0.4219779766842126,-0.001977365439910894,-0.012216874953417358
clove,42,42,42,1.255720404848894,0.005404956102503587,0.5404956102503587,-0.007624524859476094,-0.030689050382857158,0.6074210288743948,0.0001966820145657966,0.014024336510728066,0.4219986275924774,-0.0020754380887713086,0.030213265513111626
clove,42,132,132,0.0994625974571709,0.00042811359202344425,0.042811359202344426,0.0028238386481629794,-0.030689050382857158,0.6074801230177845,2.1369072837895686e-06,0.0014618164330638269,0.42207031786831956,-0.0024159376164072377,-0.0832537858591238
clove,42,29,29,1.8456280608235607,0.007944076254379703,0.7944076254379703,0.009351028312612477,-0.03068905038285716,0.6073486854672202,0.00043481954327451167,0.020852327046992355,0.4224682006799486,-0.004306769776743602,-0.07024426168077028
clove,42,70,70,0.6176096514738066,0.002658356941408592,0.26583569414085917,-0.006415676681226156,-0.030689050382857155,0.607459967686895,6.849283464238631e-05,0.008276039792231404,0.42276162756752905,-0.005702344394649561,-0.024645782908289043
clove,42,72,72,0.595701772926808,0.002564059579202587,0.2564059579202587,0.05936126764902943,-0.030689050382857144,0.6057604916373691,0.0056556347343039715,0.07520395424646395,0.42296575676719433,-0.006673779661632295,0.06844399239206123
clove,42,135,135,0.08574241440702901,0.00036905825867218417,0.03690582586721842,0.0332231437807388,-0.03068905038285719,0.6074033163595747,0.00025499008111529164,0.01596840884732872,0.4230333501714256,-0.00699555485815706,0.01686717653192238
clove,42,28,28,1.9355425295858428,0.00833109214960882,0.833109214960882,-0.006220198795700844,-0.03068905038285716,0.6074194831835066,0.000201770362972864,0.014204589503857428,0.42308600728858686,-0.007246262198689957,0.03406763390241714
clove,42,16,16,2.9944844126721613,0.012889060922818947,1.2889060922818947,-0.00294626718004822,-0.030689050382857158,0.6074594993846916,7.003456569498745e-05,0.008368665705789587,0.42341271476927744,-0.008802456159645367,-0.0514957865969479
clove,42,40,40,1.318496380950985,0.0056751606749652775,0.5675160674965277,-0.007391777047699511,-0.03068905038285716,0.6074218135861993,0.00019409877185516677,0.013931933528952369,0.42360686713911383,-0.009727824180159272,-0.06771738911290665
clove,42,71,71,0.6014008530550752,0.0025885899426489316,0.25885899426489317,0.03454090797713506,-0.03068905038285717,0.6068932959141803,0.0019332039162905934,0.043968214840845274,0.42418910786145547,-0.012505440578915117,0.087550533427298
lactic,43,2,2,18.993376531507604,0.08175256688886388,8.175256688886389,-0.07222691150900257,-0.019391927400000047,0.5893913359038269,0.22094020943342962,0.47004277404660694,0.7454037279289161,0.2566259829847234,0.5513995840129304
lactic,43,91,91,0.3719439901607688,0.0016009463027328078,0.16009463027328077,-0.02258277739448751,-0.019391927400000005,0.6676156164987642,0.00042296725576373984,0.020566167746180978,0.849081698383349,0.03545339609546372,0.2083938519791346
lactic,43,109,109,0.22031063953247068,0.0009482758510488532,0.09482758510488531,0.034179504874606206,-0.019391927399999974,0.6675652084199495,0.0005739069713298628,0.023956355551924883,0.8499126104437326,0.03356466016110127,0.20634383330018297
lactic,43,52,52,0.9382035888706446,0.004038278898292941,0.40382788982929413,0.017844237129428384,-0.019391927400000016,0.667534403203527,0.0006661431344808788,0.025809748826380475,0.8501287780412349,0.033072989440069644,0.21061458098633865
lactic,43,15,15,3.0995750706419116,0.013341399190889116,1.3341399190889116,0.018346219996798033,-0.019391927399999984,0.6669796900687839,0.0023263221073329676,0.04823196147092835,0.8511025325959793,0.030856645658138726,0.20057553585283208
lactic,43,30,30,1.7954555031501611,0.007728120161982139,0.7728120161982139,0.017950990483312793,-0.0193919274,0.6673259729268307,0.0012901077210081269,0.03591806956127124,0.8530414306256936,0.026436002023487837,0.18860838788941484
lactic,43,36,36,1.4487161870049226,0.006235661509928422,0.6235661509928423,-0.029473133263440393,-0.019391927399999977,0.6668192809211675,0.002806147032324735,0.0529730783731206,0.8533793601347529,0.025664500998113682,0.2001551092983556
lactic,43,151,151,0.04404679481995624,0.00018958917250890253,0.018958917250890252,-0.02542376003819754,-0.019391927399999957,0.6677356546024196,6.348459706917442e-05,0.007967722200818515,0.8534075940023277,0.0256000285821959,0.18689850510605274
lactic,43,111,111,0.2147939504540835,0.0009245305474090419,0.09245305474090419,0.02417199637330944,-0.019391927400000005,0.6676634094634993,0.0002798475962999536,0.016728645979276147,0.854213734456942,0.02375829612048852,0.1790575958307621
lactic,43,139,139,0.07169666485591748,0.00030860160012194534,0.030860160012194535,0.052164955832435925,-0.019391927399999998,0.6676115841539664,0.00043504194957288966,0.020857659254408408,0.8544329123144176,0.023257255204967464,0.19520255133659484
lactic,43,169,169,0.010407861374599588,4.479821593519673e-05,0.004479821593519674,0.006437017695726859,-0.019391927399999998,0.6677565300104902,9.616242343524206e-07,0.0009806244105309248,0.8547724021214854,0.022480927240592696,0.17874570926427538
lactic,43,136,136,0.0823057492772276,0.00035426593380921706,0.0354265933809217,-0.05334353421206678,-0.01939192739999997,0.667582464396544,0.0005222377232931841,0.022852521158365703,0.855021856572834,0.021910290975032942,0.1767466755880336
lactic,43,17,17,2.835193416915173,0.012203429920673841,1.220342992067384,-0.00597646387583905,-0.01939192739999999,0.6676814532785655,0.00022581135874710778,0.015027020953845864,0.8556554413907705,0.020460193786819958,0.1907330418454304
lactic,43,65,65,0.688020226856627,0.0029614228688448502,0.296142286884485,-0.015073820708104731,-0.019391927399999995,0.6676404522497591,0.00034859599352876636,0.018670725575851577,0.8558751323510153,0.019957132259515897,0.1700238809629582
lactic,43,13,13,3.6372389055710395,0.015655647979452337,1.5655647979452336,-0.033543032800087885,-0.019391927400000033,0.6647031008204666,0.009125380372602132,0.09552685681316028,0.8563657520783169,0.01883321555540529,0.17504802764424487
lactic,43,34,34,1.580582615961668,0.006803249849779349,0.6803249849779349,0.031952139640090464,-0.019391927399999995,0.6665543896680595,0.00359825209291309,0.05998543233913655,0.8570683683827485,0.01722253323808509,0.16429391687035236
lactic,43,47,47,1.1013439278573889,0.004740478502094882,0.47404785020948825,-0.014624646776099764,-0.019391927399999998,0.6675814575238922,0.0005252526199379659,0.022918390430789682,0.8571427432039886,0.017051958584806348,0.1693660804265796
lactic,43,67,67,0.6634921720629949,0.002855847568063354,0.2855847568063354,0.024730282551134627,-0.01939192739999999,0.6674546784730753,0.0009048330486820522,0.03008044296020829,0.8571547209946289,0.017024486782225234,0.17516782656765448
lactic,43,99,99,0.29370606768199287,0.00126418938223047,0.12641893822304698,-0.04334134610119181,-0.019391927399999957,0.6673459718394276,0.0012302466877498475,0.035074872597771874,0.8574274208383589,0.016398928985310146,0.1626490132618227
lactic,43,98,98,0.30721620015604656,0.0013223406017848383,0.13223406017848383,0.00908749253030218,-0.019391927399999998,0.6677379624121698,5.6572678522548436e-05,0.007521481138876294,0.8580249747350094,0.015027478887223888,0.186505048243506
lactic,43,35,35,1.49915077242777,0.006452745439763313,0.6452745439763313,-0.01522138294157546,-0.01939192739999998,0.6674982082098396,0.0007745117873620977,0.027830051874945517,0.8581758919417035,0.014680956632447617,0.17993476789692722
lactic,43,81,81,0.4790883994775237,0.0020621244652835897,0.20621244652835896,-0.01057092553596781,-0.019391927399999998,0.6677169928932909,0.00011937576750198353,0.010925921814758393,0.858592359886269,0.01372438497438988,0.18666549145800815
lactic,43,46,46,1.1263267668504144,0.0048480113155713565,0.48480113155713567,0.028825103412443823,-0.019391927399999977,0.6670597499995322,0.002086799133811268,0.04568149662403149,0.8586239774416391,0.013651744686654421,0.18931433226438693
lactic,43,73,73,0.580678617484791,0.002499395904572755,0.24993959045727548,-0.029472734371136074,-0.019391927399999967,0.6673812198275594,0.0011247375347210875,0.03353710683289727,0.8587710441512888,0.013313828627294688,0.15426230332654303
lactic,43,19,19,2.642787236139327,0.011375262315108048,1.1375262315108048,0.013833810592646094,-0.01939192739999998,0.6673802069488219,0.0011277695012102962,0.03358227957138179,0.8590532563763484,0.01266522582414309,0.15841787440952979
lactic,43,1,1,33.276548823089044,0.14323115634427935,14.323115634427936,0.02008265694121163,-0.019391927400000022,0.6576891624816309,0.02992644380046061,0.17299261198230614,0.8591769738313133,0.012380821241837925,0.14127113588436344
lactic,43,154,154,0.037484871344509146,0.0001613449007778501,0.01613449007778501,0.005192648179678017,-0.019391927399999995,0.6677560985927627,2.253763371262707e-06,0.001501253933038729,0.8595188327345693,0.01159473504807762,0.17175433011128372
lactic,43,62,62,0.7555738382193433,0.003252191659868045,0.3252191659868045,-0.04919319123358164,-0.019391927399999988,0.6663941734943667,0.004077194223097824,0.06385291084279414,0.8599753390847039,0.01054453559548274,0.18009711139154047
lactic,43,42,42,1.255720404848894,0.005404956102503587,0.5404956102503587,0.027357304770141633,-0.0193919274,0.6670567993529426,0.002095627376470399,0.0457780228545373,0.860050903026419,0.010370645865283024,0.13937834658088416
lactic,43,4,4,11.331805194940767,0.048775116980078984,4.877511698007899,0.0434344831655784,-0.019391927400000012,0.6516466115956177,0.04766975400598661,0.21833404225174505,0.8607730911732082,0.008707956704974706,0.23009474970290636
acetic,44,2,2,18.993376531507604,0.08175256688886388,8.175256688886389,-0.06522435598091701,-0.018864765611428636,0.6656891945889911,0.1534726390958322,0.39175584117640455,0.7276474360395875,0.16184555046417537,0.4172818121675314
acetic,44,56,56,0.8711000307818646,0.003749447256797635,0.3749447256797635,0.06899905549313136,-0.018864765611428528,0.7206655402859482,0.007877048235294337,0.08875273649468088,0.7892361879050067,0.013956604435201303,0.16868188000567405
acetic,44,90,90,0.37729773726772353,0.001623990260595767,0.1623990260595767,0.07516943873994546,-0.01886476561142863,0.7220544292264498,0.004049263137166248,0.06363382070225028,0.7912794318875878,0.008844484091753535,0.13879969320768354
acetic,44,93,93,0.3431824800366267,0.0014771490791929012,0.14771490791929012,-0.034351765979342266,-0.018864765611428563,0.7232424629140619,0.0007691878745827996,0.02773423650621491,0.7941846504336104,0.0015529776496062686,0.11983563410294551
acetic,44,105,105,0.2424908328388066,0.001043745328731041,0.10437453287310411,-0.020010038577496114,-0.018864765611428573,0.7234540603974461,0.00018441674869007496,0.013580012838352277,0.7956662071879523,-0.0021757161998694485,0.16329273523397536
acetic,44,10,10,4.832061176185845,0.020798482242580997,2.0798482242581,-0.009079558293369152,-0.018864765611428587,0.7232470154746077,0.0007566082119605522,0.027506512173673617,0.7963774915521118,-0.003968303413027563,0.07580947124652959
acetic,44,49,49,1.0562361022533222,0.004546322369624689,0.45463223696246885,-0.008115778969199756,-0.018864765611428583,0.7234729739573498,0.0001321388774374599,0.011495167568909842,0.796448143601703,-0.004146448992382146,0.08436984405156994
acetic,44,64,64,0.7082874418610284,0.0030486583768415316,0.30486583768415315,0.005438367913263569,-0.01886476561142859,0.7235063841572849,3.9788346883007364e-05,0.006307800479023934,0.7967310141929479,-0.004859851222459355,0.07083164045708618
acetic,44,29,29,1.8456280608235607,0.007944076254379703,0.7944076254379703,-0.0187031930795199,-0.01886476561142858,0.7230770274017589,0.0012262665539047868,0.03501808895277731,0.7968528612759602,-0.0051672287490629465,0.08274652551350008
acetic,44,120,120,0.1515182600336935,0.0006521750710170109,0.06521750710170109,-0.03172176790503647,-0.01886476561142856,0.7234160070774703,0.00028959357685565124,0.017017449187684795,0.7968601997736134,-0.005185742709854946,0.07691125502917767
acetic,44,136,136,0.0823057492772276,0.00035426593380921706,0.0354265933809217,0.007552167939368687,-0.01886476561142859,0.7235175525920999,8.916258166902225e-06,0.0029860104096887385,0.7972467312548341,-0.006161146343616641,0.06411634794611384
acetic,44,20,20,2.5174618342412147,0.01083582830322749,1.083582830322749,-0.021211701253545857,-0.018864765611428597,0.7227420643501395,0.002151409505021018,0.04638328907075189,0.7972895817005645,-0.006269307620585751,0.10061985043752053
acetic,44,162,162,0.01963327539417405,8.450686255006269e-05,0.008450686255006268,-0.007117542566213606,-0.018864765611428587,0.723520094735203,1.8891310613611267e-06,0.0013744566421306332,0.7973047802122476,-0.006307672455521329,0.057780750156271765
acetic,44,18,18,2.811988572614195,0.012103550071363508,1.210355007136351,0.0037226163080902506,-0.018864765611428587,0.723494001985809,7.401492215597383e-05,0.008603192556009324,0.7973551290788429,-0.006434770779212062,0.13924075531630173
acetic,44,79,79,0.5067088423753145,0.002181010230632151,0.2181010230632151,0.017066218454316703,-0.018864765611428587,0.7234193651278331,0.00028031237308967505,0.016742531860188863,0.7975758789755449,-0.006992116227466649,0.05724544980806802
acetic,44,171,171,0.008967459446091938,3.8598341215089595e-05,0.0038598341215089595,0.043079145239946666,-0.018864765611428514,0.7235093431210424,3.1609145867861344e-05,0.005622201158595759,0.7975879010357393,-0.007022473743020674,0.05528896305960691
acetic,44,42,42,1.255720404848894,0.005404956102503587,0.5404956102503587,-0.01310642254219847,-0.018864765611428583,0.7233725481963431,0.0004097042470131429,0.02024115231435718,0.7976184577280266,-0.007099636060206471,0.05991054570403743
acetic,44,37,37,1.4348816047509763,0.006176113771840935,0.6176113771840935,-0.044940856826879094,-0.01886476561142859,0.7215267658714045,0.0055043741749299935,0.07419146969112982,0.797761448076296,-0.007460757181109834,0.056669337933585695
acetic,44,19,19,2.642787236139327,0.011375262315108048,1.1375262315108048,-0.00044205384629384737,-0.018864765611428587,0.7235204232999141,9.808932187604924e-07,0.0009904005345198813,0.7978535262206703,-0.007693334152031994,0.0659139007037739
acetic,44,111,111,0.2147939504540835,0.0009245305474090419,0.09245305474090419,-0.001991601883817766,-0.018864765611428587,0.7235201927419026,1.6182152380306292e-06,0.0012720908922281271,0.7978889616665783,-0.007782846460796078,0.042315184587483054
acetic,44,99,99,0.29370606768199287,0.00126418938223047,0.12641893822304698,0.0067106739738583285,-0.018864765611428594,0.7235116899431546,2.5122009911893173e-05,0.005012186140971268,0.7979181434577373,-0.007856564603968774,0.03683430114896481
acetic,44,38,38,1.4046655562384334,0.0060460558264808254,0.6046055826480825,0.0013772686296428698,-0.018864765611428587,0.7235189473479497,5.06080295892275e-06,0.002249622848109719,0.7979381804590123,-0.007907183021391262,0.04180442874170354
acetic,44,50,50,1.0296691782332121,0.004431971230985253,0.4431971230985253,0.010359290932293484,-0.018864765611428587,0.7234448486101701,0.00020987801938021633,0.014487167403615466,0.79796958512904,-0.007986521536991198,0.03256882676676767
acetic,44,54,54,0.9190804381071087,0.00395596774843876,0.395596774843876,-0.00776494268467817,-0.018864765611428594,0.7234827003651962,0.00010525414688777879,0.01025934436929876,0.7980040648546654,-0.008073632249520735,0.04875050083813444
acetic,44,28,28,1.9355425295858428,0.00833109214960882,0.833109214960882,-0.00031064299656439554,-0.018864765611428587,0.723520649810071,3.5476031912118344e-07,0.0005956175943668181,0.7980469770254038,-0.008182052225889747,0.06027881136196191
acetic,44,23,23,2.2519267539731596,0.009692894377027327,0.9692894377027327,-0.0008906235244034752,-0.018864765611428587,0.7235195507849675,3.3927492950613924e-06,0.0018419417187531186,0.7980983853166448,-0.008311945797082165,0.04040359417599082
acetic,44,60,60,0.7889342692592156,0.0033957838676834506,0.33957838676834506,0.011967516456146856,-0.018864765611428587,0.7234431351340513,0.00021461401127309543,0.014649710279486021,0.7983603131760392,-0.008973890070430368,0.03958520176793465
acetic,44,100,100,0.28021897028297404,0.0012061373117931349,0.12061373117931348,0.0022500752439341383,-0.018864765611428587,0.7235198033335354,2.694640294786943e-06,0.0016415359560094521,0.7983665936249542,-0.00898976469193502,-0.07799081257574891
acetic,44,25,25,2.0619953390939854,0.008875378825042756,0.8875378825042756,-0.0024784876982323328,-0.018864765611428583,0.7235120746465241,2.405860260934478e-05,0.004904956942613746,0.7984053059902578,-0.009087617802720827,-0.03438345741003913
acetic,44,62,62,0.7555738382193433,0.003252191659868045,0.3252191659868045,0.011482524494123328,-0.018864765611428587,0.7234523235833652,0.00018921730699483774,0.013755628193394681,0.7986494586913125,-0.009704871059660114,0.04705946030365885
barnyard,45,22,22,2.3276533586627237,0.010018841914837696,1.0018841914837695,0.008465441285806313,-0.03829939671428572,0.4410176014895656,0.000852013898184123,0.029189277109657297,0.4621565439954165,0.005013121762649786,0.09856038928782247
barnyard,45,42,42,1.255720404848894,0.005404956102503587,0.5404956102503587,-0.006599611250877982,-0.03829939671428571,0.4411439670553538,0.00027935653215171996,0.016713962191889423,0.46218698199829966,0.004882056169517424,0.10772261489096382
barnyard,45,40,40,1.318496380950985,0.0056751606749652775,0.5675160674965277,0.014552137526702901,-0.038299396714285706,0.4408908758058871,0.0014261384660533283,0.03776424851699843,0.46223187677968175,0.004688724145586853,0.0994245249643867
barnyard,45,73,73,0.580678617484791,0.002499395904572755,0.24993959045727548,0.006464902514442713,-0.03829939671428572,0.4411782509564913,0.00012396211175624838,0.011133827363335515,0.4626073943300659,0.003070883874734087,0.09220127124823585
barnyard,45,95,95,0.3314330796148968,0.0014265765207913924,0.14265765207913925,0.019034017317025496,-0.038299396714285706,0.44107027770103613,0.0006133183285046417,0.024765264555522054,0.462643798473999,0.002913974238341055,0.09195304805605559
barnyard,45,89,89,0.3941755864867702,0.0016966370327445393,0.16966370327445393,0.010080853204167115,-0.03829939671428571,0.44116045973580725,0.0002046036960723363,0.014303974834726263,0.4629692914549969,0.0015104812248062371,0.07951149419590454
barnyard,45,101,101,0.27425084803589356,0.0011804489191897458,0.11804489191897458,-0.007323757395505156,-0.03829939671428571,0.441189022784911,7.513547724202763e-05,0.008668072291009785,0.46306830093701445,0.0010833664988391112,0.07788327777730131
barnyard,45,35,35,1.49915077242777,0.006452745439763313,0.6452745439763313,0.009644428389362289,-0.03829939671428572,0.44104844766672335,0.0007122418187800461,0.02668785901454731,0.46335079621792025,-0.00013578544623671363,0.07477427848265722
barnyard,45,131,131,0.10131086483205155,0.00043606902859064854,0.04360690285906486,-0.002612726614785157,-0.03829939671428571,0.44120481892900004,3.5324264839875497e-06,0.0018794750555293166,0.4634264715951319,-0.0004625004708371794,0.07192055251302341
barnyard,45,18,18,2.811988572614195,0.012103550071363508,1.210355007136351,0.007391505549830161,-0.03829939671428571,0.4410324552561071,0.0007847088255286128,0.028012654739044605,0.4636332882225693,-0.0013556667572600656,0.09672117806075162
barnyard,45,24,24,2.1409276566935853,0.0092151246076607,0.92151246076607,-0.0029040381162536966,-0.03829939671428571,0.4411852532338143,9.222226577287884e-05,0.009603242461449087,0.46368175402510214,-0.0015650306828376426,0.07268693650259073
barnyard,45,37,37,1.4348816047509763,0.006176113771840935,0.6176113771840935,-0.014794311438951496,-0.03829939671428571,0.4408515845161791,0.001604112240329858,0.04005137001814257,0.46370352603344905,-0.0016590891355028337,0.06921869200815688
barnyard,45,60,60,0.7889342692592156,0.0033957838676834506,0.33957838676834506,0.004137232883791297,-0.03829939671428571,0.44119038191480964,6.897471710110015e-05,0.008305101871816946,0.4638178835903464,-0.0021532040367160388,0.06497605980693119
barnyard,45,11,11,4.383314666606854,0.01886695737760278,1.886695737760278,-0.0011363511037533437,-0.03829939671428571,0.4411992203905485,2.8910586080455047e-05,0.0053768565240989085,0.46383958212398213,-0.002246972580031592,0.08707463091532806
barnyard,45,93,93,0.3431824800366267,0.0014771490791929012,0.14771490791929012,-0.04737196403618433,-0.03829939671428568,0.44033696623562296,0.003933662187889819,0.0627189141159995,0.46397055318152536,-0.0028130470730469703,0.08944649117755396
barnyard,45,44,44,1.155571006972621,0.00497388633798976,0.49738863379897597,-0.004567869747687419,-0.03829939671428571,0.44117842894462683,0.00012315533532403222,0.011097537354033946,0.46420627937339765,-0.003832289994535998,0.03916752644598295
barnyard,45,1,1,33.276548823089044,0.14323115634427935,14.323115634427936,0.007605556801526507,-0.03829939671428572,0.43903133597574034,0.009831719458513355,0.09915502739908662,0.4643837326720916,-0.004599911661252731,0.0736939382724962
barnyard,45,90,90,0.37729773726772353,0.001623990260595767,0.1623990260595767,-0.014816181629562495,-0.038299396714285706,0.44111226354018135,0.00042304440759199924,0.02056804335838194,0.46468997956674063,-0.0059253545068886915,0.03414471315278753
barnyard,45,64,64,0.7082874418610284,0.0030486583768415316,0.30486583768415315,0.009528352239274415,-0.03829939671428572,0.4411331344096185,0.0003284538219651134,0.01812329500850652,0.46471056965940605,-0.006014500199905237,0.07737215379822515
barnyard,45,29,29,1.8456280608235607,0.007944076254379703,0.7944076254379703,0.010088565355227846,-0.03829939671428572,0.4409938852502223,0.0009594717209863157,0.030975340530598593,0.46479367121173704,-0.00637433209128746,0.017643521142573303
barnyard,45,96,96,0.32453806198654195,0.0013968985228363213,0.13968985228363212,-0.00023296347673404944,-0.03829939671428571,0.4412055783464685,8.996435818531268e-08,0.0002999405916172631,0.46483965102043834,-0.006573453511890204,-0.07038336661364723
barnyard,45,2,2,18.993376531507604,0.08175256688886388,8.175256688886389,0.0020087429355002085,-0.03829939671428571,0.4411192340235462,0.00039145340381618876,0.01978518141985182,0.46501892506829684,-0.007350010737638746,-0.017823030283642762
barnyard,45,83,83,0.45547229144159773,0.001960474426984242,0.1960474426984242,0.00391450906069992,-0.03829939671428571,0.4411977338828048,3.5648867541593354e-05,0.00597066726102254,0.46514008254414557,-0.007874995323846168,0.0029801341875017495
barnyard,45,112,112,0.2049420656064698,0.0008821254029814654,0.08821254029814654,0.028983136905041274,-0.03829939671428571,0.4410115732435407,0.0008793283123499362,0.029653470494192747,0.4652173274044157,-0.008209774589547303,0.053054460935624874
barnyard,45,88,88,0.3987069396982124,0.0017161411875693,0.17161411875693,0.026721530789684343,-0.03829939671428571,0.44088469457057256,0.0014541380327829367,0.03813316185137457,0.46530971889075823,-0.008610272352030046,0.007633668363128302
barnyard,45,31,31,1.7669514553930887,0.007605431125254109,0.760543112525411,0.024482835997196414,-0.038299396714285706,0.4400105737021939,0.005409750500589561,0.07355100611541479,0.46541360126284825,-0.009060675682491803,0.04341503515001554
barnyard,45,123,123,0.14130838831801498,0.0006082290554690068,0.06082290554690068,-0.0021252266181154464,-0.03829939671428571,0.4412048790436939,3.2599249925047147e-06,0.0018055262371199485,0.46552753075773434,-0.009554755974237494,-0.08485775482910993
barnyard,45,149,149,0.047843986858062536,0.00020593330150409103,0.020593330150409102,-0.021457839280981206,-0.03829939671428571,0.4411807753369988,0.00011251968550007874,0.010607529660593074,0.4658349339960255,-0.010888481026902985,-0.059444036431912525
barnyard,45,10,10,4.832061176185845,0.020798482242580997,2.0798482242581,-0.019767512590272724,-0.038299396714285706,0.43907290897405754,0.009644187454020514,0.09820482398548848,0.4659795325924143,-0.011516152896871468,0.10204343771882922
barnyard,45,21,21,2.355795283146291,0.010139972276251194,1.0139972276251195,-0.006671973549029263,-0.03829939671428571,0.4410874180426483,0.0005356428974818694,0.02314396028086389,0.46606425034412646,-0.011883985207405079,0.06351914645688238
alcohol,46,2,2,18.993376531507604,0.08175256688886388,8.175256688886389,0.13428640238607384,-0.008560888194285616,0.4967347672604098,0.5798595620697118,0.7614851029860741,0.5050371486769059,0.5256674566736015,0.7308364027875457
alcohol,46,13,13,3.6372389055710395,0.015655647979452337,1.5655647979452336,0.061035678148870176,-0.008560888194285644,0.7575091855032581,0.022940133644726246,0.1514600067500534,0.7108810045439335,0.06021157337724703,0.24802849254088027
alcohol,46,126,126,0.12786343418962204,0.0005503583809275011,0.0550358380927501,0.03089403343533488,-0.008560888194285687,0.7662711003853383,0.00020661038950531285,0.014373948292146251,0.7135264870165388,0.05320387483753164,0.23521857793501297
alcohol,46,17,17,2.835193416915173,0.012203429920673841,1.220342992067384,0.0109135729211158,-0.00856088819428572,0.7661311773847385,0.0005717065505901342,0.02391038583106146,0.7154186215327114,0.04817577575119092,0.2212552879273156
alcohol,46,102,102,0.26521662980912314,0.001141563230347246,0.1141563230347246,0.027001580296521843,-0.008560888194285717,0.7662248230495079,0.0003273675922921271,0.0180933024153198,0.7155646689205203,0.04778712041990363,0.21990540487638718
alcohol,46,38,38,1.4046655562384334,0.0060460558264808254,0.6046055826480825,0.031698586123315935,-0.008560888194285734,0.7654341230955358,0.002389512372216407,0.04888263876077416,0.7157444405299568,0.04730861064366321,0.2251066036541696
alcohol,46,162,162,0.01963327539417405,8.450686255006269e-05,0.008450686255006268,-0.02414820228832146,-0.008560888194285719,0.7663428453546995,1.9382908084120132e-05,0.004402602421762654,0.7162967488123559,0.045837743865656866,0.2189545551374684
alcohol,46,15,15,3.0995750706419116,0.013341399190889116,1.3341399190889116,-0.016485424097068872,-0.008560888194285726,0.7658036200906836,0.0014261295371091887,0.0377641302972702,0.7167607685973528,0.04460112350319789,0.2146843328804891
alcohol,46,14,14,3.320519093480101,0.01429240129290136,1.429240129290136,0.009049340617154145,-0.008560888194285712,0.7661738540989191,0.00046035876880268223,0.021455972800199986,0.7167983751559168,0.04450086632414385,0.21268139676935902
alcohol,46,99,99,0.29370606768199287,0.00126418938223047,0.12641893822304698,0.033876447004032625,-0.008560888194285745,0.7661315846740486,0.0005706439216814907,0.023888154421838136,0.7170632222074119,0.04379464854151427,0.21213135332571087
alcohol,46,8,8,5.894338989064857,0.025370809748850587,2.5370809748850585,-0.00962713721528187,-0.008560888194285712,0.7659957989394969,0.0009248813028329694,0.03041186121948263,0.717176403889184,0.04349276868604568,0.2099061350993498
alcohol,46,74,74,0.5732858092185649,0.0024675752827218373,0.24675752827218372,-0.08550089820924096,-0.00856088819428567,0.7636267004999715,0.007095273050002016,0.08423344377384957,0.7172504260598977,0.04329530988769448,0.21621259517119834
alcohol,46,98,98,0.30721620015604656,0.0013223406017848383,0.13223406017848383,-0.018729744161100882,-0.00856088819428571,0.7662803556455869,0.0001824586137344486,0.013507724224847065,0.7174107660053465,0.04286752311152875,0.20839404494535937
alcohol,46,43,43,1.2052848950466335,0.005187868193892744,0.5187868193892744,-0.016012816403604493,-0.008560888194285724,0.7661497625167538,0.0005232168594873077,0.02287393406232323,0.7174286923542882,0.04281968969183636,0.2090086106998652
alcohol,46,58,58,0.8337089469250283,0.0035885060424231266,0.3588506042423127,-0.028090128850768798,-0.008560888194285708,0.7659234013084406,0.001113726342965471,0.03337253875517145,0.717527121489088,0.04255702695261687,0.21552019826299856
alcohol,46,60,60,0.7889342692592156,0.0033957838676834506,0.33957838676834506,0.026517136748250982,-0.008560888194285719,0.765990315979231,0.0009391839127974588,0.03064610762882234,0.7176129488768501,0.04232796315407983,0.22098096324708832
alcohol,46,152,152,0.042752248545621555,0.00018401709949135805,0.018401709949135803,0.007338107079051315,-0.008560888194285724,0.7663487790212027,3.897477513059577e-06,0.001974203007096231,0.7189324581177372,0.038802890542990465,0.2084147864802087
alcohol,46,141,141,0.06592910925723788,0.00028377649995694223,0.028377649995694223,-0.009816708181347542,-0.008560888194285724,0.7663461508563637,1.0756365166120219e-05,0.003279689797238211,0.7190053061548386,0.03860808818161843,0.20654347235848614
alcohol,46,26,26,2.0190904580673434,0.008690704754575576,0.8690704754575576,0.013307930193929812,-0.008560888194285722,0.7661182679242576,0.0006053873920367492,0.024604621355282488,0.719137602331883,0.03825426554705613,0.20881501876657427
alcohol,46,101,101,0.27425084803589356,0.0011804489191897458,0.11804489191897458,-0.022088995213870293,-0.008560888194285715,0.7662634607136984,0.0002265460366276395,0.015051446330092819,0.7200856584434892,0.035716809753194356,0.19587673777245132
alcohol,46,78,78,0.5116066105971625,0.002202091533553649,0.2202091533553649,0.07090913822425769,-0.008560888194285755,0.764679689384376,0.004355089950977886,0.06599310532910203,0.7201047948926016,0.0356655569579758,0.22869165858425297
alcohol,46,109,109,0.22031063953247068,0.0009482758510488532,0.09482758510488531,-0.03553193194850699,-0.008560888194285738,0.7661698136085202,0.0004709010749728293,0.021700255182204174,0.7202037620229712,0.035400473399553434,0.1982249568978964
alcohol,46,80,80,0.49253109656412436,0.002119985424914227,0.21199854249142272,-0.016127270524155166,-0.008560888194285722,0.7662671663521544,0.000216876234773955,0.014726718398000802,0.7207456204805593,0.03394845922851153,0.19881752329791222
alcohol,46,79,79,0.5067088423753145,0.002181010230632151,0.2181010230632151,0.03432063403200842,-0.008560888194285715,0.7659629856097339,0.0010104751904315146,0.03178797241774941,0.7208780262246239,0.0335934864934615,0.1863814947385734
alcohol,46,142,142,0.06277937688081028,0.00027021921032185497,0.027021921032185498,-0.04364953229150413,-0.008560888194285734,0.7662726741643361,0.00020250360418161417,0.014230376108230561,0.7212401919013584,0.03262220653982373,0.20887946134846896
alcohol,46,54,54,0.9190804381071087,0.00395596774843876,0.395596774843876,-0.010104647602044164,-0.008560888194285722,0.7662893935099011,0.0001588738552317226,0.012604517255003913,0.721351482035942,0.03232364328119797,0.22005994416548957
alcohol,46,28,28,1.9355425295858428,0.00833109214960882,0.833109214960882,-0.012779269313983554,-0.008560888194285722,0.7661451908066066,0.000535144826425582,0.023133197496795235,0.7219239880958631,0.030787026429523134,0.1809801008377021
alcohol,46,42,42,1.255720404848894,0.005404956102503587,0.5404956102503587,-0.02108567912519466,-0.00856088819428571,0.765988008849514,0.0009452021597087246,0.030744140249953245,0.7224629698295988,0.02933927541275394,0.17946027953200214
alcohol,46,12,12,3.702816177625989,0.015937910078093306,1.5937910078093305,-0.004451072771949783,-0.008560888194285715,0.76630268099152,0.00012419900293081376,0.011144460638841286,0.7224767667841789,0.02930220143010065,0.20318076898904913
alcohol,46,35,35,1.49915077242777,0.006452745439763313,0.6452745439763313,0.013339014965552906,-0.008560888194285729,0.7661772128134982,0.00045159528593052833,0.021250771419655475,0.722598459494751,0.02897516864448213,0.20258953070054228
aftertaste,47,2,2,18.993376531507604,0.08175256688886388,8.175256688886389,0.052876310993316786,-0.008523159457142812,0.5572149429355016,0.14533953885232864,0.3812342309556275,0.5899719219347231,0.1908353931772232,0.46952949477627876
aftertaste,47,50,50,1.0296691782332121,0.004431971230985253,0.4431971230985253,0.04295400516819894,-0.00852315945714285,0.6011653465744037,0.005199533091102548,0.07210778800588888,0.6545631026678703,0.003958958850808103,0.16325235496234883
aftertaste,47,90,90,0.37729773726772353,0.001623990260595767,0.1623990260595767,0.06604892404554832,-0.008523159457142888,0.6013752277494381,0.004504794650580735,0.06711776702617933,0.6550229365884326,0.002559019460638523,0.1494217629258768
aftertaste,47,7,7,6.841401450017579,0.029447219599333545,2.9447219599333545,0.0055291373012775515,-0.008523159457142845,0.6025618223672721,0.0005724257054873227,0.023925419651219297,0.657232681682657,-0.004182143274175321,0.13165072611710388
aftertaste,47,42,42,1.255720404848894,0.005404956102503587,0.5404956102503587,-0.01037060814459283,-0.008523159457142849,0.6026229544052987,0.00036962446098509627,0.019225619911587697,0.6573744157832169,-0.004615299455960065,0.1405982524940036
aftertaste,47,84,84,0.45053788384121485,0.0019392354183889022,0.1939235418388902,0.008836063240342671,-0.008523159457142857,0.6027053429106766,9.627382997612344e-05,0.009811922848059103,0.6575112519690619,-0.005033575646389066,0.12739568247451402
aftertaste,47,130,130,0.1079222956184087,0.00046452639301430084,0.046452639301430086,0.028212970185807033,-0.008523159457142878,0.6026634992691041,0.00023510837402263007,0.015333244080187694,0.6578788774570732,-0.0061577518416646715,0.11637347500764453
aftertaste,47,132,132,0.0994625974571709,0.00042811359202344425,0.042811359202344426,-0.02708115219375895,-0.008523159457142842,0.6026741886292427,0.00019964267295036198,0.014129496556849369,0.6581472790732986,-0.0069789043803987205,0.11624062904882598
aftertaste,47,117,117,0.17107781921176593,0.0007363646392788439,0.0736364639278844,0.012596577298423632,-0.008523159457142847,0.6027119669667045,7.429474921960555e-05,0.008619440191765212,0.6582271982341344,-0.007223475155824,0.11902481022668715
aftertaste,47,67,67,0.6634921720629949,0.002855847568063354,0.2855847568063354,-0.007444614083399676,-0.008523159457142852,0.6027040264069133,0.00010064205267767967,0.010032051269681385,0.6583026498684863,-0.007454401538858901,0.1144682550992301
aftertaste,47,96,96,0.32453806198654195,0.0013968985228363213,0.13968985228363212,0.022287726257881474,-0.00852315945714287,0.6026013730920681,0.0004412213020820177,0.021005268436321035,0.6583234848939408,-0.007518173636001935,0.11137386335753385
aftertaste,47,13,13,3.6372389055710395,0.015655647979452337,1.5655647979452336,0.024640571436866408,-0.00852315945714282,0.6009100989672775,0.00604411448423936,0.0777439031965797,0.6584095587389936,-0.007781650891211633,0.11618333571933624
aftertaste,47,64,64,0.7082874418610284,0.0030486583768415316,0.30486583768415315,0.01174922874886744,-0.008523159457142857,0.602653705858445,0.00026760089631483464,0.016358511433338996,0.6585927897245017,-0.008342646754650795,0.11909566638437476
aftertaste,47,51,51,0.9645910051163866,0.0041518573875139455,0.41518573875139453,0.002907151173413857,-0.00852315945714285,0.6027276332512892,2.2311961047960516e-05,0.00472355385781117,0.6586230474196307,-0.008435301353151292,0.11075768443865636
aftertaste,47,75,75,0.5611254707768586,0.002415233937295569,0.2415233937295569,0.005239719074532467,-0.008523159457142852,0.6027216505924221,4.216336775642038e-05,0.006493332561662089,0.6588039635782835,-0.008989388547869792,0.11559118107058015
aftertaste,47,17,17,2.835193416915173,0.012203429920673841,1.220342992067384,0.004722660831853333,-0.008523159457142852,0.6026821982618303,0.00017306749555534573,0.013155511983776935,0.6589242451241933,-0.009357855919397862,0.10976794072804276
aftertaste,47,112,112,0.2049420656064698,0.0008821254029814654,0.08821254029814654,0.04026228089697392,-0.00852315945714285,0.6024602745268437,0.0009092580642491299,0.030153906285073518,0.6593492674920316,-0.01066039722598977,0.11396609752562771
aftertaste,47,66,66,0.6772016658621743,0.0029148568920227165,0.29148568920227164,-0.03371612016498921,-0.00852315945714285,0.6020990595120863,0.0021069416446968248,0.04590143401569109,0.659422656811086,-0.010885394234007695,0.10583378138470191
aftertaste,47,44,44,1.155571006972621,0.00497388633798976,0.49738863379897597,-0.010366503033036685,-0.008523159457142852,0.6026319212056331,0.0003398760001712686,0.018435726190500434,0.6594804323763657,-0.01106254020570474,0.0979586699311689
aftertaste,47,136,136,0.0823057492772276,0.00035426593380921706,0.0354265933809217,0.009404520507606689,-0.008523159457142854,0.6027283531019508,1.9923369616092756e-05,0.0044635601951802505,0.6594998966351626,-0.01112222316942324,0.10634487356821931
aftertaste,47,97,97,0.3149723405638439,0.0013557251022414056,0.13557251022414055,0.006144925080991255,-0.008523159457142847,0.6027245474857913,3.255104277988252e-05,0.005705352117070223,0.6595285904396939,-0.011210209762691159,0.10178396677717323
aftertaste,47,147,147,0.050993323175666634,0.0002194888863961903,0.02194888863961903,0.034945537965892205,-0.008523159457142831,0.6026829919976672,0.0001704339384606124,0.013055034985041137,0.6595913966408404,-0.011402811862930795,0.09744397369869578
aftertaste,47,110,110,0.2193434475927778,0.0009441127985440527,0.09441127985440527,-0.03144818619679555,-0.00852315945714284,0.602555405775157,0.0005937111062862543,0.024366187766785917,0.6596513746066176,-0.011586757989575203,0.0565070140565559
aftertaste,47,54,54,0.9190804381071087,0.00395596774843876,0.395596774843876,-0.015508899788698004,-0.008523159457142862,0.6025519944928781,0.0006050270691987381,0.02459729800605321,0.6596811207326443,-0.011677992440986884,0.116920353567437
aftertaste,47,120,120,0.1515182600336935,0.0006521750710170109,0.06521750710170109,-0.03088362887520021,-0.008523159457142822,0.6026151454208719,0.0003955313647998615,0.019887970353955727,0.6596958360846594,-0.01172312747171489,0.1060303948896587
aftertaste,47,59,59,0.8213598636507362,0.0035353522888120735,0.35353522888120736,0.007229231177113939,-0.008523159457142847,0.6026989506600653,0.00011748353513441057,0.010838982200099,0.6597384313354558,-0.011853781598238466,0.08968448267948999
aftertaste,47,12,12,3.702816177625989,0.015937910078093306,1.5937910078093305,-0.006607405227656994,-0.008523159457142849,0.6026010060554756,0.00044243893799456036,0.021034232526870904,0.6603248230595603,-0.013653301966053633,0.10807365621782763
aftertaste,47,72,72,0.595701772926808,0.002564059579202587,0.2564059579202587,-0.02753783985910345,-0.008523159457142857,0.6023616412516948,0.001236368513054642,0.03516203226570703,0.6605837510087873,-0.014448409526276462,0.07311016667751004
aftertaste,47,19,19,2.642787236139327,0.011375262315108048,1.1375262315108048,-0.0004987704093576661,-0.00852315945714285,0.6027338151072614,1.799379897859943e-06,0.0013414096681084726,0.6606592320752895,-0.014680253020592504,0.14374217542836895
aftertaste,47,1,1,33.276548823089044,0.14323115634427935,14.323115634427936,-0.010018117308189826,-0.008523159457142836,0.5999733879659596,0.00914049693783725,0.09560594614268053,0.6606670827550333,-0.014704368257773659,0.08892340412568059
body,48,2,2,18.993376531507604,0.08175256688886388,8.175256688886389,0.07251437346579219,0.004674590925714338,0.4546105513299121,0.3245470447946712,0.5696903060388787,0.49153550107392885,0.3077990638262045,0.555293491415184
body,48,13,13,3.6372389055710395,0.015655647979452337,1.5655647979452336,0.06144654491598298,0.004674590925714357,0.5406653345454345,0.04462662534126183,0.21125014873666217,0.5697080357799169,0.070119602603536,0.27632539241804954
body,48,1,1,33.276548823089044,0.14323115634427935,14.323115634427936,-0.016688894899129825,0.004674590925714307,0.5447553346725846,0.030117624949530075,0.17354430255565845,0.5767523765295781,0.046981815508410185,0.23227667269254287
body,48,126,126,0.12786343418962204,0.0005503583809275011,0.0550358380927501,0.03431867335939048,0.004674590925714315,0.5530134162807286,0.0004893669440659831,0.022121639723716554,0.5800926219806701,0.03591109321959329,0.20207395204813597
body,48,113,113,0.1983147237529515,0.0008535995530739284,0.08535995530739283,0.016032146744558492,0.004674590925714288,0.5531029654880036,0.00016564014467712607,0.012870126055208696,0.5802719732107469,0.03531485305120874,0.1940427165781126
body,48,127,127,0.124974966355452,0.0005379256436820938,0.05379256436820938,-0.029108745659100797,0.004674590925714295,0.5530535990049265,0.0003441100006705833,0.01855020217330501,0.5813520006655851,0.0317204831890574,0.18635560117309127
body,48,125,125,0.13713763992531633,0.0005902770401238105,0.05902770401238105,-0.022870687683460646,0.004674590925714281,0.5530843059406092,0.00023310006838062058,0.015267615019400427,0.5814958135701932,0.031241364468010402,0.19304889928197103
body,48,167,167,0.01330567343180336,5.727117321295693e-05,0.0057271173212956935,-0.017049332214084976,0.004674590925714266,0.5531453031074958,1.256836804275352e-05,0.0035451894226915595,0.5815959070496678,0.030907828900586187,0.2370496574314354
body,48,6,6,7.286404531681817,0.03136263175046718,3.1362631750467185,0.0024665194662596202,0.004674590925714285,0.5531089375622571,0.00014404880401552855,0.012002033328375156,0.5816347388730654,0.03077841646189383,0.18281578967507325
body,48,30,30,1.7954555031501611,0.007728120161982139,0.7728120161982139,-0.006068358887986836,0.0046745909257142875,0.5530893527640989,0.0002148544951796616,0.014657915785667936,0.5822394901758059,0.02876188377265254,0.18265528872778766
body,48,42,42,1.255720404848894,0.005404956102503587,0.5404956102503587,-0.018235209947194114,0.004674590925714288,0.5527733732765421,0.0013568810279577237,0.03683586605412871,0.5822541797779038,0.028712875480751077,0.17183707374972243
body,48,54,54,0.9190804381071087,0.00395596774843876,0.395596774843876,-0.02218696141208348,0.004674590925714268,0.5527420099358912,0.001470200146791445,0.038343189053486305,0.5822684767176904,0.028665176024039507,0.18762856295424032
body,48,76,76,0.5379049081433639,0.0023152864320827534,0.23152864320827535,-0.007012256550403044,0.00467459092571429,0.5531250069905411,8.595049531268106e-05,0.009270948997412537,0.5826754586136658,0.027306854703668004,0.16882397772785704
body,48,26,26,2.0190904580673434,0.008690704754575576,0.8690704754575576,0.013848598610181603,0.004674590925714278,0.5528006476732235,0.0012583304759706815,0.035472954147782614,0.5828414984517268,0.026752416306179305,0.16477997167446154
body,48,51,51,0.9645910051163866,0.0041518573875139455,0.41518573875139453,0.006221622634066954,0.004674590925714285,0.553115220674767,0.00012133268901448613,0.011015111847565802,0.5830615531122207,0.026017368794289175,0.1734535684512466
body,48,49,49,1.0562361022533222,0.004546322369624689,0.45463223696246885,-0.03211530381908106,0.004674590925714295,0.5521688173026269,0.003540074164259499,0.05949852237038652,0.5832229505204043,0.025478077433029322,0.18139598132001672
body,48,59,59,0.8213598636507362,0.0035353522888120735,0.35353522888120736,0.01337863170662854,0.004674590925714292,0.553016635040069,0.0004777318066391256,0.021857076809104214,0.5832837867279677,0.025274761325570383,0.1632914459625682
body,48,78,78,0.5116066105971625,0.002202091533553649,0.2202091533553649,0.03874734282268539,0.004674590925714263,0.5524580139293099,0.0024960155179126753,0.04996013929036276,0.5834464597136972,0.02473100002383377,0.17248702886554956
body,48,139,139,0.07169666485591748,0.00030860160012194534,0.030860160012194535,-0.01228654446389272,0.004674590925714286,0.5531390517005949,3.5171083716090124e-05,0.005930521369671565,0.5834581869251056,0.024691794024738423,0.17223086481321023
body,48,101,101,0.27425084803589356,0.0011804489191897458,0.11804489191897458,-0.01696770518993396,0.004674590925714286,0.5530778114132554,0.000256579220790365,0.016018090422719122,0.5835005026184278,0.024550319141152133,0.15710281478741486
body,48,115,115,0.1812286286340857,0.0007800564349370663,0.07800564349370663,-0.02620008596421593,0.004674590925714268,0.5530369602645983,0.00040425883469774604,0.020106188965039084,0.5835072855240575,0.02452764076621261,0.18793253180924888
body,48,80,80,0.49253109656412436,0.002119985424914227,0.21199854249142272,-0.008397188710682638,0.004674590925714281,0.5531175649516036,0.00011285706846098087,0.010623420751385082,0.583532984864866,0.024441713651721986,0.18696623232428589
body,48,12,12,3.702816177625989,0.015937910078093306,1.5937910078093305,-0.00842844536805043,0.004674590925714287,0.5529123183896069,0.0008547800704487019,0.029236622076578116,0.5836542467102894,0.024036217158034723,0.16856851803642897
body,48,91,91,0.3719439901607688,0.0016009463027328078,0.16009463027328077,0.005073240444398483,0.0046745909257142875,0.5531401753921861,3.110826006380574e-05,0.005577477930378697,0.5837608501486208,0.023679668406827115,0.19747599154182924
body,48,79,79,0.5067088423753145,0.002181010230632151,0.2181010230632151,0.03694436897256552,0.004674590925714286,0.5525268535838663,0.0022474098096230133,0.04740685403634028,0.5847136713210563,0.02048994483340094,0.15935794709673867
body,48,74,74,0.5732858092185649,0.0024675752827218373,0.24675752827218372,-0.058760057105964054,0.004674590925714315,0.5513669137083896,0.006432249666414647,0.08020130713656998,0.5855261859559248,0.017765810750721034,0.15517198978862715
body,48,50,50,1.0296691782332121,0.004431971230985253,0.4431971230985253,0.007993620471245662,0.004674590925714285,0.553089643850155,0.0002138021386656197,0.014621974513234555,0.5855589710610695,0.017655812074323762,0.22965723142225114
body,48,71,71,0.6014008530550752,0.0025885899426489316,0.25885899426489317,0.025931199160852493,0.004674590925714278,0.5527852065313024,0.0013141245367860321,0.03625085566970985,0.5856493702558268,0.01735247805431639,0.13212347711913172
body,48,9,9,5.4895726777211715,0.023628587406888897,2.36285874068889,-0.0009650028051627006,0.004674590925714284,0.5531441847231734,1.661204021807805e-05,0.004075787067311643,0.5868644505803859,0.0132707378314737,0.16351512502779936
body,48,119,119,0.15928142335834425,0.0006855897999839676,0.06855897999839676,-0.035312065093314415,0.004674590925714296,0.5529702453045593,0.0006454143895872066,0.025405007175499754,0.5872638435486104,0.011927235667866909,0.10969353483537582
co2,49,2,2,18.993376531507604,0.08175256688886388,8.175256688886389,0.06733060374917281,0.015512538040000048,0.5239186883541108,0.23774479323252673,0.4875908051148287,0.4583916564317247,0.32316245908522945,0.5827669120416852
co2,49,39,39,1.3819623178331806,0.005948335022955433,0.5948335022955432,0.04456797385870972,0.01551253804,0.5978078451358881,0.0075792424806334635,0.08705884493050353,0.55638434769988,0.002849208174340645,0.12504103202381947
co2,49,96,96,0.32453806198654195,0.0013968985228363213,0.13968985228363212,0.011371650530822045,0.015512538039999989,0.6000515011634316,0.0001158767928419735,0.010764608345960491,0.5574620173550463,-0.0010173271028612874,0.10690617199433344
co2,49,60,60,0.7889342692592156,0.0033957838676834506,0.33957838676834506,0.012552836436086017,0.015512538039999997,0.599983272075173,0.0003432482881238208,0.018526961114107093,0.5576100619231359,-0.0015490758184371067,0.0922608853781109
co2,49,110,110,0.2193434475927778,0.0009441127985440527,0.09441127985440527,0.02449788578202916,0.01551253803999999,0.5999772043393565,0.0003634675931853959,0.019064826072782905,0.558113993809013,-0.0033601642915799257,0.08963697310306482
co2,49,50,50,1.0296691782332121,0.004431971230985253,0.4431971230985253,0.013193481296053486,0.01551253804,0.5999377663343755,0.0004948805020458247,0.022245909782382643,0.5581638521168861,-0.003539439762278773,0.09210216766482317
co2,49,100,100,0.28021897028297404,0.0012061373117931349,0.12061373117931348,0.02156564758513299,0.015512538039999984,0.599978293736133,0.0003598374492507217,0.018969381889002157,0.5590529457252458,-0.006739041881696606,0.08974466188748845
co2,49,94,94,0.3391832803770697,0.001459935455426348,0.1459935455426348,0.008092702911680611,0.015512538040000003,0.6000678669027382,6.133458765378297e-05,0.007831640163707026,0.5592207821682655,-0.007343610248519816,0.06382658719142233
co2,49,121,121,0.14879044304209832,0.0006404338179177515,0.06404338179177514,-0.06276730415373763,0.01551253804000002,0.5996004390744293,0.0016185488374582668,0.04023119234447825,0.5595290989051875,-0.008454679513067997,0.042620407781706185
co2,49,132,132,0.0994625974571709,0.00042811359202344425,0.042811359202344426,-0.0034030690412807586,0.015512538040000001,0.6000853159415057,3.1804248326050555e-06,0.0017833745631919945,0.5598621493961982,-0.00965556892626851,0.12209918423881708
co2,49,10,10,4.832061176185845,0.020798482242580997,2.0798482242581,-0.003433055148037099,0.01551253804,0.6000390879651905,0.00015724534682526325,0.012539750668393362,0.5599038113029144,-0.009805840707518554,0.049866324200827206
co2,49,23,23,2.2519267539731596,0.009692894377027327,0.9692894377027327,-0.010329544688711806,0.015512538039999997,0.5998871771193575,0.0006634381436865233,0.0257572930193875,0.5599182262320329,-0.00985783702081977,0.04222685849287494
co2,49,18,18,2.811988572614195,0.012103550071363508,1.210355007136351,-0.00256757981364541,0.015512538039999997,0.6000709122116954,5.1185302650358366e-05,0.007154390445755698,0.5604972925143278,-0.011947702941512928,0.061905631757358935
co2,49,56,56,0.8711000307818646,0.003749447256797635,0.3749447256797635,0.001993245678993255,0.015512538040000001,0.6000834030052201,9.555942119487959e-06,0.003091268690940482,0.5605006570058175,-0.011959851794678622,0.04250988999482672
co2,49,125,125,0.13713763992531633,0.0005902770401238105,0.05902770401238105,-0.0003053619616464223,0.01551253804,0.6000862596130463,3.530777614724201e-08,0.00018790363512159614,0.5605314285247222,-0.012070968155033723,0.07353014082761351
co2,49,105,105,0.2424908328388066,0.001043745328731041,0.10437453287310411,-0.03120539669892748,0.015512538040000023,0.5998906142565315,0.00065198643470743,0.025534025039299406,0.5607169487134988,-0.012741013255424205,0.02451089766853897
co2,49,72,72,0.595701772926808,0.002564059579202587,0.2564059579202587,-0.015166369763989926,0.015512538039999996,0.5999727427866056,0.0003783345398173932,0.019450823628253438,0.5607294794531301,-0.012786278645674498,-4.841316649537089e-06
co2,49,29,29,1.8456280608235607,0.007944076254379703,0.7944076254379703,-0.03432592344166219,0.015512538040000013,0.5982819668640871,0.006004439350867363,0.07748831751217329,0.5608002385316679,-0.013041904034129415,0.024139149656076487
co2,49,120,120,0.1515182600336935,0.0006521750710170109,0.06521750710170109,0.0017793148033374917,0.015512538039999997,0.6000858727974286,1.3245073640089089e-06,0.001150872436063708,0.5608487014369716,-0.01321700051883079,-0.07820923995777991
co2,49,86,86,0.41533279370058884,0.001787703304982126,0.1787703304982126,0.02026005273533589,0.01551253804,0.5999450177545802,0.00047071841115198243,0.021696045979668042,0.560900889120308,-0.013405571546972306,0.07989783241223858
co2,49,112,112,0.2049420656064698,0.0008821254029814654,0.08821254029814654,0.04917404484977797,0.01551253804,0.5996755754787096,0.0013683172247603848,0.036990772156855194,0.5609624694062493,-0.013628103661970314,0.08214436983334024
co2,49,13,13,3.6372389055710395,0.015655647979452337,1.5655647979452336,0.02278317022940817,0.015512538040000025,0.5985201151732846,0.005212954771576905,0.07220079481263962,0.5610277454283165,-0.013864017698041575,0.053472702638588235
co2,49,36,36,1.4487161870049226,0.006235661509928422,0.6235661509928423,0.010751405472953933,0.015512538039999992,0.599947520677463,0.0004623784804732578,0.021502987710393266,0.561052954496226,-0.013955133124336827,0.017928576085861934
co2,49,65,65,0.688020226856627,0.0029614228688448502,0.296142286884485,-0.0004680569676310042,0.01551253804,0.6000861453345783,4.161811963943052e-07,0.0006451210710893707,0.561102161480728,-0.014132998197772473,-0.07608569048454573
co2,49,80,80,0.49253109656412436,0.002119985424914227,0.21199854249142272,0.0011379119432215425,0.01551253804,0.6000857418606008,1.7609003739593732e-06,0.0013269892139539771,0.5611868879888148,-0.014439289781859266,-0.051889145960985754
co2,49,20,20,2.5174618342412147,0.01083582830322749,1.083582830322749,0.0012306239624770615,0.01551253804,0.6000831116966829,1.0526826104140241e-05,0.0032445070664362907,0.5612466306542373,-0.014655291026111072,-0.05109883385496434
co2,49,97,97,0.3149723405638439,0.0013557251022414056,0.13557251022414055,0.013578709615637693,0.015512538040000008,0.6000381558878084,0.00016035157810923018,0.012663000359678536,0.5612947095526982,-0.014829138299492506,0.04365616618741219
co2,49,79,79,0.5067088423753145,0.002181010230632151,0.2181010230632151,0.02624947075892843,0.01551253804,0.5997969546384766,0.0009640141422952997,0.031048577138016988,0.5613907006283789,-0.015176274549817625,0.07004249925449416
co2,49,51,51,0.9645910051163866,0.0041518573875139455,0.41518573875139453,0.0042764788031581895,0.01551253804,0.6000716555488849,4.8707930103919495e-05,0.006979106683796421,0.5614787883988465,-0.015494882002207389,0.06562535211813461
co2,49,142,142,0.06277937688081028,0.00027021921032185497,0.027021921032185498,-0.022469168021181346,0.015512538039999989,0.6000600118226063,8.751344963731089e-05,0.009354862352673932,0.5615534110495338,-0.015764826146394517,0.08570889586532311
overall,50,121,121,0.14879044304209832,0.0006404338179177515,0.06404338179177514,-0.2936506451285919,0.010695019108571516,0.5397778049350124,0.041947623547956,0.20481118999692385,0.5269368767599353,0.02309866179422737,0.20289778609905595
overall,50,29,29,1.8456280608235607,0.007944076254379703,0.7944076254379703,-0.019024084089502853,0.010695019108571428,0.5508656115181926,0.0021838464782504285,0.0467316432222357,0.5328187393105533,0.0011678798454990424,0.18982270518956043
overall,50,147,147,0.050993323175666634,0.0002194888863961903,0.02194888863961903,-0.009407696846597835,0.010695019108571416,0.5514640328947434,1.475537835882168e-05,0.0038412730128053745,0.5357913822523371,-0.010008355774755895,0.15252241343266226
overall,50,25,25,2.0619953390939854,0.008875378825042756,0.8875378825042756,0.005660173800277735,0.010695019108571416,0.5514085446539557,0.00021598203017814122,0.014696327098229111,0.5358601237085502,-0.010267538364564954,0.050481306348693314
overall,50,110,110,0.2193434475927778,0.0009441127985440527,0.09441127985440527,0.07121174936919031,0.010695019108571397,0.5504644471392177,0.00363662383624197,0.06030442634037707,0.5362787975533868,-0.01184682300479789,0.08274691093969534
overall,50,1,1,33.276548823089044,0.14323115634427935,14.323115634427936,0.0005355664756473042,0.010695019108571421,0.5514594968986101,3.120580949333984e-05,0.005586216026367079,0.5364146064557529,-0.01235937433845935,0.15136691663069574
overall,50,10,10,4.832061176185845,0.020798482242580997,2.0798482242581,0.0016368066916507583,0.010695019108571421,0.5514564308854143,4.2325063083770154e-05,0.006505771521039866,0.5365067376161613,-0.012707157014408388,0.04716555875831492
overall,50,32,32,1.7130806714526785,0.007373556878979988,0.7373556878979988,0.0029671224234217005,0.010695019108571424,0.5514545053525554,4.930820043136386e-05,0.007021979808529046,0.5365151914775781,-0.012739072190163236,0.01958023066365647
overall,50,61,61,0.7706106365714271,0.0033169140572276634,0.33169140572276634,-0.0011389720273661565,0.010695019108571421,0.5514672002677256,3.268372304909839e-06,0.0018078640172733559,0.5365851956739457,-0.013003372665671531,0.014152157202237432
overall,50,35,35,1.49915077242777,0.006452745439763313,0.6452745439763313,0.00023262560244416967,0.010695019108571421,0.5514680283356864,2.652349442300306e-07,0.0005150096544272607,0.536716514551889,-0.013499259414523124,0.024684168516496737
overall,50,43,43,1.2052848950466335,0.005187868193892744,0.5187868193892744,-0.003556401186190499,0.01069501910857142,0.5514543586004027,4.9840410779378175e-05,0.007059774130898621,0.5367770514600178,-0.01372789993515,0.021709238420981585
overall,50,93,93,0.3431824800366267,0.0014771490791929012,0.14771490791929012,0.009789804804228143,0.010695019108571414,0.5514384500390567,0.00010753345011083049,0.010369833658788826,0.536798758638954,-0.01380989158438184,0.033303672730513954
overall,50,52,52,0.9382035888706446,0.004038278898292941,0.40382788982929413,-0.002137545229139989,0.010695019108571423,0.5514642369990672,1.4015161997504855e-05,0.0037436829456705466,0.5369274744180116,-0.014296140753257802,-0.007054581514801402
overall,50,4,4,11.331805194940767,0.048775116980078984,4.877511698007899,-0.0013853091240327627,0.010695019108571421,0.5514484967331958,7.109890227097182e-05,0.008432016500863873,0.5371165383448089,-0.015010578300570065,-0.033033676925741016
overall,50,69,69,0.6285796789101241,0.0027055748702625,0.27055748702625004,0.0009233639116033338,0.010695019108571421,0.5514676183365238,1.7521711956902664e-06,0.0013236960359955202,0.5371201541370877,-0.015024244160781741,-0.012535539266887427
overall,50,22,22,2.3276533586627237,0.010018841914837696,1.0018841914837695,-0.0032461912653718545,0.010695019108571423,0.5514459890625363,8.019308488438348e-05,0.008955059178153734,0.537360620330343,-0.015933290863626715,-0.006417043274063029
overall,50,88,88,0.3987069396982124,0.0017161411875693,0.17161411875693,0.036906667951114885,0.010695019108571424,0.5509783032709042,0.001775553963719867,0.042137322692833504,0.5373861108520546,-0.016029677844185075,0.021074582613518477
overall,50,164,164,0.017524364135174095,7.542954507162131e-05,0.007542954507162131,0.007852229972124909,0.01069501910857143,0.5514671274015384,3.5326344193231662e-06,0.0018795303720134616,0.5375298063953377,-0.016573117480805477,0.009831073358119134
overall,50,37,37,1.4348816047509763,0.006176113771840935,0.6176113771840935,0.020838200056392017,0.010695019108571423,0.5509061243643707,0.0020370743509626754,0.04513396006293636,0.5376237491081215,-0.016928476310685836,0.005614410072550239
overall,50,56,56,0.8711000307818646,0.003749447256797635,0.3749447256797635,-0.01586921274579193,0.010695019108571407,0.5512703054754206,0.000717214729691662,0.026780864991475015,0.537710993570212,-0.017258553160183876,0.015280750586925252
overall,50,99,99,0.29370606768199287,0.00126418938223047,0.12641893822304698,0.025935868703693167,0.010695019108571398,0.5512899680230253,0.0006459292076953504,0.025415137373136287,0.5377790013748929,-0.017515888036125915,0.07766253529348836
overall,50,90,90,0.37729773726772353,0.001623990260595767,0.1623990260595767,-0.014032221347057908,0.01069501910857143,0.5514011246945143,0.0002428887838848981,0.015584889601303928,0.5378222875584937,-0.017679695667194073,-0.015223571216028907
overall,50,62,62,0.7555738382193433,0.003252191659868045,0.3252191659868045,-0.005288885207807056,0.010695019108571421,0.5514490480252922,6.909961066392523e-05,0.008312617557902592,0.5380411600835554,-0.018508175458723963,0.00131477781183086
overall,50,27,27,1.938381789063368,0.008343313080940655,0.8343313080940655,-0.01350787010160831,0.010695019108571421,0.5511491684528552,0.0011563344872045356,0.03400491857370775,0.5382691486582596,-0.019371519909752832,0.01537230369586867
overall,50,13,13,3.6372389055710395,0.015655647979452337,1.5655647979452336,0.01061346603501831,0.010695019108571433,0.5510986200396906,0.0013395431350562426,0.03659976960387124,0.5385984445048029,-0.020619139194575142,-0.030347825535531985
overall,50,100,100,0.28021897028297404,0.0012061373117931349,0.12061373117931348,-0.02276303757426842,0.010695019108571438,0.5513371922241846,0.00047470998825660526,0.021787840376153052,0.5386573179324058,-0.02084227623347945,-0.0546543974025252
overall,50,85,85,0.4367459303637133,0.0018798711659439974,0.18798711659439973,0.01954136717398863,0.010695019108571418,0.551317732308517,0.0005452669354804041,0.023350951489833034,0.5388965866411491,-0.02174938304759788,-0.01423166294027471
overall,50,39,39,1.3819623178331806,0.005948335022955433,0.5948335022955432,0.015423677546491191,0.010695019108571421,0.5511716527163828,0.0010748366874110404,0.03278470203328228,0.5388990632776023,-0.021758774487979915,-0.11293107778271844
overall,50,18,18,2.811988572614195,0.012103550071363508,1.210355007136351,-0.015271522886889093,0.010695019108571414,0.5508765779255983,0.0021441178506297343,0.046304620186648764,0.5389187996719664,-0.021833616716385063,-0.04803690382162461
overall,50,66,66,0.6772016658621743,0.0029148568920227165,0.29148568920227164,-0.04006438847058936,0.010695019108571423,0.5504872974510538,0.0035539021036747886,0.05961461317223025,0.5392797510169929,-0.02320286096930957,0.06981492467748077
