repeat,seed,synth,downstream,regime,descriptor,r2,rmse
0,0,Bootstrapping,GBDT,TSTR,A_malt_all,0.5514678955078125,0.5716793976507049
0,0,Bootstrapping,GBDT,TSTR,A_malt_grain,-0.4099740982055664,0.535872210204166
0,0,Bootstrapping,GBDT,TSTR,A_malt_bread,-0.0012922286987304688,0.5193937306062096
0,0,Bootstrapping,GBDT,TSTR,A_malt_cara,0.3205636143684387,0.49033420047914567
0,0,Bootstrapping,GBDT,TSTR,A_malt_burn,0.4659044146537781,0.7193943121179638
0,0,Bootstrapping,GBDT,TSTR,A_hops_all,0.09479033946990967,0.6551686642337424
0,0,Bootstrapping,GBDT,TSTR,A_hops_citrus,0.027681350708007812,0.48690807279168846
0,0,Bootstrapping,GBDT,TSTR,A_hops_tropical,-0.2887176275253296,0.6619537080500851
0,0,Bootstrapping,GBDT,TSTR,A_hops_noble,0.16237670183181763,0.5332068698178649
0,0,Bootstrapping,GBDT,TSTR,A_hops_woody,0.0166054368019104,0.4188477373645621
0,0,Bootstrapping,GBDT,TSTR,A_esters_all,-0.08336424827575684,0.6471935427764429
0,0,Bootstrapping,GBDT,TSTR,A_esters_ethac,-0.08166635036468506,0.4899874517478677
0,0,Bootstrapping,GBDT,TSTR,A_esters_isoaa,0.0014088749885559082,0.49710150360393407
0,0,Bootstrapping,GBDT,TSTR,A_esters_flower,-0.1094820499420166,0.45087684133485223
0,0,Bootstrapping,GBDT,TSTR,A_esters_fruity,-0.17692840099334717,0.590000333907146
0,0,Bootstrapping,GBDT,TSTR,F_malt_all,0.4632341265678406,0.5612028848969529
0,0,Bootstrapping,GBDT,TSTR,F_malt_grain,-0.2562776803970337,0.4580990308033954
0,0,Bootstrapping,GBDT,TSTR,F_malt_bread,0.23728543519973755,0.47915065434556586
0,0,Bootstrapping,GBDT,TSTR,F_malt_cara,0.15800577402114868,0.5073461885807795
0,0,Bootstrapping,GBDT,TSTR,F_malt_burn,0.47893357276916504,0.6074208691947436
0,0,Bootstrapping,GBDT,TSTR,F_hops_all,0.06729179620742798,0.6086670602464326
0,0,Bootstrapping,GBDT,TSTR,F_hops_citrus,-0.2115849256515503,0.5224266254887345
0,0,Bootstrapping,GBDT,TSTR,F_hops_tropical,-0.1518007516860962,0.5972544747029688
0,0,Bootstrapping,GBDT,TSTR,F_hops_noble,0.169611394405365,0.5436477806210902
0,0,Bootstrapping,GBDT,TSTR,F_hops_woody,0.07834869623184204,0.409732617993485
0,0,Bootstrapping,GBDT,TSTR,F_esters_all,0.19677072763442993,0.5154243136491159
0,0,Bootstrapping,GBDT,TSTR,F_esters_ethac,0.20454370975494385,0.45396370384619067
0,0,Bootstrapping,GBDT,TSTR,F_esters_isoaa,-0.048568129539489746,0.5501003249740404
0,0,Bootstrapping,GBDT,TSTR,F_esters_flower,-0.46184873580932617,0.4850282417264534
0,0,Bootstrapping,GBDT,TSTR,F_esters_fruity,0.23009192943572998,0.49386951110771155
0,0,Bootstrapping,GBDT,TSTR,acidity,0.6646976470947266,0.5420835950598157
0,0,Bootstrapping,GBDT,TSTR,bitternes,0.558268666267395,0.4860800911073524
0,0,Bootstrapping,GBDT,TSTR,sweetness,0.4391498565673828,0.4985410744131768
0,0,Bootstrapping,GBDT,TSTR,X4vg,0.14493036270141602,0.5276460981762094
0,0,Bootstrapping,GBDT,TSTR,diacetyl,-0.42683112621307373,0.47603761189888183
0,0,Bootstrapping,GBDT,TSTR,dms,0.1681678295135498,0.5214491414372417
0,0,Bootstrapping,GBDT,TSTR,metallic,-0.09641444683074951,0.45925062857425475
0,0,Bootstrapping,GBDT,TSTR,stale_hops,-0.17702031135559082,0.49979056501989316
0,0,Bootstrapping,GBDT,TSTR,t2n,-0.39208340644836426,0.47903795344900607
0,0,Bootstrapping,GBDT,TSTR,orange,0.1390400528907776,0.34504880243816877
0,0,Bootstrapping,GBDT,TSTR,coriander,0.32288628816604614,0.5371955941096982
0,0,Bootstrapping,GBDT,TSTR,clove,-0.19298028945922852,0.46693847615402034
0,0,Bootstrapping,GBDT,TSTR,lactic,0.5696829557418823,0.6362083120872172
0,0,Bootstrapping,GBDT,TSTR,acetic,0.7462751865386963,0.41321803296322734
0,0,Bootstrapping,GBDT,TSTR,barnyard,-0.20323705673217773,0.5164785833673093
0,0,Bootstrapping,GBDT,TSTR,alcohol,0.7664974927902222,0.38696562468227746
0,0,Bootstrapping,GBDT,TSTR,aftertaste,0.3611259460449219,0.5607418027083918
0,0,Bootstrapping,GBDT,TSTR,body,0.4924589991569519,0.45671990377807004
0,0,Bootstrapping,GBDT,TSTR,co2,0.296236515045166,0.47538427193502003
0,0,Bootstrapping,GBDT,TSTR,overall,0.020130515098571777,0.5828669903520025
0,0,Bootstrapping,GBDT,AUG,A_malt_all,0.5686033368110657,0.5606529853155491
0,0,Bootstrapping,GBDT,AUG,A_malt_grain,-0.12702572345733643,0.4790960256363122
0,0,Bootstrapping,GBDT,AUG,A_malt_bread,0.014098823070526123,0.5153864395367173
0,0,Bootstrapping,GBDT,AUG,A_malt_cara,0.18959200382232666,0.5355125410675505
0,0,Bootstrapping,GBDT,AUG,A_malt_burn,0.4487251043319702,0.7308724659614353
0,0,Bootstrapping,GBDT,AUG,A_hops_all,0.10948365926742554,0.6498295881558541
0,0,Bootstrapping,GBDT,AUG,A_hops_citrus,0.004626750946044922,0.4926467750864995
0,0,Bootstrapping,GBDT,AUG,A_hops_tropical,-0.4921095371246338,0.7122772922796707
0,0,Bootstrapping,GBDT,AUG,A_hops_noble,0.2367473840713501,0.5089856022595287
0,0,Bootstrapping,GBDT,AUG,A_hops_woody,-0.051303982734680176,0.4330683265422902
0,0,Bootstrapping,GBDT,AUG,A_esters_all,-0.06875455379486084,0.6428148708939584
0,0,Bootstrapping,GBDT,AUG,A_esters_ethac,-0.19724500179290771,0.5155013543045502
0,0,Bootstrapping,GBDT,AUG,A_esters_isoaa,0.03715437650680542,0.4881233265123974
0,0,Bootstrapping,GBDT,AUG,A_esters_flower,0.027236521244049072,0.42218366563299586
0,0,Bootstrapping,GBDT,AUG,A_esters_fruity,-0.040973782539367676,0.5548775307102847
0,0,Bootstrapping,GBDT,AUG,F_malt_all,0.40390413999557495,0.591405657386231
0,0,Bootstrapping,GBDT,AUG,F_malt_grain,-0.14012157917022705,0.43640741090657686
0,0,Bootstrapping,GBDT,AUG,F_malt_bread,0.26778388023376465,0.46947309035431783
0,0,Bootstrapping,GBDT,AUG,F_malt_cara,0.15584933757781982,0.5079954844690866
0,0,Bootstrapping,GBDT,AUG,F_malt_burn,0.45923519134521484,0.6187958343946363
0,0,Bootstrapping,GBDT,AUG,F_hops_all,0.051096320152282715,0.6139287264178662
0,0,Bootstrapping,GBDT,AUG,F_hops_citrus,-0.14181363582611084,0.5071611775767603
0,0,Bootstrapping,GBDT,AUG,F_hops_tropical,-0.2161087989807129,0.6137011845787194
0,0,Bootstrapping,GBDT,AUG,F_hops_noble,0.109702467918396,0.5629172102442935
0,0,Bootstrapping,GBDT,AUG,F_hops_woody,0.01116323471069336,0.42440406938524505
0,0,Bootstrapping,GBDT,AUG,F_esters_all,0.250432550907135,0.4979095868148663
0,0,Bootstrapping,GBDT,AUG,F_esters_ethac,0.3090488910675049,0.4230937660555953
0,0,Bootstrapping,GBDT,AUG,F_esters_isoaa,0.0245211124420166,0.5305820080130619
0,0,Bootstrapping,GBDT,AUG,F_esters_flower,-0.5066002607345581,0.49239635577522817
0,0,Bootstrapping,GBDT,AUG,F_esters_fruity,0.17495810985565186,0.5112469951942393
0,0,Bootstrapping,GBDT,AUG,acidity,0.6903209686279297,0.5209593683972032
0,0,Bootstrapping,GBDT,AUG,bitternes,0.5671813488006592,0.4811513750156741
0,0,Bootstrapping,GBDT,AUG,sweetness,0.51235032081604,0.4648699552698738
0,0,Bootstrapping,GBDT,AUG,X4vg,0.1643405556678772,0.5216228858361912
0,0,Bootstrapping,GBDT,AUG,diacetyl,-0.5070360898971558,0.4892341927863112
0,0,Bootstrapping,GBDT,AUG,dms,0.17496627569198608,0.5193139102047559
0,0,Bootstrapping,GBDT,AUG,metallic,0.09275394678115845,0.4177581399093748
0,0,Bootstrapping,GBDT,AUG,stale_hops,-0.023867249488830566,0.4661416438960484
0,0,Bootstrapping,GBDT,AUG,t2n,-0.2107534408569336,0.4467506108858856
0,0,Bootstrapping,GBDT,AUG,orange,0.20671671628952026,0.3312098159348144
0,0,Bootstrapping,GBDT,AUG,coriander,0.164658784866333,0.596669148603353
0,0,Bootstrapping,GBDT,AUG,clove,-0.28710150718688965,0.48500857908487227
0,0,Bootstrapping,GBDT,AUG,lactic,0.6026577949523926,0.6113464303977972
0,0,Bootstrapping,GBDT,AUG,acetic,0.7304104566574097,0.42594089489911197
0,0,Bootstrapping,GBDT,AUG,barnyard,-0.10850238800048828,0.49572980852507015
0,0,Bootstrapping,GBDT,AUG,alcohol,0.7991736531257629,0.3588698610252081
0,0,Bootstrapping,GBDT,AUG,aftertaste,0.48019349575042725,0.505796922046713
0,0,Bootstrapping,GBDT,AUG,body,0.5316470265388489,0.43873372852007864
0,0,Bootstrapping,GBDT,AUG,co2,0.22878491878509521,0.49764447879493795
0,0,Bootstrapping,GBDT,AUG,overall,-0.008538246154785156,0.5913322059711273
0,0,Bootstrapping,MLP,TSTR,A_malt_all,0.1130332350730896,0.8039137073463828
0,0,Bootstrapping,MLP,TSTR,A_malt_grain,-0.7478318214416504,0.5966305626658436
0,0,Bootstrapping,MLP,TSTR,A_malt_bread,-0.5763206481933594,0.6516862856878401
0,0,Bootstrapping,MLP,TSTR,A_malt_cara,-0.3826420307159424,0.6994757366498716
0,0,Bootstrapping,MLP,TSTR,A_malt_burn,-0.04247617721557617,1.005056709094006
0,0,Bootstrapping,MLP,TSTR,A_hops_all,-0.5886600017547607,0.8679486276678697
0,0,Bootstrapping,MLP,TSTR,A_hops_citrus,-0.015773296356201172,0.49766952580780227
0,0,Bootstrapping,MLP,TSTR,A_hops_tropical,-0.5347695350646973,0.7223876866488865
0,0,Bootstrapping,MLP,TSTR,A_hops_noble,-0.5172704458236694,0.7176337488967071
0,0,Bootstrapping,MLP,TSTR,A_hops_woody,-0.3889414072036743,0.4977763320035223
0,0,Bootstrapping,MLP,TSTR,A_esters_all,0.12589222192764282,0.5813389443466135
0,0,Bootstrapping,MLP,TSTR,A_esters_ethac,-0.5861001014709473,0.593339954131223
0,0,Bootstrapping,MLP,TSTR,A_esters_isoaa,-0.22913086414337158,0.5515060525598353
0,0,Bootstrapping,MLP,TSTR,A_esters_flower,0.2609688639640808,0.3679841915057431
0,0,Bootstrapping,MLP,TSTR,A_esters_fruity,0.36933767795562744,0.43189251139645524
0,0,Bootstrapping,MLP,TSTR,F_malt_all,0.1291704773902893,0.7148155665444019
0,0,Bootstrapping,MLP,TSTR,F_malt_grain,-0.8453280925750732,0.5552049560396443
0,0,Bootstrapping,MLP,TSTR,F_malt_bread,-0.2478402853012085,0.6128731116667041
0,0,Bootstrapping,MLP,TSTR,F_malt_cara,-0.24179518222808838,0.6161335263241775
0,0,Bootstrapping,MLP,TSTR,F_malt_burn,0.4264373183250427,0.6372848755506968
0,0,Bootstrapping,MLP,TSTR,F_hops_all,-0.4183838367462158,0.7505917598787398
0,0,Bootstrapping,MLP,TSTR,F_hops_citrus,-0.7777667045593262,0.6328281118091966
0,0,Bootstrapping,MLP,TSTR,F_hops_tropical,-0.784693717956543,0.7434514175658078
0,0,Bootstrapping,MLP,TSTR,F_hops_noble,-0.43367838859558105,0.7143364445518755
0,0,Bootstrapping,MLP,TSTR,F_hops_woody,-0.6458470821380615,0.5475351164281613
0,0,Bootstrapping,MLP,TSTR,F_esters_all,0.09826642274856567,0.5461151839212535
0,0,Bootstrapping,MLP,TSTR,F_esters_ethac,-0.17368102073669434,0.5514269891969611
0,0,Bootstrapping,MLP,TSTR,F_esters_isoaa,0.0894554853439331,0.5126184024344373
0,0,Bootstrapping,MLP,TSTR,F_esters_flower,0.0776740312576294,0.38526365318587413
0,0,Bootstrapping,MLP,TSTR,F_esters_fruity,0.012756884098052979,0.5592485071724215
0,0,Bootstrapping,MLP,TSTR,acidity,0.2881587743759155,0.7898407676632927
0,0,Bootstrapping,MLP,TSTR,bitternes,-0.10168170928955078,0.7676385753793453
0,0,Bootstrapping,MLP,TSTR,sweetness,-0.2260216474533081,0.737100292447024
0,0,Bootstrapping,MLP,TSTR,X4vg,-1.4756979942321777,0.8978231568704822
0,0,Bootstrapping,MLP,TSTR,diacetyl,-1.3590989112854004,0.6121079708392428
0,0,Bootstrapping,MLP,TSTR,dms,0.009018361568450928,0.5691502106225238
0,0,Bootstrapping,MLP,TSTR,metallic,-0.4062570333480835,0.5201094428763261
0,0,Bootstrapping,MLP,TSTR,stale_hops,-0.1974879503250122,0.5041173448423597
0,0,Bootstrapping,MLP,TSTR,t2n,-0.22005677223205566,0.44846371763461573
0,0,Bootstrapping,MLP,TSTR,orange,-3.8988423347473145,0.8230681139174966
0,0,Bootstrapping,MLP,TSTR,coriander,-0.139909029006958,0.6970063269682388
0,0,Bootstrapping,MLP,TSTR,clove,-4.335480690002441,0.9874834300715291
0,0,Bootstrapping,MLP,TSTR,lactic,0.38210344314575195,0.7623649790302747
0,0,Bootstrapping,MLP,TSTR,acetic,-0.0905989408493042,0.8567030898253861
0,0,Bootstrapping,MLP,TSTR,barnyard,-0.13800907135009766,0.5022842858509411
0,0,Bootstrapping,MLP,TSTR,alcohol,0.14399433135986328,0.740909117915679
0,0,Bootstrapping,MLP,TSTR,aftertaste,0.11345207691192627,0.6605510998031888
0,0,Bootstrapping,MLP,TSTR,body,0.13593518733978271,0.5959194103389941
0,0,Bootstrapping,MLP,TSTR,co2,-0.23392117023468018,0.6294701695771102
0,0,Bootstrapping,MLP,TSTR,overall,-0.044620513916015625,0.6018172381166311
0,0,Bootstrapping,MLP,AUG,A_malt_all,0.11272609233856201,0.804052861879051
0,0,Bootstrapping,MLP,AUG,A_malt_grain,-0.5563772916793823,0.5630061203842445
0,0,Bootstrapping,MLP,AUG,A_malt_bread,-0.2807852029800415,0.5874277364644125
0,0,Bootstrapping,MLP,AUG,A_malt_cara,-0.03444480895996094,0.6050223889424866
0,0,Bootstrapping,MLP,AUG,A_malt_burn,-0.1486297845840454,1.0549880553197608
0,0,Bootstrapping,MLP,AUG,A_hops_all,-0.634135365486145,0.880283480414061
0,0,Bootstrapping,MLP,AUG,A_hops_citrus,-0.6763039827346802,0.6393211167899989
0,0,Bootstrapping,MLP,AUG,A_hops_tropical,-0.4994608163833618,0.7140297345880741
0,0,Bootstrapping,MLP,AUG,A_hops_noble,-0.43423259258270264,0.6977199709029832
0,0,Bootstrapping,MLP,AUG,A_hops_woody,-0.5177910327911377,0.5203532549502178
0,0,Bootstrapping,MLP,AUG,A_esters_all,0.11060130596160889,0.5864016411201495
0,0,Bootstrapping,MLP,AUG,A_esters_ethac,-0.8036832809448242,0.6327300312323165
0,0,Bootstrapping,MLP,AUG,A_esters_isoaa,-0.2582203149795532,0.5579940671366102
0,0,Bootstrapping,MLP,AUG,A_esters_flower,-0.2666282653808594,0.48175071639941586
0,0,Bootstrapping,MLP,AUG,A_esters_fruity,-0.3070249557495117,0.6217548283004877
0,0,Bootstrapping,MLP,AUG,F_malt_all,0.13008767366409302,0.714439027374987
0,0,Bootstrapping,MLP,AUG,F_malt_grain,-0.650719165802002,0.5251134545487888
0,0,Bootstrapping,MLP,AUG,F_malt_bread,-0.00018167495727539062,0.5486943906704863
0,0,Bootstrapping,MLP,AUG,F_malt_cara,-0.139731764793396,0.5902706395135235
0,0,Bootstrapping,MLP,AUG,F_malt_burn,0.12236207723617554,0.7883169220942722
0,0,Bootstrapping,MLP,AUG,F_hops_all,-0.4529452323913574,0.7596814420294553
0,0,Bootstrapping,MLP,AUG,F_hops_citrus,-0.7127059698104858,0.6211403883211783
0,0,Bootstrapping,MLP,AUG,F_hops_tropical,-0.21824944019317627,0.6142410736956929
0,0,Bootstrapping,MLP,AUG,F_hops_noble,-0.38725078105926514,0.7026748699887752
0,0,Bootstrapping,MLP,AUG,F_hops_woody,-0.7525681257247925,0.5650081084099997
0,0,Bootstrapping,MLP,AUG,F_esters_all,0.16690266132354736,0.5249198591281876
0,0,Bootstrapping,MLP,AUG,F_esters_ethac,-0.12915372848510742,0.5408657706495684
0,0,Bootstrapping,MLP,AUG,F_esters_isoaa,-0.45002079010009766,0.6468903802342494
0,0,Bootstrapping,MLP,AUG,F_esters_flower,-0.05953872203826904,0.4129279084636879
0,0,Bootstrapping,MLP,AUG,F_esters_fruity,0.1445329189300537,0.5205883371786307
0,0,Bootstrapping,MLP,AUG,acidity,0.20645207166671753,0.833939490796726
0,0,Bootstrapping,MLP,AUG,bitternes,-0.09887838363647461,0.7666613124231985
0,0,Bootstrapping,MLP,AUG,sweetness,0.20336312055587769,0.5941658822233239
0,0,Bootstrapping,MLP,AUG,X4vg,0.09476768970489502,0.5429027160448708
0,0,Bootstrapping,MLP,AUG,diacetyl,-1.018709421157837,0.5662286940517853
0,0,Bootstrapping,MLP,AUG,dms,0.01012808084487915,0.5688314410996989
0,0,Bootstrapping,MLP,AUG,metallic,-0.22640645503997803,0.4857128494906629
0,0,Bootstrapping,MLP,AUG,stale_hops,0.06579560041427612,0.44526344162936804
0,0,Bootstrapping,MLP,AUG,t2n,-0.33320820331573486,0.468798587188325
0,0,Bootstrapping,MLP,AUG,orange,-0.9254285097122192,0.5160036141949135
0,0,Bootstrapping,MLP,AUG,coriander,-0.1799846887588501,0.709152748144651
0,0,Bootstrapping,MLP,AUG,clove,-0.05934321880340576,0.4400088208842412
0,0,Bootstrapping,MLP,AUG,lactic,0.24701464176177979,0.8415856328675269
0,0,Bootstrapping,MLP,AUG,acetic,-0.21604931354522705,0.9046350098241006
0,0,Bootstrapping,MLP,AUG,barnyard,0.037142038345336914,0.46201686239433243
0,0,Bootstrapping,MLP,AUG,alcohol,0.3392390012741089,0.6509517963687317
0,0,Bootstrapping,MLP,AUG,aftertaste,0.13209861516952515,0.6535675766948261
0,0,Bootstrapping,MLP,AUG,body,0.1587929129600525,0.5879844514614054
0,0,Bootstrapping,MLP,AUG,co2,-0.13797593116760254,0.6045023188566249
0,0,Bootstrapping,MLP,AUG,overall,0.0650361180305481,0.5693544937695467
0,0,KDE,GBDT,TSTR,A_malt_all,-0.10757029056549072,0.8983413644855117
0,0,KDE,GBDT,TSTR,A_malt_grain,-0.08928346633911133,0.47100565515249476
0,0,KDE,GBDT,TSTR,A_malt_bread,-0.08512020111083984,0.5406985679360572
0,0,KDE,GBDT,TSTR,A_malt_cara,-0.09657549858093262,0.6229268499539286
0,0,KDE,GBDT,TSTR,A_malt_burn,0.04046088457107544,0.9642482263352428
0,0,KDE,GBDT,TSTR,A_hops_all,-0.09778082370758057,0.721500028513738
0,0,KDE,GBDT,TSTR,A_hops_citrus,0.020684123039245605,0.48865692945231726
0,0,KDE,GBDT,TSTR,A_hops_tropical,-0.0983743667602539,0.6111163909159028
0,0,KDE,GBDT,TSTR,A_hops_noble,-0.20083141326904297,0.6384286679904742
0,0,KDE,GBDT,TSTR,A_hops_woody,-0.021704673767089844,0.4269283311909481
0,0,KDE,GBDT,TSTR,A_esters_all,-0.254596471786499,0.6964644629797997
0,0,KDE,GBDT,TSTR,A_esters_ethac,-0.04230022430419922,0.4809885237399335
0,0,KDE,GBDT,TSTR,A_esters_isoaa,-0.06602895259857178,0.5136126930171652
0,0,KDE,GBDT,TSTR,A_esters_flower,-0.18689322471618652,0.4663410115582425
0,0,KDE,GBDT,TSTR,A_esters_fruity,-0.02111673355102539,0.5495597334338438
0,0,KDE,GBDT,TSTR,F_malt_all,-0.06838417053222656,0.7917556127139087
0,0,KDE,GBDT,TSTR,F_malt_grain,-0.08940839767456055,0.42659120777488446
0,0,KDE,GBDT,TSTR,F_malt_bread,-0.016543865203857422,0.5531642845987903
0,0,KDE,GBDT,TSTR,F_malt_cara,-0.05389583110809326,0.5676082616210153
0,0,KDE,GBDT,TSTR,F_malt_burn,-0.003719329833984375,0.8430421827290163
0,0,KDE,GBDT,TSTR,F_hops_all,-0.06179499626159668,0.6494223687350615
0,0,KDE,GBDT,TSTR,F_hops_citrus,-0.08990728855133057,0.49549942761319815
0,0,KDE,GBDT,TSTR,F_hops_tropical,-0.032821059226989746,0.5655659987305276
0,0,KDE,GBDT,TSTR,F_hops_noble,-0.2132587432861328,0.6571335748015426
0,0,KDE,GBDT,TSTR,F_hops_woody,-0.06568777561187744,0.44058755891415163
0,0,KDE,GBDT,TSTR,F_esters_all,0.005968570709228516,0.5733834763526803
0,0,KDE,GBDT,TSTR,F_esters_ethac,-0.0667945146560669,0.5257186149484071
0,0,KDE,GBDT,TSTR,F_esters_isoaa,0.047000229358673096,0.5244329864667784
0,0,KDE,GBDT,TSTR,F_esters_flower,-0.0059032440185546875,0.4023406389727266
0,0,KDE,GBDT,TSTR,F_esters_fruity,-0.015699386596679688,0.5672511146537821
0,0,KDE,GBDT,TSTR,acidity,0.0005933642387390137,0.935877667840676
0,0,KDE,GBDT,TSTR,bitternes,-0.13697803020477295,0.779838698716066
0,0,KDE,GBDT,TSTR,sweetness,-0.05805552005767822,0.6847495634781615
0,0,KDE,GBDT,TSTR,X4vg,-0.05186259746551514,0.5852231312156588
0,0,KDE,GBDT,TSTR,diacetyl,-0.08262109756469727,0.4146610108965496
0,0,KDE,GBDT,TSTR,dms,-0.019420742988586426,0.577259162828458
0,0,KDE,GBDT,TSTR,metallic,-0.024654865264892578,0.44396749458664453
0,0,KDE,GBDT,TSTR,stale_hops,-0.04970109462738037,0.4719857749007688
0,0,KDE,GBDT,TSTR,t2n,-0.0829763412475586,0.422519544679822
0,0,KDE,GBDT,TSTR,orange,-0.4301224946975708,0.44470874950065764
0,0,KDE,GBDT,TSTR,coriander,-0.012625575065612793,0.6569405510132654
0,0,KDE,GBDT,TSTR,clove,0.02015632390975952,0.42317638299346094
0,0,KDE,GBDT,TSTR,lactic,0.0007445812225341797,0.9694899225148969
0,0,KDE,GBDT,TSTR,acetic,0.023961544036865234,0.81045936203964
0,0,KDE,GBDT,TSTR,barnyard,-0.07355618476867676,0.4878531295747533
0,0,KDE,GBDT,TSTR,alcohol,0.08709752559661865,0.7651363292466702
0,0,KDE,GBDT,TSTR,aftertaste,-0.07262003421783447,0.7265713598880165
0,0,KDE,GBDT,TSTR,body,-0.2097264528274536,0.7051117484827738
0,0,KDE,GBDT,TSTR,co2,-0.11687374114990234,0.5988712551562787
0,0,KDE,GBDT,TSTR,overall,-0.0532759428024292,0.6043053308942085
0,0,KDE,GBDT,AUG,A_malt_all,0.20575189590454102,0.7607357627195805
0,0,KDE,GBDT,AUG,A_malt_grain,-0.004592299461364746,0.4523249831449117
0,0,KDE,GBDT,AUG,A_malt_bread,0.057488977909088135,0.5039175756793337
0,0,KDE,GBDT,AUG,A_malt_cara,0.19884228706359863,0.5324475031035196
0,0,KDE,GBDT,AUG,A_malt_burn,0.08495181798934937,0.9416282360426923
0,0,KDE,GBDT,AUG,A_hops_all,0.10309892892837524,0.6521549522711996
0,0,KDE,GBDT,AUG,A_hops_citrus,0.10869169235229492,0.46618321515727656
0,0,KDE,GBDT,AUG,A_hops_tropical,-0.06653666496276855,0.6021942932901819
0,0,KDE,GBDT,AUG,A_hops_noble,0.044938743114471436,0.5693600160404668
0,0,KDE,GBDT,AUG,A_hops_woody,0.056245267391204834,0.41031921418994616
0,0,KDE,GBDT,AUG,A_esters_all,0.03933525085449219,0.6094426582140823
0,0,KDE,GBDT,AUG,A_esters_ethac,0.09544384479522705,0.44808052821265976
0,0,KDE,GBDT,AUG,A_esters_isoaa,0.049453794956207275,0.48499565968095304
0,0,KDE,GBDT,AUG,A_esters_flower,-0.02240157127380371,0.43282122138425383
0,0,KDE,GBDT,AUG,A_esters_fruity,-0.0340733528137207,0.5530353441153142
0,0,KDE,GBDT,AUG,F_malt_all,0.3926750421524048,0.5969500639284948
0,0,KDE,GBDT,AUG,F_malt_grain,-0.04029393196105957,0.4168641834199763
0,0,KDE,GBDT,AUG,F_malt_bread,0.18514853715896606,0.4952566187530395
0,0,KDE,GBDT,AUG,F_malt_cara,0.07750022411346436,0.5310470249399059
0,0,KDE,GBDT,AUG,F_malt_burn,0.1560249924659729,0.7730506931574954
0,0,KDE,GBDT,AUG,F_hops_all,0.21565204858779907,0.5581632969650987
0,0,KDE,GBDT,AUG,F_hops_citrus,-0.015781164169311523,0.4783529511138294
0,0,KDE,GBDT,AUG,F_hops_tropical,0.042576611042022705,0.5445311865129256
0,0,KDE,GBDT,AUG,F_hops_noble,0.0710492730140686,0.5750072022691872
0,0,KDE,GBDT,AUG,F_hops_woody,-0.011280059814453125,0.42919331656120235
0,0,KDE,GBDT,AUG,F_esters_all,0.1701158881187439,0.5239065545385826
0,0,KDE,GBDT,AUG,F_esters_ethac,-0.00016987323760986328,0.5090375941244966
0,0,KDE,GBDT,AUG,F_esters_isoaa,-0.002652406692504883,0.5379213611073892
0,0,KDE,GBDT,AUG,F_esters_flower,-0.061144232749938965,0.4132406427520603
0,0,KDE,GBDT,AUG,F_esters_fruity,0.03142392635345459,0.5539360597925962
0,0,KDE,GBDT,AUG,acidity,0.5337285399436951,0.6392450822634327
0,0,KDE,GBDT,AUG,bitternes,0.44936901330947876,0.5426990470409022
0,0,KDE,GBDT,AUG,sweetness,0.12473297119140625,0.6227988583553682
0,0,KDE,GBDT,AUG,X4vg,0.11895096302032471,0.5356017993722992
0,0,KDE,GBDT,AUG,diacetyl,-0.10647070407867432,0.41920352972142555
0,0,KDE,GBDT,AUG,dms,0.005492746829986572,0.5701617472773803
0,0,KDE,GBDT,AUG,metallic,0.07689625024795532,0.4213933137485892
0,0,KDE,GBDT,AUG,stale_hops,0.027254998683929443,0.45435529613667874
0,0,KDE,GBDT,AUG,t2n,-0.02359914779663086,0.41077334893000267
0,0,KDE,GBDT,AUG,orange,-0.13672268390655518,0.3964754676757879
0,0,KDE,GBDT,AUG,coriander,0.02459537982940674,0.6447539898326262
0,0,KDE,GBDT,AUG,clove,0.06385987997055054,0.41363135869754813
0,0,KDE,GBDT,AUG,lactic,0.38373827934265137,0.7613557782149359
0,0,KDE,GBDT,AUG,acetic,0.5039299726486206,0.5777890028026179
0,0,KDE,GBDT,AUG,barnyard,0.005113065242767334,0.4696383799935753
0,0,KDE,GBDT,AUG,alcohol,0.6699994802474976,0.46002766961346747
0,0,KDE,GBDT,AUG,aftertaste,0.20803868770599365,0.6243200656754383
0,0,KDE,GBDT,AUG,body,0.3813018798828125,0.5042591190166068
0,0,KDE,GBDT,AUG,co2,0.19224023818969727,0.5092986734226551
0,0,KDE,GBDT,AUG,overall,-0.01852595806121826,0.594253000721238
0,0,KDE,MLP,TSTR,A_malt_all,-0.28659939765930176,0.9682275224534566
0,0,KDE,MLP,TSTR,A_malt_grain,-0.6779520511627197,0.5845819943041792
0,0,KDE,MLP,TSTR,A_malt_bread,-0.519769549369812,0.6398897836821374
0,0,KDE,MLP,TSTR,A_malt_cara,-0.28912079334259033,0.6754054750185575
0,0,KDE,MLP,TSTR,A_malt_burn,-0.3393615484237671,1.1392168733201757
0,0,KDE,MLP,TSTR,A_hops_all,-0.4771643877029419,0.8369373153607695
0,0,KDE,MLP,TSTR,A_hops_citrus,-0.40647435188293457,0.585610132954889
0,0,KDE,MLP,TSTR,A_hops_tropical,-0.6557279825210571,0.7503143287645938
0,0,KDE,MLP,TSTR,A_hops_noble,-0.6113812923431396,0.7395550673191981
0,0,KDE,MLP,TSTR,A_hops_woody,-0.28187406063079834,0.47820592706486
0,0,KDE,MLP,TSTR,A_esters_all,0.13151556253433228,0.5794659862245651
0,0,KDE,MLP,TSTR,A_esters_ethac,-0.42203545570373535,0.5618152424113809
0,0,KDE,MLP,TSTR,A_esters_isoaa,0.07818615436553955,0.47760937568988276
0,0,KDE,MLP,TSTR,A_esters_flower,0.3181263208389282,0.35346770620406953
0,0,KDE,MLP,TSTR,A_esters_fruity,0.37963879108428955,0.4283507621994353
0,0,KDE,MLP,TSTR,F_malt_all,-0.3098641633987427,0.8766788996965866
0,0,KDE,MLP,TSTR,F_malt_grain,-0.5731805562973022,0.5126321517549638
0,0,KDE,MLP,TSTR,F_malt_bread,-0.1356205940246582,0.5846658003515018
0,0,KDE,MLP,TSTR,F_malt_cara,-0.2155674695968628,0.609592178964568
0,0,KDE,MLP,TSTR,F_malt_burn,-0.09795808792114258,0.8817308939980169
0,0,KDE,MLP,TSTR,F_hops_all,-0.5084309577941895,0.7740510760909269
0,0,KDE,MLP,TSTR,F_hops_citrus,-0.49455463886260986,0.5802354695556474
0,0,KDE,MLP,TSTR,F_hops_tropical,-0.553849458694458,0.6937056200764617
0,0,KDE,MLP,TSTR,F_hops_noble,-0.5811686515808105,0.7501809378758615
0,0,KDE,MLP,TSTR,F_hops_woody,-0.7012008428573608,0.5566664037256515
0,0,KDE,MLP,TSTR,F_esters_all,-0.05851387977600098,0.5916888701835152
0,0,KDE,MLP,TSTR,F_esters_ethac,-0.18965435028076172,0.5551666554260406
0,0,KDE,MLP,TSTR,F_esters_isoaa,0.08716738224029541,0.51326204493344
0,0,KDE,MLP,TSTR,F_esters_flower,0.1977432370185852,0.3593126533164259
0,0,KDE,MLP,TSTR,F_esters_fruity,0.09838712215423584,0.5344447675970762
0,0,KDE,MLP,TSTR,acidity,-0.011383891105651855,0.9414688975909258
0,0,KDE,MLP,TSTR,bitternes,-0.3337526321411133,0.8446297474324491
0,0,KDE,MLP,TSTR,sweetness,-0.008820533752441406,0.6686278543602134
0,0,KDE,MLP,TSTR,X4vg,-0.8932596445083618,0.7851399282400616
0,0,KDE,MLP,TSTR,diacetyl,-0.7563756704330444,0.5281577715214458
0,0,KDE,MLP,TSTR,dms,-0.35705387592315674,0.6660282212126186
0,0,KDE,MLP,TSTR,metallic,-0.40688633918762207,0.5202258063597587
0,0,KDE,MLP,TSTR,stale_hops,-0.6844240427017212,0.597890695701245
0,0,KDE,MLP,TSTR,t2n,-0.2543834447860718,0.454728790584467
0,0,KDE,MLP,TSTR,orange,-0.2432546615600586,0.41463799339937374
0,0,KDE,MLP,TSTR,coriander,-0.28565704822540283,0.7402257591692272
0,0,KDE,MLP,TSTR,clove,-0.30602312088012695,0.4885606195424132
0,0,KDE,MLP,TSTR,lactic,-0.1066739559173584,1.0202694847304647
0,0,KDE,MLP,TSTR,acetic,-0.6269185543060303,1.046358977718632
0,0,KDE,MLP,TSTR,barnyard,-0.9262094497680664,0.653474227953094
0,0,KDE,MLP,TSTR,alcohol,-0.21992182731628418,0.8844893742123092
0,0,KDE,MLP,TSTR,aftertaste,-0.1873917579650879,0.76445571984741
0,0,KDE,MLP,TSTR,body,-0.2797658443450928,0.7252364414345501
0,0,KDE,MLP,TSTR,co2,-0.12306094169616699,0.6005277527947853
0,0,KDE,MLP,TSTR,overall,-0.10900068283081055,0.6200850350762832
0,0,KDE,MLP,AUG,A_malt_all,-0.05363905429840088,0.876196826132255
0,0,KDE,MLP,AUG,A_malt_grain,-0.4820970296859741,0.5494067308551708
0,0,KDE,MLP,AUG,A_malt_bread,-0.43195509910583496,0.6211278414216959
0,0,KDE,MLP,AUG,A_malt_cara,-0.11008083820343018,0.6267510679743356
0,0,KDE,MLP,AUG,A_malt_burn,-0.2838634252548218,1.1153647752408826
0,0,KDE,MLP,AUG,A_hops_all,-0.5200763940811157,0.8490069127761811
0,0,KDE,MLP,AUG,A_hops_citrus,-0.2903522253036499,0.5609146666063487
0,0,KDE,MLP,AUG,A_hops_tropical,-0.829460620880127,0.7886971487121195
0,0,KDE,MLP,AUG,A_hops_noble,-0.5100356340408325,0.7159207678196244
0,0,KDE,MLP,AUG,A_hops_woody,-0.253898024559021,0.4729588855966133
0,0,KDE,MLP,AUG,A_esters_all,-0.07999658584594727,0.6461868523490147
0,0,KDE,MLP,AUG,A_esters_ethac,-0.3853740692138672,0.5545258891044565
0,0,KDE,MLP,AUG,A_esters_isoaa,-0.038133978843688965,0.5068482267032824
0,0,KDE,MLP,AUG,A_esters_flower,0.2626020908355713,0.3675773458442173
0,0,KDE,MLP,AUG,A_esters_fruity,0.3105815649032593,0.4515633474163829
0,0,KDE,MLP,AUG,F_malt_all,0.11567068099975586,0.7203348764514532
0,0,KDE,MLP,AUG,F_malt_grain,-0.46796512603759766,0.4951929038274252
0,0,KDE,MLP,AUG,F_malt_bread,-0.11088061332702637,0.5782621324126498
0,0,KDE,MLP,AUG,F_malt_cara,-0.2077631950378418,0.6076321498557703
0,0,KDE,MLP,AUG,F_malt_burn,0.09891289472579956,0.798778877512364
0,0,KDE,MLP,AUG,F_hops_all,-0.38362741470336914,0.7413383846756938
0,0,KDE,MLP,AUG,F_hops_citrus,-0.48272109031677246,0.5779338211267557
0,0,KDE,MLP,AUG,F_hops_tropical,-0.5920885801315308,0.7021895437715919
0,0,KDE,MLP,AUG,F_hops_noble,-0.42954039573669434,0.7133047912657077
0,0,KDE,MLP,AUG,F_hops_woody,-0.6016098260879517,0.5401266347784911
0,0,KDE,MLP,AUG,F_esters_all,0.038095176219940186,0.5640416476973513
0,0,KDE,MLP,AUG,F_esters_ethac,-0.12434673309326172,0.5397132870466845
0,0,KDE,MLP,AUG,F_esters_isoaa,0.21411752700805664,0.4762361847633382
0,0,KDE,MLP,AUG,F_esters_flower,0.06377172470092773,0.388156338100732
0,0,KDE,MLP,AUG,F_esters_fruity,0.20227015018463135,0.5027136477545058
0,0,KDE,MLP,AUG,acidity,0.007419288158416748,0.9326761756336791
0,0,KDE,MLP,AUG,bitternes,0.020030975341796875,0.7239939088565182
0,0,KDE,MLP,AUG,sweetness,0.03164452314376831,0.6550808892279886
0,0,KDE,MLP,AUG,X4vg,-0.8134804964065552,0.7684195762054902
0,0,KDE,MLP,AUG,diacetyl,-0.7777566909790039,0.5313627740426694
0,0,KDE,MLP,AUG,dms,-0.36551570892333984,0.6681014927367636
0,0,KDE,MLP,AUG,metallic,-0.4018462896347046,0.5192931353780297
0,0,KDE,MLP,AUG,stale_hops,-0.9218281507492065,0.6386359435073621
0,0,KDE,MLP,AUG,t2n,-0.24047315120697021,0.45220043962652134
0,0,KDE,MLP,AUG,orange,-1.7165489196777344,0.6129115745995058
0,0,KDE,MLP,AUG,coriander,-0.2621649503707886,0.7334317175657953
0,0,KDE,MLP,AUG,clove,0.036134302616119385,0.41971190770030725
0,0,KDE,MLP,AUG,lactic,0.20803803205490112,0.8630922205485444
0,0,KDE,MLP,AUG,acetic,-0.47023916244506836,0.9946992275302917
0,0,KDE,MLP,AUG,barnyard,-0.835354208946228,0.6378765929267814
0,0,KDE,MLP,AUG,alcohol,0.1585521101951599,0.7345819384611594
0,0,KDE,MLP,AUG,aftertaste,0.26648467779159546,0.600841461656625
0,0,KDE,MLP,AUG,body,0.16770672798156738,0.5848608679665105
0,0,KDE,MLP,AUG,co2,-0.05700564384460449,0.5825994649372597
0,0,KDE,MLP,AUG,overall,-0.1963496208190918,0.6440423209163251
0,0,GaussianCopula,GBDT,TSTR,A_malt_all,0.3818293809890747,0.6711350735785642
0,0,GaussianCopula,GBDT,TSTR,A_malt_grain,0.0026581287384033203,0.45068976004402445
0,0,GaussianCopula,GBDT,TSTR,A_malt_bread,0.034767091274261475,0.5099555936816074
0,0,GaussianCopula,GBDT,TSTR,A_malt_cara,0.28115594387054443,0.5043536129923134
0,0,GaussianCopula,GBDT,TSTR,A_malt_burn,0.17539018392562866,0.8938852167880597
0,0,GaussianCopula,GBDT,TSTR,A_hops_all,0.10588192939758301,0.6511423846857161
0,0,GaussianCopula,GBDT,TSTR,A_hops_citrus,0.062146544456481934,0.47820064532193746
0,0,GaussianCopula,GBDT,TSTR,A_hops_tropical,-0.23302388191223145,0.6474920987416695
0,0,GaussianCopula,GBDT,TSTR,A_hops_noble,-0.023279786109924316,0.5893435852319172
0,0,GaussianCopula,GBDT,TSTR,A_hops_woody,0.02673196792602539,0.41668561256568276
0,0,GaussianCopula,GBDT,TSTR,A_esters_all,-0.1657630205154419,0.6713547577619848
0,0,GaussianCopula,GBDT,TSTR,A_esters_ethac,0.03450435400009155,0.4629280139615056
0,0,GaussianCopula,GBDT,TSTR,A_esters_isoaa,-0.08371317386627197,0.5178552713266389
0,0,GaussianCopula,GBDT,TSTR,A_esters_flower,-0.10889279842376709,0.4507570878400947
0,0,GaussianCopula,GBDT,TSTR,A_esters_fruity,0.04475170373916626,0.5315392772484
0,0,GaussianCopula,GBDT,TSTR,F_malt_all,0.40426671504974365,0.5912257797248328
0,0,GaussianCopula,GBDT,TSTR,F_malt_grain,-0.06668591499328613,0.4221189288198934
0,0,GaussianCopula,GBDT,TSTR,F_malt_bread,0.17023855447769165,0.49976713002908396
0,0,GaussianCopula,GBDT,TSTR,F_malt_cara,0.24683308601379395,0.4798389276568393
0,0,GaussianCopula,GBDT,TSTR,F_malt_burn,0.3314669132232666,0.6880256420682647
0,0,GaussianCopula,GBDT,TSTR,F_hops_all,-0.06812524795532227,0.6513553601153411
0,0,GaussianCopula,GBDT,TSTR,F_hops_citrus,0.02269160747528076,0.4692066829017659
0,0,GaussianCopula,GBDT,TSTR,F_hops_tropical,0.04542142152786255,0.543721617034627
0,0,GaussianCopula,GBDT,TSTR,F_hops_noble,0.03748273849487305,0.5853035867382032
0,0,GaussianCopula,GBDT,TSTR,F_hops_woody,-0.1333911418914795,0.4543673650055511
0,0,GaussianCopula,GBDT,TSTR,F_esters_all,0.08039987087249756,0.5514988924691501
0,0,GaussianCopula,GBDT,TSTR,F_esters_ethac,0.06340527534484863,0.49259367335175597
0,0,GaussianCopula,GBDT,TSTR,F_esters_isoaa,-0.1751418113708496,0.5823562533932657
0,0,GaussianCopula,GBDT,TSTR,F_esters_flower,-0.018538832664489746,0.4048597499463926
0,0,GaussianCopula,GBDT,TSTR,F_esters_fruity,0.05715477466583252,0.5465287065827964
0,0,GaussianCopula,GBDT,TSTR,acidity,0.44892650842666626,0.6949486798611003
0,0,GaussianCopula,GBDT,TSTR,bitternes,0.5771065950393677,0.47560257461555205
0,0,GaussianCopula,GBDT,TSTR,sweetness,0.24075603485107422,0.5800536950101473
0,0,GaussianCopula,GBDT,TSTR,X4vg,-0.04146838188171387,0.5823244470048579
0,0,GaussianCopula,GBDT,TSTR,diacetyl,-0.12278604507446289,0.42228288712272755
0,0,GaussianCopula,GBDT,TSTR,dms,-0.036959290504455566,0.5822037050916873
0,0,GaussianCopula,GBDT,TSTR,metallic,-0.014725923538208008,0.4418112323293282
0,0,GaussianCopula,GBDT,TSTR,stale_hops,-0.07173991203308105,0.4769147759094077
0,0,GaussianCopula,GBDT,TSTR,t2n,-0.18943822383880615,0.44280063190587415
0,0,GaussianCopula,GBDT,TSTR,orange,-0.19542443752288818,0.4065838505726724
0,0,GaussianCopula,GBDT,TSTR,coriander,0.15055274963378906,0.6016858952779145
0,0,GaussianCopula,GBDT,TSTR,clove,0.11006665229797363,0.4032940244074028
0,0,GaussianCopula,GBDT,TSTR,lactic,0.34374701976776123,0.7856709705216559
0,0,GaussianCopula,GBDT,TSTR,acetic,0.3143150806427002,0.6792976313581857
0,0,GaussianCopula,GBDT,TSTR,barnyard,0.00488966703414917,0.4696911106491139
0,0,GaussianCopula,GBDT,TSTR,alcohol,0.6418980360031128,0.47921455876495517
0,0,GaussianCopula,GBDT,TSTR,aftertaste,0.3814721703529358,0.5517405819523354
0,0,GaussianCopula,GBDT,TSTR,body,0.5558483600616455,0.42724795967784507
0,0,GaussianCopula,GBDT,TSTR,co2,0.004541158676147461,0.5653834348745612
0,0,GaussianCopula,GBDT,TSTR,overall,0.06405723094940186,0.5696524628428529
0,0,GaussianCopula,GBDT,AUG,A_malt_all,0.4679136276245117,0.6226540406306376
0,0,GaussianCopula,GBDT,AUG,A_malt_grain,-0.039495229721069336,0.4601155727781421
0,0,GaussianCopula,GBDT,AUG,A_malt_bread,0.10571587085723877,0.4908559437883356
0,0,GaussianCopula,GBDT,AUG,A_malt_cara,0.3087877631187439,0.49456512552097376
0,0,GaussianCopula,GBDT,AUG,A_malt_burn,0.29683923721313477,0.825438694923953
0,0,GaussianCopula,GBDT,AUG,A_hops_all,0.06371015310287476,0.6663212899792175
0,0,GaussianCopula,GBDT,AUG,A_hops_citrus,0.011278510093688965,0.49099790530525167
0,0,GaussianCopula,GBDT,AUG,A_hops_tropical,-0.27030491828918457,0.6572078345069192
0,0,GaussianCopula,GBDT,AUG,A_hops_noble,0.021289527416229248,0.5763661719700739
0,0,GaussianCopula,GBDT,AUG,A_hops_woody,-0.0016251802444458008,0.42271228989914217
0,0,GaussianCopula,GBDT,AUG,A_esters_all,-0.06663107872009277,0.6421759834092229
0,0,GaussianCopula,GBDT,AUG,A_esters_ethac,0.08753514289855957,0.4500350998064233
0,0,GaussianCopula,GBDT,AUG,A_esters_isoaa,0.06787461042404175,0.4802732612699517
0,0,GaussianCopula,GBDT,AUG,A_esters_flower,0.09318870306015015,0.40762072179164127
0,0,GaussianCopula,GBDT,AUG,A_esters_fruity,0.03966885805130005,0.5329515471487782
0,0,GaussianCopula,GBDT,AUG,F_malt_all,0.40468722581863403,0.591017080281263
0,0,GaussianCopula,GBDT,AUG,F_malt_grain,-0.0013532638549804688,0.4089876693986396
0,0,GaussianCopula,GBDT,AUG,F_malt_bread,0.25544846057891846,0.47341111490483495
0,0,GaussianCopula,GBDT,AUG,F_malt_cara,0.2778468132019043,0.46985573687674637
0,0,GaussianCopula,GBDT,AUG,F_malt_burn,0.4817848801612854,0.6057566788762162
0,0,GaussianCopula,GBDT,AUG,F_hops_all,0.12360459566116333,0.5900066984329801
0,0,GaussianCopula,GBDT,AUG,F_hops_citrus,-0.0031567811965942383,0.4753711066396298
0,0,GaussianCopula,GBDT,AUG,F_hops_tropical,0.03176426887512207,0.5475972991429523
0,0,GaussianCopula,GBDT,AUG,F_hops_noble,0.091575026512146,0.5686191345402059
0,0,GaussianCopula,GBDT,AUG,F_hops_woody,0.09205913543701172,0.40667361401397784
0,0,GaussianCopula,GBDT,AUG,F_esters_all,0.2599186301231384,0.49474892849972407
0,0,GaussianCopula,GBDT,AUG,F_esters_ethac,0.1410205364227295,0.47174179268526956
0,0,GaussianCopula,GBDT,AUG,F_esters_isoaa,-0.08214330673217773,0.5588380506122805
0,0,GaussianCopula,GBDT,AUG,F_esters_flower,0.04092514514923096,0.39286383864654045
0,0,GaussianCopula,GBDT,AUG,F_esters_fruity,0.0980038046836853,0.5345583729356622
0,0,GaussianCopula,GBDT,AUG,acidity,0.607653021812439,0.5863853777355609
0,0,GaussianCopula,GBDT,AUG,bitternes,0.6185299158096313,0.45170922914893613
0,0,GaussianCopula,GBDT,AUG,sweetness,0.2964942455291748,0.5583562012397147
0,0,GaussianCopula,GBDT,AUG,X4vg,0.0014982223510742188,0.5701857909444886
0,0,GaussianCopula,GBDT,AUG,diacetyl,-0.3322763442993164,0.45999396462731246
0,0,GaussianCopula,GBDT,AUG,dms,0.07560616731643677,0.5496960493662318
0,0,GaussianCopula,GBDT,AUG,metallic,0.22261053323745728,0.3867067084701484
0,0,GaussianCopula,GBDT,AUG,stale_hops,-0.10579109191894531,0.48443178643863544
0,0,GaussianCopula,GBDT,AUG,t2n,-0.025394320487976074,0.4111333924060637
0,0,GaussianCopula,GBDT,AUG,orange,-0.7185909748077393,0.48750078005606035
0,0,GaussianCopula,GBDT,AUG,coriander,0.11201626062393188,0.6151827351529869
0,0,GaussianCopula,GBDT,AUG,clove,0.07509773969650269,0.41114116669274375
0,0,GaussianCopula,GBDT,AUG,lactic,0.5788843631744385,0.629369576893903
0,0,GaussianCopula,GBDT,AUG,acetic,0.5543569922447205,0.5476351767932915
0,0,GaussianCopula,GBDT,AUG,barnyard,-0.028057575225830078,0.4774033211155465
0,0,GaussianCopula,GBDT,AUG,alcohol,0.7584937810897827,0.3935417381409068
0,0,GaussianCopula,GBDT,AUG,aftertaste,0.48978275060653687,0.5011097691886388
0,0,GaussianCopula,GBDT,AUG,body,0.5893251299858093,0.4108312230059192
0,0,GaussianCopula,GBDT,AUG,co2,0.28113651275634766,0.48045713519192146
0,0,GaussianCopula,GBDT,AUG,overall,0.05414307117462158,0.5726616176129885
0,0,GaussianCopula,MLP,TSTR,A_malt_all,0.20110386610031128,0.762958515386862
0,0,GaussianCopula,MLP,TSTR,A_malt_grain,-0.46399450302124023,0.546041179959011
0,0,GaussianCopula,MLP,TSTR,A_malt_bread,-0.7238419055938721,0.6814986685028279
0,0,GaussianCopula,MLP,TSTR,A_malt_cara,-0.3207876682281494,0.6836507500998638
0,0,GaussianCopula,MLP,TSTR,A_malt_burn,-0.08933329582214355,1.0273960230767627
0,0,GaussianCopula,MLP,TSTR,A_hops_all,-0.5738323926925659,0.8638886606237254
0,0,GaussianCopula,MLP,TSTR,A_hops_citrus,-0.3584078550338745,0.5755164864032154
0,0,GaussianCopula,MLP,TSTR,A_hops_tropical,-0.9008160829544067,0.8039310195710299
0,0,GaussianCopula,MLP,TSTR,A_hops_noble,-0.46552038192749023,0.7052892860104539
0,0,GaussianCopula,MLP,TSTR,A_hops_woody,-0.169486403465271,0.4567618921231964
0,0,GaussianCopula,MLP,TSTR,A_esters_all,-0.06779420375823975,0.6425259925542219
0,0,GaussianCopula,MLP,TSTR,A_esters_ethac,-0.45666563510894775,0.5686148891728267
0,0,GaussianCopula,MLP,TSTR,A_esters_isoaa,-0.1545788049697876,0.5345188438048529
0,0,GaussianCopula,MLP,TSTR,A_esters_flower,0.2081449031829834,0.38090849339591837
0,0,GaussianCopula,MLP,TSTR,A_esters_fruity,0.42972153425216675,0.41069623732746163
0,0,GaussianCopula,MLP,TSTR,F_malt_all,0.3355228304862976,0.6244065805415883
0,0,GaussianCopula,MLP,TSTR,F_malt_grain,-0.45051002502441406,0.4922400098371032
0,0,GaussianCopula,MLP,TSTR,F_malt_bread,-0.1485077142715454,0.5879738580835137
0,0,GaussianCopula,MLP,TSTR,F_malt_cara,-0.025208115577697754,0.5598296251998494
0,0,GaussianCopula,MLP,TSTR,F_malt_burn,0.09608316421508789,0.8000321024175727
0,0,GaussianCopula,MLP,TSTR,F_hops_all,-0.6349409818649292,0.8058569105131895
0,0,GaussianCopula,MLP,TSTR,F_hops_citrus,-0.4112834930419922,0.5638395095866173
0,0,GaussianCopula,MLP,TSTR,F_hops_tropical,-0.9104539155960083,0.7691995515816106
0,0,GaussianCopula,MLP,TSTR,F_hops_noble,-0.4265826940536499,0.7125665215341207
0,0,GaussianCopula,MLP,TSTR,F_hops_woody,-0.9149127006530762,0.5905976435466717
0,0,GaussianCopula,MLP,TSTR,F_esters_all,-0.06644701957702637,0.5939019661226758
0,0,GaussianCopula,MLP,TSTR,F_esters_ethac,-0.09059715270996094,0.5315512756561999
0,0,GaussianCopula,MLP,TSTR,F_esters_isoaa,-0.13998591899871826,0.5735791075689051
0,0,GaussianCopula,MLP,TSTR,F_esters_flower,0.025377929210662842,0.39603533944271835
0,0,GaussianCopula,MLP,TSTR,F_esters_fruity,0.1458396315574646,0.5201905734883363
0,0,GaussianCopula,MLP,TSTR,acidity,0.38216692209243774,0.735840248760879
0,0,GaussianCopula,MLP,TSTR,bitternes,-0.02999556064605713,0.7422435137040347
0,0,GaussianCopula,MLP,TSTR,sweetness,0.14922654628753662,0.6140227724769787
0,0,GaussianCopula,MLP,TSTR,X4vg,-0.8381624221801758,0.7736311005551977
0,0,GaussianCopula,MLP,TSTR,diacetyl,-0.9610929489135742,0.5580897691976563
0,0,GaussianCopula,MLP,TSTR,dms,-0.5248430967330933,0.7060032320596992
0,0,GaussianCopula,MLP,TSTR,metallic,-0.49648046493530273,0.5365348100932387
0,0,GaussianCopula,MLP,TSTR,stale_hops,-0.9712374210357666,0.6467933492683076
0,0,GaussianCopula,MLP,TSTR,t2n,-0.3585323095321655,0.4732300136888019
0,0,GaussianCopula,MLP,TSTR,orange,-4.165843486785889,0.8452003517429073
0,0,GaussianCopula,MLP,TSTR,coriander,-0.32819199562072754,0.7523710204318822
0,0,GaussianCopula,MLP,TSTR,clove,0.12062078714370728,0.40089544710517583
0,0,GaussianCopula,MLP,TSTR,lactic,0.27957963943481445,0.8231861461963952
0,0,GaussianCopula,MLP,TSTR,acetic,-0.4425783157348633,0.985297754517961
0,0,GaussianCopula,MLP,TSTR,barnyard,-0.8628206253051758,0.6426318531706064
0,0,GaussianCopula,MLP,TSTR,alcohol,0.1534901261329651,0.7367881734101815
0,0,GaussianCopula,MLP,TSTR,aftertaste,0.2243804931640625,0.617845184858575
0,0,GaussianCopula,MLP,TSTR,body,0.15241509675979614,0.5902091908967637
0,0,GaussianCopula,MLP,TSTR,co2,-0.04560279846191406,0.5794484481015887
0,0,GaussianCopula,MLP,TSTR,overall,-0.3104872703552246,0.6740649484405121
0,0,GaussianCopula,MLP,AUG,A_malt_all,0.2883867025375366,0.7200750907179267
0,0,GaussianCopula,MLP,AUG,A_malt_grain,-0.48924875259399414,0.5507307097060616
0,0,GaussianCopula,MLP,AUG,A_malt_bread,-0.5244163274765015,0.6408672805032529
0,0,GaussianCopula,MLP,AUG,A_malt_cara,0.23538988828659058,0.5201610104087196
0,0,GaussianCopula,MLP,AUG,A_malt_burn,-0.02553117275238037,0.9968548727843745
0,0,GaussianCopula,MLP,AUG,A_hops_all,-0.42213571071624756,0.821200226504912
0,0,GaussianCopula,MLP,AUG,A_hops_citrus,-0.37087178230285645,0.5781507228593102
0,0,GaussianCopula,MLP,AUG,A_hops_tropical,-0.8645321130752563,0.796221072092177
0,0,GaussianCopula,MLP,AUG,A_hops_noble,-0.42838847637176514,0.6962970021612435
0,0,GaussianCopula,MLP,AUG,A_hops_woody,-0.23203182220458984,0.46881686369534803
0,0,GaussianCopula,MLP,AUG,A_esters_all,0.06037098169326782,0.6027332407260193
0,0,GaussianCopula,MLP,AUG,A_esters_ethac,-0.37858855724334717,0.5531661971962686
0,0,GaussianCopula,MLP,AUG,A_esters_isoaa,-0.10678672790527344,0.52333913419732
0,0,GaussianCopula,MLP,AUG,A_esters_flower,0.35266053676605225,0.34440054890453753
0,0,GaussianCopula,MLP,AUG,A_esters_fruity,0.4496198296546936,0.40346755325817096
0,0,GaussianCopula,MLP,AUG,F_malt_all,0.32636356353759766,0.6286953163635702
0,0,GaussianCopula,MLP,AUG,F_malt_grain,-0.502829909324646,0.501038932264114
0,0,GaussianCopula,MLP,AUG,F_malt_bread,0.036430954933166504,0.5385580051779508
0,0,GaussianCopula,MLP,AUG,F_malt_cara,0.2242034673690796,0.48699418383068516
0,0,GaussianCopula,MLP,AUG,F_malt_burn,0.500026285648346,0.5949997047615921
0,0,GaussianCopula,MLP,AUG,F_hops_all,-0.4867515563964844,0.768468558733652
0,0,GaussianCopula,MLP,AUG,F_hops_citrus,-0.40086984634399414,0.5617554293184663
0,0,GaussianCopula,MLP,AUG,F_hops_tropical,-0.6535308361053467,0.7156108221790197
0,0,GaussianCopula,MLP,AUG,F_hops_noble,-0.4554412364959717,0.7197377425299828
0,0,GaussianCopula,MLP,AUG,F_hops_woody,-0.6322371959686279,0.5452665653939384
0,0,GaussianCopula,MLP,AUG,F_esters_all,0.11127418279647827,0.5421619321307788
0,0,GaussianCopula,MLP,AUG,F_esters_ethac,0.044910311698913574,0.49743352783798933
0,0,GaussianCopula,MLP,AUG,F_esters_isoaa,0.06671243906021118,0.5189808389364355
0,0,GaussianCopula,MLP,AUG,F_esters_flower,0.05656713247299194,0.3896469842792841
0,0,GaussianCopula,MLP,AUG,F_esters_fruity,0.23592287302017212,0.4919957741201161
0,0,GaussianCopula,MLP,AUG,acidity,0.2967910170555115,0.7850370933491694
0,0,GaussianCopula,MLP,AUG,bitternes,0.09113955497741699,0.6972320292096793
0,0,GaussianCopula,MLP,AUG,sweetness,0.1912224292755127,0.5986762972248622
0,0,GaussianCopula,MLP,AUG,X4vg,-0.7647261619567871,0.7580199596726229
0,0,GaussianCopula,MLP,AUG,diacetyl,-0.9627591371536255,0.5583268174697469
0,0,GaussianCopula,MLP,AUG,dms,-0.4330277442932129,0.6844179470922399
0,0,GaussianCopula,MLP,AUG,metallic,-0.4034978151321411,0.5195989349559884
0,0,GaussianCopula,MLP,AUG,stale_hops,-0.8655956983566284,0.629223382258788
0,0,GaussianCopula,MLP,AUG,t2n,-0.3973602056503296,0.4799450136518797
0,0,GaussianCopula,MLP,AUG,orange,-4.548766613006592,0.8759660496926127
0,0,GaussianCopula,MLP,AUG,coriander,-0.24650895595550537,0.7288687415249273
0,0,GaussianCopula,MLP,AUG,clove,0.018529117107391357,0.42352762424490703
0,0,GaussianCopula,MLP,AUG,lactic,0.45452558994293213,0.7162955295278919
0,0,GaussianCopula,MLP,AUG,acetic,-0.12247860431671143,0.8691341785663321
0,0,GaussianCopula,MLP,AUG,barnyard,-0.8697075843811035,0.643818686811537
0,0,GaussianCopula,MLP,AUG,alcohol,0.3424220085144043,0.6493820297257237
0,0,GaussianCopula,MLP,AUG,aftertaste,0.3129372000694275,0.5815051216218107
0,0,GaussianCopula,MLP,AUG,body,0.32630378007888794,0.5261946698004
0,0,GaussianCopula,MLP,AUG,co2,-0.005947232246398926,0.5683541314056871
0,0,GaussianCopula,MLP,AUG,overall,-0.1215440034866333,0.6235818987288696
0,0,VAE,GBDT,TSTR,A_malt_all,-0.03709840774536133,0.86929213671277
0,0,VAE,GBDT,TSTR,A_malt_grain,-0.08158981800079346,0.46933934991923926
0,0,VAE,GBDT,TSTR,A_malt_bread,-0.09951555728912354,0.5442732365264646
0,0,VAE,GBDT,TSTR,A_malt_cara,-0.01916325092315674,0.6005368344462716
0,0,VAE,GBDT,TSTR,A_malt_burn,-0.05769789218902588,1.0123677767849055
0,0,VAE,GBDT,TSTR,A_hops_all,-0.006715059280395508,0.6909264446048684
0,0,VAE,GBDT,TSTR,A_hops_citrus,-0.0036524534225463867,0.494691383505619
0,0,VAE,GBDT,TSTR,A_hops_tropical,0.01029902696609497,0.5800971596417318
0,0,VAE,GBDT,TSTR,A_hops_noble,-0.029241561889648438,0.5910578983011178
0,0,VAE,GBDT,TSTR,A_hops_woody,-0.03398573398590088,0.42948652248974667
0,0,VAE,GBDT,TSTR,A_esters_all,-0.012242317199707031,0.6255891169223984
0,0,VAE,GBDT,TSTR,A_esters_ethac,-0.017733097076416016,0.47528624442653794
0,0,VAE,GBDT,TSTR,A_esters_isoaa,0.007637143135070801,0.495548865181843
0,0,VAE,GBDT,TSTR,A_esters_flower,-0.02064192295074463,0.43244860186593964
0,0,VAE,GBDT,TSTR,A_esters_fruity,-0.019304394721984863,0.5490718585428821
0,0,VAE,GBDT,TSTR,F_malt_all,-0.0330585241317749,0.778556070076282
0,0,VAE,GBDT,TSTR,F_malt_grain,-0.020025253295898438,0.41278317586285074
0,0,VAE,GBDT,TSTR,F_malt_bread,-0.026829838752746582,0.5559558337031362
0,0,VAE,GBDT,TSTR,F_malt_cara,-0.009373188018798828,0.5554893768815862
0,0,VAE,GBDT,TSTR,F_malt_burn,-0.04509234428405762,0.8602417476339157
0,0,VAE,GBDT,TSTR,F_hops_all,0.0019004344940185547,0.6296422217965311
0,0,VAE,GBDT,TSTR,F_hops_citrus,-0.021948575973510742,0.47980293413360664
0,0,VAE,GBDT,TSTR,F_hops_tropical,-0.015161871910095215,0.5607101255875185
0,0,VAE,GBDT,TSTR,F_hops_noble,-0.04261469841003418,0.6091704881272517
0,0,VAE,GBDT,TSTR,F_hops_woody,-0.03279745578765869,0.43373533463214753
0,0,VAE,GBDT,TSTR,F_esters_all,0.003798961639404297,0.5740088773466274
0,0,VAE,GBDT,TSTR,F_esters_ethac,-0.006515860557556152,0.5106499262203954
0,0,VAE,GBDT,TSTR,F_esters_isoaa,-0.019868969917297363,0.5425200220447702
0,0,VAE,GBDT,TSTR,F_esters_flower,-0.01231241226196289,0.4036203889107904
0,0,VAE,GBDT,TSTR,F_esters_fruity,-0.0036847591400146484,0.5638861531106181
0,0,VAE,GBDT,TSTR,acidity,-0.009611964225769043,0.9406438565819608
0,0,VAE,GBDT,TSTR,bitternes,-0.005394101142883301,0.7333256955905019
0,0,VAE,GBDT,TSTR,sweetness,-0.040157198905944824,0.6789331305727665
0,0,VAE,GBDT,TSTR,X4vg,-0.03199422359466553,0.5796697444201572
0,0,VAE,GBDT,TSTR,diacetyl,-0.03145921230316162,0.40474455000499177
0,0,VAE,GBDT,TSTR,dms,0.0007641315460205078,0.5715156040798106
0,0,VAE,GBDT,TSTR,metallic,-0.029726862907409668,0.445064944339442
0,0,VAE,GBDT,TSTR,stale_hops,-0.01151275634765625,0.4633207777120842
0,0,VAE,GBDT,TSTR,t2n,-0.007851839065551758,0.4076013646986898
0,0,VAE,GBDT,TSTR,orange,-0.024575471878051758,0.37640990018361337
0,0,VAE,GBDT,TSTR,coriander,-0.02693617343902588,0.6615662499250792
0,0,VAE,GBDT,TSTR,clove,0.008247673511505127,0.4257401962786715
0,0,VAE,GBDT,TSTR,lactic,-0.047171950340270996,0.9924623604274544
0,0,VAE,GBDT,TSTR,acetic,-0.029400348663330078,0.8323192545711328
0,0,VAE,GBDT,TSTR,barnyard,-0.03239405155181885,0.4784091285999212
0,0,VAE,GBDT,TSTR,alcohol,0.015978753566741943,0.7943810350022272
0,0,VAE,GBDT,TSTR,aftertaste,0.019878864288330078,0.694536697829757
0,0,VAE,GBDT,TSTR,body,0.024195551872253418,0.6332799809553983
0,0,VAE,GBDT,TSTR,co2,-0.07499945163726807,0.5875374376259185
0,0,VAE,GBDT,TSTR,overall,0.0066724419593811035,0.5868560457672717
0,0,VAE,GBDT,AUG,A_malt_all,0.4084324836730957,0.6565350413038895
0,0,VAE,GBDT,AUG,A_malt_grain,-0.007634758949279785,0.45300942624202606
0,0,VAE,GBDT,AUG,A_malt_bread,0.0031073689460754395,0.5182514058106452
0,0,VAE,GBDT,AUG,A_malt_cara,0.37090325355529785,0.47182017064652604
0,0,VAE,GBDT,AUG,A_malt_burn,0.13412338495254517,0.9159789901597762
0,0,VAE,GBDT,AUG,A_hops_all,0.1591309905052185,0.6314554380625071
0,0,VAE,GBDT,AUG,A_hops_citrus,0.1466314196586609,0.4561534831760282
0,0,VAE,GBDT,AUG,A_hops_tropical,-0.022858738899230957,0.5897345283891562
0,0,VAE,GBDT,AUG,A_hops_noble,0.05123680830001831,0.5674796095726534
0,0,VAE,GBDT,AUG,A_hops_woody,0.02457118034362793,0.4171479088502805
0,0,VAE,GBDT,AUG,A_esters_all,-0.03687918186187744,0.633156412179496
0,0,VAE,GBDT,AUG,A_esters_ethac,0.06995707750320435,0.4543492287853115
0,0,VAE,GBDT,AUG,A_esters_isoaa,0.061361730098724365,0.4819482030074583
0,0,VAE,GBDT,AUG,A_esters_flower,0.010027468204498291,0.42590169340496986
0,0,VAE,GBDT,AUG,A_esters_fruity,-0.0178530216217041,0.5486807846004268
0,0,VAE,GBDT,AUG,F_malt_all,0.5037302374839783,0.5396178881309324
0,0,VAE,GBDT,AUG,F_malt_grain,0.11544167995452881,0.38439681681303417
0,0,VAE,GBDT,AUG,F_malt_bread,0.16219598054885864,0.5021833196251192
0,0,VAE,GBDT,AUG,F_malt_cara,0.24371391534805298,0.48083150552019877
0,0,VAE,GBDT,AUG,F_malt_burn,0.3968852758407593,0.6534963008670849
0,0,VAE,GBDT,AUG,F_hops_all,0.11815488338470459,0.591838293860826
0,0,VAE,GBDT,AUG,F_hops_citrus,-0.05287981033325195,0.48700986517229694
0,0,VAE,GBDT,AUG,F_hops_tropical,0.0385095477104187,0.5456865203013248
0,0,VAE,GBDT,AUG,F_hops_noble,0.1050347089767456,0.5643909512501442
0,0,VAE,GBDT,AUG,F_hops_woody,0.02959543466567993,0.42042995144875556
0,0,VAE,GBDT,AUG,F_esters_all,0.17277836799621582,0.5230654917588232
0,0,VAE,GBDT,AUG,F_esters_ethac,0.22905349731445312,0.44691516855745006
0,0,VAE,GBDT,AUG,F_esters_isoaa,0.029265403747558594,0.5292902027568239
0,0,VAE,GBDT,AUG,F_esters_flower,-0.018036365509033203,0.40475988366686955
0,0,VAE,GBDT,AUG,F_esters_fruity,0.04574030637741089,0.5498269925242828
0,0,VAE,GBDT,AUG,acidity,0.6634530425071716,0.5430887213246482
0,0,VAE,GBDT,AUG,bitternes,0.5443472266197205,0.49368023439849645
0,0,VAE,GBDT,AUG,sweetness,0.3867266774177551,0.5213201885856937
0,0,VAE,GBDT,AUG,X4vg,0.07730704545974731,0.5481135919790889
0,0,VAE,GBDT,AUG,diacetyl,-0.22055888175964355,0.4402854497166243
0,0,VAE,GBDT,AUG,dms,0.10292613506317139,0.5415121341007999
0,0,VAE,GBDT,AUG,metallic,0.12689417600631714,0.4098225280409786
0,0,VAE,GBDT,AUG,stale_hops,0.003272414207458496,0.45992214095955375
0,0,VAE,GBDT,AUG,t2n,0.026269376277923584,0.4006422043318405
0,0,VAE,GBDT,AUG,orange,-0.0530092716217041,0.3815971857375009
0,0,VAE,GBDT,AUG,coriander,0.187808096408844,0.5883434997288984
0,0,VAE,GBDT,AUG,clove,0.22903484106063843,0.3753707364437563
0,0,VAE,GBDT,AUG,lactic,0.573381245136261,0.6334684998389124
0,0,VAE,GBDT,AUG,acetic,0.5899848937988281,0.5252882847148943
0,0,VAE,GBDT,AUG,barnyard,0.0606764554977417,0.45633556530357616
0,0,VAE,GBDT,AUG,alcohol,0.7515215873718262,0.3991820167319004
0,0,VAE,GBDT,AUG,aftertaste,0.41744303703308105,0.5354568862157341
0,0,VAE,GBDT,AUG,body,0.5779829025268555,0.4164658559253681
0,0,VAE,GBDT,AUG,co2,0.26123738288879395,0.4870616023690396
0,0,VAE,GBDT,AUG,overall,-0.046768784523010254,0.6024357291325301
0,0,VAE,MLP,TSTR,A_malt_all,-0.29370975494384766,0.9708992896098341
0,0,VAE,MLP,TSTR,A_malt_grain,-0.5706287622451782,0.5655779076040528
0,0,VAE,MLP,TSTR,A_malt_bread,-0.6170963048934937,0.6600612368857398
0,0,VAE,MLP,TSTR,A_malt_cara,-0.35520827770233154,0.6925016443804556
0,0,VAE,MLP,TSTR,A_malt_burn,-0.381416916847229,1.1569641073193693
0,0,VAE,MLP,TSTR,A_hops_all,-0.5225387811660767,0.8496943288839444
0,0,VAE,MLP,TSTR,A_hops_citrus,-0.4163393974304199,0.5876602532580825
0,0,VAE,MLP,TSTR,A_hops_tropical,-0.8066393136978149,0.7837624776111624
0,0,VAE,MLP,TSTR,A_hops_noble,-0.5597074031829834,0.7276004227742398
0,0,VAE,MLP,TSTR,A_hops_woody,-0.28193795680999756,0.4782178458278982
0,0,VAE,MLP,TSTR,A_esters_all,0.024328887462615967,0.614184206872141
0,0,VAE,MLP,TSTR,A_esters_ethac,-0.5692551136016846,0.590180787052854
0,0,VAE,MLP,TSTR,A_esters_isoaa,-0.052976250648498535,0.5104586103942649
0,0,VAE,MLP,TSTR,A_esters_flower,0.2460169792175293,0.37168802561705944
0,0,VAE,MLP,TSTR,A_esters_fruity,0.25788819789886475,0.4685024720547086
0,0,VAE,MLP,TSTR,F_malt_all,-0.26823461055755615,0.8626353406453554
0,0,VAE,MLP,TSTR,F_malt_grain,-0.4490084648132324,0.49198517349531645
0,0,VAE,MLP,TSTR,F_malt_bread,-0.2581554651260376,0.6154010123179766
0,0,VAE,MLP,TSTR,F_malt_cara,-0.34931278228759766,0.6422530398372998
0,0,VAE,MLP,TSTR,F_malt_burn,-0.4070321321487427,0.998148545314136
0,0,VAE,MLP,TSTR,F_hops_all,-0.4438885450363159,0.757310091202952
0,0,VAE,MLP,TSTR,F_hops_citrus,-0.4730980396270752,0.5760553274437592
0,0,VAE,MLP,TSTR,F_hops_tropical,-0.6200447082519531,0.7083277328120209
0,0,VAE,MLP,TSTR,F_hops_noble,-0.4320361614227295,0.7139271764428795
0,0,VAE,MLP,TSTR,F_hops_woody,-0.6195300817489624,0.5431399452866078
0,0,VAE,MLP,TSTR,F_esters_all,-0.050339341163635254,0.589399739066818
0,0,VAE,MLP,TSTR,F_esters_ethac,-0.27772068977355957,0.5753484240437322
0,0,VAE,MLP,TSTR,F_esters_isoaa,-0.018223881721496582,0.5420822756016835
0,0,VAE,MLP,TSTR,F_esters_flower,-0.009415626525878906,0.4030424735887623
0,0,VAE,MLP,TSTR,F_esters_fruity,-0.007621049880981445,0.5649908072221704
0,0,VAE,MLP,TSTR,acidity,-0.37184667587280273,1.0964800957901002
0,0,VAE,MLP,TSTR,bitternes,-0.31078052520751953,0.8373243290008033
0,0,VAE,MLP,TSTR,sweetness,-0.1664736270904541,0.7189769801114256
0,0,VAE,MLP,TSTR,X4vg,-1.027343511581421,0.8124668408009789
0,0,VAE,MLP,TSTR,diacetyl,-0.8638015985488892,0.5440700531796215
0,0,VAE,MLP,TSTR,dms,-0.3171936273574829,0.6561738378743179
0,0,VAE,MLP,TSTR,metallic,-0.540640115737915,0.5443935499304587
0,0,VAE,MLP,TSTR,stale_hops,-1.0968832969665527,0.6670881568151339
0,0,VAE,MLP,TSTR,t2n,-0.32655298709869385,0.46762700665901724
0,0,VAE,MLP,TSTR,orange,-3.8331384658813477,0.8175299180532043
0,0,VAE,MLP,TSTR,coriander,-0.2929041385650635,0.7423090784980538
0,0,VAE,MLP,TSTR,clove,-4.497357368469238,1.0023514400196107
0,0,VAE,MLP,TSTR,lactic,-0.14892315864562988,1.0395623632442523
0,0,VAE,MLP,TSTR,acetic,-0.7935845851898193,1.0986483831361884
0,0,VAE,MLP,TSTR,barnyard,-1.037954330444336,0.6721619725046498
0,0,VAE,MLP,TSTR,alcohol,-0.19116902351379395,0.8740038310148134
0,0,VAE,MLP,TSTR,aftertaste,-0.15422821044921875,0.7537045777332544
0,0,VAE,MLP,TSTR,body,-0.2583574056625366,0.7191448371096643
0,0,VAE,MLP,TSTR,co2,-0.11101698875427246,0.597299007782686
0,0,VAE,MLP,TSTR,overall,-0.11729228496551514,0.622398780805134
0,0,VAE,MLP,AUG,A_malt_all,0.24931728839874268,0.7395779560233905
0,0,VAE,MLP,AUG,A_malt_grain,-0.46749377250671387,0.5466933629982039
0,0,VAE,MLP,AUG,A_malt_bread,-0.01618671417236328,0.5232425440509033
0,0,VAE,MLP,AUG,A_malt_cara,0.07162326574325562,0.5731653165208836
0,0,VAE,MLP,AUG,A_malt_burn,0.39645200967788696,0.7647392832842856
0,0,VAE,MLP,AUG,A_hops_all,-0.4564896821975708,0.8310597080029757
0,0,VAE,MLP,AUG,A_hops_citrus,-0.029999494552612305,0.5011424483403846
0,0,VAE,MLP,AUG,A_hops_tropical,-0.818522572517395,0.7863358703322785
0,0,VAE,MLP,AUG,A_hops_noble,-0.40149450302124023,0.6897108552657292
0,0,VAE,MLP,AUG,A_hops_woody,-0.2848416566848755,0.4787591431344755
0,0,VAE,MLP,AUG,A_esters_all,0.16257929801940918,0.5690085253185785
0,0,VAE,MLP,AUG,A_esters_ethac,-0.2227332592010498,0.5209597402400727
0,0,VAE,MLP,AUG,A_esters_isoaa,-0.0852893590927124,0.5182317385457946
0,0,VAE,MLP,AUG,A_esters_flower,0.3291262984275818,0.3506050635941078
0,0,VAE,MLP,AUG,A_esters_fruity,0.3783462643623352,0.42879678131770826
0,0,VAE,MLP,AUG,F_malt_all,0.2756422162055969,0.6519345581994742
0,0,VAE,MLP,AUG,F_malt_grain,-0.5024871826171875,0.5009817677128922
0,0,VAE,MLP,AUG,F_malt_bread,0.023058295249938965,0.5422822468228077
0,0,VAE,MLP,AUG,F_malt_cara,0.03701406717300415,0.5425750622480939
0,0,VAE,MLP,AUG,F_malt_burn,0.4793660044670105,0.6071687520539608
0,0,VAE,MLP,AUG,F_hops_all,-0.41799306869506836,0.750488360671149
0,0,VAE,MLP,AUG,F_hops_citrus,-0.6058633327484131,0.6014543411321472
0,0,VAE,MLP,AUG,F_hops_tropical,-0.6891684532165527,0.7232812601527479
0,0,VAE,MLP,AUG,F_hops_noble,-0.3659026622772217,0.6972472458241676
0,0,VAE,MLP,AUG,F_hops_woody,-0.5613052845001221,0.5332871814468334
0,0,VAE,MLP,AUG,F_esters_all,0.17549234628677368,0.5222067241223366
0,0,VAE,MLP,AUG,F_esters_ethac,0.07042986154556274,0.49074294015136954
0,0,VAE,MLP,AUG,F_esters_isoaa,0.1138230562210083,0.5057126572569643
0,0,VAE,MLP,AUG,F_esters_flower,-0.021614909172058105,0.40547065072909577
0,0,VAE,MLP,AUG,F_esters_fruity,0.24011045694351196,0.4906457034073826
0,0,VAE,MLP,AUG,acidity,0.421766996383667,0.7118678869439656
0,0,VAE,MLP,AUG,bitternes,0.07984006404876709,0.701552858689972
0,0,VAE,MLP,AUG,sweetness,0.14383000135421753,0.6159671113644287
0,0,VAE,MLP,AUG,X4vg,-0.6918185949325562,0.7421964544458798
0,0,VAE,MLP,AUG,diacetyl,-1.1265828609466553,0.5811605405157331
0,0,VAE,MLP,AUG,dms,-0.42720627784729004,0.6830263453285363
0,0,VAE,MLP,AUG,metallic,-0.44030332565307617,0.5263678669261617
0,0,VAE,MLP,AUG,stale_hops,0.03683418035507202,0.4521125960511328
0,0,VAE,MLP,AUG,t2n,-0.345700740814209,0.4709898522533136
0,0,VAE,MLP,AUG,orange,-1.3622817993164062,0.5715508798426447
0,0,VAE,MLP,AUG,coriander,0.1397484540939331,0.6055002758063296
0,0,VAE,MLP,AUG,clove,0.07118993997573853,0.412008788502344
0,0,VAE,MLP,AUG,lactic,0.4480319023132324,0.7205465503349843
0,0,VAE,MLP,AUG,acetic,-0.01107180118560791,0.8248762428053505
0,0,VAE,MLP,AUG,barnyard,-0.19169819355010986,0.5139961234607051
0,0,VAE,MLP,AUG,alcohol,0.32227081060409546,0.659256971561804
0,0,VAE,MLP,AUG,aftertaste,0.3570525050163269,0.5625265962882797
0,0,VAE,MLP,AUG,body,0.26562684774398804,0.5493799062689904
0,0,VAE,MLP,AUG,co2,-0.04258131980895996,0.5786106029078306
0,0,VAE,MLP,AUG,overall,-0.07008588314056396,0.6091085242570375
0,0,CTGAN,GBDT,TSTR,A_malt_all,-0.6265387535095215,1.0886491907970945
0,0,CTGAN,GBDT,TSTR,A_malt_grain,-1.4043943881988525,0.6997751760475139
0,0,CTGAN,GBDT,TSTR,A_malt_bread,-0.5883488655090332,0.6541679369150776
0,0,CTGAN,GBDT,TSTR,A_malt_cara,-0.0886760950088501,0.6206791051462666
0,0,CTGAN,GBDT,TSTR,A_malt_burn,-0.012525320053100586,0.9905135985591068
0,0,CTGAN,GBDT,TSTR,A_hops_all,-0.19666540622711182,0.7532946621061449
0,0,CTGAN,GBDT,TSTR,A_hops_citrus,-0.5483254194259644,0.6144319660402027
0,0,CTGAN,GBDT,TSTR,A_hops_tropical,-0.2749892473220825,0.658418456038893
0,0,CTGAN,GBDT,TSTR,A_hops_noble,-0.15752708911895752,0.6268115017375476
0,0,CTGAN,GBDT,TSTR,A_hops_woody,-0.455230712890625,0.509516454140838
0,0,CTGAN,GBDT,TSTR,A_esters_all,-0.500219464302063,0.7615954176997328
0,0,CTGAN,GBDT,TSTR,A_esters_ethac,-0.16529607772827148,0.5085766837776955
0,0,CTGAN,GBDT,TSTR,A_esters_isoaa,-0.6334481239318848,0.6357756575110869
0,0,CTGAN,GBDT,TSTR,A_esters_flower,-0.0703589916229248,0.44285598611350985
0,0,CTGAN,GBDT,TSTR,A_esters_fruity,-0.07308495044708252,0.5633707459523819
0,0,CTGAN,GBDT,TSTR,F_malt_all,-0.4206148386001587,0.9129891573772905
0,0,CTGAN,GBDT,TSTR,F_malt_grain,-1.1986145973205566,0.6060257595287407
0,0,CTGAN,GBDT,TSTR,F_malt_bread,-0.6830170154571533,0.7117628400024303
0,0,CTGAN,GBDT,TSTR,F_malt_cara,-0.047736525535583496,0.5659471690269807
0,0,CTGAN,GBDT,TSTR,F_malt_burn,-0.5002056360244751,1.0306674583484656
0,0,CTGAN,GBDT,TSTR,F_hops_all,-0.9748901128768921,0.8856831018829814
0,0,CTGAN,GBDT,TSTR,F_hops_citrus,-0.04691779613494873,0.4856290427031083
0,0,CTGAN,GBDT,TSTR,F_hops_tropical,-0.00272977352142334,0.5572661783206813
0,0,CTGAN,GBDT,TSTR,F_hops_noble,-0.24889421463012695,0.6667142990103195
0,0,CTGAN,GBDT,TSTR,F_hops_woody,-0.10655200481414795,0.44895534256236197
0,0,CTGAN,GBDT,TSTR,F_esters_all,-1.1880300045013428,0.8506908680501138
0,0,CTGAN,GBDT,TSTR,F_esters_ethac,-0.2221851348876953,0.5627058765038087
0,0,CTGAN,GBDT,TSTR,F_esters_isoaa,-0.46767711639404297,0.6508169523889303
0,0,CTGAN,GBDT,TSTR,F_esters_flower,-0.15667617321014404,0.43144128261357473
0,0,CTGAN,GBDT,TSTR,F_esters_fruity,-0.4570878744125366,0.6794158129465832
0,0,CTGAN,GBDT,TSTR,acidity,-0.3072754144668579,1.0703640110957975
0,0,CTGAN,GBDT,TSTR,bitternes,-0.6531728506088257,0.940346402197019
0,0,CTGAN,GBDT,TSTR,sweetness,-0.4501248598098755,0.8016415324669298
0,0,CTGAN,GBDT,TSTR,X4vg,0.05242794752120972,0.5554539932029146
0,0,CTGAN,GBDT,TSTR,diacetyl,-0.21885502338409424,0.43997803598008145
0,0,CTGAN,GBDT,TSTR,dms,-0.7802953720092773,0.7628517137049038
0,0,CTGAN,GBDT,TSTR,metallic,-0.5344656705856323,0.54330156952603
0,0,CTGAN,GBDT,TSTR,stale_hops,-0.08124840259552002,0.47902571291189844
0,0,CTGAN,GBDT,TSTR,t2n,-0.037293434143066406,0.41351198991553956
0,0,CTGAN,GBDT,TSTR,orange,-0.316913366317749,0.426744229517373
0,0,CTGAN,GBDT,TSTR,coriander,-0.05061507225036621,0.6691499271848562
0,0,CTGAN,GBDT,TSTR,clove,-1.9231822490692139,0.73092188524494
0,0,CTGAN,GBDT,TSTR,lactic,-0.12484502792358398,1.0286115938435556
0,0,CTGAN,GBDT,TSTR,acetic,-0.06678462028503418,0.8472979443138323
0,0,CTGAN,GBDT,TSTR,barnyard,-0.9095714092254639,0.650645850339441
0,0,CTGAN,GBDT,TSTR,alcohol,-0.6790088415145874,1.0376553292795263
0,0,CTGAN,GBDT,TSTR,aftertaste,-0.06726229190826416,0.7247544629215181
0,0,CTGAN,GBDT,TSTR,body,-1.0838186740875244,0.9254316482693853
0,0,CTGAN,GBDT,TSTR,co2,-1.4536008834838867,0.8876328986691713
0,0,CTGAN,GBDT,TSTR,overall,-0.11336183547973633,0.6213030912175956
0,0,CTGAN,GBDT,AUG,A_malt_all,0.30234450101852417,0.7129782008895469
0,0,CTGAN,GBDT,AUG,A_malt_grain,-0.14819395542144775,0.48357439017792575
0,0,CTGAN,GBDT,AUG,A_malt_bread,0.09456455707550049,0.4939068327878888
0,0,CTGAN,GBDT,AUG,A_malt_cara,0.29147982597351074,0.5007187921909356
0,0,CTGAN,GBDT,AUG,A_malt_burn,0.08754897117614746,0.9402910013425687
0,0,CTGAN,GBDT,AUG,A_hops_all,0.09585690498352051,0.6547825846667786
0,0,CTGAN,GBDT,AUG,A_hops_citrus,0.06842368841171265,0.4765976439478208
0,0,CTGAN,GBDT,AUG,A_hops_tropical,-0.07344508171081543,0.604141478725981
0,0,CTGAN,GBDT,AUG,A_hops_noble,0.08851194381713867,0.5562203142195687
0,0,CTGAN,GBDT,AUG,A_hops_woody,0.02125227451324463,0.4178569858181604
0,0,CTGAN,GBDT,AUG,A_esters_all,-0.02070152759552002,0.6281976676773137
0,0,CTGAN,GBDT,AUG,A_esters_ethac,-0.0916595458984375,0.49224567069575936
0,0,CTGAN,GBDT,AUG,A_esters_isoaa,0.07270795106887817,0.4790264594847448
0,0,CTGAN,GBDT,AUG,A_esters_flower,0.05816316604614258,0.41541829454504153
0,0,CTGAN,GBDT,AUG,A_esters_fruity,0.005981087684631348,0.5422187675232912
0,0,CTGAN,GBDT,AUG,F_malt_all,0.3225064277648926,0.630492655928371
0,0,CTGAN,GBDT,AUG,F_malt_grain,0.02282792329788208,0.40401926507079766
0,0,CTGAN,GBDT,AUG,F_malt_bread,0.1512044072151184,0.5054667948901705
0,0,CTGAN,GBDT,AUG,F_malt_cara,0.16075003147125244,0.5065187553235838
0,0,CTGAN,GBDT,AUG,F_malt_burn,0.3032678961753845,0.7023863833581535
0,0,CTGAN,GBDT,AUG,F_hops_all,0.14194095134735107,0.5838018789253304
0,0,CTGAN,GBDT,AUG,F_hops_citrus,0.04091596603393555,0.46481133997152924
0,0,CTGAN,GBDT,AUG,F_hops_tropical,-0.0035322904586791992,0.5574891700034836
0,0,CTGAN,GBDT,AUG,F_hops_noble,0.029274344444274902,0.5877940710120475
0,0,CTGAN,GBDT,AUG,F_hops_woody,-0.05782449245452881,0.4389590728685944
0,0,CTGAN,GBDT,AUG,F_esters_all,0.25842392444610596,0.4952482843740018
0,0,CTGAN,GBDT,AUG,F_esters_ethac,0.11005640029907227,0.4801690942726528
0,0,CTGAN,GBDT,AUG,F_esters_isoaa,0.1666770577430725,0.49039977729525497
0,0,CTGAN,GBDT,AUG,F_esters_flower,-0.016236543655395508,0.40440192216992704
0,0,CTGAN,GBDT,AUG,F_esters_fruity,0.15590888261795044,0.5171153464795959
0,0,CTGAN,GBDT,AUG,acidity,0.5447651147842407,0.631634380849951
0,0,CTGAN,GBDT,AUG,bitternes,0.5081530809402466,0.5129129874125619
0,0,CTGAN,GBDT,AUG,sweetness,0.30729949474334717,0.5540516661108141
0,0,CTGAN,GBDT,AUG,X4vg,0.14752304553985596,0.5268455412515363
0,0,CTGAN,GBDT,AUG,diacetyl,-0.13636481761932373,0.42482871502854913
0,0,CTGAN,GBDT,AUG,dms,0.0031648874282836914,0.5708286353658145
0,0,CTGAN,GBDT,AUG,metallic,0.046525418758392334,0.42826930001923597
0,0,CTGAN,GBDT,AUG,stale_hops,0.11200064420700073,0.434112616406588
0,0,CTGAN,GBDT,AUG,t2n,0.016673684120178223,0.4026114489878383
0,0,CTGAN,GBDT,AUG,orange,-0.08529925346374512,0.3874037292317222
0,0,CTGAN,GBDT,AUG,coriander,0.07776319980621338,0.6269354892044746
0,0,CTGAN,GBDT,AUG,clove,0.04479265213012695,0.41782253595708757
0,0,CTGAN,GBDT,AUG,lactic,0.48110735416412354,0.6986245128980035
0,0,CTGAN,GBDT,AUG,acetic,0.6395359039306641,0.4925255900962334
0,0,CTGAN,GBDT,AUG,barnyard,-0.17149341106414795,0.5096202072917481
0,0,CTGAN,GBDT,AUG,alcohol,0.5705844163894653,0.5247658059609837
0,0,CTGAN,GBDT,AUG,aftertaste,0.4727381467819214,0.5094112172737284
0,0,CTGAN,GBDT,AUG,body,0.4534720778465271,0.4739369153503732
0,0,CTGAN,GBDT,AUG,co2,0.019538581371307373,0.5611082980533416
0,0,CTGAN,GBDT,AUG,overall,0.08450156450271606,0.5633965076719494
0,0,CTGAN,MLP,TSTR,A_malt_all,-0.7705410718917847,1.1358180197068042
0,0,CTGAN,MLP,TSTR,A_malt_grain,-1.8072233200073242,0.7561259428054045
0,0,CTGAN,MLP,TSTR,A_malt_bread,-0.6443198919296265,0.6655940850112539
0,0,CTGAN,MLP,TSTR,A_malt_cara,-0.2580893039703369,0.6672268590105169
0,0,CTGAN,MLP,TSTR,A_malt_burn,-0.2101501226425171,1.082871974616309
0,0,CTGAN,MLP,TSTR,A_hops_all,-0.7512961626052856,0.9112936288883626
0,0,CTGAN,MLP,TSTR,A_hops_citrus,-1.0649821758270264,0.7095790922344679
0,0,CTGAN,MLP,TSTR,A_hops_tropical,-0.7898445129394531,0.7801109784600115
0,0,CTGAN,MLP,TSTR,A_hops_noble,-0.4582918882369995,0.7035477744746595
0,0,CTGAN,MLP,TSTR,A_hops_woody,-0.4802664518356323,0.5138806111153055
0,0,CTGAN,MLP,TSTR,A_esters_all,-0.6094623804092407,0.7888371362933669
0,0,CTGAN,MLP,TSTR,A_esters_ethac,-0.4247016906738281,0.5623416677798393
0,0,CTGAN,MLP,TSTR,A_esters_isoaa,-0.4396578073501587,0.5968715527819405
0,0,CTGAN,MLP,TSTR,A_esters_flower,-0.11745846271514893,0.4524946926132364
0,0,CTGAN,MLP,TSTR,A_esters_fruity,0.41933149099349976,0.4144206387572196
0,0,CTGAN,MLP,TSTR,F_malt_all,-0.6856900453567505,0.9945263367297043
0,0,CTGAN,MLP,TSTR,F_malt_grain,-1.925938367843628,0.6991158308440399
0,0,CTGAN,MLP,TSTR,F_malt_bread,-1.336383581161499,0.838615974940615
0,0,CTGAN,MLP,TSTR,F_malt_cara,-0.42116808891296387,0.6591322818240286
0,0,CTGAN,MLP,TSTR,F_malt_burn,-0.38180315494537354,0.9891593560256907
0,0,CTGAN,MLP,TSTR,F_hops_all,-0.5474547147750854,0.7839996397226829
0,0,CTGAN,MLP,TSTR,F_hops_citrus,-0.5970652103424072,0.5998044768283067
0,0,CTGAN,MLP,TSTR,F_hops_tropical,-0.5686001777648926,0.6969905278535075
0,0,CTGAN,MLP,TSTR,F_hops_noble,-0.7328164577484131,0.785331858264669
0,0,CTGAN,MLP,TSTR,F_hops_woody,-0.7125482559204102,0.5585198787047521
0,0,CTGAN,MLP,TSTR,F_esters_all,-0.4994809627532959,0.7042317475109103
0,0,CTGAN,MLP,TSTR,F_esters_ethac,-0.11808347702026367,0.5382079109093174
0,0,CTGAN,MLP,TSTR,F_esters_isoaa,-0.338212251663208,0.6214498542678666
0,0,CTGAN,MLP,TSTR,F_esters_flower,0.154760479927063,0.36881257673869444
0,0,CTGAN,MLP,TSTR,F_esters_fruity,-0.49703025817871094,0.6886650963599491
0,0,CTGAN,MLP,TSTR,acidity,-0.3216674327850342,1.0762398866184917
0,0,CTGAN,MLP,TSTR,bitternes,-0.862544059753418,0.9981182692461468
0,0,CTGAN,MLP,TSTR,sweetness,-0.4062502384185791,0.7894212643679298
0,0,CTGAN,MLP,TSTR,X4vg,-0.1343095302581787,0.6077259443379707
0,0,CTGAN,MLP,TSTR,diacetyl,-0.6575169563293457,0.5130786734053349
0,0,CTGAN,MLP,TSTR,dms,-1.077993392944336,0.8241688139192891
0,0,CTGAN,MLP,TSTR,metallic,-0.9571681022644043,0.6135874184441342
0,0,CTGAN,MLP,TSTR,stale_hops,-0.028189778327941895,0.4671245845163002
0,0,CTGAN,MLP,TSTR,t2n,-0.22523868083953857,0.4494150810777245
0,0,CTGAN,MLP,TSTR,orange,-0.20595800876617432,0.40837122910004736
0,0,CTGAN,MLP,TSTR,coriander,-0.025998473167419434,0.6612641557645746
0,0,CTGAN,MLP,TSTR,clove,-0.017624497413635254,0.43125765627823315
0,0,CTGAN,MLP,TSTR,lactic,-0.13191699981689453,1.0318399533582296
0,0,CTGAN,MLP,TSTR,acetic,-0.6856253147125244,1.0650704090144192
0,0,CTGAN,MLP,TSTR,barnyard,-1.7958533763885498,0.7872885223296271
0,0,CTGAN,MLP,TSTR,alcohol,-0.4841287136077881,0.9755789725023521
0,0,CTGAN,MLP,TSTR,aftertaste,-0.20595777034759521,0.770409020495463
0,0,CTGAN,MLP,TSTR,body,-1.664318561553955,1.0464234018593346
0,0,CTGAN,MLP,TSTR,co2,-2.0085067749023438,0.9828945410710856
0,0,CTGAN,MLP,TSTR,overall,-0.20556926727294922,0.6465191788539193
0,0,CTGAN,MLP,AUG,A_malt_all,0.023735344409942627,0.8434115190097934
0,0,CTGAN,MLP,AUG,A_malt_grain,-0.5299276113510132,0.5582016322207395
0,0,CTGAN,MLP,AUG,A_malt_bread,-0.39843273162841797,0.6138144198248682
0,0,CTGAN,MLP,AUG,A_malt_cara,-0.12395942211151123,0.6306568446592496
0,0,CTGAN,MLP,AUG,A_malt_burn,0.18713116645812988,0.8874987226127781
0,0,CTGAN,MLP,AUG,A_hops_all,-0.46056580543518066,0.8322218197640653
0,0,CTGAN,MLP,AUG,A_hops_citrus,-0.011021971702575684,0.49650423083754874
0,0,CTGAN,MLP,AUG,A_hops_tropical,-0.8258895874023438,0.7879270183004945
0,0,CTGAN,MLP,AUG,A_hops_noble,-0.4617856740951538,0.7043900659298779
0,0,CTGAN,MLP,AUG,A_hops_woody,-0.2806786298751831,0.4779828901341091
0,0,CTGAN,MLP,AUG,A_esters_all,-0.19330453872680664,0.679238949675631
0,0,CTGAN,MLP,AUG,A_esters_ethac,-0.38587915897369385,0.5546269719585503
0,0,CTGAN,MLP,AUG,A_esters_isoaa,0.019831418991088867,0.4924947748294301
0,0,CTGAN,MLP,AUG,A_esters_flower,0.31958574056625366,0.3530892598793164
0,0,CTGAN,MLP,AUG,A_esters_fruity,0.4376692771911621,0.40782432685159975
0,0,CTGAN,MLP,AUG,F_malt_all,0.18463200330734253,0.6916784838927034
0,0,CTGAN,MLP,AUG,F_malt_grain,-0.6696784496307373,0.5281204437871923
0,0,CTGAN,MLP,AUG,F_malt_bread,0.04291069507598877,0.5367441218569107
0,0,CTGAN,MLP,AUG,F_malt_cara,0.12348383665084839,0.5176423806665031
0,0,CTGAN,MLP,AUG,F_malt_burn,0.2570464611053467,0.7253105698690903
0,0,CTGAN,MLP,AUG,F_hops_all,-0.48739075660705566,0.7686337111682487
0,0,CTGAN,MLP,AUG,F_hops_citrus,-0.43363916873931885,0.5682877433181429
0,0,CTGAN,MLP,AUG,F_hops_tropical,-0.5639663934707642,0.6959602681800549
0,0,CTGAN,MLP,AUG,F_hops_noble,-0.5721625089645386,0.7480414567158535
0,0,CTGAN,MLP,AUG,F_hops_woody,-0.17795753479003906,0.4632143908369355
0,0,CTGAN,MLP,AUG,F_esters_all,0.12118780612945557,0.5391295847407049
0,0,CTGAN,MLP,AUG,F_esters_ethac,-0.025767087936401367,0.5155103151342033
0,0,CTGAN,MLP,AUG,F_esters_isoaa,0.2455921769142151,0.46660209326795726
0,0,CTGAN,MLP,AUG,F_esters_flower,0.055826008319854736,0.3898000016061265
0,0,CTGAN,MLP,AUG,F_esters_fruity,0.253399133682251,0.48633667352356
0,0,CTGAN,MLP,AUG,acidity,0.24750220775604248,0.8120833208786435
0,0,CTGAN,MLP,AUG,bitternes,0.1236656904220581,0.6846421621712685
0,0,CTGAN,MLP,AUG,sweetness,0.09263050556182861,0.63411731184125
0,0,CTGAN,MLP,AUG,X4vg,-0.7685080766677856,0.7588317544874488
0,0,CTGAN,MLP,AUG,diacetyl,-0.9064440727233887,0.5502587945002199
0,0,CTGAN,MLP,AUG,dms,-0.3681659698486328,0.6687495258365269
0,0,CTGAN,MLP,AUG,metallic,-0.3458271026611328,0.508811613377552
0,0,CTGAN,MLP,AUG,stale_hops,0.0011783242225646973,0.46040502601108185
0,0,CTGAN,MLP,AUG,t2n,-0.3551647663116455,0.4726431348257893
0,0,CTGAN,MLP,AUG,orange,-3.9031715393066406,0.823431714958702
0,0,CTGAN,MLP,AUG,coriander,-0.23588228225708008,0.7257552225396094
0,0,CTGAN,MLP,AUG,clove,-2.821474313735962,0.8357156120366621
0,0,CTGAN,MLP,AUG,lactic,0.34735018014907837,0.783511132156951
0,0,CTGAN,MLP,AUG,acetic,-0.1740504503250122,0.8888760175037957
0,0,CTGAN,MLP,AUG,barnyard,-0.4375419616699219,0.5645299417040817
0,0,CTGAN,MLP,AUG,alcohol,0.18519264459609985,0.7228598642890359
0,0,CTGAN,MLP,AUG,aftertaste,0.17714393138885498,0.6363810480355285
0,0,CTGAN,MLP,AUG,body,0.15446770191192627,0.5894941089455487
0,0,CTGAN,MLP,AUG,co2,-0.23600435256958008,0.6300012994556043
0,0,CTGAN,MLP,AUG,overall,-0.23928964138031006,0.655498573979646
0,0,TabDDPM,GBDT,TSTR,A_malt_all,0.3500082492828369,0.6881921058800675
0,0,TabDDPM,GBDT,TSTR,A_malt_grain,0.08467626571655273,0.43176062456431974
0,0,TabDDPM,GBDT,TSTR,A_malt_bread,0.052296221256256104,0.5053038326598216
0,0,TabDDPM,GBDT,TSTR,A_malt_cara,0.3074527382850647,0.49504249806951434
0,0,TabDDPM,GBDT,TSTR,A_malt_burn,0.2775644063949585,0.8366755142225379
0,0,TabDDPM,GBDT,TSTR,A_hops_all,0.17072957754135132,0.6270853063693854
0,0,TabDDPM,GBDT,TSTR,A_hops_citrus,0.22438323497772217,0.43487682034472525
0,0,TabDDPM,GBDT,TSTR,A_hops_tropical,-0.5393658876419067,0.7234685919982572
0,0,TabDDPM,GBDT,TSTR,A_hops_noble,-0.09214127063751221,0.6088506447782922
0,0,TabDDPM,GBDT,TSTR,A_hops_woody,-0.09621858596801758,0.44222251564737125
0,0,TabDDPM,GBDT,TSTR,A_esters_all,0.042938232421875,0.6082987451082925
0,0,TabDDPM,GBDT,TSTR,A_esters_ethac,-0.04581642150878906,0.48179916779646964
0,0,TabDDPM,GBDT,TSTR,A_esters_isoaa,-0.3048616647720337,0.5682421691227408
0,0,TabDDPM,GBDT,TSTR,A_esters_flower,0.011941075325012207,0.42548986841325576
0,0,TabDDPM,GBDT,TSTR,A_esters_fruity,-0.17908763885498047,0.5905413008223809
0,0,TabDDPM,GBDT,TSTR,F_malt_all,0.5071521997451782,0.5377542404546742
0,0,TabDDPM,GBDT,TSTR,F_malt_grain,-0.21390950679779053,0.45030803469072717
0,0,TabDDPM,GBDT,TSTR,F_malt_bread,0.2772641181945801,0.4664239710727189
0,0,TabDDPM,GBDT,TSTR,F_malt_cara,0.05385786294937134,0.5378089648878116
0,0,TabDDPM,GBDT,TSTR,F_malt_burn,0.23822122812271118,0.7344421599500558
0,0,TabDDPM,GBDT,TSTR,F_hops_all,-0.36539554595947266,0.736437923430951
0,0,TabDDPM,GBDT,TSTR,F_hops_citrus,0.026500225067138672,0.46829151937828234
0,0,TabDDPM,GBDT,TSTR,F_hops_tropical,-0.15183031558990479,0.5972621341301423
0,0,TabDDPM,GBDT,TSTR,F_hops_noble,-0.14195775985717773,0.6375319547685298
0,0,TabDDPM,GBDT,TSTR,F_hops_woody,-0.3557027578353882,0.49693485355356193
0,0,TabDDPM,GBDT,TSTR,F_esters_all,-0.2308272123336792,0.6380337668424968
0,0,TabDDPM,GBDT,TSTR,F_esters_ethac,0.1511433720588684,0.46895389890614864
0,0,TabDDPM,GBDT,TSTR,F_esters_isoaa,-0.48071765899658203,0.6537018532829864
0,0,TabDDPM,GBDT,TSTR,F_esters_flower,-0.16884684562683105,0.4337051867000968
0,0,TabDDPM,GBDT,TSTR,F_esters_fruity,-0.1202927827835083,0.5957424463520785
0,0,TabDDPM,GBDT,TSTR,acidity,0.3788517713546753,0.7378117920590616
0,0,TabDDPM,GBDT,TSTR,bitternes,0.5347693562507629,0.4988418517468229
0,0,TabDDPM,GBDT,TSTR,sweetness,0.03989440202713013,0.652284448178204
0,0,TabDDPM,GBDT,TSTR,X4vg,0.024294674396514893,0.5636393611040285
0,0,TabDDPM,GBDT,TSTR,diacetyl,-1.2547457218170166,0.5984167857357463
0,0,TabDDPM,GBDT,TSTR,dms,-0.012495279312133789,0.5752950170658901
0,0,TabDDPM,GBDT,TSTR,metallic,0.06515651941299438,0.4240644121513463
0,0,TabDDPM,GBDT,TSTR,stale_hops,-0.07592141628265381,0.4778442343832326
0,0,TabDDPM,GBDT,TSTR,t2n,-0.11803114414215088,0.42930330960672763
0,0,TabDDPM,GBDT,TSTR,orange,-1.683912992477417,0.6092187730114589
0,0,TabDDPM,GBDT,TSTR,coriander,0.180405855178833,0.591018466980449
0,0,TabDDPM,GBDT,TSTR,clove,-1.5696282386779785,0.6852959937296523
0,0,TabDDPM,GBDT,TSTR,lactic,0.44922739267349243,0.7197658160619421
0,0,TabDDPM,GBDT,TSTR,acetic,0.540453314781189,0.5561124470829464
0,0,TabDDPM,GBDT,TSTR,barnyard,-0.07454049587249756,0.4880767393981862
0,0,TabDDPM,GBDT,TSTR,alcohol,0.6346035003662109,0.48407075925396903
0,0,TabDDPM,GBDT,TSTR,aftertaste,0.1792905330657959,0.6355504510048563
0,0,TabDDPM,GBDT,TSTR,body,0.43874138593673706,0.48028154525335737
0,0,TabDDPM,GBDT,TSTR,co2,0.15175217390060425,0.5219066210549527
0,0,TabDDPM,GBDT,TSTR,overall,0.04007828235626221,0.5769035994775329
0,0,TabDDPM,GBDT,AUG,A_malt_all,0.5231544971466064,0.5894467615753557
0,0,TabDDPM,GBDT,AUG,A_malt_grain,0.06638079881668091,0.4360542763066747
0,0,TabDDPM,GBDT,AUG,A_malt_bread,0.0424731969833374,0.5079158677753844
0,0,TabDDPM,GBDT,AUG,A_malt_cara,0.3365246057510376,0.4845406187616231
0,0,TabDDPM,GBDT,AUG,A_malt_burn,0.34168899059295654,0.7986804480560387
0,0,TabDDPM,GBDT,AUG,A_hops_all,0.07103955745697021,0.6637081322692928
0,0,TabDDPM,GBDT,AUG,A_hops_citrus,0.1332044005393982,0.4597280605271335
0,0,TabDDPM,GBDT,AUG,A_hops_tropical,-0.1828247308731079,0.6341747174480912
0,0,TabDDPM,GBDT,AUG,A_hops_noble,0.1390591263771057,0.5405775699867883
0,0,TabDDPM,GBDT,AUG,A_hops_woody,0.08153092861175537,0.40478511943747947
0,0,TabDDPM,GBDT,AUG,A_esters_all,0.001898348331451416,0.6212041025074173
0,0,TabDDPM,GBDT,AUG,A_esters_ethac,-0.026780128479003906,0.4773940663891474
0,0,TabDDPM,GBDT,AUG,A_esters_isoaa,-0.12663638591766357,0.5280111822241037
0,0,TabDDPM,GBDT,AUG,A_esters_flower,-0.016069889068603516,0.43147892749779687
0,0,TabDDPM,GBDT,AUG,A_esters_fruity,0.08459705114364624,0.5203354140267976
0,0,TabDDPM,GBDT,AUG,F_malt_all,0.5711766481399536,0.5016105462469875
0,0,TabDDPM,GBDT,AUG,F_malt_grain,-0.1573718786239624,0.4396965031085056
0,0,TabDDPM,GBDT,AUG,F_malt_bread,0.20356404781341553,0.4896282841628533
0,0,TabDDPM,GBDT,AUG,F_malt_cara,0.32503628730773926,0.454244923265648
0,0,TabDDPM,GBDT,AUG,F_malt_burn,0.5353848934173584,0.5735745092213208
0,0,TabDDPM,GBDT,AUG,F_hops_all,-0.005432605743408203,0.6319509693363173
0,0,TabDDPM,GBDT,AUG,F_hops_citrus,0.03976130485534668,0.4650910465003247
0,0,TabDDPM,GBDT,AUG,F_hops_tropical,-0.005173683166503906,0.5579449012977357
0,0,TabDDPM,GBDT,AUG,F_hops_noble,0.16670942306518555,0.5445969135641056
0,0,TabDDPM,GBDT,AUG,F_hops_woody,-0.20157170295715332,0.46783430941803456
0,0,TabDDPM,GBDT,AUG,F_esters_all,0.1776416301727295,0.5215256635343949
0,0,TabDDPM,GBDT,AUG,F_esters_ethac,0.03314673900604248,0.5004875369182727
0,0,TabDDPM,GBDT,AUG,F_esters_isoaa,-0.0916358232498169,0.5612837570165874
0,0,TabDDPM,GBDT,AUG,F_esters_flower,-0.06458675861358643,0.41391038799701513
0,0,TabDDPM,GBDT,AUG,F_esters_fruity,0.07079458236694336,0.5425610830048794
0,0,TabDDPM,GBDT,AUG,acidity,0.7428579330444336,0.4747167081303692
0,0,TabDDPM,GBDT,AUG,bitternes,0.569994330406189,0.47958528504470266
0,0,TabDDPM,GBDT,AUG,sweetness,0.3540610074996948,0.5350240001019051
0,0,TabDDPM,GBDT,AUG,X4vg,-0.05025136470794678,0.5847747200645281
0,0,TabDDPM,GBDT,AUG,diacetyl,-0.25076234340667725,0.44569972418942816
0,0,TabDDPM,GBDT,AUG,dms,0.10360246896743774,0.5413079694138363
0,0,TabDDPM,GBDT,AUG,metallic,0.07708233594894409,0.4213508422714132
0,0,TabDDPM,GBDT,AUG,stale_hops,0.059790849685668945,0.44669215322963474
0,0,TabDDPM,GBDT,AUG,t2n,0.009611785411834717,0.4040545783332169
0,0,TabDDPM,GBDT,AUG,orange,-0.22234094142913818,0.411135730144088
0,0,TabDDPM,GBDT,AUG,coriander,0.1519145965576172,0.6012033901666599
0,0,TabDDPM,GBDT,AUG,clove,-0.05144858360290527,0.4383661857623856
0,0,TabDDPM,GBDT,AUG,lactic,0.5678595304489136,0.637554789974913
0,0,TabDDPM,GBDT,AUG,acetic,0.6871668696403503,0.45883247621546036
0,0,TabDDPM,GBDT,AUG,barnyard,-0.025620222091674805,0.4768370634765531
0,0,TabDDPM,GBDT,AUG,alcohol,0.6971412301063538,0.44070371912128536
0,0,TabDDPM,GBDT,AUG,aftertaste,0.3698452115058899,0.55690218485573
0,0,TabDDPM,GBDT,AUG,body,0.5731531381607056,0.41884220517312
0,0,TabDDPM,GBDT,AUG,co2,0.19233828783035278,0.5092677465688481
0,0,TabDDPM,GBDT,AUG,overall,-0.0002541542053222656,0.5888986152119613
0,0,TabDDPM,MLP,TSTR,A_malt_all,0.19619077444076538,0.7653009546358441
0,0,TabDDPM,MLP,TSTR,A_malt_grain,-0.49378716945648193,0.5515692194456415
0,0,TabDDPM,MLP,TSTR,A_malt_bread,-0.5154430866241455,0.6389783071632579
0,0,TabDDPM,MLP,TSTR,A_malt_cara,-0.046894192695617676,0.6086521752339531
0,0,TabDDPM,MLP,TSTR,A_malt_burn,-0.10514366626739502,1.034824879707667
0,0,TabDDPM,MLP,TSTR,A_hops_all,-0.42539286613464355,0.8221400656622561
0,0,TabDDPM,MLP,TSTR,A_hops_citrus,-0.3173762559890747,0.5667579085391825
0,0,TabDDPM,MLP,TSTR,A_hops_tropical,-1.1272728443145752,0.8504726189899062
0,0,TabDDPM,MLP,TSTR,A_hops_noble,-0.6047000885009766,0.7380202705059898
0,0,TabDDPM,MLP,TSTR,A_hops_woody,0.016351938247680664,0.4189017213137666
0,0,TabDDPM,MLP,TSTR,A_esters_all,0.15522342920303345,0.5715021241483152
0,0,TabDDPM,MLP,TSTR,A_esters_ethac,-0.4182419776916504,0.5610653808526589
0,0,TabDDPM,MLP,TSTR,A_esters_isoaa,-0.1081928014755249,0.52367145377257
0,0,TabDDPM,MLP,TSTR,A_esters_flower,0.2710353136062622,0.3654694234345206
0,0,TabDDPM,MLP,TSTR,A_esters_fruity,0.37544578313827515,0.4297959277591591
0,0,TabDDPM,MLP,TSTR,F_malt_all,0.2807968258857727,0.6496107907718501
0,0,TabDDPM,MLP,TSTR,F_malt_grain,-0.5427234172821045,0.5076455648841116
0,0,TabDDPM,MLP,TSTR,F_malt_bread,-0.06074941158294678,0.5650637798263187
0,0,TabDDPM,MLP,TSTR,F_malt_cara,-0.11519443988800049,0.5838820964338697
0,0,TabDDPM,MLP,TSTR,F_malt_burn,-0.012123942375183105,0.8465644379597475
0,0,TabDDPM,MLP,TSTR,F_hops_all,-0.7903916835784912,0.8432977311971319
0,0,TabDDPM,MLP,TSTR,F_hops_citrus,-0.418540358543396,0.5652872805560788
0,0,TabDDPM,MLP,TSTR,F_hops_tropical,-0.7112096548080444,0.7279848512341475
0,0,TabDDPM,MLP,TSTR,F_hops_noble,-0.6231710910797119,0.7600796009088209
0,0,TabDDPM,MLP,TSTR,F_hops_woody,-0.9763487577438354,0.5999969075043773
0,0,TabDDPM,MLP,TSTR,F_esters_all,0.10014325380325317,0.5455465530422965
0,0,TabDDPM,MLP,TSTR,F_esters_ethac,-0.04701864719390869,0.5208230271909194
0,0,TabDDPM,MLP,TSTR,F_esters_isoaa,0.14453059434890747,0.4968734981106306
0,0,TabDDPM,MLP,TSTR,F_esters_flower,-0.06770050525665283,0.414515265750812
0,0,TabDDPM,MLP,TSTR,F_esters_fruity,0.2549284100532532,0.4858383255364548
0,0,TabDDPM,MLP,TSTR,acidity,0.23083770275115967,0.8210261192743695
0,0,TabDDPM,MLP,TSTR,bitternes,0.031212806701660156,0.7198515205137783
0,0,TabDDPM,MLP,TSTR,sweetness,0.11692941188812256,0.6255690130206667
0,0,TabDDPM,MLP,TSTR,X4vg,-0.41618072986602783,0.679049312851473
0,0,TabDDPM,MLP,TSTR,diacetyl,-0.9717345237731934,0.5596019210010111
0,0,TabDDPM,MLP,TSTR,dms,-0.030113577842712402,0.5802787408165888
0,0,TabDDPM,MLP,TSTR,metallic,-0.45853590965270996,0.5296889819909353
0,0,TabDDPM,MLP,TSTR,stale_hops,-0.7132285833358765,0.6029811578893971
0,0,TabDDPM,MLP,TSTR,t2n,-0.34550631046295166,0.4709558243910677
0,0,TabDDPM,MLP,TSTR,orange,-4.097340106964111,0.839577637141162
0,0,TabDDPM,MLP,TSTR,coriander,-0.20608091354370117,0.716951608197945
0,0,TabDDPM,MLP,TSTR,clove,-4.944911003112793,1.0423551318828552
0,0,TabDDPM,MLP,TSTR,lactic,0.39443981647491455,0.7547162700089667
0,0,TabDDPM,MLP,TSTR,acetic,-0.27198147773742676,0.9252054862585817
0,0,TabDDPM,MLP,TSTR,barnyard,-0.9152567386627197,0.6516137292788398
0,0,TabDDPM,MLP,TSTR,alcohol,0.2657027244567871,0.6862187584469165
0,0,TabDDPM,MLP,TSTR,aftertaste,0.22135597467422485,0.6190486562876518
0,0,TabDDPM,MLP,TSTR,body,0.15919435024261475,0.5878441370836589
0,0,TabDDPM,MLP,TSTR,co2,-0.05940651893615723,0.5832607417125111
0,0,TabDDPM,MLP,TSTR,overall,-0.10624003410339355,0.6193127558329715
0,0,TabDDPM,MLP,AUG,A_malt_all,0.25404804944992065,0.73724389236109
0,0,TabDDPM,MLP,AUG,A_malt_grain,-0.5297213792800903,0.5581640177776184
0,0,TabDDPM,MLP,AUG,A_malt_bread,-0.6102355718612671,0.6586595758052889
0,0,TabDDPM,MLP,AUG,A_malt_cara,-0.10806012153625488,0.626180368652613
0,0,TabDDPM,MLP,AUG,A_malt_burn,-0.04271674156188965,1.0051726432090882
0,0,TabDDPM,MLP,AUG,A_hops_all,-0.6645286083221436,0.88843192749208
0,0,TabDDPM,MLP,AUG,A_hops_citrus,-0.44380879402160645,0.5933316413269492
0,0,TabDDPM,MLP,AUG,A_hops_tropical,-1.1257197856903076,0.8501621245994702
0,0,TabDDPM,MLP,AUG,A_hops_noble,-0.40336477756500244,0.6901709086455065
0,0,TabDDPM,MLP,AUG,A_hops_woody,-0.2891075611114502,0.4795532653816343
0,0,TabDDPM,MLP,AUG,A_esters_all,0.18380743265151978,0.5617502036592992
0,0,TabDDPM,MLP,AUG,A_esters_ethac,-0.2489471435546875,0.5265144892235785
0,0,TabDDPM,MLP,AUG,A_esters_isoaa,-0.025434136390686035,0.503738493681473
0,0,TabDDPM,MLP,AUG,A_esters_flower,0.36672788858413696,0.34063790148179135
0,0,TabDDPM,MLP,AUG,A_esters_fruity,0.41648054122924805,0.4154367314482654
0,0,TabDDPM,MLP,AUG,F_malt_all,0.3403245210647583,0.622146410157668
0,0,TabDDPM,MLP,AUG,F_malt_grain,-0.655585527420044,0.5258869251996402
0,0,TabDDPM,MLP,AUG,F_malt_bread,-0.08090126514434814,0.5704060046739301
0,0,TabDDPM,MLP,AUG,F_malt_cara,-0.023177504539489746,0.5592749117170089
0,0,TabDDPM,MLP,AUG,F_malt_burn,0.3949379324913025,0.654550463371005
0,0,TabDDPM,MLP,AUG,F_hops_all,-0.7259573936462402,0.8279839881463711
0,0,TabDDPM,MLP,AUG,F_hops_citrus,-0.6306426525115967,0.6060769748554392
0,0,TabDDPM,MLP,AUG,F_hops_tropical,-0.8085609674453735,0.7484061073297671
0,0,TabDDPM,MLP,AUG,F_hops_noble,-0.4495290517807007,0.7182744152780366
0,0,TabDDPM,MLP,AUG,F_hops_woody,-0.6861928701400757,0.5542055373314773
0,0,TabDDPM,MLP,AUG,F_esters_all,0.20616215467453003,0.5124022309157936
0,0,TabDDPM,MLP,AUG,F_esters_ethac,0.0941813588142395,0.4844328630402889
0,0,TabDDPM,MLP,AUG,F_esters_isoaa,0.1628360152244568,0.4915286756156206
0,0,TabDDPM,MLP,AUG,F_esters_flower,0.04207313060760498,0.39262864276516257
0,0,TabDDPM,MLP,AUG,F_esters_fruity,0.20249003171920776,0.5026443709136922
0,0,TabDDPM,MLP,AUG,acidity,0.40639805793762207,0.7212662809706174
0,0,TabDDPM,MLP,AUG,bitternes,-0.035529255867004395,0.7442346948953455
0,0,TabDDPM,MLP,AUG,sweetness,0.1918826699256897,0.5984319004364586
0,0,TabDDPM,MLP,AUG,X4vg,-0.7968231439590454,0.7648823698149788
0,0,TabDDPM,MLP,AUG,diacetyl,-1.30129075050354,0.6045618217430542
0,0,TabDDPM,MLP,AUG,dms,-0.006050229072570801,0.5734610456575162
0,0,TabDDPM,MLP,AUG,metallic,0.038242995738983154,0.4301253775295917
0,0,TabDDPM,MLP,AUG,stale_hops,-0.8885012865066528,0.6330743648167791
0,0,TabDDPM,MLP,AUG,t2n,-0.2790282964706421,0.4591740966871898
0,0,TabDDPM,MLP,AUG,orange,-3.810760498046875,0.815635097923471
0,0,TabDDPM,MLP,AUG,coriander,-0.10787796974182129,0.6871437320067781
0,0,TabDDPM,MLP,AUG,clove,-4.386316776275635,0.9921765664767294
0,0,TabDDPM,MLP,AUG,lactic,0.5058943033218384,0.6817340513545408
0,0,TabDDPM,MLP,AUG,acetic,0.008473634719848633,0.8168643232142552
0,0,TabDDPM,MLP,AUG,barnyard,-0.893538236618042,0.6479086270298622
0,0,TabDDPM,MLP,AUG,alcohol,0.27876347303390503,0.6800885825801994
0,0,TabDDPM,MLP,AUG,aftertaste,0.1274503469467163,0.6553154148806467
0,0,TabDDPM,MLP,AUG,body,0.24119889736175537,0.5584423420188627
0,0,TabDDPM,MLP,AUG,co2,-0.055365681648254395,0.5821473434694955
0,0,TabDDPM,MLP,AUG,overall,-0.006439924240112305,0.5907167454261592
1,1,Bootstrapping,GBDT,TSTR,A_malt_all,0.3184613585472107,0.7279831727697887
1,1,Bootstrapping,GBDT,TSTR,A_malt_grain,0.04944658279418945,0.5372514016766412
1,1,Bootstrapping,GBDT,TSTR,A_malt_bread,-0.26701807975769043,0.5326954866943164
1,1,Bootstrapping,GBDT,TSTR,A_malt_cara,0.21266496181488037,0.619338163518018
1,1,Bootstrapping,GBDT,TSTR,A_malt_burn,0.42259126901626587,0.7046030827135686
1,1,Bootstrapping,GBDT,TSTR,A_hops_all,0.08494973182678223,0.5618962385515058
1,1,Bootstrapping,GBDT,TSTR,A_hops_citrus,-0.03431284427642822,0.5500510224604616
1,1,Bootstrapping,GBDT,TSTR,A_hops_tropical,-0.9704437255859375,0.5416680543832854
1,1,Bootstrapping,GBDT,TSTR,A_hops_noble,-0.060695648193359375,0.5346714524804457
1,1,Bootstrapping,GBDT,TSTR,A_hops_woody,0.07243716716766357,0.37777132960072535
1,1,Bootstrapping,GBDT,TSTR,A_esters_all,-0.1001821756362915,0.7033155606910972
1,1,Bootstrapping,GBDT,TSTR,A_esters_ethac,-0.03947901725769043,0.5048400152428966
1,1,Bootstrapping,GBDT,TSTR,A_esters_isoaa,-0.3356434106826782,0.6210971328355326
1,1,Bootstrapping,GBDT,TSTR,A_esters_flower,-0.15224647521972656,0.46430063976935554
1,1,Bootstrapping,GBDT,TSTR,A_esters_fruity,-0.27213454246520996,0.6479011983548031
1,1,Bootstrapping,GBDT,TSTR,F_malt_all,0.5250523686408997,0.5426948460265475
1,1,Bootstrapping,GBDT,TSTR,F_malt_grain,-0.03208327293395996,0.4719062245376971
1,1,Bootstrapping,GBDT,TSTR,F_malt_bread,-0.29809796810150146,0.4837607519053979
1,1,Bootstrapping,GBDT,TSTR,F_malt_cara,-0.33054792881011963,0.6281471409857176
1,1,Bootstrapping,GBDT,TSTR,F_malt_burn,0.5327860116958618,0.5971361527658132
1,1,Bootstrapping,GBDT,TSTR,F_hops_all,0.41207218170166016,0.4851512841110274
1,1,Bootstrapping,GBDT,TSTR,F_hops_citrus,-0.14734375476837158,0.4353873469627869
1,1,Bootstrapping,GBDT,TSTR,F_hops_tropical,-0.27166950702667236,0.411968767667462
1,1,Bootstrapping,GBDT,TSTR,F_hops_noble,-0.23765814304351807,0.5678498911158935
1,1,Bootstrapping,GBDT,TSTR,F_hops_woody,0.06744629144668579,0.5091873630754337
1,1,Bootstrapping,GBDT,TSTR,F_esters_all,0.1377173662185669,0.5612740933316862
1,1,Bootstrapping,GBDT,TSTR,F_esters_ethac,-0.017997384071350098,0.46219096039978397
1,1,Bootstrapping,GBDT,TSTR,F_esters_isoaa,-0.302426815032959,0.7124359771340106
1,1,Bootstrapping,GBDT,TSTR,F_esters_flower,-0.23884105682373047,0.4116236097229509
1,1,Bootstrapping,GBDT,TSTR,F_esters_fruity,-0.19723057746887207,0.602665818296457
1,1,Bootstrapping,GBDT,TSTR,acidity,0.7469222545623779,0.47672505029786805
1,1,Bootstrapping,GBDT,TSTR,bitternes,0.5163170695304871,0.48190117353018197
1,1,Bootstrapping,GBDT,TSTR,sweetness,-0.0371173620223999,0.6618129775729785
1,1,Bootstrapping,GBDT,TSTR,X4vg,0.44686537981033325,0.6174232901675584
1,1,Bootstrapping,GBDT,TSTR,diacetyl,-0.12515807151794434,0.6673633888550665
1,1,Bootstrapping,GBDT,TSTR,dms,-0.0706244707107544,0.4927594630814761
1,1,Bootstrapping,GBDT,TSTR,metallic,0.04032927751541138,0.504454765157646
1,1,Bootstrapping,GBDT,TSTR,stale_hops,-0.03358960151672363,0.40233206500520086
1,1,Bootstrapping,GBDT,TSTR,t2n,0.21615707874298096,0.38853179861155945
1,1,Bootstrapping,GBDT,TSTR,orange,0.1963714361190796,0.7888867399659536
1,1,Bootstrapping,GBDT,TSTR,coriander,0.01037222146987915,0.34186578328472705
1,1,Bootstrapping,GBDT,TSTR,clove,0.1102638840675354,0.3421045172242573
1,1,Bootstrapping,GBDT,TSTR,lactic,0.5728215575218201,0.5364195954740315
1,1,Bootstrapping,GBDT,TSTR,acetic,0.5956456065177917,0.4297762519037101
1,1,Bootstrapping,GBDT,TSTR,barnyard,-0.07447528839111328,0.41246221903975705
1,1,Bootstrapping,GBDT,TSTR,alcohol,0.6472014784812927,0.4123769858475227
1,1,Bootstrapping,GBDT,TSTR,aftertaste,0.5186655521392822,0.45480169651588226
1,1,Bootstrapping,GBDT,TSTR,body,0.5104132890701294,0.4344729025032579
1,1,Bootstrapping,GBDT,TSTR,co2,0.17263513803482056,0.5672711050664359
1,1,Bootstrapping,GBDT,TSTR,overall,-0.10809886455535889,0.5988867813715933
1,1,Bootstrapping,GBDT,AUG,A_malt_all,0.48482489585876465,0.6329268363987773
1,1,Bootstrapping,GBDT,AUG,A_malt_grain,0.1008802056312561,0.5225141551641969
1,1,Bootstrapping,GBDT,AUG,A_malt_bread,-0.34799742698669434,0.549455006386161
1,1,Bootstrapping,GBDT,AUG,A_malt_cara,0.17623353004455566,0.6335050772483793
1,1,Bootstrapping,GBDT,AUG,A_malt_burn,0.45423394441604614,0.6850245298044942
1,1,Bootstrapping,GBDT,AUG,A_hops_all,0.0643148422241211,0.5681964601450769
1,1,Bootstrapping,GBDT,AUG,A_hops_citrus,-0.060869574546813965,0.5570677607529833
1,1,Bootstrapping,GBDT,AUG,A_hops_tropical,-1.288896083831787,0.5838002453648965
1,1,Bootstrapping,GBDT,AUG,A_hops_noble,0.16322314739227295,0.4748937437771982
1,1,Bootstrapping,GBDT,AUG,A_hops_woody,0.15766608715057373,0.35999747974122864
1,1,Bootstrapping,GBDT,AUG,A_esters_all,-0.06852507591247559,0.6931229524092016
1,1,Bootstrapping,GBDT,AUG,A_esters_ethac,-0.02528524398803711,0.5013814260603096
1,1,Bootstrapping,GBDT,AUG,A_esters_isoaa,-0.21865487098693848,0.593273071682782
1,1,Bootstrapping,GBDT,AUG,A_esters_flower,-0.09616219997406006,0.4528600312659168
1,1,Bootstrapping,GBDT,AUG,A_esters_fruity,-0.03880000114440918,0.5854748234307837
1,1,Bootstrapping,GBDT,AUG,F_malt_all,0.47022533416748047,0.5731633666663508
1,1,Bootstrapping,GBDT,AUG,F_malt_grain,-0.01440739631652832,0.46784771865039004
1,1,Bootstrapping,GBDT,AUG,F_malt_bread,-0.2549927234649658,0.4756609409101719
1,1,Bootstrapping,GBDT,AUG,F_malt_cara,-0.3901185989379883,0.6420547301695758
1,1,Bootstrapping,GBDT,AUG,F_malt_burn,0.4536215662956238,0.6457467149258834
1,1,Bootstrapping,GBDT,AUG,F_hops_all,0.48909085988998413,0.452258778367216
1,1,Bootstrapping,GBDT,AUG,F_hops_citrus,-0.21454846858978271,0.4479571497905118
1,1,Bootstrapping,GBDT,AUG,F_hops_tropical,-0.49169373512268066,0.4461870974330366
1,1,Bootstrapping,GBDT,AUG,F_hops_noble,-0.0028418302536010742,0.5111512393275546
1,1,Bootstrapping,GBDT,AUG,F_hops_woody,0.20795875787734985,0.4692611291822625
1,1,Bootstrapping,GBDT,AUG,F_esters_all,0.05931127071380615,0.5862369026721941
1,1,Bootstrapping,GBDT,AUG,F_esters_ethac,-0.16456711292266846,0.4943452494334662
1,1,Bootstrapping,GBDT,AUG,F_esters_isoaa,-0.0630943775177002,0.6436578555038245
1,1,Bootstrapping,GBDT,AUG,F_esters_flower,-0.3638867139816284,0.431898428451212
1,1,Bootstrapping,GBDT,AUG,F_esters_fruity,-0.02369534969329834,0.5572794678205577
1,1,Bootstrapping,GBDT,AUG,acidity,0.7444326877593994,0.4790641443481891
1,1,Bootstrapping,GBDT,AUG,bitternes,0.5010992884635925,0.48942331648018395
1,1,Bootstrapping,GBDT,AUG,sweetness,0.042698025703430176,0.6358370146221953
1,1,Bootstrapping,GBDT,AUG,X4vg,0.3986157774925232,0.6437890837202803
1,1,Bootstrapping,GBDT,AUG,diacetyl,-0.0711289644241333,0.6511431627631225
1,1,Bootstrapping,GBDT,AUG,dms,0.1330190896987915,0.44342600115974734
1,1,Bootstrapping,GBDT,AUG,metallic,0.028255701065063477,0.5076181186434112
1,1,Bootstrapping,GBDT,AUG,stale_hops,-0.019245386123657227,0.3995305197018725
1,1,Bootstrapping,GBDT,AUG,t2n,0.28414130210876465,0.3713006496878893
1,1,Bootstrapping,GBDT,AUG,orange,0.21253365278244019,0.7809135857103623
1,1,Bootstrapping,GBDT,AUG,coriander,-0.2353501319885254,0.3819572275604247
1,1,Bootstrapping,GBDT,AUG,clove,0.18075227737426758,0.3282735011708218
1,1,Bootstrapping,GBDT,AUG,lactic,0.5771105289459229,0.5337199406791756
1,1,Bootstrapping,GBDT,AUG,acetic,0.6912945508956909,0.3755203253239526
1,1,Bootstrapping,GBDT,AUG,barnyard,-0.19035494327545166,0.434134395431793
1,1,Bootstrapping,GBDT,AUG,alcohol,0.6223645210266113,0.42664580108179506
1,1,Bootstrapping,GBDT,AUG,aftertaste,0.5050748586654663,0.46117774715365323
1,1,Bootstrapping,GBDT,AUG,body,0.5633537173271179,0.41031062536109175
1,1,Bootstrapping,GBDT,AUG,co2,0.34058690071105957,0.5064317271112956
1,1,Bootstrapping,GBDT,AUG,overall,0.10622280836105347,0.5378610795383048
1,1,Bootstrapping,MLP,TSTR,A_malt_all,0.2405238151550293,0.7684810462580025
1,1,Bootstrapping,MLP,TSTR,A_malt_grain,-0.17757821083068848,0.5979765737962205
1,1,Bootstrapping,MLP,TSTR,A_malt_bread,-0.14138758182525635,0.5055966670865047
1,1,Bootstrapping,MLP,TSTR,A_malt_cara,-0.004110097885131836,0.6994210701734926
1,1,Bootstrapping,MLP,TSTR,A_malt_burn,0.2515949010848999,0.8021788891106117
1,1,Bootstrapping,MLP,TSTR,A_hops_all,-0.3819606304168701,0.690528312232496
1,1,Bootstrapping,MLP,TSTR,A_hops_citrus,-0.2950096130371094,0.6154793629986606
1,1,Bootstrapping,MLP,TSTR,A_hops_tropical,-1.9624848365783691,0.664170065751067
1,1,Bootstrapping,MLP,TSTR,A_hops_noble,-0.5713560581207275,0.6507720745122176
1,1,Bootstrapping,MLP,TSTR,A_hops_woody,-0.23609864711761475,0.4360978101803078
1,1,Bootstrapping,MLP,TSTR,A_esters_all,0.11608755588531494,0.6304091982032466
1,1,Bootstrapping,MLP,TSTR,A_esters_ethac,-0.27123045921325684,0.5582876633949144
1,1,Bootstrapping,MLP,TSTR,A_esters_isoaa,-0.1873542070388794,0.5856044840196092
1,1,Bootstrapping,MLP,TSTR,A_esters_flower,-0.1096123456954956,0.4556299065167428
1,1,Bootstrapping,MLP,TSTR,A_esters_fruity,-0.45046186447143555,0.6918236717061665
1,1,Bootstrapping,MLP,TSTR,F_malt_all,0.375,0.6225480142330245
1,1,Bootstrapping,MLP,TSTR,F_malt_grain,0.0482172966003418,0.4531763475198241
1,1,Bootstrapping,MLP,TSTR,F_malt_bread,-0.2362983226776123,0.47210494116847873
1,1,Bootstrapping,MLP,TSTR,F_malt_cara,-0.1457587480545044,0.5828982047301542
1,1,Bootstrapping,MLP,TSTR,F_malt_burn,0.3389970660209656,0.7102596279057014
1,1,Bootstrapping,MLP,TSTR,F_hops_all,0.01471942663192749,0.6280513188811938
1,1,Bootstrapping,MLP,TSTR,F_hops_citrus,-0.44739019870758057,0.48901464697387803
1,1,Bootstrapping,MLP,TSTR,F_hops_tropical,-1.5241401195526123,0.5804086892847918
1,1,Bootstrapping,MLP,TSTR,F_hops_noble,-0.6005948781967163,0.6457641138903977
1,1,Bootstrapping,MLP,TSTR,F_hops_woody,-0.22562289237976074,0.5837395706715435
1,1,Bootstrapping,MLP,TSTR,F_esters_all,0.11606621742248535,0.5682769400994586
1,1,Bootstrapping,MLP,TSTR,F_esters_ethac,-0.4299170970916748,0.5477766777986792
1,1,Bootstrapping,MLP,TSTR,F_esters_isoaa,-0.03018498420715332,0.6336169369143718
1,1,Bootstrapping,MLP,TSTR,F_esters_flower,-0.05378127098083496,0.37963627756228496
1,1,Bootstrapping,MLP,TSTR,F_esters_fruity,-0.03655123710632324,0.5607677914930137
1,1,Bootstrapping,MLP,TSTR,acidity,0.5202847719192505,0.6563458372708693
1,1,Bootstrapping,MLP,TSTR,bitternes,0.0713772177696228,0.6677244308443545
1,1,Bootstrapping,MLP,TSTR,sweetness,-0.3641486167907715,0.7590181650443213
1,1,Bootstrapping,MLP,TSTR,X4vg,0.010304927825927734,0.8258825566595784
1,1,Bootstrapping,MLP,TSTR,diacetyl,-0.2706003189086914,0.7091859052927085
1,1,Bootstrapping,MLP,TSTR,dms,-0.2999153137207031,0.5429676248003601
1,1,Bootstrapping,MLP,TSTR,metallic,-0.22650206089019775,0.5702893500659244
1,1,Bootstrapping,MLP,TSTR,stale_hops,-0.06965506076812744,0.4092912362575485
1,1,Bootstrapping,MLP,TSTR,t2n,-0.02641582489013672,0.44460437756432647
1,1,Bootstrapping,MLP,TSTR,orange,0.08691316843032837,0.84089740040922
1,1,Bootstrapping,MLP,TSTR,coriander,-0.7494261264801025,0.45453518089149925
1,1,Bootstrapping,MLP,TSTR,clove,0.09083247184753418,0.34582004617344475
1,1,Bootstrapping,MLP,TSTR,lactic,0.47822076082229614,0.592848017367091
1,1,Bootstrapping,MLP,TSTR,acetic,0.5314780473709106,0.46262200524784
1,1,Bootstrapping,MLP,TSTR,barnyard,0.0012724995613098145,0.3976577533925834
1,1,Bootstrapping,MLP,TSTR,alcohol,0.42623549699783325,0.5258936122867586
1,1,Bootstrapping,MLP,TSTR,aftertaste,0.48754429817199707,0.469274307122394
1,1,Bootstrapping,MLP,TSTR,body,0.35745739936828613,0.4977357678086291
1,1,Bootstrapping,MLP,TSTR,co2,0.20779752731323242,0.55508591218945
1,1,Bootstrapping,MLP,TSTR,overall,-0.26129603385925293,0.6389457512051939
1,1,Bootstrapping,MLP,AUG,A_malt_all,0.2655234932899475,0.7557271994616203
1,1,Bootstrapping,MLP,AUG,A_malt_grain,-0.31137609481811523,0.631034236329812
1,1,Bootstrapping,MLP,AUG,A_malt_bread,-0.493030309677124,0.5782583701455227
1,1,Bootstrapping,MLP,AUG,A_malt_cara,-0.017978906631469727,0.7042347521473572
1,1,Bootstrapping,MLP,AUG,A_malt_burn,0.2411927580833435,0.8077344520982787
1,1,Bootstrapping,MLP,AUG,A_hops_all,-0.24168717861175537,0.654545363881666
1,1,Bootstrapping,MLP,AUG,A_hops_citrus,-0.30629706382751465,0.6181558665716052
1,1,Bootstrapping,MLP,AUG,A_hops_tropical,-1.4524402618408203,0.6042969963206766
1,1,Bootstrapping,MLP,AUG,A_hops_noble,-0.2316899299621582,0.5761589436777163
1,1,Bootstrapping,MLP,AUG,A_hops_woody,-0.3449760675430298,0.45489860235369756
1,1,Bootstrapping,MLP,AUG,A_esters_all,-0.16415178775787354,0.7234736588012366
1,1,Bootstrapping,MLP,AUG,A_esters_ethac,-0.5272831916809082,0.6119355422900239
1,1,Bootstrapping,MLP,AUG,A_esters_isoaa,-0.61033034324646,0.6819801905725182
1,1,Bootstrapping,MLP,AUG,A_esters_flower,0.16212302446365356,0.39592846764526557
1,1,Bootstrapping,MLP,AUG,A_esters_fruity,-0.49350976943969727,0.7020148308007893
1,1,Bootstrapping,MLP,AUG,F_malt_all,0.3209910988807678,0.6488892463864724
1,1,Bootstrapping,MLP,AUG,F_malt_grain,-0.17152464389801025,0.5027754167404144
1,1,Bootstrapping,MLP,AUG,F_malt_bread,0.06274038553237915,0.4110615503161856
1,1,Bootstrapping,MLP,AUG,F_malt_cara,-0.02404308319091797,0.5510680622011782
1,1,Bootstrapping,MLP,AUG,F_malt_burn,0.2668362855911255,0.7480246836904019
1,1,Bootstrapping,MLP,AUG,F_hops_all,0.16618311405181885,0.5777640633631471
1,1,Bootstrapping,MLP,AUG,F_hops_citrus,-0.49894726276397705,0.4976479522157028
1,1,Bootstrapping,MLP,AUG,F_hops_tropical,-1.308612585067749,0.555076301673724
1,1,Bootstrapping,MLP,AUG,F_hops_noble,-0.1958465576171875,0.5581757108284624
1,1,Bootstrapping,MLP,AUG,F_hops_woody,0.05536848306655884,0.5124740849897703
1,1,Bootstrapping,MLP,AUG,F_esters_all,-0.27903294563293457,0.6835826763891033
1,1,Bootstrapping,MLP,AUG,F_esters_ethac,-0.5701456069946289,0.574008176431339
1,1,Bootstrapping,MLP,AUG,F_esters_isoaa,-0.4981362819671631,0.7640905379005163
1,1,Bootstrapping,MLP,AUG,F_esters_flower,-0.0816349983215332,0.3846208522710601
1,1,Bootstrapping,MLP,AUG,F_esters_fruity,-0.35289013385772705,0.6406472132483526
1,1,Bootstrapping,MLP,AUG,acidity,0.6436395645141602,0.5656994586220454
1,1,Bootstrapping,MLP,AUG,bitternes,0.22266870737075806,0.6109148279846743
1,1,Bootstrapping,MLP,AUG,sweetness,-0.24035847187042236,0.7237605961499964
1,1,Bootstrapping,MLP,AUG,X4vg,0.31766319274902344,0.6857518381489793
1,1,Bootstrapping,MLP,AUG,diacetyl,-0.22205376625061035,0.6955058011307378
1,1,Bootstrapping,MLP,AUG,dms,-0.4188960790634155,0.5672724447403884
1,1,Bootstrapping,MLP,AUG,metallic,-0.20605289936065674,0.5655152251220281
1,1,Bootstrapping,MLP,AUG,stale_hops,-0.003360152244567871,0.3964048785109621
1,1,Bootstrapping,MLP,AUG,t2n,-0.1605309247970581,0.4727596611203787
1,1,Bootstrapping,MLP,AUG,orange,0.16141986846923828,0.8058593883135338
1,1,Bootstrapping,MLP,AUG,coriander,-0.7553528547286987,0.45530446199274627
1,1,Bootstrapping,MLP,AUG,clove,-0.19428229331970215,0.3963525863128048
1,1,Bootstrapping,MLP,AUG,lactic,0.26661473512649536,0.7028555459714376
1,1,Bootstrapping,MLP,AUG,acetic,0.5014520287513733,0.4772157881520379
1,1,Bootstrapping,MLP,AUG,barnyard,-0.1197197437286377,0.4210567486418195
1,1,Bootstrapping,MLP,AUG,alcohol,0.24512600898742676,0.6032096556315055
1,1,Bootstrapping,MLP,AUG,aftertaste,0.3651663661003113,0.5223102673186955
1,1,Bootstrapping,MLP,AUG,body,0.3935149908065796,0.4835684275121472
1,1,Bootstrapping,MLP,AUG,co2,0.0012492537498474121,0.6232620393896215
1,1,Bootstrapping,MLP,AUG,overall,-0.2441335916519165,0.6345838080955661
1,1,KDE,GBDT,TSTR,A_malt_all,-0.12037980556488037,0.9333804856605707
1,1,KDE,GBDT,TSTR,A_malt_grain,0.001332104206085205,0.550680678904978
1,1,KDE,GBDT,TSTR,A_malt_bread,-0.013694286346435547,0.47647608301816324
1,1,KDE,GBDT,TSTR,A_malt_cara,-0.1179741621017456,0.7380128402833488
1,1,KDE,GBDT,TSTR,A_malt_burn,-0.07843148708343506,0.9629398356585335
1,1,KDE,GBDT,TSTR,A_hops_all,-0.10091161727905273,0.6163251381075301
1,1,KDE,GBDT,TSTR,A_hops_citrus,0.013372540473937988,0.5372217788988134
1,1,KDE,GBDT,TSTR,A_hops_tropical,-0.05362582206726074,0.39609049507925526
1,1,KDE,GBDT,TSTR,A_hops_noble,-0.1160426139831543,0.5484436154364212
1,1,KDE,GBDT,TSTR,A_hops_woody,0.02733999490737915,0.38684577011836996
1,1,KDE,GBDT,TSTR,A_esters_all,-0.08510816097259521,0.6984807387244688
1,1,KDE,GBDT,TSTR,A_esters_ethac,-0.16215336322784424,0.533798835181991
1,1,KDE,GBDT,TSTR,A_esters_isoaa,-0.04101836681365967,0.5483318270524428
1,1,KDE,GBDT,TSTR,A_esters_flower,-0.02969646453857422,0.4389157888395127
1,1,KDE,GBDT,TSTR,A_esters_fruity,-0.033609628677368164,0.5840103500866498
1,1,KDE,GBDT,TSTR,F_malt_all,-0.09422576427459717,0.8237326757088285
1,1,KDE,GBDT,TSTR,F_malt_grain,0.017798125743865967,0.4603612012667358
1,1,KDE,GBDT,TSTR,F_malt_bread,-0.05315828323364258,0.43573628570786654
1,1,KDE,GBDT,TSTR,F_malt_cara,-0.11441969871520996,0.5748711597142658
1,1,KDE,GBDT,TSTR,F_malt_burn,-0.028125405311584473,0.8858057438802629
1,1,KDE,GBDT,TSTR,F_hops_all,0.012868702411651611,0.628640918559721
1,1,KDE,GBDT,TSTR,F_hops_citrus,-0.05280005931854248,0.4170633116911003
1,1,KDE,GBDT,TSTR,F_hops_tropical,-0.12175953388214111,0.3869252472386905
1,1,KDE,GBDT,TSTR,F_hops_noble,-0.006993770599365234,0.5122082822073469
1,1,KDE,GBDT,TSTR,F_hops_woody,-0.06742346286773682,0.5447648071563022
1,1,KDE,GBDT,TSTR,F_esters_all,-0.09980261325836182,0.6338807261619638
1,1,KDE,GBDT,TSTR,F_esters_ethac,0.02967524528503418,0.45123904830450146
1,1,KDE,GBDT,TSTR,F_esters_isoaa,-0.029282569885253906,0.633339344694654
1,1,KDE,GBDT,TSTR,F_esters_flower,-0.18141257762908936,0.40196966168759096
1,1,KDE,GBDT,TSTR,F_esters_fruity,-0.01504814624786377,0.5549207922113836
1,1,KDE,GBDT,TSTR,acidity,-0.037517666816711426,0.9652476218351616
1,1,KDE,GBDT,TSTR,bitternes,0.015313327312469482,0.6875853702253162
1,1,KDE,GBDT,TSTR,sweetness,-0.09776544570922852,0.680888682099612
1,1,KDE,GBDT,TSTR,X4vg,-0.00045621395111083984,0.8303603825601173
1,1,KDE,GBDT,TSTR,diacetyl,-0.12155866622924805,0.6662950796439443
1,1,KDE,GBDT,TSTR,dms,-0.026595473289489746,0.48252084620315316
1,1,KDE,GBDT,TSTR,metallic,-0.08247268199920654,0.5357591615909073
1,1,KDE,GBDT,TSTR,stale_hops,-0.08166682720184326,0.411582899753898
1,1,KDE,GBDT,TSTR,t2n,-0.04687297344207764,0.4490131405201032
1,1,KDE,GBDT,TSTR,orange,-0.005350708961486816,0.8823599203852844
1,1,KDE,GBDT,TSTR,coriander,0.030114948749542236,0.33843854898728726
1,1,KDE,GBDT,TSTR,clove,-0.2583690881729126,0.40684802714536744
1,1,KDE,GBDT,TSTR,lactic,-0.010495662689208984,0.825025191066964
1,1,KDE,GBDT,TSTR,acetic,-0.11714160442352295,0.7143572209532937
1,1,KDE,GBDT,TSTR,barnyard,-0.09683632850646973,0.41673201008866156
1,1,KDE,GBDT,TSTR,alcohol,-0.08607006072998047,0.7235356933657661
1,1,KDE,GBDT,TSTR,aftertaste,-0.022189617156982422,0.6627722603589664
1,1,KDE,GBDT,TSTR,body,-0.05958390235900879,0.6391688055585396
1,1,KDE,GBDT,TSTR,co2,-0.12416768074035645,0.6612377900436741
1,1,KDE,GBDT,TSTR,overall,0.021065056324005127,0.5629014860610334
1,1,KDE,GBDT,AUG,A_malt_all,0.18932396173477173,0.7939620913601211
1,1,KDE,GBDT,AUG,A_malt_grain,-0.050933241844177246,0.5649068520149138
1,1,KDE,GBDT,AUG,A_malt_bread,0.020880699157714844,0.46827979346307513
1,1,KDE,GBDT,AUG,A_malt_cara,0.12487000226974487,0.6529566232943161
1,1,KDE,GBDT,AUG,A_malt_burn,0.042742788791656494,0.9072295846878483
1,1,KDE,GBDT,AUG,A_hops_all,0.19549936056137085,0.5268619455641192
1,1,KDE,GBDT,AUG,A_hops_citrus,0.029914259910583496,0.5326992350808236
1,1,KDE,GBDT,AUG,A_hops_tropical,-0.11469781398773193,0.40740823695470824
1,1,KDE,GBDT,AUG,A_hops_noble,0.03873223066329956,0.5089953218631069
1,1,KDE,GBDT,AUG,A_hops_woody,0.14959228038787842,0.3617186626656676
1,1,KDE,GBDT,AUG,A_esters_all,-0.031693100929260254,0.6810722495402796
1,1,KDE,GBDT,AUG,A_esters_ethac,-0.05123186111450195,0.507685953658474
1,1,KDE,GBDT,AUG,A_esters_isoaa,-0.05723452568054199,0.5525860536886412
1,1,KDE,GBDT,AUG,A_esters_flower,0.08833980560302734,0.41299336435469164
1,1,KDE,GBDT,AUG,A_esters_fruity,-0.01609349250793457,0.5790407042665433
1,1,KDE,GBDT,AUG,F_malt_all,0.26229894161224365,0.6763524194042018
1,1,KDE,GBDT,AUG,F_malt_grain,0.008945584297180176,0.4624311524775421
1,1,KDE,GBDT,AUG,F_malt_bread,-0.010340332984924316,0.4267865657940412
1,1,KDE,GBDT,AUG,F_malt_cara,0.10984325408935547,0.5137825618179807
1,1,KDE,GBDT,AUG,F_malt_burn,0.2725033760070801,0.7451281065534529
1,1,KDE,GBDT,AUG,F_hops_all,0.45113271474838257,0.46875815384448777
1,1,KDE,GBDT,AUG,F_hops_citrus,0.03167086839675903,0.3999820764817504
1,1,KDE,GBDT,AUG,F_hops_tropical,-0.10866224765777588,0.38465980585041304
1,1,KDE,GBDT,AUG,F_hops_noble,0.121387779712677,0.47844479094966624
1,1,KDE,GBDT,AUG,F_hops_woody,0.05140960216522217,0.5135468305388756
1,1,KDE,GBDT,AUG,F_esters_all,0.0630565881729126,0.5850686816302672
1,1,KDE,GBDT,AUG,F_esters_ethac,-0.03629446029663086,0.46632608910140316
1,1,KDE,GBDT,AUG,F_esters_isoaa,-0.08779597282409668,0.6510927917751715
1,1,KDE,GBDT,AUG,F_esters_flower,-0.0032480955123901367,0.3704218956364062
1,1,KDE,GBDT,AUG,F_esters_fruity,-0.022110581398010254,0.5568479185444473
1,1,KDE,GBDT,AUG,acidity,0.4941001534461975,0.6740207562632305
1,1,KDE,GBDT,AUG,bitternes,0.6049579977989197,0.435511087221724
1,1,KDE,GBDT,AUG,sweetness,0.0785638689994812,0.6238123099293642
1,1,KDE,GBDT,AUG,X4vg,0.10864496231079102,0.7837777633860171
1,1,KDE,GBDT,AUG,diacetyl,0.00228041410446167,0.6284342588078377
1,1,KDE,GBDT,AUG,dms,-0.000652313232421875,0.4763849271542212
1,1,KDE,GBDT,AUG,metallic,-0.006971955299377441,0.5167372873197733
1,1,KDE,GBDT,AUG,stale_hops,0.05627715587615967,0.38444373904024454
1,1,KDE,GBDT,AUG,t2n,0.17631244659423828,0.3982844152133979
1,1,KDE,GBDT,AUG,orange,0.11552739143371582,0.8276165534969636
1,1,KDE,GBDT,AUG,coriander,0.21817100048065186,0.30386143969381
1,1,KDE,GBDT,AUG,clove,-0.08046579360961914,0.3769933649435442
1,1,KDE,GBDT,AUG,lactic,0.4292299151420593,0.6200555245086228
1,1,KDE,GBDT,AUG,acetic,0.5879523754119873,0.43384544696570776
1,1,KDE,GBDT,AUG,barnyard,-0.0029822587966918945,0.3985038963795076
1,1,KDE,GBDT,AUG,alcohol,0.5443639755249023,0.46864079156919136
1,1,KDE,GBDT,AUG,aftertaste,0.4666141867637634,0.4787616330917174
1,1,KDE,GBDT,AUG,body,0.3966500163078308,0.4823169671405797
1,1,KDE,GBDT,AUG,co2,0.27151674032211304,0.5322944247876679
1,1,KDE,GBDT,AUG,overall,-0.035773634910583496,0.5790124731383903
1,1,KDE,MLP,TSTR,A_malt_all,-0.2575953006744385,0.9888866816691317
1,1,KDE,MLP,TSTR,A_malt_grain,-0.13671386241912842,0.5875094372417468
1,1,KDE,MLP,TSTR,A_malt_bread,-0.13074040412902832,0.5032329348775305
1,1,KDE,MLP,TSTR,A_malt_cara,-0.063376784324646,0.7197664785509463
1,1,KDE,MLP,TSTR,A_malt_burn,-0.06228065490722656,0.9557020025871158
1,1,KDE,MLP,TSTR,A_hops_all,-0.09822309017181396,0.615572107047017
1,1,KDE,MLP,TSTR,A_hops_citrus,-0.05467832088470459,0.5554398283692328
1,1,KDE,MLP,TSTR,A_hops_tropical,-0.06927037239074707,0.3990203110417891
1,1,KDE,MLP,TSTR,A_hops_noble,-0.14968430995941162,0.5566483346505569
1,1,KDE,MLP,TSTR,A_hops_woody,-0.017721891403198242,0.3957052985806658
1,1,KDE,MLP,TSTR,A_esters_all,0.05460625886917114,0.6519650027939875
1,1,KDE,MLP,TSTR,A_esters_ethac,0.05776935815811157,0.48064509311339204
1,1,KDE,MLP,TSTR,A_esters_isoaa,0.05144745111465454,0.5234135294877269
1,1,KDE,MLP,TSTR,A_esters_flower,-0.017743229866027832,0.43636078332380124
1,1,KDE,MLP,TSTR,A_esters_fruity,0.010340392589569092,0.5714591531148498
1,1,KDE,MLP,TSTR,F_malt_all,-0.24280405044555664,0.8778779860093626
1,1,KDE,MLP,TSTR,F_malt_grain,-0.24736237525939941,0.5187936293397608
1,1,KDE,MLP,TSTR,F_malt_bread,-0.09487426280975342,0.44428229374953127
1,1,KDE,MLP,TSTR,F_malt_cara,-0.033734798431396484,0.553669599978129
1,1,KDE,MLP,TSTR,F_malt_burn,-0.11157476902008057,0.9210533424424892
1,1,KDE,MLP,TSTR,F_hops_all,-0.1553022861480713,0.6800846824789982
1,1,KDE,MLP,TSTR,F_hops_citrus,-0.21739864349365234,0.44848245734307934
1,1,KDE,MLP,TSTR,F_hops_tropical,-0.19997036457061768,0.4001864959654157
1,1,KDE,MLP,TSTR,F_hops_noble,-0.1196662187576294,0.540104122278352
1,1,KDE,MLP,TSTR,F_hops_woody,-0.03330504894256592,0.5359878483024669
1,1,KDE,MLP,TSTR,F_esters_all,0.005445003509521484,0.6027879741815159
1,1,KDE,MLP,TSTR,F_esters_ethac,0.0658106803894043,0.44275713445923753
1,1,KDE,MLP,TSTR,F_esters_isoaa,-0.026977181434631348,0.6326296742388506
1,1,KDE,MLP,TSTR,F_esters_flower,-0.10519051551818848,0.38878637572963853
1,1,KDE,MLP,TSTR,F_esters_fruity,-0.0012614727020263672,0.5511393634121029
1,1,KDE,MLP,TSTR,acidity,-0.008985280990600586,0.9518826627266348
1,1,KDE,MLP,TSTR,bitternes,-0.11525726318359375,0.7317540493779146
1,1,KDE,MLP,TSTR,sweetness,-0.07780873775482178,0.6746712095794969
1,1,KDE,MLP,TSTR,X4vg,-0.06118655204772949,0.8551916431342531
1,1,KDE,MLP,TSTR,diacetyl,-0.06162416934967041,0.6482477484979159
1,1,KDE,MLP,TSTR,dms,0.02480214834213257,0.4702867748030525
1,1,KDE,MLP,TSTR,metallic,-0.08657729625701904,0.5367739375586249
1,1,KDE,MLP,TSTR,stale_hops,-0.06431102752685547,0.40826753172107466
1,1,KDE,MLP,TSTR,t2n,-0.04511463642120361,0.44863590078324733
1,1,KDE,MLP,TSTR,orange,-0.008548855781555176,0.8837622201120546
1,1,KDE,MLP,TSTR,coriander,-0.20477330684661865,0.37720060377896875
1,1,KDE,MLP,TSTR,clove,-0.0006982088088989258,0.3628104450847776
1,1,KDE,MLP,TSTR,lactic,0.00147932767868042,0.8201221063461386
1,1,KDE,MLP,TSTR,acetic,0.0415724515914917,0.6616692894980513
1,1,KDE,MLP,TSTR,barnyard,-0.03029465675354004,0.40389332925874855
1,1,KDE,MLP,TSTR,alcohol,-0.18275487422943115,0.7550547257225181
1,1,KDE,MLP,TSTR,aftertaste,-0.24875366687774658,0.7325495494188914
1,1,KDE,MLP,TSTR,body,-0.1904888153076172,0.6775019574225045
1,1,KDE,MLP,TSTR,co2,-0.13430702686309814,0.6642130961477019
1,1,KDE,MLP,TSTR,overall,-0.16417217254638672,0.613852581028811
1,1,KDE,MLP,AUG,A_malt_all,-0.04748499393463135,0.9025057692620755
1,1,KDE,MLP,AUG,A_malt_grain,-0.018387556076049805,0.5560909568928701
1,1,KDE,MLP,AUG,A_malt_bread,-0.1334158182144165,0.5038279391214623
1,1,KDE,MLP,AUG,A_malt_cara,-0.033333539962768555,0.7095260022474831
1,1,KDE,MLP,AUG,A_malt_burn,0.04644167423248291,0.9054750549254881
1,1,KDE,MLP,AUG,A_hops_all,0.22801196575164795,0.516106034357013
1,1,KDE,MLP,AUG,A_hops_citrus,-0.047953128814697266,0.5536661012180816
1,1,KDE,MLP,AUG,A_hops_tropical,-0.16144013404846191,0.41586236414102934
1,1,KDE,MLP,AUG,A_hops_noble,-0.002203226089477539,0.5197201148905128
1,1,KDE,MLP,AUG,A_hops_woody,-0.021078109741210938,0.3963572481547744
1,1,KDE,MLP,AUG,A_esters_all,-0.09324443340301514,0.7010945141972831
1,1,KDE,MLP,AUG,A_esters_ethac,-0.15483033657073975,0.5321143915804959
1,1,KDE,MLP,AUG,A_esters_isoaa,-0.08485555648803711,0.5597578869409247
1,1,KDE,MLP,AUG,A_esters_flower,0.03361403942108154,0.4252084501354475
1,1,KDE,MLP,AUG,A_esters_fruity,-0.02519524097442627,0.5816283399566765
1,1,KDE,MLP,AUG,F_malt_all,0.11200624704360962,0.7420578692817125
1,1,KDE,MLP,AUG,F_malt_grain,-0.16633856296539307,0.5016613420201761
1,1,KDE,MLP,AUG,F_malt_bread,-0.21001935005187988,0.46706041374542034
1,1,KDE,MLP,AUG,F_malt_cara,-0.09394729137420654,0.5695663430871136
1,1,KDE,MLP,AUG,F_malt_burn,0.11191707849502563,0.8232698447218831
1,1,KDE,MLP,AUG,F_hops_all,0.35171735286712646,0.5094450604052456
1,1,KDE,MLP,AUG,F_hops_citrus,-0.14133858680725098,0.43424648263612525
1,1,KDE,MLP,AUG,F_hops_tropical,-0.14614903926849365,0.39110891885027144
1,1,KDE,MLP,AUG,F_hops_noble,0.04219317436218262,0.49954217573668086
1,1,KDE,MLP,AUG,F_hops_woody,0.09702843427658081,0.5010461294196187
1,1,KDE,MLP,AUG,F_esters_all,-0.19267702102661133,0.6601028646518781
1,1,KDE,MLP,AUG,F_esters_ethac,-0.15452778339385986,0.49220985785672083
1,1,KDE,MLP,AUG,F_esters_isoaa,-0.11694324016571045,0.6597580696427711
1,1,KDE,MLP,AUG,F_esters_flower,-0.2757161855697632,0.4177048286646114
1,1,KDE,MLP,AUG,F_esters_fruity,0.10381734371185303,0.5214179064505426
1,1,KDE,MLP,AUG,acidity,0.3411444425582886,0.7691943985336839
1,1,KDE,MLP,AUG,bitternes,0.47626370191574097,0.5014572960156483
1,1,KDE,MLP,AUG,sweetness,-0.12057960033416748,0.6879275249784904
1,1,KDE,MLP,AUG,X4vg,-0.03350400924682617,0.84396349007387
1,1,KDE,MLP,AUG,diacetyl,-0.1389479637145996,0.6714405163105361
1,1,KDE,MLP,AUG,dms,0.016844213008880615,0.47220173570038454
1,1,KDE,MLP,AUG,metallic,-0.0890728235244751,0.5373899801898868
1,1,KDE,MLP,AUG,stale_hops,-0.07433533668518066,0.41018567660901634
1,1,KDE,MLP,AUG,t2n,-0.1108696460723877,0.4625339340957856
1,1,KDE,MLP,AUG,orange,0.0193595290184021,0.8714488379167625
1,1,KDE,MLP,AUG,coriander,-0.059157609939575195,0.35367144527961136
1,1,KDE,MLP,AUG,clove,-0.7949577569961548,0.48590941577969127
1,1,KDE,MLP,AUG,lactic,0.2461085319519043,0.7126140737400196
1,1,KDE,MLP,AUG,acetic,0.3185478448867798,0.5579290903952638
1,1,KDE,MLP,AUG,barnyard,-0.021725177764892578,0.40221012081503976
1,1,KDE,MLP,AUG,alcohol,0.3243207335472107,0.570691440052723
1,1,KDE,MLP,AUG,aftertaste,0.4469187259674072,0.48752070896472094
1,1,KDE,MLP,AUG,body,0.3630455732345581,0.4955666512757943
1,1,KDE,MLP,AUG,co2,0.17147958278656006,0.5676671167746324
1,1,KDE,MLP,AUG,overall,0.015218138694763184,0.5645800121204995
1,1,GaussianCopula,GBDT,TSTR,A_malt_all,0.09900426864624023,0.837023092532432
1,1,GaussianCopula,GBDT,TSTR,A_malt_grain,0.0029508471488952637,0.5502341779767818
1,1,GaussianCopula,GBDT,TSTR,A_malt_bread,0.02987825870513916,0.4661232145423074
1,1,GaussianCopula,GBDT,TSTR,A_malt_cara,0.15726244449615479,0.6407582911945845
1,1,GaussianCopula,GBDT,TSTR,A_malt_burn,0.0077658891677856445,0.9236553264414159
1,1,GaussianCopula,GBDT,TSTR,A_hops_all,0.27657198905944824,0.4996102125028103
1,1,GaussianCopula,GBDT,TSTR,A_hops_citrus,0.019416391849517822,0.5355738103702633
1,1,GaussianCopula,GBDT,TSTR,A_hops_tropical,-0.9758278131484985,0.5424076172181282
1,1,GaussianCopula,GBDT,TSTR,A_hops_noble,0.11335486173629761,0.48883975321976914
1,1,GaussianCopula,GBDT,TSTR,A_hops_woody,0.02054905891418457,0.38819386210745754
1,1,GaussianCopula,GBDT,TSTR,A_esters_all,0.03282719850540161,0.6594318952917897
1,1,GaussianCopula,GBDT,TSTR,A_esters_ethac,-0.050299882888793945,0.5074608392122937
1,1,GaussianCopula,GBDT,TSTR,A_esters_isoaa,-0.004302859306335449,0.5385755191348054
1,1,GaussianCopula,GBDT,TSTR,A_esters_flower,0.0035715103149414062,0.43176719915550127
1,1,GaussianCopula,GBDT,TSTR,A_esters_fruity,0.06120568513870239,0.5565798542245044
1,1,GaussianCopula,GBDT,TSTR,F_malt_all,0.34962308406829834,0.6350609195202636
1,1,GaussianCopula,GBDT,TSTR,F_malt_grain,-0.05357515811920166,0.4767943428043566
1,1,GaussianCopula,GBDT,TSTR,F_malt_bread,-0.170235276222229,0.4593180316192785
1,1,GaussianCopula,GBDT,TSTR,F_malt_cara,0.17708057165145874,0.49399753051692696
1,1,GaussianCopula,GBDT,TSTR,F_malt_burn,0.2077224850654602,0.7775961691327372
1,1,GaussianCopula,GBDT,TSTR,F_hops_all,0.450492262840271,0.4690315672493217
1,1,GaussianCopula,GBDT,TSTR,F_hops_citrus,0.04923051595687866,0.396338863637138
1,1,GaussianCopula,GBDT,TSTR,F_hops_tropical,-0.08579206466674805,0.38067162605549637
1,1,GaussianCopula,GBDT,TSTR,F_hops_noble,0.1526726484298706,0.46984956839853104
1,1,GaussianCopula,GBDT,TSTR,F_hops_woody,0.19910287857055664,0.4718772679710201
1,1,GaussianCopula,GBDT,TSTR,F_esters_all,0.013766050338745117,0.6002610234873277
1,1,GaussianCopula,GBDT,TSTR,F_esters_ethac,-0.053601622581481934,0.47020402145211554
1,1,GaussianCopula,GBDT,TSTR,F_esters_isoaa,0.10011845827102661,0.5921910550053563
1,1,GaussianCopula,GBDT,TSTR,F_esters_flower,-0.050104618072509766,0.3789734338405027
1,1,GaussianCopula,GBDT,TSTR,F_esters_fruity,-0.10653650760650635,0.57938937518116
1,1,GaussianCopula,GBDT,TSTR,acidity,0.3202746510505676,0.7812818520728531
1,1,GaussianCopula,GBDT,TSTR,bitternes,0.5415104031562805,0.4691830700835049
1,1,GaussianCopula,GBDT,TSTR,sweetness,-0.01883113384246826,0.655952545146132
1,1,GaussianCopula,GBDT,TSTR,X4vg,0.1572580337524414,0.7621051297443509
1,1,GaussianCopula,GBDT,TSTR,diacetyl,-0.05358576774597168,0.6457888731470778
1,1,GaussianCopula,GBDT,TSTR,dms,0.08210521936416626,0.4562604713544709
1,1,GaussianCopula,GBDT,TSTR,metallic,0.011929154396057129,0.511864677762951
1,1,GaussianCopula,GBDT,TSTR,stale_hops,-0.00846099853515625,0.39741122148083946
1,1,GaussianCopula,GBDT,TSTR,t2n,-0.03661632537841797,0.4468081604382264
1,1,GaussianCopula,GBDT,TSTR,orange,-0.033300042152404785,0.8945408783107134
1,1,GaussianCopula,GBDT,TSTR,coriander,0.0017929673194885254,0.3433444274842885
1,1,GaussianCopula,GBDT,TSTR,clove,0.06098496913909912,0.35145074339636195
1,1,GaussianCopula,GBDT,TSTR,lactic,0.33786892890930176,0.6678393054486005
1,1,GaussianCopula,GBDT,TSTR,acetic,0.45233154296875,0.5001729427699365
1,1,GaussianCopula,GBDT,TSTR,barnyard,0.04162704944610596,0.3895410566629504
1,1,GaussianCopula,GBDT,TSTR,alcohol,0.5802816152572632,0.44979027589609755
1,1,GaussianCopula,GBDT,TSTR,aftertaste,0.4188864827156067,0.49972273172177395
1,1,GaussianCopula,GBDT,TSTR,body,0.5501456260681152,0.41647014950694367
1,1,GaussianCopula,GBDT,TSTR,co2,0.31446897983551025,0.5163636552150359
1,1,GaussianCopula,GBDT,TSTR,overall,-0.08452248573303223,0.5924814626956699
1,1,GaussianCopula,GBDT,AUG,A_malt_all,0.33039164543151855,0.7215833793252734
1,1,GaussianCopula,GBDT,AUG,A_malt_grain,0.03532207012176514,0.5412282697971517
1,1,GaussianCopula,GBDT,AUG,A_malt_bread,-0.030097484588623047,0.48031568802896746
1,1,GaussianCopula,GBDT,AUG,A_malt_cara,0.2564806342124939,0.6018582149791439
1,1,GaussianCopula,GBDT,AUG,A_malt_burn,0.20140886306762695,0.8286384933853116
1,1,GaussianCopula,GBDT,AUG,A_hops_all,0.2617354989051819,0.5047073502076601
1,1,GaussianCopula,GBDT,AUG,A_hops_citrus,0.09162330627441406,0.5154778530661858
1,1,GaussianCopula,GBDT,AUG,A_hops_tropical,-0.3705470561981201,0.4517500504397104
1,1,GaussianCopula,GBDT,AUG,A_hops_noble,0.1644924283027649,0.4745334203404801
1,1,GaussianCopula,GBDT,AUG,A_hops_woody,0.16306531429290771,0.3588418737925702
1,1,GaussianCopula,GBDT,AUG,A_esters_all,-0.05063819885253906,0.6872970758413924
1,1,GaussianCopula,GBDT,AUG,A_esters_ethac,-0.012761235237121582,0.49830979531919045
1,1,GaussianCopula,GBDT,AUG,A_esters_isoaa,-0.14492082595825195,0.5750452179336689
1,1,GaussianCopula,GBDT,AUG,A_esters_flower,0.11732363700866699,0.4063753338193153
1,1,GaussianCopula,GBDT,AUG,A_esters_fruity,0.002570927143096924,0.5736979244011111
1,1,GaussianCopula,GBDT,AUG,F_malt_all,0.5041568875312805,0.554504391172133
1,1,GaussianCopula,GBDT,AUG,F_malt_grain,-0.030507445335388184,0.4715458144869287
1,1,GaussianCopula,GBDT,AUG,F_malt_bread,0.16520506143569946,0.3879420074513236
1,1,GaussianCopula,GBDT,AUG,F_malt_cara,0.23169606924057007,0.47732331564661074
1,1,GaussianCopula,GBDT,AUG,F_malt_burn,0.4450501799583435,0.6507921554549265
1,1,GaussianCopula,GBDT,AUG,F_hops_all,0.48450571298599243,0.4542836470248441
1,1,GaussianCopula,GBDT,AUG,F_hops_citrus,0.14150571823120117,0.3766151059076335
1,1,GaussianCopula,GBDT,AUG,F_hops_tropical,-0.09944534301757812,0.38305751588914705
1,1,GaussianCopula,GBDT,AUG,F_hops_noble,0.10126960277557373,0.4838914149236435
1,1,GaussianCopula,GBDT,AUG,F_hops_woody,0.1732378602027893,0.47943637002476863
1,1,GaussianCopula,GBDT,AUG,F_esters_all,0.04568511247634888,0.5904675399957652
1,1,GaussianCopula,GBDT,AUG,F_esters_ethac,-0.04383647441864014,0.46801993419708865
1,1,GaussianCopula,GBDT,AUG,F_esters_isoaa,0.05921483039855957,0.6055003496353312
1,1,GaussianCopula,GBDT,AUG,F_esters_flower,-0.10480654239654541,0.38871883702869425
1,1,GaussianCopula,GBDT,AUG,F_esters_fruity,0.07698839902877808,0.5291651600593485
1,1,GaussianCopula,GBDT,AUG,acidity,0.6512649655342102,0.5596142763239781
1,1,GaussianCopula,GBDT,AUG,bitternes,0.6003716588020325,0.4380318950597435
1,1,GaussianCopula,GBDT,AUG,sweetness,0.08452898263931274,0.6217898420752604
1,1,GaussianCopula,GBDT,AUG,X4vg,0.28966033458709717,0.6996818585869053
1,1,GaussianCopula,GBDT,AUG,diacetyl,-0.021193861961364746,0.6357841653632792
1,1,GaussianCopula,GBDT,AUG,dms,0.1424465775489807,0.44100853210638113
1,1,GaussianCopula,GBDT,AUG,metallic,0.04187643527984619,0.5040479948602009
1,1,GaussianCopula,GBDT,AUG,stale_hops,-0.02315211296081543,0.40029545094785335
1,1,GaussianCopula,GBDT,AUG,t2n,0.1463775634765625,0.405457163150881
1,1,GaussianCopula,GBDT,AUG,orange,0.20785754919052124,0.7832287715223083
1,1,GaussianCopula,GBDT,AUG,coriander,0.059574127197265625,0.3332590738171542
1,1,GaussianCopula,GBDT,AUG,clove,0.21574252843856812,0.32118668707874437
1,1,GaussianCopula,GBDT,AUG,lactic,0.44326502084732056,0.612384553656074
1,1,GaussianCopula,GBDT,AUG,acetic,0.5521872043609619,0.45228226990019077
1,1,GaussianCopula,GBDT,AUG,barnyard,-0.026203393936157227,0.40309060785423534
1,1,GaussianCopula,GBDT,AUG,alcohol,0.6808242201805115,0.39223468998144634
1,1,GaussianCopula,GBDT,AUG,aftertaste,0.6075658202171326,0.41065964461194226
1,1,GaussianCopula,GBDT,AUG,body,0.5958821773529053,0.3947316029267882
1,1,GaussianCopula,GBDT,AUG,co2,0.4227043390274048,0.47385041262294814
1,1,GaussianCopula,GBDT,AUG,overall,-0.08466470241546631,0.5925202936809566
1,1,GaussianCopula,MLP,TSTR,A_malt_all,-0.016752004623413086,0.8891675635610083
1,1,GaussianCopula,MLP,TSTR,A_malt_grain,-0.23864102363586426,0.6132845544422322
1,1,GaussianCopula,MLP,TSTR,A_malt_bread,-0.6466841697692871,0.6072852910286757
1,1,GaussianCopula,MLP,TSTR,A_malt_cara,-0.5810822248458862,0.8776579405537589
1,1,GaussianCopula,MLP,TSTR,A_malt_burn,0.04449659585952759,0.906398103385079
1,1,GaussianCopula,MLP,TSTR,A_hops_all,-0.22078919410705566,0.6490138835817956
1,1,GaussianCopula,MLP,TSTR,A_hops_citrus,-0.043747544288635254,0.552554016881779
1,1,GaussianCopula,MLP,TSTR,A_hops_tropical,-0.6504112482070923,0.4957324086250457
1,1,GaussianCopula,MLP,TSTR,A_hops_noble,-0.3116384744644165,0.5945641056160613
1,1,GaussianCopula,MLP,TSTR,A_hops_woody,0.07289457321166992,0.37767816892690703
1,1,GaussianCopula,MLP,TSTR,A_esters_all,-0.4215233325958252,0.7994566592217868
1,1,GaussianCopula,MLP,TSTR,A_esters_ethac,-0.3718031644821167,0.5799516482176778
1,1,GaussianCopula,MLP,TSTR,A_esters_isoaa,-0.4898104667663574,0.6559636535810014
1,1,GaussianCopula,MLP,TSTR,A_esters_flower,-0.3809574842453003,0.5082960614105286
1,1,GaussianCopula,MLP,TSTR,A_esters_fruity,-0.023842692375183105,0.5812445322415353
1,1,GaussianCopula,MLP,TSTR,F_malt_all,0.036421775817871094,0.7729943672532597
1,1,GaussianCopula,MLP,TSTR,F_malt_grain,-0.29734110832214355,0.529084954999172
1,1,GaussianCopula,MLP,TSTR,F_malt_bread,-0.5028907060623169,0.5205238153742342
1,1,GaussianCopula,MLP,TSTR,F_malt_cara,-1.3105926513671875,0.8277664487996553
1,1,GaussianCopula,MLP,TSTR,F_malt_burn,0.11985135078430176,0.8195839689478877
1,1,GaussianCopula,MLP,TSTR,F_hops_all,0.08997601270675659,0.6035893959956844
1,1,GaussianCopula,MLP,TSTR,F_hops_citrus,0.16806560754776,0.3707435360780384
1,1,GaussianCopula,MLP,TSTR,F_hops_tropical,-3.161247730255127,0.7452276505449726
1,1,GaussianCopula,MLP,TSTR,F_hops_noble,-0.08557820320129395,0.5318188706936706
1,1,GaussianCopula,MLP,TSTR,F_hops_woody,0.1507532000541687,0.48591202242871484
1,1,GaussianCopula,MLP,TSTR,F_esters_all,-0.9926608800888062,0.8532314918761778
1,1,GaussianCopula,MLP,TSTR,F_esters_ethac,-1.2954559326171875,0.6940369425005168
1,1,GaussianCopula,MLP,TSTR,F_esters_isoaa,-1.1955251693725586,0.9249928332386236
1,1,GaussianCopula,MLP,TSTR,F_esters_flower,-0.0469965934753418,0.37841218021026357
1,1,GaussianCopula,MLP,TSTR,F_esters_fruity,-0.6058046817779541,0.6979656178592236
1,1,GaussianCopula,MLP,TSTR,acidity,0.27788758277893066,0.8052734907928827
1,1,GaussianCopula,MLP,TSTR,bitternes,0.45324134826660156,0.512360265337074
1,1,GaussianCopula,MLP,TSTR,sweetness,-1.7665131092071533,1.0809053698680653
1,1,GaussianCopula,MLP,TSTR,X4vg,-0.15096938610076904,0.8906343693825974
1,1,GaussianCopula,MLP,TSTR,diacetyl,-0.206825852394104,0.6911589185505647
1,1,GaussianCopula,MLP,TSTR,dms,-0.006295442581176758,0.4777262970061295
1,1,GaussianCopula,MLP,TSTR,metallic,0.09837573766708374,0.48896066318352926
1,1,GaussianCopula,MLP,TSTR,stale_hops,-0.11587321758270264,0.41804015360764696
1,1,GaussianCopula,MLP,TSTR,t2n,-0.02897787094116211,0.4451589152188383
1,1,GaussianCopula,MLP,TSTR,orange,0.12810510396957397,0.8217109023200174
1,1,GaussianCopula,MLP,TSTR,coriander,-0.13470244407653809,0.36606709007523414
1,1,GaussianCopula,MLP,TSTR,clove,-0.4516756534576416,0.43698143880781576
1,1,GaussianCopula,MLP,TSTR,lactic,0.3444611430168152,0.6645064496817356
1,1,GaussianCopula,MLP,TSTR,acetic,0.2362803816795349,0.59064742151723
1,1,GaussianCopula,MLP,TSTR,barnyard,-0.2520691156387329,0.4452460891995253
1,1,GaussianCopula,MLP,TSTR,alcohol,-0.17056453227996826,0.7511535356636582
1,1,GaussianCopula,MLP,TSTR,aftertaste,0.2785908579826355,0.556787438021627
1,1,GaussianCopula,MLP,TSTR,body,-0.0032597780227661133,0.6219487333436174
1,1,GaussianCopula,MLP,TSTR,co2,-0.046912431716918945,0.6381125611261399
1,1,GaussianCopula,MLP,TSTR,overall,-0.6775310039520264,0.7368697949097035
1,1,GaussianCopula,MLP,AUG,A_malt_all,0.15725892782211304,0.8095117784789514
1,1,GaussianCopula,MLP,AUG,A_malt_grain,-0.04055500030517578,0.5621106601724255
1,1,GaussianCopula,MLP,AUG,A_malt_bread,-0.46594929695129395,0.5729900630984727
1,1,GaussianCopula,MLP,AUG,A_malt_cara,-0.19295239448547363,0.7623591152174379
1,1,GaussianCopula,MLP,AUG,A_malt_burn,0.1559615135192871,0.8518909206008195
1,1,GaussianCopula,MLP,AUG,A_hops_all,-0.3396568298339844,0.6798771122378687
1,1,GaussianCopula,MLP,AUG,A_hops_citrus,-0.1936889886856079,0.5909117320558571
1,1,GaussianCopula,MLP,AUG,A_hops_tropical,-1.440345048904419,0.6028050062980408
1,1,GaussianCopula,MLP,AUG,A_hops_noble,-0.3850564956665039,0.6109776817825159
1,1,GaussianCopula,MLP,AUG,A_hops_woody,0.05290180444717407,0.38172872067334007
1,1,GaussianCopula,MLP,AUG,A_esters_all,-0.0809551477432251,0.6971428172635797
1,1,GaussianCopula,MLP,AUG,A_esters_ethac,-0.6373146772384644,0.6335953473730683
1,1,GaussianCopula,MLP,AUG,A_esters_isoaa,-0.34481751918792725,0.6232265584020684
1,1,GaussianCopula,MLP,AUG,A_esters_flower,0.055672645568847656,0.42032756282093386
1,1,GaussianCopula,MLP,AUG,A_esters_fruity,-0.20212554931640625,0.6298210646060342
1,1,GaussianCopula,MLP,AUG,F_malt_all,0.0887635350227356,0.751706645252024
1,1,GaussianCopula,MLP,AUG,F_malt_grain,-0.02721703052520752,0.4707923899490081
1,1,GaussianCopula,MLP,AUG,F_malt_bread,-0.8725787401199341,0.5810278365398536
1,1,GaussianCopula,MLP,AUG,F_malt_cara,-0.7686821222305298,0.7242208503437552
1,1,GaussianCopula,MLP,AUG,F_malt_burn,0.2825305461883545,0.7399752120428537
1,1,GaussianCopula,MLP,AUG,F_hops_all,0.05354750156402588,0.6155517728213432
1,1,GaussianCopula,MLP,AUG,F_hops_citrus,-0.10717833042144775,0.4276986128954707
1,1,GaussianCopula,MLP,AUG,F_hops_tropical,-1.8369066715240479,0.6153180988806805
1,1,GaussianCopula,MLP,AUG,F_hops_noble,-0.3197423219680786,0.5863781607141575
1,1,GaussianCopula,MLP,AUG,F_hops_woody,0.1543903946876526,0.48487036508723336
1,1,GaussianCopula,MLP,AUG,F_esters_all,-0.4754788875579834,0.7342038868343227
1,1,GaussianCopula,MLP,AUG,F_esters_ethac,-0.835559606552124,0.6206294309490569
1,1,GaussianCopula,MLP,AUG,F_esters_isoaa,-0.516477108001709,0.7687534719869472
1,1,GaussianCopula,MLP,AUG,F_esters_flower,0.056216418743133545,0.3592763848381383
1,1,GaussianCopula,MLP,AUG,F_esters_fruity,-0.23066234588623047,0.6110223852636447
1,1,GaussianCopula,MLP,AUG,acidity,0.5463141202926636,0.6382908749175696
1,1,GaussianCopula,MLP,AUG,bitternes,0.1034957766532898,0.656075408962631
1,1,GaussianCopula,MLP,AUG,sweetness,-0.6357302665710449,0.8311457331953328
1,1,GaussianCopula,MLP,AUG,X4vg,0.08231461048126221,0.7952698267072413
1,1,GaussianCopula,MLP,AUG,diacetyl,-0.21606814861297607,0.6938004501144476
1,1,GaussianCopula,MLP,AUG,dms,0.05231279134750366,0.4636058512909226
1,1,GaussianCopula,MLP,AUG,metallic,0.0453987717628479,0.5031206083402233
1,1,GaussianCopula,MLP,AUG,stale_hops,0.052790701389312744,0.3851532315025668
1,1,GaussianCopula,MLP,AUG,t2n,-0.01837027072906494,0.4428584255774551
1,1,GaussianCopula,MLP,AUG,orange,0.1437501311302185,0.8143052440287538
1,1,GaussianCopula,MLP,AUG,coriander,-0.12406980991363525,0.36434796319703455
1,1,GaussianCopula,MLP,AUG,clove,0.17686456441879272,0.32905148088312963
1,1,GaussianCopula,MLP,AUG,lactic,0.5332459807395935,0.5607173806565859
1,1,GaussianCopula,MLP,AUG,acetic,0.5756762027740479,0.4402608272860908
1,1,GaussianCopula,MLP,AUG,barnyard,-0.046009063720703125,0.4069618261076798
1,1,GaussianCopula,MLP,AUG,alcohol,0.054669201374053955,0.6750297998985212
1,1,GaussianCopula,MLP,AUG,aftertaste,0.38658177852630615,0.5134249191460948
1,1,GaussianCopula,MLP,AUG,body,0.18938177824020386,0.5590569769563578
1,1,GaussianCopula,MLP,AUG,co2,-0.07515597343444824,0.646662753755326
1,1,GaussianCopula,MLP,AUG,overall,-0.4490835666656494,0.6848606250449791
1,1,VAE,GBDT,TSTR,A_malt_all,-0.0712658166885376,0.9126930084950455
1,1,VAE,GBDT,TSTR,A_malt_grain,-0.02666473388671875,0.5583462466933885
1,1,VAE,GBDT,TSTR,A_malt_bread,-0.011445045471191406,0.47594717042231943
1,1,VAE,GBDT,TSTR,A_malt_cara,-0.027878761291503906,0.7076508141576499
1,1,VAE,GBDT,TSTR,A_malt_burn,-0.05448007583618164,0.9521865915332313
1,1,VAE,GBDT,TSTR,A_hops_all,0.009597957134246826,0.5845739138282298
1,1,VAE,GBDT,TSTR,A_hops_citrus,-0.008926630020141602,0.5432588364961656
1,1,VAE,GBDT,TSTR,A_hops_tropical,-0.0123213529586792,0.3882490762624664
1,1,VAE,GBDT,TSTR,A_hops_noble,0.00847768783569336,0.5169432290836328
1,1,VAE,GBDT,TSTR,A_hops_woody,0.018123149871826172,0.38867430949766574
1,1,VAE,GBDT,TSTR,A_esters_all,-0.056925177574157715,0.6893504339148571
1,1,VAE,GBDT,TSTR,A_esters_ethac,-0.019109725952148438,0.4998691953983578
1,1,VAE,GBDT,TSTR,A_esters_isoaa,-0.031477928161621094,0.5458134566272148
1,1,VAE,GBDT,TSTR,A_esters_flower,-0.005404233932495117,0.43370750584619466
1,1,VAE,GBDT,TSTR,A_esters_fruity,-0.007766366004943848,0.5766631278947433
1,1,VAE,GBDT,TSTR,F_malt_all,0.00592494010925293,0.7851315394825976
1,1,VAE,GBDT,TSTR,F_malt_grain,-0.06443393230438232,0.4792450930503883
1,1,VAE,GBDT,TSTR,F_malt_bread,0.01153862476348877,0.42214023235130665
1,1,VAE,GBDT,TSTR,F_malt_cara,-0.004291176795959473,0.5457276433680852
1,1,VAE,GBDT,TSTR,F_malt_burn,-0.03267824649810791,0.8877649059650263
1,1,VAE,GBDT,TSTR,F_hops_all,-0.012729287147521973,0.6367396017767467
1,1,VAE,GBDT,TSTR,F_hops_citrus,-0.0002783536911010742,0.40652707628043994
1,1,VAE,GBDT,TSTR,F_hops_tropical,-0.004501938819885254,0.3661445455768164
1,1,VAE,GBDT,TSTR,F_hops_noble,-0.035119056701660156,0.5193119877073447
1,1,VAE,GBDT,TSTR,F_hops_woody,-0.011428475379943848,0.5302836942295491
1,1,VAE,GBDT,TSTR,F_esters_all,-0.03749990463256836,0.6156646192940357
1,1,VAE,GBDT,TSTR,F_esters_ethac,0.02707284688949585,0.4518437522752576
1,1,VAE,GBDT,TSTR,F_esters_isoaa,-0.03768479824066162,0.6359191038952909
1,1,VAE,GBDT,TSTR,F_esters_flower,0.01199418306350708,0.3675972296100863
1,1,VAE,GBDT,TSTR,F_esters_fruity,-0.001595616340637207,0.5512313086180234
1,1,VAE,GBDT,TSTR,acidity,-0.029025793075561523,0.9612893491610714
1,1,VAE,GBDT,TSTR,bitternes,0.0023935437202453613,0.6920814665444415
1,1,VAE,GBDT,TSTR,sweetness,-0.006499528884887695,0.6519707395666491
1,1,VAE,GBDT,TSTR,X4vg,-0.022867798805236816,0.8396094771701307
1,1,VAE,GBDT,TSTR,diacetyl,-0.004436135292053223,0.6305459723278849
1,1,VAE,GBDT,TSTR,dms,-0.03046393394470215,0.48342909282236624
1,1,VAE,GBDT,TSTR,metallic,0.007172524929046631,0.5130952564870013
1,1,VAE,GBDT,TSTR,stale_hops,-0.02074909210205078,0.3998251107967015
1,1,VAE,GBDT,TSTR,t2n,-0.06093764305114746,0.4520193125694273
1,1,VAE,GBDT,TSTR,orange,-0.02744126319885254,0.8920012765734138
1,1,VAE,GBDT,TSTR,coriander,-0.010073065757751465,0.3453791226117848
1,1,VAE,GBDT,TSTR,clove,0.009507179260253906,0.3609556598140856
1,1,VAE,GBDT,TSTR,lactic,0.0005499124526977539,0.8205036848800271
1,1,VAE,GBDT,TSTR,acetic,-0.009717822074890137,0.6791431615034563
1,1,VAE,GBDT,TSTR,barnyard,-0.02674281597137451,0.40319652366445186
1,1,VAE,GBDT,TSTR,alcohol,0.012105226516723633,0.6900592765363129
1,1,VAE,GBDT,TSTR,aftertaste,0.0004620552062988281,0.6553876524305442
1,1,VAE,GBDT,TSTR,body,0.009004175662994385,0.6181356655546832
1,1,VAE,GBDT,TSTR,co2,-0.027204513549804688,0.6320778385150672
1,1,VAE,GBDT,TSTR,overall,-0.06850683689117432,0.5880904507598449
1,1,VAE,GBDT,AUG,A_malt_all,0.3991151452064514,0.6835522666333268
1,1,VAE,GBDT,AUG,A_malt_grain,0.07084232568740845,0.5311705585995877
1,1,VAE,GBDT,AUG,A_malt_bread,0.10484099388122559,0.44775217569696923
1,1,VAE,GBDT,AUG,A_malt_cara,0.2811313271522522,0.5917971016156358
1,1,VAE,GBDT,AUG,A_malt_burn,0.155775785446167,0.8519846368599995
1,1,VAE,GBDT,AUG,A_hops_all,0.2808848023414612,0.49811875067778977
1,1,VAE,GBDT,AUG,A_hops_citrus,0.1413143277168274,0.5011804474404468
1,1,VAE,GBDT,AUG,A_hops_tropical,-0.1647031307220459,0.41644614066168734
1,1,VAE,GBDT,AUG,A_hops_noble,0.13493287563323975,0.4828547493186251
1,1,VAE,GBDT,AUG,A_hops_woody,0.09131407737731934,0.37390754438049495
1,1,VAE,GBDT,AUG,A_esters_all,-0.051331162452697754,0.6875237114025174
1,1,VAE,GBDT,AUG,A_esters_ethac,-0.052225708961486816,0.507925901222096
1,1,VAE,GBDT,AUG,A_esters_isoaa,-0.09822976589202881,0.5631977098712364
1,1,VAE,GBDT,AUG,A_esters_flower,0.08033967018127441,0.41480149594508975
1,1,VAE,GBDT,AUG,A_esters_fruity,0.055584490299224854,0.5582436751738961
1,1,VAE,GBDT,AUG,F_malt_all,0.40689539909362793,0.6064548706677452
1,1,VAE,GBDT,AUG,F_malt_grain,-0.024347782135009766,0.4701344073651884
1,1,VAE,GBDT,AUG,F_malt_bread,0.23346209526062012,0.3717437672865383
1,1,VAE,GBDT,AUG,F_malt_cara,0.13560038805007935,0.5062947112225178
1,1,VAE,GBDT,AUG,F_malt_burn,0.34972286224365234,0.7044735585862409
1,1,VAE,GBDT,AUG,F_hops_all,0.4379270076751709,0.47436380508843634
1,1,VAE,GBDT,AUG,F_hops_citrus,0.0139998197555542,0.403615238711975
1,1,VAE,GBDT,AUG,F_hops_tropical,0.06070429086685181,0.35406121151884123
1,1,VAE,GBDT,AUG,F_hops_noble,0.1708948016166687,0.4647699345555442
1,1,VAE,GBDT,AUG,F_hops_woody,0.1331225037574768,0.4909299801566831
1,1,VAE,GBDT,AUG,F_esters_all,0.05771118402481079,0.5867352713177572
1,1,VAE,GBDT,AUG,F_esters_ethac,0.06610161066055298,0.44268818603746835
1,1,VAE,GBDT,AUG,F_esters_isoaa,-0.0017000436782836914,0.6247956895672234
1,1,VAE,GBDT,AUG,F_esters_flower,0.01913362741470337,0.3662666583585501
1,1,VAE,GBDT,AUG,F_esters_fruity,-0.026999235153198242,0.5581780333915936
1,1,VAE,GBDT,AUG,acidity,0.7290849685668945,0.4932391723240965
1,1,VAE,GBDT,AUG,bitternes,0.5732980966567993,0.4526264308842563
1,1,VAE,GBDT,AUG,sweetness,0.08191651105880737,0.6226764163553107
1,1,VAE,GBDT,AUG,X4vg,0.307761549949646,0.6907095119499016
1,1,VAE,GBDT,AUG,diacetyl,-0.03522074222564697,0.6401357643475317
1,1,VAE,GBDT,AUG,dms,0.09682148694992065,0.45258815797062646
1,1,VAE,GBDT,AUG,metallic,0.003945291042327881,0.5139285124575443
1,1,VAE,GBDT,AUG,stale_hops,0.11579692363739014,0.3721230537099687
1,1,VAE,GBDT,AUG,t2n,0.12061882019042969,0.4115291868440987
1,1,VAE,GBDT,AUG,orange,0.11034256219863892,0.8300387743430073
1,1,VAE,GBDT,AUG,coriander,0.22996532917022705,0.3015607665807683
1,1,VAE,GBDT,AUG,clove,0.28446370363235474,0.3067919971028744
1,1,VAE,GBDT,AUG,lactic,0.43446576595306396,0.6172049797576642
1,1,VAE,GBDT,AUG,acetic,0.5704793930053711,0.4429485753761718
1,1,VAE,GBDT,AUG,barnyard,0.10020315647125244,0.3774489270012466
1,1,VAE,GBDT,AUG,alcohol,0.6190804839134216,0.4284968786737984
1,1,VAE,GBDT,AUG,aftertaste,0.4998081922531128,0.46362503959303847
1,1,VAE,GBDT,AUG,body,0.5178521871566772,0.43115954970907927
1,1,VAE,GBDT,AUG,co2,0.29101264476776123,0.5251233864159913
1,1,VAE,GBDT,AUG,overall,-0.07848930358886719,0.5908311574902125
1,1,VAE,MLP,TSTR,A_malt_all,-0.5182235240936279,1.0865355566906516
1,1,VAE,MLP,TSTR,A_malt_grain,-0.2275470495223999,0.6105319069499904
1,1,VAE,MLP,TSTR,A_malt_bread,-1.0957510471343994,0.6851055322229125
1,1,VAE,MLP,TSTR,A_malt_cara,-0.6515922546386719,0.8970144861193452
1,1,VAE,MLP,TSTR,A_malt_burn,-0.27632880210876465,1.0475726863069281
1,1,VAE,MLP,TSTR,A_hops_all,-0.8077596426010132,0.7897760922576692
1,1,VAE,MLP,TSTR,A_hops_citrus,-0.279025673866272,0.6116692319585796
1,1,VAE,MLP,TSTR,A_hops_tropical,-2.7881925106048584,0.7510471980455133
1,1,VAE,MLP,TSTR,A_hops_noble,-0.6435692310333252,0.6655575471826848
1,1,VAE,MLP,TSTR,A_hops_woody,-0.46604132652282715,0.474930909427457
1,1,VAE,MLP,TSTR,A_esters_all,-0.27513110637664795,0.7571734063650932
1,1,VAE,MLP,TSTR,A_esters_ethac,-0.955382227897644,0.6924074327317852
1,1,VAE,MLP,TSTR,A_esters_isoaa,-0.4161597490310669,0.6395439470281011
1,1,VAE,MLP,TSTR,A_esters_flower,-0.4625084400177002,0.523089221838348
1,1,VAE,MLP,TSTR,A_esters_fruity,-0.5359573364257812,0.7119210534609377
1,1,VAE,MLP,TSTR,F_malt_all,-0.36383354663848877,0.9196308104774972
1,1,VAE,MLP,TSTR,F_malt_grain,-0.46635496616363525,0.5624939865214721
1,1,VAE,MLP,TSTR,F_malt_bread,-1.2492561340332031,0.6367901955054052
1,1,VAE,MLP,TSTR,F_malt_cara,-1.1567647457122803,0.7997375758220518
1,1,VAE,MLP,TSTR,F_malt_burn,-0.2761310338973999,0.9868771375327369
1,1,VAE,MLP,TSTR,F_hops_all,-0.5587890148162842,0.789966782704494
1,1,VAE,MLP,TSTR,F_hops_citrus,-0.6356302499771118,0.5198422985096771
1,1,VAE,MLP,TSTR,F_hops_tropical,-2.0909531116485596,0.6422784912543089
1,1,VAE,MLP,TSTR,F_hops_noble,-0.9836459159851074,0.7188946951468387
1,1,VAE,MLP,TSTR,F_hops_woody,-0.489841103553772,0.6435920345601195
1,1,VAE,MLP,TSTR,F_esters_all,-0.6034462451934814,0.7653804699959137
1,1,VAE,MLP,TSTR,F_esters_ethac,-0.780005931854248,0.6111655217088818
1,1,VAE,MLP,TSTR,F_esters_isoaa,-0.8710376024246216,0.8539067120912912
1,1,VAE,MLP,TSTR,F_esters_flower,-0.8526806831359863,0.503376290254571
1,1,VAE,MLP,TSTR,F_esters_fruity,-0.5487065315246582,0.6854444030514292
1,1,VAE,MLP,TSTR,acidity,0.06054872274398804,0.9184978177932956
1,1,VAE,MLP,TSTR,bitternes,-0.6378809213638306,0.8867858659660622
1,1,VAE,MLP,TSTR,sweetness,-1.206866979598999,0.965404702646021
1,1,VAE,MLP,TSTR,X4vg,-0.6777156591415405,1.0752928756257907
1,1,VAE,MLP,TSTR,diacetyl,-0.9024901390075684,0.8677943400377549
1,1,VAE,MLP,TSTR,dms,-0.8610764741897583,0.6496785249223183
1,1,VAE,MLP,TSTR,metallic,-1.0775649547576904,0.7422298620080494
1,1,VAE,MLP,TSTR,stale_hops,-1.1449365615844727,0.57958588442137
1,1,VAE,MLP,TSTR,t2n,-0.7558349370956421,0.5815056084996276
1,1,VAE,MLP,TSTR,orange,-0.34298527240753174,1.0198177943456077
1,1,VAE,MLP,TSTR,coriander,-1.0321807861328125,0.4898925896835364
1,1,VAE,MLP,TSTR,clove,-0.08537042140960693,0.377848042188052
1,1,VAE,MLP,TSTR,lactic,0.20458495616912842,0.7319760606087407
1,1,VAE,MLP,TSTR,acetic,0.06537288427352905,0.6534020753340607
1,1,VAE,MLP,TSTR,barnyard,-1.0843145847320557,0.5744703092148745
1,1,VAE,MLP,TSTR,alcohol,-0.599410891532898,0.8780334547116789
1,1,VAE,MLP,TSTR,aftertaste,-0.1685502529144287,0.7086345135152285
1,1,VAE,MLP,TSTR,body,-0.4127023220062256,0.7380286294170456
1,1,VAE,MLP,TSTR,co2,-0.27391886711120605,0.7039032973080435
1,1,VAE,MLP,TSTR,overall,-0.5609869956970215,0.7108126100945763
1,1,VAE,MLP,AUG,A_malt_all,0.22326505184173584,0.7771636907706106
1,1,VAE,MLP,AUG,A_malt_grain,0.11348557472229004,0.5188384922797177
1,1,VAE,MLP,AUG,A_malt_bread,0.0560758113861084,0.45978644882142966
1,1,VAE,MLP,AUG,A_malt_cara,-0.13410818576812744,0.7433191205349492
1,1,VAE,MLP,AUG,A_malt_burn,0.13851046562194824,0.8606525981303833
1,1,VAE,MLP,AUG,A_hops_all,-0.15410363674163818,0.6310387937905007
1,1,VAE,MLP,AUG,A_hops_citrus,-0.36527812480926514,0.6319570764273548
1,1,VAE,MLP,AUG,A_hops_tropical,-1.15675687789917,0.5666981701181357
1,1,VAE,MLP,AUG,A_hops_noble,-0.0202484130859375,0.5243781164483635
1,1,VAE,MLP,AUG,A_hops_woody,0.08403253555297852,0.37540267146983497
1,1,VAE,MLP,AUG,A_esters_all,-0.16927599906921387,0.725064158067237
1,1,VAE,MLP,AUG,A_esters_ethac,-0.18612730503082275,0.5392765781076211
1,1,VAE,MLP,AUG,A_esters_isoaa,-0.0862271785736084,0.5601116444639127
1,1,VAE,MLP,AUG,A_esters_flower,0.18418020009994507,0.390682292551411
1,1,VAE,MLP,AUG,A_esters_fruity,0.03251051902770996,0.565022033371502
1,1,VAE,MLP,AUG,F_malt_all,0.34466928243637085,0.6374749216121028
1,1,VAE,MLP,AUG,F_malt_grain,0.11184537410736084,0.43776660697716047
1,1,VAE,MLP,AUG,F_malt_bread,-0.05075967311859131,0.4352397776898164
1,1,VAE,MLP,AUG,F_malt_cara,-0.1983276605606079,0.5961203192992853
1,1,VAE,MLP,AUG,F_malt_burn,0.207475483417511,0.7777173855208157
1,1,VAE,MLP,AUG,F_hops_all,0.12482482194900513,0.5919195369088931
1,1,VAE,MLP,AUG,F_hops_citrus,-0.30700182914733887,0.4646940871940988
1,1,VAE,MLP,AUG,F_hops_tropical,-0.8893224000930786,0.5021462273150322
1,1,VAE,MLP,AUG,F_hops_noble,-0.05854511260986328,0.5251554508764968
1,1,VAE,MLP,AUG,F_hops_woody,0.17694395780563354,0.47836058304201307
1,1,VAE,MLP,AUG,F_esters_all,-0.3411898612976074,0.6999956215994007
1,1,VAE,MLP,AUG,F_esters_ethac,-0.31125497817993164,0.5245558051667584
1,1,VAE,MLP,AUG,F_esters_isoaa,-0.16264688968658447,0.6731208959824493
1,1,VAE,MLP,AUG,F_esters_flower,-0.09954833984375,0.38779271437272295
1,1,VAE,MLP,AUG,F_esters_fruity,0.022801578044891357,0.544476371418845
1,1,VAE,MLP,AUG,acidity,0.6097908616065979,0.5919563909397499
1,1,VAE,MLP,AUG,bitternes,0.43135887384414673,0.5225125581427691
1,1,VAE,MLP,AUG,sweetness,-0.35065460205078125,0.7552547747484113
1,1,VAE,MLP,AUG,X4vg,-0.025898337364196777,0.8408523535743208
1,1,VAE,MLP,AUG,diacetyl,-0.010668754577636719,0.6324992640871735
1,1,VAE,MLP,AUG,dms,0.09787672758102417,0.45232369834718095
1,1,VAE,MLP,AUG,metallic,0.056287288665771484,0.5002430086881715
1,1,VAE,MLP,AUG,stale_hops,0.062410831451416016,0.38319237992429267
1,1,VAE,MLP,AUG,t2n,-0.008519172668457031,0.4407112422710181
1,1,VAE,MLP,AUG,orange,0.09818476438522339,0.8356910770172237
1,1,VAE,MLP,AUG,coriander,-0.05469775199890137,0.3529260366026156
1,1,VAE,MLP,AUG,clove,-0.07592642307281494,0.37620060178215775
1,1,VAE,MLP,AUG,lactic,0.4760948419570923,0.5940545455504417
1,1,VAE,MLP,AUG,acetic,0.5940908193588257,0.43060174261884226
1,1,VAE,MLP,AUG,barnyard,0.018677890300750732,0.39417741979941484
1,1,VAE,MLP,AUG,alcohol,0.38528144359588623,0.5443386936015314
1,1,VAE,MLP,AUG,aftertaste,0.5661625862121582,0.4317795887953986
1,1,VAE,MLP,AUG,body,0.5125846862792969,0.43350837485595534
1,1,VAE,MLP,AUG,co2,0.22588109970092773,0.5487138894002325
1,1,VAE,MLP,AUG,overall,-0.2188040018081665,0.6280907740211902
1,1,CTGAN,GBDT,TSTR,A_malt_all,-0.4758412837982178,1.0712625227277455
1,1,CTGAN,GBDT,TSTR,A_malt_grain,-0.6790916919708252,0.7140465131510099
1,1,CTGAN,GBDT,TSTR,A_malt_bread,-0.8405865430831909,0.6420454002635071
1,1,CTGAN,GBDT,TSTR,A_malt_cara,-0.2227778434753418,0.7718303049714969
1,1,CTGAN,GBDT,TSTR,A_malt_burn,0.10529738664627075,0.8770860940764434
1,1,CTGAN,GBDT,TSTR,A_hops_all,-2.1413559913635254,1.041099444766946
1,1,CTGAN,GBDT,TSTR,A_hops_citrus,-0.36573851108551025,0.632063599125244
1,1,CTGAN,GBDT,TSTR,A_hops_tropical,-0.9862730503082275,0.5438394494857987
1,1,CTGAN,GBDT,TSTR,A_hops_noble,-0.2995772361755371,0.5918241186134519
1,1,CTGAN,GBDT,TSTR,A_hops_woody,-0.0830085277557373,0.4082002594039575
1,1,CTGAN,GBDT,TSTR,A_esters_all,-0.6859047412872314,0.870631621391054
1,1,CTGAN,GBDT,TSTR,A_esters_ethac,-0.10488760471343994,0.5204810731471655
1,1,CTGAN,GBDT,TSTR,A_esters_isoaa,-0.5188729763031006,0.6623308604633735
1,1,CTGAN,GBDT,TSTR,A_esters_flower,-0.8038426637649536,0.5809328352159643
1,1,CTGAN,GBDT,TSTR,A_esters_fruity,-0.10401022434234619,0.6035716206767147
1,1,CTGAN,GBDT,TSTR,F_malt_all,-0.9925243854522705,1.1115644636075166
1,1,CTGAN,GBDT,TSTR,F_malt_grain,-1.1261568069458008,0.6773232304017964
1,1,CTGAN,GBDT,TSTR,F_malt_bread,-0.28267884254455566,0.4808790424455652
1,1,CTGAN,GBDT,TSTR,F_malt_cara,-0.7776346206665039,0.7260513969072215
1,1,CTGAN,GBDT,TSTR,F_malt_burn,0.0032863616943359375,0.8721690020620768
1,1,CTGAN,GBDT,TSTR,F_hops_all,-0.21104347705841064,0.696297836783447
1,1,CTGAN,GBDT,TSTR,F_hops_citrus,-0.7692437171936035,0.5406583026044218
1,1,CTGAN,GBDT,TSTR,F_hops_tropical,-4.7476630210876465,0.8758360410866831
1,1,CTGAN,GBDT,TSTR,F_hops_noble,-1.9810919761657715,0.8812941601016845
1,1,CTGAN,GBDT,TSTR,F_hops_woody,0.014766454696655273,0.5233717635140979
1,1,CTGAN,GBDT,TSTR,F_esters_all,-0.44187188148498535,0.725794232173317
1,1,CTGAN,GBDT,TSTR,F_esters_ethac,-0.8838422298431396,0.628738973418483
1,1,CTGAN,GBDT,TSTR,F_esters_isoaa,-0.7627489566802979,0.8288279734620452
1,1,CTGAN,GBDT,TSTR,F_esters_flower,-1.144007921218872,0.5415089970754415
1,1,CTGAN,GBDT,TSTR,F_esters_fruity,-0.32520341873168945,0.6340579269342032
1,1,CTGAN,GBDT,TSTR,acidity,0.07512980699539185,0.9113420285089393
1,1,CTGAN,GBDT,TSTR,bitternes,-1.0583171844482422,0.9941083981549784
1,1,CTGAN,GBDT,TSTR,sweetness,-0.4220210313796997,0.7749511857195316
1,1,CTGAN,GBDT,TSTR,X4vg,-0.04996359348297119,0.8506574458339505
1,1,CTGAN,GBDT,TSTR,diacetyl,-0.33835136890411377,0.727847982273029
1,1,CTGAN,GBDT,TSTR,dms,-0.2998884916305542,0.5429620262113894
1,1,CTGAN,GBDT,TSTR,metallic,-0.30002105236053467,0.5871327733740864
1,1,CTGAN,GBDT,TSTR,stale_hops,-0.04067885875701904,0.40370946403127483
1,1,CTGAN,GBDT,TSTR,t2n,-0.11370837688446045,0.4631245500868698
1,1,CTGAN,GBDT,TSTR,orange,-0.09320151805877686,0.9201043468365615
1,1,CTGAN,GBDT,TSTR,coriander,-0.08654189109802246,0.35821430767079904
1,1,CTGAN,GBDT,TSTR,clove,-0.12012624740600586,0.38385013162397735
1,1,CTGAN,GBDT,TSTR,lactic,-0.13515162467956543,0.8744337429467329
1,1,CTGAN,GBDT,TSTR,acetic,-0.3006935119628906,0.7708126185615118
1,1,CTGAN,GBDT,TSTR,barnyard,-0.02833104133605957,0.40350825108218824
1,1,CTGAN,GBDT,TSTR,alcohol,-2.5282700061798096,1.304103195100282
1,1,CTGAN,GBDT,TSTR,aftertaste,-0.1534053087234497,0.704027423315042
1,1,CTGAN,GBDT,TSTR,body,-0.030618906021118164,0.6303720629364766
1,1,CTGAN,GBDT,TSTR,co2,-0.263502836227417,0.7010197168875082
1,1,CTGAN,GBDT,TSTR,overall,0.020557701587677002,0.5630473282114711
1,1,CTGAN,GBDT,AUG,A_malt_all,0.17238110303878784,0.8022159285164913
1,1,CTGAN,GBDT,AUG,A_malt_grain,-0.010029911994934082,0.5538044199671069
1,1,CTGAN,GBDT,AUG,A_malt_bread,0.09959858655929565,0.4490613744637992
1,1,CTGAN,GBDT,AUG,A_malt_cara,0.13882720470428467,0.6477287739640503
1,1,CTGAN,GBDT,AUG,A_malt_burn,0.11727190017700195,0.8711969630929334
1,1,CTGAN,GBDT,AUG,A_hops_all,0.09679263830184937,0.5582482663395463
1,1,CTGAN,GBDT,AUG,A_hops_citrus,0.05770063400268555,0.5250146931908227
1,1,CTGAN,GBDT,AUG,A_hops_tropical,-0.3930469751358032,0.4554430762983871
1,1,CTGAN,GBDT,AUG,A_hops_noble,0.14542019367218018,0.4799189794975615
1,1,CTGAN,GBDT,AUG,A_hops_woody,0.16255450248718262,0.35895136036947856
1,1,CTGAN,GBDT,AUG,A_esters_all,-0.01774120330810547,0.676451378345911
1,1,CTGAN,GBDT,AUG,A_esters_ethac,-0.10731375217437744,0.5210522064623501
1,1,CTGAN,GBDT,AUG,A_esters_isoaa,-0.20933794975280762,0.5910008430523354
1,1,CTGAN,GBDT,AUG,A_esters_flower,0.0046234130859375,0.43153923880766526
1,1,CTGAN,GBDT,AUG,A_esters_fruity,0.029921412467956543,0.5657775546724656
1,1,CTGAN,GBDT,AUG,F_malt_all,0.3657686710357666,0.6271286953290097
1,1,CTGAN,GBDT,AUG,F_malt_grain,0.020226120948791504,0.4597918448673255
1,1,CTGAN,GBDT,AUG,F_malt_bread,0.011665582656860352,0.42211312178848626
1,1,CTGAN,GBDT,AUG,F_malt_cara,-0.05800437927246094,0.5601313310132147
1,1,CTGAN,GBDT,AUG,F_malt_burn,0.3746333122253418,0.6908484973286221
1,1,CTGAN,GBDT,AUG,F_hops_all,0.354061484336853,0.5085232089531023
1,1,CTGAN,GBDT,AUG,F_hops_citrus,-0.012846231460571289,0.40907298952529597
1,1,CTGAN,GBDT,AUG,F_hops_tropical,-0.4483804702758789,0.43966156148959207
1,1,CTGAN,GBDT,AUG,F_hops_noble,0.012402236461639404,0.5072514001686922
1,1,CTGAN,GBDT,AUG,F_hops_woody,0.13799774646759033,0.4895475523298288
1,1,CTGAN,GBDT,AUG,F_esters_all,-0.05820012092590332,0.6217761819048847
1,1,CTGAN,GBDT,AUG,F_esters_ethac,-0.14768409729003906,0.4907488611920319
1,1,CTGAN,GBDT,AUG,F_esters_isoaa,-2.1696090698242188e-05,0.6242720417673208
1,1,CTGAN,GBDT,AUG,F_esters_flower,0.024808883666992188,0.3652055290377085
1,1,CTGAN,GBDT,AUG,F_esters_fruity,0.0447307825088501,0.5383324586292322
1,1,CTGAN,GBDT,AUG,acidity,0.6221113801002502,0.5825361839401859
1,1,CTGAN,GBDT,AUG,bitternes,0.49232327938079834,0.49370917984469787
1,1,CTGAN,GBDT,AUG,sweetness,0.27898091077804565,0.551816548959868
1,1,CTGAN,GBDT,AUG,X4vg,0.28715991973876953,0.7009122362486262
1,1,CTGAN,GBDT,AUG,diacetyl,0.046983420848846436,0.6141943724459231
1,1,CTGAN,GBDT,AUG,dms,-0.11758208274841309,0.503449728525399
1,1,CTGAN,GBDT,AUG,metallic,-0.05364429950714111,0.5285768573530069
1,1,CTGAN,GBDT,AUG,stale_hops,0.010977566242218018,0.3935624304073636
1,1,CTGAN,GBDT,AUG,t2n,0.07235407829284668,0.4226717136959938
1,1,CTGAN,GBDT,AUG,orange,0.19913309812545776,0.7875300719559376
1,1,CTGAN,GBDT,AUG,coriander,0.11540478467941284,0.323215356733178
1,1,CTGAN,GBDT,AUG,clove,0.19668376445770264,0.3250659421816638
1,1,CTGAN,GBDT,AUG,lactic,0.31347501277923584,0.6800301444510654
1,1,CTGAN,GBDT,AUG,acetic,0.4433937668800354,0.5042377534777797
1,1,CTGAN,GBDT,AUG,barnyard,0.12021362781524658,0.37322829862950224
1,1,CTGAN,GBDT,AUG,alcohol,0.5442767143249512,0.46868567025315433
1,1,CTGAN,GBDT,AUG,aftertaste,0.42029422521591187,0.4991170716949323
1,1,CTGAN,GBDT,AUG,body,0.503236711025238,0.43764568355597266
1,1,CTGAN,GBDT,AUG,co2,0.24085021018981934,0.5433827749625835
1,1,CTGAN,GBDT,AUG,overall,-0.09519457817077637,0.595389411743834
1,1,CTGAN,MLP,TSTR,A_malt_all,-0.6139810085296631,1.1202766551051995
1,1,CTGAN,MLP,TSTR,A_malt_grain,-0.5626037120819092,0.688832638693194
1,1,CTGAN,MLP,TSTR,A_malt_bread,-0.9018741846084595,0.6526472333705802
1,1,CTGAN,MLP,TSTR,A_malt_cara,-0.29387593269348145,0.7939522192773072
1,1,CTGAN,MLP,TSTR,A_malt_burn,-0.1277163028717041,0.9846974102212835
1,1,CTGAN,MLP,TSTR,A_hops_all,-1.2501444816589355,0.8811276993533622
1,1,CTGAN,MLP,TSTR,A_hops_citrus,-0.33699655532836914,0.6253773503797863
1,1,CTGAN,MLP,TSTR,A_hops_tropical,-0.7536221742630005,0.5109980509397957
1,1,CTGAN,MLP,TSTR,A_hops_noble,-0.23728513717651367,0.5774660995160813
1,1,CTGAN,MLP,TSTR,A_hops_woody,-0.11927294731140137,0.4149782383050395
1,1,CTGAN,MLP,TSTR,A_esters_all,-0.8648144006729126,0.9156631084232283
1,1,CTGAN,MLP,TSTR,A_esters_ethac,0.1183817982673645,0.46492849907749856
1,1,CTGAN,MLP,TSTR,A_esters_isoaa,-0.6774773597717285,0.6960534637472955
1,1,CTGAN,MLP,TSTR,A_esters_flower,-0.28160810470581055,0.48967079808442265
1,1,CTGAN,MLP,TSTR,A_esters_fruity,-0.19044876098632812,0.6267547055765083
1,1,CTGAN,MLP,TSTR,F_malt_all,-0.9916117191314697,1.1113098893906994
1,1,CTGAN,MLP,TSTR,F_malt_grain,-0.6740790605545044,0.6010164036281496
1,1,CTGAN,MLP,TSTR,F_malt_bread,-0.5515439510345459,0.5288821915038634
1,1,CTGAN,MLP,TSTR,F_malt_cara,-0.27817392349243164,0.6156602142641633
1,1,CTGAN,MLP,TSTR,F_malt_burn,-0.06580352783203125,0.9018909589871555
1,1,CTGAN,MLP,TSTR,F_hops_all,-0.4915839433670044,0.7727500094929315
1,1,CTGAN,MLP,TSTR,F_hops_citrus,-0.8130747079849243,0.5473144128305782
1,1,CTGAN,MLP,TSTR,F_hops_tropical,-3.117953300476074,0.7413407565132303
1,1,CTGAN,MLP,TSTR,F_hops_noble,-1.8698499202728271,0.8646947068940134
1,1,CTGAN,MLP,TSTR,F_hops_woody,-0.10219228267669678,0.5535659465650198
1,1,CTGAN,MLP,TSTR,F_esters_all,-0.10463345050811768,0.6352713345739897
1,1,CTGAN,MLP,TSTR,F_esters_ethac,-0.9432692527770996,0.6385789622813046
1,1,CTGAN,MLP,TSTR,F_esters_isoaa,-0.5218008756637573,0.7701016940426296
1,1,CTGAN,MLP,TSTR,F_esters_flower,-1.13169264793396,0.5399515312130017
1,1,CTGAN,MLP,TSTR,F_esters_fruity,-0.4718320369720459,0.6682158788210725
1,1,CTGAN,MLP,TSTR,acidity,0.10513812303543091,0.8964354059146629
1,1,CTGAN,MLP,TSTR,bitternes,-1.8225066661834717,1.164112832434158
1,1,CTGAN,MLP,TSTR,sweetness,-0.8456116914749146,0.8828592878788265
1,1,CTGAN,MLP,TSTR,X4vg,-0.04440867900848389,0.8484042335016144
1,1,CTGAN,MLP,TSTR,diacetyl,-0.3618624210357666,0.7342132633748658
1,1,CTGAN,MLP,TSTR,dms,-0.07676196098327637,0.4941698600956411
1,1,CTGAN,MLP,TSTR,metallic,-0.396315336227417,0.6084891997062973
1,1,CTGAN,MLP,TSTR,stale_hops,-0.15290093421936035,0.42491941108697634
1,1,CTGAN,MLP,TSTR,t2n,-0.02596735954284668,0.44450722212121757
1,1,CTGAN,MLP,TSTR,orange,-0.09317660331726074,0.9200938523665008
1,1,CTGAN,MLP,TSTR,coriander,-0.1059567928314209,0.36140051451674393
1,1,CTGAN,MLP,TSTR,clove,-0.2627040147781372,0.40754820564870925
1,1,CTGAN,MLP,TSTR,lactic,-0.19939935207366943,0.8988389486616922
1,1,CTGAN,MLP,TSTR,acetic,0.04685699939727783,0.6598426028618133
1,1,CTGAN,MLP,TSTR,barnyard,0.06973856687545776,0.3837854127977306
1,1,CTGAN,MLP,TSTR,alcohol,-2.504204750061035,1.299648123582859
1,1,CTGAN,MLP,TSTR,aftertaste,-0.20683395862579346,0.7201490055314936
1,1,CTGAN,MLP,TSTR,body,-0.3963209390640259,0.733737181595412
1,1,CTGAN,MLP,TSTR,co2,-0.5013175010681152,0.7641495871498527
1,1,CTGAN,MLP,TSTR,overall,-0.6412113904953003,0.7288492783567933
1,1,CTGAN,MLP,AUG,A_malt_all,0.11933314800262451,0.8275264880386665
1,1,CTGAN,MLP,AUG,A_malt_grain,0.04495704174041748,0.5385186312807534
1,1,CTGAN,MLP,AUG,A_malt_bread,0.10931366682052612,0.44663218657239157
1,1,CTGAN,MLP,AUG,A_malt_cara,-0.018501639366149902,0.7044155357293396
1,1,CTGAN,MLP,AUG,A_malt_burn,0.011645913124084473,0.9218476501545795
1,1,CTGAN,MLP,AUG,A_hops_all,0.1897020936012268,0.5287568550477135
1,1,CTGAN,MLP,AUG,A_hops_citrus,-0.30650079250335693,0.6182040522508285
1,1,CTGAN,MLP,AUG,A_hops_tropical,-0.436237096786499,0.4624494711879182
1,1,CTGAN,MLP,AUG,A_hops_noble,0.08796381950378418,0.49578986284557425
1,1,CTGAN,MLP,AUG,A_hops_woody,0.10281306505203247,0.371534206606106
1,1,CTGAN,MLP,AUG,A_esters_all,-0.10487127304077148,0.7048127581125788
1,1,CTGAN,MLP,AUG,A_esters_ethac,-0.02064836025238037,0.5002463747033294
1,1,CTGAN,MLP,AUG,A_esters_isoaa,-0.1087106466293335,0.5658787342653621
1,1,CTGAN,MLP,AUG,A_esters_flower,0.17112821340560913,0.3937950630741144
1,1,CTGAN,MLP,AUG,A_esters_fruity,-0.07911121845245361,0.5967265358871658
1,1,CTGAN,MLP,AUG,F_malt_all,0.308363139629364,0.6548953379665625
1,1,CTGAN,MLP,AUG,F_malt_grain,0.2093164324760437,0.41304719350942154
1,1,CTGAN,MLP,AUG,F_malt_bread,0.0272902250289917,0.4187632345129434
1,1,CTGAN,MLP,AUG,F_malt_cara,-0.2548586130142212,0.6100192210421056
1,1,CTGAN,MLP,AUG,F_malt_burn,0.09445405006408691,0.8313247116473359
1,1,CTGAN,MLP,AUG,F_hops_all,0.4128413796424866,0.4848338076881054
1,1,CTGAN,MLP,AUG,F_hops_citrus,-0.13539445400238037,0.43311420763009345
1,1,CTGAN,MLP,AUG,F_hops_tropical,-1.0871808528900146,0.52778519414688
1,1,CTGAN,MLP,AUG,F_hops_noble,-0.1499854326248169,0.5473679636772847
1,1,CTGAN,MLP,AUG,F_hops_woody,0.20475566387176514,0.4702090602689416
1,1,CTGAN,MLP,AUG,F_esters_all,-0.1961371898651123,0.6610596699451662
1,1,CTGAN,MLP,AUG,F_esters_ethac,-0.24611306190490723,0.511360101013293
1,1,CTGAN,MLP,AUG,F_esters_isoaa,-0.13898873329162598,0.6662371985617366
1,1,CTGAN,MLP,AUG,F_esters_flower,-0.09260141849517822,0.3865657465188598
1,1,CTGAN,MLP,AUG,F_esters_fruity,-0.28753066062927246,0.6249804970559376
1,1,CTGAN,MLP,AUG,acidity,0.4785492420196533,0.684301761732129
1,1,CTGAN,MLP,AUG,bitternes,0.36411798000335693,0.5525427442301919
1,1,CTGAN,MLP,AUG,sweetness,-0.36489903926849365,0.759226904662578
1,1,CTGAN,MLP,AUG,X4vg,-0.00987863540649414,0.8342614171587519
1,1,CTGAN,MLP,AUG,diacetyl,-0.06256997585296631,0.648536444778897
1,1,CTGAN,MLP,AUG,dms,0.0857919454574585,0.45534327563373106
1,1,CTGAN,MLP,AUG,metallic,-0.042394042015075684,0.5257473270078035
1,1,CTGAN,MLP,AUG,stale_hops,-0.05256032943725586,0.40600749260349683
1,1,CTGAN,MLP,AUG,t2n,-0.02651035785675049,0.4446248383380981
1,1,CTGAN,MLP,AUG,orange,-0.17390942573547363,0.9534639475007195
1,1,CTGAN,MLP,AUG,coriander,-0.030821800231933594,0.3489084516524992
1,1,CTGAN,MLP,AUG,clove,-0.5789015293121338,0.4557280258891042
1,1,CTGAN,MLP,AUG,lactic,0.2727124094963074,0.6999275195539986
1,1,CTGAN,MLP,AUG,acetic,0.4153363108634949,0.5167903447044955
1,1,CTGAN,MLP,AUG,barnyard,0.08184099197387695,0.38128077351553097
1,1,CTGAN,MLP,AUG,alcohol,0.10979598760604858,0.6550520680749485
1,1,CTGAN,MLP,AUG,aftertaste,0.4345705509185791,0.49293290565625825
1,1,CTGAN,MLP,AUG,body,0.570590078830719,0.40689648028042286
1,1,CTGAN,MLP,AUG,co2,0.27719515562057495,0.5302157713162886
1,1,CTGAN,MLP,AUG,overall,-0.021685242652893066,0.5750611542233132
1,1,TabDDPM,GBDT,TSTR,A_malt_all,0.3776986598968506,0.6956270342280418
1,1,TabDDPM,GBDT,TSTR,A_malt_grain,-0.15668928623199463,0.5926491168654174
1,1,TabDDPM,GBDT,TSTR,A_malt_bread,-0.2305443286895752,0.5249721462944434
1,1,TabDDPM,GBDT,TSTR,A_malt_cara,0.18220865726470947,0.631203383433529
1,1,TabDDPM,GBDT,TSTR,A_malt_burn,0.2681313753128052,0.7932670671037808
1,1,TabDDPM,GBDT,TSTR,A_hops_all,-0.0009006261825561523,0.5876640567600777
1,1,TabDDPM,GBDT,TSTR,A_hops_citrus,-0.13563549518585205,0.5763635090394176
1,1,TabDDPM,GBDT,TSTR,A_hops_tropical,-0.559285044670105,0.48185234583087416
1,1,TabDDPM,GBDT,TSTR,A_hops_noble,-0.16848504543304443,0.5611812975577156
1,1,TabDDPM,GBDT,TSTR,A_hops_woody,-0.09528326988220215,0.41050697953102194
1,1,TabDDPM,GBDT,TSTR,A_esters_all,-0.06553506851196289,0.6921524934549191
1,1,TabDDPM,GBDT,TSTR,A_esters_ethac,-0.17636370658874512,0.5370524705740338
1,1,TabDDPM,GBDT,TSTR,A_esters_isoaa,-0.37398409843444824,0.6299485992852674
1,1,TabDDPM,GBDT,TSTR,A_esters_flower,-0.4380648136138916,0.518699467737084
1,1,TabDDPM,GBDT,TSTR,A_esters_fruity,-0.24493980407714844,0.640938612305984
1,1,TabDDPM,GBDT,TSTR,F_malt_all,0.13315033912658691,0.7331700686937843
1,1,TabDDPM,GBDT,TSTR,F_malt_grain,-0.545006513595581,0.5773823323863022
1,1,TabDDPM,GBDT,TSTR,F_malt_bread,-0.28251028060913086,0.48084744981718414
1,1,TabDDPM,GBDT,TSTR,F_malt_cara,-0.009755253791809082,0.5472101819246245
1,1,TabDDPM,GBDT,TSTR,F_malt_burn,0.2662920355796814,0.7483022866325917
1,1,TabDDPM,GBDT,TSTR,F_hops_all,0.3727869987487793,0.5010980232039912
1,1,TabDDPM,GBDT,TSTR,F_hops_citrus,-0.14342033863067627,0.43464231430379835
1,1,TabDDPM,GBDT,TSTR,F_hops_tropical,0.0938989520072937,0.34774867982908597
1,1,TabDDPM,GBDT,TSTR,F_hops_noble,-0.08118510246276855,0.5307417008626623
1,1,TabDDPM,GBDT,TSTR,F_hops_woody,0.050913214683532715,0.5136811868382003
1,1,TabDDPM,GBDT,TSTR,F_esters_all,-0.19491052627563477,0.6607206516437871
1,1,TabDDPM,GBDT,TSTR,F_esters_ethac,-0.3480339050292969,0.5318614582350562
1,1,TabDDPM,GBDT,TSTR,F_esters_isoaa,-0.2155442237854004,0.6882631877559927
1,1,TabDDPM,GBDT,TSTR,F_esters_flower,-0.3058748245239258,0.4226133807823857
1,1,TabDDPM,GBDT,TSTR,F_esters_fruity,-0.33915233612060547,0.6373862062132309
1,1,TabDDPM,GBDT,TSTR,acidity,0.41071921586990356,0.7274482824026438
1,1,TabDDPM,GBDT,TSTR,bitternes,-0.14659154415130615,0.7419624790591324
1,1,TabDDPM,GBDT,TSTR,sweetness,-0.022320032119750977,0.6570747279456565
1,1,TabDDPM,GBDT,TSTR,X4vg,0.02636498212814331,0.8191542304586792
1,1,TabDDPM,GBDT,TSTR,diacetyl,0.0012096762657165527,0.6287713942859949
1,1,TabDDPM,GBDT,TSTR,dms,-0.28893184661865234,0.5406688859800345
1,1,TabDDPM,GBDT,TSTR,metallic,-0.016562223434448242,0.5191921188499878
1,1,TabDDPM,GBDT,TSTR,stale_hops,-0.17396831512451172,0.4287841838577549
1,1,TabDDPM,GBDT,TSTR,t2n,-0.1209557056427002,0.4646289874283671
1,1,TabDDPM,GBDT,TSTR,orange,0.06783485412597656,0.8496369806825318
1,1,TabDDPM,GBDT,TSTR,coriander,-0.8942089080810547,0.472970038677838
1,1,TabDDPM,GBDT,TSTR,clove,-0.2107905149459839,0.39908252190866994
1,1,TabDDPM,GBDT,TSTR,lactic,0.0867006778717041,0.784343963556144
1,1,TabDDPM,GBDT,TSTR,acetic,0.17869651317596436,0.6125099531649549
1,1,TabDDPM,GBDT,TSTR,barnyard,-0.41644811630249023,0.4735723083233527
1,1,TabDDPM,GBDT,TSTR,alcohol,0.5022457242012024,0.4898222904889117
1,1,TabDDPM,GBDT,TSTR,aftertaste,0.38262927532196045,0.5150763453680371
1,1,TabDDPM,GBDT,TSTR,body,0.5209932327270508,0.4297527957201745
1,1,TabDDPM,GBDT,TSTR,co2,0.22587090730667114,0.5487175012058647
1,1,TabDDPM,GBDT,TSTR,overall,-0.08513879776000977,0.5926497705911489
1,1,TabDDPM,GBDT,AUG,A_malt_all,0.520369291305542,0.610702340607556
1,1,TabDDPM,GBDT,AUG,A_malt_grain,0.0873599648475647,0.526428077587163
1,1,TabDDPM,GBDT,AUG,A_malt_bread,0.08255088329315186,0.4532925854922073
1,1,TabDDPM,GBDT,AUG,A_malt_cara,0.24202793836593628,0.6076796006384989
1,1,TabDDPM,GBDT,AUG,A_malt_burn,0.25565117597579956,0.800002114471979
1,1,TabDDPM,GBDT,AUG,A_hops_all,0.14887326955795288,0.5419144858259166
1,1,TabDDPM,GBDT,AUG,A_hops_citrus,0.004194438457489014,0.5397147503430154
1,1,TabDDPM,GBDT,AUG,A_hops_tropical,-0.3639862537384033,0.4506674750226058
1,1,TabDDPM,GBDT,AUG,A_hops_noble,-0.02453303337097168,0.5254780863177211
1,1,TabDDPM,GBDT,AUG,A_hops_woody,0.087044358253479,0.3747849642606845
1,1,TabDDPM,GBDT,AUG,A_esters_all,-0.11887884140014648,0.7092665013762584
1,1,TabDDPM,GBDT,AUG,A_esters_ethac,-0.17417025566101074,0.536551529156208
1,1,TabDDPM,GBDT,AUG,A_esters_isoaa,-0.3305199146270752,0.6199047295375338
1,1,TabDDPM,GBDT,AUG,A_esters_flower,0.05691242218017578,0.4200515546832825
1,1,TabDDPM,GBDT,AUG,A_esters_fruity,-0.021095871925354004,0.5804643212376659
1,1,TabDDPM,GBDT,AUG,F_malt_all,0.38857322931289673,0.6157508982776899
1,1,TabDDPM,GBDT,AUG,F_malt_grain,0.032890260219573975,0.4568106289980671
1,1,TabDDPM,GBDT,AUG,F_malt_bread,0.09935230016708374,0.40295297367708893
1,1,TabDDPM,GBDT,AUG,F_malt_cara,0.13824999332427979,0.5055181464419859
1,1,TabDDPM,GBDT,AUG,F_malt_burn,0.48975706100463867,0.624027807372647
1,1,TabDDPM,GBDT,AUG,F_hops_all,0.443057119846344,0.47219403578591845
1,1,TabDDPM,GBDT,AUG,F_hops_citrus,-0.03357398509979248,0.4132375957314317
1,1,TabDDPM,GBDT,AUG,F_hops_tropical,0.014738798141479492,0.3626209123151598
1,1,TabDDPM,GBDT,AUG,F_hops_noble,-0.33417606353759766,0.5895759783129907
1,1,TabDDPM,GBDT,AUG,F_hops_woody,0.0837712287902832,0.5047108635941987
1,1,TabDDPM,GBDT,AUG,F_esters_all,-0.06660497188568115,0.6242405568922209
1,1,TabDDPM,GBDT,AUG,F_esters_ethac,-0.15013957023620605,0.4912735612814904
1,1,TabDDPM,GBDT,AUG,F_esters_isoaa,-0.020618319511413574,0.6306680914879216
1,1,TabDDPM,GBDT,AUG,F_esters_flower,-0.1307384967803955,0.3932543761233584
1,1,TabDDPM,GBDT,AUG,F_esters_fruity,0.03168165683746338,0.5419968338500869
1,1,TabDDPM,GBDT,AUG,acidity,0.7306234836578369,0.49183660442169835
1,1,TabDDPM,GBDT,AUG,bitternes,0.45292019844055176,0.5125106915079806
1,1,TabDDPM,GBDT,AUG,sweetness,0.198128342628479,0.5819340567115648
1,1,TabDDPM,GBDT,AUG,X4vg,0.242417573928833,0.7225743015323018
1,1,TabDDPM,GBDT,AUG,diacetyl,-0.012869000434875488,0.6331873595847849
1,1,TabDDPM,GBDT,AUG,dms,0.0770912766456604,0.4575049236168162
1,1,TabDDPM,GBDT,AUG,metallic,-9.691715240478516e-05,0.5149702770488994
1,1,TabDDPM,GBDT,AUG,stale_hops,-0.17227661609649658,0.42847514348173754
1,1,TabDDPM,GBDT,AUG,t2n,0.12005442380905151,0.41166123887909856
1,1,TabDDPM,GBDT,AUG,orange,0.28674745559692383,0.7432050054553048
1,1,TabDDPM,GBDT,AUG,coriander,0.09964632987976074,0.32608157752531336
1,1,TabDDPM,GBDT,AUG,clove,0.16761720180511475,0.3308946565914832
1,1,TabDDPM,GBDT,AUG,lactic,0.5340827107429504,0.5602145655455476
1,1,TabDDPM,GBDT,AUG,acetic,0.671210527420044,0.38754332900065885
1,1,TabDDPM,GBDT,AUG,barnyard,-0.03146696090698242,0.4041230385458697
1,1,TabDDPM,GBDT,AUG,alcohol,0.5755586624145508,0.45231384811000164
1,1,TabDDPM,GBDT,AUG,aftertaste,0.592208981513977,0.41861754713944854
1,1,TabDDPM,GBDT,AUG,body,0.547982394695282,0.417470296100021
1,1,TabDDPM,GBDT,AUG,co2,0.30934059619903564,0.5182915143666168
1,1,TabDDPM,GBDT,AUG,overall,-0.041791439056396484,0.5806920562883999
1,1,TabDDPM,MLP,TSTR,A_malt_all,0.12483245134353638,0.8249387443805346
1,1,TabDDPM,MLP,TSTR,A_malt_grain,-0.15475213527679443,0.5921526553891262
1,1,TabDDPM,MLP,TSTR,A_malt_bread,-0.6840803623199463,0.6141423297271731
1,1,TabDDPM,MLP,TSTR,A_malt_cara,-0.04776358604431152,0.7144629292678337
1,1,TabDDPM,MLP,TSTR,A_malt_burn,0.19341087341308594,0.8327776287858573
1,1,TabDDPM,MLP,TSTR,A_hops_all,-0.9402379989624023,0.8182031669022976
1,1,TabDDPM,MLP,TSTR,A_hops_citrus,-0.5300540924072266,0.6690066121548677
1,1,TabDDPM,MLP,TSTR,A_hops_tropical,-1.5141828060150146,0.6118565916851797
1,1,TabDDPM,MLP,TSTR,A_hops_noble,-0.45767879486083984,0.6267906762836123
1,1,TabDDPM,MLP,TSTR,A_hops_woody,-0.15320181846618652,0.42122096120091373
1,1,TabDDPM,MLP,TSTR,A_esters_all,-0.19857358932495117,0.7340916431889298
1,1,TabDDPM,MLP,TSTR,A_esters_ethac,-0.6918370723724365,0.6440582620628446
1,1,TabDDPM,MLP,TSTR,A_esters_isoaa,-0.25986790657043457,0.6032214389051987
1,1,TabDDPM,MLP,TSTR,A_esters_flower,-0.12872779369354248,0.45953775688579057
1,1,TabDDPM,MLP,TSTR,A_esters_fruity,-0.38465845584869385,0.6759484806306418
1,1,TabDDPM,MLP,TSTR,F_malt_all,-0.114296555519104,0.8312530460158447
1,1,TabDDPM,MLP,TSTR,F_malt_grain,-0.7964917421340942,0.6226026093125924
1,1,TabDDPM,MLP,TSTR,F_malt_bread,-0.7086749076843262,0.5550174269216984
1,1,TabDDPM,MLP,TSTR,F_malt_cara,-0.12678706645965576,0.5780521810911665
1,1,TabDDPM,MLP,TSTR,F_malt_burn,0.14478057622909546,0.8078937172413223
1,1,TabDDPM,MLP,TSTR,F_hops_all,0.03979289531707764,0.6200084681086446
1,1,TabDDPM,MLP,TSTR,F_hops_citrus,-0.7979104518890381,0.5450208020396233
1,1,TabDDPM,MLP,TSTR,F_hops_tropical,-1.620126724243164,0.5913414540441048
1,1,TabDDPM,MLP,TSTR,F_hops_noble,-0.27365148067474365,0.5760477999268132
1,1,TabDDPM,MLP,TSTR,F_hops_woody,0.05908113718032837,0.5114660148535819
1,1,TabDDPM,MLP,TSTR,F_esters_all,-0.8097879886627197,0.8131375745641074
1,1,TabDDPM,MLP,TSTR,F_esters_ethac,-1.1469192504882812,0.6712062079780213
1,1,TabDDPM,MLP,TSTR,F_esters_isoaa,-0.3971813917160034,0.7378966929487635
1,1,TabDDPM,MLP,TSTR,F_esters_flower,-0.7362719774246216,0.4873055437038445
1,1,TabDDPM,MLP,TSTR,F_esters_fruity,-0.2983299493789673,0.6275960412561301
1,1,TabDDPM,MLP,TSTR,acidity,0.5405941009521484,0.6423019928978035
1,1,TabDDPM,MLP,TSTR,bitternes,-0.08209121227264404,0.7207912815007037
1,1,TabDDPM,MLP,TSTR,sweetness,-0.6059224605560303,0.8235379340578337
1,1,TabDDPM,MLP,TSTR,X4vg,-0.003064751625061035,0.8314422170067501
1,1,TabDDPM,MLP,TSTR,diacetyl,-0.08220183849334717,0.6545001497071796
1,1,TabDDPM,MLP,TSTR,dms,-0.7068822383880615,0.6221830544344056
1,1,TabDDPM,MLP,TSTR,metallic,-0.07111716270446777,0.5329415654452033
1,1,TabDDPM,MLP,TSTR,stale_hops,-0.25126421451568604,0.4426750750297267
1,1,TabDDPM,MLP,TSTR,t2n,0.04795354604721069,0.42819453878969127
1,1,TabDDPM,MLP,TSTR,orange,-0.16892457008361816,0.9514374097964258
1,1,TabDDPM,MLP,TSTR,coriander,-0.8881255388259888,0.4722099403890992
1,1,TabDDPM,MLP,TSTR,clove,-0.41614770889282227,0.4316010262807677
1,1,TabDDPM,MLP,TSTR,lactic,0.36951160430908203,0.6516862170912058
1,1,TabDDPM,MLP,TSTR,acetic,0.4308536648750305,0.5098862487027226
1,1,TabDDPM,MLP,TSTR,barnyard,-0.14464807510375977,0.42571791781554363
1,1,TabDDPM,MLP,TSTR,alcohol,0.06290018558502197,0.6720846425717919
1,1,TabDDPM,MLP,TSTR,aftertaste,0.44221657514572144,0.48958873407618053
1,1,TabDDPM,MLP,TSTR,body,0.2120111584663391,0.5511983820477617
1,1,TabDDPM,MLP,TSTR,co2,-0.05912601947784424,0.6418239724770888
1,1,TabDDPM,MLP,TSTR,overall,-0.19254636764526367,0.6212881971471349
1,1,TabDDPM,MLP,AUG,A_malt_all,0.40411776304244995,0.680700862114143
1,1,TabDDPM,MLP,AUG,A_malt_grain,-0.1018592119216919,0.5784320531389765
1,1,TabDDPM,MLP,AUG,A_malt_bread,-0.10810291767120361,0.4981701118737873
1,1,TabDDPM,MLP,AUG,A_malt_cara,0.014982521533966064,0.6927395911561883
1,1,TabDDPM,MLP,AUG,A_malt_burn,0.2277994155883789,0.8148317257514254
1,1,TabDDPM,MLP,AUG,A_hops_all,-0.7799915075302124,0.7836869569456059
1,1,TabDDPM,MLP,AUG,A_hops_citrus,-0.6851409673690796,0.7020937881106363
1,1,TabDDPM,MLP,AUG,A_hops_tropical,-2.5174002647399902,0.7237059109687695
1,1,TabDDPM,MLP,AUG,A_hops_noble,-0.720840573310852,0.681023238877873
1,1,TabDDPM,MLP,AUG,A_hops_woody,-0.14024007320404053,0.4188470791977056
1,1,TabDDPM,MLP,AUG,A_esters_all,-0.1376180648803711,0.7151813231147038
1,1,TabDDPM,MLP,AUG,A_esters_ethac,-0.6709476709365845,0.6400697907378163
1,1,TabDDPM,MLP,AUG,A_esters_isoaa,-0.38179850578308105,0.6317374670070909
1,1,TabDDPM,MLP,AUG,A_esters_flower,-0.11895906925201416,0.4575448695833419
1,1,TabDDPM,MLP,AUG,A_esters_fruity,-0.24300050735473633,0.6404392159123392
1,1,TabDDPM,MLP,AUG,F_malt_all,0.333823025226593,0.6427286313858549
1,1,TabDDPM,MLP,AUG,F_malt_grain,-0.34472179412841797,0.5386597884428704
1,1,TabDDPM,MLP,AUG,F_malt_bread,-0.2847890853881836,0.4812744487398056
1,1,TabDDPM,MLP,AUG,F_malt_cara,-0.1358017921447754,0.580359907458082
1,1,TabDDPM,MLP,AUG,F_malt_burn,0.3304879069328308,0.7148166505440108
1,1,TabDDPM,MLP,AUG,F_hops_all,-0.28689098358154297,0.717771278430001
1,1,TabDDPM,MLP,AUG,F_hops_citrus,-0.9032394886016846,0.5607583846487068
1,1,TabDDPM,MLP,AUG,F_hops_tropical,-1.8227264881134033,0.6137783441388849
1,1,TabDDPM,MLP,AUG,F_hops_noble,-0.9018979072570801,0.7039256729342237
1,1,TabDDPM,MLP,AUG,F_hops_woody,0.12950444221496582,0.4919534005401649
1,1,TabDDPM,MLP,AUG,F_esters_all,-0.5393061637878418,0.7499161117050888
1,1,TabDDPM,MLP,AUG,F_esters_ethac,-1.005953073501587,0.6487964877339273
1,1,TabDDPM,MLP,AUG,F_esters_isoaa,-0.492881178855896,0.7627492340994272
1,1,TabDDPM,MLP,AUG,F_esters_flower,-0.4445221424102783,0.4444823977371808
1,1,TabDDPM,MLP,AUG,F_esters_fruity,-0.2134380340576172,0.6067313780392666
1,1,TabDDPM,MLP,AUG,acidity,0.6810296773910522,0.5352000476150748
1,1,TabDDPM,MLP,AUG,bitternes,0.20519840717315674,0.6177417584189434
1,1,TabDDPM,MLP,AUG,sweetness,-0.6325845718383789,0.8303461337788047
1,1,TabDDPM,MLP,AUG,X4vg,-0.04354238510131836,0.848052288303467
1,1,TabDDPM,MLP,AUG,diacetyl,0.05632972717285156,0.6111752254877483
1,1,TabDDPM,MLP,AUG,dms,-0.09963333606719971,0.49939057343778914
1,1,TabDDPM,MLP,AUG,metallic,-0.06833255290985107,0.5322484003189007
1,1,TabDDPM,MLP,AUG,stale_hops,-0.29064297676086426,0.4495868833005161
1,1,TabDDPM,MLP,AUG,t2n,0.03844177722930908,0.43032823820567306
1,1,TabDDPM,MLP,AUG,orange,-0.19197893142700195,0.9607740433776736
1,1,TabDDPM,MLP,AUG,coriander,-1.3772330284118652,0.5298532187342219
1,1,TabDDPM,MLP,AUG,clove,-0.7309509515762329,0.4771671992582217
1,1,TabDDPM,MLP,AUG,lactic,0.424686074256897,0.6225187161707507
1,1,TabDDPM,MLP,AUG,acetic,0.5158911347389221,0.47025437550331795
1,1,TabDDPM,MLP,AUG,barnyard,-0.0984872579574585,0.41704551838162557
1,1,TabDDPM,MLP,AUG,alcohol,0.24649733304977417,0.6026614913336676
1,1,TabDDPM,MLP,AUG,aftertaste,0.4160516858100891,0.5009400947489321
1,1,TabDDPM,MLP,AUG,body,0.3855960965156555,0.48671517041697904
1,1,TabDDPM,MLP,AUG,co2,-0.06630837917327881,0.643996554445444
1,1,TabDDPM,MLP,AUG,overall,-0.24173176288604736,0.633970966303083
2,2,Bootstrapping,GBDT,TSTR,A_malt_all,0.314006507396698,0.5916661033045635
2,2,Bootstrapping,GBDT,TSTR,A_malt_grain,0.056371450424194336,0.44523270209915683
2,2,Bootstrapping,GBDT,TSTR,A_malt_bread,-0.16575562953948975,0.4864279709624819
2,2,Bootstrapping,GBDT,TSTR,A_malt_cara,0.10384243726730347,0.5878575211136218
2,2,Bootstrapping,GBDT,TSTR,A_malt_burn,0.25505322217941284,0.5427979674120623
2,2,Bootstrapping,GBDT,TSTR,A_hops_all,0.12051153182983398,0.5778449901154696
2,2,Bootstrapping,GBDT,TSTR,A_hops_citrus,0.19599997997283936,0.4461907543529107
2,2,Bootstrapping,GBDT,TSTR,A_hops_tropical,-0.7560005187988281,0.39865523354231125
2,2,Bootstrapping,GBDT,TSTR,A_hops_noble,0.13365787267684937,0.4904078750286867
2,2,Bootstrapping,GBDT,TSTR,A_hops_woody,0.03265070915222168,0.2531227052843607
2,2,Bootstrapping,GBDT,TSTR,A_esters_all,0.0645187497138977,0.6031287721901369
2,2,Bootstrapping,GBDT,TSTR,A_esters_ethac,0.21269649267196655,0.46494676746721936
2,2,Bootstrapping,GBDT,TSTR,A_esters_isoaa,0.0035973787307739258,0.5448728149643292
2,2,Bootstrapping,GBDT,TSTR,A_esters_flower,-0.21927213668823242,0.40780803049495673
2,2,Bootstrapping,GBDT,TSTR,A_esters_fruity,0.12253564596176147,0.44097987824983603
2,2,Bootstrapping,GBDT,TSTR,F_malt_all,0.10799670219421387,0.6518959518605947
2,2,Bootstrapping,GBDT,TSTR,F_malt_grain,0.08046609163284302,0.4644458414056877
2,2,Bootstrapping,GBDT,TSTR,F_malt_bread,0.16641151905059814,0.5244538418193699
2,2,Bootstrapping,GBDT,TSTR,F_malt_cara,-0.28382420539855957,0.5954011245400416
2,2,Bootstrapping,GBDT,TSTR,F_malt_burn,0.252987802028656,0.5460490119737919
2,2,Bootstrapping,GBDT,TSTR,F_hops_all,0.48725301027297974,0.4745450231307426
2,2,Bootstrapping,GBDT,TSTR,F_hops_citrus,0.1081424355506897,0.35153015835667384
2,2,Bootstrapping,GBDT,TSTR,F_hops_tropical,-0.17550265789031982,0.37684218597530417
2,2,Bootstrapping,GBDT,TSTR,F_hops_noble,0.37160980701446533,0.553428079793101
2,2,Bootstrapping,GBDT,TSTR,F_hops_woody,-0.11619699001312256,0.3697548453933655
2,2,Bootstrapping,GBDT,TSTR,F_esters_all,0.20331352949142456,0.49002005158969625
2,2,Bootstrapping,GBDT,TSTR,F_esters_ethac,0.16460669040679932,0.5287756517739648
2,2,Bootstrapping,GBDT,TSTR,F_esters_isoaa,0.14536893367767334,0.4565753619283823
2,2,Bootstrapping,GBDT,TSTR,F_esters_flower,-0.14390337467193604,0.3723200763215211
2,2,Bootstrapping,GBDT,TSTR,F_esters_fruity,0.019171833992004395,0.5622451257778521
2,2,Bootstrapping,GBDT,TSTR,acidity,0.7420543432235718,0.3773644135624364
2,2,Bootstrapping,GBDT,TSTR,bitternes,0.6002954244613647,0.5350087373233963
2,2,Bootstrapping,GBDT,TSTR,sweetness,0.5212007164955139,0.47832570880978337
2,2,Bootstrapping,GBDT,TSTR,X4vg,0.1180838942527771,0.6287264359534953
2,2,Bootstrapping,GBDT,TSTR,diacetyl,-0.17705559730529785,0.5033187990532215
2,2,Bootstrapping,GBDT,TSTR,dms,-0.2417900562286377,0.49873124020413917
2,2,Bootstrapping,GBDT,TSTR,metallic,-0.13979077339172363,0.4594961356995719
2,2,Bootstrapping,GBDT,TSTR,stale_hops,-0.06922876834869385,0.36351862709614324
2,2,Bootstrapping,GBDT,TSTR,t2n,0.12870240211486816,0.34789028219963847
2,2,Bootstrapping,GBDT,TSTR,orange,0.3385878801345825,0.841115618341207
2,2,Bootstrapping,GBDT,TSTR,coriander,0.3157780170440674,0.5358516045960939
2,2,Bootstrapping,GBDT,TSTR,clove,0.1165812611579895,0.5369823791180881
2,2,Bootstrapping,GBDT,TSTR,lactic,0.4351610541343689,0.3959220318380878
2,2,Bootstrapping,GBDT,TSTR,acetic,0.41950881481170654,0.38659016561846987
2,2,Bootstrapping,GBDT,TSTR,barnyard,0.10426986217498779,0.34058603798853526
2,2,Bootstrapping,GBDT,TSTR,alcohol,0.7529016137123108,0.4234096025236636
2,2,Bootstrapping,GBDT,TSTR,aftertaste,0.530340313911438,0.4910458994707125
2,2,Bootstrapping,GBDT,TSTR,body,0.6366540193557739,0.3655313926266665
2,2,Bootstrapping,GBDT,TSTR,co2,0.36449581384658813,0.4491170353383646
2,2,Bootstrapping,GBDT,TSTR,overall,0.07075893878936768,0.48089219639043557
2,2,Bootstrapping,GBDT,AUG,A_malt_all,0.3915693759918213,0.5572142472963703
2,2,Bootstrapping,GBDT,AUG,A_malt_grain,-0.1000208854675293,0.48071422353921034
2,2,Bootstrapping,GBDT,AUG,A_malt_bread,-0.24059462547302246,0.5017989103563139
2,2,Bootstrapping,GBDT,AUG,A_malt_cara,0.19643926620483398,0.5566590155524933
2,2,Bootstrapping,GBDT,AUG,A_malt_burn,0.2892024517059326,0.5302107687883582
2,2,Bootstrapping,GBDT,AUG,A_hops_all,0.11601197719573975,0.5793212679706592
2,2,Bootstrapping,GBDT,AUG,A_hops_citrus,0.1572621464729309,0.4568133527596683
2,2,Bootstrapping,GBDT,AUG,A_hops_tropical,-0.29955029487609863,0.34295069358061464
2,2,Bootstrapping,GBDT,AUG,A_hops_noble,0.2721654772758484,0.44949932458379155
2,2,Bootstrapping,GBDT,AUG,A_hops_woody,-0.2231760025024414,0.2846321227338826
2,2,Bootstrapping,GBDT,AUG,A_esters_all,0.06494563817977905,0.6029911169375219
2,2,Bootstrapping,GBDT,AUG,A_esters_ethac,0.1774013638496399,0.47525438975514667
2,2,Bootstrapping,GBDT,AUG,A_esters_isoaa,-0.0054874420166015625,0.5473511394205567
2,2,Bootstrapping,GBDT,AUG,A_esters_flower,-0.3405083417892456,0.42760247761822195
2,2,Bootstrapping,GBDT,AUG,A_esters_fruity,0.06231600046157837,0.45586084007674976
2,2,Bootstrapping,GBDT,AUG,F_malt_all,0.22471129894256592,0.6077525229391866
2,2,Bootstrapping,GBDT,AUG,F_malt_grain,-0.024878501892089844,0.49032879106385135
2,2,Bootstrapping,GBDT,AUG,F_malt_bread,0.18145430088043213,0.519700187808075
2,2,Bootstrapping,GBDT,AUG,F_malt_cara,-0.14485597610473633,0.5622536596668462
2,2,Bootstrapping,GBDT,AUG,F_malt_burn,0.15292680263519287,0.5814712698014604
2,2,Bootstrapping,GBDT,AUG,F_hops_all,0.40056514739990234,0.5130939205668216
2,2,Bootstrapping,GBDT,AUG,F_hops_citrus,0.06911212205886841,0.3591398008518418
2,2,Bootstrapping,GBDT,AUG,F_hops_tropical,-0.4796236753463745,0.4227886725828763
2,2,Bootstrapping,GBDT,AUG,F_hops_noble,0.3880314230918884,0.5461489080642894
2,2,Bootstrapping,GBDT,AUG,F_hops_woody,-0.18960821628570557,0.38172044495226964
2,2,Bootstrapping,GBDT,AUG,F_esters_all,0.22360366582870483,0.4837398517884751
2,2,Bootstrapping,GBDT,AUG,F_esters_ethac,0.22061121463775635,0.5107437046240015
2,2,Bootstrapping,GBDT,AUG,F_esters_isoaa,-0.03385663032531738,0.5021729043810971
2,2,Bootstrapping,GBDT,AUG,F_esters_flower,-0.1926976442337036,0.38017798873138975
2,2,Bootstrapping,GBDT,AUG,F_esters_fruity,0.16724014282226562,0.5180708357381621
2,2,Bootstrapping,GBDT,AUG,acidity,0.771548867225647,0.35513499594520564
2,2,Bootstrapping,GBDT,AUG,bitternes,0.5171160697937012,0.588047931701108
2,2,Bootstrapping,GBDT,AUG,sweetness,0.5208275318145752,0.4785120749828456
2,2,Bootstrapping,GBDT,AUG,X4vg,0.17047637701034546,0.6097649769165583
2,2,Bootstrapping,GBDT,AUG,diacetyl,0.012860774993896484,0.46092880370131756
2,2,Bootstrapping,GBDT,AUG,dms,-0.3446122407913208,0.5189685211907001
2,2,Bootstrapping,GBDT,AUG,metallic,-0.14693522453308105,0.46093397624075155
2,2,Bootstrapping,GBDT,AUG,stale_hops,0.12095373868942261,0.32960759998104894
2,2,Bootstrapping,GBDT,AUG,t2n,0.11599087715148926,0.3504188160522318
2,2,Bootstrapping,GBDT,AUG,orange,0.37348222732543945,0.8186275070228929
2,2,Bootstrapping,GBDT,AUG,coriander,0.4030737280845642,0.500502661521687
2,2,Bootstrapping,GBDT,AUG,clove,0.20483332872390747,0.5094549759876664
2,2,Bootstrapping,GBDT,AUG,lactic,0.5363348126411438,0.358715031876824
2,2,Bootstrapping,GBDT,AUG,acetic,0.36157798767089844,0.40542160450998416
2,2,Bootstrapping,GBDT,AUG,barnyard,0.24868381023406982,0.3119245953773026
2,2,Bootstrapping,GBDT,AUG,alcohol,0.7726141214370728,0.40616964499185526
2,2,Bootstrapping,GBDT,AUG,aftertaste,0.4113989472389221,0.5497192804324121
2,2,Bootstrapping,GBDT,AUG,body,0.6176416873931885,0.3749728192969283
2,2,Bootstrapping,GBDT,AUG,co2,0.26763778924942017,0.4821290274054499
2,2,Bootstrapping,GBDT,AUG,overall,-0.0040454864501953125,0.4998736370866515
2,2,Bootstrapping,MLP,TSTR,A_malt_all,-0.036931395530700684,0.7274308296957741
2,2,Bootstrapping,MLP,TSTR,A_malt_grain,-0.3545408248901367,0.5334363154983107
2,2,Bootstrapping,MLP,TSTR,A_malt_bread,-1.0583128929138184,0.6463540398174676
2,2,Bootstrapping,MLP,TSTR,A_malt_cara,-0.18656086921691895,0.6764332046478151
2,2,Bootstrapping,MLP,TSTR,A_malt_burn,0.4336089491844177,0.47329703157647823
2,2,Bootstrapping,MLP,TSTR,A_hops_all,-0.5263934135437012,0.7612538802074643
2,2,Bootstrapping,MLP,TSTR,A_hops_citrus,-0.2801074981689453,0.563009534634811
2,2,Bootstrapping,MLP,TSTR,A_hops_tropical,-1.9236021041870117,0.5143920723178144
2,2,Bootstrapping,MLP,TSTR,A_hops_noble,-0.26783108711242676,0.5932577501957027
2,2,Bootstrapping,MLP,TSTR,A_hops_woody,-0.4981619119644165,0.3150059833412482
2,2,Bootstrapping,MLP,TSTR,A_esters_all,-0.171561598777771,0.6749553815788631
2,2,Bootstrapping,MLP,TSTR,A_esters_ethac,-0.11565506458282471,0.553473850738712
2,2,Bootstrapping,MLP,TSTR,A_esters_isoaa,-0.1412731409072876,0.5831395803838615
2,2,Bootstrapping,MLP,TSTR,A_esters_flower,-1.0067636966705322,0.5231829066796636
2,2,Bootstrapping,MLP,TSTR,A_esters_fruity,-0.586857795715332,0.593025041001634
2,2,Bootstrapping,MLP,TSTR,F_malt_all,0.17493361234664917,0.6269595184475533
2,2,Bootstrapping,MLP,TSTR,F_malt_grain,-0.10940992832183838,0.5101492012319767
2,2,Bootstrapping,MLP,TSTR,F_malt_bread,-0.1340017318725586,0.6116997073974334
2,2,Bootstrapping,MLP,TSTR,F_malt_cara,-0.17736971378326416,0.5701817140462324
2,2,Bootstrapping,MLP,TSTR,F_malt_burn,0.3419340252876282,0.5125101681607745
2,2,Bootstrapping,MLP,TSTR,F_hops_all,-0.26160764694213867,0.7443685908325908
2,2,Bootstrapping,MLP,TSTR,F_hops_citrus,-0.38163185119628906,0.43753319001324553
2,2,Bootstrapping,MLP,TSTR,F_hops_tropical,-2.116849184036255,0.6136286049490413
2,2,Bootstrapping,MLP,TSTR,F_hops_noble,-0.0008630752563476562,0.6984476067411295
2,2,Bootstrapping,MLP,TSTR,F_hops_woody,-0.6150791645050049,0.44477497251153636
2,2,Bootstrapping,MLP,TSTR,F_esters_all,-0.16432666778564453,0.5923897571452219
2,2,Bootstrapping,MLP,TSTR,F_esters_ethac,-0.25093233585357666,0.6470575010699258
2,2,Bootstrapping,MLP,TSTR,F_esters_isoaa,-0.23311924934387207,0.5484356274260371
2,2,Bootstrapping,MLP,TSTR,F_esters_flower,-0.5536938905715942,0.433914856102462
2,2,Bootstrapping,MLP,TSTR,F_esters_fruity,-0.051051974296569824,0.5820245934432167
2,2,Bootstrapping,MLP,TSTR,acidity,0.6056538820266724,0.4665901652142142
2,2,Bootstrapping,MLP,TSTR,bitternes,0.20783638954162598,0.7531799612923907
2,2,Bootstrapping,MLP,TSTR,sweetness,0.2780640721321106,0.58734911949421
2,2,Bootstrapping,MLP,TSTR,X4vg,-0.29510200023651123,0.7619036719017803
2,2,Bootstrapping,MLP,TSTR,diacetyl,-0.3601260185241699,0.5410460590932893
2,2,Bootstrapping,MLP,TSTR,dms,-0.33957016468048096,0.517994579977231
2,2,Bootstrapping,MLP,TSTR,metallic,-0.5668662786483765,0.5387474742839051
2,2,Bootstrapping,MLP,TSTR,stale_hops,-0.25556719303131104,0.3939229978748381
2,2,Bootstrapping,MLP,TSTR,t2n,-0.03674638271331787,0.3794856213734395
2,2,Bootstrapping,MLP,TSTR,orange,0.13151782751083374,0.963829217566772
2,2,Bootstrapping,MLP,TSTR,coriander,0.2839149832725525,0.5481865006919296
2,2,Bootstrapping,MLP,TSTR,clove,0.04588925838470459,0.558053856146055
2,2,Bootstrapping,MLP,TSTR,lactic,0.44893449544906616,0.39106500639622105
2,2,Bootstrapping,MLP,TSTR,acetic,0.8327925801277161,0.2074821528262538
2,2,Bootstrapping,MLP,TSTR,barnyard,-0.26987946033477783,0.40552674615591167
2,2,Bootstrapping,MLP,TSTR,alcohol,0.3657318949699402,0.6783630137975837
2,2,Bootstrapping,MLP,TSTR,aftertaste,0.23541438579559326,0.6265323688748815
2,2,Bootstrapping,MLP,TSTR,body,0.20939546823501587,0.5391929026454958
2,2,Bootstrapping,MLP,TSTR,co2,-0.2957112789154053,0.6412899474106333
2,2,Bootstrapping,MLP,TSTR,overall,-0.6453800201416016,0.6399066665885766
2,2,Bootstrapping,MLP,AUG,A_malt_all,0.11484915018081665,0.6720867488661565
2,2,Bootstrapping,MLP,AUG,A_malt_grain,-0.3787221908569336,0.5381767071771508
2,2,Bootstrapping,MLP,AUG,A_malt_bread,-0.9975334405899048,0.6367395081676025
2,2,Bootstrapping,MLP,AUG,A_malt_cara,0.07746011018753052,0.5964478637073131
2,2,Bootstrapping,MLP,AUG,A_malt_burn,0.480599045753479,0.45323865385945744
2,2,Bootstrapping,MLP,AUG,A_hops_all,-0.5447733402252197,0.7658234942291562
2,2,Bootstrapping,MLP,AUG,A_hops_citrus,-0.41012096405029297,0.5909091598920848
2,2,Bootstrapping,MLP,AUG,A_hops_tropical,-3.452716827392578,0.6348157422748261
2,2,Bootstrapping,MLP,AUG,A_hops_noble,-0.3963550329208374,0.6226021785065047
2,2,Bootstrapping,MLP,AUG,A_hops_woody,-1.187215805053711,0.3806144513702658
2,2,Bootstrapping,MLP,AUG,A_esters_all,-0.14803290367126465,0.6681433555429653
2,2,Bootstrapping,MLP,AUG,A_esters_ethac,-0.4191666841506958,0.6242360452826949
2,2,Bootstrapping,MLP,AUG,A_esters_isoaa,-0.18008184432983398,0.5929714418935677
2,2,Bootstrapping,MLP,AUG,A_esters_flower,-0.29546451568603516,0.42035691547769627
2,2,Bootstrapping,MLP,AUG,A_esters_fruity,-0.7968183755874634,0.6310388882452963
2,2,Bootstrapping,MLP,AUG,F_malt_all,0.20462560653686523,0.6155748424332609
2,2,Bootstrapping,MLP,AUG,F_malt_grain,-0.4065403938293457,0.5744170281243839
2,2,Bootstrapping,MLP,AUG,F_malt_bread,-0.14020323753356934,0.6133700264013291
2,2,Bootstrapping,MLP,AUG,F_malt_cara,-0.20260322093963623,0.5762594382781252
2,2,Bootstrapping,MLP,AUG,F_malt_burn,0.4529877305030823,0.46726828677221804
2,2,Bootstrapping,MLP,AUG,F_hops_all,-0.2672222852706909,0.7460230848790504
2,2,Bootstrapping,MLP,AUG,F_hops_citrus,-0.9801025390625,0.5237917768709761
2,2,Bootstrapping,MLP,AUG,F_hops_tropical,-2.09613037109375,0.6115857151402848
2,2,Bootstrapping,MLP,AUG,F_hops_noble,-0.14746105670928955,0.747851672487607
2,2,Bootstrapping,MLP,AUG,F_hops_woody,-0.3862888813018799,0.4120693639342394
2,2,Bootstrapping,MLP,AUG,F_esters_all,-0.11301302909851074,0.579188940136783
2,2,Bootstrapping,MLP,AUG,F_esters_ethac,-0.2976822853088379,0.6590375506841368
2,2,Bootstrapping,MLP,AUG,F_esters_isoaa,-0.27694928646087646,0.5580973520297793
2,2,Bootstrapping,MLP,AUG,F_esters_flower,-0.3996744155883789,0.4118464205005697
2,2,Bootstrapping,MLP,AUG,F_esters_fruity,-0.25520849227905273,0.6360440336029897
2,2,Bootstrapping,MLP,AUG,acidity,0.6152243614196777,0.46089351573507903
2,2,Bootstrapping,MLP,AUG,bitternes,0.0670197606086731,0.8173866773215455
2,2,Bootstrapping,MLP,AUG,sweetness,0.3192482590675354,0.5703498880332903
2,2,Bootstrapping,MLP,AUG,X4vg,0.14543086290359497,0.6189017090586297
2,2,Bootstrapping,MLP,AUG,diacetyl,-0.9020030498504639,0.6398088792700504
2,2,Bootstrapping,MLP,AUG,dms,-0.7241637706756592,0.5876676066730632
2,2,Bootstrapping,MLP,AUG,metallic,-0.1765509843826294,0.4668470858459775
2,2,Bootstrapping,MLP,AUG,stale_hops,0.07544326782226562,0.3380322572965197
2,2,Bootstrapping,MLP,AUG,t2n,-0.3204127550125122,0.4282662903359075
2,2,Bootstrapping,MLP,AUG,orange,0.2244831919670105,0.9107836742306689
2,2,Bootstrapping,MLP,AUG,coriander,0.35028165578842163,0.522166031647844
2,2,Bootstrapping,MLP,AUG,clove,0.13585937023162842,0.5310909930856543
2,2,Bootstrapping,MLP,AUG,lactic,0.4645878076553345,0.3854707946228305
2,2,Bootstrapping,MLP,AUG,acetic,0.3261820077896118,0.41650887919025287
2,2,Bootstrapping,MLP,AUG,barnyard,0.22404193878173828,0.3169986218864738
2,2,Bootstrapping,MLP,AUG,alcohol,0.4829667806625366,0.612470175542476
2,2,Bootstrapping,MLP,AUG,aftertaste,0.1892019510269165,0.6451887533953006
2,2,Bootstrapping,MLP,AUG,body,0.1866639256477356,0.5468894411632624
2,2,Bootstrapping,MLP,AUG,co2,-0.3676872253417969,0.6588608712519899
2,2,Bootstrapping,MLP,AUG,overall,-0.2588646411895752,0.5597228795918826
2,2,KDE,GBDT,TSTR,A_malt_all,-0.14072513580322266,0.7629695306571234
2,2,KDE,GBDT,TSTR,A_malt_grain,-0.03697407245635986,0.4667351175100355
2,2,KDE,GBDT,TSTR,A_malt_bread,-0.1337285041809082,0.4796995503157686
2,2,KDE,GBDT,TSTR,A_malt_cara,-0.1506662368774414,0.6661232332795678
2,2,KDE,GBDT,TSTR,A_malt_burn,-0.019098877906799316,0.6348684374370006
2,2,KDE,GBDT,TSTR,A_hops_all,-0.07125437259674072,0.6377384469134665
2,2,KDE,GBDT,TSTR,A_hops_citrus,-0.035372138023376465,0.5063382978319425
2,2,KDE,GBDT,TSTR,A_hops_tropical,-0.030997633934020996,0.30546676800955597
2,2,KDE,GBDT,TSTR,A_hops_noble,-0.051571011543273926,0.5402963311780551
2,2,KDE,GBDT,TSTR,A_hops_woody,-0.06168699264526367,0.26517812219437664
2,2,KDE,GBDT,TSTR,A_esters_all,0.022092342376708984,0.6166538152343614
2,2,KDE,GBDT,TSTR,A_esters_ethac,-0.033846497535705566,0.5327950337699033
2,2,KDE,GBDT,TSTR,A_esters_isoaa,-0.018793463706970215,0.5509609172862097
2,2,KDE,GBDT,TSTR,A_esters_flower,-0.017156362533569336,0.3724768712716797
2,2,KDE,GBDT,TSTR,A_esters_fruity,0.023966610431671143,0.4650893163784331
2,2,KDE,GBDT,TSTR,F_malt_all,-0.001241445541381836,0.6906602358567763
2,2,KDE,GBDT,TSTR,F_malt_grain,-0.09189236164093018,0.5061055471818398
2,2,KDE,GBDT,TSTR,F_malt_bread,-0.0889129638671875,0.5994155520821188
2,2,KDE,GBDT,TSTR,F_malt_cara,-0.0624995231628418,0.5416530888640763
2,2,KDE,GBDT,TSTR,F_malt_burn,0.08319050073623657,0.604933077208294
2,2,KDE,GBDT,TSTR,F_hops_all,-0.12164008617401123,0.7018634711292764
2,2,KDE,GBDT,TSTR,F_hops_citrus,0.0019185543060302734,0.3718757220669957
2,2,KDE,GBDT,TSTR,F_hops_tropical,-0.1623828411102295,0.3747333134631894
2,2,KDE,GBDT,TSTR,F_hops_noble,-0.07658648490905762,0.7243875333608503
2,2,KDE,GBDT,TSTR,F_hops_woody,-0.15057671070098877,0.3754060255815436
2,2,KDE,GBDT,TSTR,F_esters_all,-0.1260901689529419,0.5825815351666987
2,2,KDE,GBDT,TSTR,F_esters_ethac,-0.026346445083618164,0.5861016615738135
2,2,KDE,GBDT,TSTR,F_esters_isoaa,-0.05413246154785156,0.5070732604786632
2,2,KDE,GBDT,TSTR,F_esters_flower,-0.04424142837524414,0.3557314478445938
2,2,KDE,GBDT,TSTR,F_esters_fruity,0.07638019323348999,0.5456018887810861
2,2,KDE,GBDT,TSTR,acidity,-0.038462042808532715,0.7571677385082324
2,2,KDE,GBDT,TSTR,bitternes,0.0025031566619873047,0.8451758804904812
2,2,KDE,GBDT,TSTR,sweetness,0.00666964054107666,0.6889597394444601
2,2,KDE,GBDT,TSTR,X4vg,-0.10355234146118164,0.7033063654640958
2,2,KDE,GBDT,TSTR,diacetyl,-0.04707169532775879,0.47471490322571175
2,2,KDE,GBDT,TSTR,dms,-0.12132811546325684,0.4739241657587199
2,2,KDE,GBDT,TSTR,metallic,-0.08077061176300049,0.4474412831352871
2,2,KDE,GBDT,TSTR,stale_hops,-0.027134418487548828,0.3562911235765186
2,2,KDE,GBDT,TSTR,t2n,-0.08880805969238281,0.3888971069107186
2,2,KDE,GBDT,TSTR,orange,-0.023656725883483887,1.046397769387227
2,2,KDE,GBDT,TSTR,coriander,0.004451155662536621,0.64636425273771
2,2,KDE,GBDT,TSTR,clove,0.09144121408462524,0.5445694142435381
2,2,KDE,GBDT,TSTR,lactic,0.020968973636627197,0.5212494110085798
2,2,KDE,GBDT,TSTR,acetic,-0.03656280040740967,0.51659567816976
2,2,KDE,GBDT,TSTR,barnyard,-0.10455882549285889,0.3782097225011703
2,2,KDE,GBDT,TSTR,alcohol,0.018472731113433838,0.8438726618579991
2,2,KDE,GBDT,TSTR,aftertaste,-0.016753315925598145,0.7225006760854759
2,2,KDE,GBDT,TSTR,body,-0.09381818771362305,0.6342158357487967
2,2,KDE,GBDT,TSTR,co2,-0.04132950305938721,0.5749027563877351
2,2,KDE,GBDT,TSTR,overall,-0.02154827117919922,0.5042117767277351
2,2,KDE,GBDT,AUG,A_malt_all,0.029915928840637207,0.7035927805935194
2,2,KDE,GBDT,AUG,A_malt_grain,-0.020903587341308594,0.4631043757480904
2,2,KDE,GBDT,AUG,A_malt_bread,-0.14985764026641846,0.483099750757163
2,2,KDE,GBDT,AUG,A_malt_cara,0.12481921911239624,0.580936657113402
2,2,KDE,GBDT,AUG,A_malt_burn,0.13299345970153809,0.5855807171814681
2,2,KDE,GBDT,AUG,A_hops_all,0.14825230836868286,0.5686588088488101
2,2,KDE,GBDT,AUG,A_hops_citrus,0.056593239307403564,0.4833280878220846
2,2,KDE,GBDT,AUG,A_hops_tropical,-0.06253063678741455,0.3101029251726436
2,2,KDE,GBDT,AUG,A_hops_noble,0.1854727864265442,0.475516406230506
2,2,KDE,GBDT,AUG,A_hops_woody,0.0537642240524292,0.25034511110847424
2,2,KDE,GBDT,AUG,A_esters_all,0.09006893634796143,0.594835293356261
2,2,KDE,GBDT,AUG,A_esters_ethac,0.09720051288604736,0.49788356422243424
2,2,KDE,GBDT,AUG,A_esters_isoaa,-0.07453203201293945,0.5658318863074443
2,2,KDE,GBDT,AUG,A_esters_flower,0.023970067501068115,0.3648690421182246
2,2,KDE,GBDT,AUG,A_esters_fruity,0.05443364381790161,0.45777285147046015
2,2,KDE,GBDT,AUG,F_malt_all,0.19709628820419312,0.6184815951718241
2,2,KDE,GBDT,AUG,F_malt_grain,0.031502723693847656,0.47665088646895437
2,2,KDE,GBDT,AUG,F_malt_bread,-0.007593035697937012,0.5765991437065416
2,2,KDE,GBDT,AUG,F_malt_cara,0.16794979572296143,0.4793267051908782
2,2,KDE,GBDT,AUG,F_malt_burn,0.39181262254714966,0.4927044530262756
2,2,KDE,GBDT,AUG,F_hops_all,0.39462482929229736,0.5156299995411178
2,2,KDE,GBDT,AUG,F_hops_citrus,0.04848480224609375,0.36309703134842863
2,2,KDE,GBDT,AUG,F_hops_tropical,-0.07090950012207031,0.3596864677434273
2,2,KDE,GBDT,AUG,F_hops_noble,0.21281403303146362,0.6194199133716518
2,2,KDE,GBDT,AUG,F_hops_woody,0.00020259618759155273,0.34994472637710367
2,2,KDE,GBDT,AUG,F_esters_all,0.17095047235488892,0.4998738010408332
2,2,KDE,GBDT,AUG,F_esters_ethac,0.12382054328918457,0.5415299652681372
2,2,KDE,GBDT,AUG,F_esters_isoaa,0.0062476396560668945,0.49233671984167515
2,2,KDE,GBDT,AUG,F_esters_flower,-0.026118040084838867,0.3526309836636199
2,2,KDE,GBDT,AUG,F_esters_fruity,0.04340571165084839,0.5552558405043844
2,2,KDE,GBDT,AUG,acidity,0.6946206092834473,0.41059780875627927
2,2,KDE,GBDT,AUG,bitternes,0.29140007495880127,0.7123474560118452
2,2,KDE,GBDT,AUG,sweetness,0.28148341178894043,0.5859565223149206
2,2,KDE,GBDT,AUG,X4vg,0.15904515981674194,0.6139520026420902
2,2,KDE,GBDT,AUG,diacetyl,0.06186389923095703,0.44934259449039343
2,2,KDE,GBDT,AUG,dms,-0.06351327896118164,0.46154488131524096
2,2,KDE,GBDT,AUG,metallic,0.0441552996635437,0.4207876285277754
2,2,KDE,GBDT,AUG,stale_hops,0.03978699445724487,0.34448882380213564
2,2,KDE,GBDT,AUG,t2n,0.1453419327735901,0.344552371616779
2,2,KDE,GBDT,AUG,orange,0.10029250383377075,0.9810029052823566
2,2,KDE,GBDT,AUG,coriander,0.1928674578666687,0.5819939466977673
2,2,KDE,GBDT,AUG,clove,0.013584136962890625,0.5674227570804345
2,2,KDE,GBDT,AUG,lactic,0.3005589246749878,0.4405780889010057
2,2,KDE,GBDT,AUG,acetic,0.4787551164627075,0.3663311773633876
2,2,KDE,GBDT,AUG,barnyard,-0.0472337007522583,0.3682646677186935
2,2,KDE,GBDT,AUG,alcohol,0.7179605960845947,0.4523562454316184
2,2,KDE,GBDT,AUG,aftertaste,0.27685868740081787,0.609315233478603
2,2,KDE,GBDT,AUG,body,0.47037726640701294,0.4413141306398739
2,2,KDE,GBDT,AUG,co2,0.19923019409179688,0.5041434742450817
2,2,KDE,GBDT,AUG,overall,0.0161740779876709,0.49481477850760053
2,2,KDE,MLP,TSTR,A_malt_all,-0.5764961242675781,0.896939463408791
2,2,KDE,MLP,TSTR,A_malt_grain,-0.44811272621154785,0.5515535769943042
2,2,KDE,MLP,TSTR,A_malt_bread,-0.494384765625,0.5507392055615543
2,2,KDE,MLP,TSTR,A_malt_cara,-0.10139667987823486,0.651706109812639
2,2,KDE,MLP,TSTR,A_malt_burn,-0.10456693172454834,0.6609545513866428
2,2,KDE,MLP,TSTR,A_hops_all,-0.5575783252716064,0.7689909611630847
2,2,KDE,MLP,TSTR,A_hops_citrus,-0.1434941291809082,0.5321199082768767
2,2,KDE,MLP,TSTR,A_hops_tropical,-1.1221504211425781,0.4382513100636601
2,2,KDE,MLP,TSTR,A_hops_noble,-0.4167593717575073,0.6271345880120296
2,2,KDE,MLP,TSTR,A_hops_woody,-0.8722367286682129,0.352143612710628
2,2,KDE,MLP,TSTR,A_esters_all,-0.15859127044677734,0.6712087610388511
2,2,KDE,MLP,TSTR,A_esters_ethac,-0.2225111722946167,0.5793734293466819
2,2,KDE,MLP,TSTR,A_esters_isoaa,-0.19759345054626465,0.5973548877345272
2,2,KDE,MLP,TSTR,A_esters_flower,-0.7794797420501709,0.4926653011178994
2,2,KDE,MLP,TSTR,A_esters_fruity,-0.33728790283203125,0.5443979841826324
2,2,KDE,MLP,TSTR,F_malt_all,-0.36586225032806396,0.8066747995300262
2,2,KDE,MLP,TSTR,F_malt_grain,-0.34871530532836914,0.5624855092619311
2,2,KDE,MLP,TSTR,F_malt_bread,-0.23783528804779053,0.639091214045557
2,2,KDE,MLP,TSTR,F_malt_cara,-0.3056851625442505,0.6004489401280108
2,2,KDE,MLP,TSTR,F_malt_burn,-0.14187932014465332,0.6751152019739709
2,2,KDE,MLP,TSTR,F_hops_all,-0.45294189453125,0.798821969230083
2,2,KDE,MLP,TSTR,F_hops_citrus,-0.23456048965454102,0.41359095443858773
2,2,KDE,MLP,TSTR,F_hops_tropical,-0.17911982536315918,0.3774215475881266
2,2,KDE,MLP,TSTR,F_hops_noble,-0.2486780881881714,0.7801385603002613
2,2,KDE,MLP,TSTR,F_hops_woody,-0.4438037872314453,0.42053054344161545
2,2,KDE,MLP,TSTR,F_esters_all,-0.2602628469467163,0.6163121063320913
2,2,KDE,MLP,TSTR,F_esters_ethac,-0.3038594722747803,0.6606042233595131
2,2,KDE,MLP,TSTR,F_esters_isoaa,-0.6191781759262085,0.6284495762936106
2,2,KDE,MLP,TSTR,F_esters_flower,-0.416345477104187,0.41429185812838704
2,2,KDE,MLP,TSTR,F_esters_fruity,-0.08299875259399414,0.5908037167574918
2,2,KDE,MLP,TSTR,acidity,-0.30244290828704834,0.8479615114492474
2,2,KDE,MLP,TSTR,bitternes,-0.23085808753967285,0.9388480666808305
2,2,KDE,MLP,TSTR,sweetness,0.13005024194717407,0.6447540360554055
2,2,KDE,MLP,TSTR,X4vg,0.001361548900604248,0.6690402221177861
2,2,KDE,MLP,TSTR,diacetyl,0.08920645713806152,0.4427459775590105
2,2,KDE,MLP,TSTR,dms,-0.47123897075653076,0.542855340104946
2,2,KDE,MLP,TSTR,metallic,-0.1149832010269165,0.4544681341070957
2,2,KDE,MLP,TSTR,stale_hops,-0.017885923385620117,0.35468343824842113
2,2,KDE,MLP,TSTR,t2n,0.04806596040725708,0.36363231964192666
2,2,KDE,MLP,TSTR,orange,-0.013422608375549316,1.041153889647638
2,2,KDE,MLP,TSTR,coriander,-0.005330204963684082,0.6495317624924918
2,2,KDE,MLP,TSTR,clove,-0.21249902248382568,0.6290967190830513
2,2,KDE,MLP,TSTR,lactic,-0.017850756645202637,0.531483038110382
2,2,KDE,MLP,TSTR,acetic,-0.0503920316696167,0.520030334073898
2,2,KDE,MLP,TSTR,barnyard,-0.12983262538909912,0.3825122278415665
2,2,KDE,MLP,TSTR,alcohol,-0.12641894817352295,0.904015120244803
2,2,KDE,MLP,TSTR,aftertaste,-0.190606951713562,0.7818341932008084
2,2,KDE,MLP,TSTR,body,-0.382387638092041,0.7129834258412266
2,2,KDE,MLP,TSTR,co2,-0.28635334968566895,0.6389699817645038
2,2,KDE,MLP,TSTR,overall,-0.4270350933074951,0.5959377139590699
2,2,KDE,MLP,AUG,A_malt_all,-0.123313307762146,0.7571242048043038
2,2,KDE,MLP,AUG,A_malt_grain,-0.503914475440979,0.5620799350517973
2,2,KDE,MLP,AUG,A_malt_bread,-0.2563364505767822,0.5049725273893311
2,2,KDE,MLP,AUG,A_malt_cara,0.055190324783325195,0.6036039614918409
2,2,KDE,MLP,AUG,A_malt_burn,0.13742578029632568,0.5840819924716015
2,2,KDE,MLP,AUG,A_hops_all,-0.3697240352630615,0.7211287567469301
2,2,KDE,MLP,AUG,A_hops_citrus,-0.2813175916671753,0.5632755972357711
2,2,KDE,MLP,AUG,A_hops_tropical,-2.974102735519409,0.5997285010080955
2,2,KDE,MLP,AUG,A_hops_noble,-0.38124334812164307,0.6192240373037745
2,2,KDE,MLP,AUG,A_hops_woody,-1.0334978103637695,0.3669959644165909
2,2,KDE,MLP,AUG,A_esters_all,-0.33300888538360596,0.7199610996996428
2,2,KDE,MLP,AUG,A_esters_ethac,-0.30909061431884766,0.5995383950633615
2,2,KDE,MLP,AUG,A_esters_isoaa,-0.29203665256500244,0.6204619162842903
2,2,KDE,MLP,AUG,A_esters_flower,-0.7763113975524902,0.49222650827504866
2,2,KDE,MLP,AUG,A_esters_fruity,-0.6494688987731934,0.6046110661817322
2,2,KDE,MLP,AUG,F_malt_all,0.11786562204360962,0.6482796994050763
2,2,KDE,MLP,AUG,F_malt_grain,-0.22859811782836914,0.5368539098609505
2,2,KDE,MLP,AUG,F_malt_bread,-0.2225508689880371,0.6351333022810949
2,2,KDE,MLP,AUG,F_malt_cara,0.00946497917175293,0.5229880837638389
2,2,KDE,MLP,AUG,F_malt_burn,-0.2528269290924072,0.707152888335602
2,2,KDE,MLP,AUG,F_hops_all,-0.17466354370117188,0.7182615527808272
2,2,KDE,MLP,AUG,F_hops_citrus,-0.8455275297164917,0.5056792126180291
2,2,KDE,MLP,AUG,F_hops_tropical,-1.9097990989685059,0.5928969529503247
2,2,KDE,MLP,AUG,F_hops_noble,-0.09319436550140381,0.7299534821386039
2,2,KDE,MLP,AUG,F_hops_woody,-0.9013067483901978,0.4825802593236496
2,2,KDE,MLP,AUG,F_esters_all,-0.3283045291900635,0.6327307848505277
2,2,KDE,MLP,AUG,F_esters_ethac,-0.30458760261535645,0.6607886676638092
2,2,KDE,MLP,AUG,F_esters_isoaa,-0.5738581418991089,0.6195921830642195
2,2,KDE,MLP,AUG,F_esters_flower,-1.0319457054138184,0.4962240933975547
2,2,KDE,MLP,AUG,F_esters_fruity,-0.41667211055755615,0.6757155590432778
2,2,KDE,MLP,AUG,acidity,0.06476336717605591,0.7185509032771675
2,2,KDE,MLP,AUG,bitternes,0.16661280393600464,0.7725289142468864
2,2,KDE,MLP,AUG,sweetness,0.19349777698516846,0.6207972364577988
2,2,KDE,MLP,AUG,X4vg,0.09452515840530396,0.6370687166545205
2,2,KDE,MLP,AUG,diacetyl,-0.23790037631988525,0.5161637468305724
2,2,KDE,MLP,AUG,dms,-0.21193647384643555,0.4926998257322566
2,2,KDE,MLP,AUG,metallic,-0.07959496974945068,0.447197854850517
2,2,KDE,MLP,AUG,stale_hops,-0.5417096614837646,0.4365084515416491
2,2,KDE,MLP,AUG,t2n,0.055744290351867676,0.36216280644836724
2,2,KDE,MLP,AUG,orange,0.012125015258789062,1.02794678833465
2,2,KDE,MLP,AUG,coriander,0.025320827960968018,0.6395535231196713
2,2,KDE,MLP,AUG,clove,-0.0072106122970581055,0.5733725092592399
2,2,KDE,MLP,AUG,lactic,-0.03872549533843994,0.5369053678616896
2,2,KDE,MLP,AUG,acetic,-0.9452568292617798,0.7076873685531272
2,2,KDE,MLP,AUG,barnyard,-0.6188428401947021,0.4578683311347492
2,2,KDE,MLP,AUG,alcohol,0.23436462879180908,0.745309627375475
2,2,KDE,MLP,AUG,aftertaste,0.16542130708694458,0.6545820611066816
2,2,KDE,MLP,AUG,body,0.14047211408615112,0.5622047603177657
2,2,KDE,MLP,AUG,co2,-0.20065128803253174,0.617317741269058
2,2,KDE,MLP,AUG,overall,-0.686553955078125,0.6478637316955012
2,2,GaussianCopula,GBDT,TSTR,A_malt_all,0.30957603454589844,0.5935736444476827
2,2,GaussianCopula,GBDT,TSTR,A_malt_grain,-0.07678282260894775,0.47560956140392535
2,2,GaussianCopula,GBDT,TSTR,A_malt_bread,0.04184526205062866,0.4409939181963764
2,2,GaussianCopula,GBDT,TSTR,A_malt_cara,0.2650318741798401,0.5323707035408134
2,2,GaussianCopula,GBDT,TSTR,A_malt_burn,0.19853276014328003,0.5630130547319342
2,2,GaussianCopula,GBDT,TSTR,A_hops_all,0.24396377801895142,0.5357566862129668
2,2,GaussianCopula,GBDT,TSTR,A_hops_citrus,0.11744022369384766,0.4674816774663844
2,2,GaussianCopula,GBDT,TSTR,A_hops_tropical,-0.2222607135772705,0.33259604045778524
2,2,GaussianCopula,GBDT,TSTR,A_hops_noble,0.1873931884765625,0.4749555228139836
2,2,GaussianCopula,GBDT,TSTR,A_hops_woody,0.03327333927154541,0.253041217030524
2,2,GaussianCopula,GBDT,TSTR,A_esters_all,0.08841967582702637,0.5953741447191104
2,2,GaussianCopula,GBDT,TSTR,A_esters_ethac,0.14529764652252197,0.48443955329693156
2,2,GaussianCopula,GBDT,TSTR,A_esters_isoaa,-0.022648334503173828,0.5520022770620456
2,2,GaussianCopula,GBDT,TSTR,A_esters_flower,-0.2623782157897949,0.4149542149600083
2,2,GaussianCopula,GBDT,TSTR,A_esters_fruity,0.16735327243804932,0.4295704768958336
2,2,GaussianCopula,GBDT,TSTR,F_malt_all,0.4973899722099304,0.48933990155338974
2,2,GaussianCopula,GBDT,TSTR,F_malt_grain,0.004832565784454346,0.48316923930851857
2,2,GaussianCopula,GBDT,TSTR,F_malt_bread,0.06747347116470337,0.5547049076411324
2,2,GaussianCopula,GBDT,TSTR,F_malt_cara,0.2139732837677002,0.4658815675522805
2,2,GaussianCopula,GBDT,TSTR,F_malt_burn,0.3523942828178406,0.5084205801410471
2,2,GaussianCopula,GBDT,TSTR,F_hops_all,0.4269676208496094,0.5016669262709004
2,2,GaussianCopula,GBDT,TSTR,F_hops_citrus,0.0917322039604187,0.35474951785849884
2,2,GaussianCopula,GBDT,TSTR,F_hops_tropical,-0.01150667667388916,0.34956832730015924
2,2,GaussianCopula,GBDT,TSTR,F_hops_noble,0.21214056015014648,0.6196848165479953
2,2,GaussianCopula,GBDT,TSTR,F_hops_woody,-0.0390474796295166,0.3567476636319554
2,2,GaussianCopula,GBDT,TSTR,F_esters_all,0.31933581829071045,0.45293573833600415
2,2,GaussianCopula,GBDT,TSTR,F_esters_ethac,0.144240140914917,0.5351825067246444
2,2,GaussianCopula,GBDT,TSTR,F_esters_isoaa,-0.05865490436553955,0.5081598414432635
2,2,GaussianCopula,GBDT,TSTR,F_esters_flower,0.05444538593292236,0.33850501546778483
2,2,GaussianCopula,GBDT,TSTR,F_esters_fruity,0.09165620803833008,0.5410711487189779
2,2,GaussianCopula,GBDT,TSTR,acidity,0.6054719686508179,0.46669776215438724
2,2,GaussianCopula,GBDT,TSTR,bitternes,0.5233474969863892,0.5842412938443389
2,2,GaussianCopula,GBDT,TSTR,sweetness,0.06056404113769531,0.670008906725141
2,2,GaussianCopula,GBDT,TSTR,X4vg,0.07132315635681152,0.6451792378486448
2,2,GaussianCopula,GBDT,TSTR,diacetyl,-0.1564391851425171,0.4988914359952101
2,2,GaussianCopula,GBDT,TSTR,dms,-0.03171563148498535,0.45459274471353006
2,2,GaussianCopula,GBDT,TSTR,metallic,0.08755850791931152,0.41112302646180676
2,2,GaussianCopula,GBDT,TSTR,stale_hops,-0.06029021739959717,0.3619959664963103
2,2,GaussianCopula,GBDT,TSTR,t2n,0.12462854385375977,0.3487026454537471
2,2,GaussianCopula,GBDT,TSTR,orange,0.07696342468261719,0.9936400466645405
2,2,GaussianCopula,GBDT,TSTR,coriander,0.014744460582733154,0.6430140816524461
2,2,GaussianCopula,GBDT,TSTR,clove,0.03244221210479736,0.5619726358010055
2,2,GaussianCopula,GBDT,TSTR,lactic,0.37867897748947144,0.4152459021876531
2,2,GaussianCopula,GBDT,TSTR,acetic,0.12039262056350708,0.47587993080785074
2,2,GaussianCopula,GBDT,TSTR,barnyard,0.074740469455719,0.34615454860915534
2,2,GaussianCopula,GBDT,TSTR,alcohol,0.7525634765625,0.4236991791646757
2,2,GaussianCopula,GBDT,TSTR,aftertaste,0.30101579427719116,0.599051448936993
2,2,GaussianCopula,GBDT,TSTR,body,0.6642453074455261,0.351378816727055
2,2,GaussianCopula,GBDT,TSTR,co2,0.1724381446838379,0.5125078712417174
2,2,GaussianCopula,GBDT,TSTR,overall,0.05443984270095825,0.48509647105527165
2,2,GaussianCopula,GBDT,AUG,A_malt_all,0.4460951089859009,0.5316603702463315
2,2,GaussianCopula,GBDT,AUG,A_malt_grain,0.0022075772285461426,0.45783249808109017
2,2,GaussianCopula,GBDT,AUG,A_malt_bread,-0.045101284980773926,0.4605681992787875
2,2,GaussianCopula,GBDT,AUG,A_malt_cara,0.29704171419143677,0.5206485865677903
2,2,GaussianCopula,GBDT,AUG,A_malt_burn,0.3315821886062622,0.5141615473627905
2,2,GaussianCopula,GBDT,AUG,A_hops_all,0.3018895387649536,0.5148234929222537
2,2,GaussianCopula,GBDT,AUG,A_hops_citrus,0.15794754028320312,0.4566275451979777
2,2,GaussianCopula,GBDT,AUG,A_hops_tropical,-0.2844928503036499,0.34095808376130793
2,2,GaussianCopula,GBDT,AUG,A_hops_noble,0.15821653604507446,0.4834069761812947
2,2,GaussianCopula,GBDT,AUG,A_hops_woody,0.22767704725265503,0.2261720367457416
2,2,GaussianCopula,GBDT,AUG,A_esters_all,0.09125596284866333,0.5944471783540471
2,2,GaussianCopula,GBDT,AUG,A_esters_ethac,0.25866562128067017,0.4511689520406788
2,2,GaussianCopula,GBDT,AUG,A_esters_isoaa,-0.0197218656539917,0.5512118989402026
2,2,GaussianCopula,GBDT,AUG,A_esters_flower,-0.2948552370071411,0.4202580725162887
2,2,GaussianCopula,GBDT,AUG,A_esters_fruity,0.08893853425979614,0.44934287636847925
2,2,GaussianCopula,GBDT,AUG,F_malt_all,0.4831129312515259,0.496241284757518
2,2,GaussianCopula,GBDT,AUG,F_malt_grain,-0.012863874435424805,0.4874462464848075
2,2,GaussianCopula,GBDT,AUG,F_malt_bread,0.02748894691467285,0.566472306181492
2,2,GaussianCopula,GBDT,AUG,F_malt_cara,0.14489227533340454,0.4859228015406183
2,2,GaussianCopula,GBDT,AUG,F_malt_burn,0.39602088928222656,0.4909968886218577
2,2,GaussianCopula,GBDT,AUG,F_hops_all,0.4261680245399475,0.5020167982037924
2,2,GaussianCopula,GBDT,AUG,F_hops_citrus,-0.08417701721191406,0.3875831806981151
2,2,GaussianCopula,GBDT,AUG,F_hops_tropical,-0.11919260025024414,0.3677055073306208
2,2,GaussianCopula,GBDT,AUG,F_hops_noble,0.2980063557624817,0.5849423923004561
2,2,GaussianCopula,GBDT,AUG,F_hops_woody,0.15710866451263428,0.32131370055741065
2,2,GaussianCopula,GBDT,AUG,F_esters_all,0.2031111717224121,0.4900822802476488
2,2,GaussianCopula,GBDT,AUG,F_esters_ethac,0.24339085817337036,0.5032244660996223
2,2,GaussianCopula,GBDT,AUG,F_esters_isoaa,-0.11854708194732666,0.522336371001974
2,2,GaussianCopula,GBDT,AUG,F_esters_flower,0.10779941082000732,0.32881607214838654
2,2,GaussianCopula,GBDT,AUG,F_esters_fruity,0.25023430585861206,0.4915775425058949
2,2,GaussianCopula,GBDT,AUG,acidity,0.7207605838775635,0.39263148917756546
2,2,GaussianCopula,GBDT,AUG,bitternes,0.6096228361129761,0.5287294901033138
2,2,GaussianCopula,GBDT,AUG,sweetness,0.4814372658729553,0.4977917036225362
2,2,GaussianCopula,GBDT,AUG,X4vg,0.24066847562789917,0.5833964881315251
2,2,GaussianCopula,GBDT,AUG,diacetyl,-0.1056203842163086,0.48780660829767836
2,2,GaussianCopula,GBDT,AUG,dms,-0.11043035984039307,0.47161558359321953
2,2,GaussianCopula,GBDT,AUG,metallic,0.14127510786056519,0.398837804723549
2,2,GaussianCopula,GBDT,AUG,stale_hops,0.008883416652679443,0.3499884654596759
2,2,GaussianCopula,GBDT,AUG,t2n,0.06645804643630981,0.3601023528178714
2,2,GaussianCopula,GBDT,AUG,orange,0.1352764368057251,0.9617413205954245
2,2,GaussianCopula,GBDT,AUG,coriander,0.16462945938110352,0.592087123687803
2,2,GaussianCopula,GBDT,AUG,clove,0.08402955532073975,0.5467860830773301
2,2,GaussianCopula,GBDT,AUG,lactic,0.6120486259460449,0.3281224682119877
2,2,GaussianCopula,GBDT,AUG,acetic,0.5612082481384277,0.3361105916526728
2,2,GaussianCopula,GBDT,AUG,barnyard,0.021657109260559082,0.3559457282638307
2,2,GaussianCopula,GBDT,AUG,alcohol,0.7666765451431274,0.4114384907955807
2,2,GaussianCopula,GBDT,AUG,aftertaste,0.384063184261322,0.5623394154103091
2,2,GaussianCopula,GBDT,AUG,body,0.6439854502677917,0.36182484893626987
2,2,GaussianCopula,GBDT,AUG,co2,0.34547680616378784,0.45578794009556184
2,2,GaussianCopula,GBDT,AUG,overall,0.11466503143310547,0.4693937966840945
2,2,GaussianCopula,MLP,TSTR,A_malt_all,0.08307331800460815,0.6840439322275068
2,2,GaussianCopula,MLP,TSTR,A_malt_grain,-0.27730774879455566,0.5180053962643688
2,2,GaussianCopula,MLP,TSTR,A_malt_bread,-0.8865581750869751,0.6187993742769502
2,2,GaussianCopula,MLP,TSTR,A_malt_cara,0.023118138313293457,0.6137633160236228
2,2,GaussianCopula,MLP,TSTR,A_malt_burn,0.05744600296020508,0.6105604867034122
2,2,GaussianCopula,MLP,TSTR,A_hops_all,-0.4879295825958252,0.7516012185764432
2,2,GaussianCopula,MLP,TSTR,A_hops_citrus,-0.45991599559783936,0.6012519183296801
2,2,GaussianCopula,MLP,TSTR,A_hops_tropical,-2.933180332183838,0.5966327355325123
2,2,GaussianCopula,MLP,TSTR,A_hops_noble,-0.24440813064575195,0.5877520375689029
2,2,GaussianCopula,MLP,TSTR,A_hops_woody,-0.23691236972808838,0.28622588639120006
2,2,GaussianCopula,MLP,TSTR,A_esters_all,-0.7126344442367554,0.816065119241673
2,2,GaussianCopula,MLP,TSTR,A_esters_ethac,-0.4275325536727905,0.6260732733755512
2,2,GaussianCopula,MLP,TSTR,A_esters_isoaa,-0.45587706565856934,0.658627811695931
2,2,GaussianCopula,MLP,TSTR,A_esters_flower,-0.6589921712875366,0.4756939273871638
2,2,GaussianCopula,MLP,TSTR,A_esters_fruity,-0.8472107648849487,0.6398265561505635
2,2,GaussianCopula,MLP,TSTR,F_malt_all,0.2274138331413269,0.6066923513669455
2,2,GaussianCopula,MLP,TSTR,F_malt_grain,-0.10010945796966553,0.5080063669902061
2,2,GaussianCopula,MLP,TSTR,F_malt_bread,-0.0065506696701049805,0.5763008361288079
2,2,GaussianCopula,MLP,TSTR,F_malt_cara,0.05663377046585083,0.5103839617261681
2,2,GaussianCopula,MLP,TSTR,F_malt_burn,-0.0824885368347168,0.6573239122593207
2,2,GaussianCopula,MLP,TSTR,F_hops_all,-0.11491930484771729,0.6997575655123097
2,2,GaussianCopula,MLP,TSTR,F_hops_citrus,-0.9772583246231079,0.5234154653893234
2,2,GaussianCopula,MLP,TSTR,F_hops_tropical,-1.6103196144104004,0.5615579080367384
2,2,GaussianCopula,MLP,TSTR,F_hops_noble,-0.06618869304656982,0.7208809155174659
2,2,GaussianCopula,MLP,TSTR,F_hops_woody,-0.0849616527557373,0.36454456895286325
2,2,GaussianCopula,MLP,TSTR,F_esters_all,-0.5493005514144897,0.6833417809553488
2,2,GaussianCopula,MLP,TSTR,F_esters_ethac,-0.38449180126190186,0.6807241317535583
2,2,GaussianCopula,MLP,TSTR,F_esters_isoaa,-1.3110957145690918,0.7508135198193884
2,2,GaussianCopula,MLP,TSTR,F_esters_flower,-1.002213716506958,0.4925802722372859
2,2,GaussianCopula,MLP,TSTR,F_esters_fruity,-0.4858590364456177,0.6920190670812657
2,2,GaussianCopula,MLP,TSTR,acidity,0.13085275888442993,0.6926972572378094
2,2,GaussianCopula,MLP,TSTR,bitternes,0.06038475036621094,0.8202879765795831
2,2,GaussianCopula,MLP,TSTR,sweetness,0.09818410873413086,0.6564564607190592
2,2,GaussianCopula,MLP,TSTR,X4vg,-0.37325263023376465,0.7845548157684491
2,2,GaussianCopula,MLP,TSTR,diacetyl,0.1626320481300354,0.424524552506908
2,2,GaussianCopula,MLP,TSTR,dms,-0.8150844573974609,0.6029633399263976
2,2,GaussianCopula,MLP,TSTR,metallic,-0.5394314527511597,0.5340100843802511
2,2,GaussianCopula,MLP,TSTR,stale_hops,0.04909402132034302,0.34281525533398216
2,2,GaussianCopula,MLP,TSTR,t2n,0.11760234832763672,0.35009927363534177
2,2,GaussianCopula,MLP,TSTR,orange,-0.11970043182373047,1.0943861065294986
2,2,GaussianCopula,MLP,TSTR,coriander,-0.1568317413330078,0.6967566633463628
2,2,GaussianCopula,MLP,TSTR,clove,-0.18346059322357178,0.6215178523227182
2,2,GaussianCopula,MLP,TSTR,lactic,0.15669822692871094,0.4837699002354581
2,2,GaussianCopula,MLP,TSTR,acetic,0.3833901882171631,0.39843564874555565
2,2,GaussianCopula,MLP,TSTR,barnyard,-0.17750871181488037,0.3904993618143022
2,2,GaussianCopula,MLP,TSTR,alcohol,0.22776079177856445,0.7485170007582956
2,2,GaussianCopula,MLP,TSTR,aftertaste,0.04613149166107178,0.6998012183846276
2,2,GaussianCopula,MLP,TSTR,body,-0.15459513664245605,0.6515974698642248
2,2,GaussianCopula,MLP,TSTR,co2,-0.18980467319488525,0.6145230252908305
2,2,GaussianCopula,MLP,TSTR,overall,-0.8507524728775024,0.6786685189363625
2,2,GaussianCopula,MLP,AUG,A_malt_all,0.3503164052963257,0.5757946784059428
2,2,GaussianCopula,MLP,AUG,A_malt_grain,-0.34859681129455566,0.5322645821246882
2,2,GaussianCopula,MLP,AUG,A_malt_bread,-0.34156882762908936,0.5218206457282891
2,2,GaussianCopula,MLP,AUG,A_malt_cara,0.2506672143936157,0.5375480386425191
2,2,GaussianCopula,MLP,AUG,A_malt_burn,0.45643097162246704,0.463663526297579
2,2,GaussianCopula,MLP,AUG,A_hops_all,-0.386960506439209,0.7256518984728582
2,2,GaussianCopula,MLP,AUG,A_hops_citrus,-0.08157002925872803,0.517511298705887
2,2,GaussianCopula,MLP,AUG,A_hops_tropical,-2.940359354019165,0.5971769767325118
2,2,GaussianCopula,MLP,AUG,A_hops_noble,0.3120974898338318,0.4369946865406906
2,2,GaussianCopula,MLP,AUG,A_hops_woody,-0.6527212858200073,0.3308561737013763
2,2,GaussianCopula,MLP,AUG,A_esters_all,-0.3981666564941406,0.7373470875251641
2,2,GaussianCopula,MLP,AUG,A_esters_ethac,-0.3079792261123657,0.5992838320644913
2,2,GaussianCopula,MLP,AUG,A_esters_isoaa,-0.27232372760772705,0.6157104345767983
2,2,GaussianCopula,MLP,AUG,A_esters_flower,-0.7304427623748779,0.48582970690096267
2,2,GaussianCopula,MLP,AUG,A_esters_fruity,-0.6480708122253418,0.6043547934829908
2,2,GaussianCopula,MLP,AUG,F_malt_all,0.3498690724372864,0.5565388101187106
2,2,GaussianCopula,MLP,AUG,F_malt_grain,-0.30199480056762695,0.5526571860182808
2,2,GaussianCopula,MLP,AUG,F_malt_bread,-0.04501760005950928,0.5872096937288275
2,2,GaussianCopula,MLP,AUG,F_malt_cara,0.07001858949661255,0.5067502870017822
2,2,GaussianCopula,MLP,AUG,F_malt_burn,0.38845294713974,0.49406343543237374
2,2,GaussianCopula,MLP,AUG,F_hops_all,0.29999518394470215,0.5544678965236629
2,2,GaussianCopula,MLP,AUG,F_hops_citrus,-0.962213397026062,0.5214203355879686
2,2,GaussianCopula,MLP,AUG,F_hops_tropical,-1.9346897602081299,0.5954273773851273
2,2,GaussianCopula,MLP,AUG,F_hops_noble,0.23093384504318237,0.612249368848744
2,2,GaussianCopula,MLP,AUG,F_hops_woody,-0.09617578983306885,0.36642370528102813
2,2,GaussianCopula,MLP,AUG,F_esters_all,-0.3878425359725952,0.6467556571521339
2,2,GaussianCopula,MLP,AUG,F_esters_ethac,-0.31022703647613525,0.6622153453364051
2,2,GaussianCopula,MLP,AUG,F_esters_isoaa,-0.7758097648620605,0.6581446454701567
2,2,GaussianCopula,MLP,AUG,F_esters_flower,-0.994148850440979,0.4915872273952384
2,2,GaussianCopula,MLP,AUG,F_esters_fruity,-0.3370727300643921,0.6564577091843198
2,2,GaussianCopula,MLP,AUG,acidity,0.2511332631111145,0.6429823557641298
2,2,GaussianCopula,MLP,AUG,bitternes,0.49803847074508667,0.5995515677454416
2,2,GaussianCopula,MLP,AUG,sweetness,0.13306987285614014,0.6436340792458787
2,2,GaussianCopula,MLP,AUG,X4vg,-0.08208620548248291,0.6964324760676883
2,2,GaussianCopula,MLP,AUG,diacetyl,-0.018631935119628906,0.4682235940920573
2,2,GaussianCopula,MLP,AUG,dms,-0.3110147714614868,0.5124438441144737
2,2,GaussianCopula,MLP,AUG,metallic,-0.014921307563781738,0.43359620720794273
2,2,GaussianCopula,MLP,AUG,stale_hops,0.018558740615844727,0.3482759610164265
2,2,GaussianCopula,MLP,AUG,t2n,-0.04616498947143555,0.38120547488004647
2,2,GaussianCopula,MLP,AUG,orange,-0.20966482162475586,1.1375019220189215
2,2,GaussianCopula,MLP,AUG,coriander,0.007085084915161133,0.6455086435379012
2,2,GaussianCopula,MLP,AUG,clove,-0.0025734901428222656,0.5720511024612515
2,2,GaussianCopula,MLP,AUG,lactic,0.06941616535186768,0.5081888125000016
2,2,GaussianCopula,MLP,AUG,acetic,-0.8724048137664795,0.6943090677762854
2,2,GaussianCopula,MLP,AUG,barnyard,-0.013837933540344238,0.3623452176767147
2,2,GaussianCopula,MLP,AUG,alcohol,0.6411542892456055,0.5102459920607086
2,2,GaussianCopula,MLP,AUG,aftertaste,0.21232348680496216,0.6359228062162318
2,2,GaussianCopula,MLP,AUG,body,0.3110344409942627,0.5033421278915751
2,2,GaussianCopula,MLP,AUG,co2,-0.2304152250289917,0.6249225091579275
2,2,GaussianCopula,MLP,AUG,overall,-0.4973713159561157,0.6104474534049023
2,2,VAE,GBDT,TSTR,A_malt_all,0.028153955936431885,0.704231472437919
2,2,VAE,GBDT,TSTR,A_malt_grain,-0.0387110710144043,0.4671258286052048
2,2,VAE,GBDT,TSTR,A_malt_bread,-0.013444781303405762,0.45353919862500014
2,2,VAE,GBDT,TSTR,A_malt_cara,0.005915224552154541,0.6191439222374372
2,2,VAE,GBDT,TSTR,A_malt_burn,-0.02201974391937256,0.6357776262803964
2,2,VAE,GBDT,TSTR,A_hops_all,0.027983486652374268,0.6074815579743017
2,2,VAE,GBDT,TSTR,A_hops_citrus,-0.002425074577331543,0.4982169664938781
2,2,VAE,GBDT,TSTR,A_hops_tropical,0.06718218326568604,0.2905584751407537
2,2,VAE,GBDT,TSTR,A_hops_noble,-0.029553890228271484,0.5346102191272288
2,2,VAE,GBDT,TSTR,A_hops_woody,-0.08319079875946045,0.26785016675220774
2,2,VAE,GBDT,TSTR,A_esters_all,0.0006906390190124512,0.6233650758212246
2,2,VAE,GBDT,TSTR,A_esters_ethac,-0.01539754867553711,0.528019789649994
2,2,VAE,GBDT,TSTR,A_esters_isoaa,0.013478279113769531,0.5421644607178147
2,2,VAE,GBDT,TSTR,A_esters_flower,-0.014775872230529785,0.3720407549313993
2,2,VAE,GBDT,TSTR,A_esters_fruity,0.04064345359802246,0.4610988690083403
2,2,VAE,GBDT,TSTR,F_malt_all,0.019447386264801025,0.683487387965669
2,2,VAE,GBDT,TSTR,F_malt_grain,-0.07552087306976318,0.5022970127415594
2,2,VAE,GBDT,TSTR,F_malt_bread,-0.11096227169036865,0.6054538848036574
2,2,VAE,GBDT,TSTR,F_malt_cara,-0.030177831649780273,0.533350829741463
2,2,VAE,GBDT,TSTR,F_malt_burn,0.016792893409729004,0.6264555908851824
2,2,VAE,GBDT,TSTR,F_hops_all,0.011827409267425537,0.6587828395265724
2,2,VAE,GBDT,TSTR,F_hops_citrus,-0.0072814226150512695,0.37358569632304867
2,2,VAE,GBDT,TSTR,F_hops_tropical,0.011934816837310791,0.3454939969385933
2,2,VAE,GBDT,TSTR,F_hops_noble,0.023847341537475586,0.6897716920918308
2,2,VAE,GBDT,TSTR,F_hops_woody,0.04360610246658325,0.3422644985783859
2,2,VAE,GBDT,TSTR,F_esters_all,-0.013794183731079102,0.5527707145256695
2,2,VAE,GBDT,TSTR,F_esters_ethac,-0.014612317085266113,0.5827416047040164
2,2,VAE,GBDT,TSTR,F_esters_isoaa,0.01616084575653076,0.48987490176204507
2,2,VAE,GBDT,TSTR,F_esters_flower,-0.012377619743347168,0.35026203802742717
2,2,VAE,GBDT,TSTR,F_esters_fruity,-0.005977988243103027,0.5694078822015443
2,2,VAE,GBDT,TSTR,acidity,0.017906010150909424,0.7363314034062668
2,2,VAE,GBDT,TSTR,bitternes,0.03508681058883667,0.8312572407227854
2,2,VAE,GBDT,TSTR,sweetness,0.037223100662231445,0.6782812501054512
2,2,VAE,GBDT,TSTR,X4vg,-0.021156907081604004,0.676541336468596
2,2,VAE,GBDT,TSTR,diacetyl,0.009982705116271973,0.4616002635964975
2,2,VAE,GBDT,TSTR,dms,-0.05039989948272705,0.45869058174837246
2,2,VAE,GBDT,TSTR,metallic,-0.016229867935180664,0.4338756366682203
2,2,VAE,GBDT,TSTR,stale_hops,0.0014511346817016602,0.35129826470352865
2,2,VAE,GBDT,TSTR,t2n,-0.06449127197265625,0.3845298741954262
2,2,VAE,GBDT,TSTR,orange,-0.022676825523376465,1.0458968418084233
2,2,VAE,GBDT,TSTR,coriander,-0.044384121894836426,0.6620276971811268
2,2,VAE,GBDT,TSTR,clove,-0.03516209125518799,0.5812740136385137
2,2,VAE,GBDT,TSTR,lactic,-0.02899777889251709,0.5343853765450612
2,2,VAE,GBDT,TSTR,acetic,0.003491520881652832,0.506516342978306
2,2,VAE,GBDT,TSTR,barnyard,-0.023495197296142578,0.3640668639547727
2,2,VAE,GBDT,TSTR,alcohol,0.01591867208480835,0.8449698566387338
2,2,VAE,GBDT,TSTR,aftertaste,0.016084015369415283,0.7107378501162223
2,2,VAE,GBDT,TSTR,body,0.008548200130462646,0.603810037940956
2,2,VAE,GBDT,TSTR,co2,-0.04290270805358887,0.5753368987090467
2,2,VAE,GBDT,TSTR,overall,-0.04716229438781738,0.5104938727654704
2,2,VAE,GBDT,AUG,A_malt_all,0.36528170108795166,0.5691243951560933
2,2,VAE,GBDT,AUG,A_malt_grain,-0.0706554651260376,0.47425439691189464
2,2,VAE,GBDT,AUG,A_malt_bread,-0.07584595680236816,0.4672935748164073
2,2,VAE,GBDT,AUG,A_malt_cara,0.2694145441055298,0.5307810621061939
2,2,VAE,GBDT,AUG,A_malt_burn,0.2596486806869507,0.541121159255051
2,2,VAE,GBDT,AUG,A_hops_all,0.2602499723434448,0.5299547337149039
2,2,VAE,GBDT,AUG,A_hops_citrus,0.09786993265151978,0.4726363406441306
2,2,VAE,GBDT,AUG,A_hops_tropical,-0.0724020004272461,0.3115400949646577
2,2,VAE,GBDT,AUG,A_hops_noble,0.2741393446922302,0.44888940431008684
2,2,VAE,GBDT,AUG,A_hops_woody,0.0002986788749694824,0.2573205994671795
2,2,VAE,GBDT,AUG,A_esters_all,0.09434014558792114,0.5934375894716184
2,2,VAE,GBDT,AUG,A_esters_ethac,0.22098308801651,0.4624934363543802
2,2,VAE,GBDT,AUG,A_esters_isoaa,0.0006225109100341797,0.5456855918563426
2,2,VAE,GBDT,AUG,A_esters_flower,0.028662264347076416,0.3639909313730684
2,2,VAE,GBDT,AUG,A_esters_fruity,0.12375622987747192,0.44067306729829575
2,2,VAE,GBDT,AUG,F_malt_all,0.2865314483642578,0.5830186750208349
2,2,VAE,GBDT,AUG,F_malt_grain,0.10352277755737305,0.4585860289097529
2,2,VAE,GBDT,AUG,F_malt_bread,0.11266899108886719,0.5410959067151596
2,2,VAE,GBDT,AUG,F_malt_cara,0.0511055588722229,0.5118772246763073
2,2,VAE,GBDT,AUG,F_malt_burn,0.3979400396347046,0.49021619785850895
2,2,VAE,GBDT,AUG,F_hops_all,0.41171395778656006,0.5083000483585465
2,2,VAE,GBDT,AUG,F_hops_citrus,0.11804330348968506,0.3495734745112386
2,2,VAE,GBDT,AUG,F_hops_tropical,-0.13319194316864014,0.3699980571734481
2,2,VAE,GBDT,AUG,F_hops_noble,0.3928835391998291,0.5439794450936706
2,2,VAE,GBDT,AUG,F_hops_woody,0.1128075122833252,0.3296494606635937
2,2,VAE,GBDT,AUG,F_esters_all,0.2440880537033081,0.47731571396128636
2,2,VAE,GBDT,AUG,F_esters_ethac,0.24914991855621338,0.5013056337965703
2,2,VAE,GBDT,AUG,F_esters_isoaa,-0.03955841064453125,0.5035557673916694
2,2,VAE,GBDT,AUG,F_esters_flower,0.05987805128097534,0.3375311797362428
2,2,VAE,GBDT,AUG,F_esters_fruity,0.13411885499954224,0.5282729827495735
2,2,VAE,GBDT,AUG,acidity,0.7563647031784058,0.36674726758093756
2,2,VAE,GBDT,AUG,bitternes,0.6198121309280396,0.5217836357135724
2,2,VAE,GBDT,AUG,sweetness,0.3405458927154541,0.5613571849672718
2,2,VAE,GBDT,AUG,X4vg,0.19776874780654907,0.5996500554403704
2,2,VAE,GBDT,AUG,diacetyl,-0.1777820587158203,0.5034740871818758
2,2,VAE,GBDT,AUG,dms,0.05474013090133667,0.4351290764534145
2,2,VAE,GBDT,AUG,metallic,0.04569751024246216,0.42044802682331694
2,2,VAE,GBDT,AUG,stale_hops,0.015861988067626953,0.348754124411939
2,2,VAE,GBDT,AUG,t2n,0.007641613483428955,0.371272957345672
2,2,VAE,GBDT,AUG,orange,0.1549474596977234,0.950739392101282
2,2,VAE,GBDT,AUG,coriander,0.164503276348114,0.5921318440717225
2,2,VAE,GBDT,AUG,clove,0.1430453062057495,0.5288781624890819
2,2,VAE,GBDT,AUG,lactic,0.5464131832122803,0.35479506907434166
2,2,VAE,GBDT,AUG,acetic,0.513575553894043,0.35388377288783035
2,2,VAE,GBDT,AUG,barnyard,0.07648497819900513,0.34582807147186323
2,2,VAE,GBDT,AUG,alcohol,0.7578272223472595,0.41916824847062584
2,2,VAE,GBDT,AUG,aftertaste,0.3830985426902771,0.5627795955056001
2,2,VAE,GBDT,AUG,body,0.6059647798538208,0.3806554395032709
2,2,VAE,GBDT,AUG,co2,0.35991382598876953,0.45073318621885006
2,2,VAE,GBDT,AUG,overall,-0.0730522871017456,0.5167660658599216
2,2,VAE,MLP,TSTR,A_malt_all,-0.5901143550872803,0.9008051648236659
2,2,VAE,MLP,TSTR,A_malt_grain,-0.3768794536590576,0.5378169444918475
2,2,VAE,MLP,TSTR,A_malt_bread,-1.0587913990020752,0.6464291690177835
2,2,VAE,MLP,TSTR,A_malt_cara,-0.5228972434997559,0.7663289162352392
2,2,VAE,MLP,TSTR,A_malt_burn,-1.3081586360931396,0.9554509720353139
2,2,VAE,MLP,TSTR,A_hops_all,-0.6183180809020996,0.7838414509059765
2,2,VAE,MLP,TSTR,A_hops_citrus,-0.323991060256958,0.5725785269041624
2,2,VAE,MLP,TSTR,A_hops_tropical,-3.165156364440918,0.6139751566340375
2,2,VAE,MLP,TSTR,A_hops_noble,-0.6428968906402588,0.6753328412270079
2,2,VAE,MLP,TSTR,A_hops_woody,-1.446631908416748,0.4025536332322901
2,2,VAE,MLP,TSTR,A_esters_all,-0.32007932662963867,0.7164608950142536
2,2,VAE,MLP,TSTR,A_esters_ethac,-0.6140224933624268,0.6657128414881563
2,2,VAE,MLP,TSTR,A_esters_isoaa,-0.3373144865036011,0.6312399740650425
2,2,VAE,MLP,TSTR,A_esters_flower,-1.0071730613708496,0.5232362787440643
2,2,VAE,MLP,TSTR,A_esters_fruity,-0.9390887022018433,0.6555455377678978
2,2,VAE,MLP,TSTR,F_malt_all,-0.2287529706954956,0.7651161137516517
2,2,VAE,MLP,TSTR,F_malt_grain,-0.24952220916748047,0.5414061531187909
2,2,VAE,MLP,TSTR,F_malt_bread,-0.2416311502456665,0.6400703494701885
2,2,VAE,MLP,TSTR,F_malt_cara,-0.7520244121551514,0.6955477498732524
2,2,VAE,MLP,TSTR,F_malt_burn,-0.8005671501159668,0.8477590823754296
2,2,VAE,MLP,TSTR,F_hops_all,-0.3881380558013916,0.7808043162336025
2,2,VAE,MLP,TSTR,F_hops_citrus,-0.8542361259460449,0.5068708933277022
2,2,VAE,MLP,TSTR,F_hops_tropical,-1.6814954280853271,0.5691624372147359
2,2,VAE,MLP,TSTR,F_hops_noble,-0.30696070194244385,0.798137562174204
2,2,VAE,MLP,TSTR,F_hops_woody,-1.282261610031128,0.5287205278466035
2,2,VAE,MLP,TSTR,F_esters_all,-0.6047484874725342,0.6954623500209822
2,2,VAE,MLP,TSTR,F_esters_ethac,-0.550661563873291,0.7204178656514216
2,2,VAE,MLP,TSTR,F_esters_isoaa,-1.1109294891357422,0.7175629391462466
2,2,VAE,MLP,TSTR,F_esters_flower,-1.172346591949463,0.5130815195765409
2,2,VAE,MLP,TSTR,F_esters_fruity,-0.6448664665222168,0.7281059360873591
2,2,VAE,MLP,TSTR,acidity,-0.5510711669921875,0.9253641146481191
2,2,VAE,MLP,TSTR,bitternes,-0.23559796810150146,0.9406540267369068
2,2,VAE,MLP,TSTR,sweetness,-0.10675346851348877,0.7272310769958902
2,2,VAE,MLP,TSTR,X4vg,-0.8715476989746094,0.9159009979689928
2,2,VAE,MLP,TSTR,diacetyl,-0.4791221618652344,0.5642176470221506
2,2,VAE,MLP,TSTR,dms,-1.0596606731414795,0.6423035704699239
2,2,VAE,MLP,TSTR,metallic,-1.1285333633422852,0.6279275280098098
2,2,VAE,MLP,TSTR,stale_hops,-1.635014295578003,0.5706671043480475
2,2,VAE,MLP,TSTR,t2n,-0.40718257427215576,0.4421140009854937
2,2,VAE,MLP,TSTR,orange,-0.41971302032470703,1.2323098109057748
2,2,VAE,MLP,TSTR,coriander,-0.344074010848999,0.7510306111940448
2,2,VAE,MLP,TSTR,clove,-0.12595605850219727,0.6062300295342573
2,2,VAE,MLP,TSTR,lactic,-0.8498653173446655,0.7165019912558955
2,2,VAE,MLP,TSTR,acetic,-1.481330156326294,0.7992731920420704
2,2,VAE,MLP,TSTR,barnyard,-1.6276600360870361,0.5833414423469768
2,2,VAE,MLP,TSTR,alcohol,-0.24753904342651367,0.9513773608070025
2,2,VAE,MLP,TSTR,aftertaste,-0.21989095211029053,0.7913907138997867
2,2,VAE,MLP,TSTR,body,-0.5849094390869141,0.7634256653838489
2,2,VAE,MLP,TSTR,co2,-0.22692179679870605,0.6240347083660358
2,2,VAE,MLP,TSTR,overall,-0.6649870872497559,0.6437081138168804
2,2,VAE,MLP,AUG,A_malt_all,0.2867775559425354,0.6032942578885178
2,2,VAE,MLP,AUG,A_malt_grain,-0.45958495140075684,0.5537340270380153
2,2,VAE,MLP,AUG,A_malt_bread,-0.42481672763824463,0.537767153152009
2,2,VAE,MLP,AUG,A_malt_cara,0.0592350959777832,0.6023105330158514
2,2,VAE,MLP,AUG,A_malt_burn,0.35910505056381226,0.5034646753498241
2,2,VAE,MLP,AUG,A_hops_all,-0.5474519729614258,0.7664871421999637
2,2,VAE,MLP,AUG,A_hops_citrus,-0.26140737533569336,0.5588821253636947
2,2,VAE,MLP,AUG,A_hops_tropical,-3.310793876647949,0.6246169585434991
2,2,VAE,MLP,AUG,A_hops_noble,-0.4541579484939575,0.6353580234127548
2,2,VAE,MLP,AUG,A_hops_woody,-1.2628026008605957,0.38713529097785415
2,2,VAE,MLP,AUG,A_esters_all,-0.35149049758911133,0.7249348775620694
2,2,VAE,MLP,AUG,A_esters_ethac,-0.32836663722991943,0.6039362802478372
2,2,VAE,MLP,AUG,A_esters_isoaa,-0.12390553951263428,0.578685514552757
2,2,VAE,MLP,AUG,A_esters_flower,-0.8981863260269165,0.5088325232982384
2,2,VAE,MLP,AUG,A_esters_fruity,-0.6085982322692871,0.5970735389490024
2,2,VAE,MLP,AUG,F_malt_all,0.41590845584869385,0.5275158636591399
2,2,VAE,MLP,AUG,F_malt_grain,-0.2357579469680786,0.5384159080263071
2,2,VAE,MLP,AUG,F_malt_bread,-0.13061845302581787,0.6107865393393238
2,2,VAE,MLP,AUG,F_malt_cara,-0.16038787364959717,0.5660547678637222
2,2,VAE,MLP,AUG,F_malt_burn,0.33937394618988037,0.5135061192412557
2,2,VAE,MLP,AUG,F_hops_all,-0.18792343139648438,0.722304139830487
2,2,VAE,MLP,AUG,F_hops_citrus,-0.9106650352478027,0.5145257445271663
2,2,VAE,MLP,AUG,F_hops_tropical,-1.5623867511749268,0.5563781387096586
2,2,VAE,MLP,AUG,F_hops_noble,-0.054418087005615234,0.7168906251889016
2,2,VAE,MLP,AUG,F_hops_woody,-0.8497154712677002,0.475987900953836
2,2,VAE,MLP,AUG,F_esters_all,-0.28116583824157715,0.6214022320182723
2,2,VAE,MLP,AUG,F_esters_ethac,-0.27255213260650635,0.6526250404090481
2,2,VAE,MLP,AUG,F_esters_isoaa,-0.40091145038604736,0.5845591545633274
2,2,VAE,MLP,AUG,F_esters_flower,-0.9727944135665894,0.4889480462987947
2,2,VAE,MLP,AUG,F_esters_fruity,-0.29130661487579346,0.6451251212823788
2,2,VAE,MLP,AUG,acidity,0.28465408086776733,0.6284270030263703
2,2,VAE,MLP,AUG,bitternes,0.1383606195449829,0.7855142944195976
2,2,VAE,MLP,AUG,sweetness,-0.03743898868560791,0.7040901553516953
2,2,VAE,MLP,AUG,X4vg,0.009207010269165039,0.666407003100418
2,2,VAE,MLP,AUG,diacetyl,-0.19829344749450684,0.5078392315211038
2,2,VAE,MLP,AUG,dms,-0.6706080436706543,0.5784685815078616
2,2,VAE,MLP,AUG,metallic,-0.03084242343902588,0.4369838769664157
2,2,VAE,MLP,AUG,stale_hops,-0.7693699598312378,0.46762816974775984
2,2,VAE,MLP,AUG,t2n,0.08484441041946411,0.3565385670365404
2,2,VAE,MLP,AUG,orange,0.06814807653427124,0.9983735865521697
2,2,VAE,MLP,AUG,coriander,0.10645824670791626,0.6123552803419896
2,2,VAE,MLP,AUG,clove,0.04762512445449829,0.5575459663617404
2,2,VAE,MLP,AUG,lactic,-0.19012343883514404,0.5747028308543135
2,2,VAE,MLP,AUG,acetic,-0.8558042049407959,0.6912243706227054
2,2,VAE,MLP,AUG,barnyard,-1.1695396900177002,0.5300563698157642
2,2,VAE,MLP,AUG,alcohol,0.2716454863548279,0.7269375971099655
2,2,VAE,MLP,AUG,aftertaste,0.1572328805923462,0.6577854132795319
2,2,VAE,MLP,AUG,body,0.09032803773880005,0.5783715624454624
2,2,VAE,MLP,AUG,co2,-0.16687607765197754,0.6085729945589279
2,2,VAE,MLP,AUG,overall,-0.8099842071533203,0.6711520586006805
2,2,CTGAN,GBDT,TSTR,A_malt_all,-0.06988179683685303,0.7388981658628836
2,2,CTGAN,GBDT,TSTR,A_malt_grain,-0.29700493812561035,0.5219841608790471
2,2,CTGAN,GBDT,TSTR,A_malt_bread,-0.1392582654953003,0.48086797983882357
2,2,CTGAN,GBDT,TSTR,A_malt_cara,-0.40925800800323486,0.7371827283626396
2,2,CTGAN,GBDT,TSTR,A_malt_burn,-0.020092368125915527,0.6351778305910719
2,2,CTGAN,GBDT,TSTR,A_hops_all,-1.1344220638275146,0.9001946556666621
2,2,CTGAN,GBDT,TSTR,A_hops_citrus,-0.2836700677871704,0.5637924393202738
2,2,CTGAN,GBDT,TSTR,A_hops_tropical,-0.1356215476989746,0.320591456199715
2,2,CTGAN,GBDT,TSTR,A_hops_noble,-0.4864844083786011,0.6423813074963605
2,2,CTGAN,GBDT,TSTR,A_hops_woody,-1.0617306232452393,0.3695348420885922
2,2,CTGAN,GBDT,TSTR,A_esters_all,-0.8385924100875854,0.845542064245264
2,2,CTGAN,GBDT,TSTR,A_esters_ethac,-0.595760703086853,0.6619360592840561
2,2,CTGAN,GBDT,TSTR,A_esters_isoaa,-0.7087582349777222,0.7135395179957503
2,2,CTGAN,GBDT,TSTR,A_esters_flower,-0.17379915714263916,0.4001311415034431
2,2,CTGAN,GBDT,TSTR,A_esters_fruity,-0.05456709861755371,0.48343838613338913
2,2,CTGAN,GBDT,TSTR,F_malt_all,0.03458482027053833,0.6781911492496062
2,2,CTGAN,GBDT,TSTR,F_malt_grain,-0.33028268814086914,0.5586285880369003
2,2,CTGAN,GBDT,TSTR,F_malt_bread,-0.3086824417114258,0.657125842239917
2,2,CTGAN,GBDT,TSTR,F_malt_cara,-0.22775959968566895,0.5822554290996641
2,2,CTGAN,GBDT,TSTR,F_malt_burn,0.008276522159576416,0.6291628722735381
2,2,CTGAN,GBDT,TSTR,F_hops_all,-0.3199348449707031,0.7613811429442452
2,2,CTGAN,GBDT,TSTR,F_hops_citrus,-0.42441999912261963,0.44425658471117185
2,2,CTGAN,GBDT,TSTR,F_hops_tropical,-0.7175074815750122,0.4555090799682874
2,2,CTGAN,GBDT,TSTR,F_hops_noble,-0.7389092445373535,0.9206296299897596
2,2,CTGAN,GBDT,TSTR,F_hops_woody,-0.5905594825744629,0.44138585946577436
2,2,CTGAN,GBDT,TSTR,F_esters_all,-0.13544106483459473,0.584995377025107
2,2,CTGAN,GBDT,TSTR,F_esters_ethac,-0.8921902179718018,0.7958081153216164
2,2,CTGAN,GBDT,TSTR,F_esters_isoaa,-1.056844711303711,0.7083108608570553
2,2,CTGAN,GBDT,TSTR,F_esters_flower,-0.11231684684753418,0.3671436892406466
2,2,CTGAN,GBDT,TSTR,F_esters_fruity,-0.1496577262878418,0.6087143324364599
2,2,CTGAN,GBDT,TSTR,acidity,-0.20478272438049316,0.8155510543685458
2,2,CTGAN,GBDT,TSTR,bitternes,-0.46881914138793945,1.0255940553412537
2,2,CTGAN,GBDT,TSTR,sweetness,-1.170619010925293,1.0184478264818002
2,2,CTGAN,GBDT,TSTR,X4vg,-0.5586196184158325,0.8358303964042854
2,2,CTGAN,GBDT,TSTR,diacetyl,-0.7830067873001099,0.6194712481119039
2,2,CTGAN,GBDT,TSTR,dms,-0.09171438217163086,0.4676242343536366
2,2,CTGAN,GBDT,TSTR,metallic,-1.214543342590332,0.6404885635233436
2,2,CTGAN,GBDT,TSTR,stale_hops,-0.23666715621948242,0.3909469041066791
2,2,CTGAN,GBDT,TSTR,t2n,-0.3649505376815796,0.4354291508754217
2,2,CTGAN,GBDT,TSTR,orange,-0.06485450267791748,1.067246605505586
2,2,CTGAN,GBDT,TSTR,coriander,-0.08191847801208496,0.6738191023512775
2,2,CTGAN,GBDT,TSTR,clove,-0.04069352149963379,0.5828249595067081
2,2,CTGAN,GBDT,TSTR,lactic,-0.14645302295684814,0.5640602196306539
2,2,CTGAN,GBDT,TSTR,acetic,-0.21506226062774658,0.5593095741157078
2,2,CTGAN,GBDT,TSTR,barnyard,-0.09067201614379883,0.3758247167941597
2,2,CTGAN,GBDT,TSTR,alcohol,-0.4958292245864868,1.0417577449399913
2,2,CTGAN,GBDT,TSTR,aftertaste,-0.23057818412780762,0.7948497767638942
2,2,CTGAN,GBDT,TSTR,body,-1.5720698833465576,0.9725365009665603
2,2,CTGAN,GBDT,TSTR,co2,-1.5031471252441406,0.8913402028067552
2,2,CTGAN,GBDT,TSTR,overall,-0.9556442499160767,0.6976353282290378
2,2,CTGAN,GBDT,AUG,A_malt_all,0.379311740398407,0.5627991887307708
2,2,CTGAN,GBDT,AUG,A_malt_grain,0.030989229679107666,0.4511810070616402
2,2,CTGAN,GBDT,AUG,A_malt_bread,-0.0061075687408447266,0.45189442100841765
2,2,CTGAN,GBDT,AUG,A_malt_cara,0.04828691482543945,0.6058050882698183
2,2,CTGAN,GBDT,AUG,A_malt_burn,0.14715206623077393,0.5807796308091042
2,2,CTGAN,GBDT,AUG,A_hops_all,0.20255273580551147,0.5502337988357962
2,2,CTGAN,GBDT,AUG,A_hops_citrus,0.13077020645141602,0.4639378865222536
2,2,CTGAN,GBDT,AUG,A_hops_tropical,-0.23051178455352783,0.33371677051096066
2,2,CTGAN,GBDT,AUG,A_hops_noble,0.2318558692932129,0.46177889114338116
2,2,CTGAN,GBDT,AUG,A_hops_woody,0.0786394476890564,0.24703258482676765
2,2,CTGAN,GBDT,AUG,A_esters_all,0.09665781259536743,0.5926777795471003
2,2,CTGAN,GBDT,AUG,A_esters_ethac,0.3028017282485962,0.4375324748111809
2,2,CTGAN,GBDT,AUG,A_esters_isoaa,0.010943174362182617,0.5428606104022975
2,2,CTGAN,GBDT,AUG,A_esters_flower,0.04732578992843628,0.3604770844963109
2,2,CTGAN,GBDT,AUG,A_esters_fruity,0.0670093297958374,0.45471856643623765
2,2,CTGAN,GBDT,AUG,F_malt_all,0.4167572259902954,0.527132458213201
2,2,CTGAN,GBDT,AUG,F_malt_grain,-0.00029969215393066406,0.4844135299863027
2,2,CTGAN,GBDT,AUG,F_malt_bread,0.06678909063339233,0.5549084129456759
2,2,CTGAN,GBDT,AUG,F_malt_cara,0.12833893299102783,0.49060356251235304
2,2,CTGAN,GBDT,AUG,F_malt_burn,0.302726686000824,0.527556877866411
2,2,CTGAN,GBDT,AUG,F_hops_all,0.2950567603111267,0.5564202658846458
2,2,CTGAN,GBDT,AUG,F_hops_citrus,0.057904720306396484,0.3612952552484915
2,2,CTGAN,GBDT,AUG,F_hops_tropical,-0.18084168434143066,0.377697008053971
2,2,CTGAN,GBDT,AUG,F_hops_noble,0.22972702980041504,0.6127295472658809
2,2,CTGAN,GBDT,AUG,F_hops_woody,0.10837823152542114,0.33047132378335703
2,2,CTGAN,GBDT,AUG,F_esters_all,0.31867289543151855,0.45315625641982427
2,2,CTGAN,GBDT,AUG,F_esters_ethac,0.16832733154296875,0.5275968156348287
2,2,CTGAN,GBDT,AUG,F_esters_isoaa,-0.06077253818511963,0.5086677977864766
2,2,CTGAN,GBDT,AUG,F_esters_flower,-0.06080496311187744,0.3585416211570225
2,2,CTGAN,GBDT,AUG,F_esters_fruity,0.038530170917510986,0.5566690538073464
2,2,CTGAN,GBDT,AUG,acidity,0.7044018507003784,0.4039686409374747
2,2,CTGAN,GBDT,AUG,bitternes,0.4105238914489746,0.6497173088908721
2,2,CTGAN,GBDT,AUG,sweetness,0.4253968596458435,0.523999638253371
2,2,CTGAN,GBDT,AUG,X4vg,0.15945100784301758,0.6138038352538852
2,2,CTGAN,GBDT,AUG,diacetyl,-0.08037412166595459,0.4822050526280275
2,2,CTGAN,GBDT,AUG,dms,-0.03218996524810791,0.4546972326174338
2,2,CTGAN,GBDT,AUG,metallic,-0.104941725730896,0.4524170672833635
2,2,CTGAN,GBDT,AUG,stale_hops,0.03819751739501953,0.34477383773015313
2,2,CTGAN,GBDT,AUG,t2n,0.16392409801483154,0.3407861206042442
2,2,CTGAN,GBDT,AUG,orange,0.03649699687957764,1.0151872718630883
2,2,CTGAN,GBDT,AUG,coriander,0.10696375370025635,0.6121820451728073
2,2,CTGAN,GBDT,AUG,clove,0.09223419427871704,0.544331685608408
2,2,CTGAN,GBDT,AUG,lactic,0.37584811449050903,0.4161908134561132
2,2,CTGAN,GBDT,AUG,acetic,0.5812825560569763,0.3283322224904809
2,2,CTGAN,GBDT,AUG,barnyard,0.199903666973114,0.3218914171309766
2,2,CTGAN,GBDT,AUG,alcohol,0.6875622868537903,0.47611016553491603
2,2,CTGAN,GBDT,AUG,aftertaste,0.43642479181289673,0.5379060143268742
2,2,CTGAN,GBDT,AUG,body,0.5791430473327637,0.3933976572419339
2,2,CTGAN,GBDT,AUG,co2,0.22791296243667603,0.49503220349856886
2,2,CTGAN,GBDT,AUG,overall,-0.041608572006225586,0.5091383425216708
2,2,CTGAN,MLP,TSTR,A_malt_all,-0.4833112955093384,0.8700272399101824
2,2,CTGAN,MLP,TSTR,A_malt_grain,-0.297072172164917,0.5219976920537241
2,2,CTGAN,MLP,TSTR,A_malt_bread,-0.35247719287872314,0.5239378118066998
2,2,CTGAN,MLP,TSTR,A_malt_cara,-0.5129861831665039,0.7638311976023456
2,2,CTGAN,MLP,TSTR,A_malt_burn,-0.16195404529571533,0.6779069048790839
2,2,CTGAN,MLP,TSTR,A_hops_all,-1.3258056640625,0.9396864825269533
2,2,CTGAN,MLP,TSTR,A_hops_citrus,-0.26900947093963623,0.5605636753661574
2,2,CTGAN,MLP,TSTR,A_hops_tropical,-0.2884254455566406,0.34147962833510104
2,2,CTGAN,MLP,TSTR,A_hops_noble,-0.8228142261505127,0.7113509600271894
2,2,CTGAN,MLP,TSTR,A_hops_woody,-1.055082082748413,0.36893853201019844
2,2,CTGAN,MLP,TSTR,A_esters_all,-0.7421170473098755,0.8230593513372346
2,2,CTGAN,MLP,TSTR,A_esters_ethac,-0.2851065397262573,0.5940208821013766
2,2,CTGAN,MLP,TSTR,A_esters_isoaa,-1.1916184425354004,0.8080908275557157
2,2,CTGAN,MLP,TSTR,A_esters_flower,-0.6815239191055298,0.4789133715450119
2,2,CTGAN,MLP,TSTR,A_esters_fruity,-0.7832200527191162,0.6286464889215329
2,2,CTGAN,MLP,TSTR,F_malt_all,-0.2727043628692627,0.7786796630518895
2,2,CTGAN,MLP,TSTR,F_malt_grain,-0.8626494407653809,0.6610232872446161
2,2,CTGAN,MLP,TSTR,F_malt_bread,-0.22140347957611084,0.6348351777925317
2,2,CTGAN,MLP,TSTR,F_malt_cara,-0.15498268604278564,0.5647348670958384
2,2,CTGAN,MLP,TSTR,F_malt_burn,-0.07853519916534424,0.6561225131498808
2,2,CTGAN,MLP,TSTR,F_hops_all,-0.3415794372558594,0.7675984309570553
2,2,CTGAN,MLP,TSTR,F_hops_citrus,-0.967850923538208,0.5221688282868399
2,2,CTGAN,MLP,TSTR,F_hops_tropical,-2.377049684524536,0.6387287079608619
2,2,CTGAN,MLP,TSTR,F_hops_noble,-0.9429000616073608,0.9731319443902658
2,2,CTGAN,MLP,TSTR,F_hops_woody,-1.2106285095214844,0.5203569204253481
2,2,CTGAN,MLP,TSTR,F_esters_all,-0.41523945331573486,0.6531081603585214
2,2,CTGAN,MLP,TSTR,F_esters_ethac,-1.2184133529663086,0.8616823605473862
2,2,CTGAN,MLP,TSTR,F_esters_isoaa,-0.6696804761886597,0.6381750478369326
2,2,CTGAN,MLP,TSTR,F_esters_flower,-1.1288886070251465,0.5079234662225405
2,2,CTGAN,MLP,TSTR,F_esters_fruity,-0.11825180053710938,0.6003424670451094
2,2,CTGAN,MLP,TSTR,acidity,-0.32962799072265625,0.856765287124322
2,2,CTGAN,MLP,TSTR,bitternes,-0.94010329246521,1.1787012790388516
2,2,CTGAN,MLP,TSTR,sweetness,-1.1153929233551025,1.0054083840863863
2,2,CTGAN,MLP,TSTR,X4vg,-0.4279468059539795,0.8000259931633087
2,2,CTGAN,MLP,TSTR,diacetyl,-0.6921844482421875,0.6034878227471803
2,2,CTGAN,MLP,TSTR,dms,-0.1225287914276123,0.47417781973707507
2,2,CTGAN,MLP,TSTR,metallic,-1.0261509418487549,0.6126397781084072
2,2,CTGAN,MLP,TSTR,stale_hops,-1.2489042282104492,0.5272017393693464
2,2,CTGAN,MLP,TSTR,t2n,-0.5838791131973267,0.46905099423889407
2,2,CTGAN,MLP,TSTR,orange,-0.2967534065246582,1.1777370066953392
2,2,CTGAN,MLP,TSTR,coriander,-0.18275713920593262,0.7045208321531014
2,2,CTGAN,MLP,TSTR,clove,-0.021797895431518555,0.5775096298835066
2,2,CTGAN,MLP,TSTR,lactic,0.03803539276123047,0.5166862432811344
2,2,CTGAN,MLP,TSTR,acetic,-0.11417126655578613,0.5355856627504697
2,2,CTGAN,MLP,TSTR,barnyard,-0.8921090364456177,0.4950069929361087
2,2,CTGAN,MLP,TSTR,alcohol,-0.29504239559173584,0.969321236315422
2,2,CTGAN,MLP,TSTR,aftertaste,-0.25134408473968506,0.8015282473021753
2,2,CTGAN,MLP,TSTR,body,-2.2535994052886963,1.0938217684496585
2,2,CTGAN,MLP,TSTR,co2,-0.6306220293045044,0.7194107998607603
2,2,CTGAN,MLP,TSTR,overall,-1.8372869491577148,0.8403015663170508
2,2,CTGAN,MLP,AUG,A_malt_all,0.14709371328353882,0.6597316889055782
2,2,CTGAN,MLP,AUG,A_malt_grain,-0.5545222759246826,0.5714588662827755
2,2,CTGAN,MLP,AUG,A_malt_bread,-0.15911400318145752,0.4850403154222887
2,2,CTGAN,MLP,AUG,A_malt_cara,0.08271938562393188,0.5947453037058908
2,2,CTGAN,MLP,AUG,A_malt_burn,0.20537430047988892,0.5606049032447343
2,2,CTGAN,MLP,AUG,A_hops_all,-0.25224220752716064,0.6895098136095589
2,2,CTGAN,MLP,AUG,A_hops_citrus,-0.13804292678833008,0.5308500355059664
2,2,CTGAN,MLP,AUG,A_hops_tropical,-1.5903282165527344,0.4841863510947423
2,2,CTGAN,MLP,AUG,A_hops_noble,-0.29083776473999023,0.5986163088840105
2,2,CTGAN,MLP,AUG,A_hops_woody,-1.0797147750854492,0.3711430567058403
2,2,CTGAN,MLP,AUG,A_esters_all,-0.2843712568283081,0.7067043750151961
2,2,CTGAN,MLP,AUG,A_esters_ethac,0.18447691202163696,0.47320603481718765
2,2,CTGAN,MLP,AUG,A_esters_isoaa,-0.2153487205505371,0.6017667250327646
2,2,CTGAN,MLP,AUG,A_esters_flower,-0.7886829376220703,0.4939376504649981
2,2,CTGAN,MLP,AUG,A_esters_fruity,-0.19080424308776855,0.5137173302558491
2,2,CTGAN,MLP,AUG,F_malt_all,0.14329224824905396,0.6388683891693262
2,2,CTGAN,MLP,AUG,F_malt_grain,-0.1728343963623047,0.5245290449026221
2,2,CTGAN,MLP,AUG,F_malt_bread,-0.17765295505523682,0.6233616574842405
2,2,CTGAN,MLP,AUG,F_malt_cara,0.15305382013320923,0.4835983017320528
2,2,CTGAN,MLP,AUG,F_malt_burn,0.2635437250137329,0.5421772408957694
2,2,CTGAN,MLP,AUG,F_hops_all,-0.11747920513153076,0.700560428015648
2,2,CTGAN,MLP,AUG,F_hops_citrus,-0.4421616792678833,0.44701471745501137
2,2,CTGAN,MLP,AUG,F_hops_tropical,-0.772233247756958,0.4627092223292706
2,2,CTGAN,MLP,AUG,F_hops_noble,0.27515077590942383,0.5943884177954779
2,2,CTGAN,MLP,AUG,F_hops_woody,-0.11265838146209717,0.36916827547370074
2,2,CTGAN,MLP,AUG,F_esters_all,0.06679576635360718,0.5303450056644146
2,2,CTGAN,MLP,AUG,F_esters_ethac,-0.03690803050994873,0.5891095828154187
2,2,CTGAN,MLP,AUG,F_esters_isoaa,-0.17843198776245117,0.5361365090609272
2,2,CTGAN,MLP,AUG,F_esters_flower,-0.9874591827392578,0.49076197831998736
2,2,CTGAN,MLP,AUG,F_esters_fruity,-0.06393885612487793,0.5855818368400335
2,2,CTGAN,MLP,AUG,acidity,0.027149856090545654,0.7328579024380258
2,2,CTGAN,MLP,AUG,bitternes,0.3708809018135071,0.6712089830436817
2,2,CTGAN,MLP,AUG,sweetness,0.06909430027008057,0.6669600829500698
2,2,CTGAN,MLP,AUG,X4vg,0.0401839017868042,0.655906746421894
2,2,CTGAN,MLP,AUG,diacetyl,-0.019810199737548828,0.4684943137602425
2,2,CTGAN,MLP,AUG,dms,-0.39625370502471924,0.5288404347704047
2,2,CTGAN,MLP,AUG,metallic,-0.12013840675354004,0.45551756896547385
2,2,CTGAN,MLP,AUG,stale_hops,-0.24130332469940186,0.39167902839036806
2,2,CTGAN,MLP,AUG,t2n,-0.07919967174530029,0.3871773591764859
2,2,CTGAN,MLP,AUG,orange,0.05670243501663208,1.0044862726620771
2,2,CTGAN,MLP,AUG,coriander,0.007514476776123047,0.6453690372481955
2,2,CTGAN,MLP,AUG,clove,-0.05098366737365723,0.5856993127530641
2,2,CTGAN,MLP,AUG,lactic,-0.11684250831604004,0.5567283159751556
2,2,CTGAN,MLP,AUG,acetic,-1.0531957149505615,0.7270564789353432
2,2,CTGAN,MLP,AUG,barnyard,-0.3873567581176758,0.42386966273244503
2,2,CTGAN,MLP,AUG,alcohol,0.38605666160583496,0.6674056551906034
2,2,CTGAN,MLP,AUG,aftertaste,0.207652747631073,0.6378054560226091
2,2,CTGAN,MLP,AUG,body,0.3490831255912781,0.489245995171344
2,2,CTGAN,MLP,AUG,co2,-0.19025278091430664,0.614638727461123
2,2,CTGAN,MLP,AUG,overall,-0.4941742420196533,0.6097954253417666
2,2,TabDDPM,GBDT,TSTR,A_malt_all,0.3007325530052185,0.5973630447723983
2,2,TabDDPM,GBDT,TSTR,A_malt_grain,-0.18763935565948486,0.4994923130117879
2,2,TabDDPM,GBDT,TSTR,A_malt_bread,-0.4181697368621826,0.5365113136524222
2,2,TabDDPM,GBDT,TSTR,A_malt_cara,0.2093304991722107,0.5521758259962457
2,2,TabDDPM,GBDT,TSTR,A_malt_burn,-0.2737175226211548,0.7097610129173471
2,2,TabDDPM,GBDT,TSTR,A_hops_all,0.05697989463806152,0.5983520147954478
2,2,TabDDPM,GBDT,TSTR,A_hops_citrus,-0.014075040817260742,0.5011036732056565
2,2,TabDDPM,GBDT,TSTR,A_hops_tropical,-0.8264449834823608,0.40657291050101757
2,2,TabDDPM,GBDT,TSTR,A_hops_noble,-0.005465865135192871,0.5283191843073675
2,2,TabDDPM,GBDT,TSTR,A_hops_woody,-1.0846061706542969,0.3715792241034324
2,2,TabDDPM,GBDT,TSTR,A_esters_all,-0.08989167213439941,0.6510047418931458
2,2,TabDDPM,GBDT,TSTR,A_esters_ethac,0.03852337598800659,0.5138087507286765
2,2,TabDDPM,GBDT,TSTR,A_esters_isoaa,-0.11128175258636475,0.5754264276557326
2,2,TabDDPM,GBDT,TSTR,A_esters_flower,-0.3038337230682373,0.4217125615234402
2,2,TabDDPM,GBDT,TSTR,A_esters_fruity,0.11157846450805664,0.44372466243348707
2,2,TabDDPM,GBDT,TSTR,F_malt_all,0.3106718063354492,0.5730705459168021
2,2,TabDDPM,GBDT,TSTR,F_malt_grain,-0.16592013835906982,0.5229806187140271
2,2,TabDDPM,GBDT,TSTR,F_malt_bread,-0.03170287609100342,0.583456815411112
2,2,TabDDPM,GBDT,TSTR,F_malt_cara,0.042681336402893066,0.5141444190244293
2,2,TabDDPM,GBDT,TSTR,F_malt_burn,-0.013312697410583496,0.6359742381288476
2,2,TabDDPM,GBDT,TSTR,F_hops_all,0.4385799765586853,0.4965578296506564
2,2,TabDDPM,GBDT,TSTR,F_hops_citrus,0.03446340560913086,0.3657625225019808
2,2,TabDDPM,GBDT,TSTR,F_hops_tropical,-0.383050799369812,0.40875847014420963
2,2,TabDDPM,GBDT,TSTR,F_hops_noble,0.2603967785835266,0.6004071969876738
2,2,TabDDPM,GBDT,TSTR,F_hops_woody,-0.5464411973953247,0.43522130661371883
2,2,TabDDPM,GBDT,TSTR,F_esters_all,0.03000199794769287,0.5406989813222685
2,2,TabDDPM,GBDT,TSTR,F_esters_ethac,0.20059871673583984,0.517259377270561
2,2,TabDDPM,GBDT,TSTR,F_esters_isoaa,-0.008670568466186523,0.49601841151767156
2,2,TabDDPM,GBDT,TSTR,F_esters_flower,-0.06123054027557373,0.35861351357643584
2,2,TabDDPM,GBDT,TSTR,F_esters_fruity,0.019928395748138428,0.5620282632230331
2,2,TabDDPM,GBDT,TSTR,acidity,0.41237688064575195,0.5695688546616439
2,2,TabDDPM,GBDT,TSTR,bitternes,0.5745120048522949,0.5519948264619011
2,2,TabDDPM,GBDT,TSTR,sweetness,0.26584672927856445,0.5922981380288469
2,2,TabDDPM,GBDT,TSTR,X4vg,-0.026201844215393066,0.6782104622916698
2,2,TabDDPM,GBDT,TSTR,diacetyl,-0.2193315029144287,0.5122778364468153
2,2,TabDDPM,GBDT,TSTR,dms,-0.07636022567749023,0.46432417995803776
2,2,TabDDPM,GBDT,TSTR,metallic,-0.20779860019683838,0.4730058905867799
2,2,TabDDPM,GBDT,TSTR,stale_hops,-0.42454445362091064,0.4195940734312005
2,2,TabDDPM,GBDT,TSTR,t2n,-0.039446234703063965,0.37997939345678977
2,2,TabDDPM,GBDT,TSTR,orange,0.0969550609588623,0.9828207370431074
2,2,TabDDPM,GBDT,TSTR,coriander,0.10702395439147949,0.6121614036041282
2,2,TabDDPM,GBDT,TSTR,clove,-0.13037538528442383,0.6074185877278664
2,2,TabDDPM,GBDT,TSTR,lactic,0.47753608226776123,0.38078119502577856
2,2,TabDDPM,GBDT,TSTR,acetic,0.4465041756629944,0.377494087836093
2,2,TabDDPM,GBDT,TSTR,barnyard,-0.42778539657592773,0.43000126566811525
2,2,TabDDPM,GBDT,TSTR,alcohol,0.6458091735839844,0.5069257476558064
2,2,TabDDPM,GBDT,TSTR,aftertaste,0.2672722339630127,0.6133406786461524
2,2,TabDDPM,GBDT,TSTR,body,0.4282270669937134,0.45853905684707524
2,2,TabDDPM,GBDT,TSTR,co2,-0.08744418621063232,0.5874944727211527
2,2,TabDDPM,GBDT,TSTR,overall,0.060594141483306885,0.4835152378965213
2,2,TabDDPM,GBDT,AUG,A_malt_all,0.36625003814697266,0.5686900956182361
2,2,TabDDPM,GBDT,AUG,A_malt_grain,-0.012999176979064941,0.461308071724559
2,2,TabDDPM,GBDT,AUG,A_malt_bread,-0.11331665515899658,0.4753616399399779
2,2,TabDDPM,GBDT,AUG,A_malt_cara,0.3246881365776062,0.5103076669215343
2,2,TabDDPM,GBDT,AUG,A_malt_burn,0.2797434329986572,0.5337270321695063
2,2,TabDDPM,GBDT,AUG,A_hops_all,0.21123528480529785,0.5472301692218853
2,2,TabDDPM,GBDT,AUG,A_hops_citrus,0.06756323575973511,0.48050977950410273
2,2,TabDDPM,GBDT,AUG,A_hops_tropical,-0.28617262840270996,0.34118094397061904
2,2,TabDDPM,GBDT,AUG,A_hops_noble,0.1932777762413025,0.47323267443419986
2,2,TabDDPM,GBDT,AUG,A_hops_woody,-0.14388751983642578,0.27525239546008035
2,2,TabDDPM,GBDT,AUG,A_esters_all,-0.024257183074951172,0.6310982975107657
2,2,TabDDPM,GBDT,AUG,A_esters_ethac,0.19916009902954102,0.46892674610731894
2,2,TabDDPM,GBDT,AUG,A_esters_isoaa,-0.17651760578155518,0.592075269828973
2,2,TabDDPM,GBDT,AUG,A_esters_flower,-0.12498772144317627,0.3917232333924518
2,2,TabDDPM,GBDT,AUG,A_esters_fruity,0.2845805287361145,0.3981845464146312
2,2,TabDDPM,GBDT,AUG,F_malt_all,0.47410720586776733,0.5005455914691243
2,2,TabDDPM,GBDT,AUG,F_malt_grain,-0.1349015235900879,0.5159769302171628
2,2,TabDDPM,GBDT,AUG,F_malt_bread,0.03457373380661011,0.5644051554534979
2,2,TabDDPM,GBDT,AUG,F_malt_cara,0.15934312343597412,0.48179939975760516
2,2,TabDDPM,GBDT,AUG,F_malt_burn,0.33721083402633667,0.5143461262419584
2,2,TabDDPM,GBDT,AUG,F_hops_all,0.35504746437072754,0.5322182470949463
2,2,TabDDPM,GBDT,AUG,F_hops_citrus,0.20500081777572632,0.3318930618845353
2,2,TabDDPM,GBDT,AUG,F_hops_tropical,-0.22263062000274658,0.384322089918848
2,2,TabDDPM,GBDT,AUG,F_hops_noble,0.33750277757644653,0.5682487773454152
2,2,TabDDPM,GBDT,AUG,F_hops_woody,-0.17143845558166504,0.37879407342989513
2,2,TabDDPM,GBDT,AUG,F_esters_all,0.2781350016593933,0.4664425163290655
2,2,TabDDPM,GBDT,AUG,F_esters_ethac,0.13520008325576782,0.5380018552797795
2,2,TabDDPM,GBDT,AUG,F_esters_isoaa,-0.0424959659576416,0.5042667430146276
2,2,TabDDPM,GBDT,AUG,F_esters_flower,0.008217692375183105,0.346680955481561
2,2,TabDDPM,GBDT,AUG,F_esters_fruity,0.13053810596466064,0.5293641557900122
2,2,TabDDPM,GBDT,AUG,acidity,0.7303633689880371,0.3858213126237279
2,2,TabDDPM,GBDT,AUG,bitternes,0.5584291219711304,0.5623303528440836
2,2,TabDDPM,GBDT,AUG,sweetness,0.48012638092041016,0.4984204704939109
2,2,TabDDPM,GBDT,AUG,X4vg,0.14463317394256592,0.6191904908324884
2,2,TabDDPM,GBDT,AUG,diacetyl,-0.019621610641479492,0.46845099131348683
2,2,TabDDPM,GBDT,AUG,dms,0.03946346044540405,0.43863111121441994
2,2,TabDDPM,GBDT,AUG,metallic,0.0032691359519958496,0.4296929619181888
2,2,TabDDPM,GBDT,AUG,stale_hops,-0.14462685585021973,0.3761173133457665
2,2,TabDDPM,GBDT,AUG,t2n,0.09220117330551147,0.3551026020069663
2,2,TabDDPM,GBDT,AUG,orange,0.2969058156013489,0.8672142024697477
2,2,TabDDPM,GBDT,AUG,coriander,0.21001940965652466,0.5757768990547664
2,2,TabDDPM,GBDT,AUG,clove,0.3078853487968445,0.4752977347855109
2,2,TabDDPM,GBDT,AUG,lactic,0.6663051843643188,0.3043140910889121
2,2,TabDDPM,GBDT,AUG,acetic,0.6461851596832275,0.30181512627848306
2,2,TabDDPM,GBDT,AUG,barnyard,-0.08201229572296143,0.37432976272682694
2,2,TabDDPM,GBDT,AUG,alcohol,0.777881383895874,0.40143772071667205
2,2,TabDDPM,GBDT,AUG,aftertaste,0.4462195634841919,0.5332112014773656
2,2,TabDDPM,GBDT,AUG,body,0.574315071105957,0.39564769767145347
2,2,TabDDPM,GBDT,AUG,co2,0.18347549438476562,0.5090786920434679
2,2,TabDDPM,GBDT,AUG,overall,0.18601953983306885,0.4500808404788589
2,2,TabDDPM,MLP,TSTR,A_malt_all,-0.1354832649230957,0.7612145344532782
2,2,TabDDPM,MLP,TSTR,A_malt_grain,-0.3092830181121826,0.524449040047375
2,2,TabDDPM,MLP,TSTR,A_malt_bread,-0.8521085977554321,0.6131235393697312
2,2,TabDDPM,MLP,TSTR,A_malt_cara,0.04897195100784302,0.6055870186752337
2,2,TabDDPM,MLP,TSTR,A_malt_burn,-0.44457507133483887,0.755867457777863
2,2,TabDDPM,MLP,TSTR,A_hops_all,-0.4919513463973999,0.7526162926424099
2,2,TabDDPM,MLP,TSTR,A_hops_citrus,-0.2709764242172241,0.5609979708493776
2,2,TabDDPM,MLP,TSTR,A_hops_tropical,-2.991222858428955,0.6010189077430725
2,2,TabDDPM,MLP,TSTR,A_hops_noble,-0.3721141815185547,0.6171742932801916
2,2,TabDDPM,MLP,TSTR,A_hops_woody,-1.3057641983032227,0.3907930966136989
2,2,TabDDPM,MLP,TSTR,A_esters_all,-0.31580018997192383,0.7152987423594952
2,2,TabDDPM,MLP,TSTR,A_esters_ethac,-0.04344284534454346,0.5352620765022104
2,2,TabDDPM,MLP,TSTR,A_esters_isoaa,-0.24058747291564941,0.6079829773700192
2,2,TabDDPM,MLP,TSTR,A_esters_flower,-0.4464055299758911,0.44417127974848025
2,2,TabDDPM,MLP,TSTR,A_esters_fruity,-0.47085094451904297,0.5709372195038005
2,2,TabDDPM,MLP,TSTR,F_malt_all,0.24344909191131592,0.600363291587928
2,2,TabDDPM,MLP,TSTR,F_malt_grain,-0.2507340908050537,0.5416686320880543
2,2,TabDDPM,MLP,TSTR,F_malt_bread,-0.14464020729064941,0.6145622820939635
2,2,TabDDPM,MLP,TSTR,F_malt_cara,-0.34870755672454834,0.6102612237831901
2,2,TabDDPM,MLP,TSTR,F_malt_burn,0.09273374080657959,0.6017764070356303
2,2,TabDDPM,MLP,TSTR,F_hops_all,-0.15867960453033447,0.7133580595778696
2,2,TabDDPM,MLP,TSTR,F_hops_citrus,-0.7970563173294067,0.49899441210995094
2,2,TabDDPM,MLP,TSTR,F_hops_tropical,-1.0118205547332764,0.49299478174991795
2,2,TabDDPM,MLP,TSTR,F_hops_noble,-0.0451122522354126,0.7137201786659153
2,2,TabDDPM,MLP,TSTR,F_hops_woody,-1.070568561553955,0.5036029346372984
2,2,TabDDPM,MLP,TSTR,F_esters_all,-0.3984473943710327,0.6492219569084571
2,2,TabDDPM,MLP,TSTR,F_esters_ethac,-0.21451497077941895,0.6375692806745286
2,2,TabDDPM,MLP,TSTR,F_esters_isoaa,-0.4438968896865845,0.5934596857762002
2,2,TabDDPM,MLP,TSTR,F_esters_flower,-0.24004828929901123,0.38765116711704917
2,2,TabDDPM,MLP,TSTR,F_esters_fruity,0.06957429647445679,0.5476084014842999
2,2,TabDDPM,MLP,TSTR,acidity,0.3733177185058594,0.5881938722520867
2,2,TabDDPM,MLP,TSTR,bitternes,0.24133288860321045,0.7370839578019582
2,2,TabDDPM,MLP,TSTR,sweetness,0.23846369981765747,0.6032430039232141
2,2,TabDDPM,MLP,TSTR,X4vg,0.06612211465835571,0.6469833891356201
2,2,TabDDPM,MLP,TSTR,diacetyl,-0.04189097881317139,0.4735390481849885
2,2,TabDDPM,MLP,TSTR,dms,-0.7578259706497192,0.5933765943789875
2,2,TabDDPM,MLP,TSTR,metallic,-0.6515529155731201,0.5531151204924106
2,2,TabDDPM,MLP,TSTR,stale_hops,-0.3453683853149414,0.40776690304919083
2,2,TabDDPM,MLP,TSTR,t2n,0.07656830549240112,0.35814709906441033
2,2,TabDDPM,MLP,TSTR,orange,0.07789266109466553,0.9931397561668931
2,2,TabDDPM,MLP,TSTR,coriander,0.05619293451309204,0.6293433666518837
2,2,TabDDPM,MLP,TSTR,clove,-0.5191822052001953,0.7041767096132476
2,2,TabDDPM,MLP,TSTR,lactic,0.31237179040908813,0.4368418102181768
2,2,TabDDPM,MLP,TSTR,acetic,0.5410101413726807,0.34375935238340083
2,2,TabDDPM,MLP,TSTR,barnyard,-0.8740040063858032,0.4926330124407434
2,2,TabDDPM,MLP,TSTR,alcohol,0.34790825843811035,0.6878283756820905
2,2,TabDDPM,MLP,TSTR,aftertaste,0.18336361646652222,0.6475075177083982
2,2,TabDDPM,MLP,TSTR,body,0.43638312816619873,0.45525687313180946
2,2,TabDDPM,MLP,TSTR,co2,-0.43815481662750244,0.6756209916623159
2,2,TabDDPM,MLP,TSTR,overall,-0.5890963077545166,0.6288667512419799
2,2,TabDDPM,MLP,AUG,A_malt_all,0.3221462368965149,0.5881453814405535
2,2,TabDDPM,MLP,AUG,A_malt_grain,-0.34314417839050293,0.5311875026068669
2,2,TabDDPM,MLP,AUG,A_malt_bread,-1.0449881553649902,0.6442585223621974
2,2,TabDDPM,MLP,AUG,A_malt_cara,0.16287094354629517,0.5681671394272696
2,2,TabDDPM,MLP,AUG,A_malt_burn,0.2591204047203064,0.5413141631931202
2,2,TabDDPM,MLP,AUG,A_hops_all,-0.3493163585662842,0.7157365403850146
2,2,TabDDPM,MLP,AUG,A_hops_citrus,-0.4348565340042114,0.5960693234379798
2,2,TabDDPM,MLP,AUG,A_hops_tropical,-2.9227793216705322,0.5958433142628594
2,2,TabDDPM,MLP,AUG,A_hops_noble,-0.25551044940948486,0.5903681009662048
2,2,TabDDPM,MLP,AUG,A_hops_woody,-1.4298038482666016,0.40116686126042334
2,2,TabDDPM,MLP,AUG,A_esters_all,-0.42886996269226074,0.745399071805789
2,2,TabDDPM,MLP,AUG,A_esters_ethac,-0.39551544189453125,0.6190125727077667
2,2,TabDDPM,MLP,AUG,A_esters_isoaa,-0.2938499450683594,0.6208971540132392
2,2,TabDDPM,MLP,AUG,A_esters_flower,-0.8438856601715088,0.5015017190392222
2,2,TabDDPM,MLP,AUG,A_esters_fruity,-0.4659113883972168,0.5699777273795757
2,2,TabDDPM,MLP,AUG,F_malt_all,0.2969086170196533,0.5787632486297636
2,2,TabDDPM,MLP,AUG,F_malt_grain,-0.32423412799835205,0.5573571662795973
2,2,TabDDPM,MLP,AUG,F_malt_bread,-0.21569931507110596,0.6333510614933892
2,2,TabDDPM,MLP,AUG,F_malt_cara,-0.0670156478881836,0.5428030186485568
2,2,TabDDPM,MLP,AUG,F_malt_burn,-0.17769885063171387,0.6856222736161862
2,2,TabDDPM,MLP,AUG,F_hops_all,-0.2119694948196411,0.7295779748440625
2,2,TabDDPM,MLP,AUG,F_hops_citrus,-0.9831218719482422,0.5241909866826526
2,2,TabDDPM,MLP,AUG,F_hops_tropical,-1.7617950439453125,0.5776216274428009
2,2,TabDDPM,MLP,AUG,F_hops_noble,-0.05001986026763916,0.7153939386340837
2,2,TabDDPM,MLP,AUG,F_hops_woody,-1.3134229183197021,0.5323177714456897
2,2,TabDDPM,MLP,AUG,F_esters_all,-0.35599827766418457,0.6392926340383203
2,2,TabDDPM,MLP,AUG,F_esters_ethac,-0.31557512283325195,0.6635654833445332
2,2,TabDDPM,MLP,AUG,F_esters_isoaa,-0.7720094919204712,0.6574400375133015
2,2,TabDDPM,MLP,AUG,F_esters_flower,-1.1065714359283447,0.5052541403961789
2,2,TabDDPM,MLP,AUG,F_esters_fruity,0.14173710346221924,0.5259438760589682
2,2,TabDDPM,MLP,AUG,acidity,0.15417850017547607,0.6833389025166595
2,2,TabDDPM,MLP,AUG,bitternes,0.22489506006240845,0.7450262691679641
2,2,TabDDPM,MLP,AUG,sweetness,-0.010084152221679688,0.694745529126102
2,2,TabDDPM,MLP,AUG,X4vg,0.09135627746582031,0.6381825196797819
2,2,TabDDPM,MLP,AUG,diacetyl,-0.2103409767150879,0.5103857134821094
2,2,TabDDPM,MLP,AUG,dms,-0.8008618354797363,0.6005963580460314
2,2,TabDDPM,MLP,AUG,metallic,-0.4256465435028076,0.5138959794657917
2,2,TabDDPM,MLP,AUG,stale_hops,-0.9388500452041626,0.48951213569229146
2,2,TabDDPM,MLP,AUG,t2n,-0.14808928966522217,0.3993437315710028
2,2,TabDDPM,MLP,AUG,orange,0.13106632232666016,0.9640797049348908
2,2,TabDDPM,MLP,AUG,coriander,0.07126837968826294,0.6242968657198454
2,2,TabDDPM,MLP,AUG,clove,-0.3558899164199829,0.6652561903202859
2,2,TabDDPM,MLP,AUG,lactic,-0.2321087121963501,0.584752193645784
2,2,TabDDPM,MLP,AUG,acetic,-0.6016713380813599,0.6421547048320778
2,2,TabDDPM,MLP,AUG,barnyard,-0.9994783401489258,0.5088580006116928
2,2,TabDDPM,MLP,AUG,alcohol,0.3778313994407654,0.6718615153534159
2,2,TabDDPM,MLP,AUG,aftertaste,0.26605290174484253,0.6138508089643596
2,2,TabDDPM,MLP,AUG,body,0.34885406494140625,0.4893320754410317
2,2,TabDDPM,MLP,AUG,co2,-0.33894968032836914,0.6519021921164575
2,2,TabDDPM,MLP,AUG,overall,-0.4771242141723633,0.6063062474614876
