target,pc_index_1based_kept,pc_index_1based_full,eigenvalue,evr,coef,intercept,train_rmse,train_r2,test_rmse,test_r2
A_esters_all,4,4,11.331805194940767,0.048775116980078984,0.027028337575280507,0.07130175953714285,0.5786632861815995,0.02399113921920537,0.6027593524298456,0.0892124476379581
A_esters_all,109,109,0.22031063953247068,0.0009482758510488532,0.02878510477827041,0.07130175953714288,0.5855771747148697,0.0005290347531117234,0.6149917672245853,0.05187024699006315
A_esters_all,19,19,2.642787236139327,0.011375262315108048,0.011051071256870283,0.07130175953714288,0.5854581289244546,0.0009353713447594059,0.6168045056454206,0.046272629773847385
A_esters_all,82,82,0.46528172948362084,0.0020026968690204086,-0.05070673363696322,0.07130175953714288,0.5847158679955365,0.0034670521354782657,0.6179157082908202,0.04283316396887982
A_esters_all,145,145,0.05839559224245817,0.00025135023006030225,0.0551157500313301,0.07130175953714286,0.585581550775498,0.0005140964595046205,0.6190055175021167,0.039453903345470276
A_esters_all,16,16,2.9944844126721613,0.012889060922818947,-0.0228326593223211,0.07130175953714285,0.5844056254221284,0.004524266222474149,0.6190611099587023,0.03928136363932655
A_esters_all,8,8,5.894338989064857,0.025370809748850587,0.009153468330901221,0.07130175953714286,0.5853128129537569,0.0014312634389492818,0.6191687480912852,0.03894724815895889
A_esters_all,101,101,0.27425084803589356,0.0011804489191897458,0.04224126538436754,0.07130175953714286,0.5853166439708897,0.0014181916374346182,0.6195203066500884,0.03785558376157916
A_esters_all,46,46,1.1263267668504144,0.0048480113155713565,0.01973741324657319,0.07130175953714288,0.5853595981877556,0.001271621831546721,0.6200452365286362,0.03622441100318463
A_esters_all,76,76,0.5379049081433639,0.0023152864320827534,0.007413221175366538,0.07130175953714286,0.5857070409484494,8.567074118748241e-05,0.6203379900958692,0.03531410532498902
A_esters_all,111,111,0.2147939504540835,0.0009245305474090419,0.029211770102608708,0.07130175953714285,0.5855765429886778,0.000531191229400263,0.6207349631320125,0.0340790469321004
A_esters_all,21,21,2.355795283146291,0.010139972276251194,0.014914575674056125,0.07130175953714286,0.5852871863736624,0.0015187016119861951,0.6222012686827854,0.02951024324271012
A_esters_all,70,70,0.6176096514738066,0.002658356941408592,-0.0674572594486432,0.07130175953714289,0.5833418962817492,0.008144877612938028,0.6222455732799487,0.029372028517922977
A_esters_all,97,97,0.3149723405638439,0.0013557251022414056,-0.019407986480047996,0.07130175953714285,0.5856314261128156,0.000343832149010459,0.6227844898569944,0.027690010854298897
A_esters_all,83,83,0.45547229144159773,0.001960474426984242,0.056490195114403265,0.07130175953714286,0.5844971844877694,0.004212318616440225,0.6235334734161103,0.02534993297906396
A_esters_ethac,112,112,0.2049420656064698,0.0008821254029814654,0.017171861189716954,-0.002849891348571438,0.5130309644157719,0.0002282394732650017,0.4555812963120435,0.018449723388635153
A_esters_ethac,27,27,1.938381789063368,0.008343313080940655,-0.01805026161194975,-0.0028498913485714376,0.5124772364453453,0.002385235318591805,0.4558288208545571,0.017382849982954474
A_esters_ethac,55,55,0.9084065093222412,0.003910024307286826,-0.006514923790415381,-0.002849891348571437,0.5130521617492699,0.00014562093865821968,0.45627952649775677,0.015438742804462113
A_esters_ethac,65,65,0.688020226856627,0.0029614228688448502,0.005850772252961024,-0.0028498913485714384,0.5130667008902096,8.895134129949245e-05,0.4565253701057004,0.014377492910663259
A_esters_ethac,30,30,1.7954555031501611,0.007728120161982139,-0.004917933283886025,-0.002849891348571436,0.5130474443003346,0.00016400792011039833,0.4565696720723113,0.014186190797258025
A_esters_ethac,76,76,0.5379049081433639,0.0023152864320827534,-0.0026620055098337254,-0.0028498913485714363,0.5130858281115102,1.4396214736644986e-05,0.4570011596651413,0.012321995898618932
A_esters_ethac,20,20,2.5174618342412147,0.01083582830322749,-0.009210492807028264,-0.0028498913485714428,0.5128825528800914,0.0008065913115532508,0.457112863391664,0.011839105232576252
A_esters_ethac,98,98,0.30721620015604656,0.0013223406017848383,-0.004230597706375326,-0.0028498913485714367,0.5130841937212829,2.0766938719218864e-05,0.45715228442430594,0.011668661538241087
A_esters_ethac,49,49,1.0562361022533222,0.004546322369624689,-0.01894770207273212,-0.002849891348571432,0.5127219702853519,0.0014321846390336068,0.4571647142551422,0.011614915953779836
A_esters_ethac,13,13,3.6372389055710395,0.015655647979452337,0.007963334695014548,-0.0028498913485714285,0.5128659869613467,0.000871137431927127,0.45721273154674397,0.011407279337384835
A_esters_ethac,60,60,0.7889342692592156,0.0033957838676834506,0.006795379877923199,-0.002849891348571439,0.5130542216751409,0.00013759200830409934,0.45725098903165573,0.011241830517469298
A_esters_ethac,53,53,0.9326341188083077,0.004014306411197168,0.002525410562341336,-0.0028498913485714376,0.5130837581705197,2.2464677759570506e-05,0.4573287842493079,0.010905353604952928
A_esters_ethac,85,85,0.4367459303637133,0.0018798711659439974,0.04180830297474925,-0.0028498913485714436,0.5123493106514776,0.002883227124603538,0.45794269678163485,0.008248074287652507
A_esters_ethac,93,93,0.3431824800366267,0.0014771490791929012,-0.017734086705978383,-0.002849891348571426,0.5129849350289759,0.0004076314392343905,0.45815598801420876,0.007324023074855801
A_esters_ethac,105,105,0.2424908328388066,0.001043745328731041,-0.019573968628742576,-0.0028498913485714233,0.512999493054082,0.00035089567063384397,0.458429988296021,0.006136327890566284
A_esters_flower,28,28,1.9355425295858428,0.00833109214960882,0.027215289689226745,-0.03147275857714284,0.41821714584083447,0.008083718696752729,0.3672995459762465,0.2742014276447491
A_esters_flower,11,11,4.383314666606854,0.01886695737760278,0.019824668038841,-0.03147275857714286,0.41787332543044975,0.00971397646928418,0.3710003755692261,0.2595017694274032
A_esters_flower,143,143,0.06161447341898254,0.00026520515460489694,0.030862606670048545,-0.03147275857714286,0.41984835208498544,0.00033092570286830103,0.37102315024568017,0.2594108524021803
A_esters_flower,163,163,0.01810027796061296,7.790843203825985e-05,-0.0185926364209127,-0.03147275857714284,0.41991043085999685,3.528171995947904e-05,0.37250726159363334,0.25347421465504316
A_esters_flower,46,46,1.1263267668504144,0.0048480113155713565,0.02619379501088124,-0.03147275857714284,0.4190019302728738,0.00435756430580958,0.37284142393804814,0.2521342531385182
A_esters_flower,21,21,2.355795283146291,0.010139972276251194,0.015601156609699433,-0.03147275857714286,0.41923844810882716,0.0032332083491626307,0.37314623466445535,0.2509109411968997
A_esters_flower,8,8,5.894338989064857,0.025370809748850587,0.010503056555646083,-0.03147275857714286,0.4191473219871898,0.0036664778677107934,0.3746248713243229,0.2449624684528826
A_esters_flower,142,142,0.06277937688081028,0.00027021921032185497,0.040284895315910174,-0.03147275857714283,0.4197972015763941,0.0005744920595962544,0.375240802132557,0.24247767251969454
A_esters_flower,33,33,1.5941900888196798,0.006861820048351867,0.016603687826053336,-0.031472758577142844,0.41939720117077517,0.0024781738752361893,0.3755690323078224,0.24115185490775892
A_esters_flower,113,113,0.1983147237529515,0.0008535995530739284,-0.030078363739237383,-0.03147275857714286,0.4197053722970022,0.0010116864284324123,0.3759009842207574,0.23980982510841942
A_esters_flower,53,53,0.9326341188083077,0.004014306411197168,-0.017566014370748267,-0.03147275857714285,0.41957699833874096,0.0016227077768677933,0.37600736586975797,0.23937948982823076
A_esters_flower,162,162,0.01963327539417405,8.450686255006269e-05,0.05303045353482723,-0.031472758577142844,0.4198524662826098,0.00031133359890223034,0.37691634943343233,0.23569750212690077
A_esters_flower,128,128,0.11746449163774712,0.0005055985539880766,0.04362485732715507,-0.03147275857714278,0.41965309322147026,0.0012605416314641626,0.38022150057757365,0.22223450947970813
A_esters_flower,50,50,1.0296691782332121,0.004431971230985253,-0.039758896329580726,-0.03147275857714285,0.4179863899669398,0.009178017982089615,0.38042908932310354,0.2213850076131736
A_esters_flower,52,52,0.9382035888706446,0.004038278898292941,0.016823577532657952,-0.03147275857714287,0.4196033439314012,0.0014973259406134698,0.38086055642376887,0.21961785956239888
A_esters_fruity,142,142,0.06277937688081028,0.00027021921032185497,0.057700720619861534,0.016836653554285735,0.47266238172106345,0.0009293617456430647,0.495017675981415,0.24182106679124082
A_esters_fruity,52,52,0.9382035888706446,0.004038278898292941,0.034613711007089876,0.016836653554285673,0.4716989525043272,0.004998028564862977,0.4960717650182482,0.23858870142511446
A_esters_fruity,91,91,0.3719439901607688,0.0016009463027328078,-0.02560961409020427,0.0168366535542857,0.4726256471039131,0.001084648278561473,0.4981926997617044,0.23206401681708344
A_esters_fruity,160,160,0.024200727140449383,0.00010416639511288043,-0.06754927033848276,0.01683665355428558,0.47276606699318796,0.0004909927242777723,0.49957489750367307,0.22779694576668597
A_esters_fruity,60,60,0.7889342692592156,0.0033957838676834506,-0.06821825524190563,0.01683665355428572,0.4690064405375822,0.016324780614462964,0.49987637784906475,0.22686465597297145
A_esters_fruity,159,159,0.027246133929988876,0.00011727463955023039,-0.014591410596754844,0.016836653554285687,0.4728760734945733,2.579317242179524e-05,0.5005761466028503,0.22469854187006133
A_esters_fruity,17,17,2.835193416915173,0.012203429920673841,-0.020931925877100348,0.01683665355428572,0.47157440540677553,0.005523398597823581,0.5017690655628662,0.22099890958564916
A_esters_fruity,3,3,13.545194736908474,0.05830213690097895,-0.01862942009805063,0.016836653554285718,0.46791396605016616,0.020902067356646237,0.5019359648534774,0.22048059803094522
A_esters_fruity,151,151,0.04404679481995624,0.00018958917250890253,-0.05677351984930525,0.016836653554285794,0.472732891706539,0.0006312643584361899,0.502393389516313,0.2190591662147081
A_esters_fruity,9,9,5.4895726777211715,0.023628587406888897,0.00740701444835666,0.016836653554285718,0.4725654352043725,0.0013391531277029411,0.5028061788529794,0.21777532574231817
A_esters_fruity,22,22,2.3276533586627237,0.010018841914837696,-0.03570269796895443,0.016836653554285735,0.46975257716412283,0.013192457186775752,0.503521323890737,0.21554861517235346
A_esters_fruity,35,35,1.49915077242777,0.006452745439763313,-0.03818438881841345,0.01683665355428575,0.4705785864811275,0.009719016453737295,0.5042496838062361,0.21327750503363185
A_esters_fruity,65,65,0.688020226856627,0.0029614228688448502,-0.04348768206843058,0.016836653554285715,0.4715122637710516,0.005785475293483611,0.5050126961384029,0.21089482381389535
A_esters_fruity,77,77,0.5255443044155779,0.0022620830913620414,-0.012303900055317216,0.01683665355428571,0.4727985229366919,0.00035375308861462784,0.5053038764155987,0.20998459677746806
A_esters_fruity,73,73,0.580678617484791,0.002499395904572755,-0.0637746071177655,0.01683665355428577,0.47039271673262895,0.01050114692827997,0.5080355839070587,0.2014197529657097
A_esters_isoaa,4,4,11.331805194940767,0.048775116980078984,0.02005590643215772,0.06129859446857143,0.5325795124321274,0.015726845411750512,0.5232500806594512,0.054978978057591776
A_esters_isoaa,156,156,0.03232959381014046,0.00013915520897871215,-0.049918523941614265,0.06129859446857146,0.5367428515323721,0.0002779595798552137,0.5278831208444984,0.03816979206070281
A_esters_isoaa,61,61,0.7706106365714271,0.0033169140572276634,0.005813344297901597,0.061298594468571437,0.5367933449336457,8.985557289531432e-05,0.5281650908670152,0.03714198985341233
A_esters_isoaa,64,64,0.7082874418610284,0.0030486583768415316,-0.010784408389122563,0.06129859446857144,0.536741169980922,0.0002842235902972279,0.5284647640962945,0.036049056481916586
A_esters_isoaa,102,102,0.26521662980912314,0.001141563230347246,-0.025400888888443652,0.061298594468571437,0.5366589678749688,0.0005904138135151005,0.5289963700857768,0.03410871958903572
A_esters_isoaa,108,108,0.22725266854960544,0.0009781561985808618,0.016964352292481957,0.061298594468571437,0.5367568927909713,0.0002256531941574602,0.5297414094175508,0.031386078010567586
A_esters_isoaa,72,72,0.595701772926808,0.002564059579202587,0.05937552969791436,0.06129859446857145,0.5348690221701512,0.0072460581515549904,0.5297645881839818,0.031301313003956
A_esters_isoaa,34,34,1.580582615961668,0.006803249849779349,0.020331738268152436,0.061298594468571437,0.5362120309521821,0.002254364568362255,0.5298766818964038,0.030891332713450237
A_esters_isoaa,7,7,6.841401450017579,0.029447219599333545,-0.007735670360253091,0.06129859446857143,0.5364381930530517,0.0014125340105953788,0.5299898508860187,0.030477331628965043
A_esters_isoaa,49,49,1.0562361022533222,0.004546322369624689,0.021786970081712327,0.06129859446857143,0.5363529512263415,0.001729866586066664,0.5306932784998742,0.027902030988393056
A_esters_isoaa,95,95,0.3314330796148968,0.0014265765207913924,-0.029806250706298866,0.06129859446857143,0.5365447067708963,0.0010159409843192302,0.5307850340480951,0.027565855285723084
A_esters_isoaa,145,145,0.05839559224245817,0.00025135023006030225,0.03625117297014254,0.06129859446857143,0.5367463900267966,0.00026477813732050937,0.5311558088323368,0.026206811726293244
A_esters_isoaa,83,83,0.45547229144159773,0.001960474426984242,0.01864219277513597,0.061298594468571437,0.5366708513907908,0.0005461524414530627,0.5311674361955964,0.02616417726430753
A_esters_isoaa,66,66,0.6772016658621743,0.0029148568920227165,0.02428122283937811,0.061298594468571437,0.5364475813728181,0.0013775807182896393,0.531617662356062,0.02451259943539863
A_esters_isoaa,128,128,0.11746449163774712,0.0005055985539880766,0.024132387512308097,0.06129859446857148,0.536754107549587,0.00023602886216789187,0.5326189154962764,0.020834656944035523
A_hops_all,2,2,18.993376531507604,0.08175256688886388,0.06416552659913748,0.034051851017142906,0.5988083346824026,0.17819988780466767,0.5880950849847455,0.17758942236556163
A_hops_all,40,40,1.318496380950985,0.0056751606749652775,0.05408560481692862,0.03405185101714289,0.657639324591493,0.008789092718111458,0.6306546044838325,0.05424917303098997
A_hops_all,94,94,0.3391832803770697,0.001459935455426348,0.052834850624144114,0.03405185101714288,0.6598355475046128,0.0021576307682481533,0.6350369862413356,0.04105957106643432
A_hops_all,58,58,0.8337089469250283,0.0035885060424231266,-0.021011183070099877,0.034051851017142865,0.6602714763653971,0.0008387203845416913,0.6374753458385273,0.03368132149422942
A_hops_all,72,72,0.595701772926808,0.002564059579202587,-0.09954459903321022,0.03405185101714284,0.6560908647290071,0.013451354505807478,0.6377613745989037,0.032813972055992124
A_hops_all,74,74,0.5732858092185649,0.0024675752827218373,-0.05592301323866644,0.034051851017142885,0.6591977982187125,0.0040855830425882145,0.6384537691198261,0.030712754096523964
A_hops_all,35,35,1.49915077242777,0.006452745439763313,0.021391838784792304,0.03405185101714284,0.6600320214003539,0.0015633033893479586,0.6391481206509896,0.028603307520258525
A_hops_all,38,38,1.4046655562384334,0.0060460558264808254,0.018524640818888084,0.034051851017142844,0.6601856578346128,0.0010984347101323788,0.6393667446918009,0.02793865097339321
A_hops_all,50,50,1.0296691782332121,0.004431971230985253,0.04141475015834651,0.03405185101714286,0.6592180207788143,0.00402447771690484,0.6407068876150729,0.023859407220738427
A_hops_all,113,113,0.1983147237529515,0.0008535995530739284,0.03602346987072443,0.034051851017142865,0.6603548259223595,0.000586445647902778,0.6408691897456462,0.023364798008629672
A_hops_all,116,116,0.17743592046448228,0.0007637316057098308,0.02640335239929753,0.03405185101714287,0.6604554385748473,0.0002818781489144495,0.640938940807995,0.02315219596422191
A_hops_all,89,89,0.3941755864867702,0.0016966370327445393,0.0712731613442526,0.03405185101714287,0.6590398019179574,0.004562926678386647,0.641158697076856,0.02248222503170716
A_hops_all,27,27,1.938381789063368,0.008343313080940655,-0.04092749162838291,0.03405185101714286,0.6581003156247373,0.007398970578066155,0.64183944712501,0.02040536467381915
A_hops_all,9,9,5.4895726777211715,0.023628587406888897,-0.0031843108201572595,0.03405185101714286,0.6605066474788179,0.0001268443615913828,0.6420642364815334,0.019719083987546737
A_hops_all,99,99,0.29370606768199287,0.00126418938223047,0.05673515593819613,0.03405185101714281,0.659836627494344,0.002154364316787394,0.6429326060478118,0.017065699152006064
A_hops_citrus,2,2,18.993376531507604,0.08175256688886388,0.021705488933297643,-0.01633876004571428,0.48068040289812813,0.037079192043236175,0.4504456468934795,0.10439694187718662
A_hops_citrus,74,74,0.5732858092185649,0.0024675752827218373,-0.03563685094061134,-0.01633876004571428,0.48910829950551044,0.00301688510480691,0.4676851529309215,0.034531862989142015
A_hops_citrus,35,35,1.49915077242777,0.006452745439763313,0.010989106008010547,-0.016338760045714308,0.4896639961429969,0.0007501687640060206,0.47035862242225746,0.02346233461767766
A_hops_citrus,139,139,0.07169666485591748,0.00030860160012194534,-0.012400374294321533,-0.016338760045714298,0.48983657580071044,4.568330126708542e-05,0.4704314684860545,0.023159831675063747
A_hops_citrus,89,89,0.3941755864867702,0.0016966370327445393,0.02332784111571562,-0.016338760045714294,0.4896300162302599,0.0008888485289584303,0.471770726216517,0.017590038704246913
A_hops_citrus,70,70,0.6176096514738066,0.002658356941408592,0.009884219343220806,-0.0163387600457143,0.4897865233281916,0.0002500274899843724,0.4721619967815428,0.01595980826191512
A_hops_citrus,26,26,2.0190904580673434,0.008690704754575576,0.014745588976607375,-0.016338760045714305,0.489402008298692,0.0018191518927939132,0.4721745775059849,0.015907368194701177
A_hops_citrus,75,75,0.5611254707768586,0.002415233937295569,0.00851478547775224,-0.0163387600457143,0.4898064747745606,0.00016857623206623096,0.47336225626045625,0.010950490324077689
A_hops_citrus,141,141,0.06592910925723788,0.00028377649995694223,-0.002951792520603897,-0.0163387600457143,0.4898471818591482,2.3803334645577934e-06,0.47337445167116216,0.010899527154975441
A_hops_citrus,154,154,0.037484871344509146,0.0001613449007778501,-0.0018953867112495677,-0.016338760045714298,0.48984762819044086,5.580082573786171e-07,0.47346720635342016,0.010511873414684736
A_hops_citrus,80,80,0.49253109656412436,0.002119985424914227,-0.005380092889414416,-0.0163387600457143,0.48983329582089313,5.9074783888335425e-05,0.47351087972916656,0.010329321046762874
A_hops_citrus,66,66,0.6772016658621743,0.0029148568920227165,-0.018722012598504048,-0.016338760045714298,0.48960680206720697,0.000983585283601096,0.4737696252017122,0.009247433458879128
A_hops_citrus,22,22,2.3276533586627237,0.010018841914837696,0.004016931252372233,-0.0163387600457143,0.4898096456339874,0.00015563097584592178,0.4740171699171502,0.008211826184194027
A_hops_citrus,53,53,0.9326341188083077,0.004014306411197168,0.0018013991803805733,-0.016338760045714298,0.4898446933449016,1.2540653230530552e-05,0.4740510395140568,0.008070090112638706
A_hops_citrus,160,160,0.024200727140449383,0.00010416639511288043,0.018453956590781556,-0.016338760045714263,0.489839400529494,3.415044306731563e-05,0.4743765804528259,0.006707263568574207
A_hops_noble,2,2,18.993376531507604,0.08175256688886388,0.05141732605134001,0.03766597833714289,0.4779596663001266,0.1793521848635773,0.4956213169595602,0.16528677638764144
A_hops_noble,93,93,0.3431824800366267,0.0014771490791929012,-0.07847221209860235,0.037665978337142914,0.5256147645178673,0.007548182948414306,0.5356798230913552,0.024902784932963717
A_hops_noble,119,119,0.15928142335834425,0.0006855897999839676,-0.08891191175119637,0.037665978337142886,0.5264219861115026,0.004497493490242643,0.5400199961846356,0.009037952664380233
A_hops_noble,94,94,0.3391832803770697,0.001459935455426348,0.024108826925203546,0.037665978337142865,0.5274239900374308,0.0007041612355100924,0.5422062701556811,0.0009978796344524143
A_hops_noble,40,40,1.318496380950985,0.0056751606749652775,0.045981225089213956,0.037665978337142886,0.5249765253917413,0.009956931903830957,0.54397302303896,-0.0055231273730285135
A_hops_noble,63,63,0.7347752395314049,0.003162668934532206,-0.010196819455840632,0.03766597833714286,0.5275377923057355,0.00027287860817837295,0.5445876515690731,-0.0077966678761312025
A_hops_noble,9,9,5.4895726777211715,0.023628587406888897,-0.0038365824686946892,0.03766597833714285,0.5275336413965352,0.00028861116891742977,0.5448379193051271,-0.008723155812235817
A_hops_noble,107,107,0.23481237184582068,0.0010106951812287642,-0.01713161212097624,0.03766597833714286,0.5275448438919108,0.0002461517682534886,0.5450930775202126,-0.009668186471086582
A_hops_noble,67,67,0.6634921720629949,0.002855847568063354,-0.008925447309830675,0.03766597833714286,0.5275599775869798,0.00018879100707713814,0.54523305639764,-0.010186814837762848
A_hops_noble,102,102,0.26521662980912314,0.001141563230347246,0.009289362411314077,0.03766597833714286,0.5275882189120926,8.174441382380326e-05,0.5462834544688658,-0.014082838304247058
A_hops_noble,72,72,0.595701772926808,0.002564059579202587,-0.06480924761936094,0.037665978337142844,0.5252468868877903,0.008936930297527734,0.5463682010994265,-0.014397498281695453
A_hops_noble,160,160,0.024200727140449383,0.00010416639511288043,0.03368775778299591,0.03766597833714292,0.5275839046817214,9.809754649214852e-05,0.5464369673682746,-0.014652859851914002
A_hops_noble,61,61,0.7706106365714271,0.0033169140572276634,-0.009942579187484465,0.037665978337142865,0.5275379993719798,0.00027209379319848015,0.5467774634741311,-0.015917755924925725
A_hops_noble,54,54,0.9190804381071087,0.00395596774843876,-0.02968925013994099,0.03766597833714284,0.5268458868436998,0.0028935933578256856,0.5468758746280774,-0.01628348656504297
A_hops_noble,66,66,0.6772016658621743,0.0029148568920227165,-0.04253610626848619,0.03766597833714286,0.5264539969662166,0.0043764200707027134,0.5474773477858458,-0.01852020393634879
A_hops_tropical,149,149,0.047843986858062536,0.00020593330150409103,0.039672986199423894,0.042520606308571435,0.6402739685574137,0.0001826069663475316,0.5292388348889937,-0.023478363357378518
A_hops_tropical,121,121,0.14879044304209832,0.0006404338179177515,-0.024229581895477793,0.04252060630857145,0.6402646145913153,0.00021182005369224655,0.5322743906369736,-0.03525276589534565
A_hops_tropical,40,40,1.318496380950985,0.0056751606749652775,0.028300548862470406,0.04252060630857146,0.6395120414606127,0.0025607598712462654,0.5341643591957885,-0.04261764721938044
A_hops_tropical,100,100,0.28021897028297404,0.0012061373117931349,-0.0341888081834236,0.04252060630857147,0.6400780883393105,0.0007942654160011386,0.5343256797306472,-0.04324749468712663
A_hops_tropical,164,164,0.017524364135174095,7.542954507162131e-05,0.005543408475881062,0.04252060630857145,0.6403320177164281,1.3058588252956582e-06,0.5345764690398096,-0.04422703480111778
A_hops_tropical,3,3,13.545194736908474,0.05830213690097895,0.0013896357081704632,0.04252060630857144,0.6403121276860098,6.342892930200072e-05,0.534591440804455,-0.044285526490276395
A_hops_tropical,30,30,1.7954555031501611,0.007728120161982139,-0.004913294603198364,0.04252060630857144,0.6402987840803045,0.00010510429271137767,0.5349259208318231,-0.045592700142889964
A_hops_tropical,123,123,0.14130838831801498,0.0006082290554690068,0.0036989747547371003,0.04252060630857145,0.6403309347179015,4.6884671178748505e-06,0.5349537098839628,-0.045701338680117276
A_hops_tropical,1,1,33.276548823089044,0.14323115634427935,0.001710960287304351,0.04252060630857144,0.6402568013869843,0.00023622090764274795,0.5350348401316436,-0.04601854160904306
A_hops_tropical,7,7,6.841401450017579,0.029447219599333545,0.000740760398472211,0.04252060630857144,0.6403295212197274,9.103340459670761e-06,0.5351233067305237,-0.04636448301783558
A_hops_tropical,110,110,0.2193434475927778,0.0009441127985440527,0.02504305998317227,0.042520606308571435,0.6402256259405783,0.0003335797274991448,0.535329163487106,-0.047169690443284784
A_hops_tropical,95,95,0.3314330796148968,0.0014265765207913924,0.034653518510541034,0.04252060630857145,0.6400233557005116,0.0009651409055281279,0.5354903302019415,-0.04780030919249789
A_hops_tropical,132,132,0.0994625974571709,0.00042811359202344425,-0.025151839352064873,0.04252060630857145,0.6402835827714461,0.00015258066182377572,0.5354982031933436,-0.047831119771148956
A_hops_tropical,135,135,0.08574241440702901,0.00036905825867218417,0.057565741201376724,0.042520606308571386,0.6401118007915441,0.0006890077503740599,0.5355653829305282,-0.04809404291195585
A_hops_tropical,72,72,0.595701772926808,0.002564059579202587,-0.0006980810340368638,0.04252060630857144,0.64033221042794,7.039483046478168e-07,0.5356204069880933,-0.04830941661354515
A_hops_woody,121,121,0.14879044304209832,0.0006404338179177515,0.09325386901356826,-0.039745393702857165,0.3448946942131362,0.010699784533490742,0.40861073802755543,0.018192235268164825
A_hops_woody,2,2,18.993376531507604,0.08175256688886388,0.005895789364892385,-0.03974539370285713,0.34580693571983195,0.005459493751658551,0.4122755293567854,0.0005017741541029075
A_hops_woody,1,1,33.276548823089044,0.14323115634427935,0.010923490233853972,-0.03974539370285715,0.3410145509974312,0.032834272976897894,0.41406886045645475,-0.008212444934375451
A_hops_woody,40,40,1.318496380950985,0.0056751606749652775,0.024302912095748228,-0.039745393702857124,0.3456364920527606,0.00643964387613527,0.4143288889112878,-0.009479124303760633
A_hops_woody,95,95,0.3314330796148968,0.0014265765207913924,0.015120148216090812,-0.03974539370285714,0.34664613271901723,0.0006265766776685222,0.4156753661923676,-0.016050953393744294
A_hops_woody,72,72,0.595701772926808,0.002564059579202587,-0.04263872488292484,-0.039745393702857144,0.3451985614502831,0.008955783503117432,0.41637109576837594,-0.01945499575330545
A_hops_woody,96,96,0.32453806198654195,0.0013968985228363213,0.004419944331264258,-0.039745393702857144,0.3467456939759382,5.242826838924852e-05,0.4165329471287032,-0.020247712869768453
A_hops_woody,13,13,3.6372389055710395,0.015655647979452337,0.0083683189384901,-0.03974539370285713,0.34638941144809793,0.0021062724747713535,0.4165369031566191,-0.020267092597723524
A_hops_woody,134,134,0.09004704839363732,0.0003875865533826318,0.0015439484991941342,-0.03974539370285714,0.34675447622437494,1.7750123447735078e-06,0.41672224205352665,-0.02117523420626477
A_hops_woody,11,11,4.383314666606854,0.01886695737760278,-0.003324386528094009,-0.03974539370285714,0.3466853250688949,0.00040058248154850595,0.41673482051426286,-0.021236882014554093
A_hops_woody,57,57,0.844587434595947,0.003635329959670866,0.002384843516796649,-0.03974539370285714,0.34674789701332853,3.97219598452514e-05,0.41680134764047927,-0.021562966490987767
A_hops_woody,35,35,1.49915077242777,0.006452745439763313,0.002921184522373019,-0.03974539370285714,0.34673644252756447,0.00010578633503888213,0.4168296357604152,-0.021701637234410986
A_hops_woody,59,59,0.8213598636507362,0.0035353522888120735,0.002501690206426842,-0.03974539370285714,0.34674741403255405,4.2507622035614645e-05,0.4168867561824191,-0.021981675035801285
A_hops_woody,82,82,0.46528172948362084,0.0020026968690204086,0.008014000736747228,-0.03974539370285714,0.3467119389535669,0.0002471047147495353,0.41693612037531097,-0.02222371816468116
A_hops_woody,16,16,2.9944844126721613,0.012889060922818947,0.0039579325423203995,-0.03974539370285714,0.3466875235325347,0.0003879047603831953,0.4169515431056137,-0.02229934496471775
A_malt_all,1,1,33.276548823089044,0.14323115634427935,-0.014256887420304287,0.01485224564571431,0.6662437212036342,0.014924580821906952,0.7892317345905445,0.043233331061544034
A_malt_all,13,13,3.6372389055710395,0.015655647979452337,0.09247272253119752,0.0148522456457144,0.6478277205094121,0.06862992738513585,0.7894795332884615,0.04263243592822474
A_malt_all,105,105,0.2424908328388066,0.001043745328731041,0.09534724147355522,0.01485224564571422,0.6696371318405815,0.004864363422477314,0.8002331756698182,0.01637385852676465
A_malt_all,121,121,0.14879044304209832,0.0006404338179177515,0.032841532112029684,0.01485224564571428,0.6711529150558636,0.00035410844097394367,0.8020304774543191,0.011950502009336561
A_malt_all,2,2,18.993376531507604,0.08175256688886388,0.03960921396236593,0.01485224564571432,0.6488278359039791,0.06575201239347994,0.8028330881768015,0.009971983885255886
A_malt_all,120,120,0.1515182600336935,0.0006521750710170109,-0.1293301098302561,0.014852245645714407,0.6693922199971284,0.005592148435317856,0.8053259566406702,0.0038141875729167385
A_malt_all,90,90,0.37729773726772353,0.001623990260595767,0.03189349775145723,0.014852245645714274,0.6709874859620539,0.0008468430461294751,0.8056544252019947,0.003001392582981266
A_malt_all,80,80,0.49253109656412436,0.002119985424914227,-0.018063942099617716,0.014852245645714282,0.6711527406091045,0.00035462809889241775,0.8057064655594018,0.0028725883762608095
A_malt_all,31,31,1.7669514553930887,0.007605431125254109,0.01795123299355798,0.014852245645714298,0.6708499519228852,0.0012563990777444412,0.8061985601639042,0.0016542020660716972
A_malt_all,63,63,0.7347752395314049,0.003162668934532206,-0.010353441175402172,0.014852245645714293,0.6712134425589654,0.00017379543988083057,0.8064389459883275,0.001058755811435108
A_malt_all,97,97,0.3149723405638439,0.0013557251022414056,0.018414124479400242,0.014852245645714303,0.6711926758987923,0.00023566169139499493,0.8066142168619919,0.000624490249391707
A_malt_all,91,91,0.3719439901607688,0.0016009463027328078,0.008919809314473814,0.014852245645714295,0.6712498602074876,6.529848565961505e-05,0.8068488611305855,4.296852969787324e-05
A_malt_all,68,68,0.6409585241701791,0.002758856727411531,-0.00495187160803671,0.014852245645714293,0.6712601370194203,3.4680320516011776e-05,0.807360174524548,-0.0012248114848971703
A_malt_all,110,110,0.2193434475927778,0.0009441127985440527,-0.02568557776125417,0.0148522456457143,0.6711645953333121,0.00031931385779204735,0.8075017938340374,-0.0015760926277579301
A_malt_all,129,129,0.11402622346863688,0.000490799329215654,0.004017011376417789,0.014852245645714288,0.671270414399783,4.059993025440356e-06,0.8075758449602181,-0.0017597980731796081
A_malt_bread,37,37,1.4348816047509763,0.006176113771840935,0.027575011572432112,0.046517305851428575,0.5392761985809849,0.0037163718553676617,0.4726256799828763,0.013637187314871624
A_malt_bread,1,1,33.276548823089044,0.14323115634427935,-0.003885241290776555,0.04651730585142858,0.5398186717425066,0.0017109840355400419,0.4735088428603283,0.009947447393051534
A_malt_bread,60,60,0.7889342692592156,0.0033957838676834506,0.0015104032745513229,0.046517305851428575,0.5402794196578847,6.1305345713247306e-06,0.47527724909099284,0.0025385700284484836
A_malt_bread,69,69,0.6285796789101241,0.0027055748702625,-0.002949982359333973,0.046517305851428575,0.5402760423524113,1.8632488523517843e-05,0.4756441268782153,0.000998047378398037
A_malt_bread,39,39,1.3819623178331806,0.005948335022955433,-0.002677026430961,0.046517305851428575,0.5402719626559582,3.3734416854835914e-05,0.47570368592564605,0.0007478463288403958
A_malt_bread,48,48,1.072255482517128,0.004615274062040328,-0.0017221941072938485,0.046517305851428575,0.5402781494242155,1.0832636271551621e-05,0.4757491370863258,0.0005568898942609479
A_malt_bread,88,88,0.3987069396982124,0.0017161411875693,0.014961094101023318,0.046517305851428575,0.5401989508461539,0.0003039850263063526,0.47575081407953357,0.0005498439024533841
A_malt_bread,73,73,0.580678617484791,0.002499395904572755,0.00024542004226253813,0.046517305851428575,0.5402810435840096,1.1913176445332851e-07,0.47584727673993876,0.00014450820109357387
A_malt_bread,46,46,1.1263267668504144,0.0048480113155713565,-0.004206727800724,0.046517305851428575,0.5402627348069973,6.789298698040014e-05,0.4758664152410789,6.407852870371489e-05
A_malt_bread,31,31,1.7669514553930887,0.007605431125254109,-0.0029647229873001864,0.046517305851428575,0.5402667848508312,5.290108106892344e-05,0.47588157046636553,3.86303363297813e-07
A_malt_bread,16,16,2.9944844126721613,0.012889060922818947,-0.00011927536752204314,0.046517305851428575,0.5402810365664216,1.4510930801403532e-07,0.4758986542863033,-7.141357730877651e-05
A_malt_bread,29,29,1.8456280608235607,0.007944076254379703,-0.004434681356828265,0.046517305851428575,0.5402476759639715,0.00012363479484978068,0.4759155611086563,-0.00014247211011020333
A_malt_bread,34,34,1.580582615961668,0.006803249849779349,0.008937012016978546,0.046517305851428575,0.5401649014761636,0.0004300050664368671,0.4759448227576035,-0.0002654633296101938
A_malt_bread,7,7,6.841401450017579,0.029447219599333545,0.0015069206243532643,0.046517305851428575,0.5402667804745996,5.291728047351896e-05,0.4761084436982835,-0.0009533267145676039
A_malt_bread,100,100,0.28021897028297404,0.0012061373117931349,0.019398808120181552,0.04651730585142856,0.5401840363716364,0.0003591859292002564,0.4761439883491613,-0.0011027878934262159
A_malt_burn,121,121,0.14879044304209832,0.0006404338179177515,0.10013416715271829,-0.04232204751428576,0.5182801718344611,0.00549199221315777,0.9359578087939302,0.0021508737542983436
A_malt_burn,13,13,3.6372389055710395,0.015655647979452337,0.043665557695757494,-0.04232204751428568,0.5130324413405768,0.025529372863275945,0.9433915606050328,-0.013762707180479561
A_malt_burn,147,147,0.050993323175666634,0.0002194888863961903,0.05495811617328534,-0.0423220475142857,0.5195619031473215,0.000566979408815893,0.9490485955614884,-0.025957189114223844
A_malt_burn,2,2,18.993376531507604,0.08175256688886388,0.01702359942482684,-0.04232204751428571,0.51441697880552,0.020262603996426876,0.9504260135189716,-0.0289374313865689
A_malt_burn,1,1,33.276548823089044,0.14323115634427935,-0.009105576199349302,-0.04232204751428571,0.5170633110511443,0.010156485209869781,0.9505318314922137,-0.02916656260403605
A_malt_burn,110,110,0.2193434475927778,0.0009441127985440527,-0.06660969200949808,-0.042322047514285706,0.5187774840355989,0.0035825298058060895,0.9506924587316353,-0.02951442292003814
A_malt_burn,120,120,0.1515182600336935,0.0006521750710170109,-0.11496748542509425,-0.04232204751428562,0.5177899757409055,0.0073723396512408446,0.9522773627168595,-0.0329499011102643
A_malt_burn,50,50,1.0296691782332121,0.004431971230985253,0.04828239614376108,-0.04232204751428573,0.5174080334612937,0.00883620206591329,0.9537640253234222,-0.03617763024248899
A_malt_burn,37,37,1.4348816047509763,0.006176113771840935,0.035535517192778074,-0.04232204751428573,0.5179731027801082,0.006670089250254585,0.9545724771568264,-0.0379349931079076
A_malt_burn,135,135,0.08574241440702901,0.00036905825867218417,-0.04468212454379898,-0.042322047514285685,0.5195454794058734,0.0006301640649245543,0.9558256298830826,-0.040661962225967185
A_malt_burn,10,10,4.832061176185845,0.020798482242580997,-0.0024940784917915826,-0.04232204751428573,0.5196805031106388,0.00011064784353109758,0.9573354693345345,-0.04395225579135764
A_malt_burn,70,70,0.6176096514738066,0.002658356941408592,0.008249386031872386,-0.04232204751428573,0.519669049888895,0.00015472041583808327,0.9579593127748228,-0.04531327287235798
A_malt_burn,16,16,2.9944844126721613,0.012889060922818947,0.007301594073931141,-0.04232204751428573,0.5195565200535264,0.0005876892175546988,0.9580294628077971,-0.04546637216261851
A_malt_burn,36,36,1.4487161870049226,0.006235661509928422,0.013927802417310809,-0.042322047514285734,0.5194403619429109,0.00103451978965452,0.958132463319719,-0.045691186459874134
A_malt_burn,105,105,0.2424908328388066,0.001043745328731041,0.007629068118434348,-0.042322047514285734,0.519695755298617,5.195515038658449e-05,0.9583249319660708,-0.046111343357991386
A_malt_cara,105,105,0.2424908328388066,0.001043745328731041,0.12588988116108132,0.035933133908571335,0.6337125267244791,0.009425206206803649,0.585739072626663,0.053284219966023394
A_malt_cara,2,2,18.993376531507604,0.08175256688886388,0.025938812175675317,0.03593313390857145,0.626663009214468,0.031341244328074835,0.5900443982963122,0.03931588681178533
A_malt_cara,120,120,0.1515182600336935,0.0006521750710170109,-0.07666589718842433,0.0359331339085715,0.6360245126501145,0.0021841542579432716,0.5981314612186026,0.012801427691955913
A_malt_cara,1,1,33.276548823089044,0.14323115634427935,-0.014899863090014509,0.03593313390857145,0.6309257392551979,0.01811826979732123,0.6012067850715692,0.002623865483480592
A_malt_cara,88,88,0.3987069396982124,0.0017161411875693,0.017089410795484185,0.03593313390857143,0.6366293178298918,0.00028557610250334875,0.6021616901744398,-0.0005469434253215777
A_malt_cara,132,132,0.0994625974571709,0.00042811359202344425,0.010996717869578029,0.03593313390857143,0.6367108491505004,2.9498494448110257e-05,0.6025610005202844,-0.0018743650195747197
A_malt_cara,135,135,0.08574241440702901,0.00036905825867218417,-0.03502136604024452,0.03593313390857147,0.636638125377358,0.00025791450131196214,0.6026319059810012,-0.002110167014848896
A_malt_cara,99,99,0.29370606768199287,0.00126418938223047,-0.010792442047639565,0.03593313390857144,0.6366935291253594,8.390083008846805e-05,0.6027164510168928,-0.0023913648148630173
A_malt_cara,118,118,0.16701208729417225,0.0007188646428988489,0.0003259056488382551,0.03593313390857143,0.636720226513534,4.3505640867635975e-08,0.6030045985079807,-0.003350043145467385
A_malt_cara,9,9,5.4895726777211715,0.023628587406888897,-0.0002697801094709683,0.03593313390857143,0.6367199284096444,9.798786171355545e-07,0.6031103115188815,-0.003701869488587528
A_malt_cara,93,93,0.3431824800366267,0.0014771490791929012,0.02722062792483547,0.03593313390857141,0.6365216666941339,0.0006236418845578795,0.6031106760451458,-0.003703082785049716
A_malt_cara,35,35,1.49915077242777,0.006452745439763313,-0.0037869103840795907,0.03593313390857144,0.6367034541157434,5.2726538013359026e-05,0.6031387740835791,-0.003796607061314905
A_malt_cara,46,46,1.1263267668504144,0.0048480113155713565,-0.002093107800767633,0.03593313390857143,0.6367163875196851,1.21021208654426e-05,0.6032993531219853,-0.004331177737913361
A_malt_cara,71,71,0.6014008530550752,0.0025885899426489316,0.007104702900233417,0.03593313390857143,0.6366965377352113,7.445086900892406e-05,0.6033642287781751,-0.004547190392834022
A_malt_cara,96,96,0.32453806198654195,0.0013968985228363213,-0.011972204363348227,0.03593313390857144,0.6366839192787065,0.00011408479591445975,0.6033810984069662,-0.004603364008373356
A_malt_grain,90,90,0.37729773726772353,0.001623990260595767,0.030165213858768653,0.010703403679999982,0.46909981674498435,0.0015488327384928224,0.4160218204508656,0.03524377116953081
A_malt_grain,13,13,3.6372389055710395,0.015655647979452337,0.019825683506937433,0.010703403680000022,0.4679471328539132,0.006449642873133654,0.41611464771569767,0.03481318955643842
A_malt_grain,36,36,1.4487161870049226,0.006235661509928422,0.011201604435904821,0.010703403679999992,0.4692709817484862,0.0008200706695624671,0.4185131429791557,0.02365440024958454
A_malt_grain,1,1,33.276548823089044,0.14323115634427935,-0.0030083180682586893,0.010703403680000003,0.469144501672242,0.001358605238242383,0.41939126086276757,0.019552995159577202
A_malt_grain,72,72,0.595701772926808,0.002564059579202587,-0.047459909004633385,0.010703403679999989,0.4680404658514061,0.006053272111673058,0.41962682909368604,0.018451269622276723
A_malt_grain,104,104,0.2557123180814165,0.001100654133485874,-0.004480988966651828,0.01070340368,0.4694580805859796,2.316364499888035e-05,0.42092080300404217,0.01238846992719178
A_malt_grain,47,47,1.1013439278573889,0.004740478502094882,0.005270423649943404,0.010703403680000001,0.46943112059511105,0.00013801348306474726,0.4209258987221821,0.012364557493234507
A_malt_grain,79,79,0.5067088423753145,0.002181010230632151,0.023063844444977034,0.01070340368,0.46917799997206555,0.0012159882703247638,0.4210743233300849,0.011667925385158928
A_malt_grain,121,121,0.14879044304209832,0.0006404338179177515,0.04683687448592281,0.010703403679999984,0.46911774558480684,0.0014725103333419476,0.42110509433582327,0.01152347068218662
A_malt_grain,124,124,0.14106358290343565,0.0006071753475620976,0.005209758389012578,0.01070340368,0.4694594634166012,1.7272594513118023e-05,0.42124262727020745,0.01087769232519864
A_malt_grain,102,102,0.26521662980912314,0.001141563230347246,0.014938674589690745,0.01070340368,0.4694008372476346,0.0002670129889437156,0.42137273039522577,0.010266606134445522
A_malt_grain,93,93,0.3431824800366267,0.0014771490791929012,-0.023104391753612404,0.010703403680000015,0.4692694814185347,0.0008264597165599241,0.42194536060501375,0.0075747549670024394
A_malt_grain,23,23,2.2519267539731596,0.009692894377027327,-0.00955516143741449,0.010703403679999998,0.46924574166016947,0.0009275510483611749,0.4220580771886022,0.007044460124149943
A_malt_grain,139,139,0.07169666485591748,0.00030860160012194534,-0.006378143085976823,0.01070340368,0.46946042921375947,1.3158154204329087e-05,0.42207437647114177,0.006967765582432506
A_malt_grain,87,87,0.3998731018481733,0.0017211606610162558,0.001313423890722274,0.01070340368,0.4694627873749182,3.111999488991657e-06,0.42238880788451894,0.005487662307610552
F_esters_all,4,4,11.331805194940767,0.048775116980078984,0.021690351394905417,0.08630338718857145,0.5838359933986995,0.015312988395473126,0.5403274798798822,0.08760355544605714
F_esters_all,75,75,0.5611254707768586,0.002415233937295569,-0.01777665754749209,0.08630338718857146,0.5882082833019469,0.0005093166487981637,0.5619646506632865,0.013067457459063125
F_esters_all,119,119,0.15928142335834425,0.0006855897999839676,0.05795264832064599,0.08630338718857145,0.5879059456861625,0.0015365241124014606,0.5626885275824639,0.010523248264709406
F_esters_all,76,76,0.5379049081433639,0.0023152864320827534,0.005316228753543132,0.08630338718857146,0.5883452870033876,4.366570786162871e-05,0.5631004896297037,0.009073863510600577
F_esters_all,102,102,0.26521662980912314,0.001141563230347246,-0.013811236834962111,0.08630338718857146,0.5883153841574126,0.00014530935498058284,0.5631129887500157,0.009029871922275445
F_esters_all,34,34,1.580582615961668,0.006803249849779349,0.020208390666882375,0.08630338718857146,0.5878124734115683,0.0018539940533879307,0.5631257709205862,0.008984883107516883
F_esters_all,18,18,2.811988572614195,0.012103550071363508,-0.023035573020972068,0.08630338718857145,0.5870959648213562,0.00428587271786518,0.5631890348328539,0.008762201005627412
F_esters_all,118,118,0.16701208729417225,0.0007188646428988489,-0.029401652014177625,0.08630338718857143,0.5882361281823061,0.0004146856889172268,0.5637184483882479,0.006897742195364542
F_esters_all,10,10,4.832061176185845,0.020798482242580997,0.013638242719098689,0.08630338718857146,0.5875982102651018,0.0025815285494305007,0.5637658159151182,0.006730840528893056
F_esters_all,65,65,0.688020226856627,0.0029614228688448502,-0.00915446706839558,0.08630338718857146,0.588309410719221,0.00016561322611785556,0.5638756635713578,0.00634373327345783
F_esters_all,8,8,5.894338989064857,0.025370809748850587,0.009014244540434127,0.08630338718857146,0.587953293381924,0.0013756927790774531,0.5643150647739192,0.004794512752663516
F_esters_all,116,116,0.17743592046448228,0.0007637316057098308,-0.01661482800419551,0.08630338718857145,0.5883167433921287,0.00014068925218191364,0.5649632224399216,0.002507065367348571
F_esters_all,53,53,0.9326341188083077,0.004014306411197168,-0.005586637047410723,0.08630338718857146,0.5883335368931798,8.36064707511186e-05,0.5654327915183728,0.0008482441508156358
F_esters_all,100,100,0.28021897028297404,0.0012061373117931349,0.09930403268486594,0.08630338718857139,0.586018567890428,0.007937047533236652,0.5654649736122194,0.0007345057503725938
F_esters_all,81,81,0.4790883994775237,0.0020621244652835897,-0.006255030923494135,0.08630338718857146,0.588342293968643,5.3839653349041505e-05,0.5655687259085603,0.00036777887660521813
F_esters_ethac,120,120,0.1515182600336935,0.0006521750710170109,-0.06391959514530976,0.013662544485714337,0.4999477406732725,0.0024565567612780947,0.4817464533303052,0.009720432114738164
F_esters_ethac,37,37,1.4348816047509763,0.006176113771840935,0.04031844635849003,0.013662544485714282,0.49824099010506856,0.009255874189784574,0.481919232020014,0.009009975867787623
F_esters_ethac,13,13,3.6372389055710395,0.015655647979452337,0.01747637265696637,0.0136625444857143,0.4994584223708154,0.004408270332091235,0.482846651656434,0.00519212472859365
F_esters_ethac,105,105,0.2424908328388066,0.001043745328731041,0.05530233798990245,0.013662544485714238,0.4998258523039337,0.002942904080900144,0.4829468752908935,0.004779100808381065
F_esters_ethac,112,112,0.2049420656064698,0.0008821254029814654,0.02685241002333864,0.01366254448571428,0.5004161636494516,0.0005863966046725233,0.48320041738524777,0.003733865237111722
F_esters_ethac,119,119,0.15928142335834425,0.0006855897999839676,0.021510158657942143,0.013662544485714273,0.500489750131174,0.00029244631490865647,0.4839913014815224,0.0004698950869450602
F_esters_ethac,39,39,1.3819623178331806,0.005948335022955433,0.03755802148950004,0.01366254448571428,0.49862310697590195,0.007735625052460948,0.4840280141567572,0.0003182526265781416
F_esters_ethac,90,90,0.37729773726772353,0.001623990260595767,0.010763353849497411,0.013662544485714273,0.5005195362807823,0.00017344957286480334,0.48403353681349215,0.00029544018403515615
F_esters_ethac,35,35,1.49915077242777,0.006452745439763313,0.0020268227628636093,0.013662544485714278,0.500556832891825,2.4438281154726127e-05,0.4841475733257958,-0.00017566870402951906
F_esters_ethac,29,29,1.8456280608235607,0.007944076254379703,0.008409071689656109,0.013662544485714277,0.5004333153438121,0.0005178859062822116,0.48426516450323365,-0.0006615788849795301
F_esters_ethac,78,78,0.5116066105971625,0.002202091533553649,0.0021275070614167036,0.013662544485714278,0.5005606495168172,9.189078587379385e-06,0.48426752311806454,-0.0006713263587243556
F_esters_ethac,89,89,0.3941755864867702,0.0016966370327445393,-0.0001104630013697795,0.01366254448571428,0.5005629446013432,1.9086100033760545e-08,0.4843496624118716,-0.0010108139472266853
F_esters_ethac,25,25,2.0619953390939854,0.008875378825042756,0.0016362783950618746,0.013662544485714278,0.5005574662683091,2.1907653802832883e-05,0.4843601324316761,-0.0010540914268561963
F_esters_ethac,149,149,0.047843986858062536,0.00020593330150409103,-0.0019200510701743087,0.01366254448571428,0.5005627742018789,6.999172881272386e-07,0.48437346909625484,-0.0011092194423636403
F_esters_ethac,6,6,7.286404531681817,0.03136263175046718,0.0007105070679292668,0.01366254448571428,0.5005592961721592,1.4596337003847104e-05,0.4845229884531346,-0.001727371835425373
F_esters_flower,20,20,2.5174618342412147,0.01083582830322749,0.02111384209027559,-0.007167828314285702,0.3926998403138975,0.007183829657439578,0.430638425584194,0.12004087571705035
F_esters_flower,22,22,2.3276533586627237,0.010018841914837696,-0.022324722574442228,-0.007167828314285697,0.39265196317928197,0.007425898998872138,0.43360362031008026,0.1078811003822101
F_esters_flower,40,40,1.318496380950985,0.0056751606749652775,-0.051752920190648304,-0.007167828314285747,0.3896380206019025,0.022605142789941524,0.4336734044318404,0.1075939222281781
F_esters_flower,87,87,0.3998731018481733,0.0017211606610162558,-0.011904240614092636,-0.007167828314285712,0.39404654449586723,0.00036273058538749403,0.4341546573628227,0.1056121943563304
F_esters_flower,82,82,0.46528172948362084,0.0020026968690204086,-0.03780762478496499,-0.0071678283142856975,0.39327819784939017,0.00425729142402731,0.43453982767013505,0.1040245369077556
F_esters_flower,162,162,0.01963327539417405,8.450686255006269e-05,0.0236868259201799,-0.007167828314285709,0.39410413497494745,7.051233352806108e-05,0.43487356999525173,0.10264772518076892
F_esters_flower,42,42,1.255720404848894,0.005404956102503587,0.023025405644565955,-0.0071678283142857175,0.3932773597036914,0.004261535628682367,0.43513311259150966,0.10157628439599975
F_esters_flower,155,155,0.033398694014980086,0.0001437569018826601,-0.00807661193326473,-0.00716782831428572,0.39411528213623337,1.3945898817535607e-05,0.43553679638607723,0.09990853116212162
F_esters_flower,77,77,0.5255443044155779,0.0022620830913620414,-0.008989172128975173,-0.007167828314285712,0.39406445889259484,0.00027183621796633695,0.4357108714001045,0.09918889163718636
F_esters_flower,98,98,0.30721620015604656,0.0013223406017848383,0.014791479889664684,-0.007167828314285717,0.3940332355558053,0.0004302550340327116,0.4359145755016923,0.09834639802777312
F_esters_flower,94,94,0.3391832803770697,0.001459935455426348,-0.03221821499676601,-0.0071678283142857235,0.3936736680310112,0.0022536993477499934,0.43729154598467945,0.09264109990107416
F_esters_flower,97,97,0.3149723405638439,0.0013557251022414056,-0.03793740709540732,-0.007167828314285738,0.39354579057813793,0.0029017921384094647,0.437305551668319,0.09258297673208316
F_esters_flower,48,48,1.072255482517128,0.004615274062040328,0.009342396961293492,-0.0071678283142857105,0.39399996158783723,0.0005990643850024568,0.4379469339982933,0.08991926462552002
F_esters_flower,46,46,1.1263267668504144,0.0048480113155713565,0.017965206152977906,-0.007167828314285702,0.3936592163945693,0.0023269519084848644,0.4383955629013968,0.0880537525559939
F_esters_flower,21,21,2.355795283146291,0.010139972276251194,0.007777605021838787,-0.007167828314285715,0.39393823295913344,0.0009121954643332986,0.4387041674155422,0.08676938835285686
F_esters_fruity,2,2,18.993376531507604,0.08175256688886388,-0.026362226118898303,0.019569688302857116,0.4469794084626766,0.06164124698270468,0.5560733668534392,0.11979057711163166
F_esters_fruity,113,113,0.1983147237529515,0.0008535995530739284,-0.03808528096313583,0.01956968830285713,0.46111703945911575,0.0013433041707463511,0.5633630659492357,0.09656155846966341
F_esters_fruity,22,22,2.3276533586627237,0.010018841914837696,-0.04514520801668562,0.019569688302857168,0.45628727288203036,0.022153721789400005,0.5647093338638314,0.09223850813210799
F_esters_fruity,83,83,0.45547229144159773,0.001960474426984242,0.05027967207350391,0.01956968830285714,0.46018480928493544,0.005377147022509576,0.566085115088284,0.0878100262770719
F_esters_fruity,32,32,1.7130806714526785,0.007373556878979988,-0.016071886919077284,0.019569688302857116,0.4609500666185955,0.0020664106304505436,0.5662259380247304,0.08735612545828475
F_esters_fruity,80,80,0.49253109656412436,0.002119985424914227,0.01960340919010826,0.019569688302857147,0.4612230898432091,0.0008838975742980759,0.566385181202978,0.08684271645394315
F_esters_fruity,156,156,0.03232959381014046,0.00013915520897871215,-0.05148406384938806,0.019569688302857158,0.4613347268154807,0.00040017593177676947,0.5672331270463356,0.08410646005435896
F_esters_fruity,35,35,1.49915077242777,0.006452745439763313,-0.02690986192200727,0.019569688302857165,0.4602559515759079,0.005069595723380171,0.5674461897918108,0.08341827936669788
F_esters_fruity,60,60,0.7889342692592156,0.0033957838676834506,-0.03368515582348624,0.01956968830285714,0.460461565599119,0.004180449857713153,0.5679497869689519,0.08179066145157077
F_esters_fruity,51,51,0.9645910051163866,0.0041518573875139455,-0.005537473553952343,0.019569688302857137,0.46139519369894244,0.0001381247847408451,0.5686442723367745,0.07954372750713823
F_esters_fruity,111,111,0.2147939504540835,0.0009245305474090419,0.033872507118251564,0.019569688302857123,0.46116146706534766,0.0011508581753826297,0.5688794876541937,0.07878209074145892
F_esters_fruity,16,16,2.9944844126721613,0.012889060922818947,-0.027646316415404094,0.019569688302857123,0.4589545417028272,0.01068812886794479,0.569199945838454,0.0777439272165027
F_esters_fruity,38,38,1.4046655562384334,0.0060460558264808254,-0.03519884279027408,0.019569688302857158,0.459548208482155,0.008127084603496981,0.5696476129309774,0.07629267602370038
F_esters_fruity,136,136,0.0823057492772276,0.00035426593380921706,-0.06679624927886717,0.019569688302857168,0.4610312411017378,0.0017149023785096862,0.5696838246305928,0.07617523473353338
F_esters_fruity,14,14,3.320519093480101,0.01429240129290136,-0.005411700981967348,0.019569688302857133,0.4613222765965425,0.0004541283789031292,0.5704475184718206,0.07369669436564419
F_esters_isoaa,3,3,13.545194736908474,0.05830213690097895,-0.011121218367839329,0.08517232282857143,0.5785546365576735,0.004951725750764968,0.4876388544479197,0.1511577310907971
F_esters_isoaa,159,159,0.027246133929988876,0.00011727463955023039,-0.0157438116942311,0.0851723228285714,0.579986611508759,1.9961411798385953e-05,0.48867966239831434,0.14753035555181182
F_esters_isoaa,108,108,0.22725266854960544,0.0009781561985808618,0.01994115796686742,0.08517232282857143,0.5799149366770807,0.0002671015037262192,0.4890597775160887,0.14620366795365292
F_esters_isoaa,138,138,0.07647388584471335,0.00032916403554681805,0.051887124439335686,0.08517232282857143,0.5798158951327246,0.0006085537710744937,0.48919371811410184,0.14573593923673323
F_esters_isoaa,102,102,0.26521662980912314,0.001141563230347246,-0.030027462080162493,0.08517232282857143,0.57978739092106,0.0007068131162898394,0.48947084297468907,0.1447677957175445
F_esters_isoaa,53,53,0.9326341188083077,0.004014306411197168,-0.022145163676285284,0.08517232282857143,0.5796002298438311,0.0013518723393283194,0.4900818025670293,0.1426314542890792
F_esters_isoaa,107,107,0.23481237184582068,0.0010106951812287642,0.028501019403495864,0.08517232282857143,0.5798288836561215,0.0005637783012013564,0.49083674432407365,0.13998796967819216
F_esters_isoaa,73,73,0.580678617484791,0.002499395904572755,-0.05137247353460095,0.08517232282857147,0.5786773319206132,0.00452963681688634,0.4927219184089598,0.13336912603939022
F_esters_isoaa,83,83,0.45547229144159773,0.001960474426984242,0.06492711419609593,0.08517232282857143,0.5783442737220256,0.005675194577032139,0.49382693051198295,0.12947763511609933
F_esters_isoaa,17,17,2.835193416915173,0.012203429920673841,-0.01473269396211918,0.08517232282857144,0.5794646802766434,0.0018189200926823634,0.49407131009935423,0.12861583304794955
F_esters_isoaa,6,6,7.286404531681817,0.03136263175046718,-0.00971845240665181,0.08517232282857143,0.5794022162820973,0.0020341084176718205,0.49434525281093095,0.12764927006801707
F_esters_isoaa,41,41,1.2769491345747037,0.005496330226740839,0.015297905533396593,0.08517232282857143,0.579736192450405,0.0008832916832529625,0.49575206838442537,0.12267710605865523
F_esters_isoaa,34,34,1.580582615961668,0.006803249849779349,0.03500272868353559,0.08517232282857143,0.5783301259280089,0.005723841485485215,0.4958247947702659,0.1224196822075243
F_esters_isoaa,78,78,0.5116066105971625,0.002202091533553649,-0.06000487257147834,0.08517232282857146,0.5784112962326987,0.005444722834206384,0.4959893836436414,0.12183696052549853
F_esters_isoaa,95,95,0.3314330796148968,0.0014265765207913924,-0.04210802630281226,0.08517232282857141,0.5794884667637914,0.0017369695974912558,0.49634189011878416,0.12058827185804966
F_hops_all,2,2,18.993376531507604,0.08175256688886388,0.08564191872266222,0.04575271478857148,0.6065508036795357,0.27351376137840655,0.5823561186668097,0.17943981389951913
F_hops_all,72,72,0.595701772926808,0.002564059579202587,-0.11361922551047686,0.04575271478857139,0.7062360185805864,0.015098603087114415,0.6298222094079277,0.040225742246271845
F_hops_all,94,94,0.3391832803770697,0.001459935455426348,0.0312181456744317,0.04575271478857143,0.7113977863639087,0.0006490122117600583,0.6334743104737169,0.029062734079876806
F_hops_all,42,42,1.255720404848894,0.005404956102503587,-0.02211842356088731,0.04575271478857142,0.7111994525721309,0.0012061616583328716,0.633777526016943,0.028133023989252992
F_hops_all,15,15,3.0995750706419116,0.013341399190889116,-0.017587791323450553,0.0457527147885714,0.7109586248740009,0.0018824740332680223,0.634622529283856,0.02553975363327632
F_hops_all,40,40,1.318496380950985,0.0056751606749652775,0.03801398939176442,0.045752714788571444,0.7102964570626048,0.0037408480437381986,0.6351438314054859,0.023938181642204626
F_hops_all,27,27,1.938381789063368,0.008343313080940655,-0.033779427150257786,0.045752714788571416,0.7100819171884044,0.004342582804223061,0.6353403462248259,0.023334097100360274
F_hops_all,51,51,0.9645910051163866,0.0041518573875139455,0.005191487129810942,0.045752714788571416,0.7116105898721306,5.104238957376328e-05,0.6354710382964807,0.022932247542999384
F_hops_all,58,58,0.8337089469250283,0.0035885060424231266,-0.01224482289870075,0.045752714788571416,0.7115414196315454,0.0002454277721717357,0.6361678826049704,0.020788208328141322
F_hops_all,50,50,1.0296691782332121,0.004431971230985253,0.04973753573434489,0.045752714788571416,0.7098470377973101,0.00500115676440982,0.6362427450851267,0.02055773288741425
F_hops_all,45,45,1.1359518750886102,0.004889440352886039,0.005431137163613834,0.045752714788571416,0.7116053430716487,6.578785122246522e-05,0.6377316076078545,0.015968411856634668
F_hops_all,125,125,0.13713763992531633,0.0005902770401238105,-0.030526545699823146,0.04575271478857141,0.7115394690928468,0.00025090899155122415,0.6380057665733598,0.015122165353990913
F_hops_all,136,136,0.0823057492772276,0.00035426593380921706,0.035789767502263176,0.0457527147885714,0.7115550974175351,0.00020699132944601573,0.6380583723291027,0.014959745571956673
F_hops_all,76,76,0.5379049081433639,0.0023152864320827534,-0.0041494159813637846,0.045752714788571416,0.7116222816473445,1.8183759734613503e-05,0.6385201079308361,0.01353356657580207
F_hops_all,44,44,1.155571006972621,0.00497388633798976,-0.021949129921502844,0.04575271478857141,0.7112397265539175,0.001093038557195114,0.638716069567135,0.012927981137308309
F_hops_citrus,2,2,18.993376531507604,0.08175256688886388,0.014433489076296704,-0.024851165788571418,0.4417558424475921,0.01976164623370802,0.4425806644878197,0.036941592687017244
F_hops_citrus,74,74,0.5732858092185649,0.0024675752827218373,-0.025222770452880707,-0.024851165788571414,0.44577997618636206,0.0018215246525689066,0.44628198592031615,0.0207660368321827
F_hops_citrus,40,40,1.318496380950985,0.0056751606749652775,0.026721706113188907,-0.02485116578857141,0.4451363035754361,0.004702032162359648,0.4486028791835593,0.010554524059977588
F_hops_citrus,70,70,0.6176096514738066,0.002658356941408592,0.01010940967791203,-0.024851165788571432,0.44611619740023684,0.00031524191263543333,0.4487740522217356,0.009799296179885952
F_hops_citrus,25,25,2.0619953390939854,0.008875378825042756,0.013317368116510853,-0.02485116578857144,0.4457788810781178,0.0018264289201149753,0.4490470587921603,0.008594175147051852
F_hops_citrus,88,88,0.3987069396982124,0.0017161411875693,0.06295714007380313,-0.02485116578857142,0.4444222492866092,0.007892635820791583,0.4495856664461162,0.006214473535376297
F_hops_citrus,101,101,0.27425084803589356,0.0011804489191897458,-0.00650175561501465,-0.02485116578857143,0.44617361373716863,5.790119789317316e-05,0.44960028565351257,0.006149842502792269
F_hops_citrus,93,93,0.3431824800366267,0.0014771490791929012,-0.011523288422611194,-0.02485116578857142,0.446135754245354,0.00022759161602969868,0.44984811760192744,0.005053865855875639
F_hops_citrus,105,105,0.2424908328388066,0.001043745328731041,-0.0209580762872185,-0.02485116578857141,0.4460678395028931,0.000531956898897401,0.45005205645061,0.004151542803215835
F_hops_citrus,29,29,1.8456280608235607,0.007944076254379703,-0.015072399607246306,-0.02485116578857142,0.44571911777262013,0.0020940510791530587,0.450267943636258,0.0031959089711699473
F_hops_citrus,109,109,0.22031063953247068,0.0009482758510488532,-0.0053097731309513655,-0.024851165788571432,0.44617961050392707,3.102170681112959e-05,0.45031703725514194,0.002978530014159486
F_hops_citrus,56,56,0.8711000307818646,0.003749447256797635,0.012665235307844924,-0.024851165788571418,0.446030814626999,0.0006978672883595216,0.4503462405675793,0.00284921101802571
F_hops_citrus,121,121,0.14879044304209832,0.0006404338179177515,-0.010631656688840028,-0.024851165788571425,0.44616779210242136,8.399534380643114e-05,0.450760258542247,0.0010149418235214647
F_hops_citrus,1,1,33.276548823089044,0.14323115634427935,0.0026505830680678484,-0.024851165788571432,0.44592596832359477,0.001167614296443631,0.45087463430594776,0.0005079132073283477
F_hops_citrus,39,39,1.3819623178331806,0.005948335022955433,0.004006156244004645,-0.02485116578857143,0.4461618181052105,0.00011077206564680253,0.45088196817432524,0.0004753977253441066
F_hops_noble,2,2,18.993376531507604,0.08175256688886388,0.07098768285828908,0.038693324148571476,0.5357290348227717,0.24901274517642313,0.5513309276844948,0.12802556490758565
F_hops_noble,72,72,0.595701772926808,0.002564059579202587,-0.10083907122299085,0.038693324148571406,0.6133092809251194,0.015759410346641745,0.5749868644258569,0.0515927004225013
F_hops_noble,93,93,0.3431824800366267,0.0014771490791929012,-0.0325795864324695,0.03869332414857145,0.617906855615694,0.0009476972923607718,0.5862528995266281,0.01406326422627402
F_hops_noble,105,105,0.2424908328388066,0.001043745328731041,-0.0657643538510788,0.038693324148571476,0.6173558915518789,0.0027285369370182444,0.5886934268932791,0.005837414886716408
F_hops_noble,38,38,1.4046655562384334,0.0060460558264808254,0.013288470879124818,0.03869332414857142,0.6180003570984925,0.0006453218179621745,0.5896634019956339,0.002558603376141999
F_hops_noble,50,50,1.0296691782332121,0.004431971230985253,0.021112175193572013,0.03869332414857143,0.6178306718323501,0.0011940350420147627,0.5896803108718667,0.0025013983507580217
F_hops_noble,46,46,1.1263267668504144,0.0048480113155713565,-0.008509668673877735,0.03869332414857142,0.6181342640761737,0.00021219888842161083,0.5897172652684489,0.0023763708968026487
F_hops_noble,15,15,3.0995750706419116,0.013341399190889116,-0.013004177512637582,0.03869332414857142,0.6177781924167661,0.001363707832750527,0.5897428380375435,0.002289846206514956
F_hops_noble,35,35,1.49915077242777,0.006452745439763313,0.0235796270138864,0.038693324148571406,0.6175291909379126,0.0021685656404324405,0.5900890161569058,0.0011181938428865834
F_hops_noble,67,67,0.6634921720629949,0.002855847568063354,-0.016033516101338803,0.03869332414857143,0.6180626772570172,0.00044375856170653094,0.5903051721095637,0.00038625751346776926
F_hops_noble,28,28,1.9355425295858428,0.00833109214960882,-0.00794449431147595,0.03869332414857142,0.6181016105949712,0.00031782542225444743,0.5906302127489131,-0.0007148832508767633
F_hops_noble,33,33,1.5941900888196798,0.006861820048351867,-0.003182925133283147,0.03869332414857143,0.6181868699920757,4.20190616003957e-05,0.5906337429349501,-0.0007268457959315189
F_hops_noble,40,40,1.318496380950985,0.0056751606749652775,0.01710098269954937,0.03869332414857144,0.617889700680702,0.001003169858299957,0.5912148530479906,-0.0026969959109535147
F_hops_noble,63,63,0.7347752395314049,0.003162668934532206,-0.004943890149776523,0.03869332414857143,0.6181854154801132,4.6724593874891696e-05,0.5913504257205516,-0.0031569095851384787
F_hops_noble,171,171,0.008967459446091938,3.8598341215089595e-05,0.2554035567897167,0.03869332414857186,0.6177292701235302,0.0015218670027153935,0.5914166678481718,-0.0033816662337131653
F_hops_tropical,121,121,0.14879044304209832,0.0006404338179177515,-0.04717996402349557,0.032905300960000015,0.5081743937928674,0.0012735688709458737,0.5063951410428615,-0.004095336022112095
F_hops_tropical,89,89,0.3941755864867702,0.0016966370327445393,0.0236955814724106,0.03290530096000001,0.5082818751772445,0.0008510530862548826,0.5087799333552445,-0.013574878981287508
F_hops_tropical,98,98,0.30721620015604656,0.0013223406017848383,-0.006569179852369728,0.03290530096,0.5084853390082679,5.097985610713618e-05,0.5087957888529064,-0.013638053581866094
F_hops_tropical,7,7,6.841401450017579,0.029447219599333545,0.003379456933902409,0.03290530096,0.5084219060584215,0.0003004492302918216,0.5090224002173713,-0.01454117841357827
F_hops_tropical,44,44,1.155571006972621,0.00497388633798976,-0.0036592213977889657,0.03290530096,0.5084831730841571,5.949852484088414e-05,0.5098785983063808,-0.017957054689681007
F_hops_tropical,132,132,0.0994625974571709,0.00042811359202344425,-0.015401340328716324,0.03290530096000001,0.508475234434981,9.072124878295451e-05,0.5100564861159799,-0.018667473756253994
F_hops_tropical,100,100,0.28021897028297404,0.0012061373117931349,-0.019624585054836722,0.032905300960000015,0.5083927806426812,0.0004149833630551214,0.510123172606124,-0.01893385915114476
F_hops_tropical,59,59,0.8213598636507362,0.0035353522888120735,0.011991334021108047,0.03290530096000001,0.5083828200358584,0.00045415140863103165,0.510205340095936,-0.01926213273210786
F_hops_tropical,78,78,0.5116066105971625,0.002202091533553649,0.01560274315274341,0.032905300959999995,0.5083765191314381,0.0004789280280543817,0.5103577863917108,-0.019871322554559256
F_hops_tropical,20,20,2.5174618342412147,0.01083582830322749,-0.0011526191893435505,0.03290530096,0.5084950309096955,1.28607641561862e-05,0.5104254216660568,-0.020141657794991108
F_hops_tropical,147,147,0.050993323175666634,0.0002194888863961903,-0.047190162416620635,0.032905300959999974,0.5083872669145307,0.0004366650641649539,0.5106517899150479,-0.02104670240280071
F_hops_tropical,82,82,0.46528172948362084,0.0020026968690204086,-0.000450140130606726,0.03290530096,0.5084982085856793,3.625297504417091e-07,0.510777742277671,-0.021550447252280724
F_hops_tropical,109,109,0.22031063953247068,0.0009482758510488532,0.0006254992076468785,0.03290530096,0.508498216487067,3.314524142927766e-07,0.5107905983491989,-0.021601871931979932
F_hops_tropical,34,34,1.580582615961668,0.006803249849779349,0.0005885220627619154,0.03290530096,0.5084977655357454,2.1051104429625767e-06,0.5108428735390845,-0.02181098762348288
F_hops_tropical,1,1,33.276548823089044,0.14323115634427935,0.0023268206240502714,0.03290530096,0.5083221311364315,0.0006927814894354123,0.5110517293439178,-0.02264668405132242
F_hops_woody,2,2,18.993376531507604,0.08175256688886388,0.026887465360961725,-0.007243182645714274,0.46244864007882924,0.06000814248310715,0.4042356131476119,0.12691790660587177
F_hops_woody,121,121,0.14879044304209832,0.0006404338179177515,0.21774052968043175,-0.007243182645714364,0.46957138901382117,0.030829172300540497,0.4130596603345115,0.08838491340187837
F_hops_woody,72,72,0.595701772926808,0.002564059579202587,-0.03380641279189282,-0.007243182645714301,0.4762713010367386,0.0029753314354574734,0.4287527425092351,0.01780038690044372
F_hops_woody,10,10,4.832061176185845,0.020798482242580997,-0.004484003207703185,-0.007243182645714293,0.4768801463762698,0.00042459270787098546,0.42977487437953965,0.01311174422015371
F_hops_woody,132,132,0.0994625974571709,0.00042811359202344425,-0.015017032525602061,-0.007243182645714289,0.47695803994733244,9.802487955457018e-05,0.4304068739760088,0.01020709989149815
F_hops_woody,13,13,3.6372389055710395,0.015655647979452337,0.02036418120996532,-0.007243182645714269,0.47540669991662676,0.006591951625136261,0.43086767607531695,0.008086581712298258
F_hops_woody,40,40,1.318496380950985,0.0056751606749652775,0.009642128726293692,-0.0072431826457142875,0.4768536385939688,0.000535714091620898,0.43108896622085024,0.007067442687667125
F_hops_woody,61,61,0.7706106365714271,0.0033169140572276634,-0.001438427801789475,-0.007243182645714293,0.4769797566940291,6.968180855881911e-06,0.43171900049823503,0.004162990301371905
F_hops_woody,135,135,0.08574241440702901,0.00036905825867218417,0.010509251924544305,-0.007243182645714304,0.47697154839790645,4.138544147624934e-05,0.4317836773358056,0.0038645905877862097
F_hops_woody,60,60,0.7889342692592156,0.0033957838676834506,0.008684140573925936,-0.0072431826457142945,0.4769194027236906,0.0002600176260698639,0.4317989392089619,0.0037941703206729738
F_hops_woody,1,1,33.276548823089044,0.14323115634427935,0.0025209289140201915,-0.007243182645714297,0.47676095357037895,0.0009242038115280238,0.43190968442600786,0.003283102929977577
F_hops_woody,110,110,0.2193434475927778,0.0009441127985440527,0.00956913537986643,-0.007243182645714297,0.47696048420027043,8.77765163944666e-05,0.4323610249909557,0.0011988995318154005
F_hops_woody,28,28,1.9355425295858428,0.00833109214960882,-0.0019945063896380007,-0.0072431826457142945,0.47697339332272326,3.364975142117199e-05,0.4324517946311773,0.0007794799822120613
F_hops_woody,51,51,0.9645910051163866,0.0041518573875139455,0.002619967117678376,-0.007243182645714294,0.4769745174520045,2.8936311238014767e-05,0.43246101787258073,0.0007368571952802716
F_hops_woody,3,3,13.545194736908474,0.05830213690097895,0.00044571885146213176,-0.007243182645714294,0.47697861383128,1.176022244775421e-05,0.43264458513135673,-0.00011163975191408326
F_malt_all,2,2,18.993376531507604,0.08175256688886388,0.06338628323744598,0.008651284485714348,0.60222260396906,0.1730162261753091,0.7074590276380719,0.0726037423235193
F_malt_all,1,1,33.276548823089044,0.14323115634427935,-0.015600144262813302,0.008651284485714322,0.656121884225742,0.018360715051823018,0.720626550969342,0.03776029765178257
F_malt_all,121,121,0.14879044304209832,0.0006404338179177515,0.046469146551191734,0.008651284485714285,0.661988309651876,0.0007284479287715806,0.7300029963957727,0.012556992203650363
F_malt_all,50,50,1.0296691782332121,0.004431971230985253,0.030633652117443996,0.0086512844857143,0.6615037718524115,0.0021907324856635935,0.73186888926413,0.007502718318797785
F_malt_all,120,120,0.1515182600336935,0.0006521750710170109,-0.1098412602469336,0.0086512844857144,0.6608557666724545,0.00414467108966543,0.733887608866958,0.0020199413238034536
F_malt_all,13,13,3.6372389055710395,0.015655647979452337,0.10690756000677265,0.008651284485714427,0.6302497141552207,0.09425030107737142,0.7344657797060332,0.0004468659700990196
F_malt_all,110,110,0.2193434475927778,0.0009441127985440527,-0.05123982829675635,0.008651284485714318,0.6617970849729051,0.001305671967648192,0.7352764825371413,-0.0017609640055988862
F_malt_all,60,60,0.7889342692592156,0.0033957838676834506,0.010653165200560255,0.008651284485714299,0.6621623343450699,0.00020299821906410997,0.7353026481318558,-0.001832262730344425
F_malt_all,62,62,0.7555738382193433,0.003252191659868045,0.015697493733270992,0.008651284485714299,0.6620897699273242,0.0004221158229572586,0.7356852039323716,-0.0028749801547682807
F_malt_all,97,97,0.3149723405638439,0.0013557251022414056,0.011421308248895975,0.00865128448571431,0.6621987083167875,9.315329184167442e-05,0.7365084211068139,-0.005120630357023925
F_malt_all,105,105,0.2424908328388066,0.001043745328731041,0.026465226723467832,0.008651284485714282,0.6621020385405763,0.0003850708521545565,0.7365700569809193,-0.005288867621153326
F_malt_all,16,16,2.9944844126721613,0.012889060922818947,0.009905516686415636,0.008651284485714306,0.6620089454375886,0.0006661475083081791,0.7372539571764751,-0.007156541779614223
F_malt_all,3,3,13.545194736908474,0.05830213690097895,0.002317702043628679,0.008651284485714299,0.6621749285208501,0.00016496603790028264,0.7373118488026648,-0.0073147185344519805
F_malt_all,31,31,1.7669514553930887,0.007605431125254109,0.009264463503067191,0.008651284485714304,0.6621156924255212,0.0003438422584680634,0.7377654879409866,-0.008554622533493372
F_malt_all,65,65,0.688020226856627,0.0029614228688448502,0.007079717216790354,0.0086512844857143,0.6622036645328709,7.818566089023982e-05,0.7379399480133768,-0.00903166657840404
F_malt_bread,2,2,18.993376531507604,0.08175256688886388,0.04089248879831147,0.033351467017142894,0.450685128752815,0.13455329496241297,0.48268637221595373,0.03530741765839607
F_malt_bread,60,60,0.7889342692592156,0.0033957838676834506,0.012222963477956695,0.033351467017142866,0.4843336075632246,0.0004993429491254586,0.4871279316291746,0.01747201471933868
F_malt_bread,72,72,0.595701772926808,0.002564059579202587,-0.033561154911042744,0.03335146701714286,0.48376554453435244,0.002842547692642694,0.490351673054923,0.004424530843736285
F_malt_bread,15,15,3.0995750706419116,0.013341399190889116,-0.004331224369047308,0.033351467017142866,0.4843949040809374,0.00024633640309246196,0.49039818981013733,0.00423563320327458
F_malt_bread,36,36,1.4487161870049226,0.006235661509928422,0.010511682310726364,0.03335146701714286,0.4842902801843273,0.0006781610446836561,0.49040493511707756,0.00420824002512965
F_malt_bread,55,55,0.9084065093222412,0.003910024307286826,-0.003126920255098993,0.033351467017142866,0.4844454623775053,3.7628674616208e-05,0.49068724032017536,0.003061440356138534
F_malt_bread,48,48,1.072255482517128,0.004615274062040328,-0.0022251010994645062,0.033351467017142866,0.48444912926476835,2.2490693377785753e-05,0.49069421380066874,0.0030331038499968876
F_malt_bread,50,50,1.0296691782332121,0.004431971230985253,0.0038098162477426998,0.033351467017142866,0.4844392401420246,6.331561719941092e-05,0.49078298252443564,0.0026723599019709
F_malt_bread,10,10,4.832061176185845,0.020798482242580997,-0.009715712854374635,0.033351467017142866,0.48398628178817865,0.0019323546577599826,0.4908239453638366,0.0025058705235512235
F_malt_bread,32,32,1.7130806714526785,0.007373556878979988,0.0016851835177668676,0.033351467017142866,0.48444958483296546,2.0609966846274475e-05,0.4909190586903006,0.0021192382972400337
F_malt_bread,66,66,0.6772016658621743,0.0029148568920227165,-0.008452596892907496,0.033351467017142866,0.48440492378496763,0.0002049761850917431,0.4910218045999821,0.0017014957223200344
F_malt_bread,108,108,0.22725266854960544,0.0009781561985808618,-0.0015072362577604277,0.033351467017142866,0.4844540473696148,2.1871407387408226e-06,0.4910624625128928,0.0015361653288705757
F_malt_bread,75,75,0.5611254707768586,0.002415233937295569,0.002811357214115467,0.033351467017142866,0.4844500259938022,1.8788716672601957e-05,0.49117041889796204,0.0010971075595930246
F_malt_bread,88,88,0.3987069396982124,0.0017161411875693,-0.03027785482558608,0.03335146701714286,0.48407934472749287,0.0015484923782498328,0.4912261251871606,0.0008705127697756776
F_malt_bread,68,68,0.6409585241701791,0.002758856727411531,-0.004624141740504967,0.033351467017142866,0.4844405125789593,5.8062706472239434e-05,0.4912828797131794,0.0006396276709347282
F_malt_burn,2,2,18.993376531507604,0.08175256688886388,0.03844911076967071,-0.027291173765714258,0.571603212806026,0.07872053658188627,0.8235426431828213,0.03385847990460733
F_malt_burn,147,147,0.050993323175666634,0.0002194888863961903,0.2648542488765115,-0.02729117376571414,0.5925299257247947,0.010028603747740839,0.8270532226260642,0.025604030289459012
F_malt_burn,13,13,3.6372389055710395,0.015655647979452337,0.0645274880058977,-0.02729117376571421,0.5827436472846658,0.0424594743130523,0.8425052498987486,-0.011145827460017799
F_malt_burn,121,121,0.14879044304209832,0.0006404338179177515,0.04469041652688584,-0.0272911737657143,0.5952754567715959,0.0008331383182885732,0.8467047865175724,-0.021251229307541974
F_malt_burn,1,1,33.276548823089044,0.14323115634427935,-0.013988551737672009,-0.027291173765714268,0.5900627155436392,0.018255639577423266,0.847652510527128,-0.023538699497106297
F_malt_burn,105,105,0.2424908328388066,0.001043745328731041,0.0404757451145854,-0.027291173765714317,0.5951918525521313,0.0011137771337360602,0.8523162081465193,-0.034832493883198534
F_malt_burn,120,120,0.1515182600336935,0.0006521750710170109,-0.044265597501678924,-0.027291173765714247,0.5952756887917705,0.0008323594287434899,0.852389908463334,-0.03501146684973078
F_malt_burn,110,110,0.2193434475927778,0.0009441127985440527,-0.021580880185040133,-0.02729117376571428,0.5954382995049537,0.0002864021276879347,0.8540948876514816,-0.03915613790301298
F_malt_burn,60,60,0.7889342692592156,0.0033957838676834506,0.016572964705965608,-0.02729117376571429,0.595342664029063,0.000607511494646773,0.85430911162821,-0.039677485311362615
F_malt_burn,4,4,11.331805194940767,0.048775116980078984,-0.011797300266529977,-0.027291173765714282,0.5942055486249114,0.004421581495557159,0.8546579438102622,-0.04052670254281332
F_malt_burn,119,119,0.15928142335834425,0.0006855897999839676,0.023253609563524097,-0.027291173765714292,0.5954516810097649,0.00024146775698474787,0.8548825259638679,-0.04107362176932838
F_malt_burn,22,22,2.3276533586627237,0.010018841914837696,0.022599040759717595,-0.0272911737657143,0.5945303711548924,0.0033328178816176557,0.8551471754746263,-0.04171830045480607
F_malt_burn,37,37,1.4348816047509763,0.006176113771840935,0.007967868474305927,-0.027291173765714286,0.5954475332733875,0.0002553957398003792,0.855600856633505,-0.042823919103070374
F_malt_burn,56,56,0.8711000307818646,0.003749447256797635,-0.020691012446002986,-0.027291173765714303,0.5952121789801333,0.001045549937741308,0.8556755679531762,-0.043006046440068335
F_malt_burn,75,75,0.5611254707768586,0.002415233937295569,0.0037214173732621125,-0.027291173765714286,0.5955170979621915,2.17866276910339e-05,0.8559501323596453,-0.04367550176073154
F_malt_cara,105,105,0.2424908328388066,0.001043745328731041,0.0942184973428568,0.043920094657142784,0.5893195409920869,0.006125040108286961,0.5044159456371247,0.05247740827387093
F_malt_cara,2,2,18.993376531507604,0.08175256688886388,0.03189767399639167,0.043920094657142875,0.5746505368903971,0.054987183199324274,0.5146855685348255,0.013502607592685512
F_malt_cara,135,135,0.08574241440702901,0.00036905825867218417,-0.03915409726549153,0.04392009465714289,0.5910221201291557,0.00037401705302531063,0.5191574595387567,-0.00371440402485379
F_malt_cara,20,20,2.5174618342412147,0.01083582830322749,0.006941415368638426,0.043920094657142854,0.591030655590434,0.00034514391887174867,0.5195780171988196,-0.005341235145894796
F_malt_cara,18,18,2.811988572614195,0.012103550071363508,-0.037906692245273634,0.04392009465714284,0.5877247112666752,0.011497054626925074,0.5199799233032522,-0.006897147976457019
F_malt_cara,40,40,1.318496380950985,0.0056751606749652775,-0.010812643503086465,0.04392009465714285,0.5910030231224114,0.0004386155006086412,0.5200855999920619,-0.007306457506772723
F_malt_cara,23,23,2.2519267539731596,0.009692894377027327,0.009541195846638827,0.043920094657142854,0.5909602446839253,0.0005833123160060572,0.520814698667233,-0.010132686853833839
F_malt_cara,149,149,0.047843986858062536,0.00020593330150409103,-0.009524815531664912,0.043920094657142854,0.5911290269385633,1.2350421337514739e-05,0.5212777797284648,-0.011929799253067364
F_malt_cara,98,98,0.30721620015604656,0.0013223406017848383,0.0059065037754855755,0.043920094657142854,0.5911236635868296,3.0496243717759164e-05,0.5214008502071663,-0.012407676465789441
F_malt_cara,88,88,0.3987069396982124,0.0017161411875693,0.008417815279770159,0.043920094657142854,0.5911089167110337,8.038848467861737e-05,0.5215225576383248,-0.012880371968680304
F_malt_cara,90,90,0.37729773726772353,0.001623990260595767,-0.009211619898498214,0.04392009465714286,0.591105751907321,9.10956174523525e-05,0.5215970715996643,-0.013169828750676293
F_malt_cara,171,171,0.008967459446091938,3.8598341215089595e-05,0.046322078191314786,0.04392009465714293,0.5911164947419905,5.4750331954123155e-05,0.5216070803090028,-0.013208711712908272
F_malt_cara,42,42,1.255720404848894,0.005404956102503587,0.006379578129516524,0.043920094657142854,0.5910896950931454,0.00014541798990186372,0.5216281844826076,-0.013290702030650525
F_malt_cara,104,104,0.2557123180814165,0.001100654133485874,0.0007995541004741108,0.043920094657142854,0.5911325398373448,4.6514528584395975e-07,0.5216621364379458,-0.013422613308869069
F_malt_cara,56,56,0.8711000307818646,0.003749447256797635,-0.048738887557539114,0.04392009465714281,0.589389842702761,0.005887901263962214,0.5218289119129217,-0.014070699657434238
F_malt_grain,1,1,33.276548823089044,0.14323115634427935,-0.01164487720861498,0.0206329984857143,0.45697250603293926,0.02103328412812344,0.4003025723592632,0.07407068775041636
F_malt_grain,72,72,0.595701772926808,0.002564059579202587,-0.025337363650798694,0.02063299848571428,0.4614436552209099,0.0017825869598323552,0.41420161246680737,0.008655408580130586
F_malt_grain,47,47,1.1013439278573889,0.004740478502094882,0.002303983117094528,0.020632998485714288,0.4618491945922315,2.7250879904405778e-05,0.4143557340960889,0.007917526038702105
F_malt_grain,138,138,0.07647388584471335,0.00032916403554681805,-0.007607806520819443,0.020632998485714288,0.46185072320618836,2.0631512161362053e-05,0.41442491161929024,0.007586238057604722
F_malt_grain,169,169,0.010407861374599588,4.479821593519673e-05,-0.0015528608561124432,0.020632998485714288,0.46185546060452154,1.1698375779189973e-07,0.4146750375336222,0.006387935051714644
F_malt_grain,31,31,1.7669514553930887,0.007605431125254109,0.011718193618219911,0.02063299848571429,0.4615942450798687,0.0011309539985142614,0.4147331032461396,0.006109650483270945
F_malt_grain,66,66,0.6772016658621743,0.0029148568920227165,-0.006138250036975466,0.020632998485714288,0.46182802163438563,0.00011893403449247941,0.4147948648799478,0.005813610152874404
F_malt_grain,43,43,1.2052848950466335,0.005187868193892744,-0.0023473275344846334,0.020632998485714288,0.4618483391088585,3.09553759956227e-05,0.4148076730158313,0.005752211750678193
F_malt_grain,49,49,1.0562361022533222,0.004546322369624689,-0.0059594844904363046,0.02063299848571429,0.46181510704634365,0.0001748547274877943,0.414933639372993,0.00514826540882829
F_malt_grain,10,10,4.832061176185845,0.020798482242580997,-0.013397353590928137,0.02063299848571429,0.460920975033844,0.004042680751847771,0.4153442374736621,0.0031783776873641756
F_malt_grain,29,29,1.8456280608235607,0.007944076254379703,0.02433738493826374,0.020632998485714277,0.4606772811439038,0.005095549096436169,0.41548691041098346,0.0024934330916479563
F_malt_grain,113,113,0.1983147237529515,0.0008535995530739284,0.009240947419664238,0.02063299848571429,0.4618372582508118,7.893814943926714e-05,0.4155207278501069,0.002331047757407223
F_malt_grain,28,28,1.9355425295858428,0.00833109214960882,-0.001608829113378007,0.020632998485714288,0.4618500949947862,2.3351863055909305e-05,0.4155735898729783,0.002077187239179046
F_malt_grain,57,57,0.844587434595947,0.003635329959670866,0.006360780579419607,0.020632998485714288,0.4618187037140545,0.0001592811667067151,0.41568204570417383,0.001556246189528876
F_malt_grain,164,164,0.017524364135174095,7.542954507162131e-05,0.0031669619517025564,0.02063299848571429,0.46185529842715356,8.192697946718397e-07,0.41584829113719246,0.0007574630436706364
X4vg,2,2,18.993376531507604,0.08175256688886388,0.03364904447121192,-0.02166274601142856,0.6656444471258699,0.04603687243086685,0.5431468043124636,0.09535282388287514
X4vg,29,29,1.8456280608235607,0.007944076254379703,-0.11405093563895204,-0.02166274601142854,0.6637733132126966,0.051392536255297716,0.5591777296789677,0.0411636113168643
X4vg,50,50,1.0296691782332121,0.004431971230985253,0.018356958299812223,-0.021662746011428584,0.681263572417492,0.0007427750668823618,0.5667474603422543,0.015027875148669101
X4vg,70,70,0.6176096514738066,0.002658356941408592,0.02068170802194894,-0.02166274601142859,0.6813239946288201,0.0005655161875431913,0.5670866501218131,0.013848540521057218
X4vg,34,34,1.580582615961668,0.006803249849779349,-0.010207941527035073,-0.021662746011428584,0.6813965727256531,0.00035257515853448496,0.5675447690461775,0.012254579076023897
X4vg,4,4,11.331805194940767,0.048775116980078984,-0.005318231570259045,-0.02166274601142858,0.6812828894914013,0.0006861068400400017,0.56789285891576,0.01104258794639823
X4vg,109,109,0.22031063953247068,0.0009482758510488532,-0.01847544199498493,-0.021662746011428594,0.6814618673241684,0.00016098421960686338,0.5682213819707425,0.009898043582883598
X4vg,121,121,0.14879044304209832,0.0006404338179177515,-0.03280670852930688,-0.021662746011428573,0.6813998995087444,0.00034281397568847183,0.568251411908865,0.009793388998943442
X4vg,71,71,0.6014008530550752,0.0025885899426489316,0.04482102910944964,-0.021662746011428598,0.6806348382096024,0.0025863413843556504,0.5685431518587498,0.008776384985746177
X4vg,69,69,0.6285796789101241,0.0027055748702625,-0.003295729389285643,-0.021662746011428584,0.6815117457885036,1.4615766219860937e-05,0.5689336331374788,0.007414352289179749
X4vg,161,161,0.023053169900403007,9.922700216871051e-05,0.006683424945889124,-0.02166274601142858,0.6815159750890738,2.204382543391503e-06,0.568992691081497,0.007208271626274909
X4vg,18,18,2.811988572614195,0.012103550071363508,0.009372859397438654,-0.02166274601142858,0.681336499244853,0.0005288297967663835,0.5695030428234108,0.005426525662705073
X4vg,12,12,3.702816177625989,0.015937910078093306,-0.005981383457775274,-0.021662746011428584,0.6814200831357995,0.00028359175782322055,0.5697126820760674,0.004694167800264659
X4vg,32,32,1.7130806714526785,0.007373556878979988,0.009836592781799427,-0.021662746011428573,0.6813958028328073,0.00035483411021342004,0.5698204536385978,0.004317571618585814
X4vg,40,40,1.318496380950985,0.0056751606749652775,0.01550036403549079,-0.021662746011428573,0.6812856043667689,0.0006781424008311943,0.570047412055991,0.0035242567765643162
acetic,2,2,18.993376531507604,0.08175256688886388,-0.06522435598091701,-0.018864765611428636,0.6656891945889911,0.1534726390958322,0.7276474360395875,0.16184555046417537
acetic,56,56,0.8711000307818646,0.003749447256797635,0.06899905549313136,-0.018864765611428528,0.7206655402859482,0.007877048235294337,0.7892361879050067,0.013956604435201303
acetic,90,90,0.37729773726772353,0.001623990260595767,0.07516943873994546,-0.01886476561142863,0.7220544292264498,0.004049263137166248,0.7912794318875878,0.008844484091753535
acetic,93,93,0.3431824800366267,0.0014771490791929012,-0.034351765979342266,-0.018864765611428563,0.7232424629140619,0.0007691878745827996,0.7941846504336104,0.0015529776496062686
acetic,105,105,0.2424908328388066,0.001043745328731041,-0.020010038577496114,-0.018864765611428573,0.7234540603974461,0.00018441674869007496,0.7956662071879523,-0.0021757161998694485
acetic,10,10,4.832061176185845,0.020798482242580997,-0.009079558293369152,-0.018864765611428587,0.7232470154746077,0.0007566082119605522,0.7963774915521118,-0.003968303413027563
acetic,49,49,1.0562361022533222,0.004546322369624689,-0.008115778969199756,-0.018864765611428583,0.7234729739573498,0.0001321388774374599,0.796448143601703,-0.004146448992382146
acetic,64,64,0.7082874418610284,0.0030486583768415316,0.005438367913263569,-0.01886476561142859,0.7235063841572849,3.9788346883007364e-05,0.7967310141929479,-0.004859851222459355
acetic,29,29,1.8456280608235607,0.007944076254379703,-0.0187031930795199,-0.01886476561142858,0.7230770274017589,0.0012262665539047868,0.7968528612759602,-0.0051672287490629465
acetic,120,120,0.1515182600336935,0.0006521750710170109,-0.03172176790503647,-0.01886476561142856,0.7234160070774703,0.00028959357685565124,0.7968601997736134,-0.005185742709854946
acetic,136,136,0.0823057492772276,0.00035426593380921706,0.007552167939368687,-0.01886476561142859,0.7235175525920999,8.916258166902225e-06,0.7972467312548341,-0.006161146343616641
acetic,20,20,2.5174618342412147,0.01083582830322749,-0.021211701253545857,-0.018864765611428597,0.7227420643501395,0.002151409505021018,0.7972895817005645,-0.006269307620585751
acetic,162,162,0.01963327539417405,8.450686255006269e-05,-0.007117542566213606,-0.018864765611428587,0.723520094735203,1.8891310613611267e-06,0.7973047802122476,-0.006307672455521329
acetic,18,18,2.811988572614195,0.012103550071363508,0.0037226163080902506,-0.018864765611428587,0.723494001985809,7.401492215597383e-05,0.7973551290788429,-0.006434770779212062
acetic,79,79,0.5067088423753145,0.002181010230632151,0.017066218454316703,-0.018864765611428587,0.7234193651278331,0.00028031237308967505,0.7975758789755449,-0.006992116227466649
acidity,2,2,18.993376531507604,0.08175256688886388,-0.08599673001967637,-0.002071440222857199,0.7528400044702104,0.19770072996909127,0.8083205918777036,0.18015715460209847
acidity,105,105,0.2424908328388066,0.001043745328731041,-0.07307843767051724,-0.0020714402228570812,0.839727418524549,0.001822703605780962,0.8886530744805782,0.009104579130975732
acidity,56,56,0.8711000307818646,0.003749447256797635,0.051792829708204924,-0.002071440222857091,0.839110468756742,0.0032888913555407795,0.8916960841185219,0.002306725058796588
acidity,86,86,0.41533279370058884,0.001787703304982126,-0.015426350910912672,-0.0020714402228571363,0.8404352899296728,0.0001391120835433357,0.8920352953578706,0.0015475131493334349
acidity,94,94,0.3391832803770697,0.001459935455426348,-0.015553437350180076,-0.002071440222857142,0.8404452193400557,0.00011548602250388562,0.8923180641849957,0.0009144081845168239
acidity,18,18,2.811988572614195,0.012103550071363508,0.020875976820532282,-0.002071440222857127,0.839768580974353,0.0017248422546319864,0.8924680460628416,0.0005785249781932178
acidity,50,50,1.0296691782332121,0.004431971230985253,-0.020350089864685908,-0.0020714402228571363,0.8402414969391798,0.0006001676673746958,0.8926698679098463,0.00012645748824724468
acidity,91,91,0.3719439901607688,0.0016009463027328078,-0.011066134510162765,-0.0020714402228571415,0.8404668117986052,6.410791536060056e-05,0.8926758027280025,0.00011316234388691893
acidity,90,90,0.37729773726772353,0.001623990260595767,0.06413405242518308,-0.0020714402228571727,0.8395753243007524,0.002184257245587018,0.8927345125158517,-1.836373609909181e-05
acidity,21,21,2.355795283146291,0.010139972276251194,0.0038436904209538233,-0.0020714402228571376,0.8404731666983161,4.8986517951377095e-05,0.8929163467647785,-0.00042577737158788764
acidity,36,36,1.4487161870049226,0.006235661509928422,-0.005407892739875247,-0.0020714402228571333,0.8404686927138051,5.9632315142832404e-05,0.8929348416832851,-0.0004672213095668898
acidity,139,139,0.07169666485591748,0.00030860160012194534,0.011957476271333789,-0.002071440222857137,0.8404876898410072,1.4428468271487915e-05,0.8930040675746911,-0.0006223522701926942
acidity,15,15,3.0995750706419116,0.013341399190889116,0.011985688438193136,-0.002071440222857129,0.840230336925658,0.0006267153720871388,0.8931858258922721,-0.0010297187101975247
acidity,47,47,1.1013439278573889,0.004740478502094882,-0.0026065513024675995,-0.0020714402228571367,0.8404893274635038,1.0531681957082206e-05,0.8933908294861155,-0.0014892831912267646
acidity,83,83,0.45547229144159773,0.001960474426984242,0.017002979006769357,-0.0020714402228571346,0.8404158638958189,0.0001853336242441106,0.8934089874109122,-0.0015299935976713641
aftertaste,2,2,18.993376531507604,0.08175256688886388,0.052876310993316786,-0.008523159457142812,0.5572149429355016,0.14533953885232864,0.5899719219347231,0.1908353931772232
aftertaste,50,50,1.0296691782332121,0.004431971230985253,0.04295400516819894,-0.00852315945714285,0.6011653465744037,0.005199533091102548,0.6545631026678703,0.003958958850808103
aftertaste,90,90,0.37729773726772353,0.001623990260595767,0.06604892404554832,-0.008523159457142888,0.6013752277494381,0.004504794650580735,0.6550229365884326,0.002559019460638523
aftertaste,7,7,6.841401450017579,0.029447219599333545,0.0055291373012775515,-0.008523159457142845,0.6025618223672721,0.0005724257054873227,0.657232681682657,-0.004182143274175321
aftertaste,42,42,1.255720404848894,0.005404956102503587,-0.01037060814459283,-0.008523159457142849,0.6026229544052987,0.00036962446098509627,0.6573744157832169,-0.004615299455960065
aftertaste,84,84,0.45053788384121485,0.0019392354183889022,0.008836063240342671,-0.008523159457142857,0.6027053429106766,9.627382997612344e-05,0.6575112519690619,-0.005033575646389066
aftertaste,130,130,0.1079222956184087,0.00046452639301430084,0.028212970185807033,-0.008523159457142878,0.6026634992691041,0.00023510837402263007,0.6578788774570732,-0.0061577518416646715
aftertaste,132,132,0.0994625974571709,0.00042811359202344425,-0.02708115219375895,-0.008523159457142842,0.6026741886292427,0.00019964267295036198,0.6581472790732986,-0.0069789043803987205
aftertaste,117,117,0.17107781921176593,0.0007363646392788439,0.012596577298423632,-0.008523159457142847,0.6027119669667045,7.429474921960555e-05,0.6582271982341344,-0.007223475155824
aftertaste,67,67,0.6634921720629949,0.002855847568063354,-0.007444614083399676,-0.008523159457142852,0.6027040264069133,0.00010064205267767967,0.6583026498684863,-0.007454401538858901
aftertaste,96,96,0.32453806198654195,0.0013968985228363213,0.022287726257881474,-0.00852315945714287,0.6026013730920681,0.0004412213020820177,0.6583234848939408,-0.007518173636001935
aftertaste,13,13,3.6372389055710395,0.015655647979452337,0.024640571436866408,-0.00852315945714282,0.6009100989672775,0.00604411448423936,0.6584095587389936,-0.007781650891211633
aftertaste,64,64,0.7082874418610284,0.0030486583768415316,0.01174922874886744,-0.008523159457142857,0.602653705858445,0.00026760089631483464,0.6585927897245017,-0.008342646754650795
aftertaste,51,51,0.9645910051163866,0.0041518573875139455,0.002907151173413857,-0.00852315945714285,0.6027276332512892,2.2311961047960516e-05,0.6586230474196307,-0.008435301353151292
aftertaste,75,75,0.5611254707768586,0.002415233937295569,0.005239719074532467,-0.008523159457142852,0.6027216505924221,4.216336775642038e-05,0.6588039635782835,-0.008989388547869792
alcohol,2,2,18.993376531507604,0.08175256688886388,0.13428640238607384,-0.008560888194285616,0.4967347672604098,0.5798595620697118,0.5050371486769059,0.5256674566736015
alcohol,13,13,3.6372389055710395,0.015655647979452337,0.061035678148870176,-0.008560888194285644,0.7575091855032581,0.022940133644726246,0.7108810045439335,0.06021157337724703
alcohol,126,126,0.12786343418962204,0.0005503583809275011,0.03089403343533488,-0.008560888194285687,0.7662711003853383,0.00020661038950531285,0.7135264870165388,0.05320387483753164
alcohol,17,17,2.835193416915173,0.012203429920673841,0.0109135729211158,-0.00856088819428572,0.7661311773847385,0.0005717065505901342,0.7154186215327114,0.04817577575119092
alcohol,102,102,0.26521662980912314,0.001141563230347246,0.027001580296521843,-0.008560888194285717,0.7662248230495079,0.0003273675922921271,0.7155646689205203,0.04778712041990363
alcohol,38,38,1.4046655562384334,0.0060460558264808254,0.031698586123315935,-0.008560888194285734,0.7654341230955358,0.002389512372216407,0.7157444405299568,0.04730861064366321
alcohol,162,162,0.01963327539417405,8.450686255006269e-05,-0.02414820228832146,-0.008560888194285719,0.7663428453546995,1.9382908084120132e-05,0.7162967488123559,0.045837743865656866
alcohol,15,15,3.0995750706419116,0.013341399190889116,-0.016485424097068872,-0.008560888194285726,0.7658036200906836,0.0014261295371091887,0.7167607685973528,0.04460112350319789
alcohol,14,14,3.320519093480101,0.01429240129290136,0.009049340617154145,-0.008560888194285712,0.7661738540989191,0.00046035876880268223,0.7167983751559168,0.04450086632414385
alcohol,99,99,0.29370606768199287,0.00126418938223047,0.033876447004032625,-0.008560888194285745,0.7661315846740486,0.0005706439216814907,0.7170632222074119,0.04379464854151427
alcohol,8,8,5.894338989064857,0.025370809748850587,-0.00962713721528187,-0.008560888194285712,0.7659957989394969,0.0009248813028329694,0.717176403889184,0.04349276868604568
alcohol,74,74,0.5732858092185649,0.0024675752827218373,-0.08550089820924096,-0.00856088819428567,0.7636267004999715,0.007095273050002016,0.7172504260598977,0.04329530988769448
alcohol,98,98,0.30721620015604656,0.0013223406017848383,-0.018729744161100882,-0.00856088819428571,0.7662803556455869,0.0001824586137344486,0.7174107660053465,0.04286752311152875
alcohol,43,43,1.2052848950466335,0.005187868193892744,-0.016012816403604493,-0.008560888194285724,0.7661497625167538,0.0005232168594873077,0.7174286923542882,0.04281968969183636
alcohol,58,58,0.8337089469250283,0.0035885060424231266,-0.028090128850768798,-0.008560888194285708,0.7659234013084406,0.001113726342965471,0.717527121489088,0.04255702695261687
barnyard,22,22,2.3276533586627237,0.010018841914837696,0.008465441285806313,-0.03829939671428572,0.4410176014895656,0.000852013898184123,0.4621565439954165,0.005013121762649786
barnyard,42,42,1.255720404848894,0.005404956102503587,-0.006599611250877982,-0.03829939671428571,0.4411439670553538,0.00027935653215171996,0.46218698199829966,0.004882056169517424
barnyard,40,40,1.318496380950985,0.0056751606749652775,0.014552137526702901,-0.038299396714285706,0.4408908758058871,0.0014261384660533283,0.46223187677968175,0.004688724145586853
barnyard,73,73,0.580678617484791,0.002499395904572755,0.006464902514442713,-0.03829939671428572,0.4411782509564913,0.00012396211175624838,0.4626073943300659,0.003070883874734087
barnyard,95,95,0.3314330796148968,0.0014265765207913924,0.019034017317025496,-0.038299396714285706,0.44107027770103613,0.0006133183285046417,0.462643798473999,0.002913974238341055
barnyard,89,89,0.3941755864867702,0.0016966370327445393,0.010080853204167115,-0.03829939671428571,0.44116045973580725,0.0002046036960723363,0.4629692914549969,0.0015104812248062371
barnyard,101,101,0.27425084803589356,0.0011804489191897458,-0.007323757395505156,-0.03829939671428571,0.441189022784911,7.513547724202763e-05,0.46306830093701445,0.0010833664988391112
barnyard,35,35,1.49915077242777,0.006452745439763313,0.009644428389362289,-0.03829939671428572,0.44104844766672335,0.0007122418187800461,0.46335079621792025,-0.00013578544623671363
barnyard,131,131,0.10131086483205155,0.00043606902859064854,-0.002612726614785157,-0.03829939671428571,0.44120481892900004,3.5324264839875497e-06,0.4634264715951319,-0.0004625004708371794
barnyard,18,18,2.811988572614195,0.012103550071363508,0.007391505549830161,-0.03829939671428571,0.4410324552561071,0.0007847088255286128,0.4636332882225693,-0.0013556667572600656
barnyard,24,24,2.1409276566935853,0.0092151246076607,-0.0029040381162536966,-0.03829939671428571,0.4411852532338143,9.222226577287884e-05,0.46368175402510214,-0.0015650306828376426
barnyard,37,37,1.4348816047509763,0.006176113771840935,-0.014794311438951496,-0.03829939671428571,0.4408515845161791,0.001604112240329858,0.46370352603344905,-0.0016590891355028337
barnyard,60,60,0.7889342692592156,0.0033957838676834506,0.004137232883791297,-0.03829939671428571,0.44119038191480964,6.897471710110015e-05,0.4638178835903464,-0.0021532040367160388
barnyard,11,11,4.383314666606854,0.01886695737760278,-0.0011363511037533437,-0.03829939671428571,0.4411992203905485,2.8910586080455047e-05,0.46383958212398213,-0.002246972580031592
barnyard,93,93,0.3431824800366267,0.0014771490791929012,-0.04737196403618433,-0.03829939671428568,0.44033696623562296,0.003933662187889819,0.46397055318152536,-0.0028130470730469703
bitternes,2,2,18.993376531507604,0.08175256688886388,0.10739251128407298,-0.018129954937142794,0.5374146899839418,0.42991461773313744,0.5717661015789335,0.44738230120168165
bitternes,113,113,0.1983147237529515,0.0008535995530739284,0.03743214910863709,-0.018129954937142867,0.7115757299650162,0.0005453515119644425,0.7461823583597914,0.05880862929350428
bitternes,42,42,1.255720404848894,0.005404956102503587,-0.03943643163476855,-0.018129954937142867,0.7104044808052704,0.003832835779097765,0.7473536830257069,0.05585142737834259
bitternes,15,15,3.0995750706419116,0.013341399190889116,-0.024048830623386388,-0.018129954937142888,0.7105166566637223,0.0035182129623723135,0.7479883105029513,0.054247268482187194
bitternes,107,107,0.23481237184582068,0.0010106951812287642,-0.015226718144921937,-0.018129954937142877,0.7117318122713571,0.00010684781140246624,0.749746749299671,0.04979531891493261
bitternes,122,122,0.14542359022798954,0.0006259419839126821,-0.007671295164467152,-0.018129954937142874,0.7117638613654292,1.67959389185679e-05,0.7506520740801615,0.04749917499553302
bitternes,51,51,0.9645910051163866,0.0041518573875139455,0.009601842993972452,-0.018129954937142874,0.7117077214529366,0.00017453576993498032,0.7511538251109472,0.04622540779392803
bitternes,117,117,0.17107781921176593,0.0007363646392788439,0.022200578225168566,-0.018129954937142867,0.7117109433450228,0.0001654833543290879,0.751389173209174,0.04562764953532328
bitternes,50,50,1.0296691782332121,0.004431971230985253,0.07275959964936707,-0.018129954937142874,0.707952276218033,0.010698191122538225,0.7515097921226331,0.04532121819543866
bitternes,54,54,0.9190804381071087,0.00395596774843876,-0.03407864937216001,-0.018129954937142898,0.7110239269441744,0.0020948373512422735,0.7516914012676109,0.04485974890165356
bitternes,138,138,0.07647388584471335,0.00032916403554681805,-0.04573730860786285,-0.018129954937142874,0.711658093301232,0.00031396873746081244,0.7517860959219348,0.04461908531873704
bitternes,72,72,0.595701772926808,0.002564059579202587,-0.07761794983443233,-0.01812995493714289,0.7092587526733841,0.0070434472287279615,0.7518279296990922,0.04451275639218122
bitternes,60,60,0.7889342692592156,0.0033957838676834506,0.03576402778953103,-0.018129954937142877,0.711064674252884,0.0019804583175401236,0.7523151479679601,0.043273957819241704
bitternes,20,20,2.5174618342412147,0.01083582830322749,-0.028876601577766788,-0.018129954937142888,0.7103021138333717,0.004119903982512274,0.7525637540107745,0.042641544195734626
bitternes,162,162,0.01963327539417405,8.450686255006269e-05,-0.04325885222480983,-0.01812995493714288,0.711744176711775,7.210656061218401e-05,0.7529537136770308,0.04164912884925542
body,2,2,18.993376531507604,0.08175256688886388,0.07251437346579219,0.004674590925714338,0.4546105513299121,0.3245470447946712,0.49153550107392885,0.3077990638262045
body,13,13,3.6372389055710395,0.015655647979452337,0.06144654491598298,0.004674590925714357,0.5406653345454345,0.04462662534126183,0.5697080357799169,0.070119602603536
body,1,1,33.276548823089044,0.14323115634427935,-0.016688894899129825,0.004674590925714307,0.5447553346725846,0.030117624949530075,0.5767523765295781,0.046981815508410185
body,126,126,0.12786343418962204,0.0005503583809275011,0.03431867335939048,0.004674590925714315,0.5530134162807286,0.0004893669440659831,0.5800926219806701,0.03591109321959329
body,113,113,0.1983147237529515,0.0008535995530739284,0.016032146744558492,0.004674590925714288,0.5531029654880036,0.00016564014467712607,0.5802719732107469,0.03531485305120874
body,127,127,0.124974966355452,0.0005379256436820938,-0.029108745659100797,0.004674590925714295,0.5530535990049265,0.0003441100006705833,0.5813520006655851,0.0317204831890574
body,125,125,0.13713763992531633,0.0005902770401238105,-0.022870687683460646,0.004674590925714281,0.5530843059406092,0.00023310006838062058,0.5814958135701932,0.031241364468010402
body,167,167,0.01330567343180336,5.727117321295693e-05,-0.017049332214084976,0.004674590925714266,0.5531453031074958,1.256836804275352e-05,0.5815959070496678,0.030907828900586187
body,6,6,7.286404531681817,0.03136263175046718,0.0024665194662596202,0.004674590925714285,0.5531089375622571,0.00014404880401552855,0.5816347388730654,0.03077841646189383
body,30,30,1.7954555031501611,0.007728120161982139,-0.006068358887986836,0.0046745909257142875,0.5530893527640989,0.0002148544951796616,0.5822394901758059,0.02876188377265254
body,42,42,1.255720404848894,0.005404956102503587,-0.018235209947194114,0.004674590925714288,0.5527733732765421,0.0013568810279577237,0.5822541797779038,0.028712875480751077
body,54,54,0.9190804381071087,0.00395596774843876,-0.02218696141208348,0.004674590925714268,0.5527420099358912,0.001470200146791445,0.5822684767176904,0.028665176024039507
body,76,76,0.5379049081433639,0.0023152864320827534,-0.007012256550403044,0.00467459092571429,0.5531250069905411,8.595049531268106e-05,0.5826754586136658,0.027306854703668004
body,26,26,2.0190904580673434,0.008690704754575576,0.013848598610181603,0.004674590925714278,0.5528006476732235,0.0012583304759706815,0.5828414984517268,0.026752416306179305
body,51,51,0.9645910051163866,0.0041518573875139455,0.006221622634066954,0.004674590925714285,0.553115220674767,0.00012133268901448613,0.5830615531122207,0.026017368794289175
clove,121,121,0.14879044304209832,0.0006404338179177515,0.13336086177426054,-0.0306890503828572,0.605311286950365,0.00712980989935208,0.4144014525219386,0.033680200621101775
clove,88,88,0.3987069396982124,0.0017161411875693,-0.018874316134495354,-0.03068905038285716,0.6073645238213239,0.0003826858214702744,0.4193971976024684,0.010241161861624937
clove,126,126,0.12786343418962204,0.0005503583809275011,0.006684099418321878,-0.03068905038285715,0.6074760970735936,1.5391405973286254e-05,0.42082637448528604,0.0034840799406731238
clove,24,24,2.1409276566935853,0.0092151246076607,-0.0014708938471786463,-0.030689050382857158,0.6074769814245256,1.247989071051503e-05,0.4209140290371213,0.0030689051383847588
clove,105,105,0.2424908328388066,0.001043745328731041,0.014960067721959921,-0.03068905038285717,0.6074363573570548,0.00014622060323332686,0.4209841108410897,0.00273690125581727
clove,82,82,0.46528172948362084,0.0020026968690204086,0.005323808529750529,-0.03068905038285716,0.6074699797988081,3.553096327157945e-05,0.4210656073901673,0.002350751918229199
clove,59,59,0.8213598636507362,0.0035353522888120735,0.0016344894086901874,-0.030689050382857158,0.6074789763284903,5.912127963636493e-06,0.42107257976198037,0.002317711750776774
clove,21,21,2.355795283146291,0.010139972276251194,-0.002963286999554386,-0.030689050382857158,0.6074638427559886,5.573539795777904e-05,0.42109796898152296,0.002197394544031228
clove,74,74,0.5732858092185649,0.0024675752827218373,-0.009756449484078717,-0.030689050382857155,0.6074361120106401,0.00014702829440149667,0.42109828774434993,0.0021958839098175087
clove,11,11,4.383314666606854,0.01886695737760278,-0.0008169730534826113,-0.030689050382857158,0.6074783778434254,7.882504734491036e-06,0.4211088152121561,0.002145993030090554
clove,78,78,0.5116066105971625,0.002202091533553649,0.008632034593863133,-0.03068905038285716,0.6074495744022925,0.00010270902792053338,0.42116827701940757,0.0018641732744062445
clove,125,125,0.13713763992531633,0.0005902770401238105,-0.003396118113741251,-0.030689050382857158,0.6074794776746217,4.2615576764104546e-06,0.4213691411439882,0.0009118817610624941
clove,117,117,0.17107781921176593,0.0007363646392788439,0.006377966523855088,-0.030689050382857158,0.6074750768844872,1.8750130876377114e-05,0.42155038960377406,5.2197884602311895e-05
clove,31,31,1.7669514553930887,0.007605431125254109,3.6642005696678724e-05,-0.030689050382857158,0.6074807701416998,6.391888685008951e-09,0.4215526219353412,4.160735493097256e-05
clove,84,84,0.45053788384121485,0.0019392354183889022,0.003779023616032419,-0.03068905038285716,0.6074755065654791,1.7335511236615808e-05,0.4215844951392874,-0.00010961022043010082
co2,2,2,18.993376531507604,0.08175256688886388,0.06733060374917281,0.015512538040000048,0.5239186883541108,0.23774479323252673,0.4583916564317247,0.32316245908522945
co2,39,39,1.3819623178331806,0.005948335022955433,0.04456797385870972,0.01551253804,0.5978078451358881,0.0075792424806334635,0.55638434769988,0.002849208174340645
co2,96,96,0.32453806198654195,0.0013968985228363213,0.011371650530822045,0.015512538039999989,0.6000515011634316,0.0001158767928419735,0.5574620173550463,-0.0010173271028612874
co2,60,60,0.7889342692592156,0.0033957838676834506,0.012552836436086017,0.015512538039999997,0.599983272075173,0.0003432482881238208,0.5576100619231359,-0.0015490758184371067
co2,110,110,0.2193434475927778,0.0009441127985440527,0.02449788578202916,0.01551253803999999,0.5999772043393565,0.0003634675931853959,0.558113993809013,-0.0033601642915799257
co2,50,50,1.0296691782332121,0.004431971230985253,0.013193481296053486,0.01551253804,0.5999377663343755,0.0004948805020458247,0.5581638521168861,-0.003539439762278773
co2,100,100,0.28021897028297404,0.0012061373117931349,0.02156564758513299,0.015512538039999984,0.599978293736133,0.0003598374492507217,0.5590529457252458,-0.006739041881696606
co2,94,94,0.3391832803770697,0.001459935455426348,0.008092702911680611,0.015512538040000003,0.6000678669027382,6.133458765378297e-05,0.5592207821682655,-0.007343610248519816
co2,121,121,0.14879044304209832,0.0006404338179177515,-0.06276730415373763,0.01551253804000002,0.5996004390744293,0.0016185488374582668,0.5595290989051875,-0.008454679513067997
co2,132,132,0.0994625974571709,0.00042811359202344425,-0.0034030690412807586,0.015512538040000001,0.6000853159415057,3.1804248326050555e-06,0.5598621493961982,-0.00965556892626851
co2,10,10,4.832061176185845,0.020798482242580997,-0.003433055148037099,0.01551253804,0.6000390879651905,0.00015724534682526325,0.5599038113029144,-0.009805840707518554
co2,23,23,2.2519267539731596,0.009692894377027327,-0.010329544688711806,0.015512538039999997,0.5998871771193575,0.0006634381436865233,0.5599182262320329,-0.00985783702081977
co2,18,18,2.811988572614195,0.012103550071363508,-0.00256757981364541,0.015512538039999997,0.6000709122116954,5.1185302650358366e-05,0.5604972925143278,-0.011947702941512928
co2,56,56,0.8711000307818646,0.003749447256797635,0.001993245678993255,0.015512538040000001,0.6000834030052201,9.555942119487959e-06,0.5605006570058175,-0.011959851794678622
co2,125,125,0.13713763992531633,0.0005902770401238105,-0.0003053619616464223,0.01551253804,0.6000862596130463,3.530777614724201e-08,0.5605314285247222,-0.012070968155033723
coriander,18,18,2.811988572614195,0.012103550071363508,0.03745041023767862,-0.023744897257142843,0.3868402763842724,0.02553528206278588,0.5638900231240951,0.007877425661192095
coriander,171,171,0.008967459446091938,3.8598341215089595e-05,0.07231719269201442,-0.02374489725714274,0.39181646265352293,0.00030364524740966736,0.5641580748521294,0.006933967297139687
coriander,72,72,0.595701772926808,0.002564059579202587,0.032347505303141795,-0.023744897257142853,0.39108440634733194,0.00403575159717573,0.5642908938422417,0.006466319807020393
coriander,88,88,0.3987069396982124,0.0017161411875693,0.06702951978185442,-0.023744897257142853,0.3895967578123955,0.011598450144547412,0.5656774502307286,0.0015777668612906304
coriander,34,34,1.580582615961668,0.006803249849779349,-0.007298390695984513,-0.02374489725714286,0.3917691401954375,0.0005451115281193131,0.5664755490764661,-0.0012415138122614522
coriander,83,83,0.45547229144159773,0.001960474426984242,-0.010406687576767971,-0.02374489725714286,0.39181338011352046,0.00031937501976797567,0.5669653719802785,-0.002973779434973789
coriander,105,105,0.2424908328388066,0.001043745328731041,-0.047004402529041214,-0.023744897257142825,0.39119569159254486,0.003468856608135007,0.567405363162788,-0.004531090958566075
coriander,149,149,0.047843986858062536,0.00020593330150409103,-0.015512608681570225,-0.02374489725714286,0.39186135659176247,7.454370698489754e-05,0.5674964764818917,-0.004853729820893049
coriander,138,138,0.07647388584471335,0.00032916403554681805,-0.008586621089814776,-0.02374489725714286,0.39186880970740895,3.650662672027849e-05,0.5675213265933039,-0.004941734856679814
coriander,90,90,0.37729773726772353,0.001623990260595767,-0.023419176794600698,-0.023744897257142846,0.39161335624771537,0.0013398044014054644,0.5676251083397436,-0.005309312741501593
coriander,121,121,0.14879044304209832,0.0006404338179177515,-0.027638701818424555,-0.02374489725714285,0.3917317436948078,0.0007359092589996896,0.5677469699174726,-0.005741012212294505
coriander,21,21,2.355795283146291,0.010139972276251194,-0.0019274884182028484,-0.02374489725714286,0.3918648593090572,5.6667630235374133e-05,0.5677905404530289,-0.005895385052018032
coriander,24,24,2.1409276566935853,0.0092151246076607,-0.0004882355743812929,-0.02374489725714286,0.39187531537602305,3.304264330816764e-06,0.5678067664629243,-0.005952877738227391
coriander,7,7,6.841401450017579,0.029447219599333545,0.001493131766902661,-0.02374489725714286,0.3918566126435721,9.875413634030661e-05,0.5678301220014177,-0.006035634956866653
coriander,40,40,1.318496380950985,0.0056751606749652775,0.004889108039867586,-0.023744897257142857,0.391835978189869,0.00020405731136452498,0.5678326195341317,-0.006044484830580954
diacetyl,149,149,0.047843986858062536,0.00020593330150409103,0.11063590972857944,0.027680564239999993,0.5463920219214365,0.0019465961759617123,0.4380484660985998,-0.06965798078775043
diacetyl,105,105,0.2424908328388066,0.001043745328731041,0.029997321399648405,0.02768056423999998,0.5467262242233839,0.0007252981313509155,0.4395322843009456,-0.076916840294599
diacetyl,100,100,0.28021897028297404,0.0012061373117931349,0.017772655323020147,0.02768056423999999,0.5468441404453108,0.0002942106913469411,0.43965811968645363,-0.07753355787847815
diacetyl,31,31,1.7669514553930887,0.007605431125254109,0.0063782397695925745,0.027680564240000007,0.5468592578553975,0.00023893654589024482,0.4406521966133394,-0.08241172183534817
diacetyl,90,90,0.37729773726772353,0.001623990260595767,0.029672522511599134,0.027680564239999986,0.5466225602574525,0.0011042042580466926,0.440827259964862,-0.08327193887659345
diacetyl,66,66,0.6772016658621743,0.0029148568920227165,0.01969099308358258,0.027680564240000004,0.5466858747568338,0.0008727895503319871,0.440990077043367,-0.08407228749350626
diacetyl,1,1,33.276548823089044,0.14323115634427935,-0.004924814441010856,0.02768056424000001,0.5461904881919447,0.0026827135483805664,0.4413287080606638,-0.08573781906304356
diacetyl,145,145,0.05839559224245817,0.00025135023006030225,0.01238606409239093,0.027680564240000004,0.5469164585354581,2.9778512098954657e-05,0.44133459325038965,-0.08576677623508044
diacetyl,14,14,3.320519093480101,0.01429240129290136,0.00044905274092364825,0.027680564240000004,0.5469239932646762,2.2256504945694644e-06,0.4413741545139125,-0.08596144137771544
diacetyl,7,7,6.841401450017579,0.029447219599333545,-0.0008848755406232647,0.027680564240000004,0.5469197326121937,1.780597411060736e-05,0.44140440069823045,-0.08611028251402919
diacetyl,71,71,0.6014008530550752,0.0025885899426489316,0.0121204494241734,0.02768056424,0.5468442886614466,0.00029366877258740764,0.44157858425183105,-0.08696763633823323
diacetyl,37,37,1.4348816047509763,0.006176113771840935,-0.025922671314559026,0.027680564240000004,0.5460474441168472,0.003205028202160065,0.44159629519380067,-0.08705483081497167
diacetyl,10,10,4.832061176185845,0.020798482242580997,-0.003632335590252872,0.027680564240000004,0.5468666482041954,0.0002119144820128538,0.44162324908333095,-0.08718753686504854
diacetyl,89,89,0.3941755864867702,0.0016966370327445393,-0.0041317612957849316,0.027680564240000004,0.5469184852083347,2.2367448677451662e-05,0.4416888349979843,-0.0875104794813244
diacetyl,98,98,0.30721620015604656,0.0013223406017848383,-0.001745842970702515,0.027680564240000004,0.5469237507417195,3.112509971203714e-06,0.44170589016468953,-0.0875944663478565
dms,88,88,0.3987069396982124,0.0017161411875693,-0.073260478639078,-0.0045933055771428715,0.4982141996776948,0.008498953873051884,0.486672992835039,0.03447761949100392
dms,49,49,1.0562361022533222,0.004546322369624689,-0.010963920171684932,-0.004593305577142859,0.5002187699959139,0.0005042720657711941,0.49110034043849277,0.01683066922107157
dms,20,20,2.5174618342412147,0.01083582830322749,-0.019237692509612013,-0.004593305577142872,0.4994183610217918,0.003700334855770704,0.49142019849509205,0.01554955815018877
dms,125,125,0.13713763992531633,0.0005902770401238105,-0.0124803484556106,-0.004593305577142865,0.5003237167088077,8.483640707646067e-05,0.49165053500064354,0.01462648654191212
dms,40,40,1.318496380950985,0.0056751606749652775,0.015703391719050858,-0.004593305577142852,0.5000217807178549,0.0012913323898993134,0.492748516989336,0.010220387501454153
dms,39,39,1.3819623178331806,0.005948335022955433,0.03584591195169275,-0.004593305577142863,0.4985774592319522,0.00705257384909086,0.4928502581814448,0.009811612028851835
dms,93,93,0.3431824800366267,0.0014771490791929012,-0.09660387574281848,-0.004593305577142797,0.4971525681838618,0.012719978682556587,0.49356117560253077,0.006952934902718422
dms,65,65,0.688020226856627,0.0029614228688448502,0.0056607121220277525,-0.004593305577142863,0.5003230348188897,8.756196887427237e-05,0.49360368703926155,0.006781861173119297
dms,69,69,0.6285796789101241,0.0027055748702625,-0.010227218988828893,-0.004593305577142865,0.5002796104661495,0.0002611244998982354,0.49361841831920816,0.006722576393984991
dms,12,12,3.702816177625989,0.015937910078093306,-0.0031501160576052362,-0.004593305577142862,0.5003084308113732,0.00014593431883158647,0.49362013052966314,0.006715685634337998
dms,2,2,18.993376531507604,0.08175256688886388,0.010711143356481944,-0.004593305577142855,0.49817509816802263,0.008654580374274357,0.4937255938127423,0.006291204504245029
dms,82,82,0.46528172948362084,0.0020026968690204086,0.019495690762062617,-0.004593305577142871,0.5001691966022838,0.0007023691501530926,0.4937668528602263,0.006125115518827773
dms,102,102,0.26521662980912314,0.001141563230347246,0.017277453486742755,-0.004593305577142864,0.5002662714538095,0.00031443609259451666,0.49376829599772987,0.006119305893465765
dms,8,8,5.894338989064857,0.025370809748850587,-0.0042075622262597884,-0.004593305577142861,0.5002412470662625,0.00041444640595722504,0.49392224358782466,0.005499462979077441
dms,16,16,2.9944844126721613,0.012889060922818947,0.0037939995294566796,-0.004593305577142861,0.500302111010143,0.00017119409322596812,0.4944658917092953,0.003309013366897373
lactic,2,2,18.993376531507604,0.08175256688886388,-0.07222691150900257,-0.019391927400000047,0.5893913359038269,0.22094020943342962,0.7454037279289161,0.2566259829847234
lactic,91,91,0.3719439901607688,0.0016009463027328078,-0.02258277739448751,-0.019391927400000005,0.6676156164987642,0.00042296725576373984,0.849081698383349,0.03545339609546372
lactic,109,109,0.22031063953247068,0.0009482758510488532,0.034179504874606206,-0.019391927399999974,0.6675652084199495,0.0005739069713298628,0.8499126104437326,0.03356466016110127
lactic,52,52,0.9382035888706446,0.004038278898292941,0.017844237129428384,-0.019391927400000016,0.667534403203527,0.0006661431344808788,0.8501287780412349,0.033072989440069644
lactic,15,15,3.0995750706419116,0.013341399190889116,0.018346219996798033,-0.019391927399999984,0.6669796900687839,0.0023263221073329676,0.8511025325959793,0.030856645658138726
lactic,30,30,1.7954555031501611,0.007728120161982139,0.017950990483312793,-0.0193919274,0.6673259729268307,0.0012901077210081269,0.8530414306256936,0.026436002023487837
lactic,36,36,1.4487161870049226,0.006235661509928422,-0.029473133263440393,-0.019391927399999977,0.6668192809211675,0.002806147032324735,0.8533793601347529,0.025664500998113682
lactic,151,151,0.04404679481995624,0.00018958917250890253,-0.02542376003819754,-0.019391927399999957,0.6677356546024196,6.348459706917442e-05,0.8534075940023277,0.0256000285821959
lactic,111,111,0.2147939504540835,0.0009245305474090419,0.02417199637330944,-0.019391927400000005,0.6676634094634993,0.0002798475962999536,0.854213734456942,0.02375829612048852
lactic,139,139,0.07169666485591748,0.00030860160012194534,0.052164955832435925,-0.019391927399999998,0.6676115841539664,0.00043504194957288966,0.8544329123144176,0.023257255204967464
lactic,169,169,0.010407861374599588,4.479821593519673e-05,0.006437017695726859,-0.019391927399999998,0.6677565300104902,9.616242343524206e-07,0.8547724021214854,0.022480927240592696
lactic,136,136,0.0823057492772276,0.00035426593380921706,-0.05334353421206678,-0.01939192739999997,0.667582464396544,0.0005222377232931841,0.855021856572834,0.021910290975032942
lactic,17,17,2.835193416915173,0.012203429920673841,-0.00597646387583905,-0.01939192739999999,0.6676814532785655,0.00022581135874710778,0.8556554413907705,0.020460193786819958
lactic,65,65,0.688020226856627,0.0029614228688448502,-0.015073820708104731,-0.019391927399999995,0.6676404522497591,0.00034859599352876636,0.8558751323510153,0.019957132259515897
lactic,13,13,3.6372389055710395,0.015655647979452337,-0.033543032800087885,-0.019391927400000033,0.6647031008204666,0.009125380372602132,0.8563657520783169,0.01883321555540529
metallic,121,121,0.14879044304209832,0.0006404338179177515,-0.09058856003067813,-0.02146745331999998,0.49677250107270915,0.004895382105295942,0.4484983500361011,0.031107608393184383
metallic,2,2,18.993376531507604,0.08175256688886388,0.014636636155584316,-0.021467453319999996,0.4939141997078961,0.016313591325720966,0.4491287647945136,0.028381920150368334
metallic,149,149,0.047843986858062536,0.00020593330150409103,0.043941839541655016,-0.02146745332000001,0.49790069726263747,0.0003703809801429703,0.45277405391530995,0.012545917349939928
metallic,130,130,0.1079222956184087,0.00046452639301430084,-0.03858352964388162,-0.02146745331999997,0.49783251506413806,0.0006441394978581316,0.455690487389953,-0.00021594045810369167
metallic,50,50,1.0296691782332121,0.004431971230985253,-0.005454658693455082,-0.021467453320000007,0.4979623446573063,0.000122828096619787,0.4560281368700826,-0.0016987342466312505
metallic,42,42,1.255720404848894,0.005404956102503587,0.014577403655508308,-0.02146745332000001,0.49772647210847254,0.0010698383391750665,0.45626027156010607,-0.0027187950243614534
metallic,27,27,1.938381789063368,0.008343313080940655,0.004246620663148639,-0.021467453320000007,0.49795803144152406,0.00014014935541284412,0.45633652840623945,-0.003054000903705445
metallic,58,58,0.8337089469250283,0.0035885060424231266,0.0004582199066938048,-0.021467453320000007,0.4979927546069995,7.018223810995039e-07,0.4564428514401265,-0.0035214636727665116
metallic,29,29,1.8456280608235607,0.007944076254379703,0.011894228568888563,-0.02146745332000001,0.49773220087634695,0.0010468430906881432,0.456456010640669,-0.0035793273483819554
metallic,1,1,33.276548823089044,0.14323115634427935,0.0006668168481799624,-0.021467453320000007,0.4979781581550186,5.932206408842955e-05,0.45651795931098305,-0.0038517506365558507
metallic,143,143,0.06161447341898254,0.00026520515460489694,0.0033289987264434936,-0.021467453320000007,0.49799224769751577,2.7376305942183876e-06,0.4565356992613118,-0.003929770025886681
metallic,39,39,1.3819623178331806,0.005948335022955433,-0.02350342030038079,-0.021467453320000007,0.49723023759255,0.0030607170410735796,0.4567043518431631,-0.004671646825747278
metallic,88,88,0.3987069396982124,0.0017161411875693,-0.043467941089030605,-0.02146745332000001,0.49724030501060573,0.0030203465833480436,0.45675658610473613,-0.004901472893358072
metallic,110,110,0.2193434475927778,0.0009441127985440527,0.02648070339197625,-0.021467453320000017,0.497839358541121,0.0006166639287504827,0.45679604940883045,-0.005075125323412921
metallic,105,105,0.2424908328388066,0.001043745328731041,-0.0609200292594699,-0.02146745331999996,0.49709370960985605,0.0036081150572420118,0.4570958234791422,-0.006394726597543698
orange,147,147,0.050993323175666634,0.0002194888863961903,0.05195843733182945,0.028166158645714326,0.7135905930243276,0.0002687334448636669,0.5971409995439443,0.014374680044102917
orange,120,120,0.1515182600336935,0.0006521750710170109,-0.07234686538690693,0.028166158645714364,0.7131338500895876,0.0015481058588363572,0.5983831505534533,0.010269891209944815
orange,119,119,0.15928142335834425,0.0006855897999839676,-0.028468812714871384,0.02816615864571431,0.7135965651139375,0.00025199973297951317,0.5984541430946422,0.010035032913888853
orange,149,149,0.047843986858062536,0.00020593330150409103,-0.07898376499882272,0.028166158645714305,0.7134785542327773,0.0005826386196104982,0.6018735792848021,-0.0013101737268761404
orange,39,39,1.3819623178331806,0.005948335022955433,-0.005616562688280227,0.028166158645714298,0.7136561268895387,8.51008042114243e-05,0.602070845825925,-0.0019666483460532014
orange,25,25,2.0619953390939854,0.008875378825042756,-0.0017319068374231524,0.028166158645714298,0.7136821868251376,1.2073494114472894e-05,0.6023066783916458,-0.002751747461898324
orange,171,171,0.008967459446091938,3.8598341215089595e-05,0.01207507216388725,0.02816615864571432,0.7136855843832612,2.552378825182444e-06,0.6023260558879437,-0.0028162698440565848
orange,40,40,1.318496380950985,0.0056751606749652775,0.03930499316288264,0.028166158645714326,0.7122661939134001,0.003976222093548087,0.602338512224921,-0.0028577475335069824
orange,44,44,1.155571006972621,0.00497388633798976,-0.0008466010329734468,0.028166158645714298,0.7136859182463453,1.616778282698128e-06,0.6023838788560661,-0.0030088187000789635
orange,88,88,0.3987069396982124,0.0017161411875693,-0.0022150817203359643,0.028166158645714298,0.7136851324604468,3.818823118728609e-06,0.6024575912672572,-0.0032543057546012832
orange,102,102,0.26521662980912314,0.001141563230347246,-0.0002093090982896306,0.028166158645714298,0.7136864870892246,2.2681574951555206e-08,0.6025587496598596,-0.003591246029839512
orange,45,45,1.1359518750886102,0.004889440352886039,0.004450725042818915,0.028166158645714295,0.7136708204570051,4.392560027366432e-05,0.6026536988642962,-0.003907556093213582
orange,23,23,2.2519267539731596,0.009692894377027327,0.0011539557236861025,0.028166158645714298,0.7136844063346365,5.853677524370049e-06,0.6026853651298072,-0.004013058933328706
orange,110,110,0.2193434475927778,0.0009441127985440527,-0.0055342929711468996,0.0281661586457143,0.7136818154173344,1.3114302556127555e-05,0.6028590331345665,-0.004591769076386809
orange,72,72,0.595701772926808,0.002564059579202587,-0.01603655425749534,0.028166158645714295,0.7135797723840777,0.00029905237134497664,0.6028712846155917,-0.004632600718217583
overall,121,121,0.14879044304209832,0.0006404338179177515,-0.2936506451285919,0.010695019108571516,0.5397778049350124,0.041947623547956,0.5269368767599353,0.02309866179422737
overall,29,29,1.8456280608235607,0.007944076254379703,-0.019024084089502853,0.010695019108571428,0.5508656115181926,0.0021838464782504285,0.5328187393105533,0.0011678798454990424
overall,147,147,0.050993323175666634,0.0002194888863961903,-0.009407696846597835,0.010695019108571416,0.5514640328947434,1.475537835882168e-05,0.5357913822523371,-0.010008355774755895
overall,25,25,2.0619953390939854,0.008875378825042756,0.005660173800277735,0.010695019108571416,0.5514085446539557,0.00021598203017814122,0.5358601237085502,-0.010267538364564954
overall,110,110,0.2193434475927778,0.0009441127985440527,0.07121174936919031,0.010695019108571397,0.5504644471392177,0.00363662383624197,0.5362787975533868,-0.01184682300479789
overall,1,1,33.276548823089044,0.14323115634427935,0.0005355664756473042,0.010695019108571421,0.5514594968986101,3.120580949333984e-05,0.5364146064557529,-0.01235937433845935
overall,10,10,4.832061176185845,0.020798482242580997,0.0016368066916507583,0.010695019108571421,0.5514564308854143,4.2325063083770154e-05,0.5365067376161613,-0.012707157014408388
overall,32,32,1.7130806714526785,0.007373556878979988,0.0029671224234217005,0.010695019108571424,0.5514545053525554,4.930820043136386e-05,0.5365151914775781,-0.012739072190163236
overall,61,61,0.7706106365714271,0.0033169140572276634,-0.0011389720273661565,0.010695019108571421,0.5514672002677256,3.268372304909839e-06,0.5365851956739457,-0.013003372665671531
overall,35,35,1.49915077242777,0.006452745439763313,0.00023262560244416967,0.010695019108571421,0.5514680283356864,2.652349442300306e-07,0.536716514551889,-0.013499259414523124
overall,43,43,1.2052848950466335,0.005187868193892744,-0.003556401186190499,0.01069501910857142,0.5514543586004027,4.9840410779378175e-05,0.5367770514600178,-0.01372789993515
overall,93,93,0.3431824800366267,0.0014771490791929012,0.009789804804228143,0.010695019108571414,0.5514384500390567,0.00010753345011083049,0.536798758638954,-0.01380989158438184
overall,52,52,0.9382035888706446,0.004038278898292941,-0.002137545229139989,0.010695019108571423,0.5514642369990672,1.4015161997504855e-05,0.5369274744180116,-0.014296140753257802
overall,4,4,11.331805194940767,0.048775116980078984,-0.0013853091240327627,0.010695019108571421,0.5514484967331958,7.109890227097182e-05,0.5371165383448089,-0.015010578300570065
overall,69,69,0.6285796789101241,0.0027055748702625,0.0009233639116033338,0.010695019108571421,0.5514676183365238,1.7521711956902664e-06,0.5371201541370877,-0.015024244160781741
stale_hops,22,22,2.3276533586627237,0.010018841914837696,0.007630292631756909,-0.03967075796571429,0.4303807693400447,0.0007269262668764265,0.4606421945874907,0.008857946273991835
stale_hops,40,40,1.318496380950985,0.0056751606749652775,0.016677495534150957,-0.039670757965714266,0.4301136150774152,0.001967117390125672,0.46151848359816483,0.00508342015332508
stale_hops,42,42,1.255720404848894,0.005404956102503587,-0.017418826151459767,-0.03967075796571427,0.43009710939664897,0.002043715272619706,0.4616112562146553,0.0046833915755983835
stale_hops,123,123,0.14130838831801498,0.0006082290554690068,0.018396642699900424,-0.03967075796571426,0.43048205624421393,0.00025652799091180345,0.46189358686112475,0.0034655082901374756
stale_hops,89,89,0.3941755864867702,0.0016966370327445393,0.005843431540780294,-0.03967075796571428,0.43052174032497587,7.219636183486422e-05,0.4622827518367271,0.0017855555561955283
stale_hops,1,1,33.276548823089044,0.14323115634427935,0.007602924004002286,-0.03967075796571429,0.4283104134611325,0.010317850881548796,0.46236681620865966,0.00142247949619001
stale_hops,102,102,0.26521662980912314,0.001141563230347246,0.010990018896587597,-0.03967075796571428,0.43050029201422263,0.00017182537483317883,0.46241394233433625,0.0012189117387427784
stale_hops,131,131,0.10131086483205155,0.00043606902859064854,-0.007284938436652569,-0.03967075796571427,0.43053107379426253,2.8840146643727138e-05,0.46261040452480084,0.00037004285209574217
stale_hops,73,73,0.580678617484791,0.002499395904572755,0.0022562283885617534,-0.03967075796571428,0.4305338689209334,1.585592644559597e-05,0.4626295606608084,0.0002872542087861696
stale_hops,10,10,4.832061176185845,0.020798482242580997,-0.018954214174442797,-0.03967075796571427,0.42852805526744076,0.009311800458362773,0.46280690916517647,-0.0004793701436107689
stale_hops,116,116,0.17743592046448228,0.0007637316057098308,0.0014681022647672804,-0.03967075796571428,0.43053684062251646,2.051369200728459e-06,0.4628310463929508,-0.0005837308508107597
stale_hops,112,112,0.2049420656064698,0.0008821254029814654,0.027855345002190213,-0.03967075796571428,0.43035362361703716,0.000852978063481058,0.46287055471306715,-0.0007545623881266561
stale_hops,95,95,0.3314330796148968,0.0014265765207913924,0.026580120704574974,-0.03967075796571427,0.4302668137604569,0.0012560282847510207,0.46293635045060827,-0.0010390914588436218
stale_hops,151,151,0.04404679481995624,0.00018958917250890253,0.009367983660312709,-0.039670757965714294,0.43053281868005727,2.073462714013985e-05,0.46300315743714887,-0.0013280349844837502
stale_hops,44,44,1.155571006972621,0.00497388633798976,-0.0037315608908989194,-0.03967075796571428,0.4305187017132329,8.631124319491423e-05,0.46315763228964113,-0.0019963060382732767
sweetness,2,2,18.993376531507604,0.08175256688886388,-0.04123522762838544,0.032562485845714265,0.6667946818210062,0.06735679958288832,0.5950629520929862,0.16644828231724618
sweetness,130,130,0.1079222956184087,0.00046452639301430084,-0.12468652763523463,0.03256248584571442,0.6892442425603945,0.0034993929208315677,0.6086162631307962,0.12804548215435207
sweetness,93,93,0.3431824800366267,0.0014771490791929012,0.1221740552159841,0.03256248584571421,0.6867551494946716,0.01068379534159114,0.6099922899512635,0.12409820294818352
sweetness,4,4,11.331805194940767,0.048775116980078984,0.03856043806396583,0.03256248584571428,0.6782129563916879,0.0351419204422313,0.6209500598397528,0.09234652978302427
sweetness,22,22,2.3276533586627237,0.010018841914837696,-0.04039180845649307,0.03256248584571432,0.6877136142139307,0.007920404720009766,0.6210368912580239,0.09209266605495092
sweetness,164,164,0.017524364135174095,7.542954507162131e-05,-0.04548911661289862,0.032562485845714244,0.6904272748197888,7.563098349527841e-05,0.6217869684365939,0.08989823338547032
sweetness,135,135,0.08574241440702901,0.00036905825867218417,-0.12741283193880085,0.03256248584571442,0.6894504232555216,0.002903116867352229,0.6240432382626577,0.0832813022014891
sweetness,134,134,0.09004704839363732,0.0003875865533826318,-0.010302070000617062,0.03256248584571429,0.6904465038955009,1.9932462149263586e-05,0.6262421941342231,0.07680939306925516
sweetness,42,42,1.255720404848894,0.005404956102503587,0.060243355160445586,0.03256248584571428,0.6871641585865986,0.009505035144971696,0.6263330985814534,0.0765413554837735
sweetness,33,33,1.5941900888196798,0.006861820048351867,0.008041061563117404,0.03256248584571429,0.6903791623939807,0.00021498559053945154,0.6280532451968494,0.0714620596474479
sweetness,118,118,0.16701208729417225,0.0007188646428988489,-0.036901291389455255,0.03256248584571426,0.6902896170206563,0.0004743222601826247,0.6283954176618274,0.07045002231603703
sweetness,30,30,1.7954555031501611,0.007728120161982139,0.020009234479003764,0.032562485845714285,0.6899356051058022,0.0014992638405015857,0.6287387554472547,0.06943398429586045
sweetness,40,40,1.318496380950985,0.0056751606749652775,-0.04483497742292445,0.032562485845714265,0.6885423832472406,0.005527838242116667,0.6287724532178356,0.06933423272125239
sweetness,54,54,0.9190804381071087,0.00395596774843876,0.019002052376182285,0.032562485845714306,0.6902143968955606,0.0006921448907936112,0.6288349499361819,0.06914921683319175
sweetness,142,142,0.06277937688081028,0.00027021921032185497,0.025071648054401298,0.032562485845714306,0.6904249707442764,8.23048143029359e-05,0.6289961730813084,0.06867184537256721
t2n,29,29,1.8456280608235607,0.007944076254379703,0.037310714303310615,-0.008028118714285737,0.4007164372770837,0.015660055807067974,0.38542414259827806,0.008024431486061911
t2n,80,80,0.49253109656412436,0.002119985424914227,0.005506133371989132,-0.00802811871428572,0.4038730169064247,9.101418884804868e-05,0.38881568639499237,-0.00951017745407623
t2n,130,130,0.1079222956184087,0.00046452639301430084,-0.014526153081104881,-0.00802811871428571,0.40386336589436117,0.0001388015773586826,0.388943890936554,-0.010176020585113799
t2n,147,147,0.050993323175666634,0.0002194888863961903,-0.0839349653864217,-0.008028118714285768,0.4034489579604713,0.0021896824642779755,0.3889973813361038,-0.01045389323379231
t2n,83,83,0.45547229144159773,0.001960474426984242,0.007323199711557373,-0.008028118714285723,0.4038613298064205,0.0001488832057934264,0.3890367763717267,-0.010658567530921204
t2n,100,100,0.28021897028297404,0.0012061373117931349,0.02793152522888743,-0.008028118714285744,0.40362221390462083,0.001332504945090962,0.38905068365648776,-0.010730826857426212
t2n,73,73,0.580678617484791,0.002499395904572755,-0.010274937380118166,-0.008028118714285715,0.40381593124048515,0.00037365964377367167,0.3892105719277173,-0.011561758242959908
t2n,99,99,0.29370606768199287,0.00126418938223047,-0.013978281223193747,-0.008028118714285711,0.4038207532864076,0.00034978602945934245,0.38928781784972477,-0.011963323772649082
t2n,74,74,0.5732858092185649,0.0024675752827218373,0.011053382816756167,-0.008028118714285729,0.40380517396164345,0.00042691715651876905,0.38941919762144905,-0.012646488973869108
t2n,150,150,0.04610350886314025,0.00019844181922539026,0.007613337244275122,-0.008028118714285718,0.4038881079561747,1.6287938082060194e-05,0.38944884465345575,-0.01280068325016881
t2n,28,28,1.9355425295858428,0.00833109214960882,0.0015937554442875307,-0.008028118714285723,0.4038853457082216,2.996595167947813e-05,0.38956528442544586,-0.013406400339859736
t2n,64,64,0.7082874418610284,0.0030486583768415316,-0.005633136378238549,-0.00802811871428572,0.40386373155592425,0.00013699100970121503,0.38975154441346094,-0.014375697122936515
t2n,38,38,1.4046655562384334,0.0060460558264808254,-0.0013370236014082141,-0.008028118714285723,0.4038883064597093,1.53049908434566e-05,0.3897861072180946,-0.014555612887616753
t2n,135,135,0.08574241440702901,0.00036905825867218417,-0.016089865521876433,-0.008028118714285708,0.4038640740317841,0.00013529524421285188,0.3898252964245814,-0.014759630564962212
t2n,79,79,0.5067088423753145,0.002181010230632151,-0.009558053210266513,-0.008028118714285723,0.40383441434055045,0.000282149551748212,0.38992453585636694,-0.015276359409383211
