0,1,2,3,4,5,6,7,8,9,10,11,12,13,14,15,16,17,18,19,20,21,22,23,24,25,26,27,28,29,30,31,32,33,34,35,36,37,38,39,40,41,42,43,44,45,46,47,48,49,50,51,52,53,54,55,56,57,58,59,60,61,62,63,64,65,66,67,68,69,70,71,72,73,74,75,76,77,78,79,80,81,82,83,84,85,86,87,88,89,90,91,92,93,94,95,96,97,98,99,100,101,102,103,104,105,106,107,108,109,110,111,112,113,114,115,116,117,118,119,120,121,122,123,124,125,126,127,128,129,130,131,132,133,134,135,136,137,138,139,140,141,142,143,144,145,146,147,148,149,150,151,152,153,154,155,156,157,158,159,160,161,162,163,164,165,166,167,168,169,170,171,172,173,174,175,176,177,178,179,180,181,182,183,184,185,186,187,188,189,190,191,192,193,194,195,196,197,198,199
-4.347681969032285,-3.4398901821748264,-2.6142787747812903,2.4687499956304952,-1.722420539851315,-2.532374594930662,-1.2765120146953586,-1.8844476348709671,0.9907480732729735,2.213402410805902,-0.9485095318746394,-1.250251390115314,0.22107970576346575,1.2331647047794754,1.7015511516409108,-0.5523819387244848,-1.0610910030885892,-1.4852542193143763,0.32523198336085857,-0.966645942927172,0.7661602746055433,0.8609847549278375,0.2438756790633505,-0.003356100894145245,-0.9277363770085494,-1.6766521022026648,0.43752611647484063,-0.17526560970633528,-0.2867956362988592,0.801155971599254,-0.606409191320878,0.05901203355718724,-0.12828953967083973,-0.9137533986257442,-0.5211226065564126,0.006284012829371716,-0.42257385508998185,1.2776925216292172,-0.36351240376099986,-0.5487702292531462,0.5537652398021133,-1.7403933056449232,1.6393270410326215,0.5610829999621784,1.1159497021355407,0.7478952218407303,-0.23161108246929246,-0.02562575423448919,-1.3599998123754755,-0.503552270140854,0.7844112714949352,0.2338974679156659,0.5026623581368641,-0.9046675874099167,-0.17623726529009545,-0.20747340694080782,0.9579601363378502,-0.3082438816585806,0.3544885951531551,-0.3772762577338601,-0.04845467070094597,-1.474276638545386,0.5642851849689543,-0.5380507559959532,-0.6019216593737349,-0.8853113778289027,1.1308260287304142,-0.0980540494958519,-0.48813830629023314,-0.7250724393045781,1.048658351700904,-0.6574370441488273,0.6023471681570833,0.2902445253864162,0.11501268916354199,-0.2568947738775033,-1.0408933810767347,0.9604977419324522,0.572825737577733,-0.911844029998048,0.18008763704335798,-0.03982994323151163,-0.14052635934286026,0.5906735210525745,0.031656347698441514,1.583435060180308,0.013226240677287516,0.3856050747877712,0.01907510157908966,0.15286092743046228,0.7594569471435795,0.10278607341608774,-0.33457564293782993,-0.3620658317230971,-0.35784954377141526,0.2290600362174412,0.13953271722045288,-0.25167579125383194,-0.5770303646857154,0.8068722071730897,-0.30933432121533594,0.8086452164375725,0.05725650351300888,0.21984564203401788,0.6133291012179188,-0.5579147022360288,-0.4939605431539961,-0.3533848775874467,-0.44680794868007945,0.8314401292780533,0.05585383956696312,-0.048066951419590345,-0.18871976625848436,0.09762218217529416,0.5809681652232395,-0.04057746556859368,0.994889744027412,0.5171538833998728,0.7249115213325481,-0.09914796765629526,-0.4316054854262643,-0.3288387735376907,0.18151762202616575,0.0006708577895231699,-0.10169916814653243,-0.18627596513806854,1.3648511572161943,-0.7669411431644192,0.27224788354562285,-0.3176840902410043,0.6879538575807432,0.2436891272616145,0.35154328004526697,-0.5719013663134647,-0.4903874425655935,0.038710323562736675,0.07690904844859142,0.5298599549146064,-0.16833769621668893,-0.38150688869201194,-0.24380925441590143,0.5074826410299937,0.11048619804469423,0.1525389395132875,-0.30185256335413463,0.1339818515267308,-0.1566792855444269,0.6331939710515465,0.17547080215827576,-0.30888262064155214,-0.29318998557701664,0.27865967867702884,0.14722736112936885,-0.1267958568327517,-0.3343783876083846,0.21363433713423474,-0.4415546945478424,0.30920853014705196,-0.0811684622669072,0.27378276893318265,-0.0878850906027605,-0.29788462223573264,0.1027119591239622,0.48604510107679,-0.07416994836388409,0.05419126584195573,0.3154660309250509,-0.28753701663633036,-0.22497673909707397,0.11447296087748539,-0.09345221671637229,0.3938125377565469,-0.11655863732418945,-0.0035327290334390008,0.2184359677383789,-0.031380552718850235,0.03353596491845105,0.10396489748139905,0.16810251436492316,0.03304056245914984,0.06398056174572457,-0.08460316401295125,-0.2041543687956549,-0.01138416408820746,-0.14551814255417572,0.07508068632492201,-0.037518812687423686,-0.05183285950539591,-0.020602627035045073,-0.14656686395111798,-0.12222309289902313,0.042997617559549436,-0.10653550939833954,0.0667543812703769,-0.008771080386180453,0.09938744007094814,0.008988957884270525,0.04916158513554797,0.012469236863506008,2.5646313682236037e-15
2.0461542266521913,-2.0992129715177685,1.9388709798559223,-2.531682117691545,2.2675894213576835,-0.8818082381577571,-0.7290595826417979,-0.8485767522210654,1.5419035917184793,4.365210708420486,1.8025486920284135,-3.351354479938953,0.2726985564534882,-2.247110225537811,-0.3410894262775218,-1.4901808103489862,0.3497828695906406,2.3865586371152427,-0.6497498411553095,0.64719088843766,2.056202274069365,-2.9111580668110113,2.2523845577818866,1.0857878308753397,1.3535571127399406,0.30792722465322686,0.5341385978208624,0.4778777145232021,0.2103318170620484,1.907903004732035,-2.816703171926716,0.7365709595890391,-2.355575212388688,-1.2241195247859884,-0.7256887719571636,0.8603162817191041,0.8849746170922707,2.207184377576883,0.32326562597342884,0.44362747981750744,-0.9379702932291485,0.01121758382348916,0.20554409605554222,-0.9785451488620694,0.6949836463083826,-0.4301242211528501,0.3763239252043718,-1.7513388367039233,-1.6940594659925214,-0.9180401006949831,1.7187009006715304,0.1705064631522633,0.711779831754452,-1.209273013892005,0.42840107704861474,-0.7817599416915149,1.088408795141405,-0.4212459442435734,-0.6988474590499394,1.8448387551244456,0.44369913287656465,1.3039063528758907,0.6730297045998933,0.0014036781636078694,-0.8574066628232846,-0.9007052134878383,1.064992288196695,-0.1195767327854496,0.5916187902518081,-1.6480818599104974,-1.4813664219753795,-0.10397646094286293,0.6151583037237821,-0.7855163762623206,0.136246520954256,0.880526880515182,-0.16769664104476645,-0.17495821648071405,-0.9153955283483882,0.9397280668722713,-0.4718560958287057,-0.36588176341834305,0.16356696425264983,1.17818318505458,-0.5967853932474435,-0.14514263869683017,-0.001034355904393113,0.110565849309274,0.9463447604076713,0.8167411382107264,0.47607829440439337,1.989937174439864,-0.2692770027298555,0.5796836074951123,0.4631985996589503,1.1252357242306392,-0.84585943456745,0.10318839493209157,0.02689403774983677,-1.1688731126948142,0.556892707327319,0.1127037876435229,0.20444515995981033,-0.23513284132508291,-0.14829825858091436,-0.30534138242259135,-0.24994888848962074,0.3959468481570062,-0.8603876567762279,-0.679807230592052,0.06871107432947313,-0.5465933821428222,0.03385850122901096,-0.2029897373165963,-0.045866626302670375,-0.9020996693127292,-0.2972306576777876,-0.04168757042493131,-0.873928964703709,-0.41022995109020527,-0.004716916338023488,-0.34302580956691453,-0.6424982015584243,-0.9447730224377321,0.3748688262383171,-0.23237851759493552,0.584473433852744,-0.18047888577424545,-0.377047583148727,0.17096312737088554,-0.24288563722950218,0.23408672890180948,-0.28384643979268437,-0.0034987619687064145,-0.43948919108353374,0.17919778081636425,-0.1692856864154082,-0.749184068099465,-0.12056842737296096,-0.43592207723209064,0.021878762502619706,0.21901506285538724,0.3846782015643652,0.2532097024913696,-0.019084813026213444,-0.3355846745675038,-0.09972332301215743,-0.5700300585416074,0.35625478063782545,0.3362549721032768,0.07852273395483865,-0.10174109242000011,-0.2606982072440923,-0.10818236896868944,-0.013937301983704336,-0.24328802349732462,-0.06762199015434046,-0.03824937275241151,0.12668053138576368,-0.2910204649219646,-0.02319458144288131,-0.019122919011644906,0.07826718829663804,-0.12233909957328196,0.07595470047564702,0.04382386449905927,0.025008560024553157,0.06803129936583552,0.07121523676042314,0.14128163634884502,0.06903454733976193,0.007716094824908784,0.017484253454238208,0.1874150643774996,0.01712863839749431,0.07517949240855164,0.10054088150259981,0.10934354351117573,0.1341310006225683,-0.20600782177788723,-0.14201777175538385,0.146839696418591,-0.017398968518154447,0.04223081321507229,-0.05172078857848796,-0.06560639422273087,0.03277550557426753,0.09427278433666454,0.02752842733688168,-0.03547502987134049,0.02603361654430488,-0.012889853382123388,-0.029402568596550386,-0.004592743966187796,-0.08831482751073215,0.0346159375945616,0.04334938838047599,0.05452491685416436,-0.0201338100305499,2.564631368223628e-15
0.021467057226815987,0.4392468920777328,1.735582406317604,3.8867144861997707,-2.105042415739954,-4.229038923407073,-1.3074748805149219,4.821328897599489,1.3855449391675845,0.9893155488119842,-1.5689784048722224,-0.0017387726984448041,-1.6255742929213362,-2.3352058532236533,0.02189796964203285,1.0968320922028596,1.7555187576306068,-2.1443052433956433,1.4782039957861686,0.6003683526887502,-0.3213160285439534,-0.8786891013331967,1.4690416832496396,0.12226436460289387,0.05311777283054462,-0.031818874887058535,-0.1262414921699006,-1.3525954027706173,0.295739627655272,-2.1205506770528326,0.8394651994183975,-1.9574671547892135,0.4644162840718922,-0.5979904747273916,-0.32320597047329536,1.9589108530122532,1.4205117402229857,0.6301605550339396,1.4355667975999362,-0.3832233430284986,0.5755342471749273,0.354086329344845,0.276825066164296,0.3706939644427302,-0.3828776724520694,-2.4662701482436318,2.1533218324431913,0.21138679007130706,-0.29705692334609346,-0.3217177607328291,0.2997422148207557,0.987828879892,-0.8581161331062244,-0.15730844278968087,0.376067036643874,-1.3912125198281178,-1.3042366279979245,0.045676544330677256,-0.6677196420919524,0.6414476180535683,0.11886620821147963,-1.608035653820915,0.4927682629305731,-0.9244956626382067,0.20035052944021067,1.8881131576518557,-0.49525252526246266,0.11903845389088201,-0.1729566795357677,-0.18779461546742388,-0.919082893625285,-0.26111821701115867,-0.9181624397703502,-0.4633029812921646,0.08649824234997774,-0.9376176155211682,0.7898248489798743,0.6626617193887891,0.8308485902930394,1.129730159243583,-0.5345265988953526,-0.2474975969389824,-0.7068915142885097,-0.28538482348100636,-0.257866594333732,-0.4014662734692538,-1.036012489723202,-0.25059682277883516,-1.1547392215457923,0.3460293976106545,0.1982875582104468,0.269709549228334,-0.23293147033321973,0.8378988709137785,0.2472696871175632,0.9857747085077375,-0.736131857093216,-0.5296457406663816,0.054699848182971154,0.08223519552887838,0.12744307960784382,-1.1556216707523717,1.0549478086602966,0.19494229443084832,-0.6172616863741475,-0.7669758881667343,-0.09258367908634722,0.14061189254591763,0.0634969747689852,0.061823705829643576,-0.42338322841989645,0.21560072340543598,0.2452002293504433,-0.36299246964500015,-0.6352427406585909,0.2758876430275564,0.16387294752198092,-0.23193812702157426,-0.34538671379189345,0.4191881586094915,-0.7576030593557351,0.144802947243631,0.1135637968048844,0.8829893339283827,-0.4264358285868765,-0.28684422295045886,0.6192323920615993,-0.6493893998732261,-0.30371506181858665,0.0401071107141484,-0.12775252907850143,-0.29780623243294274,-0.07394069029839793,-0.10792894564995392,0.016711865196515803,-0.16308258658615774,0.5141795827652375,0.9637855446664134,-0.06359068309670221,0.2624246270096554,-0.2131112089655765,-0.19371646976713425,-0.1131801987513826,0.3432498189347801,-0.1072036214009263,-0.03134568774617739,-0.07039706869839939,-0.15886312598054506,0.30501974514229,-0.11256630127905207,-0.2355457578486683,0.3170124396604083,-0.5161636315535574,0.054949737941811586,-0.0945908134449994,0.21853673749157682,0.06405718005729684,-0.025293716398590474,0.3165764836475848,0.13674090375393363,-0.1395239947617224,-0.23927381201447176,-0.042964168668394004,-0.025868911279177786,-0.24520592865368518,-0.11568337583175281,-0.21623665935108377,0.5735514512947748,0.058627532461257084,0.055994219217444394,-0.02700383524503957,0.21019816502700778,0.015410176083153315,-0.12291313119860382,0.1686320502939368,-0.17326163507867545,0.07313569007397941,0.08180826195421889,-0.07663180989223668,-0.256228586762599,-0.057330555377397695,0.06770363895742683,0.09951918412007296,0.010221842159436985,0.10081325970936778,0.06966278675663568,-0.02247948476253107,-0.023297179811482507,0.18034414447331565,-0.06568459182022515,0.13390962365414483,0.017463353488328146,0.04208983043623874,0.08265542454118817,0.05321118969224503,0.03523526719501285,-0.003462404160056875,0.015640833317933756,0.048385810548678326,2.5646313682236045e-15
-2.2252329727004314,-2.719036157035612,0.9554979846973276,-3.562497435128559,1.990667956566268,2.0511644019968682,-0.3213255449685196,-1.3815152437831242,0.945738015478193,1.73364308454046,-1.3020316698236503,-3.1661170681170403,3.8736833497145695,-3.7834952165231517,0.9078607907606367,0.16601926697761005,3.9671889298633665,-0.9251504582065359,0.7962517305008674,-0.6033547640382464,-1.9030164965862946,-4.372633198968978,-0.6502111674186265,0.08845336821872471,-0.14854094934579945,-0.480778354743374,-1.1341421607545195,0.24338402699416717,-1.7952164709312022,2.1727577303134034,-0.3107551610254803,-0.8524361029617308,1.0046091681759532,0.9275493442305535,-0.6884908487376197,-2.0639787167375356,-0.9685579773515327,0.9830033691385924,-0.6043887629149047,-0.5880489782657953,2.5030249611620468,1.2847943402225657,1.2716363558598238,-1.0537937378359974,-2.429083019052995,-1.846473410472391,-1.5136133695573175,-1.2572056935729523,-1.26551573289517,-0.5245970275852063,0.468828863472336,1.8729427524807567,-0.9466919784335421,1.3741659910621804,-0.04894522389273489,-1.4140934050225578,0.11474001718417641,-0.04478713773278274,-1.2113312722602456,-0.6991542495757855,-0.6653221208769168,0.501029568655576,0.7290028821962687,1.188544436490267,-0.13778214441310851,-0.12742397319336116,0.7977390542932413,0.12109510194193847,-0.11711544828992815,1.580825303908832,0.7442289502727444,0.11627520968213735,-1.636756728544903,0.3090836595191491,0.16898458032043975,-0.18834823067707085,-0.06568178033257359,2.1974264172814757,0.15884496268122283,-1.1980445812717138,-0.6043209160639604,0.045797008851832154,0.22518989916328166,0.3821907265774922,1.887508338882374,0.22440022150870564,0.32586287428879374,0.06987086432769206,-0.7063780984789394,-0.04363035306868929,-0.7885778226985107,0.2783311584696866,-0.2704076224772458,-1.0152180855172313,-1.2687132740232872,0.5686709346102514,0.28726358782163625,0.776937330579274,-0.4972147365307124,-0.6467180866887803,-0.32719707041362606,-0.10449818454507687,-0.07093865063307243,-0.49750555287213827,0.7236411852016337,-0.4133451745260188,0.2970490031442527,0.4855165137184036,0.3001364854292129,0.17961248688141127,-0.5248760674045855,0.0030077765574399334,-0.25579065557336317,-0.37004831276707584,0.1643477196698337,0.18377262196068087,0.25294392321814024,-0.3971467308727164,0.34198513068114034,-0.12985988164432483,-0.13351623684531827,-0.298620831192348,-0.07439856302442281,0.12568842067547073,-0.2569013316752807,0.020432187347270862,0.005695925934526324,0.7833855852352528,0.18555062237100614,-0.4656875387519366,0.21619738664371468,-0.41165764146967176,-0.609284728325763,0.3735836653641436,-0.7023283330648529,0.32537229179202665,-0.43960121682206976,-0.009125321478823094,0.5290847321533811,0.08700814932380656,0.21831249132498246,-0.46838373713725995,-0.13371614626542097,0.10655678130421672,0.14668286256747087,-0.17252384733570467,0.11492211756713816,0.16016229498477197,0.2717249385150585,-0.24334470920672965,-0.07757042737831313,-0.239406788003986,0.416173974581112,-0.46643081182472407,-0.16248535619403814,-0.12285678567990309,0.011994602398050587,0.06132166461831379,0.13995176694464243,0.10219106831453609,-0.0758194646351976,0.24585232451393543,0.0919902475060787,-0.10111291303910064,0.04254768688774554,-0.02663778332958162,-0.0012869520797125589,0.01972924336825286,0.13014425285041586,0.3156284723741468,-0.03357198847011311,0.08682495625963073,0.0009255157644876728,0.028534126683705207,0.03575813108710085,-0.0787471875755984,0.038310749161558647,-0.009839812153187534,0.08569080561014975,0.1437917788715721,0.022593723766836035,0.17451899678815572,0.11647830963056849,-0.07112323263388655,0.09040900581522017,0.05409348788305013,-0.0017125997725065878,-0.007055778442408018,-0.0027269539974851004,-0.041236695174286055,0.06115338849598771,0.029684823140424463,-0.018944457293954418,0.002698368047654396,0.01453007287289546,-0.09141722368441957,0.04158137518513071,0.007919424006504335,0.018435923219828173,2.564631368223605e-15
0.28312408555834734,5.8573137086114935,-0.6088689219354464,-0.2838024282620964,0.6660984748315518,-2.0230073991842494,-0.3519799820532075,-4.036125807746789,0.28993695865779917,-2.943394833728587,0.15293270807178783,0.5063825858102717,-2.872145997821054,2.971897978411997,1.8672594493382915,0.29896367560591375,0.6814174492087632,0.7371741948215357,0.6856184058452849,2.2411290587547366,1.4349597590059795,-0.6346132534033996,-1.6445781317261543,0.6316761805583277,-1.288853414893493,0.6749108490393149,0.7341282355209772,-1.5386776947354728,-0.358744751757812,-0.16096059949109445,0.1986680942836699,0.5884649235083804,-1.5277427640953114,-0.619952305745139,1.2231848640403393,2.5686134519778814,-1.4251701687256346,2.8828028054856802,0.31190893046802737,1.4077146097801885,-0.2254903622538467,3.344300153560175,0.3172794038906394,-0.18772688844325433,-0.9496872649456897,-0.951821836180836,0.9422124334992601,-2.4175494206719157,2.033152236866239,-1.0553466745623925,0.7027342292030694,1.7980369726236913,2.7984298174748092,-1.9549817021621736,-1.2364959711538546,0.5086954417137972,2.120072225773346,-1.7310209502214757,0.12657414358190688,-1.4850288482568272,-0.8167320954827184,0.9774126946883344,-2.1435263759012315,-0.8103307221561189,0.5563835058817868,0.09471469682253929,0.19605930032928576,-0.07355662686969205,-0.9174457620213774,-0.1799379639946128,-0.04099890030766927,0.7058283384701122,-0.9567607766532773,-0.2767519257124791,1.498959096772531,0.26600135973407996,-2.2653010264905724,0.7656487457466771,0.6419912039308364,-0.24425164304698338,-0.9111351224179098,-0.29673409414575425,0.8656572737309185,-0.46205902876645144,0.04206898597069022,0.6549975216455647,0.6725250344523683,-1.2592648368186914,0.23455303150411783,0.5495524756721227,-0.23463839970739203,-1.0089250896150659,0.36787839608642403,-1.6817210542550032,-0.11520349400712106,-0.12035868975873441,-0.34399618179957164,0.25040971854162575,0.18050280709868327,1.005918111231325,0.11712314511264216,-0.6784372363059349,-0.1264725731352963,0.2898841597359163,0.17273668863672326,-0.0019755207300644674,-0.438736953701039,-0.5591718914913452,0.48756811665886407,0.24058070940922535,0.5225236620102569,-0.12383557666437518,-0.21550920678332994,-0.022800050608936372,-0.26442428458057227,-0.09132766724613132,0.19376227972508003,-0.7173261143144403,-0.22487863433978492,-0.05883205586298051,0.25471228139465174,-0.3046389531544922,-0.3611423738056381,-0.34319893344202484,-0.2793910960498112,-0.1304984125210326,-0.49848234854081763,-0.4142247339998636,-0.24369745680747035,0.29641301527504005,-0.27602795487922266,0.15349021025470794,0.5128116833460601,0.10162748962760762,-0.0199950267388489,-0.16960164371360106,-0.200064415174461,0.14590955087152657,0.1104391942142531,0.253964807150399,-0.25615792608418914,0.42548644756311604,0.251528322084779,0.18857875896431756,0.2537666996554752,-0.3805456553247324,0.19844778201329438,0.031038673262960656,-0.05995053730754525,0.12826300607708468,-0.04958043262112871,-0.14977211004988883,0.043972270381022555,-0.5073312600761438,0.031433417375023025,0.5362280816284947,0.11121986033733954,-0.0531589285785528,0.2284939663816258,-0.08299237889341345,0.1349865657807555,-0.22895746054660088,-0.17951966975443656,-0.16396674832951047,-0.17063647215106534,-0.012184696160443641,0.005434271598717288,0.04291611216894837,0.03347512816799194,0.08524956812808947,-0.22651708376226254,0.014848197774922746,0.009616236986845224,0.06482857431526323,-0.08578309971943668,0.13243927222901156,-0.05155535755387907,0.005748823827888629,-0.11906785564944795,-0.021494202495976077,0.0461963674768007,-0.04674117275603308,-0.006350306761098046,-0.054127966836001226,0.05097059789283557,0.006563449983097819,-0.07459494201240319,-0.06053854067196363,0.061959663901808064,0.06305775659473425,0.029931629114956355,0.00729758291586364,0.02521646175943028,0.03411104498235535,0.005010830181445169,-0.013799536463848848,0.03742338791293725,0.028860777970843538,-0.010161348551197418,2.5646313682236037e-15
5.957620893504994,-1.5271595191126652,2.4603761278674665,-3.0727118776539264,1.2639814364415414,4.2605791403975,-1.6667948944992654,-0.8877064374174392,-0.9475212395305657,-1.9985520817713622,0.6386559834838809,4.629736139391826,0.41664148379736776,1.0242700414416201,2.266630641685635,-0.12511892214140458,1.139251272460882,-0.8294298461765002,-2.1561201794680316,1.077381301869088,0.2509906596074814,-1.4101924291919627,1.1457546831224268,-0.14467413427326478,2.3809312540608136,0.059893831855441,-1.8215609987404937,1.3721272984825175,-0.7521302269980435,-0.12277863774459959,-0.11004685621100184,0.03178917342306059,0.5893927587786902,0.8978342629089378,1.0601404526115261,0.455701132004776,-0.0682645066034567,-1.4321879604967909,0.1457625192214737,0.6228621979765034,1.0519534389605967,-1.0824422550926769,-0.8724420866494734,0.6594841129733344,-0.14701529081902276,1.294547687910962,-1.498814315123091,0.5665047945979362,-0.16572515264319648,1.9532266398183746,-0.9596286454372213,2.785476691727452,0.02937692062235398,0.8827106582659472,0.6719546325755876,0.07336151619833133,0.42217185406431457,0.5797648212363979,0.13935621445862592,-0.8795091053158641,0.11451403394479949,-0.26859786156200205,-0.1002475415415723,0.6988530350015721,-0.5956057163339289,-0.0454885999147882,1.5865246679609573,-0.6896533593428208,0.34140977978349757,-1.29557687250886,0.002366486706284281,-0.3335492794958427,-0.4099534764012073,0.4319238875133243,1.47733089951227,-0.3437211879435676,1.2765660150658542,0.29639867718518786,0.282829295041939,0.24366806928456705,0.2989702487151533,0.1064184373154941,0.8245834948824616,-1.6226546982765384,-0.5432171285498028,0.10529846526231834,1.0265109763773275,-1.1434285351473976,-0.45042148687519845,0.1064513730659988,-0.011948019819515229,0.5435268041265379,0.7741030394155041,0.7839297084957227,1.0713257544718051,-0.6316773676010126,0.8189311663406621,0.4069640094096975,0.7326169458908554,-0.8109539628668576,0.549148104443376,-1.1002627109444298,0.1386037728514599,1.3296461939082111,0.9663365703467102,0.7105535190780187,0.9408897421195634,0.5597308281308576,0.07655824017328651,0.26711006209859517,-0.008771752627062023,0.20115576359121856,-0.13190730567146194,-0.5411353356078077,-0.5547060253383157,0.18835309845254522,-0.2990832299733642,-0.31102973684099156,0.47788042523815805,0.2226796573608662,0.6693335629109626,-0.40702573660303215,-0.2618831356022697,0.5709721998549191,-0.13372673829820783,0.39474611358723743,0.11351405381774861,-0.45493479464844744,-0.025841598542743434,0.20156434677499585,0.25588869816631776,0.051432523663484615,0.1576001264959014,-0.7202422974192314,-0.3535128418213462,0.5429471895634423,-0.3549726347976728,-0.06275185283183458,0.23005525917967537,-0.6599420234207677,0.3215444388173323,0.03277751437448641,0.0344747060371182,0.09519253735000015,0.14814176838353435,0.08580101634494147,-0.7261176616294176,-0.25438831018472596,0.3051894046124651,0.12183407776309756,0.13837882292728165,-0.061442393883412494,-0.564882069779426,-0.27846214483644205,-0.1971276716063212,0.030747023669159525,-0.07848066603503313,0.08032223667910417,0.37695675678244145,0.3444413058098706,-0.02435722446564627,-0.42745068974168954,-0.2354475258682579,0.046751801855779304,0.017886966406909576,0.04913035992586839,0.20113377144725897,0.008494078675577936,-0.11039308360291655,-0.001990167266671616,-0.12825414279658426,0.25885343339606504,-0.08240730957084891,0.08353627664364016,-0.04841632019049183,0.19191443884423212,-0.058804026407388736,-0.11263080127563821,0.017580226500221174,-0.07036545484878755,0.11610976680009372,0.14002378376240696,0.03488527189065302,0.1015440568247745,-0.11431920901839275,0.04998172812687535,0.06529894257039275,-0.022023112798639978,0.031984349553252266,0.011806534965117911,-0.026227130612131378,-0.02242816865980644,0.07260469058029936,-0.007573869968683889,-0.06154011646921926,0.005819414507912822,-0.02270945098261999,-0.04172063281319889,-0.033105629738292223,2.564631368223611e-15
-0.24342718234570015,-1.308748145463149,0.7665898068889927,4.299127768809284,-3.93665190618876,3.4949231221564956,-2.1339321932380484,1.349053431786734,1.372593448657981,-1.2869771676357773,0.9763418186412992,2.1617931115594065,-2.756951345340285,0.7284099080545752,-0.9556585700390754,-0.08806762355715729,0.35571324598642834,1.1627744633049604,0.05283402317104062,1.4493668963139357,-1.2543544232867985,1.0930985260907016,0.8674258272726489,2.4146773946492854,-2.689842247931883,-0.3001009957029729,-2.037249475412985,-0.02496723276401476,0.5940331019032868,1.5212257572095036,-1.90907423268159,-1.092740519138228,-1.7029285548468307,0.018725618321979883,-2.0918999627044594,-1.2844598267319334,0.9876823722380634,-1.019796146470916,-2.0858769847688805,0.3222173441675247,-0.6330661424936216,-1.9793766048895032,2.8843580036821064,-1.9078210466357872,-1.7279995526760275,0.5209178621820624,1.260328312934968,1.5335132251354635,0.3836740648349698,0.21437739357373595,-0.25855115831649594,1.5496167474176155,0.5744810416011017,1.8878411849775811,0.6588654129635374,0.07401392946801046,-0.6689752442693719,1.2942527167086306,-0.5885165325512345,0.29446493972245696,0.8252231539248721,0.3669576850349984,0.42442530011246493,0.25947217766308023,-0.8594709840483672,1.0457607546265208,-1.1328351747396732,0.6168679463478309,-1.8955492573423771,-0.15682336679592698,-0.427806570450801,1.2046757369387247,2.1206617104988537,0.15736047876784962,0.6584064104296162,-0.41181939219386954,-1.2412682847523835,-1.0217991402910875,0.4617521660952052,-0.6492374747802042,-0.7521854429678263,1.0479197265728604,0.39583959658929607,0.7358688468844733,0.5799440854137705,-0.4758849739495378,-0.42037742543309187,-0.17940334149984782,0.9506816876220775,-0.18880443031650937,-0.3657837867982472,0.2518172663445483,0.39404181632643515,0.47246738661719623,-1.0640957178607067,0.5063890317034974,0.3400786710699262,0.2589914013778282,0.2717033320311099,-0.010149975790880275,-0.060710716537474146,0.1241459399486217,0.00023641803765548145,-0.49691080822030587,-0.39285411520130814,0.07920006253551842,-1.181536842082031,-0.1638688540924802,0.7119822170846039,0.2171196192531015,0.3206383617134705,0.05988166292467097,-0.0095335498575975,-0.7795396626571826,0.5429431901456757,-0.6317384323489336,-0.6569749468651431,-0.11315565878624159,0.1486304884448391,0.4313117325046631,1.4057616272744553,0.3379864209952222,0.05483448910244428,0.4664138895813049,0.2637011842969145,0.4314512142011618,0.43923944165513684,0.6636275548777251,-0.23381357904925706,0.410262580753022,0.3913154604383012,0.21699224239821222,-0.06759187296294782,-0.3431639791563845,-0.163746275772905,-0.13475899696061386,-0.4309600230344571,-0.1580483848459893,-0.3752636193001338,-0.13523461640656498,-0.46783946155859196,-0.36700928066908345,-0.2058790464245571,0.6407774751317701,-0.22318276661505476,-0.11391598415986989,-0.3051493999178677,-0.1125767710399498,-0.10303651518893676,0.2657269276383309,0.024244500194182898,0.2051118968669489,0.21310779692472795,-0.16396132239528277,0.11626072216362562,0.40597572107673663,0.09527943382500743,0.2063882836976423,0.05930314609060001,-0.13814915674330866,-0.03778725937471795,-0.06905031775213245,-0.04836854305451281,0.17656377389279876,-0.3867059086617338,0.20803176706694837,0.1273329930177641,0.1916767785472263,0.032226689538824065,0.17740492895551804,-0.15191915531481803,-0.13356863071762212,0.09363285849141893,0.04744533456411666,0.12218465813567317,0.06047090389906381,0.02261637071234616,0.03765526074789961,0.08264683855518429,0.03596896399910631,0.13253866893893948,-0.0580302385826559,0.062638705440973,0.007919884509992767,0.06071423028907483,-0.04121533089912037,-0.09341851710959656,-0.07556234049057042,0.0007218637120552244,0.05216295198225322,0.08185107084751857,0.021586223770296762,0.014768849296279111,-0.009477008951847382,-0.021648407780083156,0.007522273917202337,-0.04367496262065498,0.012708746283495366,0.0028097229967872805,2.5646313682236037e-15
-2.9368510828184773,11.099156888822018,-0.04633133647581226,-0.6951895730077519,-1.5971682968986969,1.36557384881586,3.7435930004212996,-1.5860616112672017,-0.5639497280515979,-2.3289439991057725,3.6182170355448497,-2.1625854059048195,-1.811611765915741,0.07240367148970926,4.88972942717931,1.5157377378732677,-1.0254598669338943,-1.8515473210837061,-0.014390799420881615,-0.17231879275858217,0.47593530146725643,-0.08760923350300073,0.48155541427809306,0.42651067477853216,0.11874958327940337,-0.8726150459364126,1.403045395887243,-1.0116168754539212,1.025014639413006,1.2278347221918557,-0.785616464237892,-0.4691181829011867,0.2556439279645919,2.5781735571230877,-1.0933413359885449,1.464935765143103,0.6668127931534853,0.045153452373532965,-2.049092967561351,0.9371752114914581,-0.7698644658845496,-3.4890829907626455,-1.0130063725104748,0.027369856276661948,-1.3341555940661391,0.5272765819589729,-1.510077554883166,-0.9308559627941011,-0.8153200495641331,0.4671731072563613,1.1516767645204047,2.265406014638246,-0.9146810535725634,0.4178341000981914,-2.0792846136326872,-0.42256165022194764,0.6402969244946988,-0.4914255200806113,0.027018160268153065,0.016653019105016324,-0.648215614567959,-1.3849200336587184,-1.2215766282408298,-0.9754148626242152,0.0022744370100422698,-1.411336784440369,-0.17785964811493296,3.007784526735462,-0.38973344497854556,-0.8446187539173977,1.4328046268384178,0.3028986778225703,0.11885013734467517,0.33453066622381783,-0.2039847107864131,0.3866815623612736,1.8053189126831217,0.3825292958700969,-0.5304545090539364,-0.16591123818099085,-0.10866100946023685,-1.309787666751947,-1.0438810761482202,0.35947956658795827,-0.17411745906056164,-1.0785514196508774,0.5342074837011289,0.5416412000275758,-0.3462782184796451,1.3058035911198018,0.8310272338539223,0.08353504408066771,-0.33674792715715063,-0.46326834260460065,1.026781987503415,-0.5050834990067832,-0.5651871435161482,0.669059004841603,0.17310662677453495,0.526530243119042,-0.3736255262740087,0.5879080214101525,-0.042193712675433835,0.6620884719308002,0.12375756090242485,0.1947469946121063,-0.20342063791132964,-0.49674123369570516,-0.24949850989685446,-0.8922183563839461,0.058972093042853425,-0.20873997490306848,1.19559125033966,0.04547133052330641,0.621964142911732,-0.31288353390038737,-0.10547444150740305,0.19633108524242227,-0.41145948537630705,-0.0948583605366434,0.2554333714243043,-0.09419292714037886,0.9980248790294948,0.06731810030356032,0.042120144871629454,-0.24295152814716903,-0.4187126470048012,0.28205527969921207,0.32459867187948194,-0.10851799616784784,0.0354957120157288,-0.6515082735980713,-0.14880139662861,0.27960401157961473,0.21662989026696874,-0.03671229808564728,0.20596280972770237,0.2772793368106805,-0.20278411112857533,0.1879888479984134,-0.012511553971544085,-0.2259790345214007,-0.12051570868796724,0.33684725702815704,0.22079169272831894,-0.5109226447529964,-0.07723421197295736,0.011517036080629102,-0.12612392505563133,0.18821774670967506,-0.01766500108318089,-0.17713535130159172,-0.02722428763169804,0.2323875915979257,0.23072593563740249,-0.27189603263410667,-0.12164384203652182,0.18165664940562065,0.07234208785897911,0.09083564699039998,0.1008584141776477,-0.03402305066778168,0.2565091861946733,0.023486877029570443,-0.12805824611880895,0.07402298567346781,-0.09121354660762117,-0.007238867258915273,-0.026205280466656666,0.22272590883063054,0.028858433733996183,0.11529959296545546,-0.05203174165664484,0.13241703068120028,0.07539088837157484,0.07411391331659764,0.015960874411339372,0.1456581763462339,-0.06725812687450668,-0.07065642802540804,0.17353685537114685,-0.06771842155067934,0.24345234485032896,0.0826999331718263,-0.00962775511586452,0.004407030281119626,0.024924362237053712,0.013975642456034509,-0.058892686723410234,-0.0025870435745462463,0.03200681284666473,0.03286247097594903,0.04739167343526088,0.029914495370773786,0.07121021056386077,0.00797138529176624,0.005995467725796448,0.0001035702957938798,-0.022540721849516294,2.564631368223599e-15
-4.08576479790488,0.345171425955494,-0.6799451674129442,1.650084814509315,-2.4993602142208475,-1.342329110684366,-2.00681745664141,-0.44998472884360974,0.6490265835864807,0.01308811125165055,1.2822870277641705,-0.2130160702979725,1.026885667576899,0.12895452799457743,-1.713795967294805,0.17546222850311993,0.40230534758345465,-0.41675569409407104,0.402595120936937,-0.5864661032399151,-0.040860467359788176,0.423732700276873,-1.1007298030942527,1.0353980723283527,-0.7430880247811134,0.6708262451152018,1.2655612971443992,-0.6565464468940728,0.14504034358484158,-1.864215896551417,0.2876828042282516,0.8339638658295835,0.33678666052806966,0.11033106796489747,-0.49569939953116454,0.5157737229193821,-0.6342644508832664,-0.3496697205902774,0.7083188635009895,0.6146129714906207,-1.1005632801935286,1.0653463305758406,-1.0285811024539306,0.6259260018055834,-1.4839595301152224,-0.32941144232812286,0.7424239421949408,1.7171820680290382,-0.6249998451951541,2.125039428469742,-0.24904638012530053,-0.2527892541911041,0.6496716834997053,-1.5244938850967673,0.1570865549084608,0.6018145047308936,-0.8204572090684299,-0.1503559648482685,-0.4177514656687022,-0.7516027156302099,-0.06290726397539734,-0.471930898703431,0.8591025294475381,0.14350286172775295,-0.044982634606043334,-0.6048294947293268,1.0618186563523437,-1.1014408909977755,-0.38099550917958086,0.6522273795256337,-0.2831494307699535,-0.33330113894048025,-0.34178838040866455,-0.38948813202767757,-0.889446786306831,0.0477304844087366,-0.9437500230157984,0.6239778702647475,-0.07356769988251023,0.32774160193286955,-0.4800277571513767,0.2841344827869433,0.014104416033963011,-0.1100189877158028,0.24051845323211787,-0.2066682016044238,0.358606147585982,-0.3417386969539849,0.1357925631614618,-0.4384377388459036,1.6318581716366702,-1.4133147298642075,0.21402218809331425,-1.1662874795528961,0.7088515354543279,-0.3266787616997347,0.1664921112259281,-0.9685806168521619,1.9623886091306606,-0.14721247306341065,0.13011781731049776,-0.11489970909326377,-0.6233891352348475,0.30549361037701206,-0.1107400945765205,-1.1583996186886456,-0.03302909853401406,1.2069030421625613,-0.6380215586804693,-0.897193979110265,-0.46676724527422897,-0.4111186104288944,-0.051983314341650516,-0.4204273985454595,0.1505792709914165,-0.20966555680558585,-0.31160895922299825,0.22105712694915752,-0.5362544399714639,-0.11008209461369581,-0.4282446523901351,-1.0557525979292057,0.25525723075375606,0.7792121451985987,0.3589993040047298,0.5889687949823998,-0.25744640093766025,0.10232057634016346,0.5477759977684078,0.39881125887200647,-0.2755597250916344,0.043504735586899844,-0.5914762675940213,0.3742672749478255,-0.22796519504198146,0.6052254951707063,0.422932669402609,-0.20332108755350703,-0.18426147221055023,0.26357180190419655,-0.6735431309548116,-0.4152916271757816,-0.382258975593742,-0.059938430799913754,-0.16990978724783184,0.33541834375287044,-0.10012085620930068,-0.2534094314388961,-0.015970158529335525,0.09104363647547667,-0.460813202247884,-0.05249714384111341,0.21366659621418485,0.22551178503895758,-0.07051301739718835,-0.21965428363069425,-0.00199085844918804,0.09800766284603497,0.11447017905167174,0.4342328343382896,0.08097087150674899,0.20111838833073054,-0.13118520247892063,0.1509253770115621,-0.1167758251743203,0.2432022617700792,0.14238160638724362,-0.05586641955728979,0.058987549315404314,0.1805825966190243,-0.334109967990287,-0.051747345890252774,-0.08710688662821414,0.17199674717841734,0.16079430843219775,0.13046212949721508,-0.07026257503746365,0.1908147849245526,0.23863845399013683,0.06540880534729952,-0.10906655815980379,0.04484525725850053,0.040314523279772176,0.031986563009160765,0.1046699488158314,-0.04233854985669756,-0.1129066033091228,0.16441735736224347,0.05501412655403201,0.12038503478899597,-0.10557427779831306,0.1446719094731266,-0.04595054796355076,-0.0011964391390747215,-0.07701259515303574,0.009564109088867116,-0.06277422279729286,0.017563704301199568,-0.05129677377814005,2.5646313682236317e-15
-0.8364118979560902,0.38633791228274206,4.483437785482856,2.9846727586464907,0.6850314861545446,-3.1757363725851397,0.03995710154868971,1.8798443793116903,0.2550877594249902,1.6887992610317721,-3.499804825282713,-1.4841987260924916,1.7061802123426335,-1.2823533818399957,0.2089263195661063,-0.3488065104311737,0.15318375436423967,-1.5223221291732745,1.0813197765708416,-0.45678327559595666,-0.7120883505930283,-0.2088179720443252,-0.7445363810421541,0.13519293459728168,-0.0981064270111037,0.008544097077468045,0.29977057417841807,-0.1322051249895922,0.7083533637809758,-1.4788210692346455,0.23660191892639887,-0.9111551688516093,0.8350264045191206,0.06763827463786536,-0.037482285293856006,-1.8288108282452527,-0.8246116855438373,-0.46524162394376384,0.5105560983138898,0.6971449620148527,1.0272574544373738,0.11382400507992803,-0.4816480975609808,0.6778512440690071,-2.120490228259687,-0.2908978972878395,-0.0490137531038242,-0.6390393954727944,1.2477413472066632,-0.4057165308294673,1.1066041197481942,-1.3542988696858067,-0.323873670871135,-0.08808763366570262,-0.025679527764667722,-0.300274435285854,-1.0931841385580399,-0.1272677852501123,0.6198620363440553,-0.2775038040534213,0.5136545234849011,-0.26594164062921216,-0.2986974812094152,0.5329770702530167,-2.3240642594979093,-0.4366264030395056,0.7026515439989576,-0.5134026203335428,-1.6425888750342033,0.14256665400515578,-0.7030681739035431,-0.3253865483542323,1.01828262963573,0.8378173984027615,1.2417127773230374,1.1315297859955447,0.7868082831212708,-1.0595163345586847,-0.20974176071638947,0.47837822581193556,0.7931090456478826,0.2885253583693854,0.14683622502995877,-0.6957727749801756,-0.675674149436828,-0.44863842322658776,-0.5893317656817065,0.23377076249412457,-0.021368718822550987,2.248381829399388,-0.8741445026037641,-0.5864582129283801,-0.289059058138552,0.45867181832386045,0.468940873541417,-0.526677471064834,0.43890906289267523,0.23816820205176473,-0.021514202421022904,-0.03999852190285617,0.8332067771512189,-0.09345762396488198,0.018903856478988755,-0.10395444265907726,0.21291035644696688,-0.26902326217384515,-0.11402834896928066,-0.9221317409989084,-0.7399354488012517,0.1756333751329506,-0.22758104860599837,0.3285554699104371,-0.41804995201000833,-0.013426581361437113,-0.08882188913452821,0.11637298674923123,1.1393309994460914,-0.08703095807126265,-0.04666040381488469,-0.4197135247238933,0.1362782485744698,0.2960437801895202,-0.23610204321910952,-0.08326998478060577,0.9385932652547632,0.08734039833144595,0.17590333391916943,-0.20985537772823845,-1.1204100266785904,-0.2459612218196637,0.3848305257702302,0.12048076674326834,0.09750526615916398,-0.5408319271373088,0.05543256056798021,-0.20077247671551748,0.35883425161115473,-0.6189665528022831,0.15475146420941666,0.0005173489884626709,0.13543722478173428,-0.11056241510708348,-0.31176849170321697,0.09127749947464694,0.4494348951951837,-0.17000480479389504,0.10921024733542398,0.3011929215507715,-0.2366591081383022,0.1339575939127294,-0.14615723202727732,0.22753816891015438,0.2639056593733396,-0.08454541835898771,-0.13830903084060941,0.05371477767748098,-0.11568979577748088,0.12027153348535119,-0.2591088261407576,0.3221474696999051,-0.03249275517149194,-0.34305632092635807,0.09190940321587558,0.012677209848309287,0.13938524365322674,-0.17970765941243935,0.025307946826560675,0.16224400772458306,0.2297569146631078,0.051896628309045394,-0.1465820204565845,0.16835131327460523,-0.014322924296317468,0.6233631759653792,-0.10845464886233354,-0.11880305963874814,-0.07849298930534818,0.17141966877675618,-0.13636256784754422,-0.003808592317329622,-0.12132921945201654,-0.01507615618682984,0.19380795285271252,-0.09610922665872239,0.01488525628933177,-0.042236566636948795,-0.12046741703903499,0.02019870935250427,-0.11284506015167939,0.2540378107756028,-0.053946036458889374,0.01946522245319615,-0.03313729420257411,-0.07369612164171666,0.03653644936037457,-0.027088733902863774,0.03291479342306779,-0.015188395469875587,0.013365099527235379,2.5646313682235797e-15
-3.988903809671252,7.028011536692618,-5.6015642235837175,-0.0600000362215537,-5.015611719031349,-0.4410048064133483,-1.8010866915106192,1.205978071250472,0.31842548922632097,1.7097356972051732,-1.809059902468041,0.22019314023020994,0.6782199964671028,-0.38407659020252205,0.6834949524545232,0.25424237149070816,-1.6939305532931828,2.371191265636269,-0.2865493060038996,0.6631286074312218,-0.226736531220937,-0.41428012749188825,0.0888974231327889,-0.0919354304871188,0.09791810187096583,1.3949713924268603,-0.6421452743270952,0.98370985306737,-2.148500763223472,-1.7715105547408565,0.625425845511986,0.9380055245793562,-0.6037366307223103,-0.16197441967442106,0.532374041948125,-0.19504505819391377,-1.3491395295989341,0.38694496536035616,-0.6785288193885928,-0.09108854105801391,1.0229199206582131,0.6663107132742392,-1.4590426129014342,-1.7959248423798717,-0.8198989747348072,-0.31493251412247875,0.32097208117898574,1.3234123973301875,-0.3253324431919923,-1.511267572383678,1.2438918768674154,1.3119945595703326,0.9056100780194826,0.06012819437281227,-0.7055552132568071,0.0016346660766790966,-0.459522987997631,-0.2657250372189687,0.4724005122628382,-0.3736282194336603,0.5497065994478176,0.6016433846792288,0.7191705569694293,1.2501564167490573,-0.5095076066318529,0.013966886522494292,0.6131851437858844,-0.9262669524510933,0.4507496171730022,-0.981580028216206,-0.7332808106487164,-0.7710528456496902,0.36741936907216904,-0.7203307076238019,-0.7838589297280073,-0.12824684124767596,0.7349062806349679,-0.029454501005915047,-0.6813088889588798,0.7994176424749219,0.4510827013218931,0.2941139329332578,0.8920707151773657,-0.3096713371041043,0.2564502546376615,-0.0388238705804113,-0.5405395766063064,0.44190761222126546,0.2994798787830081,-0.22132536500900718,-0.03742183742336308,0.07773762385848063,1.0824790702250584,1.0483569248434226,0.43464192323482986,-0.7142827560874256,0.9972132298063154,0.08529440224356395,0.06596104687155228,1.1379668552355255,-0.46723875073989085,0.590284952037148,0.36616551624467386,-0.3846231225888048,0.9286488375345269,-0.5603500622097523,0.24060382711883674,0.21111997617861672,0.8291235756359987,-0.2660932756875406,0.12262129562352113,0.7342145429029474,0.5746561604786578,0.6698464893733366,0.3099562345322846,-0.02669833331153529,0.014694308583240528,-0.14479977799207033,-0.3748124505725572,0.10603072518581486,-0.2654792829125769,0.06566248241954371,0.6163846149989669,-0.3825747665575818,-0.5372065587542668,-0.3065842675591807,0.4956346361995917,-0.9015911745069604,0.4567785560233248,0.13878592766623454,-0.31831392349451065,-0.0013148120358640585,0.5444982667421249,0.7189396141708795,-0.5293540266910343,-0.07066290957873751,0.31585727728755747,-0.42462812826035246,-0.13168310591723895,0.09278816452110224,0.09431636218127011,-0.5818229183743638,0.22395263490633735,-0.09314769268966837,0.18203972690404216,-0.013872929607639122,-0.49432823333666576,0.3220741800921601,-0.03619019271044083,-0.2876619796835026,0.009095749969180045,0.316546984395948,0.5985510947005759,-0.06361711023862078,0.3521126268383143,-0.16812866132345883,0.3779007330994111,0.18776639939193773,-0.36680092254691926,-0.44388361851830843,-0.03296877036208905,0.02212892622901287,-0.07374631931988229,-0.0186898443913602,-0.1993983822127361,0.015503699200345875,-0.3098301403401935,0.10196108278275735,-0.2195412477568391,0.3808287885948482,-0.10562666859377001,0.09028615763578265,-0.3680697841051371,-0.06323718486309547,0.15662667764164018,-0.029068858858690226,-0.12082984654459143,-0.21914023587150228,-0.027489153970238298,-0.053495539518769585,0.11163733257699356,0.06430835312489998,0.06544461886519425,0.017761244539214065,-0.11475826566155821,0.042697347276442296,0.07883063027969366,-0.04644500128539268,0.005693298377878104,0.17868447821829855,0.09441216736508339,-0.15043591569668244,-0.07038205044467863,0.06040369537290391,-0.059597056760252294,0.004099104886632504,-0.023688714226664038,-0.007892312890110527,-0.008224966575063004,2.5646313682236065e-15
-7.421847330177681,-1.7895153632660528,-0.7007071700087906,5.501184025529026,-3.3065178519295317,0.40246843718218867,-0.8167936981131872,-2.6062057129664824,0.5873974357151097,-0.46278930132718155,-0.7326906935485966,-1.217006670013276,-0.2634113486123318,-1.387636193567352,-1.0959989273342874,-0.9235403487040057,1.3671879531311977,-0.38118268258158233,2.069295783385722,0.2896360804939651,0.7306468337888672,-0.65195842791962,0.5064608270442494,-1.7381526157846017,3.1790048645853113,1.0030769648487665,0.2602909973876988,-1.424309115818011,-0.6244305321656239,-0.14284949217542856,-0.8684108962108062,-1.026860238910811,-0.5703443225327386,0.3263737520249683,-1.2837908895444523,0.9800040721589639,-1.2614004423687621,0.17167921114647047,0.5322052650049296,-0.44714289550025693,1.22170606043427,-1.5031295461042464,0.1816295543817869,-1.7147246933151035,0.43759200419213856,1.0411387912280776,-0.6279349761267277,0.15430666102331883,-0.3909771523454418,-0.8018682108016285,0.2820280310108163,-0.0900485690275046,0.43877890161483957,0.010261911020416337,-0.48520066726083616,0.9414302120951614,-0.4685853542559799,0.8825773609644735,0.1560709505638361,0.6727598094659971,-0.4211281830763966,-0.0035754334312991867,0.7303924542005492,1.0507092978161794,0.7730153025339251,0.5476420511715038,-0.9552813164450878,-0.8007802511627462,1.0623410656987375,-0.36131679348665136,0.7005094007437883,-0.47651200779417235,-1.8902703708539506,0.4895925020295522,-0.6950633714838726,-0.02811081911254817,-0.3230969166247788,0.0357947017503782,-0.9098114547493454,0.18128178678888854,1.2495636947990416,0.0028342809194232352,0.6344598649427718,1.2672501103967417,-0.6959362995558329,0.45040551566488596,-0.12286175036616494,0.2948854033170197,0.47867951167618733,-0.05968348686833407,0.6434353893582484,-0.7619668577183346,-0.12861809114457207,-0.2137982236645679,-0.8905698262849565,-0.5376831371232957,0.3354223762942465,0.20555620946678504,-0.3575263100139495,0.36612893154004755,-0.09230830380659132,-0.33756412762598836,0.18459322711175016,-0.4679519754755503,0.18551674562790849,0.5699238220209619,-0.2113085123214609,0.8175197648663048,-0.1082166090884397,-0.2297847798788929,-0.4834321708845563,0.7495696241262976,0.1889452133168292,-0.22848562823158836,-0.3082790683921315,-0.6761362972237595,0.1833577341533984,-0.5318674815767085,0.5936893758900197,-0.023344624159895012,0.15788197740682366,-0.5238442280552167,-0.20770745789188685,0.4846662520437271,0.39923399896185136,-0.5092918232566828,-0.348665665016599,0.11614836630337498,0.08344933351848997,1.039160339744511,-0.03193279194553204,0.3868500919191325,-0.3899664640094295,-0.04468878893382597,0.3297655119110811,-0.03885277041520442,-0.17566516870142623,0.1815281728447578,-0.1746200909635692,-0.05117971498210703,0.5504381632541465,0.528391231685228,-0.5320054379702372,0.07406209347336147,-0.2724670427076992,-0.34422201675158914,0.22266215623621294,-0.07407854097165006,-0.28477350035912496,0.3782908202589116,0.18844455649917907,0.3318961984197023,-0.24991750695616613,0.0005975630458808738,-0.13831181016188848,0.2493653486055561,-0.33429340168148824,0.44686295845439694,-0.13157210841979916,-0.10284008219930728,-0.048136467333596895,-0.030686604910239113,-0.29644641467617167,0.10687954236113674,0.1604106607717256,-0.08346365324819117,-0.023873113378116987,0.02948144816646484,-0.07477420269973845,0.17651936203815513,-0.1384754413497639,0.04574274400054539,-0.11801824119078115,-0.18528222592960233,0.03383939782142518,-0.025975203447563298,-0.02083285499671305,0.3060162882342007,-0.35158083075346164,-0.21202649689366945,0.10361205986995753,-0.03699324529661254,-0.002366283687388959,0.15769774209325324,0.00810378743473139,-0.18242989472749813,-0.1572222837642098,0.11572111888311848,0.030285864866990662,-0.031577507138503595,-0.09094109136135015,-0.1666325179064647,-0.047789853147570394,-0.03182182508814082,0.036736307527637804,-0.17049381238517403,0.021758716332637425,-0.025189115834851006,-0.030940357524931357,2.564631368223607e-15
-1.2973294016678087,-0.834277313225322,0.4044585372831626,1.3793797465063198,-2.848535900087611,1.7174999207852701,-0.9319717350826584,0.33258599251373455,-0.6914041993014179,-3.1814253320934958,1.8877631738112008,3.52913211346163,1.1253883948055712,1.211234703948261,-1.5554120945204746,1.4234640738579643,1.8111825946642457,0.1047205458091611,-0.3504997531156136,1.1726096785083102,0.7933721024881035,-0.4100913331996573,0.3335775605130215,0.6352985462764645,1.0392158810831913,-0.31790164356397743,1.3535972097838223,-0.17178165135457585,-1.5188144411049909,0.001648302215803517,1.0273753348890942,0.9352057631844151,0.27799759746405756,-0.7439030630417183,0.750345606152704,1.483832210101274,-0.3887000925846715,-1.0676611537424223,1.496131744016381,-0.8195107953578892,-0.5281010846610369,-0.39143217968858324,-2.211988417248866,-1.3256983088822925,-1.3339901528725373,-0.1872664372483923,-0.733437419081236,1.0576016700795163,-0.8755920913709466,-0.5437797877350046,0.37464877176509165,1.0382618996750779,-0.5304570763966077,-0.3804810537844005,-1.0242760043564036,0.25231950333786685,-0.8219278186874025,-1.1297591898310606,-0.42030379056832035,0.848463627994967,-0.12086828838990207,-0.19017699591788328,-1.1389728904761192,-0.7747023897966555,-1.1202563318138348,0.9391880541648226,-0.1883566652983219,-0.12581785454800196,1.1911624283217952,-1.1022457024397214,1.009162879985982,0.6608244564901317,0.6399500394273573,0.565513374469778,-0.9406940705981082,-0.24731765079085444,-0.19567278528687504,-0.9085928501128608,-1.1781763668757235,-1.4619913357682814,0.018176286800416504,-1.0187516887694872,-1.2008647499114433,0.23341645034046024,0.3468583684783713,0.4936852387606766,-0.2113905580089656,1.2069418987964227,-1.4000422229612361,1.1904122948778442,-0.35500106460229475,-0.691803468844591,0.3821876543796082,0.31241126818172227,0.1996552255017095,0.9624740842040389,-0.42109279027585994,0.03273390725251484,-0.27873664848211627,0.2688626163564443,0.43524799882961124,-1.1511594343384082,0.7419832574337232,-0.45963038884091406,0.001612664639986012,0.6204963427750989,-0.7275108465340385,-1.0315029478531947,0.3348864214591129,0.2761485032608296,0.08444001879462602,-0.2527973497261975,0.6685618501083582,-0.6707488938824839,-0.03265219554682547,0.22375028432241295,-0.42606389183271454,0.4711057700058803,-0.4437951581676675,1.1784824967093028,0.22943063039364578,0.0740207245060241,-0.8601159751434522,0.08702024399110221,-0.02695511245717992,0.10776039094418732,0.5841240329775986,0.2594246130235352,0.11529921713040611,-0.10583597333595988,0.03595134332836111,0.03380020229791762,-0.36151602895874707,0.32710863446398214,-0.294420812317394,0.6567393886424316,-0.282503789539003,-0.2596616698347699,0.5574111159178501,0.02929811868087351,-0.39434504084873934,0.14501288642277807,-0.19896856426955398,-0.5176435150307827,0.33126279952485616,0.05871950345134139,0.11615448119193723,-0.04190463840342645,0.14488625492290827,-0.415527881370542,0.1021242802445022,0.4734577463109986,0.26772450458657676,-0.13695672427122715,-0.5695622893370709,-0.01424904596372522,0.18672734420919065,-0.2076181021550427,0.1515060753227364,-0.10401345689831279,0.02395756768830102,0.07721301278293195,0.081988820679297,0.047206983472920676,-0.02968377251657312,-0.06474907945062283,-0.16598673309734213,0.015398473444556608,0.059945341183384813,-0.11771528655088875,0.001955466138282512,-0.11370796068104709,-0.24271853528139664,0.15417969762246708,-0.07225159720988657,0.1727835830784495,0.15810281814265698,-0.05386975992736669,0.07160449375295098,-0.047966516256146036,-0.24278261870744483,-0.19579035109055182,-0.2108838853062702,0.018111482606855148,-0.00790370326675914,0.1003762424170582,-0.14505853834023577,0.014368968170680955,-0.17758622218369838,-0.03535271173513466,-0.06972910725731368,-0.026198344753848083,-0.04570512482190607,0.0744948388460363,-0.035220735928491065,-0.07785388514722663,0.016117979758135056,0.007525074869895422,-0.023590250104295062,2.564631368223613e-15
2.1038831511320772,-6.994559470730346,-0.6936446516715422,-1.6752533569031471,-1.2211322307207837,2.426084292407265,-1.1738569578147808,2.407199407069158,0.0468916550192004,-1.2983726885088396,-1.2617519077929338,0.4810818250437518,-0.42479373313842916,-0.00584974815234317,3.5685214663471596,-0.6807520781051024,0.22619234247753436,-0.9865163788625025,-2.1038962149989393,1.3837300462201887,1.576865164080904,-1.0311197930830454,0.44471884278744767,-0.1384711079868112,1.5480811431805683,-0.8248026846483674,0.7736215681993985,-0.3804194452878814,0.9967911758736198,0.3471786816459767,1.6292743881925198,0.9358059855815004,0.08414166286674832,0.44373725677454184,1.577956449359981,-0.6571510750179658,1.373876403819349,0.5759631422078383,1.0072372193617172,0.38004796519512046,-0.9357948185041236,-0.27547123697432274,-0.1102208012812636,-1.454840962087259,0.04550687543994099,0.35689465449901114,-1.1651625731064086,0.6193011640520192,0.3922991029642526,-0.2049925820023619,-0.9964010784705798,-0.7526024792586644,0.26358690516926564,-0.09987156165754026,0.06630618513462033,-0.07061644553768226,-0.13674599557277306,-1.009287892161951,0.6793760335036354,-0.8107516314958428,-0.40814725040898264,0.196103918515335,-0.19169076024611575,0.024669231277639276,-0.1854818575587413,0.8479766628906249,-0.5011316390514193,-0.4509494224655794,-0.8715995834456924,0.365327848236454,-1.186883028972656,0.911490633862744,-1.1363575649175122,0.898070330378982,0.1613871717415331,-0.020438165708150456,-0.8243519949511338,0.047803564746878704,-0.35175435371408903,-0.2861002663017997,0.08463844289935667,1.102337179114624,-0.13532358207966153,0.46248378153710157,0.036214269087606055,-0.9834779011458981,-1.3403546020240378,0.5508289961142493,-0.022646114953656656,-0.5014869124562219,0.5806130758021499,-0.7278536270781617,-0.4782294907511326,-0.44752641110358077,0.8057762629880914,0.5475368539762386,-0.23749027892094762,-0.061723010689207526,0.14031156176908124,0.639225982602495,-0.2917378953605513,0.6841838932521593,-0.5417913004269715,0.19381672795542468,-0.6286802182629401,-0.29635506078888224,0.469024028476335,0.4439681354593036,0.5866742695337759,0.6359203131212265,-0.735203171595659,0.46636750794973697,0.15519338713164824,-0.7131016268608968,0.48731428442481856,-0.35004621145404025,-0.409394544276344,0.22707260402195034,-0.31516589857831384,-0.5061900422609199,0.012513425529219803,0.4974026403112384,0.652642230332662,-0.018612096337512218,-0.01215933756412732,-0.9130777224886646,0.22190033443741425,-0.6864940329664281,0.4892956105254279,-0.012120528381012331,0.326621605261035,0.23388642494411055,-0.4974981306207682,0.326216540028481,-0.57815355702467,-0.1119686846393314,0.150505357072572,0.12309911863478445,0.2598108665800811,-0.3981568364618572,0.17952235309145237,0.31371726201089295,-0.4997262978066019,-0.6330533000442339,-0.11043697933629716,-0.13178217619511018,-0.49602396531303417,-0.15618327252803735,-0.2824014564497004,-0.18822544072623607,0.22541827982058807,-0.26659851592210737,-0.2555196388579476,-0.2566624191672073,0.01951859976646189,-0.19285356645949686,-0.2895335051684164,-0.05866197667981914,0.09423170675735645,-0.1697455141623296,0.1414973970546478,-0.07966488153628679,0.21140038381762444,-0.418154209084842,-0.03345468192497819,0.11363804033549241,0.051122552022592624,0.10873231179468676,-0.3218019304991907,0.04956493557559359,0.35251708709046525,0.1887527904696573,0.5087056195867886,-0.026503852209020372,0.015908796600211227,-0.0671684836778698,-0.02751114829982668,0.33536505753834683,0.1959481662669272,-0.04069731446318173,-0.07435680370274907,-0.10098221528278162,-0.05020041199115479,-0.14452145727082585,-0.06884093531977209,0.04345037096286026,-0.11724230200562091,-0.21830853657301796,-0.05579630910137003,0.19034546999800372,0.041910510501045065,0.007112634945441954,0.06678361612213099,-0.08443391496839905,-0.05025465245997168,-0.039167482168553445,0.04594836633472653,-0.0028984530297949027,-0.01841745532152814,2.5646313682235935e-15
2.4274976514375095,-5.16301934833003,-4.625213458250636,-4.899870101033512,-0.9079873537044902,2.0483477433248143,-0.839870911011938,2.3622780583252236,0.603464171330595,-2.3329132879191947,1.2108119495007257,-0.30074388224743775,-0.08848050746090412,2.4443471178505107,-1.757512069524641,1.210576156832309,-2.88250292851672,-0.19390324934238923,1.8187946856726862,-3.428380316718496,0.129876203682846,1.717008713816153,0.43513266353197194,0.9509879003571055,0.48586567536577313,0.8268816499586727,-0.8983049523106483,-0.24069401817992175,2.9318154150682707,-1.5074785715684311,-1.76840489224045,-0.915706981569994,0.5374157676343493,1.6343369164739818,-1.8559125036984678,0.1586995050754099,0.12103626953108704,0.09782281171418918,-0.5071071581717912,-0.8575422939202614,0.9702804145230901,0.3601127128342097,-1.344072610321726,0.952272803490427,1.963235958273826,0.740587356716366,-2.178271177793016,-0.2082198747629426,0.07646239572742382,0.9836239019249148,1.3296123268942284,1.075070320437516,1.4897821071247273,1.3839798495020494,-0.6439169567771287,-0.10467868617960671,1.4072578297551597,0.09063824930585837,-0.9676530294358949,-2.645063868154839,0.9024041583292122,-0.13239549193474598,-0.4913405624630454,1.4797263532109632,-1.5683702465866804,0.5868715063167657,-0.23874999148791792,0.5143086211482756,-1.68904822589755,0.7356009003876145,0.7710337663677015,-0.5780469098691541,-0.14033192790208487,1.1890029648224623,-1.5167735448168795,-0.7602982758369637,0.42389697811611476,-0.19575003356065598,-0.5484778635891553,0.33117797617898664,0.4417505329495961,0.32826801927160626,0.7023870510638098,0.2551938072277807,0.6550567966067645,-0.01938662023234989,-1.1741640693986308,-0.6605119842880888,0.7516222398137175,0.3040139839561899,-0.7167218828126186,0.13128746965288085,0.2588390444007283,0.14072761057495606,1.0233588162747123,0.9828885951060872,0.6479605448432708,-0.6279020579457126,-0.03769222493645456,0.0174297531804073,-0.6259621345265594,-0.8988415936744815,0.3318623819318352,0.1971621214112705,-0.44214509943278235,0.35519172069634125,0.009220714731797808,-0.9705590044518375,-0.0863959766068213,0.08468677219539389,-1.3035182188944006,-0.3885729996039941,0.351967947630597,-0.3065830940844717,-0.21699683888112284,-0.3368928580608595,-0.5170319932514208,-0.07040234585300231,-0.004904513857447965,-0.3097752275884967,-0.24480439171903323,0.2160175827961123,-0.819995065193946,-0.5985272837995573,-0.1061723215429631,-0.5878173481571485,-0.5914727691743737,-0.3728090866438215,-0.06636583865084056,-0.42724301327561376,-0.759330814100751,0.44144344157959164,-0.34356039902864416,-0.13672146123350956,-0.6043550601085413,0.10218734795397233,-0.22200453228503902,-0.04333626134391871,-0.15402022145392683,0.6148595345034515,-0.41106925248633025,0.08194255387017424,0.2836520991190615,0.5766839946388786,-0.13276731801880212,0.025036598769026752,0.616551723263076,0.19391953990040842,0.15425854481553838,-0.40003735905662524,0.02495631861575869,0.19165372473282744,-0.12789016964134245,-0.3314432941814895,-0.10345886356107303,-0.23789908254145647,-0.11106669838166702,-0.07854586077371388,-0.10995213014944973,0.05519983894580596,-0.10843840445121997,-0.10672086258856381,-0.33767380052098667,0.0068328100245194055,-0.04965333327956988,0.07090884051276614,-0.14036497451080343,-0.17067213865160602,0.10035728211750762,0.10001718428751546,0.14258368677092337,-0.08472432138151181,0.07992664852318634,-0.15556661125086416,0.1769731303285126,-0.05232883682352586,-0.08678274239871366,0.09420349881256798,-0.04704617968435586,-0.14480226535947843,-0.0070694755520654675,0.05187683152817375,-0.013607132834023454,-0.055238879675128416,0.03704314283459772,-0.026232696300407934,0.06710199316120277,0.03091620341618603,-0.002690884615295403,0.01343206609583588,-0.06809084294696884,0.037751939816491845,-0.017704950717644365,-0.04229393347529457,-0.023774040058390584,0.01526669473821793,-0.031052830128655964,0.0029845250560571516,0.03241208837279739,2.5646313682235907e-15
-2.809592789727373,1.9591088068068105,-2.2066977837138686,-3.5728611656070624,0.5206439801401901,-1.9668243681926398,-1.0784946195271514,-2.411199624304162,0.32152862909357227,-0.6968024046486788,1.5588686167320496,-0.6198984573418378,0.1667824444984976,-0.7791085449793497,-1.5319343947252038,-0.7120122451607106,0.08850600046364171,0.385519159744997,-0.49414582451686484,-0.6347611020965969,-0.07931607444241985,-0.8089762374563153,1.3074370635337407,2.24268871476217,-0.6479885875520669,-0.1708912732894633,0.7394344803714685,-0.05723524195469651,-1.6966369646724204,-0.05757433207718936,3.0259396303263624,0.7129286405187379,-1.028225110898822,-0.13115422018728445,-0.025621842355414086,0.3550168743010067,-0.21832544090861286,1.693407443834886,0.2638201586390328,-0.15509864658191985,-0.1147572434112751,0.4544363840035817,-0.42262569531186767,0.8237251892589817,0.9787750844787364,-1.041030356915602,1.2951177423621076,0.5274522865203782,-0.019326234898374667,1.0925857589391343,-0.5655763664358057,0.6176885156195302,0.714621095358502,0.39646576639562864,1.0157355253673839,-0.1995530619862531,-0.2618947065093771,-0.2763773428141832,-0.46055759282793024,-0.5277391144543955,0.15817505463464157,0.3499812223507565,-0.5155254881183021,1.0391060549446758,-0.002842380698212508,0.26884744320814025,-1.0273544235012553,1.0390294867229086,0.9629741054491141,-0.1904508257596426,-0.18746234995433425,1.179687996487774,-0.9497463481707309,0.9090402515529561,0.6113555501475229,-0.09193979027733833,0.39810833607698753,-0.8242864783421309,0.16325360428442096,0.52927582892988,0.7392503454868814,-1.7535958583531057,0.21908418363794668,0.2593580528540903,0.5125395049661762,-1.9920416865625505,-0.3061266067800913,-0.7162129485264999,1.0408931949580615,-1.147627728718193,1.1055293072841264,0.26836164368041615,0.13261894631415844,-0.528756407931239,1.4633208205762225,0.4419529428725055,1.8273860263083812,0.16395282658821902,0.42908983946812607,-0.8085177976994726,0.15585044743611481,0.03469403706651304,0.9021503936881937,-0.8464506797959712,0.09038734862465919,0.1792330022904784,-0.1356231656267772,0.1004127659103826,0.8760079120258242,0.010835164870110804,-0.07780180832692869,-0.24596294925282294,-0.905150301089612,-0.7163456809028581,0.25767080235593237,0.7293353096936861,0.5762109542011585,-0.4940823173811063,-0.7721598907002176,-0.07620125654017745,0.05189839546265337,0.5422923047121083,0.41446854446734427,-0.7503509135554001,-0.210643987340602,0.1295221167826508,0.14977087416083637,0.004740303484238741,0.20554441444363394,0.031600568845365176,0.7681620318468969,0.02742619075773626,0.6545508683813797,-0.28262755101369036,0.23037016552014264,0.01659412850705531,-0.862406124591992,0.12450713343759444,0.7464675418807547,0.054115012365532934,0.2188944911315982,-0.008844067261537292,-0.4013838889074942,-0.036673053585344104,-0.2044435031024165,0.2553093412460765,-0.022977640867963063,0.3845813477277127,-0.03723335605913968,0.10176856520646138,-0.17829256047979847,0.05472094716543198,0.15433834533554255,0.525540277190323,0.24177252938292837,0.05815572814579326,-0.15090882227415822,0.170104526817019,0.05173023655059377,0.08164167374396063,-0.11281229673301375,-0.4978944878894322,0.1828222952680929,0.33694487245165594,-0.04442039967183237,-0.12185607618538175,-0.08044296113578286,-0.2027823578390041,0.19874515618703378,0.23163656672808933,0.23059657632708677,-0.0749494054401725,0.08773729099774878,-0.118432681624356,-0.2137302007988423,-0.04386213403208034,0.07944195923193008,0.12038767903634533,0.09565375121972468,-0.020683518357291066,-0.03517550652174262,-0.16841766669372704,0.10426392458910683,0.004894554836035803,0.06473155472166996,0.04202826495439349,-0.08251363549866192,0.2335599902129118,-0.03597141325696109,-0.03620371738600473,-0.019719442929865553,-0.06426833513797764,-0.07669456571111039,0.02771290963206335,0.005551245112805392,0.03445610119430601,0.024557249667863552,-0.003877574055664035,0.01440609821446421,2.5646313682236057e-15
-1.6785764308947704,-2.687158635465789,0.687765561932413,0.43970469546936125,-0.6909762647225661,-1.7758359362054534,0.6782612167526552,-1.7114868563553078,-0.6617269793833603,-1.3305074355279618,-0.949557862221461,3.7760837203307784,-0.2037123586792413,0.4516612110136068,-0.5066929741876619,0.8118338212172451,-0.45127431392670686,-1.119558066747563,-0.3973146591670731,-1.5505014654026081,0.0036522165803143615,0.43435347958662857,-0.11724036198913995,0.48979384395941533,-0.47516718643226236,0.09469343871784858,-2.0136737119249237,1.2167724972770306,0.5976090922696907,-0.08872244918900536,-0.47622509114659245,-0.365193001861958,0.8274073419084765,-0.45655471395925423,-0.3459119899130938,0.6591345195715428,-2.018362709334087,-0.904127957798993,0.7420849357715186,1.4072694793381415,0.6703993334362637,-0.7981880373868361,0.2979812865647381,-0.19675952229680824,0.7362587650434264,-1.621647344287625,-0.9282275577638232,-0.8866611690324291,-0.10653683088920231,-0.21682462326278193,0.2732205586640886,0.3092268459962418,0.42865957941286376,-1.576353317422265,1.0367199388114274,0.4292314346924735,-0.4028153998446499,1.0657381428682864,1.6514264881318654,0.8304297212549809,0.11892758370820612,-0.3494668853568547,1.1821054804812727,-0.03663271528884163,0.8998965633690624,-0.37686803043996525,0.8976908560229605,0.7648379516080099,-0.042892438053506725,0.37544980384756504,-0.7710622973863333,0.1266083201010681,-0.03930708426671882,-0.32135372535551565,-0.340046708262379,0.35178919002743564,0.08742442553739635,0.4819763996433507,0.2542786049550729,0.33183261459992164,-0.7774494140472739,-0.7066027794009657,-0.3936694392655218,0.044764781981322846,0.6194296942134172,-0.7973188615625382,-0.4617116705505261,0.7447186506332848,0.7060091189042319,-0.5425744401793757,0.11413032696046789,-0.5541631858893119,-1.1110665261850057,0.32453053752676847,1.2258053534051392,-0.04221190104589756,0.1079318671395948,0.016800321679082374,0.5708736711780105,-0.47652069864976687,1.1148251170628067,0.18009742413451146,-0.5198127013511182,-0.20741192204750541,1.0852087864474809,-0.14553953697996705,0.2726414256409737,0.006768401344738256,0.05151743576989011,1.2644470123156886,0.1993384221162162,0.8033670254392408,-0.8168641876728875,0.7344006936097282,-0.15111258573642744,0.1933915904752686,0.12575855827268462,1.1343890624251949,-0.53069747007693,0.060856227442011614,-1.1684387752897345,0.549022853395524,-0.5297323637434485,-0.09774816845287007,-0.6075546942038431,-0.5099942390238305,0.012255658609466043,0.5528990605046645,0.8350164530082129,-0.21782996506952634,-0.3728024837744946,-0.5590641308234102,-0.23551288323879951,-0.043823830320874675,-0.028673253172175797,-0.0589715809472052,-0.5401993392899586,-0.05796086726680571,-0.47461109634367754,0.09565336950819205,-0.6035905710059504,-0.17083379233997967,0.20321943826050826,0.7253742336187665,0.02277220605911596,-0.41093514091985117,0.14890640329906993,-0.23908480611168798,0.06401520748676623,0.0022237685558127687,0.6606208619594509,-0.16650009582148131,-0.35140499820227084,0.07432570423489991,0.25206200831366554,0.45599539085802737,0.03580750732739688,-0.008481463252470614,0.08018012776758864,-0.28515511551514094,-0.44368885745169856,0.08003559089855802,-0.30495869562392947,0.3671468273129206,0.06688944540589077,0.16664443567632728,-0.018072354915012682,-0.06160460867673435,-0.11280487637701482,0.012194384268263192,-0.12504235814992995,-0.07056798671556137,-0.24353649151440393,0.27554651105086175,-0.022497472654135715,-0.03573592564222921,0.15909221895907344,0.08618468546780371,0.08172965101415737,0.025304164389055903,0.10556968425836316,-0.17151763258882385,-0.05109234269687662,-0.002147420213370461,0.02590240854713137,0.10263092419765532,-0.06732653008270009,-0.05360091039223188,-0.05769510436547739,0.050564985833618896,0.010476178428484112,-0.019046116289128577,0.09213459714262107,-0.12544149239192087,0.026263943687037737,-0.07621472390844708,0.08357988737726806,-0.013594136743800694,0.0052668185282435335,2.5646313682235836e-15
-2.3052304538843593,0.20101726092068373,0.07597945965377195,3.75248323774825,-3.3941373101932952,-0.47389186548860657,-0.7129124573913734,-1.5432234425449334,0.9603601286075177,-0.7161337077820197,2.3147870500092194,0.7006065085869361,-2.349163806105524,-0.3679508450943812,-1.0494275034578757,-0.08647666477664027,-0.07461757109462859,-0.6397160178299075,2.4752663943227917,-0.235762161772191,-0.4365400295231934,-0.8636236043852051,-0.1049766408260264,2.6718086821440203,-1.3580636002044457,2.3343277720019673,1.321811804952148,-1.3978624608539196,-2.3922251733813673,-2.0216404929061014,-2.4371919132065227,1.010219684352527,0.06003529654340914,0.6252224642093075,-0.28261560707832833,-1.6618285657915177,-0.9444763076284511,-0.4845529808556647,-0.03700138609383792,1.0791427884926217,0.9958305170191333,-0.7560656452805805,0.026965375503841642,-0.9020915790388109,-1.5807509391404546,-0.23948531971721823,1.4841033327947295,0.147366292872475,0.011955928482840767,1.38486728287802,-1.9269781412542355,0.9122351026132215,-0.8864876563110865,0.1149749979638264,-0.9249168998008006,0.9080928662451406,0.37022954363815824,-0.21672416954807333,2.2620664849017706,0.3780042962624047,-1.0419756272486895,0.2859876510328878,-0.25481980158039746,0.38433459559009897,1.2419233938246714,0.33826793176051106,-0.6121304629994726,-0.31211565255849677,0.2238530805470289,0.8462863346745884,-0.4650243589807048,-0.32245958387561796,-0.6108025501209499,-0.09578485468059958,0.37376480798877115,0.12331163192383225,-0.9100167922907162,1.3668369911209926,-1.46999167012209,0.015892288821873973,1.6021792675639985,-0.2818314468900734,0.4844619892613698,0.5590775496246355,1.000150120306805,-0.9641322267826206,-0.48459793905623255,-0.9285441595303473,0.4542623483151866,0.3357257369573454,1.0647299817395048,0.36521151418385017,-0.13450591331388007,0.5659884331564969,-0.7865910442215291,1.090114360854817,-0.7646774015641888,-0.2375808751898883,-0.03242176263851582,-0.020813425581367808,0.40634609726309345,-0.09718083240958496,0.7381871596994775,0.3097701726762791,-0.8115027799917323,-0.07181867882542077,-0.18493675627823275,0.0026861810002784857,-0.4034828482257167,-0.4068325287786026,-0.2620732206130072,-0.14838164319603905,0.39588811970571847,0.9943550341781844,0.0007070011810497273,-0.5035150027372062,0.470471934290112,-0.1458852279192217,-0.3231885787795596,0.41359228627337463,0.25180056434609077,0.9657715334117525,0.008861427749729981,-0.19051204168233074,0.3373823581368354,0.7228477510640317,-0.3120244633228271,-0.1305536832748408,0.30131001313656486,-0.4154399615485496,0.03275801379134481,-0.3623244370107124,0.5944501969247599,0.12361569051937298,-0.20820254682685624,0.144714077516311,0.4083164940025864,0.5247956267183929,0.07791213697951807,-0.19000344628112426,0.5672987069475036,-0.07118483212386571,0.0893545369924168,0.47502683109177424,0.19516876901294158,0.09592243270923367,-0.3164959271893264,0.19053729776459907,0.24118293251211495,-0.3472958192080213,0.016337139550195046,0.10524336255003669,-0.039392474470631635,-0.29471725303766316,-0.022456140331643826,-0.04337113169286209,-0.1203543357975055,0.09477680321934231,-0.5232858450809847,-0.01884804405806454,0.04095435955757316,-0.02412211115536775,-0.16151541535684308,-0.049985576817848175,0.152798179774327,-0.045948738322276896,0.3778923052892517,-0.16719422414375468,0.0735361594429788,-0.09106288905854429,0.23622113165782355,-0.07711488960411768,0.014477870009995588,0.2085780861038627,-0.07083280657738997,0.018137251495785968,0.012778921397540706,-0.07939060662526004,0.11442436133292926,-0.025840375054179653,-0.19643395373585526,0.05911458799723845,-0.14640519970417482,0.006370093672278193,-0.08182663782105266,0.03593884532316726,0.14766478767533298,-0.006177898981882133,0.030937026057238925,0.01978152348906003,-0.14463706589544414,-0.01613671944603627,0.24695361540568833,-0.0006143151934182831,-0.0069186104553145104,-0.022722361462852825,0.015420402462815693,-0.004186459573689644,0.019255372092061643,2.564631368223588e-15
-1.9207402032441385,1.0822439092141454,0.49090076339870387,1.9406694326441163,-1.9773660487308207,-3.137012559288355,-0.6987243861565573,2.988355791060655,-0.39122375439597684,-1.2012283459527275,-0.03158615621737959,0.6635383148453261,1.5204007086883078,-2.3225770992680124,-1.0880351044929657,0.15281375784993503,1.167967180313619,2.8191123051284794,-3.033926317790723,3.2238712311973217,1.7798578585070177,0.903701190065226,1.5462016898347126,-0.5499512827072316,-0.8242988831215896,-0.576456929451,0.6183125235118613,-1.8080584520174587,0.02366468365403295,-1.302576779649681,-0.4004138940231275,-0.6878040298538012,0.583529471771184,-0.7287233889814028,-0.832927000920273,-1.1089497308677536,-0.18458666022974438,-1.6433211862564192,1.044064623954062,-2.6862530035769923,-0.574475832042584,1.8669383667537296,-0.7529550637223505,1.4069686502025727,0.12932264153157358,-0.13865285841216948,-0.5864544502628872,-0.29663253743900125,0.41011907992207236,-1.9212858596688471,0.5916722340716988,-1.6049860728747933,-1.1761644034562238,-0.11214332875605205,-0.5560185487263084,0.42489284325157384,-0.22782595965688587,0.41933042783590274,0.8143667270074519,-0.9176600142588388,-1.635781240660468,1.878302637738517,-0.44943537251843385,-0.5105741211367291,-0.2647735729236512,0.11408125085219104,-0.0005490096983663993,1.5240970521282295,1.5736968607450585,-1.1948193455782838,1.4916616679206718,1.053735984296871,1.6531806315265307,0.3808375079248242,-0.7531668497731105,-0.3610121709450505,0.7165268786725442,0.43543708404037595,0.1577543525327434,-0.11982133406939569,0.8241662703011653,-0.10515687087258335,0.6116550050530549,-1.1223570097652886,-0.6316069854085193,-0.7765003484531202,0.3412817053005265,0.49231977462388465,0.6807961994075853,0.3080042153081059,-0.04990133810775095,0.035621750783208964,0.5667900657281422,-0.845885720692854,-0.3470818435413638,0.2913111333669478,-0.2667533182850397,-0.0035020070199455458,-0.12837494416993955,-0.07322739849341749,0.5867029205457394,-0.24486115903191893,0.030261882379626886,0.09676283251119346,-0.016087929601231968,-0.09460872802291463,0.11670960797153257,0.20500916822274814,0.12577024087634633,-0.7280260107015744,0.48272090115091426,0.21141775896029574,-0.6454634960789469,-0.44298129274622844,0.5722727947993818,0.31701486714888827,-0.47562834070798365,0.5162467926841706,0.26230861808939526,-0.2064581906598271,0.4585286308883529,0.2289234356994856,0.2824393317135771,-0.3605226444970607,-0.4987864662379913,0.4027802589289208,-0.2034563655540855,0.06428805729992143,0.024033396084762966,0.21442948155731484,0.08687865957563927,0.25549550611193594,-0.6679527156680657,0.3426865114004024,-0.22576406568945467,0.33186851612791823,0.27215919888131146,0.057500162145086,-0.1400941538717875,-0.03664774644294842,-0.2814693051530905,0.16747227569405024,-0.19476470063154175,0.3717196125225184,0.03973603944554587,-0.12626735198851466,-0.15757117251902472,0.5094737874430949,0.7449693823608995,-0.12464738094623566,-0.014874984984834161,-0.4887560270165964,-0.05669200912768539,-0.5102331090797737,0.13078027043541415,0.3826215310398185,-0.050663543037605244,0.3149335706917609,0.11234211466006934,0.22159632482828273,-0.20728743501092833,0.1146529584882122,0.13281463428000476,0.14176466981851116,0.01791906082650636,-0.30040481655902784,-0.10582296206644795,-0.10332470860232212,-0.41185277322595076,-0.0639777708869334,-0.005922325242818893,0.06608669270580965,0.0330708039325412,-0.08218759974921888,0.1608536413040075,-0.057794343333512056,0.16378060881547352,0.05984983586444038,-0.05231641720877925,-0.007322046210702493,0.0963211905859105,0.007223696787578358,0.047343694024538835,-0.032432250037463285,0.0015065853014799284,-0.20496320471920107,0.027246484191120232,0.09171728419504244,0.12312993858328375,0.08880383618749667,-0.07893926552739472,0.008082563453965599,0.09118556267459545,-0.055655434986901765,-0.06437066435084529,0.04246671214846013,0.043971237149423505,-0.014072369744664286,0.09877490485950573,2.5646313682235682e-15
-2.836628136497862,4.620735267835926,-5.390478138219513,-1.2722035711643358,-2.572680262868652,-0.9558672249272129,-1.9236051192037256,0.13181288552082232,1.0358925631086884,3.538769719006501,-2.9831558480524794,-2.8523033712238703,-1.2102819664996542,1.56403317244915,2.4360615810737567,-0.5679103708175335,-0.44393306722595866,2.363774403816431,-0.34764543995920016,2.5576502561339907,-0.9995410682940976,0.6190902553282236,0.053178039468295316,-1.7035734653744525,0.9892823203722266,-1.5305383419184586,-1.629749314186764,-2.1960578353935527,-1.1604104152878387,2.4020871327497715,0.7780903841577764,-1.2115310291748853,0.655544358852842,-0.19754001151351944,0.25482171722825503,1.7620571245675687,-2.773471374467186,0.9793736521529854,-2.1861906531276687,-0.30202356136104236,-0.10200558463151035,-0.6256225512921564,-0.6972948084606093,-1.1720180430444016,0.18883214315152577,1.329811765041981,1.9091889058278084,1.0052801355751448,-0.6172020175151511,-0.5749787655886703,0.005144839798859038,-0.6370568468817904,0.7824289433601508,1.1683249631033041,0.009968095427910903,-0.6812401373565528,-1.43008853535457,0.39638187655544854,0.90982510754994,-1.4643282663349875,-1.1295611559302323,-0.6573547753950718,-1.3240812860990108,1.1000721862219125,0.05269752388132822,-1.4132011089962893,-0.8531547651020701,-0.1480968177403212,0.355526413960028,-0.1873843075662994,0.6933214315686919,-1.8660448321600696,0.39532914807244973,-0.9095383732117,0.9376084943049678,0.6696635675195309,0.2937022585212414,-1.0674113806482344,-0.32446739781543177,1.0130490012688307,0.5281383056730807,2.1302810500828557,-0.5296680460081822,0.7292636391919988,-0.7508965357334142,-0.5911737344915609,1.0657006832476337,-0.28632303498652983,0.16193822584392545,0.06295119496576683,-1.1148813453689497,-0.33224936027456964,-0.9539210119286008,0.29603287718029675,0.6388504888200868,1.1857665509142563,-0.17226177638201837,0.07099214242974163,0.22081514028222543,-0.0004875258887927911,0.42766058210792895,-1.4016077398645135,0.11868433924339368,-0.22699107666749702,-0.39119667802571634,0.35341097413389444,0.04829324665248378,-0.2816916387890973,0.39833933250295694,1.120161698665805,0.04170993645691124,-0.33551756217382106,0.340994135654654,0.22309188443335273,-0.7817335319793293,-0.028086551503180023,-0.3216870107550851,0.13687259398881788,-0.04129536657469397,-0.5741158313759887,-0.7380123561563049,-0.4396972861080857,-0.40412194172809157,0.4758404725181199,-0.17569374597156798,0.688945140772022,-0.2294892630429439,0.5314597789410979,0.2621104511604186,-0.6462099420306946,0.09938622119708157,-0.2727850104500144,0.5695014044965663,0.13718377961684686,-0.37029036484472116,0.19931297084853522,0.31741769364223954,-0.18608184916359732,0.21435234592835498,0.247128801465217,-0.31090799974505867,-0.4994273005852445,-0.09856839472584768,-0.3063831959754727,0.01407687488237369,-0.20468067201746754,-0.06365181273360938,-0.3674426041875085,-0.13931739318756547,0.2417918042813429,0.17834261209138005,0.0009389338070007492,0.24011812537417865,-0.18607556539949724,0.13693422824554152,0.035129736283811525,-0.1722897616318743,0.3966577441384359,0.08425181668373297,0.06489813768836677,0.09865271838357201,-0.049811687945792646,0.1595979295049512,0.09652289434897683,0.01888646793130235,-0.13259952183211926,0.09219206369911154,-0.33398626072636717,-0.10004099276446178,-0.15598660096240552,0.1821834064871747,-0.06508623670288359,-0.013945165116114752,-0.12393436333660461,-0.042991105197841314,-0.0727437104027574,-0.006370212815273791,0.07367820211824944,0.2223621184984743,-0.11075634656865076,-0.05807554000617934,0.0682486129090387,-0.07332193642902624,0.04901493770817642,0.09196686189109347,-0.07724401857051759,-0.09871482187151412,-0.013326136114720648,0.06300669663715686,-0.06642404944242285,0.02278529790987329,0.07023015770919379,0.041638009563190234,-0.01798000809130344,0.007079687324045648,0.018307882031675382,0.04279682599715022,-0.03327052715747428,0.009177027460597476,2.5646313682235923e-15
-1.7482977795308925,-2.9207681749069097,-1.5822182959324889,5.245406675871573,-4.558576021211711,4.168096937210956,-1.3786431761637814,-2.078003873296073,0.37357418693284156,-0.9966736470429838,-0.7667491812960552,0.4798421783904681,-3.447021099123068,0.5468813246206873,-2.380517735350618,1.590050290054243,0.4763466354622296,-0.09282601034834527,-0.5474759294926361,0.8308031933081125,-2.2090886013634017,-0.7173860747941134,-1.3403562413793209,2.7047735578075858,-0.8670267022873048,2.8653431442569373,-0.11183632631068251,-0.27043935883100895,0.07143652888600206,-1.0858746364379877,-2.817897967128818,0.024145698934962344,-0.26384448457618204,-0.11607312201528883,1.1725479953008766,-1.6186491343203644,2.0985906403519365,-0.09199915265800654,0.1934914914007902,-0.1746046535295185,-1.3019308958180211,-0.0479757811407249,-0.6587627524682453,-0.923409655825617,-0.03616155212357599,2.3035887970391995,0.40295176833460183,-0.8747092130966744,-1.511095528109438,1.9124790685465254,-1.1800760330966042,0.29505143018078583,-1.7663471922245928,-0.09853090463087541,-0.011072074921798354,-0.3325320655892838,-0.1969792312289879,-1.5169068553012222,-1.492584307799929,-1.7148619760105848,0.06223358389080602,0.3641410293250387,1.2596683048900104,-1.4157466206990639,-1.080319782389159,-0.14394396699869774,1.9127724622180786,-2.445776841694812,0.0874401707616687,-0.12424724831813472,0.6108246331965518,0.36799326083625017,-0.4257173655614889,-0.6660691498411897,1.2706303508786032,0.7256712968586547,0.23252788551310016,-0.2876211325337702,0.7019640652363076,-0.03826792317284464,1.8132229553988541,0.8381789450252025,-0.3771706275293968,0.3135918033104014,0.7589342390547287,-0.4750187758794425,-0.023491097213731157,0.43432786463020473,0.508072966863162,-0.8275116194485226,0.04421874420883475,0.08974071591958589,-0.5041346981513741,-0.32579603806400237,1.1731507078557701,-0.14325048867034504,-0.8733493857326738,-0.12393281509322777,-1.0867410446340828,0.347740649134748,1.1180215331878265,0.37967357697693965,0.8404518948966795,-0.2764290179643146,0.030493143946135205,-0.003530488832519596,0.8093129639561786,-1.1298725026956953,0.47289461677691325,-0.20711523361138906,0.6010965151027351,-0.3281268567347296,-0.4459502750382068,0.3935809596958468,-0.061334539875539766,0.610680882857165,0.04810850066542061,-0.07545236832568367,0.3158347059065996,0.19415061408941492,0.002682643291890931,-1.0706779064331906,-0.29655625850087886,-0.5280379445097665,-0.2779002308042642,-0.27150382650966326,0.6095552232484028,0.2112317837994775,0.024903147021412914,-0.19155774650905005,0.49673606872525844,0.7550758097279,-0.03651830984696341,0.7012950915112262,0.6022966741417896,0.17786830942421064,-0.0033285315279371636,0.5876135277401973,-0.12014204538966307,0.6698245479880536,-0.07620189032141834,-0.3181026022050647,0.19204813818860691,-0.1968315497335628,-0.06294151475809998,-0.35577805883206987,0.22053189362010317,-0.12083335875194268,-0.1366992335984912,0.1846802982598393,0.2891256518449724,-0.3317497969804194,-0.21900363724309002,-0.11779817162353162,0.010646898960886287,-0.26768939546573645,-0.2325842670057278,0.2022375328575045,-0.03266542486398719,-0.09602021354528906,-0.38659528448112795,0.09712007906875948,0.0924252770877483,-0.019433067014666752,0.05346129899838072,-0.08299533332305352,-0.14602651009220569,0.0303885979034718,0.04584795835594914,-0.030324266174092375,-0.1502703709520696,0.13694102521354998,0.07902806858051731,-0.054211319735988146,-0.01893156475231044,0.06345825318226504,-0.016179322030685946,-0.021142629378392112,-0.058633380598983986,-0.03005374020289963,0.07049953250833808,-0.031359991865192366,0.12284783888991152,-0.044607605408388804,0.04425981577674659,-0.006191993035363409,0.001437423737102731,0.011539344202807484,0.007326789245896598,-0.003930972402649846,0.027206282585266934,0.0007036186117668954,-0.03882485967288567,-0.024633142429251173,0.03439434952739921,0.02162671284994954,0.010120547903709583,-0.004995564957493515,-0.014397438811709436,2.5646313682236014e-15
-0.5740509928047245,1.8347395572632346,2.0375968581944175,-1.8995008183433817,1.798703145125764,-1.523849958183839,-0.43417579014990865,-3.2775448198064736,-0.8970917603063705,-1.775362002937765,0.7313761072637305,2.8651020822582423,1.6760928414369352,-1.13501536053884,-0.7697241006725652,3.887809037960996,-1.8322696269136218,-0.5227211906886564,1.3058414775050133,-0.40588132766581364,-2.713833665141825,1.0355075204539808,-1.316216720647736,0.13249715540461882,1.2318616359732384,-1.5770658257173233,-0.4954166504093562,0.7853232715489552,-0.4009170793077173,0.4825014400940534,1.4574585923090302,0.16540752646572193,1.1852138483742363,-0.6673373880115381,-0.0723168481545151,-1.2083502115961817,0.48330825236909847,1.2420572864921715,-1.841186147149412,-0.9757206885241706,-0.31148573877030844,-0.2969737774539167,0.1063210486691917,-0.021989607746689743,-0.5968111660322778,0.5981661899501142,0.532375529299875,0.06467676660506431,0.2049218598011188,1.3860044827674194,-1.126079508510947,-2.110027472892781,0.3264616207369717,0.20345227010721115,-0.9756781632717021,-0.6267529132066681,-0.11929772499014213,1.2875076401303729,-1.6436881190441242,0.8087147454059461,0.15614412279959325,0.24181841531507525,-0.24374445325026037,0.023871317357493267,-0.9117002853539348,-0.1310687135548167,-0.7644351019304799,-0.6886730503897338,-0.5376607915679319,0.4747630656797646,0.9962751430234401,0.48864866224143105,0.4199976309240099,-0.8295723609959689,-0.6989986736647588,-0.5580298196143867,-0.503120198033268,0.23529244930190268,-0.15823964787511827,0.392892391474536,-0.5530559378622389,-1.2484704153967516,0.8578413277907634,0.7335203268722049,-0.14289137693670112,-0.6040668557245593,0.2948149839228739,0.9382238871674781,-0.3893738271931136,-0.5306738630614157,0.9473964572091071,1.3518182336486009,-0.04052263674206994,0.7504492011810261,0.19889232816029528,-0.5095087733047047,-0.374652700133184,-0.07694255636599788,1.3698475826232106,0.2807644348274732,0.3926329763246588,-0.7554207360727202,-0.3560450909209803,1.09593759513736,0.4861509693365514,-0.09382959890203356,-0.4807616582078428,1.2854655900291703,-0.036700785475097475,0.6919493212778248,-0.475528443772005,0.18674730057221078,-0.3922959825797283,0.6867444856155852,-0.6904473855702516,-0.6500674769799147,0.24978534454554388,-0.09654403784766132,-0.5857637496651018,0.2588897635482052,0.5255910988732815,-0.29559523925192555,-0.06308115732642312,0.21474859843583755,-0.15628366368886912,0.05913117301170787,0.048268864184749315,-0.22963696861504754,-0.023468264407095697,0.04860090468434451,0.08821660488227201,0.2093147075581829,0.6105078807341338,0.9190042429445834,0.11353995748817533,-0.3269806147923254,-0.20702666358838995,-0.5408629163706702,0.17799612658673575,0.47134102287972135,0.19505683210865774,0.2930514303951046,-0.011045066949065444,0.14141017625797533,0.2077646737482206,-0.20862140445151658,0.7058299674537861,0.2640887019897607,-0.13887966518975614,0.2592538994201662,-0.2188734855871064,-0.3723480084167143,-0.1362722776437326,-0.6770820959842355,-0.31227600006901385,-0.29460424253107337,-0.05636467238529878,0.5311480944569009,0.1094104438718219,-0.24077510236115343,0.19730580400847048,-0.3617430738037269,0.26870342876612774,-0.3371262791107521,-0.008955839022853625,-0.16323280377587013,-0.008580697614482794,0.3139620236387919,-0.10430777014049868,-0.18850799664907894,0.040500683683214043,0.028667170546477043,-0.12651110438003474,0.06242086068603215,0.20764528263450988,-0.19969243391675173,0.09095063839203617,-0.020944901663170843,0.032354815598189285,0.08076306753121981,0.07046500331296532,-0.19704190255760787,0.027534409280270525,-0.0016387058797842687,-0.07693528758131682,0.055648862094604665,-0.02439569034534961,-0.07040937340274293,-0.010907224755132032,-0.08706254814329001,-0.05844177760455843,0.01623744358129894,-0.013062720852913118,-0.027601540234597925,-0.05120633562249827,0.000772956506617742,-0.014369533389076409,0.013995541183542815,0.05853998653272207,2.564631368223585e-15
-6.0961117967456415,-1.647747604805924,0.25043369516591346,6.884596315834227,-3.260609332467492,3.960557377407535,-0.2798592055424899,-1.0624975958111766,0.7931337496300354,-3.1815231901453918,0.1750979187292904,-1.0130768717429426,-4.521856417109876,-0.9499891472585855,-3.380348270776859,-2.1152291654805406,1.782144010702647,0.034806910014417394,0.8979760120295781,-0.9232580042642562,-2.964806705415947,-1.3688393411658215,0.9633870444667664,0.926463480313713,2.0947738600218595,3.7942194301095973,-2.2505822783563563,-1.4483668611552027,-2.306288433483147,1.4867533817084693,-1.7527439084465535,-0.9603310677734433,0.01843970321417325,-1.3084659703542973,-0.8753310747550417,-2.9591309233316716,0.9154026403280614,1.9462233584208561,0.48112436271694525,-1.5261932043342001,-0.8046279886946807,0.24736046210461962,0.9020035311288875,-0.2614598112113041,0.4741909879849369,1.4161517848355583,-0.4591934442108956,-1.5096647394249927,0.8344454953396638,0.9959705362167666,-0.2892086595915117,-1.0902777597885884,-0.007142459252390075,-2.2211811034577886,1.1374685555518418,-0.7039278243703762,-0.43643332975134475,0.8603199838845836,-1.9111502404216076,-0.5987175006951376,-0.12070451281255684,0.45964366342790847,-0.7505169628665052,0.8241418225373872,2.92253601242608,-1.8110081862347343,-0.634186727113583,-1.0209955456710427,0.20300134963385177,-0.6004179277014768,0.2252375650661594,0.1877535130270314,0.013825940875532659,-0.10856668096277507,-0.7145448739781548,-0.06868173894142575,2.4425606533740325,-1.5785647623052717,1.0044020097018111,-1.6450873915883253,-0.7167795403140536,-0.6728913165230084,-1.540161144524186,0.18315752475927433,-0.9329208184047528,-0.03301853958342424,-0.04858111897582893,-1.0238699086786294,-0.1905278205937306,1.0305492788837183,-0.6820055710550328,-0.2134588242211748,-0.18913796753360596,-0.2704766730513787,0.549086659519608,-0.5155208845571738,0.5630934105040886,0.3705856110981937,0.012967343014969795,1.2419750281570878,-0.2769432350744415,-0.2340559768404526,-0.9513243387001027,0.8546880587262958,-0.33360076972475083,-0.7129040659749374,-0.27022294847147843,-0.24594466818951108,0.4029824819380945,0.41974198804436974,-0.07546389206014621,0.4852753457011773,0.03433209854782638,-0.4849426340612138,0.2982013272928273,0.2220463541039523,-0.07082551097377474,-0.2465058395444929,-0.25522651448615635,0.05755354206164138,-0.38973717980428285,0.09379488492862031,0.33878065887208125,-0.035729638704309244,-0.5202739485170659,-0.3203878407710998,-0.3120366965789909,-0.2593968931051937,-0.14844404147246196,-0.05798978956120088,-0.7168260332448152,-0.4577339299387033,0.23254688756451453,-0.3481125075420214,-0.38124075720814293,-0.17393452200533072,0.025385499164111272,-0.5518174698907357,0.24937819509969616,-0.2668598248859198,-0.08734967441603532,0.08405067259592812,-0.057510908592290994,0.03578806510999508,0.22109574298952422,0.0444650886571107,-0.20704058322544308,0.05851882314916374,0.31730265451717465,-0.09220718757721098,-0.3202741639342862,0.022922927849792035,-0.007349898943416188,0.05489415704646159,0.019748125656742853,0.028211750856177307,-0.0783651368923821,-0.2653987158573818,0.021436389056238545,-0.014699978861060902,0.06865496844452494,0.0692455355812965,0.09851450818224149,0.053384286052840124,0.03909729343612253,0.04050828479478777,0.07016991978259857,0.11168155818097379,-0.03606606983002513,0.05270267385989556,-0.009655298072464602,-0.047092822905846224,0.002924499412045419,0.03324755435585903,0.04447783513806487,-0.16923498934615558,-0.07386541727934196,0.026021327542099702,0.12720692061908181,0.06234907945829086,-0.023048669718820147,-0.02054099000465863,-0.07986004655696705,0.05415888957914952,-0.06258085711212738,-0.01581099419208992,0.03739038755013704,0.037229152238908256,-0.0354034108951661,-0.009929151406369982,-0.04127929704424709,-0.007931108595400123,0.053303970068661756,0.022747395282006814,-0.009846256254982104,-0.0025416727656372372,-0.012867270167712195,0.006876030167533795,0.006832076228076589,2.5646313682236033e-15
-3.4708843702220262,-1.7959992255898019,0.6479532059558758,3.4751000014326645,-0.704398587091737,-1.3309486957128804,-0.7318952672580402,-2.7757060367131237,0.10018501958040077,1.1202151097764903,-3.7753058520141,-0.4897851168361845,0.6107252340053893,-0.16220628624979272,-1.2035028046883949,0.39522504532359076,1.0749831449288747,-0.40593962487094715,-1.3791830066587287,-0.0020125200658202996,1.0166676792342308,-0.25495025138615574,0.2495197670955935,1.192772224645321,-0.8596480043157929,1.406509903478734,0.9198376512640877,-0.22419015646873922,0.009175004516113014,-0.715189482108845,0.9090734142969625,-1.8393234143959332,-0.5713195177745709,-0.22581517971727014,0.7482093229363475,1.009728107859974,-0.6207077170280157,-1.1315318115461708,1.1704574841732647,-0.7356372702401712,-0.9020034119611638,0.49548863511968755,-0.649531715355205,0.8656278565312401,0.41459580730156687,-0.40224144249826255,-1.0208844660316887,-0.504737117198695,0.6249509454158035,0.6517864745006273,1.6666936226009776,-0.5348648070615272,1.2217030920805938,0.2050133446518024,0.061800684366559756,0.37295519306453934,0.8381916735334928,-0.8916545015725961,-0.8908487153265439,-1.0254228311375613,-0.36481563845778764,0.5002290078169505,0.8506321822726524,-0.13716836820506198,-0.38159043485851984,0.11469404308950401,-0.3375700241509781,-0.15607584596234916,-0.3441920840050847,-0.012794486006277899,0.46982279677762573,-0.29678348512004776,0.5133225190916247,-0.8337601444852499,1.4399251074690986,-0.38703833303536583,-0.32845922435182173,0.13815560753388528,0.3391866131001977,0.10414963506593382,-1.121467925138893,0.1118380173592564,-0.20485169696992878,0.5869853948105388,0.0903610492545704,-1.6323445116161222,0.3383535186931328,-0.8719292734131873,-0.7937702625306424,0.13401395286201068,0.2946491851615861,0.061222415288245596,-0.9927170239075352,-0.22358461615826644,0.8276506967594582,-1.4735672746693453,0.9204022227130308,-0.4952267076819601,-0.20643136781967714,-0.5610725286687266,-0.8761467652972456,0.19262189347888453,1.194625872316872,-0.46850392331863594,0.20886752877378273,0.7231022987798787,0.7983380405393551,-0.17179343852642515,-0.12845747073523733,0.07345307017833103,-0.7169650471572037,-0.3518251836053578,0.5288920182523945,-0.12497571814717293,-0.3361447464178349,-0.351173777784311,0.4308317139161266,0.34078867866994056,0.7844558193756874,0.9137792527565353,0.08717057642707768,0.4181209412049525,0.33419645185941294,-0.08046348207717376,-0.46086443270889166,0.8977305799224694,-0.5677563177620932,-0.20796823661530303,0.09994828553892567,0.40623643275253707,0.028071337534426307,-0.27617094502344486,-0.22270184462009757,-0.3583864559229049,0.006653938461744199,-0.11386602745054618,0.028112852814054592,-0.01940537666398538,-0.25508035257937334,-0.2205943200072897,0.2353824132979756,0.004072351925097923,0.08521393372384964,0.3790849101194981,-0.15399136862393842,-0.33896748480824607,-0.11855836008459825,-0.22007765664356863,-0.5733258545065847,-0.06042294386098937,0.6423357776027605,-0.2595722586679143,0.533618358316847,0.01283200721098084,-0.26292462566568553,-0.15468493898539643,-0.27880569341568523,-0.2915963390307105,-0.44945529421003466,-0.0976733244487027,0.21855783540306484,0.15533613423672216,0.3781578812028816,0.28322452542108695,-0.0777027438992531,-0.21457273755844208,-0.043374205993125275,0.3170680825854883,-0.11847167203572016,-0.02368628971407152,0.006363983255644448,-0.09346365388041553,-0.11878049173335019,-0.04820199027321154,0.09574795893492817,0.019171468455461357,0.209711320847975,0.10459454915707664,-0.04490006691546081,0.10738394705312451,-0.25870471983845184,0.0772640256961242,-0.016780259964279214,0.1707866921921535,-0.18466327183809442,-0.06710718318240984,-0.02262943667122661,-0.12963188767050196,-0.011622835919256842,-0.13093241714546097,0.08405031295470826,0.06294298690956611,0.025807902434440498,-0.05547226432459722,-0.11149085455251614,-0.03235554886204088,-0.06826307578941004,0.0819357324639548,0.030376454613119448,2.564631368223605e-15
-3.7436841033173502,0.09324057082680123,2.5659913155166585,3.5494685790880554,-1.2806011119739238,-1.0480825390448438,0.8672411764293414,-1.482395716838415,0.32209479641177,-2.332197167194079,1.3778784337952572,0.22682812116275394,-2.823174684005686,-0.3384334234458535,1.413101860358514,-0.6444480267331597,1.9638656521131916,0.0850460510966494,2.9433850556967815,0.879699100451016,-1.2681367025771566,0.5825217129559059,0.07386653515522688,2.129409474660711,-0.17890189717871258,0.01970611639705058,-0.6073512137628411,0.36977239386037586,-1.5692829419863425,-0.5911786742996739,-0.4751539235883857,-1.365637839352069,0.5995441112528281,-1.1861524048661187,-2.0960366976786475,-0.8810353914788394,0.2886613294302158,-0.6565501687580708,-1.6666259943844748,0.7547238815801356,1.3202390855401018,0.709782473023984,-0.13814647441163289,1.0682982210271632,0.08230647128246274,-0.20824605950286182,-0.19053084772087386,-0.589660387033664,0.8740447874228343,-0.49745769458574907,-0.8774985289567414,1.335210877653182,0.031116515916791758,-1.0246941659887874,-1.3946934961665565,-1.1704269762384807,1.6927829230025413,-0.3891538300390149,-0.16692725253617371,0.6222627018446739,-1.5265048775893715,1.3491626489357134,0.8187231298552519,0.7462834491192463,0.08288101829409088,0.5986971695224131,-0.8757625573173294,0.2861660799583894,1.563832739750659,-0.16986526189381196,-0.020964016307461975,-0.5463681543882811,-0.3576543099743165,-0.05610233101503512,-0.00011549099554601453,-0.8729445526584146,-0.022125372997812823,0.3866353704984677,-0.789248084645528,1.0866024093722606,0.5250008925144258,-0.2400125992870364,1.0116742898189193,0.5226453067580553,-0.14090268624847685,0.1699342539324837,1.4103679692130018,0.1216153289463407,-1.0113957916984333,-1.2968226248577381,-0.7850502690050942,0.2949958404965219,0.1339845326606956,2.318258493495775,0.8170461024331894,0.2759855033357821,-0.3727422362276562,-0.3510129112573436,0.8381679080368509,-1.3522311722197848,-0.012613656763991185,0.6729439140677856,-0.1437094449493502,0.485759656912418,-0.11368100763334389,-0.6113651885927104,0.05409197651138984,0.06870862719300241,0.6665527955598607,0.24105711472172298,-0.5217307856114798,-0.446167622071567,-0.12623504610544853,0.4148967419547472,-0.7554498345149021,0.3242859754745707,-0.5332527250369375,0.8719291873819514,0.39491836171876266,-0.6863599005187263,0.6960540287660764,-0.19137129365349678,0.5657208379246642,0.16975203288617774,0.27549602880626917,-0.37379840262236286,0.16249431244929124,-0.20052511067055423,-0.4624559332654602,-0.5936453230487406,-0.2617149585747904,0.3635340900249469,-0.4285973134864474,-0.6274634159902219,0.11766566805837302,-0.16342057484321146,0.42060285889057253,-0.10816514320291512,0.12734632434256485,0.46321782836527414,-0.21568765210684218,0.3280184518248556,-0.2147523357169462,-0.5877644146909904,-0.08801389087405614,-0.2237482713245122,0.11790886109256189,0.005531151412667531,-0.08439870168005899,-0.4417638223384555,0.023225412320228036,-0.04960318451003064,0.4952826661408711,0.32903625035936795,-0.13246381108575922,0.43154746841199454,-0.03110962625392206,-0.258558529664842,0.24290889599197268,-0.1886939263483142,0.11549706978459776,0.22414245331395524,-0.07818724066657393,0.19910399707307969,-0.22741229791976714,-0.2673766437952625,-0.13300397783116033,-0.1195138237710692,-0.02775563223833087,-0.06859714841544916,0.11185430415380174,0.09448003562591525,0.07680784080543511,0.11754629595169336,-0.034263709404580275,0.17929073682749544,-0.003943814709657025,0.2878481948604436,-0.05497794896957256,0.24648154895013635,0.08363022261101512,-0.012244968351056809,-0.051599676447070066,-0.05217979558758538,-0.07856119001523007,-0.08002209550545404,0.02023473878722758,0.006346193804397621,-0.03283508050192548,0.05627032935955689,0.026679988942260556,0.013564842369834542,-0.06659920728369392,0.0017484469659917745,0.042021185820024044,0.04445647812007103,0.019997921080763162,0.024675110419829026,-0.054353679440446834,2.5646313682236112e-15
-2.615772328837506,-5.068839027803028,-0.5330252445981235,0.2807101741235244,-1.7921113742743011,2.6822617039821663,-0.6908266897374395,0.5762682846441575,1.0050269107662033,-0.11161166802710196,-1.2431610669049136,-2.171672744446022,-1.309649080513049,-1.9867588328828272,1.4829731111245845,-1.0239671245038542,-1.360751194922948,-1.6808142277027183,0.5105792804176005,-0.2619344489854136,-1.2895670821399992,-0.29303184763431284,-0.3409608965251649,-0.9001046583186526,0.25753050328212146,-0.5843623262658367,-0.9972055785873196,-0.20963215704611082,1.6028829778817528,-1.6008889409337617,1.406217090857047,-0.4244496392778078,0.1853935552667722,-0.13759809598478737,-0.9019186748733715,-0.05771786145668367,0.7372019152347529,2.39875073646577,0.32284082152896526,-0.3200767505802717,-0.4277131854348815,-0.02499933893274413,-0.19627459317500728,-0.7082935739784059,0.8999083940696609,0.20376413137323576,0.31711390803077555,-0.7633682847558517,-1.2746766391724371,-0.6837557539834966,-1.035138749286168,-1.9153645895391158,0.6728309501838352,1.2964757491813361,-0.4603523672583965,0.44263791561884375,0.8641733316209521,0.05719044250774482,-0.48024749055319604,-0.6448762344926375,0.19145016702988488,0.428473861809849,0.4627011291628696,-0.5208479162826798,-0.21697616492335406,-0.3646893790075837,0.1750442374358279,0.8749241974384749,0.7736106324561829,0.7541923075783447,0.16983502753967866,0.278334532422469,-0.48295086399252213,0.5030368082441228,-0.3523626548518769,-0.3925840759077456,0.9439908272318136,-0.3088572948238732,-0.9826294602558653,1.0797174910709157,-0.26060536834819764,0.41123722547362385,0.417541890678162,-0.7982883663148187,-0.3086006126867601,0.5393990391963183,-1.0850560712892667,-0.20809132254279802,-0.37048880866678696,0.714606153647747,0.4670566234665515,-0.739724475570597,-0.017142353558051143,-0.3059842247892139,0.5319743015882247,0.41672898028224814,0.16036844407184273,0.1281336678327359,-0.1188827875674961,0.011035482939237135,-0.2700720810181324,0.6742052185379068,0.9359936894578689,0.010179193484545065,0.02796404478679892,-0.10103437593430922,-0.05991784669194062,0.4726628745987618,-0.3794437817422601,-0.33493413470985317,-0.1246809931103534,0.36313082101331207,0.46203526384528,-0.11974359302948823,0.06551579756760455,0.5085649587556921,-0.15216304069006598,0.29940899524578823,-0.09100417717820533,0.04997291473932286,0.6592264140226032,0.18664988122056897,-0.7812930544981832,0.3632889943979079,0.41127469479124923,0.6350512985464025,-0.024218912681040955,-0.023684417316365072,-0.04258337255443956,-0.3096323734157721,0.05617504059929745,-0.2453762682342805,-0.16119309813996316,0.6330943978565718,0.599941395150181,-0.2005766786052228,-0.598238323121834,0.4415443986126156,0.7216198319183116,0.1380292258889326,-0.03304996658756988,-0.1716962946742476,0.13881777523471484,-0.03470862434072203,0.41958136479519736,-0.2349348777833411,-0.3326016253780525,-0.23833908867189604,-0.39809595564163563,0.17082792199531313,-0.4046961639654444,-0.14812020315054794,-0.036375770595530876,-0.22267889335620797,-0.28613844840410774,0.4437681853551296,0.06284480370186944,-0.050482404830170434,0.3597987364902391,0.10335723408811469,0.052181274722750574,-0.018061046437214956,0.04078729239652108,0.20185882993033863,0.09050477546204459,0.3126040310632203,0.07838351459161771,-0.15255080659466816,-0.10929107866149416,0.057251378493229824,-0.13669392502250988,-0.16797132441584964,-0.3056214489890791,0.13183678946360008,-0.2235431950407478,-0.07165711631910106,0.18065791249005222,-0.2015714036099542,0.1832163342065955,0.02590393600713147,0.12755064773411062,0.04312873905095507,-0.26558423096210165,-0.06910085793858971,-0.06936654976770186,-0.14407925030759003,0.0867015036166295,-0.04163300117949437,0.05795438811703914,0.09100109506008125,0.05784066371652808,-0.17540634354990395,0.0029963463593057236,-0.1456840783647473,0.10098293086990999,0.061955019004088945,-0.09746948476762263,0.1535981439508784,-0.01825388448986293,2.5646313682236093e-15
-5.429769214074424,-1.7652233752983317,-0.007316283302702272,1.44463999859011,-1.5448639194641745,-0.2854284037246631,2.812227103234578,-3.91747972037007,-1.4710383552558572,-1.6103025010264669,0.7957630008690001,1.0255662827027854,2.823688186340431,1.8878195002638773,0.2624800062580373,0.9128804242586314,-0.23866878616123835,-0.8840270877355353,0.3596901159597155,0.36153819711942803,-0.26963620590238985,0.1339893548441233,-2.470138070607186,0.35634384791466184,-0.2856282183982658,-2.0156944350967705,-0.1683347847130683,1.3000150306163705,0.2788848154116002,0.6878969580266129,0.48764899500516373,0.31222040520635397,0.21407816167429924,0.3002469065204759,0.5210974438874628,-0.16619338530461897,-0.8461057748397962,-1.736234057993262,0.13065942694935503,-0.44853934530423484,7.429527515269037e-05,-1.2505481659547166,0.14492660564779647,0.8146394734165584,0.8398365728302596,-0.709467989232553,0.11322901744281207,0.17480775261155138,-2.190860812795532,-1.037780380496612,0.7382672086158921,0.3300916568660651,0.6434375089589356,-0.7644057174994658,0.37850736423245446,-1.0830721672420696,0.5204485576236505,-0.026774361069365836,-1.424499153202959,0.45321276140242406,0.48829300984690366,0.37127727026822743,1.1329075261079122,-0.07019869987134028,0.7158670025237056,-0.15799250272365709,-1.6537256710067343,-2.069503263574046,-0.24587255911723835,-0.14931447820025978,-0.03920178137123943,1.7275683776312267,0.7532055328117858,0.2563578820158472,-0.38162294831885535,1.1496014926170388,1.232691090794957,0.718617579801041,-1.5308686697556502,0.2792193377255344,-0.6072175034881511,0.6844690018127803,-1.1626665147116713,0.43044356049582877,0.970703698622798,0.2646277952671373,1.4227496199212613,-1.2643641541076742,-0.18782973003305137,0.6933517714783275,-0.7399308644181088,-1.0330209921222135,1.362313907358307,0.26732949858675303,0.26931421036292474,0.5890051379987735,0.1857129605316026,-0.5777092714593167,0.6169549860404886,-0.24639821430192307,0.6809243646546722,0.3470728902003258,-0.1806988749418092,-0.23774970312839222,-0.6563736727331716,0.9461600960999806,-0.0809589801514664,0.6310828217325049,-0.14703177518891236,-1.0166520280122124,0.44872233672863115,0.4801304172839022,-1.0150802999147481,0.036379994460132056,-0.07155901533593735,-0.5464795359002312,-0.6311275755104854,-0.19421166465583148,-0.3151295657075243,0.5123840603779596,-0.29648391604295604,0.2920622191726358,-0.553801079729294,-0.3894182542380029,0.05200597007592844,-0.8437135844024792,-0.33255957928100516,-0.2659156384651435,-0.38171206953581915,-0.5631817505845171,0.4683380366028107,-0.403487354671479,0.08272136876449733,-0.11907515475753232,-0.05815521257117964,-0.5495410710124674,0.21222839169709473,0.43928482127933,0.40329377541799183,-0.28497973035434726,0.4546885251818021,0.08161570957939834,0.07069610534484606,0.06025012952177355,0.19103521136339238,0.1519910019660249,-0.07718149158780227,0.19931614932177008,-0.17265825825409625,0.08585058980005375,-0.18078162498535102,0.11596899990009998,0.11856749675990133,-0.14056396868486185,0.42520605672057205,0.0013840851804584906,-0.5133765281821969,-0.026147705423233608,-0.07032732656784332,-0.056503725255789755,-0.3283324447287744,0.21627876253042594,0.011611432984556039,-0.18843995014312157,-0.08668093803679779,-0.13422949110664364,-0.0007430445187070619,-0.22623580880837854,-0.26837170901650653,0.11190812517642802,-0.030084004700454154,0.27644099721276233,-0.11379655237145225,-0.0010663874057966652,0.017690000969853386,0.08025433556854421,-0.21196913366363185,-0.07601192033596932,-0.12883253103997808,-0.004990759253097768,-0.14140120500995768,-0.05466357889626075,-0.01830908277379344,0.05511070476956789,0.19317916031808602,-0.02866765807728809,-0.1799019482879692,-0.05081359359131225,0.0842921080029387,-0.03377545919643615,0.07029250218983749,0.052965236070526694,0.04941845836396262,-0.050466354318007674,-0.006679468615606438,0.07422580725898398,-0.08649801832891617,0.0158391782378437,0.014127292539734866,2.5646313682235903e-15
2.567095996477387,-1.452606494185104,-1.1768619010348373,-3.183151478818685,-1.2517445783998045,2.9052550265607375,5.052223550670852,-0.1893619297875198,-0.9151312552787854,0.8767744507021077,5.378505286958477,-1.0438349748243716,-0.17817561779851696,4.105221061085225,3.7670214491713288,-4.038648804319557,0.8398768055038831,-0.7925806353644306,2.6852545847648286,-0.7214889706190828,-0.7134189868322469,-0.780387758496365,1.484756423437277,0.33952023948831417,0.493288428595646,-0.7348491336560312,-3.2860693098797906,1.856745872140027,-0.7177666071345203,-1.8029907955426407,-1.365168191856746,-0.37472175924064455,-0.8851035362086827,-2.0625156352635052,1.3535829819321687,-1.0324869313755112,-0.02304907553455117,-0.24093642460716216,1.8610617832332002,-1.3537606611975819,1.70118935137233,1.410116692353379,-1.5978996563828134,2.366446488335204,-1.443919912375416,0.5562213712903055,-0.8860812031449182,1.36271312886627,-1.094256034404331,0.8242590397257402,1.3714895415744772,-1.2821041921333893,0.8622921159439192,-0.7207126413953495,-0.8080095603263361,0.04193785230201041,-1.2821582475249034,0.8750410763956901,-1.781109689120738,0.7060040202753746,-0.5368795952228558,1.8328407027487221,0.7779574239069109,-0.7349555709927549,-0.43613762407472983,0.9484976482642848,-1.4623613376188023,0.5860198381010118,-1.6327337452612665,0.8598670683782403,-0.7307099616904802,-0.5379963196245761,0.38114027354750774,-0.9211072378201282,-0.2024071967666728,1.492963418052313,-0.6702555456060094,0.21131022402024166,0.007223599871702512,-0.7609365527191219,-0.3800997244984309,0.32458184171027565,-0.21379597389808133,-0.5913480793535824,0.19262835472915912,0.5440174625282705,-0.26222925693040977,0.03147606926945944,0.3304646836862359,-1.0451417927927777,-0.11635620228789703,1.5329851170284876,0.5622711279168112,0.45133509866889454,-0.038802946205450516,0.6253453045012731,-0.5744565383756979,0.5853929428226895,-0.522659239513988,0.6817565605340518,0.015354354307792754,-0.31305851873427115,0.04663714986759981,0.12804056461676286,-0.3883221005473346,0.16103305865288778,0.44456595092220913,-0.2612094214640424,-0.13894770075212481,-0.6407596332357964,-0.01981852836014481,0.18917158632832162,0.3637753428457737,-0.6294478327517974,0.2454382543040913,0.38525569187695363,0.548600616386966,0.2752887148558806,-0.4071370855897214,-0.47953084137139396,0.10292310573079727,-0.35438632053764907,0.11436544679142017,0.06521780312375984,-0.7383168040610003,0.5971876375431993,-0.12134817489178304,-0.24783481955130435,0.5326695071029114,0.302808100317819,0.1693242398777784,-0.2743730325090479,0.16778864910801805,-0.17764273788468113,0.217316270918408,-0.3656736922326884,0.6126961638443089,0.29023213477868887,0.07823320571777494,-0.03583503815656121,0.08744739963569452,0.009785298518733936,0.2888135714002797,0.2530899388037911,-0.2361282474798744,-0.29624726219429987,0.14589046255597574,-0.23802479864688839,-0.30641734298003215,0.16921618169078612,-0.20519316405300267,-0.1665105155439899,-0.007188210380842223,0.04268466314866568,-0.1206573610621234,-0.09715836074218798,0.18460742498714133,0.07392586957554764,0.11644929783343316,0.10419799301220228,-0.04886160230480202,-0.19513768209844465,-0.06544637414386088,0.24544476220036918,-0.036496035134325866,0.1103907069433634,0.08611327676722717,-0.13626852712302273,-0.22424124872378903,-0.01773884346778425,0.03520863006630566,0.0045108382725789825,-0.2146713636092673,-0.15438448212690783,-0.21932489802817254,0.10174282199909075,0.11127960420301941,0.006208232570550617,0.04618807723431221,0.05351699458331363,-0.1544886761460124,-0.011480878838110713,0.09324168984873746,-0.035491749573481196,-0.10459890624386307,-0.09175356610925892,-0.16493549331025897,-0.004321699108248815,-0.07814755936152488,0.044855189430844634,-0.011993577035674627,-0.0117630545518389,-0.011480012313888406,0.013114180168365415,0.07085720048562794,-0.07238434688247786,0.04371650250343779,-0.04767704802693652,0.02754057806289238,2.5646313682235868e-15
-0.9998556740196684,10.529706363331158,-6.887854283095367,-5.233452176949473,-1.7015426048081037,-0.7960731528959916,0.12536254092622542,1.6151104356500583,-0.2525306935079016,3.747792935226466,-0.205283482108232,1.0245874814456026,0.27724829398068385,-2.6150810126127113,-3.207417976834736,0.07772802927184834,0.6732370319907623,-1.4338659489926517,1.4139622277457564,-0.5659773825690853,-0.14860623853897806,-0.1993765062844539,0.584395695728283,-1.1874934298139224,-2.0364034832470437,-1.1910874545768375,0.38922739975678106,2.0162682777197047,1.405174508446879,2.5057602144023168,-1.085510994207415,2.1407199057135506,-3.4606944034321834,1.2577642461359473,-0.332019982034032,1.1579755904517668,0.6211286562132322,0.42735599972728977,0.6023959026016878,-1.6826768352805483,-1.0570473257247222,-1.2625762849156177,-0.11380136564534335,0.6067600975422198,-0.40985880507750966,0.19764077107684688,-1.6495271340388145,0.11622088789836918,-0.3491856629531177,1.479944829035114,-0.1305910659421467,0.3754777155600332,1.7515932456088246,-0.5601019916036047,-1.2379271873664355,1.3259307265182356,0.20713974472203397,-0.8032571558878147,-0.790734640432971,1.0852906207164397,1.8458188979895793,0.620120858858406,-0.043388044111389266,0.090680980788088,-0.8036833727515722,0.23775846161742578,-0.03911756221786401,-0.6642944706041963,0.18952257407554293,-1.432323404938138,-0.11492508633228303,0.6677635899617144,-1.2031257508300235,1.6568863421067614,0.3971481827722279,0.4853819998556064,1.7769796040702128,0.11123894220839158,-0.954200434165615,-0.579759343811488,-0.9906399863854833,-0.32848912205181624,0.10909133565650599,-0.2864774624500132,-0.8252359511966985,-0.13217403028211622,0.6075125574769504,0.8875964513035111,-0.015278584950824885,-1.583260811422779,-0.6094190962079027,-1.265829892558686,-0.049777081270352505,1.1561592471945075,-0.8177833320911144,0.5323713998146066,0.05390960629808004,-0.4789773132206664,-0.864417012120972,0.20771853297472467,0.42182605413850766,-0.17772979586060314,0.34343151318791293,0.361253629823318,-0.1999140753287817,-1.3949770811535775,0.2730676809058634,-0.5859994383267346,0.02510159305374117,-0.01167967304020523,0.44751029322745084,0.28921807341006234,-0.8248598901586757,-0.05964887639687509,-0.2863354654596284,0.21134785558114805,0.8334579282659957,0.3094493364384544,0.12023810874876777,-0.19100144077057524,0.3349849025616017,0.002951027387378675,0.3941334404187436,0.80956603172155,-0.3187944988985824,0.5821415257981851,-0.6116558817914419,0.22504719433603376,-0.4677163549135422,-0.4883247313442459,-0.12341969524363423,-0.1378679802764565,0.4676366748540806,-0.13258596957129737,-0.09275706701896219,0.05130578076471649,-0.23769117147914892,0.6914676344171469,-0.3204493448262292,-0.12953102766071098,-0.4894022898060525,0.2761770700462492,-0.2035407338738012,0.0741357996805202,0.15294419277567742,-0.21735128223881936,-0.15966161370058127,-0.14441427403899498,-0.27142717595356225,-0.12757727594372795,0.03177172567824665,-0.39103181355087796,-0.1890169892179328,-0.05399242549486751,0.03997805537707507,-0.03161084948261921,-0.29377720113625766,0.14583574234794114,-0.26773785321018684,-0.03356451435460851,0.302508210068234,0.1339169532880124,-0.09139923100349989,-0.15792321173347598,-0.12619574922149965,-0.190434286739404,-0.0047987032180873265,0.09781442746225258,0.007129022216859418,0.009984541581476726,0.04112489391407233,-0.22016841765249515,0.018334832025131375,-0.006098049658321979,0.03864366877823288,-0.12990631544848802,-0.061186422640429124,-0.029239776341118223,0.08775642922589477,0.0447665695520624,-0.04079074835352516,0.1529894666633121,-0.14116712924482103,0.01921144903648762,0.07444671928123203,0.042924112228493135,0.017432953385040438,-0.017648917757962828,0.06774031679537688,0.10655832567726231,-0.06798849896266287,-0.015565401622912069,-0.06009620165923664,-0.007776306195591445,-0.03834062744694436,-0.031033524648201655,0.0500339018922048,-0.003631554812549026,0.0029257601644399663,2.5646313682235994e-15
1.0663545559548495,0.8817557581518143,2.701055548109311,-0.28862569488048756,3.4473000737047723,-3.1687027466994215,-2.6840437497398324,-4.064350506781389,0.3982907856519951,1.721725079405508,-0.3822543917793409,1.442667692528373,-1.8540063736295676,1.9277692641092008,0.5913480993315797,0.5558827917649153,2.029040681649812,-0.4455488286769029,-0.1974132370840776,0.7531771643528193,-0.20846698722507145,-1.033605040372293,0.8335073010787697,-0.2532464110186993,-0.9529360430325146,0.5051948337858996,-1.8519461284910745,-1.9753583601576339,1.755774495626432,0.5414698119114905,-0.1873168307703078,2.3362198779446683,-0.9486619967552545,-0.9901158706215855,0.8281530624922494,1.1052336984052689,0.7128770873612315,-0.05359075503722627,-1.4386241998891283,-0.11593654008780459,0.7436312244216877,0.31237680447145166,-0.25065367464857197,-0.17459793758041964,0.27544435515785404,-0.21166278785173373,-1.4400967828944653,0.9882965009257647,-0.9291452622158748,-0.393886227595059,-0.6634070837019554,-0.3381587777464961,-0.7515497084899748,-0.4159456909232052,-0.679833197765079,-0.9744455551679572,0.9641273498927331,0.520953280333283,0.46496000197624454,0.569714037895432,1.8140794121566042,0.6080314123377105,0.9746670430707575,-0.6348277023770372,1.075621319230334,1.3177971164653839,0.6536347495717906,0.574093099853275,-0.40783369017625715,0.5559239048832086,-0.3717701150026692,1.0444027038545687,-0.4261321097943995,0.9890506525296955,-0.2581421936580912,-1.4140777124711732,0.12814214435182117,0.7671480177344594,-2.0441805219701337,-0.06545478568962944,-0.16251529347486662,0.36561687614571553,-0.3691355866105627,-0.500949999677911,-0.5578126438561644,0.9028540075980179,-0.16151701020684942,-0.4596332960156508,1.2826234977798214,0.769948889846381,-0.5516833599589374,0.8378734026224169,-0.7386562350326175,-0.0838661921281834,0.735118982965246,0.8187957201153399,0.23949371724141985,0.9765436916461822,0.036080372900271634,1.0579129958461082,0.5269440508275706,-0.378582229783217,-0.048524993035110854,-0.2919629791690218,-0.07319366459012457,0.1164857991445757,-0.5616613041395226,0.2877128532000693,0.5251681078967881,0.32582797523824675,0.7111338303905348,-0.28397173756553523,1.1002088856165373,0.5753094369420233,-0.48218818804291613,1.1153339255227797,-0.4313849707142054,-0.5903468104411653,0.699247157589739,-0.6515227072479881,-0.9817954293755109,-0.07277122637285661,0.3229380612855979,0.7574606875389494,-0.07377400043520806,-0.17239510347244008,-0.517600737254081,0.380273962754557,-0.31965053302308194,0.15331178250337643,0.08999435858474487,0.5442486377860436,-0.05690545537598654,0.21603861646375908,0.5187020202332905,-0.08053159850993563,-0.5400547864647187,-0.04419212863647758,-0.7184518052269774,-0.09765911440171705,0.38935788032882546,-0.026563058855526015,0.1647292165065477,-0.18217438045787024,-0.3075027071448795,0.3287190402747887,-0.2859001087052891,0.2212787873556749,-0.1821797148539046,-0.11837994550957649,-0.15496868246391965,-0.004949708088360867,0.45310535071918595,0.2777763548279995,-0.4806262964757189,-0.14648362318672567,-0.002294171880927261,0.16427922146728394,-0.07368245642311157,0.06791096120820496,-0.1266194667314376,-0.1615086028084764,0.01534719739828543,-0.09785095974997919,0.007932560762661836,0.05732182600574206,-0.12784177179732495,-0.03655482521483277,0.019537714881093682,-0.10394631743391768,-0.0928698997672551,0.10417919869337583,-0.04754297737095434,0.04786988781039952,0.1633976074448018,-0.1583095031555616,0.026151032678074008,0.05753625653901807,-0.012387883601966698,0.17767946229286144,-0.17308687182001856,-0.05116023339669785,0.0896361777411122,0.08748343460402455,-0.020556533817640454,-0.024769959397703135,-0.00913476778282673,0.17468898438329142,-0.1280457738344979,0.056664824048859364,0.05605112920807048,0.03543195730724934,0.14200207639447596,-0.051134863200726355,-0.11704594011697991,0.04686949071289858,0.0025047184798004567,0.03670051858959332,0.028889522000544454,2.564631368223598e-15
-5.102392558808365,1.1506498343159162,2.465646314873701,2.429890579670797,-1.4127674913617019,-1.5624381411058965,-1.368412652563169,-0.8145165757432495,1.0923228253283461,-0.505978818399412,3.444454030970905,-0.9301842765376231,1.445166042011633,-1.16664494738903,-0.19723697059507922,-1.4780659311410027,-1.4212560659555793,-1.6703907116750665,-0.7339706713303997,-0.7098844247336846,-0.896075076194777,0.38253625154419574,-0.2501978286824854,1.5831622512445414,1.0909788844132433,0.022447680075334157,0.7292793515610203,-0.06486192422118844,-0.6764722530557393,-1.2830671079471474,0.5830170753843744,0.19081590630926176,-2.0544330156316386,-0.6255183493658848,-0.39296127280652965,1.2438431871982891,0.8536688784780561,-0.4668830727767239,0.36233235660340707,3.2472870909049467,0.37075972265921625,1.4215174807683926,0.569306320686821,-1.2316180312834029,0.15374321755377207,-0.4028413717073972,-0.29708580911416776,0.9927716719942067,0.28061710303976717,-1.4617780459690715,0.2734407617020025,1.7060654849896149,-0.8529112423386715,0.5836019419165512,2.0703584828532904,-0.4077732220110622,-2.299907038340021,0.23947776721871544,-0.9799026395634154,-0.1873600074385829,-0.12226167405164387,0.025277449541568887,-0.7921751246292691,-0.4970980652563654,-1.4378452214926558,0.7226159298681243,1.4785570043405327,-1.2062135423529792,0.29756342507686556,-0.1465206777923267,-0.6322380485647522,-0.5006308554324944,-0.6733776398448713,1.4664498059016908,0.17736538092333493,0.3180642110300243,0.11641446519260125,-0.30190595277434124,-0.09277432418816502,0.5572758695998944,-1.0705792933137055,-0.5201698362253857,-0.36428287543015925,-0.6619207976994966,-0.5986421588609903,0.9080975403394977,-0.2693069023699632,-0.5135039953029583,-0.42788302464596245,0.956960678990998,0.3980848262918711,0.15808456229383877,0.6736979377210728,0.9438803038058811,-0.5181537032868105,0.33091072435640123,-0.011200597455591845,0.4361390675201404,0.7254849345813381,0.6232262503650937,0.49772201604088245,0.4087519124135519,-0.5921751466200136,-0.29554880119859595,-0.8229816121319485,1.1706215386839975,-0.565522299048145,-0.1637726336549515,0.23603725876331377,0.19327728985823084,0.40857461963273595,-0.003679860307991356,-0.22047066109280225,0.9182952460531583,0.34309997600957376,-0.1033332137661178,0.8055326277901927,-0.14303702204514485,0.32360245260564896,-0.15520208447439302,0.6859716570871317,0.15519715689095376,-0.08631068015220034,-0.24790119521379375,-0.19374327471338415,0.19102271673443225,-0.8456211950763263,0.08679284876290534,0.09509797292258344,-0.02672667461225905,-0.6645747796249352,-0.0490247449262953,-0.6379741442563919,0.5634829927679381,-0.14843415289931255,0.34186762287637823,0.06774035224309741,-0.3243956012189844,-0.08657612540199122,0.18299603854589402,0.18014124992154218,-0.13057474517852022,0.4267650182743437,0.053045289955384434,0.06012497929367983,-0.42780570267345813,-0.13250187674254607,-0.22825126766688378,-0.3566441759817958,-0.21095918239519867,0.12914461884431008,-0.2644878773414377,-0.07270265464971415,0.45212566357282713,-0.08090518654293934,0.2423737833011456,-0.2407499565170504,-0.13490716304204536,-0.05418945256068591,-0.029863194912410816,-0.1338397663109169,-0.40998850512423723,0.474562359200126,0.14361407899772524,-0.06765083300060988,-0.11034264510972426,-0.05646275393601491,-0.27850181373571287,-0.1547819386443035,0.038108032538479004,0.07485546770859632,0.11462478294771729,0.11358557517356879,-0.3291525800135642,0.11757179988194573,-0.340549627941812,0.10844153499280838,-0.035474135649674894,0.10860750622105059,0.16523430119005128,0.09105115616155084,-0.008128891070899162,-0.051952874056699065,-0.06443751721739767,0.0047396447163679575,-0.007391695323944964,0.0892597356166857,-0.04347908930311496,0.120013496426702,-0.06931750999030611,-0.13450855426056102,0.15505504884118196,-0.07028726497318187,-0.049290493461193144,0.024242302666829047,-0.04667815728120913,-0.019163031053847094,-0.04366788698130945,-0.023056913527030466,2.5646313682235927e-15
-4.606283290314757,-1.1534120567057913,-1.3892701620507828,3.3882551628593602,-3.6908489751513662,0.9423911104692189,0.35175568753758707,-0.9250231046194223,-0.29401455420075817,-4.674236728726533,1.6013600789620657,2.8451209195890295,-0.0130741683042241,2.9273568041498055,-0.2941046901398363,1.328021822894112,-2.395528535167956,-2.744261708008008,0.6782849977351522,-1.7511468531547465,-2.96272592684054,-1.5868174534541473,-0.12130983689290724,-0.8782418511144439,0.29647128241945153,0.385279221046276,-2.5405650966591447,0.6386340722673484,0.39994822426858984,2.206373496275309,-0.330875809812967,-2.0247136744822014,1.2742553046741656,1.9736827596159947,0.5460096133421991,2.4302728361707264,-1.5875949936639353,1.4466210620684807,0.10600499672169689,0.6658761940027261,0.527432239907025,0.1214137925110304,-0.4080652743968025,-0.566763730059334,1.9859687990758639,-2.363947926428348,1.3391103247166702,-0.8352520694542369,0.7789318521786239,0.12920707519564875,-0.8566323824911681,0.13897106026510875,0.2882462257457906,-0.39013885170693474,-0.25982202967342544,-0.36791979372757716,-0.47159963877771516,0.05660975852776787,0.7089104742646203,0.4133530715132786,0.9198400185035429,1.7732489871224784,-0.33598223988576525,-0.9435017085458846,-1.2154814063012473,-0.9127467640142213,-0.5727096025224109,1.1897883067963428,0.7815329767394236,-0.7600859365678494,0.1322266085508795,0.010287930770243172,-0.9849523838954175,-1.0653621608004293,0.2913161633013945,2.1468138448678684,-0.8994338332700172,-1.12550089157437,0.016529255082595694,-0.6141312836600271,-0.11414928388968923,0.5965179498928906,1.3431483763570802,-0.7120776702476589,0.13750110544867514,-0.5511077410615001,1.4635387082741431,0.36862644858026095,1.1000041431737193,0.24939327197423156,1.2530811256698948,-0.808710361157576,0.3443560691939228,0.3999824745482888,-0.2781893878500849,-0.32785521155043523,-0.45989983236179827,-0.4142307991723958,-1.1546014807396205,0.12070965227435265,0.34670476093087776,-0.016280154620819325,-0.5254775740508949,-0.2363996964822252,-0.06809217573844453,0.22706780398016158,0.6352701677123912,0.6461329335698482,-0.17358797233891177,0.47806118421147376,0.48589826390842383,0.09569748524584526,0.4261250175425117,-0.5394232955826207,-0.05071326368884489,-0.23041289460739997,0.30297799696326144,0.014411738715220019,-0.08163131782565879,-0.731708382025484,0.10409900567107522,-0.19251431237754446,0.3662283448416572,0.29727638384718363,-0.09225210510115305,0.297395509774148,0.4034534216809886,-0.3473208701057951,0.0270057413590156,-0.5080287142769784,0.5156830429645414,0.34418188852789905,-0.8611474246355932,-0.2564637923679509,-0.131366819114389,0.181583629931174,0.1149640982613137,-0.025958431605487758,-0.07671538712329387,-0.25020005503327114,0.48068967565256193,0.1481107819284751,-0.020747306378176972,0.12343665334822601,0.23261267820573572,0.2940034766830319,0.16860546665669257,0.37897242810754994,0.30578007621062087,-0.14506690695964403,0.055966483363964085,0.23830945163627756,0.15683570447193312,0.35337455832669074,-0.3027398586782848,-0.17344759535517712,0.1078219159600789,-0.07165279424122518,-0.015129318445108973,0.15053247055133426,-0.3006497166337774,0.29396634948000666,0.13630669399979922,-0.07755369254607994,-0.3428244838890018,0.2497836990856757,-0.2912189608885102,0.20737343829231608,0.17002314354701056,-0.09409508542746525,0.1708243630504627,-0.04059594612972031,0.08947747737242571,0.02648839149037628,-0.008123894565154454,-0.32033883367023,-0.02594699691154961,-0.16546215873772163,0.09522917911215532,-0.08396803307384183,-0.04784220748578403,0.05620012610110803,0.032884380299003445,-0.000617072362344558,0.033411122840766194,-0.1856960584160668,0.10243241718545114,-0.007660423357253567,-0.01324694318528461,-0.00541911282958244,-0.00808699069346495,0.028570519478675577,-0.014933563756444933,-0.008453008045203866,-0.034204639111738454,-0.03608623372018163,-0.042993464267127184,0.023214106015494604,0.02586312992881135,2.56463136822361e-15
1.2856663052683357,-0.10582375385422764,0.9421768802222916,-2.7515579608936434,3.4469067442618964,-2.5269714615240693,-1.6357756579132436,-3.6032645635790543,0.9359032409271224,1.9327722055470429,-0.3715142216139769,-0.04039870273565799,-1.615413487188798,0.6879516621533582,0.543136461008926,0.08632528168438972,3.133142153532019,0.5403413167799166,-0.6053650220259827,0.3113021167144665,-0.6586966059094154,0.7281598565390774,-0.19013191491119386,-0.8780426055872794,-0.3734574303458575,1.9644859578453018,-1.9118690096716833,-1.0729532997778597,2.019284803663715,-0.11875268989607966,-0.399977651365239,-0.4115000792902833,-0.3735924961020288,-1.3224798692846806,0.7144479852495792,1.7931043597100973,0.8517891698956178,-0.0815733672582488,-1.4453971684984515,0.4659573260661788,-0.02497889811544302,0.47091083375209775,0.7002152239790777,-0.7751879414215662,1.4348546628563785,-0.460947658998832,-0.5180715121817794,0.11718196688828877,-0.8418616376030597,-0.24042728323751988,0.8797271787270763,0.5249353435858685,0.5158663608260391,0.33570279967444344,-0.16834504116354126,0.23112947236959208,0.0394989678661209,0.3164598590783714,0.3827810677367935,0.20335310899945333,0.1407541289722545,1.5222134671162888,0.05745167837366075,-0.1879790112602671,0.4683351436842167,0.6814022373353169,1.3295504377014065,-1.2242056417903733,-0.8018714767326434,1.1167876018346479,1.5856109795494053,0.4994594942141521,0.07680612121182244,-0.5138188726452237,-0.7189475215731596,0.8377976708556368,0.8580564544144905,-1.4327396016720886,-0.3214900504117235,0.6430788360722063,0.3389969096156917,-0.7977651589796848,-0.11305220152807176,0.2574915165466846,-0.19902758623140754,-0.3625966983583746,-0.5525286109797923,0.05288634844578683,1.6990801899944636,1.3731978034783332,0.5790294619836946,0.3060415873518263,-0.3334196576369633,0.6850382932041439,-0.11854346141273735,-0.20039388801578908,0.5845130611743283,0.48781643527662977,0.05451311706201388,-0.4255097441650262,-0.15175757138747892,0.23355327929508832,-1.128682741462991,-0.5496070850321079,-0.3186366372154308,0.1551004291225801,0.3878294248356871,0.12068486499326063,-0.4364405887600543,-0.2307610103868739,-0.9075701067746448,-0.4167288832369154,-0.31038753939780506,-0.4895870500275704,-0.2288706674778735,0.0569296764986118,0.4206263147350447,0.1733911951375139,-0.05504056356110781,0.5010965848967228,-0.18650796286300125,-0.3385560603637358,-0.44486781855153495,-0.42289637686517895,0.15446680557839718,-0.22822558591035272,0.18475619147182218,-0.32235420382737584,0.04000765884371984,0.24352868621731494,0.018245983600086287,-0.788198122247975,0.16533676605633105,0.14633693294209307,-0.14636584022297253,0.7123838082088328,0.10196943687406002,0.7533659808766549,-0.3764561227536922,-0.1126681062096567,0.02570966034735974,-0.14915547081129327,-0.48242808692902145,-0.05969438499754771,-0.08100257371069577,-0.22343066922577773,-0.14191865365807294,0.5138091964851121,-0.07367606222384358,-0.2144077043940656,-0.21677668814665849,-0.01235501349615616,0.07604916509588515,0.030465364564397756,-0.09060196884433296,-0.05319915183039861,0.5984447621487906,0.2748459919874681,0.06686163498318938,0.4636266389721878,0.32802015978361676,0.3846834829348529,-0.003778975167122505,-0.2389052907227998,-0.5875950669179939,-0.4354867316857974,0.24277269584536315,0.08369652029318142,-0.12297444475622626,-0.23819068099603322,0.09108708240571631,-0.06687760786102494,0.18435409355001786,0.13798493811920703,-0.17169638348355803,0.22882818391540857,0.05092971445939576,-0.006801880713417234,0.02890700756939452,0.13902631537445168,0.08658771135163021,-0.18640066422730225,-0.1501316122464549,-0.000506371623406626,-0.03231826929236208,0.09406932997580023,0.06260385460029877,-0.07048956535644035,0.10095150541922572,-0.02002861306492157,0.044815918094779555,-0.06426881962009341,-0.0727194389764053,-0.028628713432109446,0.07184263169854505,-0.03640108746821995,-0.0495553748577352,-0.09263031227549103,0.006415376842155927,2.5646313682235856e-15
-3.493457063606951,-1.997058854127537,1.7765441457027593,1.9076560338261128,-1.921837291441329,2.2295211705249027,-2.6305396489345862,1.8932907658522165,1.5605217611484437,-2.5670927869156275,1.304337921790297,-1.86322900986394,1.024112083373631,1.2179700842665948,-0.0014640555520457732,-2.6147337747530903,-1.0782576430655555,0.6051662470750101,-0.8843244372103499,1.355123624866394,0.5484803528653381,0.3876775664804547,-0.8720934844961655,-1.0504483309420984,-0.9347007304540185,-0.979850681609824,-0.48321294890816996,0.7101968063653099,2.0242678354415404,-1.7605631115068672,-1.8734490114976274,-0.06423699719660869,0.12526243412315424,-1.7814711036129245,-0.5389554677312085,-0.2729930465357894,0.7836190409108185,0.38765174358169463,0.15851704511109727,0.46687397673392633,-0.8493399585736554,1.3129756782394868,-0.9032651824851953,-0.13763077088995074,0.7372105642009324,-0.9211769323325497,0.28499996264732835,-0.6099542965407722,-0.6699973518485506,-0.8971258222297057,-1.072516237296532,-0.055412206850677055,-1.2857556596082147,1.0369925988115376,-0.816408629224236,0.7599589636610763,0.13857173808986614,-0.8341482162678627,-0.741026005938299,0.4464073882230641,0.197867369516127,0.577492397100039,-0.8385639601019331,-0.2606488896990478,-1.3045143729646067,-0.6570418402640337,-0.14680689205794464,-1.3497088855658923,-0.21606805622168695,0.33763634350106014,1.237639187571637,-0.17439219793192473,-0.8233710436892652,-1.4322544883042214,0.22518152890281787,-0.7839029601992527,1.787155301909413,-0.3547204676558045,-0.6485285914770695,0.4842253511464905,0.5688413714211396,0.01384539837381814,-0.29113846306991276,2.122254381873797,0.3893485100532148,0.5851625872410209,1.009138837357015,0.731505037233733,-1.6042660984290364,-0.49016547399464894,0.48283667258555724,0.13164404428782306,-0.2870675337820973,-0.562474273140407,-0.2977615138411149,-0.217553161690098,-0.00042868652824716363,0.6414243244084051,0.9362196805968214,0.24952783399606282,-0.7231280050876324,-0.3728652765592697,-0.5461521846461042,1.274628287750482,0.25173070016519367,-0.010681289394465564,0.08802527520453136,-0.1601933881489928,-0.07807684736923225,-0.042019038017697345,-0.5022729668613731,0.23616491270084364,-0.9652618649149488,0.2781697425103457,0.21454537507480978,-0.09416190371739205,0.40709807644716,-0.3638929623023161,-0.13374732537727907,-0.3950845822785044,-0.2504344461342025,0.7858573665175502,-0.14182020757705543,0.17309518601159965,-0.06891025345172942,0.10950426655728031,0.06753564147184371,0.18635479666510968,0.3383106520883731,-0.01272708275102938,0.22526754684807102,0.27643170768875247,0.3775794530091329,-0.6642166866445569,0.04851023633680999,0.8369045755659069,0.02168009224738504,-0.13745012505817378,-0.8564223821795327,-0.717857329251016,0.08666829608030446,0.4006276327265233,0.06552175578476176,-0.3287859419763937,-0.13761532241703273,0.0050172831852217945,0.308575521207896,0.12306244454787625,-0.1210591842455887,-0.1729724581402612,0.07490916222978665,0.09041587698601662,0.1579504918605932,0.36221662868054566,0.14257424583759956,0.09129757468760549,0.17044322222652744,-0.13680848405598095,-0.30315765614176954,0.1748525267726294,0.02868372556347796,-0.47408579492142366,-0.08598661461674555,-0.09300106711152539,-0.09070223414314427,0.1330709966275071,-0.08740488226460125,-0.1531975396466692,0.0995687355439065,0.17118994311603067,0.013843439959400721,-0.1674846716881959,0.08573268520103862,0.020018740493524027,0.19883649842760867,0.1364196064313802,0.4113249095218445,-0.29941369454565836,0.04244070608192072,-0.051268286548461835,0.046984686987747756,0.05065704480212065,0.06589960923930747,-0.0007476852846397166,0.23024065210109823,-0.030217036149519105,-0.11641506055721272,-0.026014229085072796,-0.013202855377975591,0.06006693186091833,0.1400712664282521,-0.03788567107206009,0.1130289868770252,-0.0071403081044596394,8.843732365961736e-05,-0.03380849107728519,0.03076439712067211,0.04371810403969382,0.018536838463150296,2.5646313682236037e-15
-2.9548095422135376,-1.5922360477816615,1.1882883893323113,-1.4387192894855305,1.4904712245113136,-0.5566654868946266,0.4554818799919063,-2.6967244367398555,-0.48699257751388,1.2389186868463706,-1.7338218606071314,-0.03581170160024656,2.5995396285035692,-1.8846493837890972,-0.461759830661313,3.336144095916963,1.3248665583890566,0.5392232206789891,0.12042093239160981,-0.20433330481319123,-1.0700946523711325,-0.18406959286010033,-1.3369513219588602,-0.6895520276866918,-0.017107044158973038,0.48332163408506595,-0.15349411853749412,1.4524256101705013,-0.5336048892983735,0.8280845811180998,2.3835026858330304,-0.7655485459773375,1.5551331126232029,0.4297249296507964,-0.7207275094822663,-0.3245014645930049,-0.9933239455788314,-0.06354727953769915,0.44927385186618224,-1.3755026785753817,0.5525011517402867,-0.36356817511844597,-0.8263678224834233,-0.27398377185804745,-1.8165317450455323,0.03457793281009634,-0.6559348086100787,-1.6896942905880303,1.3645348768097871,0.8457065829354977,1.2229475471741211,-1.2500713309660696,0.3956494955008441,-1.6087206123532485,-0.3977528297444545,1.2352930596529197,-0.41899798999083665,0.8979104154384192,-0.19322622448983437,-0.8869484951277923,0.16415752235967124,1.0280417823809955,0.1640934067414383,-0.3007263699091063,-1.0070346923107039,0.875186643356585,-0.442603199743124,-0.63608247855012,-0.5477606799007182,-0.5018428299256235,0.4053805085098643,-0.029443083420091408,-1.1529545230669156,0.31010099694891463,0.5800784130457545,0.10104756326301084,-0.927947370440837,-0.39210856057339677,0.47016285636384975,-0.9973904770968521,0.5298720594225057,-0.06004149006409986,0.4818893151251819,0.16495460710206286,0.30606174246671075,-0.17130534150732774,-0.3234540547513492,1.4019279581933357,-0.2647064930686728,0.8880609885445173,-0.7486430443384803,0.07684767093149204,-0.6542758067440685,1.1574205277788432,1.013464262930221,-0.006655818338186228,0.4135868061205113,0.9156068393443892,0.45366982255478006,0.6110115548128238,0.7713355381912702,0.435348652883553,0.3783850224078532,0.0007126070427251329,0.3009068036393232,0.3737276245582177,-0.625105793964211,-0.5817956248615433,0.15009224951554037,-0.006554358409850676,0.6552509836704599,0.37236222019996007,-0.10850340213669407,0.16527428308278796,0.858911431881247,-0.1988142119775646,-0.28000820271229904,-0.4327688767364039,-0.7266157400983774,-0.002838390639956744,0.3586253815767206,-0.20238652527105735,0.12544126635990754,-0.3294467450914894,0.30093334916975023,-0.18134128563571295,-0.3300962817434136,0.27944391079265807,-0.3987615954407843,0.5963888829131931,-0.03352894112855304,-0.12170133442355084,0.015483865116808463,-0.32379606635945357,0.5649697309276899,0.5661741645650364,0.8674949773071086,0.5249391651817829,-0.32849899638705193,0.2899788273983549,0.15153446897724618,0.10178915770919382,-0.12800021843621667,-0.2466922963885383,-0.44583280023584926,0.2889540602299832,0.1887977241582995,-0.19162039232382064,-0.14725103856055557,-0.20647678767767003,-0.17486183002162572,0.37483290336926073,0.02309540678356127,0.18041942671913008,0.07991653183323834,0.21952319739786902,0.18765689170461808,-0.1092645176381861,0.34836665483453017,-0.1891850341392567,0.11370509800859654,0.1345583133461891,-0.2694147062836689,0.07942025659545181,-0.16734381123748676,0.3883527680167374,0.4877190183319693,-0.28452235101334244,-0.3888732495068892,0.0941000913835119,0.30253092586262836,-0.0665938938345267,0.1385489126912067,-0.04437670613617835,0.026373711725633936,-0.14204585999036534,0.12658250113120467,-0.03818890339578651,0.096862037155415,-0.18046122944248189,0.05797424674757917,0.28347327059538024,0.0792298155057533,0.026981324141230893,-0.0009274826219106055,0.16993553913453333,0.11209107606972603,0.0912135762549059,0.05366089535200208,-0.1455913123092073,0.05388973795494368,0.008824753363118243,0.06025375103843739,-0.06425815141550095,-0.06027299912325753,0.06445581681959833,-0.012192103343806123,0.03127499844280522,-0.01922912807295867,2.564631368223613e-15
2.2633903875583474,7.211977051553309,-4.845517281228718,-0.8432695453067203,-4.550510361855556,0.9356093120266654,-2.739924924144626,2.874622193368603,0.01924750968424047,3.2529319432477743,-1.7095842917626032,3.8225851875223147,0.2769370577192459,-2.744140757591949,1.5669632576333874,0.48349766651636455,-0.6747865210557453,1.4186886541800057,-1.4257998531742915,0.31444622991962723,0.8447812233222481,0.3510440074332081,-1.0654273553530258,-0.2339533266948831,-2.113856684786748,0.09701361148352648,-1.890584393571513,1.4412195256232871,0.26483985180101166,-1.538555863151096,-0.1562572384554776,-1.4296432672544968,-0.27719148738391347,-0.555805159209515,-0.3982595059509498,-1.1937422250046175,1.19296473467555,-1.2237950124987358,0.31234282003314473,0.05736084369028222,1.7908447267841447,-1.6964749538672104,2.1337933672893206,-0.8631031024485879,0.5993936806342549,-1.0300841595544517,0.08778184925002629,1.2453956144609968,-0.3342747540338332,1.9105486824411229,-0.8046033675554457,-2.771235690427359,0.6451363231090681,-1.2460050824566964,-0.539271601786797,-0.5125569464054918,0.5536460122479372,0.0991375474645756,-0.949981833744724,1.2268102318795724,-0.719046940284973,0.17168925510753066,-1.6787015934373484,0.23382343183346305,-0.4979491021218942,0.28610122473994715,0.8656788299397107,-1.2479438472409559,-0.26784339879616026,0.12232483779407942,0.3189800638441036,-0.4582467606831532,-0.7957446080907106,0.7704688911315253,1.03210885151377,-0.48087415426779107,-0.07078202759075211,0.3157790932208718,1.179527930297389,0.8304024161899041,-0.5692134677484632,-0.3351618354805273,-0.8523886360783124,-0.13520291841421214,-0.8772993597004553,-0.03268629246466327,0.2762678405287967,0.5839591253545939,0.5653570878076809,0.9075110314748114,0.7301790607491725,-0.29751966533422375,1.2442332159407232,-0.8884141415036396,-0.9869145455436347,0.26226397920766065,-0.3065449500171868,-0.423821442351418,0.2001690360016933,0.49742325694793443,-0.7847338789951852,-1.0650558026001136,-0.18856336909553412,-0.27116824265431483,0.626353950133767,0.28048550039875136,-0.6279628040377981,0.07049283417199342,0.29835950913062337,-0.4295994646099015,-0.8865156717496577,0.22718551009390717,0.15339829648118897,0.7248357582849985,-0.5434920177198675,0.5399722945385572,-0.09780998102584733,-0.2459509558653083,-0.23742996551757445,-0.5496394127985257,0.26368322922396137,-0.182125157043664,0.47941312116706397,-0.23192016761193035,0.12955653894202188,-0.5787091726587706,-0.6534849631286274,-0.3658116171509346,0.28345330592396617,-0.22918285303082161,0.3263194620849869,0.2792896951424003,-0.05807753697888715,-0.2899584842132217,0.5678115523613464,0.5189319257838075,-0.019966331348217403,0.01370935480573257,0.368186370154826,-0.3232729608573047,-0.07693040994849555,-0.12888385422461213,0.5004690294472391,0.7129496822296099,0.03738292493197772,-0.2178073006419886,0.0024591348929788467,-0.7292347776056526,0.1629592667768536,-0.2767184254805461,0.1767334090915515,0.3505104686269284,0.42596692238686523,-0.11915671137026734,0.07245965401864497,-0.021996295903155348,-0.0981221534617471,-0.07257200010484205,0.15943505899668867,0.24074864415509337,-0.17283422767781745,0.4206144609663062,0.16558366399701452,0.012057047181080213,0.06646448000455887,0.12245229991888833,-0.2185883388989942,-0.1876561049046626,-0.015446772526815982,0.06416771047772801,0.23527503308918002,0.052078068785069064,0.10828273760915753,0.12268819462080739,-0.2732993459873586,0.13207635984839644,-0.04991500464381002,0.08218199006526795,-0.04983287615259257,-0.006450191196000316,-0.039838147798012896,-0.1808474833611422,0.03026835463766592,0.0002540992016085625,-0.0005519426138431639,-0.05692252835711909,0.08499946320251266,0.006572693779315211,-0.08782530268324683,-0.1089843830767328,0.04372705437585496,-0.050686029248643925,-0.025366704485441524,0.011764236804003776,-0.034430208829091556,0.02524629102434322,0.04714830782174064,0.00625027486306771,-0.002658995027754551,2.5646313682236037e-15
8.07374339829568,0.03170415927885983,0.9272163381617105,-4.621465973664078,2.5877710025596086,2.592624652897256,-1.595587799605895,-1.5472091896118012,-0.31003289372239473,-1.71945497336915,1.7470144329256154,3.582277249662027,-0.13486480048209662,2.2465434063119196,2.2626055048857685,0.9828484950081354,1.511879316624604,1.0565581015787124,3.2660272725729733,1.1177187745071964,1.8745267334323206,-3.0453975216056515,3.6744884467650962,-0.39271048598845293,3.468252482976849,-0.8052514824438706,-2.7632291485995366,-0.99684845405752,-0.6240905198990956,1.6956445797308672,-1.5523012914252443,-2.223196229256234,2.5937298425439503,0.4370358944330804,-0.6325541712787701,0.457693230607573,-0.12967878269385077,-0.5836854944386726,-1.087857323754501,-0.2189933973368333,-0.2928853846427909,-0.07745640584065311,-1.7607509950294145,1.7822894028478422,-0.6723156444453807,-1.0755122974772109,-0.7084677267194803,-0.9793014767729659,2.497672303497045,-0.8331674168000869,-2.2999044715732158,-1.207649764448845,0.1111926748804732,1.9626281931700893,-0.610365627329628,-0.2665494468040846,-0.849770899358443,0.634561999530264,-1.246402543874638,-1.6113370055667926,2.172771142252136,-1.5911593901066519,-0.8624557647694372,0.5124418172578047,-0.06606931299545728,0.5877890958708916,0.6075174305794241,-1.1808311467156742,1.368952472258692,-0.04759317450293324,-1.7107932796902772,-0.23393554548219786,1.5508401099604556,-0.6269465988068115,0.12222484202394575,0.1613887612376502,-0.9488948513857417,-0.07880887183513158,-0.5485207861103006,-0.034715600103601064,-0.6860879306353648,-1.5776814493631859,-0.2756275205601526,0.7932370980314007,0.3564923651148561,0.5678503571740687,-0.5040821876961545,-0.05081201461483926,0.29657809989348616,0.2685248757648127,-0.09038448950674949,-0.24402238654489397,0.5570098173029172,-0.7658443859225582,-0.7606477801736793,-0.5482993974540081,0.13835399960162179,-1.113277544391739,-0.05908907958649744,0.45154644439987635,0.18072050900394224,0.528034543553165,0.4883023231119222,-0.3637900966638532,0.08128596077947409,-0.43147067544014833,0.5934711751725948,-0.18258574519741838,-0.32643192242357466,0.03494800348370856,-0.1941117030247898,0.004536601319378539,0.11045194259859759,1.0155923027526121,0.5900574941165272,-0.04684900171603682,0.764946189237174,0.15985241921370638,-0.03428062261876336,0.3135191886105357,0.07377511895651548,0.06723844910310652,-0.33038319544119954,-0.09970721579155237,0.06551306476060165,-0.38637746717967975,-0.07881832286764343,-0.3269865143664617,-0.7647151020662093,-0.13475345365164992,0.2280290714020812,-0.04280232546394323,0.1433748660989324,0.678872548529316,0.170751394589281,-0.05661290145223206,0.07057004403037394,0.16244957846670796,-0.26503644063792126,-0.19061545981964248,-0.5317747640011549,0.054167162371392914,-0.41554019429015393,0.007032278060575531,-0.10266157132191665,0.10088104844389503,-0.03627519762132307,-0.17475147601234495,0.07236605448694108,-0.011184633085464437,-0.1379487553950706,-0.14493513288519125,0.17269434979991743,0.3008800054469733,0.20077656422796453,-0.00888357103114227,-0.1064401295540859,0.17150206718015315,-0.15108765609229413,0.17500805368479744,-0.09568659332849963,0.11661758867588758,0.2092567856381093,0.32814959269855754,0.061070259550280254,-0.13748820285371127,0.05997614749382242,0.031181173463613095,-0.05149805578370962,0.12781652455403703,-0.006302611274081546,-0.06707076208136115,0.090205703786221,-0.15351353903014625,-0.008207391577418106,0.11318040599950602,0.06401407204118148,0.05019433944661405,0.03943807765745358,0.06421039959632702,-0.07703787469250953,0.0014735873673269676,-0.01620987691987499,0.01799745578450784,0.1139969677238361,-0.06735561643223535,0.05537694203885785,-0.004255311515266307,0.07933756169444264,-0.021650842622359254,0.0376925100177134,-0.06580708240893597,0.06262125821457197,-0.024676034614889677,-0.03481432428064885,0.03275042640917032,0.06781226823898247,0.012746487396766799,-0.06864649958507128,2.56463136822362e-15
4.531179858386144,5.740969979294404,10.846688000804773,2.2332098269502505,3.142162491232579,0.07346803128374527,-0.15001375313703905,5.183693006833085,-1.441982197590788,3.292366162316334,-3.803593014789656,0.8776185956129521,1.8096038542243347,3.403510764750358,5.613327681530062,-2.8296533816282565,4.07959377045438,0.6520287061905873,-3.624025556148783,-3.9164821338384606,-1.4056345386881983,6.777305975219133,-3.175176020773125,5.769872473156871,2.0117424881219637,0.38688312302514755,1.8222971769597502,3.0289085820763497,-2.907508183580666,4.657698637003965,-3.036397725934521,-3.2933523296136964,-1.4861334060439189,1.2636242051493871,-2.8820750445972436,1.5185066029203576,1.533352750095763,1.3792342348449544,2.2742676729162987,-0.057131351356216366,-0.5915486353128863,0.4443883245279321,-1.5620332037730014,-0.0005851055720781582,0.31413831539762893,-0.8670287339781299,0.7950560929219729,1.0433797227475197,0.026643454824713593,-0.22739465553648203,-1.0286266020308872,-0.14325389946823713,-0.039133714007538685,-0.02004563453861582,-0.1715093561976552,2.249609100217236,0.05508744318658072,1.0131113755193304,0.05325942033828384,-1.1832039870215554,0.31353831550419053,0.7500803020119443,0.3136196188541821,0.12521003148813625,0.6813064441542307,0.014507271562578018,-0.5119004354381111,-0.610709140946276,0.01240813910570532,-0.32703794437251943,-0.25683941105212094,1.4762334304077736,-0.1140818906572399,0.04944570392847722,-1.149108839091022,-0.3822296007119701,-0.08513917180386839,0.48717488268488174,0.17510633588173047,0.6011761047605144,0.4871277361380856,-0.1001148861069802,0.26954253445016246,-0.45932021055696254,-0.055972138253261985,-0.23361697034725953,-0.04648928865782194,-0.09099418196994277,-0.3033495414618256,-0.28302679881555104,-0.04397847953674804,-0.31194427255882434,-0.11419159087737331,0.07399211247966582,0.13766676088464747,0.1267463261096051,-0.4866180216222095,-0.2985572485595101,-0.11276574653630979,0.8528809311462665,-0.1929578896952837,-0.30240711686468547,0.18307536952472558,-0.079424673240284,0.30208913456604597,0.14505455565614583,-0.296821350804241,0.29967537754082413,-0.05431958704684378,0.19922963981366992,-0.23843670460161917,0.05722850748021119,0.41019993592905724,-0.06887250671865167,0.2203587388866588,0.07358458116247764,0.2253186377013886,-0.045014405040535437,0.10549661171410743,-0.25585825192550393,-0.43659810863108994,-0.1447550082204396,-0.2647841384064489,-0.20688415821966752,0.056483837501909294,0.04788080244841531,0.14186114948868486,0.19477228221818707,-0.29247834545387,-0.16134873306704195,0.19426908551981645,-0.19707959264054897,0.12418031195767817,0.19364901363086287,0.0001666993927307223,0.19504238566589435,-0.2926006832681748,0.09119069311672869,0.0540333118600083,-0.04831013784211228,0.34260647979720293,-0.04305667244172188,-0.02194670979918519,0.0516783997135435,0.05507062890807585,-0.08465261311267304,0.11269926090417773,-0.06188434174437506,0.0927957476429653,0.050417268231783455,-0.01961937855946164,-0.022149598602580554,0.09048727117588475,0.06571796405009254,-0.013794673600816423,-0.0700273570958123,0.057390373992030536,0.056612921358156446,-0.1286752435204808,0.006262693829517554,0.07428260166349501,-0.003539053259060705,-0.011658043229744022,-0.026649211109023796,0.050571546943850625,0.003850747269868428,-0.09387793141908987,-0.03212412941074415,-0.0476324666392922,-0.06531791070832857,-0.023908867196040077,0.007448923069560896,-0.0028679620026386033,0.04736809113982615,0.0682796963153098,0.03267008018462908,0.010608648521927978,0.010233301820308103,-0.04310717796716776,0.008238833017368092,0.0173475525691016,0.033132265402429285,0.007982493515730623,-0.020828936075034693,0.010601373757786275,0.023879988726269105,0.02231629432295257,0.018880383278901434,0.010880887534110687,0.007545798080531897,-0.014524167592161921,-0.007120088902844349,-0.0034921610042417768,0.0001601085663243941,0.007094903695521406,0.010480962730499322,0.002851459445906179,0.009983718458653482,0.0040377851674972265,2.5646313682235982e-15
-5.623546420017173,1.081656171030812,0.19192152157967007,1.9938206014009314,-1.3877654266891917,-1.4729701912081972,-1.8813792444278676,0.1702430289089228,0.6060580885188656,-1.4281723633688692,0.2300005913237941,-1.7120977600197411,1.0208767189938266,-0.9284632712135886,-1.231678899001679,-0.821801956410677,0.2896816813470071,-0.4144615923611036,-1.2265589298987922,-0.3684154383791562,0.05969885567189711,-0.009653429594964489,-0.1149455601503832,-1.6202319180391833,1.3973295562836412,-0.71846175255899,-0.31080620899449574,-0.07852622414900595,-0.6279815518710098,0.20640482480740907,-0.43052065729860844,-0.26621149877576344,-1.6916598272174406,-1.5387267982313595,-0.24093643484704316,0.33098062990615074,-1.443886290131129,-1.5669080280705683,1.1165840167404228,0.364560781524576,-0.8969175123385358,-0.2752865400944292,0.004824036437038079,0.4793302846816152,0.6050381036425969,0.11008970902276248,1.6331017289390235,0.1789404185799229,-2.872943815138982,-0.2046824559994939,-0.4442122265432446,0.29368554081168535,1.1337643483102018,0.43251352748955,0.3691829432812201,-0.6392521102786258,-0.4822241907120731,1.5659791109132126,-0.11207167247146044,0.12589787908389263,1.3265714437588045,-1.3984112678969347,0.010784586555293215,0.19186385192832428,0.32244623341014983,-1.524361847625606,0.8067884813309861,1.5661051113549704,-0.10828434045285268,1.0913835618016532,-0.41173680806114077,-0.36013501407159926,0.6783829589259741,-0.20199652631228582,0.24422310224823532,0.04043031568874163,-1.6240876767092707,-0.7343129787833184,0.4866176407392699,0.17862245536723514,-0.7783301484473768,-0.03626197010980821,0.7842457426768271,0.3715020916049145,0.2537686259922495,0.23020047395735965,0.42246007975972305,0.9076517759679833,-0.3257757098704626,0.11344425602713774,-0.5509343868401082,-0.8011325537387736,-0.13543368502380249,0.7609718809954741,0.08701069979363846,-0.7944234085295607,0.4073275500939464,-0.13949679094009157,0.16127205989871746,0.32752277060499924,0.27785984907573263,0.336556249093935,0.8897244101966197,-0.2428592534180834,-0.5152112620294762,-0.325056596631499,0.6290755304097548,0.2778918397536657,0.3763647688027167,-0.10278413774373855,-0.0804160667252442,-1.2272310341300565,0.48748268129101074,-0.4506617315722355,0.12397162804023473,0.8925828343967773,-0.8046490960072041,-0.5234953356453521,-0.5445496798274142,-0.3774874166692797,0.01843463995741075,0.32383169052205113,1.1462647648252353,-0.35633897504649087,0.505456586758949,-0.21868493661327268,-0.3806429397277869,0.05017335937246361,-0.6155780146878543,0.1172236247250774,0.12394718049653786,0.6705628248061074,0.3600117552157818,0.022579867763239034,-0.3214771858868884,0.3418227819108654,0.10248534061196819,0.6499935763055754,0.15460256624217944,0.08387001523519585,0.04014241343509918,0.30495439372377214,-0.16435361047582445,0.43803468369926535,0.8515199953911013,-0.4504876833620423,0.6771546119273235,-0.3637715486380041,0.28959329359731434,-0.36393271621591433,0.032350027070559534,-0.42065759762290644,0.0666550896604862,-0.09013123925011542,0.05763782659312484,-0.23998112519574596,0.2934860705809984,-0.2849546126510794,-0.21293463442305652,0.16084774625407927,-0.3058025829880442,-0.28878864141007926,-0.2557010678685939,-0.3111932117142226,0.19584024079395948,-0.08451161364997606,0.141298212877278,0.05918886691531757,-0.3905588634834772,0.05844028292642549,-0.2656902674068857,0.16083421941381384,0.2411512514243706,-0.04226986883237771,0.019419303264991635,-0.008783286719641398,0.10306350443654828,-0.03612366315902092,-0.021556522584647988,0.20021380879814868,0.027761497261387293,0.06450407033301185,-0.16499315332736755,0.06600358290764492,-0.011153537406923477,0.08208069455915361,-0.02850547344785666,0.038675525896110424,-0.14111434970417497,-0.05625650544834956,-0.004391065960812532,-0.09757720044311372,0.06290207539546058,0.001398439938586291,0.04126863083597247,-0.013218592588887747,-0.04140589605224214,-0.042682436652981326,-0.00977350771672194,2.5646313682235966e-15
4.121405981951744,4.106735804371667,8.144882436250962,2.095513804910053,1.2326517709437892,2.0739944861878197,-2.256853486113577,-0.6265838371613126,-1.067431352355056,0.702623579343306,0.06390554782100394,5.981343978552705,-0.38117764436047313,-0.1433242743810055,-0.7528309266065648,0.2980803618046802,-2.0761376203004986,-2.0094866083731144,-0.4319405597505851,-1.1396749074354708,-0.31605315080451285,-0.6178898010885021,1.1164511379229096,-1.3392305087158232,0.5305577683128133,-0.8496125611769804,0.18133010436112185,-0.019736039567400547,0.3275678409281454,1.253336653894658,-0.46551297640708367,1.3920408917578704,0.4479257321594515,-0.952896336193847,0.9931474622839754,-0.1358040482928099,-0.8245253975667738,0.09458340429090054,-0.16246549029763083,4.25311951411607,2.0676702081126486,-0.34445077928975437,0.21454352080857886,0.6834955025590183,1.9112369526057562,-0.31758712258516963,0.8987766699905757,-0.843549672225269,-1.981859282150096,-0.2864594315902393,1.592233595883955,0.037384567700397435,-0.3021171177803241,-1.4108188997135431,1.538342492401622,1.0285299354351585,0.6660225423013094,0.2921153501078479,0.12000955321213011,-0.9284435209715886,-0.7563877971750785,0.25659695601536014,-0.44453382553144694,0.7298191614776801,-1.514186708832418,0.22141484074207562,0.09242860331453245,-0.44831765252220634,0.29501271840510357,-0.7014322151601929,0.9289170521440381,-1.0169422903262035,-0.14426140304465992,-1.3306492497274227,0.4508505484808614,-0.810631306021552,-0.4673173878034028,0.20390634628979368,0.34304010224212794,-0.20535849776261447,0.16066018189463835,-1.3425684635607262,-1.5324911671198767,0.2706781475201108,0.22062130018765036,-1.2245971185882205,-0.6548223593905135,-0.4828897301142453,0.0015027847311263132,-0.6436153902630811,-1.7024286976651648,1.271192218380634,0.7280922566897821,-0.8731692865507046,-0.36927776753675606,0.805246862794883,0.8631814966131666,-0.22710791939273284,-0.4531377680959501,0.7393464677336464,0.18192662303506354,0.6604059909973475,0.41685855349576056,0.10874700059483373,-0.7676619882657885,-0.21413730804313408,0.08958861730847205,0.15763464490570445,-1.077351843298219,-0.025006228178485877,-0.46458691198225727,0.6064121443315824,-0.3770116913833099,-0.8395838575884617,0.4219689520902188,0.7383375926236949,-0.6834053731580749,0.1483618634184444,0.04666650340577603,-0.8982101537714013,-0.1856375149307593,-0.38945931862932226,0.4981678208085146,0.38300370655274135,0.33516914860306185,0.26237791603934124,0.08329828371670323,0.5010960975716838,-0.31579320280952633,0.5372288093169092,0.5331190996939216,-0.3018920972986046,0.013476106500676946,0.4567985975922591,-0.0038484205714231032,0.021833746619785335,0.3112073552850441,0.22047966145588968,0.11521715125677517,0.13541083493310596,-0.37359455326620805,0.0343644977821028,-0.039306422475019205,-0.17311051120426613,0.2026316341801803,-0.2593243983061099,0.02537434543775279,-0.06056621427441004,-0.15286843854367263,-0.10237779753380197,0.07585890243933407,0.40131089939337966,0.08544375505785597,-0.07262056109472992,0.32239845473507706,-0.04669138462507894,-0.24467389644696305,-0.026000141968795028,-0.07074698355422948,-0.24804186603179637,0.5210996843713297,-0.04497188814255726,0.003282119581501325,-0.017791430815494454,0.002083850317902146,-0.016685657817621904,-0.026755430955418543,0.026983039466077684,0.22730356500403348,-0.21850829919884188,0.1812531299242529,-0.003571886828650834,-0.20888669815929883,-0.027794977338354343,0.1787758795076982,0.025864670080529683,-0.02004228677477665,-0.007693957661370831,-0.12613146049926902,0.08438059823510972,0.12400897636343142,0.016978897935278587,-0.060747556844909345,-0.20764907147485498,0.004035741077023143,-0.08748645265665198,0.017709381838066078,0.03556379253511349,0.01950577895574475,0.034351633954062814,-0.027814173945771195,-0.03487542684729495,0.07858509807550144,0.006015188352627935,-0.041518807321918975,-0.03569117651998037,-0.06896272454702757,0.013188764929328167,-0.0017518269076554102,2.564631368223609e-15
-2.2597456603449775,-4.167240679178475,1.7860726335480135,-1.871026290544409,0.4462750983938717,2.464812310554849,-0.48693703441333247,-0.21764195449804316,0.19225131194848746,-0.1706085470304869,-1.9604100991012328,-0.25155524874446944,0.3650539832314657,-0.1089633862442305,-0.8644804626961529,0.7844733767868131,-1.492558419496552,-0.7592626037823367,-0.4105149534090328,-0.4792647676952064,-1.1292738905353963,0.5692747938115987,-0.8338951990577205,1.2498551839291532,-1.1169765998253953,0.47749832561374234,0.1777520445307649,-0.04444783708367132,-0.0745893868735142,-0.5598163742348736,1.7507200672825072,0.8501910273333702,0.07023659296240331,-0.8647888355940044,-0.9145270764222083,-0.4868750625654672,-1.2728680081521262,-0.10637739564240167,-0.171821797656785,-0.6571241407175967,-0.39669777299286546,0.5294856683737489,-0.759074299986574,-0.6170095006356621,-0.4697879180737039,-0.7427311587652797,-0.18277860157141906,0.2695729546918512,-0.4656236260527694,-0.43620200199755327,-0.35255536473663135,-0.1779652186792929,0.09921556523051495,-0.6046530380514819,-0.0777816363692093,0.12778228321734475,0.0760281161143643,-1.6758860279118508,-0.0069569965912806495,0.35878588776289083,-0.4552188064844609,-0.5873089238744433,0.5130679039838032,-0.8471090452155062,-0.16454461605844709,-0.2476828398531956,-0.551598878148989,0.644544474000459,1.2288071509445686,1.2862179400140168,0.6164988696991128,1.039828861594588,0.7912112362387529,-0.023666972829196168,0.3083734882594479,-0.2730995525981121,0.8127360005758789,-0.6168595769315579,0.037475538584836265,0.09625121336457605,-1.3838869523365431,0.5346068441944914,-0.5173310899398652,0.3938350970825403,0.40927294858040864,0.024859540216143106,0.6121081941360885,0.0040197627309135455,0.35213355219388326,0.3814542732043604,-0.283447009183952,0.29423691226649296,0.7812617609002551,0.5985876111744938,-0.25466082150036423,-0.9486117106244703,-1.3279065825405802,-0.9270546008425717,0.28235403354472294,0.07669929444669304,-0.1022353899573141,0.7585594268787107,0.2935668884033677,0.30382053078796883,-0.39821080622008104,-0.04246609261047562,0.44338066848798424,-0.6550463136952699,-0.7582694289740491,0.5264706897161764,-0.2369558912968506,-0.043814158864288875,0.7345122324072342,0.01145663163152051,0.3766101110606967,-0.6149399112470584,0.3626032930870089,0.1807955425444027,0.4213501261190214,-0.5704712437489511,-0.3058358483653506,0.19490487315657873,-0.13624373512442128,-0.047762127915074386,0.19153983331986343,-0.08319446940834099,-0.08564240403345139,0.08784862092983456,-0.14175489425581408,-0.24683433373984504,-0.19183287537867233,0.6129082700526474,0.9883973289918513,-0.07223099916762854,-0.4384857158591907,0.02099175970504045,0.09374414795797055,0.24485575510150856,0.5571656967416079,-0.5583765864355253,0.16438611472113113,-0.5046632983457912,-0.020800752165448577,0.15010412621517671,-1.0740381165271462,-0.8714595295684704,-0.2541544798764832,0.16708293388132495,0.5140223443373103,0.19506369816418923,0.3806372777824011,0.20006718972184964,-0.2410886403160793,0.23839618605426408,-0.028338373699709915,0.2604418653680487,0.15467527400771175,0.3496265440425179,0.6312453312559636,0.20582546554972467,0.32793585993302493,-0.12890754851927536,-0.18241221406636443,-0.158765815339113,0.028866778218697348,0.011701939393478526,0.08760696933231464,0.007082968405878673,-0.1329402079595511,-0.08344571373423765,-0.17598743742781647,-0.05197771651359603,-0.08749186122681181,-0.3470283843696685,-0.13184502573762535,-0.07549242519717013,-0.16755691856883914,0.06258789361113257,-0.08283891735084323,0.1237107055651033,-0.13348320929466406,-0.09680251912551989,0.1740055395619085,-0.1564772239021938,0.17835045493865723,0.07538961798999001,0.1976651443612532,0.14770165773715957,-0.07630485936846032,0.02253294970489131,-0.022118044235575736,-0.04915542554754458,-0.018176213134026536,-0.03134020709647374,-0.11331324297165267,-0.11919289573211021,-0.021006908909644916,0.034321518657518424,-0.023320125336503232,2.5646313682236144e-15
0.37936486280886017,-2.128505090335895,1.2995619036667783,-2.194453744505969,1.3865830072441956,-1.7055793307115683,-1.5986700727092298,0.8236485905430514,1.6184624896796043,1.1323591823243915,2.9174017317765957,-2.5003130437587644,0.33152312293661906,-1.8670304756358942,-0.23711801102484606,-1.5721124835766975,-0.7720565521582283,2.536380911011416,-0.4332473612396009,0.4316935472850862,0.8228595103217081,-0.105373405298122,1.5140834840431685,-0.4090726794849859,0.5897837876124113,-2.398819840942262,-0.5005163349504724,-0.09362895285614205,0.1743325564194098,1.366758436141407,-0.6233314604128691,0.06258396529298799,-0.6891484415662346,0.4028336022859137,-0.8508391447567893,-0.05156451479773452,0.7300696998856948,-0.3489578191737492,-0.1707969765766589,0.23034567711724413,1.1133826257575985,-0.3277726894980048,0.24266254606705834,-0.08114715607211546,0.2639366369595202,0.49440222826578173,1.0086608732299194,-0.11485859909517103,0.9834973676963508,0.7967457038618445,0.25942126834639484,-0.7936395696592229,-0.4540971097478625,-0.9296511996297003,0.47980145319709455,0.3355413837684827,1.3287239947089562,0.44090229675921766,-0.0680190357665284,0.4362401934886448,-0.5620392046424459,-0.27074934109652693,-1.2308112819433483,0.3582736898201853,0.12102355424590722,-0.2535858199142155,0.11796432616108786,-0.3678821403502384,0.28398835468492994,0.11768076888647129,-0.216312768937359,0.9404859816050711,0.5970023515922231,0.10132765616445481,-0.16958265254438523,1.0416468918118356,0.3266591029660733,0.9908576360849711,0.24490487519208692,0.28099657602292544,-0.33840149767002314,-0.5121728589833754,-0.5892640599478934,-0.07594157659678873,-0.3205592975833937,1.2656868711147542,-0.10348898942059331,0.20345453660502755,-0.40279813386142016,-0.7539811890629582,0.47666587674387123,-0.3167215548776996,0.17576901632609743,0.18700102937885532,0.3776186460404099,0.40577079291035795,-0.30521469155793907,-1.0032834811071973,0.5901246141422126,0.47689298330035335,0.6080600067820294,0.02587356609305909,0.060378789931045125,0.3995899579081284,0.287978943551079,-0.8763400974251326,0.8669374089866101,-0.48487196898918167,0.5693651081307651,0.4699213366483209,-0.9011094905035336,-1.2296557305879485,0.16815566775131738,-0.020190211738559307,0.6033403677875372,-0.17084919920642663,0.2806138289300494,-0.002504789869654252,1.589816433726596,-0.018436713629250614,-0.4176062998915441,-0.3939401390923815,-0.026713286201817888,-0.6579726715188104,0.49145481953214554,0.2573690985426104,-0.37093974972814653,0.8677495301706323,0.08424967994719683,0.636085734462546,0.5617382338590176,0.14644548568144897,0.01977321885293466,0.11294627910074426,0.11180718095989217,0.18835116001511173,0.16202171446232133,0.12078505534256957,0.38873690932729993,0.5529935374999406,0.05475899477475285,-0.30442509056992845,-0.338385983010157,0.010881082978600576,0.001156557627195488,-0.17309089811298156,0.2809704238183091,0.7946886438821198,-0.4375540705736482,-0.15252233777237337,0.13783099676228008,0.42679065424672663,-0.34990103485006135,0.07037766293763864,-0.26016219602539165,0.37824037514446446,0.08235377415874592,-0.4899780019933328,0.1560330873985776,-0.2550463968817591,-0.3639078095678449,-0.0259148089943338,0.10752646440054092,-0.12227098927141113,-0.172665999778506,0.10613218467223302,0.07723132549339509,0.2023954740626796,0.024239574530533624,0.2894584527958941,0.23289733312803462,0.0160553052557595,-0.2261271163964891,0.060853876546085164,-0.20290098015776575,-0.0689657802468388,-0.2557822856028076,-0.29331937016740633,0.07560284788292876,-0.17607872064475,-0.04938924761720314,-0.1418464152166867,0.012857536379662906,0.28074976685777686,-0.12420164078523659,-0.07173324827777253,-0.0034583932384038897,-0.06894289757752106,0.029327215673616052,0.10207217665488201,0.07807443798010387,0.04937586531716429,0.08436778722224393,-0.038915397130664026,-0.06488132172254397,-0.02326664264194185,-0.05354360616993061,-0.057991693112076165,0.015665237870887885,2.564631368223596e-15
-0.6653812234955844,-2.4264508475370956,-1.5287479666640833,0.8419263729791209,-1.9106266160174286,-0.1731123294594885,6.118206808819061,-3.1561979292089615,0.06152612291077569,3.8613505415967757,2.766388645272277,-2.8205387237378314,-0.6134666073330659,2.1428593389581883,1.9873453814446147,-1.0793531584972373,0.07095224298678246,0.04560179828213532,0.2144057446482562,0.9382260752276246,-0.1316631087663181,0.9198380072081899,-0.16985894983265723,-1.8772099074760429,-0.4135252443563147,-1.0901831468594843,-2.0653508398476617,1.2933105605166892,-2.1401914401496436,-0.6161623067166017,-0.6675365906249463,1.3105012202151414,-0.1397922320385234,0.26971871269357783,0.5940914577811268,1.0623942706402658,0.8814873760320356,0.5656118840307355,0.8853325054663211,-0.45309144566004217,0.3548295433255205,0.12562277315925893,0.9199573683727669,0.6590656081787859,-0.7821884764844583,-1.085499282190057,0.4573629452892478,-0.4670766467305641,0.4169510899581205,0.06809935877284379,0.6710767920237465,-0.8221221731679218,-0.1097749192061469,-0.46067752224790043,0.2877762299940142,1.2982167274392384,-1.2659627244325695,-1.803033721167968,-1.1841803859156002,-0.9298741803818745,-0.6445174024903285,0.0024431883513248735,0.4615364615269606,0.6346003645627466,0.33256663694275745,-1.0116423522596953,0.31454280115410904,-0.5788797385419526,-0.30734875680329626,0.044002935306668295,0.2286392538437724,-0.7048639704447955,0.38106810449705153,1.0753012927135366,-0.10568301720119594,0.7791390616910749,0.7322011293492323,-0.0724579524042696,-1.8364604413911265,0.10688563144543267,1.7436123452638084,-1.4060925936973956,1.0900108880655583,-0.8361111107256456,0.5437813079090743,-0.13055761865357385,-0.5337855898541409,-0.09098697605077131,0.27558645621451017,0.15887089034685298,-0.3376614160732475,0.2891518450368887,-0.17545437103712253,-0.5380984350440223,-0.725869781796253,0.1772959845603183,0.05173323211635174,-0.5129189080777634,0.338280277107484,-1.2456887713458356,-0.1794494500981783,0.3165751002687519,-0.789570474261004,0.3005413428166982,0.3643263192749107,0.35761953220888054,0.35167983860173424,0.17221399786250116,0.821895537151184,0.3611262275744136,0.1635722807660347,0.26050761113862103,0.3450358042314628,-0.2433401000324586,0.13136976497168712,0.2806098167804164,-0.9320314336520856,0.07328277559857245,-0.10933735842630488,0.4561527556458041,-0.23579542823483918,0.3845609455883533,0.23716274062508988,0.20245468803222896,-0.1675888012561021,0.1942376132345395,0.48378835240730517,-0.21264323502962992,-0.59145546039025,0.028435624690524627,0.1941206302942718,0.44157574910366615,-0.2260537631454816,0.10274788134321156,-0.12559981348015686,-0.08777319751774275,0.22619510027696033,-0.07090951817731478,0.002312521723866031,0.305164608332199,-0.01951929161773314,-0.1894592549085769,-0.3549851925677975,0.08334582172423836,-0.1697008806590637,-0.25711632096204995,0.1262709311520643,-0.405418393082366,-0.5477734386484918,0.03930599995695278,0.34819228460637086,0.3985015445057034,-0.15538051061926658,0.011639906205248237,0.004972060704307654,0.22394023095644675,-0.25561529497380303,0.12120133783290642,-0.19595833778540664,0.4371315396023149,-0.006147401595281641,-0.15610998023073547,0.08035459797916229,-0.18203342247369847,0.2368353219351115,0.3236513963072263,-0.18974858879388407,0.28467389643487606,-0.18654722271304583,0.06463466112648586,-0.1938289589159216,-0.4005469650747238,0.15016840271260765,0.15591808809136684,0.016022857936705354,-0.09542441704217444,-0.06944229078692751,0.025916051303877183,-0.16328601877027238,0.06298709774600192,0.20594432822452505,-0.18153616551167112,-0.25577210977866377,-0.045251270134416,0.07424283292865104,0.10899465261019962,0.20974141824670506,0.057716920170752625,-0.024083111410250612,-0.10898830487809537,0.06090036765167571,0.12454509694434707,0.06391348867261551,0.1269485873754881,-0.08353328793475996,0.0020933431408920677,0.008146791547445313,0.014690539875202559,0.028549578135391683,2.5646313682236093e-15
-6.177491723431258,-3.6145077971884327,-8.995988611207785,9.247523672761634,17.085805912138948,7.094827135363802,2.011501907564409,5.1321438938190065,-2.7307170576522752,-3.4098028964310125,-0.5590212653645708,1.7289600596725765,0.542018625752399,-4.49049312859389,3.7986290120260917,3.569774165533735,0.30697577262123754,6.4303024675073015,0.9229405764773423,-5.873302646231873,-2.2520682222705,-2.245772221362544,2.301396384127189,1.600375715000851,-1.8412376487710191,-2.87191914519343,2.0681721929777996,-0.463629559835608,1.0735059887357974,-2.1540249810169882,-2.4941286852749123,0.5331826483438734,-1.12010423075177,-2.002938110866232,0.041304480503231246,5.46567334184708,-3.1548530554961003,0.20707162774395002,0.40524777135296336,-0.27901683834841584,1.5718127628883911,0.05323714180861981,1.7530163397502896,0.188877217993057,-0.32118509718621474,1.6531640930688478,-0.33318114575812013,0.9225432061906131,-0.10691292983334544,-0.39952507202791687,-0.6558280756159405,-0.5947847593868387,-0.6299213217662026,0.5495257555578266,-0.5696047997388388,0.07914816935650601,-1.4883806296362103,-1.95725889323821,-0.6101355541115325,0.343721370894011,0.5036840824786508,0.9255741421030255,0.9334842844670295,0.07655420992960155,1.0923561083903017,-0.9442589123344605,-0.29347432843868415,-0.6869800176342252,-0.27275480504351696,-0.10510054125402139,0.07940615792115606,-0.21553248588856147,0.11009691536055635,-0.2637267102092272,0.49026088551504804,-0.03988929512427358,0.07768141235111399,-0.0036792718515362703,0.42034490159596793,-0.5954022013330583,0.25146871597560366,0.029941990136744596,-0.09159031236018364,-0.5833532107077445,-0.30065751670419566,-0.5472264116491391,-0.24921874099263086,0.05925114411044896,-0.20865495538407275,0.06022296638559833,0.13028888020111704,-0.10462257525963364,0.09689569911165918,-0.10440712422647015,0.3009256489162676,0.058539340530947635,0.10641832897489702,0.4941533848584256,0.4280591892951247,0.0012235904927399527,0.039915696596945556,0.13914036731228702,-0.1804929456488677,0.20121847462364909,-0.3085332086421289,-0.05049768777486898,0.06849378196487149,0.011029984219609303,-0.11573421578547001,0.22664652536456154,-0.18703810830107118,-0.1698827968996034,-0.0027680743715678842,0.18613620506842377,0.12187993580223731,0.21570334716405393,-0.30321782716785173,-0.013093092238243786,0.16982620805186463,-0.0761813158378493,0.2454038374828502,0.1126761030832476,0.004250185940748978,-0.03190446499226205,0.05002701363754276,-0.08282974209549264,-0.019242899581828714,-0.1624581572921783,-0.10261693449733021,-0.019030540999544675,0.051001376658276545,0.0378062411867645,0.14871654405869217,0.02213614824222492,0.04390790785928755,-0.04110218206517846,-0.004037513224624558,-0.05075259528181949,-0.018485946393502314,0.043702511272935916,-0.010542566424963299,0.03890281642476365,-0.020827716481167487,0.051268698991090274,0.0843950859147726,0.05273836340464743,-0.03261894112783674,0.10879658636578725,-0.052187173992274134,-0.03758337645768725,-0.04933248316358502,-0.0014316289445159805,-0.03648798929861731,0.017120001725478458,0.053042436824567336,0.04000880480464325,-0.06742371116209403,0.013997692707270719,-0.046404064292658455,0.02645063195679007,-0.0245661675427095,0.053693463350044796,-0.0011261913378163705,-0.0002536578786401912,-0.007502674594109717,-0.0019526324865827888,0.014957453711203795,-0.006139184120078871,0.01231180595560153,0.017489152193719847,0.025396880822682155,-0.014551437503778014,-0.004197605691146265,-0.00939227746968402,-0.0051585945277803575,-0.011474365477793257,-0.005540318166783583,0.0065903782472515144,0.004418780789793503,-0.001252332244013375,-0.014721025398199524,-0.0014912472538013777,-0.006043943415769725,-0.003384483121328938,0.020913865190089198,0.0016763886488098026,-0.004995653714912134,-0.005289144922894438,-0.006790371487053663,-0.004247436967077806,2.7121440236951735e-05,-0.00131871461368784,-0.0048500272541741165,0.001589434617399416,-0.0016880405944509351,-0.00283413175874238,-0.00021752749615126929,0.0006541303083655916,-0.0004874484888542486,2.564631368223601e-15
0.9241592952078543,0.0890209269817166,0.40586607816741843,-3.4750862819299924,4.007593832064268,-2.6410053754330525,-2.5593253825154205,-3.272082323910197,0.9517040936669596,0.7220329893992294,0.2778238116612761,-0.6645134677029831,0.42767473678471457,0.5775049036170588,0.20160129057007337,-0.3734021970887168,1.5499271456688686,1.313061515967927,-0.5264712457683517,0.048412357896416,-0.9520179984254589,1.067422944935977,1.1114853308002934,-0.34531736920310185,0.870812384431279,0.5717849017832217,-1.6129567404998564,1.186679552555077,0.11698561778956319,1.4431535514489793,-0.48773720404178467,-1.4698008808210972,0.6010698473199858,-1.5363874848411283,-0.3879625123385816,0.6746771157445036,0.3585925041419763,0.6385397574036995,-2.1455071962788206,0.8081639593422579,0.06731617549745332,-0.2482006965548533,0.20133248806687606,1.0032107051659447,1.4192726003909937,1.4683163228278808,-2.456912776023376,-0.0001178574962122949,-1.7018767963971835,1.3094851391537885,0.9167184787121244,-0.48831268751000806,-1.687938395340914,0.6367600281238612,-1.0564648297798318,-0.2550156711483587,-1.18062939311692,1.015139041788426,1.9922110852198274,0.9374286548352352,0.2891147224629434,0.5811505252883259,-1.0340047980288596,-0.4990687688324528,-0.4801676904196907,1.376306281888765,0.4336167070582371,-0.6566316576641993,0.4920358591056727,0.7408273845364755,0.6782510463097735,-0.5115828356836826,-0.13017245448533746,0.2508715947550609,0.8722119509684065,1.0831416914069205,-0.13847530935881874,-1.0979753003981152,1.275776722233853,0.2958270634215513,-0.5060439618903083,0.4150474797004048,0.7064882740115308,-0.03152532607427856,1.2454311807548064,-0.5936682052866542,-0.7493620464663028,-1.742772503004123,-0.6465447909211743,0.37846961915910216,1.2250117570789394,-1.011497398887641,0.19169916792494499,-0.3885823026825652,-0.8850978161270747,0.3023876227692637,-0.9564075330523487,0.056983829585523255,1.1763104209984445,0.374727317311466,-0.08306459446848748,1.1941805976117668,0.36469218553715116,0.0355398259672198,0.2718267123777997,0.7625266168383545,0.21887172810115385,-0.5546671073110784,0.18849724893989908,-1.101655661362381,0.17719495535355279,0.27687465944988354,0.5069817653739852,-0.1677623416074401,-0.6948412842456416,0.0773306371370941,-0.3831239434064107,0.13395513726488503,0.2743520458550477,-0.09069789586854697,0.008400689759657727,0.6160683075612783,0.17350057381330602,0.4989483258565232,-0.29641401505715714,0.15022730672426646,0.46633411304857264,0.10762352590718179,0.15004771286144672,0.261903424610013,-0.4675600480468892,0.02715098239994535,0.4446014342683711,-0.5054248175166263,-0.34627511555233925,-0.04285588705913841,0.052150795099019494,0.27188278999577836,0.07396620756786258,-0.029253676067097754,-0.18411480592899587,0.03829547463903334,0.21930638071388045,-0.5626010832997999,0.28378354099242464,0.4203503654616688,0.6986469117187328,-0.14484710987473198,0.2534939808517426,-0.3666747058283549,0.0009348266680077007,0.021857670802396003,-0.028050081230214914,0.1275497491866529,0.2151693589513676,0.2713227943128108,-0.42256532666026864,0.09413882382035649,0.030058315731515427,-0.5160918087792586,0.05603760922102985,0.15403458774681866,0.16499867667941426,-0.12530564407067019,0.2245009238160571,-0.12742550423019774,-0.09337376368249747,0.3418173407201449,-0.13615054530058937,0.2644099726839683,-0.20936157675708647,-0.12701958852346404,-0.003222475609774607,0.03661651931687106,-0.17000052810725041,-0.03346911266007899,-0.17256358733158053,-0.07058093964966805,0.07084870335250894,-0.0855886555988405,0.03535654696051576,-0.020401919830875324,0.05517439424996235,-0.0831840855038959,-0.08969932883194218,0.08867249839179302,-0.07001371187196406,0.14504230788888434,0.03321170743574074,0.08012262327144377,-0.07868551901546017,0.04405517144107019,-0.010940657356454525,-0.00882927308724466,-0.01203455422110381,-0.0010605810043253173,0.03871749779638167,0.07490055691790179,0.03477170959500795,2.5646313682235935e-15
1.6141358685339982,-2.501574075256686,-0.8213741155800313,-0.7199205487516896,-2.1782774658519,-3.7853235412562696,4.064008780117519,4.662801880303616,-0.8401004904862687,0.8893731136978589,0.23194473825713785,1.4859609840258872,1.0764809447160415,2.2861514136254817,-0.8983329749145599,0.848933169353745,-0.8435486248748163,-0.7457035869498156,-0.30235596362557127,-0.03308935450106967,-0.2901002764746242,0.35106823982499563,-1.2128750073788195,-0.6612482167677929,-0.7821672995443489,-0.16379388894646366,-0.4796211785548949,1.4859332254704736,-0.9973926748241396,-1.1936762449310903,-1.5198294915266168,1.6814898715098714,0.09749328069800511,-0.39850609564212847,1.4054804726234136,1.0514149790309757,-0.17996555821307433,0.6338357046293982,-0.5665579257838937,1.0398660135822333,0.41299929509252686,1.4443484086110998,1.4079107790432908,0.7321163566488883,0.46459246347180094,-0.13060741500638862,0.8535969615553802,-0.7422904971362165,1.0089626961960978,0.260359027210843,1.0389799673037254,0.047944030146255416,-0.7741650692369793,1.0588460371380322,0.0027908746902475324,1.6456561677154238,0.4722921134931268,-0.9861524146876074,-2.1329650893487293,0.17132872766183743,0.21130106125840836,-1.4341459949846,-1.3823666518972415,-0.05058894629213495,-1.0103532981192016,-0.6546186670814382,2.2868233873378707,0.12177052910187826,0.17556377527638592,0.7153745616872238,-1.3574098158278087,0.42499913863255706,-0.2799025607241702,-1.4502934557334795,-0.6804820470310613,-0.06804699060134976,1.9794789389101881,0.8472869315080127,0.01680394624518151,-0.7751865269118727,0.7034962355745128,0.643951513749318,0.07601249858778095,0.40198971172828707,-0.10209389521589422,0.036565036431689305,1.4137221603506234,-0.5713330278609913,-0.6408904143483081,-1.0552120024355152,0.2083625711774719,-0.44313191037481553,-0.08254872712390722,-0.23212643523073076,-0.8535231652163311,0.0725793858680129,0.4332388537629062,-0.16319795756003963,-0.5256486621199076,0.5347212923346768,0.6162630738986811,0.35291252908179815,-0.19127410993885366,-0.8163217861662153,-0.009640612314532683,0.937907881804744,-0.2007534148407891,0.2535324430841541,0.06519215757177316,0.20428876477352062,-0.1356176063285812,0.748744426406488,1.169906179915023,-0.28067435088681386,-0.7542009503190905,-0.07798862633426892,-0.5561970491403386,0.08838780185770403,0.33050236896113955,0.20415741315348782,0.7351901830548325,0.08053851118014661,0.4389419437885316,-0.012075158768595641,0.3547417451413058,-0.2863306155309199,-0.5656569504405825,0.14644087703250624,-0.4226277257476514,-0.28549535548027527,-0.3904554966900168,0.20963824465380465,0.35950343872988433,0.30718426534643384,-0.02258398609872267,0.3609744287791098,-0.21002423024550645,-0.32099063124295757,0.04438346437515733,-0.24278229877364954,0.10554164690515633,0.0049208521357018515,-0.6730784658330498,0.11250256392351078,-0.4601811233715283,0.13774375107260797,0.009201761418595227,0.13688105900956368,0.06216208442686492,0.12949875702869268,-0.03730639979281448,-0.06345347616592893,-0.20630599239721917,0.00483735944005347,0.1316715047896397,-0.060901228869859055,0.3427448731410268,-0.13801489639126313,0.039619151824632784,-0.39746850594857186,-0.13029471417998095,0.15831578023702123,-0.007712585186770083,0.2457059323041041,-0.16317038206746626,-0.21059662046460206,0.49589933765039257,0.07749620228982146,-0.15350990035409484,-0.005444838092673073,0.0173195146615413,0.09135457312312142,-0.08764765981395176,0.12245781733774308,0.07405931709845248,-0.06575507781454486,0.02529575588862234,0.31877055510089175,0.24592582737216082,-0.17178136622704496,-0.14173871431863644,-0.09161904208904853,0.015937215048675995,-0.12382304701743399,-0.17496681383750906,0.007927339346661353,-0.024201864312246493,0.1806374192322849,-0.027315582063581804,-0.033005397964928185,0.07508941480378993,-0.0336490961492339,0.014482257220778524,-0.028324100901590987,0.11599042891626368,0.04319752356762246,0.014295403873155556,0.006746663112504156,0.0436028966170322,2.5646313682235856e-15
1.6108297125816848,-5.754760326860934,2.6156192613788227,-1.399604655982103,0.20890414011807737,4.394754045537173,-0.40369472970994424,1.957712883171623,0.7903937138254602,0.5924186338743209,-2.7321488340330293,-2.0789164773493747,0.05524970847432985,-0.07520296726599593,-0.06669220878846138,0.06325688839951855,0.9128135115152722,0.2630392518851109,0.7796048029212177,0.5883441199057272,1.3281757194889066,-0.6812024262374882,-0.7631828510240432,-0.7106880385889428,-0.05106743511826758,0.20237536017645325,0.913288011542705,1.1944209201770357,1.5462233490869686,-0.7511257786554274,1.2230761788382645,0.8989802696604169,-1.5214571585387489,0.25189037313992046,0.9738663973781998,-1.593738336274434,0.49189000767633756,2.80357355876569,-2.4856008240552,0.9263286643863498,-0.2941372320563314,-1.6932232108015401,-0.6978100010013113,0.1499854814680667,-0.9879571576742683,-0.5191486514728061,-0.052186291698803816,2.5173717082519556,0.2496644480206835,-1.4440217270704538,0.012234628551682298,0.5006485704685725,-0.10968250489535267,-0.02314938936301114,0.08011910201849468,0.1723590535445767,0.41927407349941925,0.21153119149989438,0.007055323581756682,0.5852683012361356,-0.15822398908745022,1.7405385746128803,0.13686193860338028,-0.1354993663756716,0.20542531924839674,-0.22960240511832794,-0.9933976108060769,-0.000856159779499284,0.3386714603518452,0.8708566846231899,0.2956116882071542,-1.047352923347827,0.12967206766273215,0.4481128823927011,-0.053881231812493505,1.1199746464464844,0.2685875607644878,0.7039251955725933,0.5102775402147367,-0.8079374772766154,-0.20599096648011558,-0.851373301424829,0.4779870691445428,-0.30338838782751293,-0.45896310109863825,-0.4576221063374158,0.7466677304651117,-0.6396463122134193,-1.227589015137995,0.5886042633608808,0.08740490567373889,0.04464803155256808,0.46984098750196474,0.6935059699291055,0.21604336478688219,0.2440884005784812,-0.7385094307835416,-0.7383950898983388,-0.087707851502405,-0.13197375718751952,0.7884459564639762,0.06337993396357403,0.16257241768837485,-0.012759567050075363,0.08758153065839404,0.6431850699588291,0.7144323181412839,-0.6916859715915596,0.3419491557793325,0.11845117903299295,-0.11417600229561904,0.2795788822516507,0.04229660963298272,0.022021364136014725,-0.19147384872868312,0.6145090647928074,0.5330355399145011,0.1181465812428593,0.18236019152514918,-0.3302998265966171,-0.41689226858754597,0.6743517270852918,-0.006986523803329189,0.05724795908652233,0.432783700403745,-0.9541137448409217,0.003713481741866637,-0.2485405835593491,0.3522595521834351,0.9075319498474452,0.7989957889654645,0.03639278523175093,0.18312716837906118,0.09882087293903039,0.2054808761331901,0.9312648843418349,-0.32000046042073865,-0.3523329391772188,-0.6102454955397483,0.5304507728149356,-0.2794730186357868,0.1898919652431345,-0.36336346142837955,0.059610710222143634,0.12933706883909757,0.16084853483152087,0.24636774824859642,-0.27023346240671914,0.6731970150915054,0.9077302006740302,-0.5007258320789055,-0.37422843335419315,0.17981291652318707,-0.2565420626913289,0.14573253420222002,0.020864681312249955,-0.08105437983003745,-0.337160096159946,-0.32754290750922904,0.045773621690578206,-0.09768334437957268,0.08197448279894524,0.04774768085645696,0.34275048903693334,-0.29175725370780564,0.22767821375018224,-0.18627599142650095,-0.17510569532400355,0.03002030486200671,-0.185968356024426,-0.18044657773527814,-0.23151108555811514,-0.05078041430912345,-0.1360653593288331,0.030836927312268628,-0.12280268059497544,-0.24023997915123294,0.24102205039781094,-0.008684265166472247,0.050843969764462815,-0.10714043288567428,0.030045564114866287,-0.04440875749545001,-0.03685441732247149,-0.043291994709987014,0.09090237632572776,0.07164634944459672,-0.11197299448306566,0.049295938413195864,-0.0395296754506088,-0.030412430107588553,-0.05052516305819766,0.07787364754038244,0.06294528646924633,-0.0012681766884889561,-0.008434179163421922,-0.06618805181415266,-0.004974256666250558,0.01174409770048921,2.564631368223596e-15
35.13581320529154,0.6111235231258553,-5.943536776278533,5.76364514229721,-1.5696469004623934,0.5347214835638385,1.153807806759187,-3.1830119719393166,-1.8266390257958083,-1.840352112034676,-1.0352889593061168,-2.5544701607694362,-0.1034195351011364,-3.101537721403208,-1.2997456250335675,1.758739905391923,2.2055143785154305,0.9588159594331511,0.3063350710162544,-0.6603964510661037,-0.17091005455343383,3.462896455622999,-1.3898392702129432,-0.8050803355720841,1.1190297680594112,-2.4851224009356074,-3.3132976238430456,-1.1742598758952374,-2.504917246744436,-4.242410539766368,0.5135597706093454,0.8159969075745599,-3.1881014414048074,6.80746153049867,-1.9708278923429163,0.14041635250977724,-2.412762467645711,0.7437658529173627,-0.0792787839025538,2.045989290245227,-2.114964281136529,1.968907018397558,-0.9579468259219812,-1.259690690424744,0.1832784840232716,0.15117322754496057,-2.7231854723622027,-0.24014428282443204,-0.4381046491234892,-0.9645378490558266,0.4844114267094427,-0.15634387400535354,-1.3805089780386168,-1.156178538821726,1.5378968470359646,-0.2132843929524833,1.162984661426497,0.6900062044558698,-0.7637424453757562,0.18906881976726095,2.0206573927253,0.6492979873471546,-1.7194603916355675,0.3391342132597077,0.22145644045379706,0.547859431848939,-0.8585912035927317,-0.5553678307634901,0.566165644162172,0.14865119960314074,0.4493400933287829,-0.6535789824125493,0.7439954024196862,-0.6441765084910013,0.4864532152969396,0.1755091827384557,0.027906962331054795,0.5232302457268861,0.18064123268837823,-0.22992799457100913,-0.014023800130643348,1.0129445324236592,-0.6572403427621152,0.24060080150775265,0.4957517770385149,-0.033865917267912916,-0.5433688001750854,1.11096037062345,0.3027762754029672,-0.16408490068478354,0.26333544228223144,0.5371606446684868,-0.19284541573344116,0.1142550997145099,-0.12544669373278555,-0.2622095586467275,-0.44091231483844784,0.02622507488150218,-0.11852527882232915,-0.43357178466284935,-0.019140116937816174,0.22134066856623685,-0.25712607955900185,0.11201476684353157,-0.3026532496177553,0.08745469476121775,-0.3225486551034984,0.5894881257781023,0.08789041713062051,-0.0806699632000119,-0.04134148456951726,-0.02849236024915893,0.39568144759790924,-0.34617295316216007,-0.27774553020181225,0.4090275098276114,0.15249813711121396,0.3449651767954781,-0.005276246478506485,0.17566222048328828,-0.08167985674106303,-0.2567418586020786,0.2982851703714007,0.0632278733276078,-0.04718547021178522,0.1163737044789521,0.1796396228435669,-0.099774180916107,-0.0012788418987136883,-0.04384462896069964,0.3067822388991034,-0.09292688448989642,0.210050283828064,-0.1432740240060112,0.12742270354891932,-0.029463191665796754,-0.054823238614282385,0.06931674191596182,0.14125207997119937,-0.10461084373356899,-0.09005153195117206,0.1557168255877264,0.12447625277177721,0.05594365801974677,-0.08316428746892829,0.009961759479040658,0.03076742882057679,0.021168221296528834,0.07013973176522308,-0.11986814352211037,-0.06614531179485371,0.04198603985843205,0.0008464800546900517,0.07927507054882375,0.15693329734625933,0.08310153291066237,-0.015344093864424925,-0.08601352797088166,-0.009434572030392024,0.029150166408597297,-0.030975434778913076,-0.17049672329761517,0.04786127438752291,-0.005308929845882343,0.0117466916020339,-0.03320453868665077,0.09950117958030465,-0.018262422166909407,0.0690163651919197,-0.053657582913497426,-0.04065565157530651,0.07688421254074354,0.038535152731328896,0.0642708687409134,-0.031226394733346947,-0.008050590018845696,0.029819237801202433,0.002140525689234211,0.0065560530807807,0.0038768134154829395,-0.03795931489853732,-0.02622494483816747,-0.00036804814713009717,0.02559974201226389,0.01418361116201756,0.0006340460383511693,-0.011774497525276246,-0.00721359504165638,0.01962844812930432,0.013607602959225801,0.0014257425501205858,0.009595556869489793,0.003756158149610979,0.003819033704236734,-0.006253576043280216,0.0046466889228061106,0.006410716404885501,0.009593067317886199,-0.004828737182872072,2.564631368223601e-15
-2.48563008759345,-0.6792770244680021,-0.3037789666135735,6.209739188043363,-6.312824523321182,2.864078108827521,-2.6303152623066963,2.4813116875877723,0.6264892797976727,-0.6532904241203051,2.9231836658444332,3.9939942322506465,-1.5045633010053474,1.6058416545935437,-0.7323971716388986,1.1244765834847756,1.4750583514410207,-0.1678101457287966,0.3604409657486109,0.853112115352969,-0.5983410368897717,0.6016697197156721,2.6477827558209714,-1.8420579159507975,0.35289224954059256,-0.4855877474519461,-0.7591509922099884,0.28619793701439333,-0.6534582401835884,1.8307383171337142,1.9741563947866623,-1.7378699945249356,-1.6359459182613891,-1.0304940881442612,-2.2067919193672987,0.20531546191209718,0.10545778707274102,2.2140791437902534,0.8884347897091949,0.9175635221132923,-0.9138075366873595,2.0940203662354246,0.8067296634968163,0.9348126472866252,0.07224582556922039,0.3182348793053711,0.7249012885781199,-1.3081525988584652,1.181255355959082,-1.032553920717036,1.527602457942001,-0.299187552416802,-0.3462169496634784,-1.5290332485508917,-0.7574371608327953,-0.5168779418611328,-0.32105329051747244,-1.6411166229913978,0.23011955319307306,1.758578133793087,-0.06158374281124698,-1.197131735706851,0.3530523087264081,1.7614082006710114,1.5570302158017195,2.129883025120035,1.0026282941389246,1.8933882154846782,-1.3572536883342403,1.9262119164708664,0.5008584476284391,-0.23195681181390104,0.4822735546123612,0.3888442179915023,-0.37253832920595614,0.036315167812420675,0.004303956101696495,0.583434802711119,-0.03184014245599552,0.5530507354719366,-0.2807803704257887,1.0565098296942927,0.593003433821354,-0.9934114007997134,-0.11599165626843162,-0.39219679452746764,0.027628587295703347,0.923889615935182,-0.2573504789535324,0.26478810590002605,-0.17327485053682867,-0.08190644608320304,0.003225018715957443,-0.7765529790270267,0.22294556692298204,-0.15090337720033226,-0.02489694128450148,-0.45114819654614774,0.18633723008972386,-0.061589106976132665,-0.05056665927207279,0.06532381227304752,0.03037300268620417,0.20743958207420404,-0.42475570469054297,0.5556346228960107,-0.0791696637353943,-0.34128611103616774,-0.39898464016986285,-0.2134011237438646,0.009611979819271687,0.013719964684176597,-1.0393193583006883,0.5158183882725548,-0.8079649031117464,-0.2415919799589083,0.06303883675825547,0.6804370017077989,1.1997917868759906,0.3497157318999858,0.6489192153200527,-0.046231290799094146,0.11803957885907801,-0.5109439814579666,-0.06742102000238066,-0.09217686390311232,0.4568470647280998,-0.054514396587424414,-0.12010377192040164,-0.21079852615022057,0.13846648880371226,-0.4019003718428848,0.09890281632465295,0.21559430186051415,-0.04598943093186431,0.6622248694964764,-0.4434412950282531,-0.024652412397221993,-0.18586706837788575,0.379504469508377,0.38372848022178474,0.03184529456357533,0.009020744026164505,-0.2799822630576332,0.30341866289538666,-0.1945788967665472,-0.15110219825364343,-0.14344592419239302,-0.10158475203174971,0.1658427768907123,-0.4257834338863367,0.23591870531475656,-0.40432925685262694,0.2716326395806751,0.26177344269454567,-0.5564948797787936,-0.22448237140380486,0.40212808154364593,-0.21235370465734477,0.14845435592996964,0.10585425729158877,0.03959463666600018,-0.10789819657284477,-0.06353728675920663,0.2837405442115752,0.09682473170417306,-0.019624538828230953,-0.1855561963420815,-0.15111732406601172,0.07277908661785343,0.18975934458480986,-0.10488433350271975,-0.06798617933094954,-0.022643992970615905,-0.014871498392655202,0.06452029033477212,-0.076789040673562,-0.10797617329317989,0.11275982924082688,0.017495764498083835,-0.042871551131806,0.18870415341329166,0.12031905002027463,0.010142737128187673,-0.009645137664488577,0.07247813976331852,-0.049346619491876645,0.01569821715561921,-0.12735088389689084,-0.03512195196102068,0.05807649328392474,-0.024586598850052297,-0.02450476844506908,-0.02026467373228815,-0.0633736153892466,0.005111540531789898,-0.03171368419746564,-0.02605910927086662,0.0024337331452818616,2.564631368223612e-15
3.0730077916143466,-3.9142740843604495,0.6393534523751065,-2.729892129818483,0.33531438331720514,-0.17866087408908912,-1.6561135924261539,1.036206824320021,1.0114434943241546,2.3808901956848474,2.3662964591012017,-0.3911383185813613,1.4284286958325922,-0.18868742777202568,-0.2337717661873345,1.6470196153000494,1.0745613295928125,1.282998101389569,-2.185815856039331,0.3845939898160917,0.7253150302291679,-0.2739765549150649,-0.5543520640658195,-0.2461993039685399,-1.1120243062078803,2.6562446970917066,-0.16583760480567056,-1.3926095104361118,2.2018677941228937,0.08863387760268657,-0.5134803264239258,-0.05154980319535192,0.3282224160703696,0.8204985099695549,-0.8048471646347333,0.8557360154679271,-0.733781134162088,-2.060627559938179,-0.15516594213833504,0.49026405602932355,0.48078021403808585,2.0469112304909247,-1.0961856954980993,2.0669850405519186,0.8750794700995156,-0.7748237757435934,-0.487260862518702,0.6428053383043747,1.2621978465773367,-0.225746083388054,0.9478723113932412,0.3612660607928593,-0.48084415652553103,-0.5513556549891887,-0.0504218386940135,-0.19371160640000434,0.10506701095059878,0.2587117294474213,-0.29092706327905354,0.2490212219139239,-0.11587737988794004,-1.0009294666141129,-0.2289735348925785,0.10035829597993239,1.2752793029175504,-1.6146052710972256,-0.6673183947416788,-0.13091617497119187,-0.06155448296891543,1.43936503337458,0.8505842830307665,0.9133520361725903,-0.38903376157156894,1.0191751282928159,1.0102056202730443,-0.2134576283957287,-0.15898075268707967,-1.1351974179333213,-0.11864452764090601,0.04971338765920446,1.1443650803647463,-0.9951859904797244,-0.033179984834608524,1.6653524564312112,-1.1096275908944122,1.2823766556889615,0.1401301054149833,-0.09667288502366916,0.32734924930500175,-1.520772056682859,0.5563788533891507,-0.053562646205492365,0.23463549357072497,1.219112249727697,0.3689666891644177,0.7428781077663701,-1.322769339806673,0.6158346184446399,-0.3377459323470693,1.1606669022687464,-0.5141407220389086,-0.9009419727039839,-0.9570921481881769,-0.5514617401913531,0.8134413895711577,-0.06997767732276007,0.1814590094270524,0.21864047224762506,-0.15280825072005955,0.3528555538671556,0.827620054392436,0.6795718153733097,-0.5678649504542362,-0.33406894148200894,0.22650625762077675,0.1642473777869878,-0.4949111516844876,0.8549716207194787,0.38021855247127645,0.23542790371065644,0.4305897134080868,0.827561890264841,-0.0012478196308370502,-0.4786570677117964,-0.1666097361551454,0.014236197877367199,0.037901498913363675,-0.5590372879078971,0.00035351147555736365,0.28721395392561433,0.6073307993822868,-0.1440997815640966,0.1304580407850364,0.1840770452667761,-0.3225709258759615,-0.06131009897996532,0.4319623838032351,0.226189165000232,-0.07249925146700738,0.15498501844308377,0.0037064242151602944,-0.5458632276027047,-0.35894874222567813,0.18868331844546452,0.606506419667061,0.23458084942828158,-0.20125060056579222,-0.5116263220095152,-0.08429335140126087,0.05406897723646977,0.07644450561967928,0.27245197349294514,0.03588206243219714,-0.2804796534968786,0.05278939635268391,-0.11267946038637433,0.16800696786962235,0.18083641637187903,-0.119757599492722,-0.2138442733251522,-0.026593389916031142,-0.19291545631272464,0.14807096668790354,-0.20618826695215595,0.10130651113608578,0.0846153729766626,0.14650885477906012,0.210384292835966,0.39674727384977215,0.03171403349545066,-0.04952245328783815,0.22856004473722633,-0.16596481304916944,-0.14170320381140458,-0.20884520128754955,-0.017347388272380745,-0.009036553025634235,0.1761488661851325,0.05695073483825032,0.14738100489892408,0.05566176848483527,0.17590747802921616,0.05832780584228459,0.05248655276371824,0.07024101873560429,-0.0613105385838597,0.055306642548570026,0.01128497328591798,-0.06366738968581113,-0.06784465842245055,-0.060462379651288325,0.053531823974215666,-0.0440290957752243,-0.05720492269897563,0.042655903402792364,-0.0017987593204229202,-0.042537060011183556,0.09953826148567188,-0.03086518393922796,2.564631368223609e-15
33.08163404017485,1.186101170853243,-6.777564361057244,3.3733628699758853,2.435034361179469,-2.955227287524275,-4.192224780363297,-1.7291349151714566,3.3154662123771983,-6.726980443562192,4.95093967439112,0.2494191795079822,3.0600798596022982,-0.7890284853605918,-0.4570973763935151,-5.175218029126961,0.18352502477603205,1.6178900369192073,-0.1265551149821071,1.8884644128149426,-2.78461510441993,-1.4817489179087115,-4.72199886111438,-4.2407754188252405,-1.0528013923072037,3.7222552495686454,4.851853505781513,2.3378785519689287,-0.31762476923433475,0.728599557812325,-0.7373741522828869,0.4927729837086691,-0.03546115154570017,-5.9145125124094475,-1.0419952812811009,0.8540058840916095,-0.7236075139624968,1.7859781362416196,-1.1184559206206166,-1.187178780873519,1.4032142546816444,-2.4520642788557803,-0.9131020841372192,-0.9440051239486481,0.022679976948882994,-0.6681327615313003,-0.4945978440823716,-0.5996480039102419,0.9767629565898255,0.8446360179012373,0.2841584543208654,-0.5484911566881349,-1.1306748714922532,-0.2896689267225773,0.8386867514609628,0.7269435170274078,0.6513645298417078,0.7778637484968693,-0.25752477333046614,-1.9932223044137678,0.5282762904664011,-1.1674569080713555,1.2003260618367566,-0.5690583923561141,0.23868490506604112,0.09636834481409788,-0.42719388291589594,0.8561489540064,-0.6479458300358367,0.0075024037073183805,-0.5031466740984558,0.02810727140390252,0.15242373163886072,0.6014633639561222,0.4598024031121726,0.6573636512732293,-0.3534182387515715,0.48014636889723883,-0.13914967540982381,0.7658854266516272,0.23614491821124883,0.24871952906067712,-0.7604633745364007,-0.6076515976445609,-0.17315357224903052,-0.06531986960935084,0.2627836374333633,0.21037587925275356,0.3508880135001481,-0.15299859487372236,-0.3216260930972016,-0.20690412784986825,0.5254909052879877,0.46864179315511517,0.43919192719683375,-0.40191380271075117,-0.11630375571460852,-0.09857903119986183,-0.4681180747880777,-0.5443455882708035,-0.20276243063415025,-0.16547953809136903,0.1368331603912226,-0.25038680570714195,0.12952253598242652,0.25906848217363204,-0.33950209465926656,0.18594948316584822,0.21270431700505055,0.004872595376777833,-0.4624295691296535,0.3500051805780055,0.2434795697789547,-0.10749994854002144,0.1289105986897908,-0.14690526764971157,0.1685172808699157,0.32137847431788247,0.23004970921555257,0.15084761455650172,-0.06142981129642933,0.1541499835415458,0.234030173805447,0.24644231556150487,0.24278236813714169,-0.016846477567326303,0.09728447133813817,0.0018507077962818582,-0.12366112013705768,-0.3001878156096404,-0.05193600991005749,-0.22304880036340785,-0.14261617041916266,0.23148370076350924,0.020733678068246667,-0.005181569912019361,0.03535659233630574,0.07475040444287956,-0.01664034912109705,-0.08567956471278892,-0.15259214723464037,0.003096574084818757,0.031553469525529704,0.04140114908694002,-0.02924545851239166,-0.03247230166898589,0.011622481779078328,0.011939556809891616,0.053776757520212284,0.007060856576115798,-0.03520732987172526,-0.07035375195898871,0.043122393607676016,-0.013237967416701728,-0.017697181472822388,0.024772542276159264,-0.03648421032287949,0.12273358941085183,-0.00014518524522338775,-0.0038112174359765686,0.014256054933390628,-0.030715941742958417,0.054922769389419014,-0.040267334452025835,0.019854592710357218,-0.027476100356530607,-0.06367353777688067,0.0009563322331360354,0.009483924444420989,-0.0008270205094328979,0.03145990514720185,-0.047578846716091784,0.019965247364869376,-0.04773159686179436,0.03257189826235799,0.008487466597927032,0.003986677369213863,-0.00800421644276716,0.027626866193540465,-0.04624950219094365,0.010819462849551377,-0.004223893073266691,0.028606701172248575,0.0035898192876490887,0.030192245338219542,-0.012406455948082871,0.0031388278526684877,-0.01251400217110204,-0.007435450996040843,-0.006550199887221935,0.023424363644887414,0.022193772275394683,-0.007296901491540948,0.004049754247637858,-0.009462026660156641,-0.00011541097369043796,0.001636898661866125,-0.004966648434141452,0.0031509204826444858,2.564631368223601e-15
-2.7567868592520313,7.456843854967691,-1.8133107457650148,-4.1118359004738485,1.1549182120218353,-1.7907696608652135,0.6272601000166189,-3.1247849683998945,-0.8588132804205907,-2.9882815632640782,1.251078717892219,-0.8966521471396616,2.1238569166671484,-1.7206020380728793,0.0012485475426317245,-0.7959521562383141,-0.39353081021242015,1.621709074761732,-2.213274161903748,0.965674974508001,-1.1086596455609596,-1.292459263320158,2.073794025750775,0.394493096594367,-0.17238220568098572,0.7943396552193184,-2.057375649115965,-0.5830763249365772,0.7259756850904207,-1.2712731909588344,1.1950771961851308,-1.250037202914668,-1.4597152420818984,-0.1401231529954269,1.3340251651187653,0.33143752419957717,1.1804184038426444,1.4038298354693488,3.0350203282790917,1.4133127050229688,0.06580096414208016,-0.8322562468242445,0.23220794940100323,0.33042035686370114,0.7173996719581689,-0.41376995551214346,-0.24059134146212038,0.7010994034496021,0.17547129291613414,1.1804686291812612,-1.1293749452773416,1.2432528758792116,1.6090171442212478,0.6338656875509253,0.39249015245488456,0.6471296571035707,-0.4403179616716934,0.2864620828602394,0.43949736722448474,-0.9619236242803448,-2.137297142547146,0.1347517851999484,-1.5148914906044963,-0.6435825459360601,0.35734864717207976,-0.09494994092345149,-0.3340524423717275,-0.5947400681290295,-0.3158327617671663,0.23224759836995862,1.0140573713902803,1.20532178789329,0.1698528429952365,-0.7854908724759538,-1.9181024479175963,-0.6588418056897714,0.6782441353432362,-0.1695968367328748,0.20427553147231062,-0.5787635086431993,-0.09992494211471534,1.755928617983297,1.0809619165036217,-0.7510451042841488,-0.32180646859477285,0.46219854829941964,-0.13347323061875516,-0.6396065189670258,-0.26597250757588004,0.02991197203233994,-0.6156937951222414,1.5615738623666,0.16226763031597002,0.7109360954465723,-0.5599218120638197,-0.8624745456662187,1.2290081828803197,0.8350842749018936,0.2427459519771285,-0.7014426615843645,0.7837647934638476,-0.7697840465885073,0.07076981015516504,-0.15290259567430822,-0.6010425821443561,0.02811145007243372,-0.4623562563506243,-0.6051767117615553,-0.6452274610580465,0.004553705360273429,-0.3992482883154078,-0.13895615290250315,-0.11830028063398307,0.6180852258880917,0.3507460116109317,-0.4616871012432182,0.21333142564432891,1.6455529795642585,0.30314602498414267,0.39999699928008325,-0.6523057596397038,-0.14651966716738446,0.49696584638630914,0.1707199146463997,0.4274879793574826,-0.6391739848913113,0.33073086251769956,0.7839980532921196,0.1386710704891768,-0.26493817068304537,0.43215681159245933,0.1588942108759989,0.004622720390993589,0.4078821795921885,0.01164297536573483,-0.16668563354248384,0.21641842785137283,0.5459391707221961,-0.13974595069264997,0.07370432715911233,0.4898638961536527,0.4792059329896057,-0.1995565864838885,0.20218658172787982,0.03592720408301958,0.14018130723869196,0.15502903604270662,-0.3129922697166625,-0.02494157464522929,-0.17675137503896182,-0.13803520817445541,-0.07357893180514853,0.2133559084564353,-0.09425778358626215,0.30093976657354893,0.32669263926676523,0.09301301775449178,-0.05957295056569739,-0.26478895053213275,0.03948086152782663,-0.13320658680892267,0.12469860476135475,0.12828728870155173,-0.169244372986392,0.2588570321301317,0.18286043205479682,0.10542914542811366,0.16171034450473126,0.16226041869160265,-0.0908716661698493,-0.23301261485337776,-0.0475709602555618,0.004377557367557843,0.009853507506997912,0.08924861656506224,-0.13484328564756706,-0.10926262398560897,0.035688087837679676,0.0719791533457389,-0.16273607435850984,-0.10636231582210803,-0.030167382148517097,0.09790291128299766,-0.076709353604303,0.005308602934280814,-0.056955015094485514,0.003171243028729168,-0.02190001381897671,-0.056760156571909574,-0.007696231585439887,-0.0022957312599456016,-0.03268605177265056,-0.05597176540148234,0.03648657293808111,-0.03199026462742812,0.042260981045949275,0.05245870457312735,0.05965698443433194,-0.07128179505307602,2.5646313682236317e-15
-1.341787596318668,0.40788461931172665,-0.631299398634651,3.65737661586147,-5.4938670607964095,3.7280313314349005,-4.0165374358714026,3.920426602453893,0.5911502822223428,0.025730675096546834,-0.03383595905029495,1.2342532558596262,-0.2642314409232792,-0.539073207441985,2.660742412544903,0.32910126966552256,1.6942882468244413,-0.784840466672183,-0.5504030971524855,0.406971431770637,0.32753793703186157,-2.0319828694618165,1.45797666135451,-2.7456386783574893,0.4672915602078256,0.09385431128091115,0.26077484998509864,1.3126674242234206,0.048966171846914826,-0.14293722934965464,1.1381017078883768,1.229625927420794,-0.5035969601838448,-0.6034821929114615,1.7325505362030533,-0.8991058327855885,-1.311600038019452,-0.3200141680712929,2.0491542665877134,0.653380548065085,-2.209155918447651,0.4537341439564849,-1.2169745602555166,4.756104546187754,0.635378445275723,-1.068456915575039,1.9840185428718728,-0.0999212964278803,-1.1453501748242139,1.958970146885097,-0.8895219237622423,1.92114474619785,-1.4242621639771782,1.4332104145699007,-1.7681219660583023,0.6050180535059023,0.4759346873657075,1.1339992479710603,-0.7498491314617133,1.042791016390369,0.649919261535271,-0.158751352789734,0.3239313572682613,1.0499396268142294,1.850823118650385,0.18345911980939594,-1.0721038049208869,-0.38789591940088425,-0.7254124073742223,-0.9384835541524492,0.23661803765179498,0.0711967939174648,0.7722940460472505,0.9563941757194933,0.614099592311961,1.0818150348423174,-0.3620866013294375,0.4688694076365054,1.284338457477152,0.34006800604498977,0.6981665679707947,0.6566646903333835,-0.3580335852794662,0.07868641637853925,0.6913240431393795,0.9610259583340834,-0.012117868737929622,0.7894560013000373,0.6255688094317878,0.7588857942896667,0.407186074562137,0.9194531565270226,-1.1900003230995897,0.0930487760292873,-0.03636166259535469,-0.5693541284963649,0.36307343725429636,-0.5613176880483243,0.3969808197478023,-0.33535503966476693,-0.1544026978460613,0.024017343175576144,-0.6589583791296412,-0.4454879686016604,0.9661163193660705,0.6228459285346194,-1.2232994301832782,-0.01970490559057533,-0.05641018860263964,-0.2684270469125017,0.1268829215715121,-0.6412003746650593,0.537793372147867,0.05011068192832763,0.443817666952296,0.5206577966956748,0.03837709162633923,0.3506186080639962,-0.12385649109734152,-0.2038026091340597,-0.12720724971752329,-0.3829995733393184,-0.49551422278553325,0.2846110516763006,0.002762260845373546,-0.5938129212625998,-0.04502410860963724,0.11286869699112768,-0.1770790086913569,0.18667029793644951,-0.5310015261736436,0.03486394482860361,0.34153143689452514,-0.12854974486553097,0.2995887599863531,-0.23823387871748292,-0.08105835130890571,-0.3720033442933972,0.20484715806882603,0.19909138096153384,-0.013838940574242283,-0.33635175956930957,-0.09293621342216057,0.06562268845379757,0.11701927818341525,-0.011568697275829085,0.04253435373297238,0.43476867299313005,-0.021940326092610464,0.10025917026944237,0.692830695888662,-0.14747864943009903,0.019382271029668593,-0.05939552258508239,-0.19685819265980042,0.24863713967572187,-0.18151894616294822,-0.1916164657682541,-0.12399519484238802,-0.09780130386099735,0.3826623285531724,0.11977688503016926,0.0811005239403226,-0.3165071314116324,-0.2698168123339441,-0.017352683806171106,0.10372683351127684,-0.30653357302716894,0.09984888074699753,0.1449200473176715,0.09486343923904361,0.024152561458144532,0.05967647970342824,-0.01539654007579589,0.14940187867465768,-0.1455382171575831,-0.03971459002865574,0.015730292749585813,0.016939350166180943,-0.04601337751147333,-0.02441621475599555,-0.022412156900150783,-0.07607402547640729,-0.14401694793350403,0.003725560639050263,-0.024788644607150325,0.07469246240451888,0.02237877962322581,0.13831984449435597,0.04520838498241254,-0.010032986372905077,-0.014574191307663163,-0.056466856127713655,-0.009422885655422557,0.007933080729076673,-0.049478404741645214,0.012263463672640135,0.0443936362066372,0.027677258698020856,2.5646313682235923e-15
3.271885714588517,-2.874403730761739,1.856912751051424,-0.7052787272089023,-0.09833725981673164,-0.2817538813342827,-1.638777174538446,-0.12085952650353342,0.8514601179521676,2.417337938391062,2.112557711084219,2.2963135390297325,-2.457187401824006,-1.3282794956389337,0.7904988926113525,1.3671858635278524,-1.1071179861408704,0.1192887259606844,-0.6997587766448748,-0.5714413662589318,0.8765430555205743,-1.2397905243994252,-0.17945136669842962,1.186626521038051,-0.931743438188649,0.32848691575108796,1.8298880147146095,-0.1826091984874184,-1.3526680055639317,-0.9544019958813712,0.2639750149268769,2.095965174439574,1.682937321117336,1.3442669901364803,0.832007781395984,-0.05798601711108099,-1.4112951790339527,-0.8395342172590197,0.9651566626268464,0.8867414749098703,0.44279094501019284,-0.5136233345264745,-0.15615330530823118,0.14559085872954916,-0.845543735431076,0.026071617377410775,0.16996475762995866,0.342999898260612,0.9637868287854747,2.5367114840998015,-0.5891624019447407,0.2056512400119148,-0.11046671938635443,-0.19595401897196943,0.2712128617502534,0.7970979922113511,1.7855737476449156,1.0219722511129739,1.4284078122726915,-0.34182235600022876,-0.7810004778428895,0.18648666443210757,0.289685934315917,-1.1127645844963105,-0.8013160135196826,-0.06822759270154419,-0.05606710987784627,-0.2830997626752693,0.022171606564836768,0.7001078910937361,-0.029586567184006204,-0.863098323041637,0.4902809374912934,-0.31972385981745505,-1.6920145308858945,0.6121946480499812,0.837619872184213,-1.2722970033120613,-1.0608750970657612,-1.2655537305538025,-0.362345578252528,0.6227401350930636,-0.9132522882920028,0.10721858388116452,-0.8323814444873965,0.451811143609818,-0.5833671566017818,0.14302717319508104,0.012644679161277624,0.041791420474984596,-0.5246483052155482,0.7272895267134799,0.7704284414641746,-0.9603298743849339,0.12773141971597937,-0.24629430305885006,-0.7241660760150344,-0.43930114517589197,0.400933610723488,-0.2187000184899762,-0.9599418754204508,0.7030859908693545,-0.19050046186957245,-0.17631835400413848,0.45923053385718043,-0.48038938874777787,-0.6662972737936281,0.6843310604438593,0.34326994131680355,0.6447356298492019,0.3117215458117606,-0.4233597739507006,-0.3902384147352632,-0.3176358843881121,-0.4095266188399552,0.17738328664937295,-0.40826805732863947,-0.11749274837464825,0.6067963934573525,-0.5724605348763394,-0.37052207079263005,0.3202987864335671,-0.9218195855346588,-0.14680183656244256,-0.08205452027259529,0.9848891816567023,-0.025809932749914312,-0.32447794745266867,-0.7058661319855152,0.12331706686273874,-0.5686249694174842,0.28452195041999057,-0.1912460277428156,-0.42029399623506475,-0.08216113069631507,-0.23082384594034439,-0.6374195628432815,0.5050399972390638,0.10264825424565881,0.4221745345165527,0.5017796773951922,0.23006628679433197,-0.3236212322203849,-0.2230121189037963,0.17940083826772027,-0.5097214547835455,0.2267817617387452,-0.44964842522666076,0.3244828453888476,0.4361493831355318,-0.5570584259922946,-0.18842434956055762,0.5391471130399441,0.4454035265302979,0.32273327955447806,0.2681158890093577,-0.12774579484731796,0.13724293397536724,-0.45023480208133626,0.09410690563179856,-0.09043090092120996,0.15979185828984785,0.06672310758780178,-0.15511862971738483,-0.26606314393422703,-0.08534998554109291,-0.17864763933410094,0.1486844529799616,-0.264252551891581,0.22756066938442648,0.009639259678075513,0.21401770412767385,-0.05622532216705675,-0.08013335655938009,-0.04140840532811216,-0.013394089935519363,0.17438090857092425,-0.033744871415198496,0.15702507148290865,-0.26025968138773814,0.030561378564555243,0.09830302828476073,0.08001304629461084,-0.030680698411477605,0.020692856177444183,0.0997971061108496,0.0073706821442379045,-0.11693156392760277,-0.05190232460545304,-0.09861646906592435,4.8194003946374694e-05,-0.02403836465306763,-0.027700030928306644,-0.027229092253682804,0.025712222743356276,-0.01715931068258859,0.0449421533917313,-0.03650969086818267,0.021495513742600628,2.5646313682235856e-15
-3.1066550841824827,-1.6881923378025534,-0.46613937777575476,3.1101051216684135,-0.3347927648383752,-2.6927919490783854,-2.242204323381255,-1.3748389258498996,0.773091003198133,2.2263836426872845,-2.0704908750471613,-2.4909221644896604,1.323832717934106,1.015068124675642,0.9077842006800902,1.325963292902768,1.4188379836669487,-0.11906140517401902,1.771013870769888,1.436814314361032,0.8603348479625695,-1.2339815719594436,-0.38479632787540924,0.6668994882780548,-0.28429254198497467,0.16066330655273514,0.3496614877700382,0.14392573029211797,1.733775614369644,-0.4973816600656443,0.43170133997272464,-1.072298846838063,0.9852563901092272,-0.4383001683961777,0.13296397243970917,0.39321855688077795,0.09366098904279087,1.8021480920275754,-0.0465766421809707,0.5103499737029451,-0.8127204375555889,-0.04288302134541349,-1.270557445049732,0.393530728925234,-0.5977570921035933,1.7721248308901547,-0.2909921182847949,0.46006079922404786,-0.044071882283161334,1.3953346250525631,1.3422444355003549,-0.07404526255588954,0.41509684726996326,-0.6361169843652362,0.24284916133873477,-0.5836237635275496,0.09378240168453295,-0.7505084326458259,0.19912957063442438,-0.4234974655815469,0.509697207647114,0.45016732718282104,0.5394405829949303,0.3339726824796679,-0.8451639417712096,0.8542575749580356,-0.14668107063685368,-0.2634029625844341,0.11405545945438364,-0.6873721363149237,-0.1804561250078001,-0.1343323771143072,1.527047382866239,0.0675823398920813,-0.3664427794032034,-0.19112986633661694,-0.6281325601417718,0.3866141519482521,0.15205668852621243,-0.13571095483986226,-0.9060265818571289,0.8011823156098159,-0.9675835605651776,-0.0800532904671046,-0.22735142109521905,-1.3301966639826326,0.5479591657674644,-0.11733147349876429,0.516782624761155,-1.1585394932095954,0.30675881440086555,-0.9464636303099895,-0.10732523682911264,-0.2035677682478194,-0.034783246228307176,0.44898674035979436,0.23709459841416264,-0.16429118953816324,-0.5349852815944893,-0.3810527109632594,0.11834825728178897,-0.31910102577666993,0.3146831274718773,0.42341641783048717,0.3964752133440203,-0.5164694169841947,-0.7381817308856847,-0.18144414039016019,-0.5444212095549357,-0.3346884085059483,-0.5775711850123239,-0.20075701303962004,-0.002028056255924412,0.28862453796158805,0.032518090661506946,-0.026628390723775836,-0.21801500854876488,0.48071148116284484,0.3204327302723023,-0.08202967988257809,0.4241846762343283,-0.3842200849948576,-0.26232838174899964,0.6078030280683206,-1.052102163996706,-0.630519821437807,0.006936312410890272,0.1261838020853342,-0.2848679409139287,0.09747775089725885,0.23250368044336775,0.29468724823635556,-0.35845678438271344,0.032940787782362355,0.21194561443303447,0.17534620398881054,-0.18136681389182804,-0.6755419524156868,-0.15424970023087062,-0.6096398085030489,0.9863232736449844,0.06865309864893675,0.03295790985825405,0.2573262036660339,0.2834672352037953,0.1576841904615627,0.06489552018818043,0.28992984412120276,0.034310114811114886,0.20203981057717477,0.05020759321540608,0.3382925107598765,0.3025762220173572,0.048473633300265904,0.5187810310973912,0.17696245813530195,0.3029748181618787,-0.24875838923697313,0.1841732716107904,0.1495107579568615,-0.20480146748158,-0.17326749128346225,0.19544883568125995,-0.40626242043445326,0.14095944898468601,0.09316925598671127,0.13705990688194647,0.33760649396056003,-0.05017838843805132,0.10086706892858255,0.3059085540822507,-0.1217356862445757,-0.2767041422899935,-0.3472781819337672,-0.010841731471175379,0.045942634895370545,0.12093597540700171,0.0036004136690509603,-0.05279337315124238,0.1364150140662493,0.12937773984561815,-0.0359562502530092,-0.21931196242761547,0.006727645940031975,0.09459234386651415,0.17590810787460048,0.20068722769443445,0.06946556065306309,-0.058650965275991014,0.06443266913688409,-0.12171443164144269,0.05723091869854228,0.11627995591491615,-0.007520670012080125,0.1960013996643774,0.03162769607252524,0.023634994451014083,-0.0411292367254229,-0.03993573471109437,2.564631368223587e-15
-1.8093218248541683,7.397234569512691,-5.6730224422088,-2.651027163155794,-3.998354354069706,1.178040127667431,-3.274429827203501,1.8257002602652062,0.20230515122626033,4.165891469264881,-1.5601833656733914,-0.0058644055724796215,-0.6605815469313517,-0.4511170034497404,0.8042349761310569,0.8199410499319326,-1.0599976879337545,2.9473884312399106,-0.5340603688918154,-0.03791997194124624,-1.0726121574245226,-0.7135888312334739,1.1890477502202756,-0.16862628962667386,0.1938871485658283,-0.29150783303876276,1.3610416198281294,1.6137500173172439,-1.30463488591138,0.5843315821247592,0.5873491433719635,1.1163109417240604,-1.3237703419428253,-0.8995356926687105,-0.7239482453033171,-0.6143764193956751,-1.8336592709452526,0.10194136173956685,-2.566625038304462,-0.09429431889831989,-1.4908097127377677,0.8250038408121385,-1.278960500962601,1.2471742856972805,0.42987766739636146,0.8535386423811997,1.1411797879011691,-0.09845365287138556,-1.79076199559259,-1.0479682632760385,-0.04431115460860377,1.114269438844347,-0.47925396761023736,-1.2000497500240277,0.031026440501117882,-0.5319321450585595,0.26524250011319767,-0.000284978560464158,0.2497257701798218,-0.8272045128429486,0.4512703867774853,-0.26242212109824914,0.31590221801068924,0.6815235944481333,0.6222207938079641,1.464739500671102,-0.07283639528326423,-0.08317395378276601,-0.9144133064384301,1.3357666797255268,0.12791149447096978,1.905182962153825,-0.35943407355119117,-0.23226566816173852,-1.3866285082352674,1.46427437078186,-0.2417042003992036,0.27707543161985615,0.014442393430771307,-0.9275021653206317,-0.8484035863947037,-0.8036408368619745,0.6865328170121053,0.6214955172907836,-0.5122304074367724,-0.23061878717040019,-0.7187494613322675,0.009189364225761798,-0.923618794219081,0.3968975265288778,0.11861588542834037,0.6189401004377723,-0.5357940877051341,-0.4531942453420929,0.47217441799469156,-0.09900172596717462,1.7146119381409364,-0.41290953448164963,-1.0780391153121704,-0.5559303667623219,-0.6317915549825927,0.1290450905077297,-0.35124980626570296,1.0912837427484756,0.13322298669673732,0.9776923352078785,0.018483277577467157,0.378079758529967,-0.9311557339841078,0.3578994938107741,-0.3771140369952969,1.8509713580284357,0.2664255372963471,0.6776963117467715,0.2474439212055004,-0.5022780090004078,-0.22201261867185934,-0.7033860108352532,0.1847990857832873,0.30794913926055417,0.11563075498297203,0.16732223112840605,-0.35082491017654066,-0.1657457281067831,-0.13811811984630232,0.6626215481112433,-0.24698034474281144,0.4546927782133685,-0.03516904288893734,-0.4885134096028618,0.43216322561974857,0.9402181470463117,-0.5369736826222133,-0.2824313593158231,0.3394903198309554,-0.01656526288487343,0.8406968365191246,0.24522509056972572,0.05074709743344354,-0.14505896932877402,-0.36422815233921585,-0.2525033194596525,0.33613474816987554,-0.3953657614573659,0.022866393992360002,-0.02862237354294442,-0.03922779894820235,-0.1812378012152363,0.12726135892505058,0.07341494586431992,-0.15702249060644924,-0.1379162310940986,-0.16973452169006928,0.10381768284168405,-0.21347319488920738,0.22451948353036913,0.11363859945926212,-0.20767536747014653,-0.0006774980448084977,-0.08769257118374268,-0.1877820945971418,0.007336382481999417,-0.1471056547076853,0.13634304549019208,-0.17292344447071978,-0.048132395663080446,-0.17183951774422548,0.3269718175046611,0.1092119032809417,-0.19918421573874995,-0.12595627046607186,0.22511487740263628,0.22936723875585976,0.0494123873842797,-0.2142278655018736,-0.0044688297962376874,0.046188168706458956,0.010591525378238105,0.06280249059468324,0.00505279424596894,0.025827392826046618,-0.11823544966479485,0.01128983260031411,0.09426030930818018,0.026838843465761077,-0.053751489159785316,0.04504200970408997,0.008890628114246603,-0.031100328624386546,-5.637113447608377e-07,-0.09739555217389605,0.024064158311280004,0.045354931179208295,0.015557011655973393,0.03715336805393247,0.022907499216448343,0.031625326562508445,-0.013177344770122388,-0.022731838475244053,2.5646313682236018e-15
-1.6465827628727283,-0.17637838864300798,4.500418696673699,-0.1944745866190445,0.7356768543637734,5.269964853696594,3.926772200844603,-2.6134824337476563,-1.5738824694039677,-0.079230824949535,-2.4062591649669995,-0.702613325223703,-2.7485364854733487,0.2528654396653214,-2.7895916170857746,-0.7222378626319078,0.5980557135843468,0.7571360980330358,-1.3941066855101294,0.6324381283683047,-0.41462666527208497,0.9606887480165387,-0.31265249285930424,0.7685313829573936,-1.7549955170992697,0.9614428909803263,-0.9551724762549156,-0.340780307077768,-0.814778374271579,0.0022512618732484714,0.5631662553788808,0.2630411327220033,0.17932969024031095,-2.6404828011763413,-0.04045354210414326,0.7340806069906858,-0.7867744753331193,-0.8959206268727455,1.1851178773147881,0.1426036849482326,-0.6147100454114887,0.05186637030517738,0.28924126368685665,0.9554049955133787,-0.8344537970116892,0.9773566340839771,-0.6416190169802464,-0.5958318401676839,0.007397503032045997,-0.2590292444094158,-0.7463094402586105,0.631450739174715,1.4401883976034986,-0.24022751235147427,0.6054609191012317,-0.21439610010078589,0.3301245492281007,1.2442865709939568,0.11304220750262746,-0.3945806651270696,0.19569117083116414,0.044960725897395734,-0.5228871517603385,0.5074937676425019,0.24319449746624874,0.3308295138214692,-0.06941255571782697,0.7583920927597259,-0.1751391394625279,0.16224029164901013,-0.07668400389171827,-1.5207109285131786,0.5368078665759568,-0.4450302939770639,-0.019710855887347542,-0.43869014232001846,0.3290819268039438,0.06862152610916647,-0.4281217769115265,-0.5177928775552696,-0.7982577025496714,0.24595249956437945,-0.7433197848056382,0.40521956086158945,-0.32284728572830634,-0.9263399313142765,0.9861135043746747,1.033752621114985,0.612628379975819,0.1195666967192499,1.7921302598450408,-0.5095817235400265,-0.06642600301697386,0.08220985681240715,-0.9217592676715113,1.8935112051512486,-0.3062373597888453,-0.16754822483950826,0.5528154388815393,-0.3767606090683279,-0.6777809459772752,-0.11258067609665467,0.5634157426663832,-0.01936554799409713,0.3663885838678525,0.20270595445699147,-0.2759983710926993,0.08352744115979852,-0.8148901466955807,0.06848635569522517,-0.14888635622001434,0.7883018128342484,0.23355014633596138,-0.040345496607220914,0.13066704404087576,0.959278614969239,1.0881194700603052,-0.4147445181605725,0.9755697471072522,-0.724442247912277,0.49672615547125,0.3361931659074488,-0.07744235189155885,-0.03948874512748648,0.21126596646694365,-0.9520328951918252,-0.0076549834037095595,0.14896375542079562,-0.3066936023957351,-0.2235839330752933,-0.17836045663233485,-0.36963048449935126,-0.6819602450333236,0.2858390874079223,-0.6335167823074159,-0.38614859409098673,0.4157361295416708,0.35029453780007747,0.45324712552629676,0.160488685929035,-0.3509591036799985,0.25788180923735204,-0.3362570401533566,-0.2611241856629246,-0.3643171453206102,0.797654368819182,0.0030887146517243396,0.1374233303078197,-0.5258449228501133,0.2488247774575004,0.538600508662147,-0.48278322962262554,0.07021447493973947,-0.22794360867032365,-0.10238146704978843,-0.19311642874352922,0.24211096350848485,-0.03908761995340637,-0.20721831495763132,-0.13845539225233414,-0.1387383950836012,-0.37651206350995486,-0.02140242931539623,-0.27563953674460384,0.03235771377544072,0.1176588070330554,-0.22593992650918557,-0.10932934687441044,-0.14198562549812102,-0.10022240226549746,-0.17369150082887017,-0.0016099593919406568,-0.13304669315492193,0.21885998639768287,-0.14978280486505052,0.023916530011882504,0.12588773406853834,-0.11560758854982729,-0.0016593273248951884,-0.2590366741809716,0.042401333516917224,-0.008867136026146081,0.15837654383715258,-0.0040452561301867005,0.035879143542114536,0.03796864018261498,0.1253422193702904,0.026344222519278947,0.03794246189945068,-0.04623782528309318,0.012541713516695372,-0.006834692670691571,-0.0451859733135077,0.04860658528872933,-0.043584359002853186,0.061582413996340735,-0.04383841734238553,-0.04936518086201,-0.03432285751777093,2.5646313682236156e-15
-3.9454578123598445,-2.648245988918357,-1.4117658478267374,2.624440270285468,-1.9706134967696987,-1.017407140594002,-1.8497504916016458,-1.5866141506693454,0.8898933535951491,2.1112911300024138,0.28531996667290227,-0.8015356271784463,1.0655204446511726,-2.5948889470629286,-0.1908671082096707,0.10202383494501016,-1.8946030306161048,-0.576543655425656,-2.6242045244604286,-1.628077608166562,0.7487474419239396,-1.877188446641487,1.516182425614352,0.9114144817512069,3.494930973004526,2.262806672241342,2.657877508673196,0.0894041606438671,-0.04148545526144528,-0.298479646814974,1.6673334633332535,-2.0806004696207596,-0.04978919478331638,0.5866908278276275,0.9436819184796249,1.4907056186915055,1.4578728876826679,-0.7013247069989489,1.549678409110189,0.6342915631339725,-2.490722767887213,0.1005588493504599,-1.046284499196482,-0.7366540229576585,-0.23395986565489899,1.4116913875101338,-1.4969067215012888,1.7445543632852056,1.6461337188558032,0.8292559527763003,1.2983984999339282,0.9461596511395591,-0.25447692477857164,0.4382489646683801,-0.04508223253162163,-0.63113344670033,-0.7728825724906084,1.3668892556263386,-1.576760767676354,-0.3872452954472756,-0.9672600448762279,1.7139356950740228,1.5542532869843448,-0.46758150738853926,0.5025063467853637,-0.5399573852412038,1.3984664366311657,0.7661755656479088,-0.687919267921854,0.15180258883059183,-0.9659082921288212,-0.7567116742923065,-0.38125983875431096,-0.3790059269980658,0.8062624054408911,-0.20695817828375773,-1.698892599501692,0.6972835140067103,-1.8874591022245724,0.9015937184903018,0.10353740077960227,-0.8385672150647262,-0.06722734772376336,0.8802710671185832,0.5625666810024625,0.4383447303554331,0.8419421550877849,-0.2981134144649598,0.010107624199980425,0.02372170678262966,-0.177289715069366,-0.1618342374486895,0.09572818976187537,-0.21512658427816223,-1.343791960338587,-0.42248942275750895,-0.7539800652993122,0.23183104689426134,-0.43863706278232034,0.1398627203345172,-0.5559000752351614,0.1314200121390091,-0.7379169750738391,0.8374799184627211,0.02189376207543679,0.3961653521650257,0.18212833054246572,-0.3196651744069725,-0.336009006063873,0.08861778756362133,-0.4921702379202201,-0.07821492179843578,-0.06007167255195601,-0.27977103215908883,-0.705345186162761,0.8329103305638299,-0.7731837119188516,0.1824685855992089,-0.4704340478271164,0.19832224485347155,-0.004375028388897717,-0.061620808654513866,0.3276415728713967,-0.04743639500245349,-0.30761080961527926,0.16851275782361175,-0.11488115585685675,0.8815556453286701,-0.4948552472866596,-0.6488759492008739,0.3832522141886617,-0.11181903873131185,0.5390631312047085,-0.5157936331439741,0.3442495536910558,0.0005201982462524847,-0.04076715021757633,-0.02613521646259797,0.20790809185559575,0.21986004345062704,-0.7854791450510359,0.29881907698360866,0.33083046319998466,0.07650305638469301,-0.3365367801477617,0.4111543036775282,-0.3236332695676979,0.6677370731333665,0.2441129012953243,0.04386266854056661,-0.34874740181516517,0.19699535653383626,-0.12226531054151335,0.019076158126439466,0.23036738174399002,0.13647235496842408,0.2662881314003857,0.2169144273128316,-0.18261962515293426,-0.1361652991631476,0.15078389609796639,-0.09401630895686457,-0.018946718796167463,0.05484127829203975,0.04064443198985068,0.0660295465959223,-0.0819379129996176,0.014681145556560287,-0.17472341465051627,-0.07717305844326854,0.06719088427898434,-0.018746464106098135,-0.08084765514033664,0.12467920518647783,-0.055819302681670104,-0.2141304376463468,-0.23790142491448749,-0.0026635684373738826,0.019929874420032224,-0.10205790942118517,-0.00455415993369452,-0.11388682551456937,0.0004420394741201241,-0.014182678238787851,0.13866194966245393,-0.06884035550927438,0.030602071230787568,-0.11653448666052008,-0.049443573914296546,-0.025113583592443624,0.05754774323092848,-0.0598489648391291,-0.016563480815067495,-0.10008690288427351,-0.0070023047863156515,0.014238435968457842,0.0250507741620759,-0.015450881678056904,0.0009980198426404116,2.5646313682235844e-15
-4.978376899447932,-4.614483449947781,1.4421178006612745,1.0120570666815536,-1.0385265273503612,1.9021996457969146,0.12073481630636365,-1.5555262754502974,-0.5472666774164597,-0.9617405321243141,-0.2743149146271429,-0.23410512436675654,1.0040884361637372,-2.2560514861135985,1.9881739747747753,-0.6545470153625411,2.5366714366638496,1.0428467689494234,0.1994092109265359,-1.5855061709703848,-0.6800716730437216,-0.8300337642411288,-2.6803138081536773,0.6625213219487052,-1.0299411407786234,0.6854433146143925,0.6614309948093192,-0.6865917297821077,2.286136360441068,3.544254166284508,2.3732859749027524,0.03160776919804184,-0.9137426165515938,1.1171451022873906,0.23821740714052753,-1.788917754880565,-1.5670535960270473,-0.3812010648921262,-0.04976211172435121,1.0675656039127046,-0.7675315280062985,1.2506028533636386,-0.006458608520836919,-1.3486460570673289,-1.6401509733446544,-1.2816104091586566,-0.35948273430902034,-2.068866371033474,-1.3689618711277913,0.08770198517464008,0.09487098767810447,-0.7173583023474093,0.4309199831293457,0.4115714059243272,-0.708391942459847,0.29805302498866926,-0.41986980270864055,0.21203896708691694,0.3138099651658548,-0.0470503435920353,-0.027489681744415316,-0.49529578156229226,0.6380671106919076,0.42807723813316606,-0.678671207389406,0.7129776356077848,0.04226736898533104,0.5735270858919567,-0.43685766266959736,-0.5715782095446366,-0.8172740547149016,-1.4147015059388504,0.7038514026464063,0.35533155079413287,-0.2718271793994451,-0.6150363664015047,0.605342150150966,-0.19431307736352152,0.3422152173039024,-0.21684219956972164,1.8784287823950168,-0.12683649943139552,0.9309436961124854,-0.03079930179370428,-0.6557679382648695,0.9533592818987177,0.6934765259778369,-0.5738022929294813,1.1813659098575786,0.010207286089226051,0.7913582481165391,0.048412342440444754,1.4749109127564106,0.21325790275571369,0.4029625640409973,-0.42621161504486893,0.29763276037405634,-0.621425978142774,0.019242296732865913,0.2697857515710149,-0.25846499493177694,0.5363681649336773,-0.35814275432702897,0.9315812913063668,-0.7178664557950125,-0.17561001491344433,0.24984723676817341,-0.4056494025657847,-1.0039392180470499,0.2512963412628283,0.3233702333836707,0.3081313471968568,0.2759036324724033,0.15866617167273275,0.010827841124385217,0.49469092285081673,-0.011438410667804062,0.48121654048421286,0.0847589700912727,0.04309078942322946,0.1427592670320274,0.1856656930408708,0.0681746308351019,0.23836324723427887,0.15103697444887293,0.5330910582039642,-0.30208245217259977,-0.07640565378011595,0.24082482983000147,0.1695633200151459,-0.0735927721189758,0.07359149344951077,0.021172556980077462,-0.2702189760242855,0.1660078252286504,-0.17097320940812435,-0.16802567599781967,0.1478254540829431,-0.4063780362009001,0.23431156475495085,0.032747678170792625,-0.35726083953221854,-0.3782380853144584,0.29607907892963314,-0.03170204896141901,0.012251046383404728,-0.17118484706406636,0.03890864889508024,0.2500910686557086,-0.28269264095048735,-0.19625121278744395,0.3239063912463718,0.0333457765661348,-0.47879642556744606,0.20346441819703834,-0.27647526571892284,-0.3834333767802789,-0.5152157772660393,0.19284001649352786,-0.2564976425550419,0.07679008058571304,-0.19928990634814378,-0.03416937282157963,-0.20309106595873458,0.14232531729738265,0.028509257358708517,-0.34104255989730875,0.07163270155420799,0.09226214713639772,-0.20180358675230378,-0.15363671062860665,-0.07632168188869788,0.06498456086025767,-0.22600217398861824,0.0773752765292532,0.10707070141489224,0.1399367294200442,-0.1767656964940312,0.10899818664229384,-0.053354546562406235,-0.18716454530005885,-0.323100583745341,-0.09911840410939642,0.04957835583894334,-0.11765878292351664,0.0036987267842545973,-0.11871954194413151,0.11735312826900063,0.11880559263164868,-0.11904109151338359,0.1496843075837416,0.034473122055227866,-0.051862075566337096,-0.06478582271248172,0.041562413198103956,0.02419377807754842,0.11970923335340931,-0.05442617697667506,-0.03153975788294674,2.5646313682236018e-15
-3.04152192034789,-4.45270599757159,0.4684239185731541,1.5254647149661829,-1.9156150779570376,4.260796578905029,-1.1062522322903379,-0.5217802225433243,0.011568269037779022,-0.29059792529823286,-1.2061784154585797,-0.49957125624838933,-0.1021310649714267,-1.6133837203017094,1.128223223838291,-0.23125500454873557,0.39671374246204105,-0.7033151752543608,-0.3754679549922682,0.7891790848293858,-1.7592471327784398,-0.2476485941773298,-1.2525104797315365,-0.3998287313898938,-0.5648570464866768,0.325728059818374,-1.058122633596326,-0.5309954975755754,0.12763596058819068,-1.7065728254217236,-0.13154072244670753,-0.1035978187362969,0.9022041882440365,0.2956693066745836,0.24363071056927074,-0.4550848086883654,1.472865754676934,1.8312029467527844,0.33432868995854054,-0.7988543282567401,0.07895360474209634,0.6104446306913913,0.2930760420629831,-0.6623962706113192,0.5015668217487733,1.0800483572250665,0.29618596428297134,-1.5096730012141761,-1.408835622497455,0.13617558157853193,-0.8454997677747008,-1.25140674674734,0.09922000723015309,1.9159193291697305,0.3682260577100288,0.06733694176846516,0.14345879744121806,0.14298116444076317,0.265678784700616,-1.061289055898587,2.0255913136188313,-0.6184662957969403,0.383916893742082,-1.7544258032561615,-0.9363322637265807,-0.38999955349426374,1.3726225846858555,1.2055845523526494,0.9519338651936602,0.5765065947098428,0.2453219018222946,0.4181597961508036,-0.0638676781885622,0.41074063572163155,-0.4305380125830408,-0.4125536466924003,-0.5800230195371221,0.4087797020004213,-0.1283628113798189,0.27209178547372614,-0.4038186100519925,-0.47459419793002244,0.2764046299440305,-1.7180249190685104,-0.1888188436398977,-0.18663502771231316,0.05122553267661212,-0.07858023320495006,-0.26758354971085196,0.39961093648239476,0.5428314493915549,0.9753075085048392,0.3002601274246434,0.2602052244667243,-0.9357651225067257,0.41603822873596236,-0.181548018560169,-0.049943598118148025,-0.053039298769989696,0.14845493448551286,-0.08033463248577302,0.05613305718413382,-0.0816425457566043,0.9882853831356321,-0.294414593027716,-0.19469220175639823,0.040363890698023604,0.2945407984934261,-0.6135286568377067,0.07023891927781803,0.4292266552482855,0.7963815534842549,0.11549159622183111,0.18028204424540792,0.039784897309625956,-0.3604615215398089,0.10076007513940112,0.35785099961337874,-0.5279590603682064,0.6289623455340644,-0.4965130493730953,-0.511088119024471,0.09147091595099857,-0.5351570060042016,-0.15629202871402179,0.026942258486515908,-0.716992803688906,-0.13801502163819754,-0.163152261880021,0.26087451256597544,0.6622056298373297,0.06015602534054916,0.44661181654931414,-0.45245599040790546,-0.5524349878855459,-0.21794773945476617,-0.2170020407687158,-0.3257609235039931,-0.1197115402353473,0.38025876551309107,-0.1139250808625844,-0.20615498932256576,-0.5445862324071318,0.2584403566840853,0.38326173766873634,0.263417306106756,-0.026845405751436336,-0.053710191206806236,-0.10264873086725006,0.06955430380454727,0.5777381252342474,-0.14347937066539956,0.01205812291206622,0.49085461451645956,-0.02313382789281876,0.8443861085086967,0.44829794700257053,0.1578494791093689,-0.3694139283451784,-0.29905054024503336,0.381371599406817,0.26781117842411695,-0.1727028640714785,-0.1521899952503682,-0.0005575683365958602,-0.08692579472016271,-0.30727571593919367,-0.256495910707403,0.040664411476724054,0.007605624445421994,0.44109295847013685,0.1954473551868258,-0.06035422971938078,-0.09383815695237704,-0.11661150192213557,0.19510605591871613,-0.13082780788805679,0.16554806583447929,-0.0848393749921725,-0.04841018383007762,-0.021099431572301208,0.1946929523737703,-0.09727248148153013,0.09947915563238117,0.008768125281717859,0.08165482642999801,-0.24689374709767525,0.05985661987431403,-0.08287142311293451,-0.002006548445931933,0.009069185581249745,0.1528080522878822,-0.012412917714255671,0.0865610693503929,-0.02555381502735032,0.013948683182799652,-0.021942963102703196,-0.02528393767383311,-0.00488359621521294,2.5646313682235955e-15
-3.691228360352802,6.844643372400934,-1.4880028796054754,1.2241620593110694,-4.2384909736250105,2.0428343790663797,6.5698533897906435,-0.6914679888042977,-1.954777663261239,2.746443289153626,3.880429428530562,-1.9161826730633804,-3.3148087060747096,0.70372974598866,0.06871705184250745,-1.9261904575366915,-5.426562913070611,6.052097879444165,-0.48409283890452554,-1.6551117955715144,-1.8236498868464206,1.5389227379367187,-2.3679029974401113,1.4125899561975617,1.977860266243598,-0.3482112726373414,-1.1165070853265036,-0.8254545772217056,3.219497917460155,-0.034021926094396145,1.660710150435712,1.956301883477252,0.19509696852703773,0.3309674392888071,1.0297137095513318,-0.2885862731900322,2.482199908856839,1.0426501127952161,1.0006339546401175,-2.551216033995485,1.8427119942953016,1.6017629071842858,-0.6347620230534626,0.4449413951239208,0.10958097110178995,-2.5240004645139584,-1.2542778688576217,-1.6684951856310049,0.7947115626845371,0.03913365985672487,-0.14898874660854952,1.9447417820450212,-1.3601832111889536,0.31026146577819375,0.14514961834276405,1.1942830763636354,-0.21822780436505956,1.56492865441755,2.4428477494020155,-0.1470617445398609,1.2650823092979904,0.6300665447297945,1.5454814069773237,-0.4269179360805613,-0.39114544522273054,1.1827923907689926,0.7584660579587186,-0.146706050941792,0.3967807216124229,0.3470391790636238,-0.48463133590092194,0.22136318533508156,1.489191654887863,-0.5499983411410467,2.2249600327537897,-0.3151166748782599,-0.35708443360574366,0.6991763210794962,0.6063191294287823,-1.1855368679511677,-0.0636359355783727,-0.38047340477428065,-0.715161933288775,1.8060928601972035,-0.8957236823426012,-0.5656291148085735,-0.31916723612172404,0.8320239782015814,-0.3823884128026171,0.4773918753367177,-0.0904570307008685,-1.3126882858977627,-0.2676393075025527,-0.1619861428429879,0.13810582786281658,-0.37329696778995275,0.4297603570803599,0.770368585930785,0.4499299803721808,0.03300548470403316,-0.456745353373528,-0.6264925802880683,0.3315657868881951,-0.5196322293301704,0.0065550413167484705,-0.025244931956027127,0.5353138413605448,0.6952523578561565,-0.20903472311508864,-0.11459315496591276,-0.5661350368894725,-0.13586003819676876,-0.27858762131367437,0.33333206681422217,-0.16814370081726254,0.2261150047955827,-0.3810474309003072,0.16754324063780324,0.15487346577636227,0.3036496102940482,0.013269354285768871,-0.07484598763520424,0.15434758222502828,0.6542027475549066,0.5039979201924781,-0.4573496019282371,0.34877672698627943,0.2882325410535458,-0.25086813595790103,-0.18634433263829525,-0.05819338564026801,0.40038514055685465,0.19342237511031343,0.07038256926470839,-0.1728189342006762,-0.21196077495471297,-0.06300476513182364,-0.16330179109425338,0.17463667132686816,0.0646531004636127,0.44389620801200086,0.03783787780484359,0.10955163728223785,0.07196821499169397,0.27058279335754204,-0.20712874327601588,-0.12699383139023102,-0.10955374970586715,0.2207071789192304,0.0001492547685631795,-0.19473130291054078,0.0860776501004097,-0.22234567663969523,-0.0960570983518532,-0.07573923449390946,0.06611776160819241,-0.13497497514410825,-0.048152821933094295,0.03520351469820854,0.09539758281612958,0.10929365291184258,0.1224611219017796,0.1011445002115462,0.11379291255853223,-0.12106230958302765,-0.04772667522825437,0.003903318857808012,-0.12467701023991729,-0.03403536976086019,-0.039926668041000646,0.08822599711381783,-0.06486152460397955,-0.09188646416568708,-0.06659437622735925,-0.048991972910856094,-0.02556353757614916,-0.11507874231664725,0.03712137483289494,0.04793615877274177,0.05324150986548223,-0.022969414795521212,0.06429169033290652,-0.03443980158981747,-0.0432804548215355,-0.014978898891643753,-0.0019304351467697007,-0.06940342933685031,0.03782706422350277,0.045745432282550506,-0.05373525652682777,-0.02294431852450578,0.019359497629423898,0.004028349833730208,0.03636298765880706,-0.011043308433061633,-0.014388157746874897,-0.006044704119653601,-0.02041886579342379,-0.004303178437026879,2.5646313682236073e-15
-1.0327715333190808,-2.702359630778281,0.5625379508549512,-6.310785402345605,2.492146787722925,3.432665784996021,-0.543085239443161,-1.2812004330353692,-0.3424507857451428,-1.0550968036362738,-0.002045182349373485,-0.0223927003020156,2.691887336932617,-0.18517243009374057,-1.7339435789981208,-1.0084586038563872,0.5236734737579929,-0.9441320768828033,-0.7397326182785618,-1.1977040312314988,-0.9023060744025495,0.8371398863183452,0.6716341377973869,-0.46937454191214717,-0.6315554249822523,0.822623439896159,-1.3638465650633174,-0.14067346201659608,0.6236853869478034,0.054182058468493326,-1.4952167263739533,-0.9618514875306506,0.43678893416006986,0.1296130805155721,-0.7618357242477801,0.3098127223099769,0.13517394691311166,0.40585719195306696,-0.6171797342079021,0.6796037463389044,0.20150721210438702,1.332517118573174,-0.8237142534078623,0.23914071734068518,-0.9985114313582844,-0.4358131673104435,0.05779327017120692,-0.21056032953816398,0.005473289277651246,-0.07851488565691017,-1.3629524968842506,0.17322320025454166,1.3578933359656822,-0.19095079467682427,-0.12382039538345192,-0.6850369972377923,-0.05246833353676999,-0.7280880914788362,-0.3297244078196518,-1.076625160758778,-0.5484092355667457,-0.555301673443138,-0.38120238387592476,-0.11690180320387175,1.3533427079058078,-1.208907164443319,0.08273823586972176,1.0211372435484953,0.4264226652807242,1.268684490541829,-0.36095321639309863,-0.5689204411322238,0.7620058858379518,-0.6272614183550996,2.0430272074478846,-0.7044029407891524,-0.4883955719320149,0.002273092410379895,-0.1702024053614332,0.8073234695120349,-0.8869344469692877,-0.16747435129238922,-0.7044778038902529,0.9691241061541619,-0.7239143248688308,0.15312316935958636,-0.2571511873068975,1.1565499300940894,-0.6317322690038583,0.6271176345140429,0.6561840544836285,0.24166183006780706,0.7589645256673659,0.6697748249448076,-0.03615619232524448,0.21259853412414598,0.8476759056174331,0.6988584812747609,-0.49956516945726714,0.20647629784936009,-0.47372846627906695,-0.022103284748385358,0.08539798679267657,-0.29938838991301087,0.3614787670226042,-0.8672314196628081,-0.3320935804325728,-0.07774129573744844,0.706154628278475,-0.7742179245435057,0.4316600717435877,0.2645697767187258,0.20362178903761213,0.2988514898946503,-0.3485104060436959,-1.0824070295505432,-0.9166835924149446,0.4311008168398332,-0.2000019005168736,-0.0025231527670057374,-0.13118351363565048,-0.3241802920122588,-0.6294203652615508,-0.13741808690565085,-0.3660181339146136,0.35178429675744144,0.0237129981838452,0.46394960348429454,-0.23412747606523315,0.1871473764743946,0.04053808498872929,-0.005194982667589533,-0.12858324452823022,0.14349746693054558,1.2636832720017808,0.5837689889118965,0.04806795296100818,0.5686518280468786,0.15478062012791638,-0.5136694154580337,0.4593803791031627,0.003571653918222128,-0.3316100883091568,-0.35510576727149146,-0.33249964642394475,0.1557717654004268,-0.2704461413300243,0.12027148561510609,0.20321510849272564,0.2063601617475812,0.25448113142164147,0.13900961014211538,-0.08086264626825988,0.045402408599101475,0.43676620942423755,-0.048987393091514744,-0.5298914897017628,-0.14853153366497723,0.0023282788701167647,0.000375228840365024,-0.0008259706109406695,-0.0169399927661166,-0.4323414108710932,-0.05281479396406998,-0.056083452945339445,-0.11046095605136527,-0.317427601273979,-0.10305174952052983,0.08191948111379492,0.15625101740847747,-0.1811573083536363,-0.036891989877352926,0.023522327983539024,0.11748485686133033,0.08412148990711979,-0.29908663726775725,0.06323004173220169,0.06159474142962118,-0.07580863421302696,-0.06555461180488649,-0.06603881941914169,-0.06018189224675668,-0.1588016231040736,-0.18164422266334393,-0.22898018950248528,0.0316468392143943,-0.02693607577812393,-0.1207845901212176,-0.03349322962678368,0.1015012563608484,-0.09311061867681034,0.10657900418787618,-0.07494673735713929,0.07017633589127235,-0.0054693478839810605,0.04306979624683112,-0.03613871199607216,-0.08111189414645088,0.07765145715805154,2.5646313682235718e-15
-1.5075707318362706,5.6232206955355215,0.9306687721481018,-5.001336965223239,1.6132304453304565,5.3378199095990135,-2.425035760033,-1.5229424614354814,-1.96386831179753,-1.487005727585888,0.22797187738330088,0.19266650684228667,3.141785392702083,0.16254032336286986,-2.624287480341468,-0.06028893239913269,2.2668106698277013,-0.26768979595785425,0.31712522728797166,0.4913029498153449,1.060380353194551,2.690784563675443,0.5216463767401756,0.3993921719501952,0.7913199068024211,-0.09291433559712084,0.25343542617243175,0.25920056466723995,0.217402879781334,-1.9820445492726673,-1.1483378485126627,-1.4235595753830776,0.34049124041825923,-0.48909089335613837,-0.9111000515325823,-0.39737475543849354,2.0861461016271505,-1.3265352650497577,-1.9279594273661769,0.35357819641060795,2.246892683968245,1.338933017972587,-0.6249392316862215,0.5748371279919695,-0.7352696376238768,-0.5039085994375658,-0.0834297737985452,-0.6628384935963905,-2.3211792829544757,0.8462751961576456,0.12608610644885634,-0.5665848735269933,-2.1019995722947837,0.6139476454937164,0.2965154314846374,-0.8488432083449733,0.0645018790885353,-1.598564798546133,1.4718156813281764,0.15562833639755144,-0.9631309117318658,-0.6241092934540686,-0.5135213727262469,-0.46692707487351376,0.7028963101578601,-0.2756139450380918,-0.606506563449412,1.223917414305707,-1.9146269485434662,-0.5235245452707336,0.005948865427681102,-1.34235093718146,-0.6225916745753619,-1.5650641302901938,-0.9705906005918848,1.2178691633708851,-0.5681012662268609,1.8152796975665395,-1.0348121492821314,-0.058936830081824855,-0.6155223682964691,0.3314406933252615,-0.48567128371557267,-0.5215489496998174,-1.1961793680885349,-0.7737823590201744,-0.6508058993431504,0.19511987975605583,-0.17366371034849,0.7774678181038419,0.41364252581364847,-0.9905776425650913,-1.092043050659726,0.22495803545734738,0.3478236551972897,-0.888873892856113,-0.28419503873396845,-0.34462855261894476,0.09524324347269675,0.36638135003063244,1.5134055703797107,-0.040488554736511584,-1.1032439110044345,-0.9938650397832661,0.3616687426238106,-0.3394968706496583,0.04330940573186395,-0.0933803795630519,0.9929211859823014,0.5506842430493536,-0.14487745004370498,0.49862088344986755,-0.3413381894905034,-0.6837089608523396,0.04255685347083082,-0.17837421316963992,-0.22491893874252689,-0.3940277716278786,-0.38020973397189956,-0.360177253444294,0.32893393339295135,-0.044064671794804104,0.11349666569678159,-0.42871840285883317,0.03462665068301431,-0.1927232678963454,0.28471809265975473,0.0857867998438529,-0.3319569866043678,-0.1330032483857832,-0.20707676508707595,0.827969712845942,0.281476106295437,-0.6685512228225106,-0.003445500590625356,-0.36705729680042587,-0.5258436999247262,0.056340400598822706,0.1802732705809014,-0.04782445568927927,-0.16875623567029838,0.1420558884494127,-0.21580205164214375,0.09346994920679662,-0.1585251676922258,-0.13251820674615022,-0.6799014563066663,0.022549442575051426,-0.5184703963100594,-0.11059413979907784,-0.1422186033707895,-0.06803463311332009,0.028839371175546778,-0.23636544285947728,0.1723710863447556,0.14739014152541352,0.22820635238103895,-0.052733833146486185,-0.2781574416791175,-0.03570231111603423,0.21102000508112045,-0.01407408258999147,0.234967996583521,0.03215084572524615,0.0645120584877461,0.167832820389187,-0.07100901718342974,0.11481755683019858,0.04968737819122684,-0.11961579438670586,0.03669769295144446,-0.05826615096609488,-0.08922441347084181,-0.2362350265781924,0.13457757254252173,0.1015861207218513,-0.07882284045359815,-0.22071262894469607,0.03061817445967832,-0.005063311401310155,-0.15681960567939954,0.026424760472621666,-0.07476674376071887,0.015348372949760332,0.04778996345200828,-0.07605534836869458,0.049142007275398546,0.057283920131892804,0.09760577600348964,-0.12902417759378487,-0.0537118853285111,-0.05002583622200092,-0.05456635260377837,-0.025728711424154494,0.012431968095442522,0.02114124466838014,0.01064511309360805,0.009150979607891713,-0.028912582298119115,2.5646313682236037e-15
-1.4760848804989493,-1.9794828254644252,-2.2540174577746392,1.1895446552750504,-0.21920170567987224,-3.440737886480504,-3.4818071289255044,0.3866319447872518,0.9677529860836908,0.9078702115709287,0.6573427877075562,-2.011250416276113,2.7007462757193017,2.851062819007497,-0.30619904797169,2.6504059581205817,-0.3727349610969859,-0.4362655016365398,3.0679878219275203,0.39744882726976405,-0.6869995379163163,-0.6170730947407644,-1.6994036987737233,0.8753161245997425,-1.6014144958759549,-0.9078668680752546,-0.21506130593162456,-0.06862270591602154,-0.28700762775492034,0.14255386251945196,-0.1273171547989713,-0.5071181745587174,1.505995348799587,-0.12329678733623195,0.7383114931567143,0.5067772236879191,-0.07699251065572296,1.0022027486882665,0.44920995230451133,-0.3507992637300255,0.20438885181296318,-0.9946564374218543,0.4967266155456073,0.9772270128035774,1.146289830218254,-0.1541281303533331,-0.35284673600329197,0.7068776815336715,1.4627628604613174,-0.9780763690037053,0.11787171236554267,1.0539642453032907,-0.27004718225167623,0.5552632502891927,1.864746241086529,-0.8568191068824388,-1.3137638912214527,0.5236440788154039,-1.3061510353420696,0.1714190012325436,-0.41548894796153646,0.6141623484034346,-0.39302548569854256,0.8332051912954167,0.16035877021137296,0.6126509126967331,0.596228709717757,0.5866901541917339,1.5484236731852132,-1.9734967168230726,0.25628902359811595,-0.15546089110604666,0.40390348412265065,0.7627012463646232,-0.19880425321981504,1.1730617330095552,-0.38584261103988554,0.13920774775439457,0.06958543071964221,-1.0703677581388338,0.4398097751933921,0.33103621204435785,0.17925181116082656,0.5752236106730643,0.3600244877168544,-1.0419790933566435,-1.4126064728620185,0.1584151120123553,0.059294784361372005,-0.016167974508600653,-0.503038762234219,0.23560182857339196,-0.2879492281006401,-0.23285932789037442,0.8754968890618652,0.46197459954792747,-0.39278788348987465,-0.23748243475503442,0.4160406623902218,-0.5864903001907124,-1.13062504720196,-0.9889191737053681,-1.3705261033695195,0.0036759694418629432,0.25435562887773183,-1.1590044400866677,-0.2679368001168147,-0.230797879050798,-0.06642266137149765,-0.544383587562373,0.43334528394400856,0.22066735179502878,0.059200642185160086,0.43050480209978903,0.5318244020020261,0.06665518550479363,0.8647726255941012,-0.00976266346348205,0.41507428816628544,-0.23001981151188805,0.3168893902290615,-0.4260360558526283,-0.12521431260253285,0.24618851703473454,0.5828306321163185,0.5375219055411244,-0.30944773098954614,0.383864585713878,0.42930359378118244,0.05261600034608891,-0.6806339921091336,0.37759509140293374,0.8474514017550591,-0.10233306891471985,0.2816954411581525,0.434653021537576,-0.2882845648255539,0.6623150311306308,0.3371249893859203,-0.569334162497762,0.1622131621455109,0.18071768981987107,-0.19911705591470086,0.020827402203009444,0.06031935904988682,-0.23925153066414148,-0.10818231625595935,0.03016147402931348,0.0008381319604061758,-0.16146124453260774,-0.07979953349739828,0.005381467875152896,-0.33631838598765923,0.0596329914753394,-0.003367895682114879,-0.24012578908529056,0.5677926896670974,-0.16170935622067376,-0.26916750600830586,-0.40014529323687836,0.0873713001408327,0.020665123790167102,0.15333506665174956,-0.07961812666036193,0.24081312532605234,0.253650490065956,-0.49026913150651,-0.03195513046632212,-0.16574473861590588,-0.15450728868384322,-0.2757621324124566,0.18703753103821216,0.06848296933825028,0.07889516986220238,-0.049627879666316876,0.24960759560169346,-0.1797768439752746,0.13712851517644278,-0.13117441266715074,0.04895211791857755,0.01046231345835165,0.04125668959792952,-0.03902646409414591,-0.19142821633085438,-0.1014774141192933,-0.051578653140192575,-0.1023619903431874,-0.021763264823435127,-0.0020676859939817802,-0.092991456395576,0.07109724374909122,0.018181274955760912,0.0788276457715539,-0.0954878094120531,-0.014209655043053186,0.04280306830677943,-0.06146488040662166,0.0010866004003999734,-0.00016039456319768771,2.564631368223587e-15
-5.548285850400093,7.264211169900041,-13.941293949851403,8.795166137326996,12.890495106461154,3.5218348253686074,9.401318344719257,-0.5367075858819523,21.453888189116416,2.8463848081052214,-0.5845552581625821,5.120374918460284,0.999439712894589,2.580342244467556,-0.9810946082586809,-0.19000725140451713,0.7378554851270942,-1.0201406550958187,-3.702256504476282,-2.0101820283407106,1.0086949486966414,-0.29958590636679916,-1.9148729318384938,-0.39233914425259925,2.5164728908140415,-0.5410410103077955,-0.5324445848197422,-0.17407154395083968,-0.04237110180395126,-0.7053451875565747,0.1917180969391721,0.41690144116498423,1.6219510022772048,0.5313290713355975,-0.44206955355579136,-3.010427623073557,1.0600910096173748,0.24998112891120522,-0.13315935536834828,0.43984995377817304,-0.9129348773102504,0.6599912798438823,-0.6563266016498248,0.14568827596706968,-0.06627134557258109,-0.3345245651571534,0.04186238765637551,-0.17679912754419452,-0.27925839006576125,0.03980507252445638,0.21460901996687773,0.27598185016682103,0.979834420138628,-0.034607095530693736,0.3160558619251509,-0.7056792858669972,0.3520061683021182,-0.009381967451267277,0.3341981789851645,0.21460892571319085,-0.24841719334999016,-0.5382837378764036,-0.9317851637796736,-0.35636359990294475,-0.44876478430293365,0.9370529839282886,-0.5246103421128518,0.5605905898063163,0.418903215346903,-0.4210146433143853,-0.0869066518265579,0.03669436423143216,0.018682630401830345,-0.15918998599494177,-0.0951929719130496,-0.05113956101834746,0.2142750247058467,0.16785045175326924,-0.39180985974927807,0.1272201760673417,-0.05824907429942315,0.18155849194484322,0.24019449437747417,0.18504477806280517,-0.18962444264083075,0.09553814842768955,-0.11051344423648735,-0.227827915950894,0.10802047917882594,-0.05816924124852795,0.005762318047502915,0.18274049887601176,-0.5131564354516707,0.22593985229885508,-0.42701883978193117,0.05963553636980276,-0.0015946208270749755,-0.5479411129314588,0.11863045142764134,0.05817925452036769,-0.01963853468664519,-0.16183667109834302,0.002519738101357896,-0.08773715210323314,0.10813245234411219,0.02073316344631403,0.13417840987048582,-0.031160175124939456,-0.005355283439294379,-0.023019436467093878,0.34428553774209153,-0.20676566985808253,-0.1533791178904857,-0.10408146534698458,0.01346823547741664,-0.06767241918411317,0.1354995973061777,-0.02513917909481412,-0.04084475248470355,0.031238976450506672,-0.035740832476610834,0.0049472163798407005,0.05901138071139128,-0.010163796893021309,0.07961608459860695,-0.047719805390677446,-0.033747176380865176,0.11162973111322734,0.09824944721068189,0.08818423802828068,0.0447901607645851,0.025865724549109015,-0.1678935798843713,-0.00032789396988896043,0.09144397674579773,0.050293255721863515,0.10954462875647192,0.03472936005472956,0.02389079998280462,0.026468556326609806,0.014190954440040765,-0.07510629132920826,-0.07144128139783179,-0.03649833328908945,-0.0034772234754503126,-0.007266664941637569,-0.04578021703241068,-0.01182820727723726,-0.025744599424668606,0.03113472290900902,0.02629248508502307,-0.01151855389830703,0.0010559508376171082,-0.043162592602348164,0.012522745924698889,0.007279248235169112,0.05135606771219429,-0.00016891895901670128,0.017321764332703302,-0.026921693027799704,0.022352075249620653,-0.020719898689868538,-0.0008097226826140491,0.0016596421749308068,-0.021810808689999468,0.003925483963276418,0.0043745952496049645,-0.024530109120668078,-0.0009753628242302162,0.011855090451244906,-0.05018775546165166,0.015316423987014913,0.0036677312484100924,-0.0007326758068090407,-0.01146793871995356,0.00841971550670606,0.01817228740935399,-0.01132185112569295,-0.010038706015765906,0.01606014866259656,-0.0070641833451001715,0.003590390803906929,-0.002325585848244112,-0.0002165630234988532,-0.015563794883320718,0.009608446924400136,-0.010908258177108039,0.01499301361902793,0.0028448769235001298,0.0035360036974435875,-0.0040478641673978855,-0.011850060474859899,0.0013250933719758861,-0.006190158048892611,0.010049812158896472,-0.00041512202689023876,0.001581341221245262,0.001405184613411202,0.00031444966916047536,2.5646313682235998e-15
2.615930996891989,10.494734807070204,3.056256275501447,0.4682240284865402,1.161631030751058,-0.8433167772147816,4.38729044273416,2.294900239147583,1.0363615844545568,-2.2873116037882304,2.417251625295891,-4.050774155801471,-4.102816392323125,-2.0266964174166158,-1.0131356754929346,3.600164493568759,3.305040454547895,-6.3503917018516844,-2.553612907350161,0.14105613127005284,-1.1914519900142109,-1.3935571704377825,1.8423185145964724,-3.038502419566031,-3.9505646028998442,-1.0556756751269618,2.4759675786493784,-0.9986107447393728,-0.4431021323597063,1.643809320148122,-0.8700541188530432,-0.6641243175554464,2.0554682552592998,1.374737056724997,1.0310845823343484,0.8467435111903236,1.1984575711051992,-0.02434617944618114,-1.109388207207382,-2.1536986862161354,1.804214255291127,1.722227947561166,-1.0000212274118347,-0.11866886893856256,1.7664319013196608,-1.0450041784057131,-0.7361228907408504,2.1535920095437837,-1.2938446598760962,1.4681473516113173,-1.1387981817118544,-0.35426463100129135,0.24534251127316903,-0.11020578774985874,2.8254245311738013,1.443167905229474,0.1408192513491525,-0.3866128714870022,-0.02649576584207588,-0.1209505789432675,0.3034442167108226,-0.07102468989273276,1.2283620445125907,0.9699145639762343,1.0324592853941426,1.9160699961033034,0.1148834757161828,-1.701756800486756,-1.3190297642985516,-1.128711614334244,-0.9390044479929937,0.36210183606737495,1.1694275971159622,-1.1471429837647942,-0.30154597466597227,-0.2630974210228374,-0.5684445477719228,-0.7283370380606333,0.891283721765776,0.7547049177476675,0.10632350787381081,0.4090838203115876,1.279903787548336,0.6198443345042164,0.06067812108157035,0.5550273483844568,0.6317489648376954,0.9173163080583225,-0.45453839884544783,0.7514604507660946,0.3638857792990799,-0.018936949979932605,0.5288570137394856,-0.23820302316455227,0.5853070494770671,0.478637390336607,-0.24109356884042601,0.12123950409805985,-0.40395479321601546,-0.10618340881999073,-0.3378915184995816,0.03514876474340088,-0.40748350615620016,0.19064609045065,-0.2753695232123352,0.04051673917743512,1.3181667631920013,-0.3850184748039662,-0.3893742472077159,0.17104166641331633,0.4289597659582978,0.3340802576676141,0.7311663544907524,0.5036167143975289,-0.23581553691737764,-0.3253911156736745,-0.23162401478997835,-0.03314075754375718,0.05141069439310609,-0.2823646083608296,0.18426959400529055,0.4181278359008938,0.016468564359753378,-0.49948077393405066,0.37290830412111314,-0.08935824405671194,-0.3196380224859518,0.22088379884239778,0.157219935358595,0.12588407652036948,0.06820039377659332,-0.060343725479233945,0.07671793717058252,0.00019210481718250324,-0.1117476152379197,-0.05279339762378287,-0.31185457994422733,-0.29366625250591305,0.4179413744518752,0.06219803678059185,-0.1141029638127538,0.48265782455654094,0.2688624343860526,-0.22347988072356334,0.006209044808242917,-0.15265184463249373,0.08170734031250872,0.10998096923009609,0.0967712618411257,-0.05200947263655979,-0.04714051937370178,0.22699352914609533,0.08715997685629844,-0.25540681690312633,0.29162919526772374,0.25175323157215235,0.09826949433593359,0.11992701072390437,-0.06261878348015676,0.08296786208288341,0.10496038780858691,-0.060113140975717606,0.13594361176633918,0.16581300507958538,0.07096891035331361,0.08217613935893334,0.035031290339421,-0.15069152417822645,-0.032903024499174996,0.1372574877581763,-0.035216230648036806,-0.0901853057251487,-0.13367444662492806,0.014933362963878895,-0.017013557979661413,-0.024222591318662886,0.11679252895710958,0.08469541494210377,-0.008743251148575345,0.025481664401960223,0.03014270295860679,-0.00029173615379177355,0.013821687555930788,0.05053881788509286,-0.0072310512192501715,0.02054679889299965,-0.00796666475120979,0.0015378854099732692,-0.0134086652805705,0.011677179254671259,-0.006899294816119268,0.02708180830605045,-0.000278083892263717,0.022860863491302362,0.009709976461992564,-0.014387082015569326,0.007382351750844068,-0.011507674336932922,-0.008199935879853083,2.5646313682235998e-15
-0.6595585019513335,4.14090638999932,0.2635437534195061,0.03382139737237756,-0.8544232692327828,-3.07873519140633,0.27203189613341,1.8950827168351867,-0.6544059235535508,-3.3231306789934734,-1.6887770689675252,2.9474156578638304,-0.26479816635056885,2.4853124844365815,0.8394625817952486,-0.9014012390499524,-1.4944135205188331,-0.7084026670713668,1.4541686345542917,-0.1408514519359362,-1.5307648656240915,-1.5883069855726897,-1.4270626067702659,2.1489581443443466,-0.7084135414066859,-0.29595545347147206,1.656188944702781,0.18009870320795274,0.2089930511162085,-1.905570236938696,0.12705185398336766,-1.5961952415544596,-1.6013793609068074,-0.057273458612655204,1.6611006833670436,-1.0156816076242756,0.09738394413115223,0.527273994164636,0.31526158444785196,-1.026606123693338,0.7135953774071377,0.39049330295089996,-0.25832803973477814,-1.9253688397717772,-0.6144183265220236,1.9771599252285603,-0.8729604452988708,0.38245103830999466,-0.7100746439010294,0.9307210092306961,2.1369695571065015,-0.9305416686773854,1.250647056878602,1.1955795820134465,1.0966927464136158,-0.11070266795586528,0.2822635248829499,0.7732377079367547,-0.8342311509507875,2.743257705162397,-0.5201583165541819,-0.28235494575910747,-1.5448041177762089,1.957271515592169,-0.05678878247986332,-0.26761705008380654,-0.2370157708340865,0.446606456126491,0.6997214255789503,0.600761718762695,0.9540537539387576,0.49899076995827674,0.9115873789275036,-0.3571848265679745,0.7878742953103344,0.7409499232199487,-0.4908628466612895,-0.22662831460095967,0.04488070592563825,1.397110023211438,0.5442095570853104,-1.106464921413259,0.0754817551571234,-0.4369128858271431,-0.27242149753844835,-0.5742911285978072,0.018895587910847708,0.8272063390275567,-0.22173147819738293,-0.3510187152113138,0.7943102570061976,0.7797411350002205,-0.040878833787659476,-1.6453716208322746,-0.5032755075369066,0.5613026479856108,0.4563940670444495,0.6568245936973133,-0.4656432797126849,0.5741394802266423,0.3037426015528882,-0.22991114834101878,-0.5378678150578062,-1.0213126697890151,1.007850780655022,-0.6958372957498914,0.8038545883231895,-0.2677811528404045,-0.15761559059273927,0.08655400645125388,-0.08556288710159263,0.19619967782044087,0.42178338026279827,0.14614876655851253,0.10028188270970646,-0.4039537489153437,-0.4578880545947103,0.29278166767572983,-0.172479340661789,0.5614183040595869,-0.1478823326480839,0.10918499478128518,-0.05064562606048833,0.09421283487716407,0.7443545681662042,-0.19030454546431022,0.18505033945265048,0.26045899831832386,-0.6086880931525852,-0.21025719656266137,-0.4575411493422378,-0.42015927935447595,-0.1780839736236467,-0.4934435089546695,-0.2281880852489831,-0.3915605910052076,-0.11299405517506284,0.3252628297989987,0.014094718304512548,0.2927517890945392,0.06821957641621523,-0.2717259262275723,-0.1205119827944873,-0.6381903856081076,-0.33021074907107323,0.11913021242576909,-0.017434292930148344,-0.09946627249416638,0.3079970032176421,0.22739961086478314,-0.2080657288520794,-0.048773970262843365,-0.13942805560681942,0.21273239015365736,-0.14939679107332782,0.07527202658117049,-0.22180264463332106,-0.32424567962224216,-0.18658526321321084,0.2620821053590774,-0.43389973115494623,-0.21286940466812895,-0.14299217292578273,-0.28620757092950055,-0.30262446687819555,-0.0965771422582503,-0.04011121497730475,-0.20614418003004276,-0.0937255468147793,-0.31772052098500947,-0.06354902445743531,0.09923725061837606,0.024824767163856683,-0.23036432722707384,0.14205792830261266,0.011499533731308267,-0.053815556684513814,-0.05390531224345657,-0.026075222535105004,0.14369040095750285,0.06795378851464953,0.1431860756512794,-0.07112678428057954,0.13881977111925245,-0.029372484542513597,0.06336533283360071,0.07188540827848586,0.006278620173121274,0.07463347446824473,0.06835170503152864,0.046122916382977684,0.07563603822484855,0.0239222086529007,-0.0476650038253331,-0.04116693966205734,-0.034853852163451944,0.08003325011228399,0.07984545085499536,-0.03807577074815471,2.564631368223609e-15
-8.129299637314405,-2.6693681222400993,-6.7187995237884035,7.21059243143918,7.52102601964356,-0.046048333254919124,-2.7882424807617605,0.850115688823562,-7.0776566372254655,-0.9295097897671154,3.712346291477466,-0.9945506771199193,-0.14913996678273417,1.382768707592874,-1.223395817608086,-0.4597779210317855,-2.304465262067738,-1.893485860657176,1.5282818900621686,1.2690037737293898,0.3412535433112051,-1.5395710688851765,-2.554436072864303,-0.24025001898369755,0.5026428616684665,-0.7060383029462795,-2.188395100452421,2.6151788873463495,-1.867668615339891,-0.5660733349652322,1.283783432895631,-0.22457035454832242,-0.7090591312867958,-0.06909971517892448,-2.3219787233277533,-0.6127742304373399,1.496527863889685,-0.2669937726132001,-0.5878865471217748,1.1760683145757573,-0.9547897391178566,0.1989973805652077,-2.2703784168914574,1.0339535458125328,-1.6850653109700482,-1.8132097519060932,-0.7713708304002652,2.278368853150109,0.4231485144252169,-2.11306807800909,0.5827630929169664,-2.4885869567027967,3.0919206420980387,2.8238699534213967,1.1560555607079324,-1.0804740443779304,1.6391239992824524,0.015390273546837623,3.9921523641080667,-0.1554442178503628,-0.7723762546729969,-0.8737508873601828,0.8859434520023721,0.914643886833496,0.6513448252178887,0.3598848082973084,1.3520269892363748,-1.351342262012587,-0.9792607941251629,-1.497585865139788,-0.016943078239154672,1.9887070124431134,-2.091716097045104,-0.7846987131034429,0.9122555092936604,0.18215299737241636,0.8362697271215709,-0.13548056364623418,1.031046976333199,-0.8672930391524273,0.6087691541351381,-0.6381585994929776,-1.2767408963883788,-0.4178538254663963,-0.16762054800247472,0.416408548982664,0.5970798976253778,0.3563640353553176,0.7571350319770697,0.07504923640424124,0.171724419130732,0.9693941146021818,-1.030283251500589,0.3009495128433027,-0.13971301788022186,0.1440381625459755,-0.5926874423826934,-0.33693899388140724,-0.4842336730532288,0.2242258438818993,-0.8813226386452487,0.3866470547860796,0.44617128631993586,0.16873172556768248,-0.16370630291121357,0.09185783990349494,-0.4963076942160681,-0.3496688074325311,-0.21892980327605263,-0.23290953224825175,-0.07727853323625383,-0.2816797934557177,-0.018179004391245243,-0.06667868118448195,-0.4642365638078421,-0.18220673514183727,-0.6833981019832213,-0.17077468169543394,0.05674152985374722,-0.000607597792703214,0.19297202000626126,-0.1386544833014742,0.019419317786973908,-0.14071784291688644,-0.29421574325121974,0.13167804381370005,0.08890641525981514,0.26964481910557064,0.009774377818011977,-0.047517943719275514,-0.08206480662508536,-0.06909756211129427,0.06335926735706261,-0.011104360865594529,-0.08816176867084173,0.13581437293495022,-0.01726599967356992,-0.039865695905783045,0.11653104618203783,0.21488522747227004,-0.2129362526732272,0.05247936936057705,-0.3239478667219956,0.0375581166506153,-0.03703001414008975,0.02627989358061139,0.11485057764491743,-0.08111364789039656,0.13980712549846483,-0.014835166854363943,0.04418142817836732,-0.11582527043627477,-0.010895734847698775,-0.06000747706584726,0.023468833304485643,0.010625008950345214,0.0016415497165105939,-0.06452769433924978,-0.044313020082339914,0.09784606089206957,0.0036253314018594197,-0.0019458467518905446,0.12321467216611906,-0.042559227633137554,0.03126518942045092,0.027893219192134847,-0.0016023570407263515,0.09549249529990742,-0.019659184858553183,0.006489255839470572,-0.05966751538455204,-0.001684180805809735,-0.026640823975704223,0.01842601461225283,0.03738092124628789,-0.013981489407766282,-0.029774895604440764,-0.0077581021392737065,0.004181717689178098,-0.021002639737534523,0.024145109173630736,-0.006336439916650952,0.009617191202154655,0.005059231358169397,-0.007847991799780825,-0.015854121105774433,-0.004741825725193044,0.04458996576876946,0.012942925055907249,-0.0025204375298140433,-0.0058362229243824944,0.004798542715085914,0.01022609268476841,-0.0013313914139704117,0.002595360539071124,0.0022363548686836782,-0.005362434900754335,-0.005136891574379716,-0.003621437833551091,2.5646313682236026e-15
1.0158164844070598,-2.945719206399703,1.7429870754137626,-1.5744137954764725,0.19039743324390482,0.6428039916678341,-0.9213958847587767,0.9090458578254061,-0.292197926053674,-0.6925276158491624,2.1504784020765673,1.2017907546411504,1.0976826844385705,-0.11376937948615123,0.641844659595821,-0.6136301216959911,0.7038718514007261,0.18227006568097776,0.0029842118426475846,1.0865160313869817,0.4875787906734186,0.7492200284758375,-0.009792317143078329,-0.19437231178208345,1.9616781714572236,-0.5347631838608431,0.4255953845610989,-0.48760513614885953,0.5344950445431487,-1.0570374430286098,0.7319060639012536,1.1153690212778844,2.063512732104955,-0.21182905196563193,-0.6126140197476552,-0.0962214934274324,-1.0711471414804128,-1.9973479345423437,-0.08105094425143296,0.38970809692055747,-0.08854414713240799,0.3203180388609591,-1.2082257502999758,-1.2693455690223092,-0.9740896129671723,1.3741770920348717,0.7976314074767156,0.14875435611454454,-0.7952469406258734,0.33327018006697073,0.10073843622584894,-0.04352876670601149,0.6991538240482154,-1.5977851136005228,0.35740904231864207,-1.1177421188648315,0.5267941931517134,-0.17700104041961465,1.8811372438970215,0.14530469420362815,0.8109410636168838,0.9201069666832438,-0.8045395717438951,1.4550052355228251,1.1098737346847853,-0.6872039205107282,0.43990496641879356,-1.3702275565711854,-0.8778128907012356,0.03642545007182161,0.34990005329239343,0.8009957253083642,0.4807726275075022,-0.3490046277772335,0.9853828206762024,-0.1699154849386857,-0.491083805834624,-1.6117789994969856,-0.7172778021060906,-0.21269936941695128,-0.5019939010980364,-0.36849705834014856,0.8603500818673755,-0.6917632879048937,0.08440315089111798,0.2936606823285889,-0.9322426106840359,-1.5343799005214145,-1.5138281800691995,-0.1677691011478391,0.727651275821223,-1.0330874374509165,-0.10666243243153249,0.8304401046760844,-0.11241891634472764,0.13471413217903722,0.49045026961326627,0.13078417954953594,-0.6241809936959998,-0.04667491757310562,-0.5435140886493737,-0.7000151571564946,-0.21080684407983688,0.7586818878160078,0.24783984198026776,-0.33517951142270663,0.6919679216646399,0.613173455129977,-0.25395941101160785,-1.0142696974889245,0.4755136405063982,-0.245506758064342,0.1740027787250964,0.19656461622373814,0.9084095268539111,0.7610731634749144,1.2168495885657349,0.04034675413111834,0.7302088473892847,0.11086595440928995,0.27789266349571123,0.0629016875524717,0.4502243836181487,-0.146936339022312,0.34213833838661395,0.2869462564115697,0.5702621346373934,0.16368190695545493,-0.2691235627030416,-0.3518330097560357,-0.0011622873471622808,-0.1873207552116506,-0.46458632490704693,0.12522146858891825,0.2148026301629861,-0.40864594743533816,-0.5891309587322728,0.053789184123337525,-0.3216617865633422,0.05556088290327584,-0.052593073910541806,-0.11275839503277352,0.3441126639392526,0.19809719432661926,-0.8205822990530632,-0.57513702859028,0.1572335989344465,-0.2505864297773169,-0.06947503583383724,0.21132819709895606,0.13961697539177673,-0.10294816265567758,-0.04479371220418188,-0.19544836587685369,0.2368497216557138,-0.05190761828993181,0.35561960659356023,-0.006833970994425234,0.25170679122092965,-0.08888889607941501,-0.027218599551566962,0.19460859410791762,0.07365098306971597,-0.0936995243097087,-0.050349278710223336,-0.1598621101647146,-0.08640885552487994,-0.26592144264240414,0.030618211170120313,-0.032034503853847186,0.30623522725481606,-0.0987879100647727,0.057282127846183896,0.09611320290141531,0.5092477496835774,-0.1345423551134318,-0.27090428088444074,0.12091017465659541,0.06429287253321984,-0.18466270892275816,0.005673381793465995,0.003963843654271799,-0.10462208572066342,-0.054257192909554185,0.06987754379267974,0.0207158135619089,-0.053566768637915034,0.12257406103932383,-0.11935480613083453,-0.10478483265791438,0.07908511720673728,-0.015794277810233983,-0.009415995205918236,0.07241247966480137,0.08361370919296095,-0.005531918662394911,0.014675595927701866,0.040365494706857165,0.05545742954056488,2.564631368223591e-15
-1.9072742411535217,-3.456035014013564,-0.9045158255216355,0.22592337837873533,0.1881413002666108,-1.318676442589287,-2.1469918625569187,-2.8386977421717114,1.2629796086755396,1.2589905766297236,-1.8445842607008958,0.06914194895204438,-0.568494824379833,0.9054241107259735,0.9290886585789596,0.9768687085827519,-0.5498165519425626,-0.8332458188636734,0.14351049339148506,-0.4260040271664983,1.1176086046834215,-0.4170135959727132,0.14524504894323617,1.3741172379524695,-0.9695598746356943,-0.03592109831940161,0.561080764121423,1.6105911863667541,-0.08372711596998217,0.0754816653041811,0.27705461038003476,-0.3914202678186691,-0.7540933874467545,0.1753052402535892,1.0927733055651443,-0.42770124664386794,-0.23577570464666422,-0.5999527196330626,-0.41251298817000986,-0.12789084405806816,0.2589141734392989,-0.1667444107535533,-0.9000084876735203,-0.06506329320342755,-0.09887811995447418,0.7839951131027549,-1.792846077475668,0.34468289665644264,0.7517781232467071,0.058676118680444915,0.5282012426319759,-0.5793729081834543,-1.098913779905561,-0.6107372894597363,0.5206271730039446,-0.08122018289062344,0.5931984787654594,-0.053668269324008054,0.08086959278271841,0.173636238002851,-0.8037366292516629,0.5760707861235066,1.1442504955408963,0.7562928633548098,-0.3873716035397673,-0.3867596285514961,-0.6738715134896137,0.3326849523975309,-0.046703241479333316,0.2700037994846937,-0.5816151085078607,0.1447049991002151,0.6099881830043371,-0.4083863810087731,0.45583120986831455,-1.179153814657187,-0.1604932361840092,-0.19818112813124125,0.3881968499894095,0.37183787049571054,-1.0173924665552228,-0.37674467688583,-0.2736784460281863,0.10552482778433224,0.27071127384666965,-0.7662880860933009,0.33338952065393346,-0.022927942356452274,0.3675693954878713,0.23384358555096196,-1.4191432096639498,-0.23144184355316577,-0.2374896615823881,0.09088992739641398,-0.2647567191070121,-0.5869475277400266,-0.08576083062357262,-0.2278666964697378,-0.2729869510754497,-0.4205490555950283,0.33358749544352734,-0.2784623234454511,0.23620124495186043,0.29269534457545854,-0.08607627339282528,0.323869988307054,-0.11567834046749947,0.38285207292270756,-0.28863039775372296,-0.3557734735135502,0.5341342173796618,-0.039089115256731706,0.9461219053208306,-0.30413824787745086,0.3036669786217892,-0.32811139147898805,-0.15059805049951214,0.014591777218258318,0.18911555196750687,-0.17542116365691468,-0.14687167738918913,0.45476236792768565,0.5528374820200004,-0.27749010893473836,-0.07816478423451396,-0.3260745437416517,-0.7788156097585663,-0.5988916217254856,-0.1938604858232796,0.20723448195585784,-0.43601059020140925,0.002682915786500568,0.4769358583415738,0.38762917052606227,0.13158226867030157,0.3484291161487197,-0.3243881275102466,0.09816620614326668,-0.4315911322218958,0.18211078467026848,0.3132610406597844,-0.26602614575383415,-0.4983670619286843,-0.32311262392940304,-0.2924847964679398,-0.029450242712679278,0.2321532539013443,0.06489771809518755,-0.2808322744158478,-0.15697310695336905,0.18476975541393062,0.4644313442097287,-0.6465919793059911,-0.089595911678578,-0.3306744235559821,0.35967671590714234,0.03724986426182574,0.0671083184118981,-0.10809859069080843,0.27611482904138074,-0.42162016025530064,0.11547446285521366,0.014768746849796942,-0.26780447368900756,0.27363721081959835,0.11441843645755528,-0.2735344241371846,-0.06495252037084132,0.21193894217819023,-0.01196096632328202,0.09021084082481193,0.07862537371726488,0.027864910330314074,0.27412391398205666,0.010861531758569229,0.07056270337536419,0.05411152161486084,-0.17782864993089512,0.601820528378182,0.18066998298746037,0.1486671899806814,0.03801226537455125,0.08287819111351293,-0.06899011759848635,0.08402262672391335,-0.2069424670967923,-0.18762632845166635,-0.10811660366656371,0.17314662448053156,-0.06914309162653869,-0.12115018234481248,-0.13710544909688255,-0.07247493748894962,0.2346001427297758,0.03977148476747313,0.03231373052672587,0.03291885104926649,0.002982409300268928,-0.004033821785426657,2.5646313682236175e-15
3.0075092418807405,-2.1982208983470723,2.5422422792291006,-3.873890459025299,2.8862313846039114,0.5867595404398086,0.6355353542542038,-1.5365120414774114,-0.32461434636001363,1.0393759528817355,-0.36713611928015405,0.9204621342132894,-1.054881421244849,-0.33870974994871955,-2.5570723866385556,0.7961508181329633,-1.3990003165431377,-0.8086595256069974,2.4904932052355027,-1.9362246018993314,-0.5316304103148337,1.7438676648420584,0.5368393608087235,0.2227505556263097,0.8972564505890062,1.5212335584603622,0.3370780331065075,-0.5817450240372941,-1.0532788325807063,0.020375442375020553,0.726937207785984,0.08463433855325171,0.46096298166396377,-0.46610628865315623,0.28303462324043405,-0.6469763454252152,-0.2548694205345312,1.3375085161296651,0.9335802954805005,0.1648760294404009,0.7038871402458122,0.2712585981336526,-0.42955469800652324,0.4640563720748305,-0.46457438265233003,0.3991354508997173,1.2233373727038577,1.5311760459981807,0.8233908623099693,-0.9719571549169914,-0.3717748395595612,-1.6429778866689178,0.6709858249798222,-0.450559780232251,0.02733967045848509,0.21643002620837914,0.6097641431877652,-0.22568425816319937,-0.6633388779231897,0.2088135751966368,-0.7237233196512044,-0.6652410167193105,0.7036474377878281,0.30478167833715686,0.18135443599856227,-1.1148096642148955,0.6865905080695883,0.8681145309209204,-0.7349081165041205,0.3572759889099559,1.2526460228895555,-0.47560933399231153,0.8277498743482359,-1.0198549423939978,0.22100647242902857,-0.15883470541629072,-0.5973154962836927,1.2048195685315461,-0.12540141529375085,-0.5583414379900911,0.3773124072694122,1.7608021695612703,0.1539740510261975,0.7181548916394919,-0.1658522592369578,0.44710172953088445,-0.4154138068058935,0.5630576265769582,-1.148038701415989,-1.1240474246000736,-0.15430128155284753,0.21059957168237095,0.17498774935914616,1.356486756116982,0.39258362081103804,1.2911522189607099,0.311684177499735,-0.09869224307522315,-0.35313424035880736,0.6159324040634462,-0.08632105944684268,0.4954183791100708,-0.9019223819087592,-0.09055351530281736,0.3552493426538718,1.936466075941949,0.30839075330030663,-0.45359837480249354,-0.8618843742509983,-0.10179878373255913,0.41620949973369453,-0.9084066567475959,-0.5041414342093408,-0.5645162687683739,0.026519080776749335,0.4619680469449938,0.3975050974462116,0.09867995150369531,-0.578769967831305,0.43454212948496124,-0.02512618175183655,0.4058829197427374,0.2969681871722298,0.32462821385426743,0.2721518635176349,-0.31803060315176945,-0.916142227464818,-0.0704226740485295,0.029237093504350213,0.018311111428027396,-0.3543711380950446,0.38826686670926713,-0.2353380180596333,0.4164211601317033,0.1004454940347726,-0.027302666822126235,-0.4599890018868083,0.24153068643103726,0.08757926492614566,-0.7719596396692807,-0.07079694043941621,-0.4710714765294566,0.4700792903770917,0.12494936412441046,0.4082335942882009,-0.11702517019273967,-0.40561129888493225,0.349272532939948,0.27803399054840244,-0.06604696579717795,0.009839381578764012,-0.0540835056713871,0.16475829932756794,0.2827257288226872,-0.1452259357523811,0.19856175582849603,-0.25974963213065244,0.1422098371344823,0.14743186287217117,0.312938882988726,0.02732093862365211,0.1653917769763361,0.4672067040813466,-0.052685274453994416,-0.16284707985370686,-0.02830309233453254,-0.2334613675440558,0.279876966592352,0.06599332168365102,0.1461439297089874,0.018078275441928568,-0.16378149622226723,0.26044592891888846,0.14185858826345693,-0.01588287922664313,0.12492043575098874,-0.08349374199090277,-0.018134823547260637,-0.14112296817872813,-0.2183830362436923,0.2849564278955718,0.06050757055993901,-0.04113114401043757,0.15765705702872762,-0.06443754578130811,0.1348574011189062,-0.14692085704066393,0.09363261808649449,0.11453548671971289,0.04774794651645584,-0.0006311729707818405,-0.023652140925753608,0.04039493491628769,0.023457668459184036,-0.04193910123485766,0.0068879568822779996,0.06772135133757287,0.004936616112342436,-0.04149055996187854,2.5646313682236294e-15
2.681112263583451,11.231456877756115,14.333644620273366,5.377661365972236,2.2607984210548033,3.684878908367136,-3.903315385316446,6.546775164673573,1.205930889645283,1.6040026184198855,3.2988167353787134,-2.237638580106271,6.211061275572135,4.620153116505418,0.8163873968145111,-1.1229932852717848,1.6340417381546155,1.1215522833806584,2.6285013283563368,-0.9538949805456524,1.3732914194436032,-3.9923269557375893,-0.5241071901778326,1.7779721220690892,-1.3299941372034414,1.9681525008223304,-1.6502580890565768,0.4486465714578791,-1.9827556632423071,-3.273995252617811,3.167885361774005,0.2592764725930369,-0.5358305816755665,2.0509979522676387,0.7510385886017907,0.1528171203148279,-0.510633347024449,0.5779943149878215,-1.8507197350741793,-2.8474049251579108,-1.1394958139056859,-0.08392679807516225,2.6406486893698116,-0.20916798009240628,2.969963027796842,1.210233039210318,-2.1623578346609187,-0.8382869579361301,0.6052431274625022,-0.2511939135695956,-0.8054698675928355,0.6913047218928464,0.9633265205528215,-0.5325483610425238,-0.5321570519688273,-0.5249731525582448,1.2389433695924297,1.1618948902540227,0.8857668676908397,0.505664317515618,-1.5136607970890101,-1.0582201583823743,0.8608505636658054,-1.0459299260539279,1.2166821739971019,0.2928741184699555,0.2947809985391032,-0.07455052612111238,-0.6879020588107184,-0.2985150734919498,-0.20702342745420102,-0.893089783360956,1.1588875138308208,-0.8473129195948076,1.2491818951099298,0.24296255897176877,0.9220564912033642,-1.0544146519291557,-0.7206663381137771,0.9386644791718749,0.6140582030835239,-0.3090909973031645,0.150434774858246,-0.8224098404042602,-0.4693868719243687,0.16308088688083083,-0.6560117949781363,0.5202771760581224,-0.8294881413867591,-0.3106794902673872,-0.049757399922131754,-0.8512526671291216,0.5903141242764968,-0.08516547193998804,-0.6773963694941282,0.2018764970868311,0.40850192590206674,-0.3744300136336976,-0.20873621339563744,-0.06934982814809151,0.43897566298606455,0.6371069231213604,0.49244215557173154,0.3127042050539645,-0.04134944992628533,0.11247833139554338,-0.2801513693442035,-0.15082861154260177,-0.19436701080923663,0.6974755666590994,0.29831674850295736,-0.0020568875904548125,-0.45405318062027933,-0.29077661396715654,0.5334237008950127,-0.009689250406200204,-0.2816697103947816,-0.15626010131043716,-0.5821510005638495,-0.2551698057339185,-0.03142608080658644,-0.3742527821266982,0.010276575006538568,0.235823755226277,0.04016682611154721,-0.04192845040690119,-0.3646012781163518,0.27626150904314567,0.484979292027251,-0.06514157982264614,0.045108668064933855,0.40017834726039203,-0.09677927442984897,0.3856002671719747,-0.21460866321952182,0.1237078115093432,-0.06391812434312437,0.04655577101405827,-0.06723638708086975,0.12920376675024958,0.06775701777371959,0.09990598556469807,0.19480709293119053,0.10667979789026105,-0.13483559229659708,0.004407961632717067,0.15083730993175432,0.11783968344806368,-0.185602101242758,-0.1023371579426381,0.15827135498115136,0.03178367529979951,0.023788151182548515,0.0007540418287917707,-0.08619316386634812,-0.20200665778112856,-0.0408562612134539,0.16254468948093123,0.04639937485479666,-0.09525453692321907,0.013188131600054142,0.0860394647601246,-0.08485323077878748,-0.038793766340681664,-0.03334845994744521,-0.028932355098016907,0.07373508206375962,0.12702283483649832,0.1289545620535103,0.016029145511093905,-0.001199293519065981,-0.04225083247630269,0.06960208793453483,0.013298981929123967,-0.08743971749032454,-0.03231622302890729,0.08740171936474078,0.08115574408194945,0.0374761199326211,-0.031732046266339256,-0.07155362510499931,-0.029250860710921874,0.0069066329218266335,0.03524724857081529,0.06560864715302274,0.04240134401606728,-0.004400114510168122,-0.030176990924563572,0.018321440255992184,-0.03516652286047677,-0.014765090850797693,0.0038121059080411003,0.00033656655863552993,-0.00993697589988992,0.0013867824273126556,0.01184820056064684,-0.023391509563662666,0.00454242786795515,0.017569383949983447,2.5646313682235947e-15
2.971565603862391,-0.9778392559173643,1.7936901238918688,-0.031067706524798126,-0.03964281863349913,0.10358828461679898,-0.701285979499434,0.25484337409755714,-0.17805254806733098,-1.4023737088630033,3.123401339945315,2.6180813335515243,-0.10093426183072261,0.7312524730344624,2.160608453690802,-0.5045177422540071,0.42593919776113204,-0.5966270413957593,2.3627498511241876,0.7033786381751893,1.9410955884180507,0.3736191247909832,-0.07718806107547636,0.9521938863781337,4.00416299380038,-2.311042754185006,1.1941755611598146,-1.6980287234947944,-1.5133017486362366,1.5174233285639187,0.9641906226381932,0.6611630963493534,1.9964727821822463,-0.8394954200327231,1.0080730663035375,-1.5981507582986128,-2.0189746670833855,-1.0689150807878616,0.3081166861127146,-1.0918541696774569,1.0032026501829816,-1.010639572669959,2.1503619411573616,-0.6149169639677702,-0.5653642906897247,0.24848403220446824,1.2777477128702968,0.8585715896440971,1.8498197866883528,-0.24948306108422863,-1.194535696904032,0.18674843657890464,0.10609638516365398,-0.2323901007638933,1.5785062434988235,0.08995509891811086,1.2864489861905708,-0.08275087408723747,-0.19640608276551788,-0.6301519929400253,2.1499508002512973,0.4374946439386197,-0.23053069862033823,-0.9720005229056395,-0.6353943963791469,-0.013332481877362868,0.12652488166989329,0.1840924453221746,-0.5898612169856284,-0.04744762671247728,0.48338429458932203,0.47529826803364394,-0.27322907717213024,0.30835705116231565,-0.7308989718647526,0.631361288152734,1.391415132388292,-0.026588744296809377,0.22327155399045207,-0.3751875976860944,0.06295570761595841,0.9389095973837083,1.6587107816218818,0.07913112188783859,-0.13199796729258825,-0.1352878635325893,0.25984356174175893,0.3883164204062102,-0.7615054534531651,0.5236242536607785,0.7907971224708057,-0.21892589317289746,-1.6966521148704685,-0.770631282374673,0.3401179610908605,0.17036259049274524,-0.9795316678745778,1.1312709151544151,-0.08676247451372418,-0.5236748986867424,-0.7897180507249931,0.5344794225392002,0.6252486141252538,-0.329439666730286,-0.5833480103376104,-1.0632413291353282,-0.03577264342585178,-0.15653825042535832,-0.7621115497414878,-1.0686622793060088,-0.3557459533416719,0.6492820709966157,-0.27934283874014015,-0.7194059550820748,-0.7775595349102215,0.19547699913196573,-0.7176799141220215,0.647759540023369,-0.09779866979596288,-0.5162647160050597,-0.19429561613748664,0.03190844381095157,0.23569911414145275,-0.44658610334746157,-0.4897526154489617,-0.7328873564097151,-0.4427292223740339,0.37915878737519376,-0.2509216484333512,0.5728700727901752,0.03202393780111352,0.23784291823477274,0.6785501338680883,-0.00894818181482658,0.03872158459362564,0.7802892518902454,0.3437473401061376,0.14819255549545368,0.013878854870147842,0.11908488027389248,0.19519991022613825,-0.5472175741035461,0.8160808161188299,0.23612863946498935,-0.0347989379286471,0.13330972805529986,-0.5225828874397093,-0.0038600925582210656,-0.35069484069240214,-0.08889209671657243,0.1237531112646158,0.10270144202569288,0.1566390214796382,-0.014926760323345663,0.051716019015724334,0.12781259282688215,0.05786830873609148,-0.059974932352855254,-0.14288045154431628,-0.14596470766292696,-0.2801320034625439,-0.23653690257371027,-0.11732936784128452,-0.011553038032431592,-0.013319418672170182,-0.21802142103166428,-0.013069103740736035,0.04338559638784526,0.18902586835505517,-0.1987120682491399,-0.11979810260233019,-0.2290225001840775,-0.07664741323687489,-0.017409684995222392,0.015679424795145353,-0.08309737575942443,-0.02571515649258795,-0.008469435140783264,0.004999417355845276,0.10733221743770079,-0.005118953232539676,-0.04242672006206578,-0.07312261268858443,0.07955079825502412,0.01621212873876411,0.008144812355047208,0.045075320585767194,-0.04880490245995311,0.06679928196047788,-0.03855020449096476,-0.027637272837178747,0.04068500360752778,-0.15935067323993515,0.0018035779408281576,-0.027578164861331383,-0.011932079036307712,0.0379978560354375,0.018665453351901985,0.015030483402090792,2.5646313682235935e-15
-2.7608544678246463,-3.8139135553371837,0.5169987175393844,0.9075559226550732,0.9413241929305788,-2.6513771358229086,-1.037215886877322,-2.055037670401794,0.7169828586195856,2.4045588647373566,-1.0230040903517021,-0.4492321111017843,0.5061165958912571,1.452385404199682,-0.19860244696601317,0.3071480654592977,0.5770539474556742,0.1369682862910552,0.740659103130589,0.23516028431745434,0.24213925371354011,1.410647725094985,1.104607428948245,0.8040797945709208,0.3511466019402764,0.3100807348733257,0.9219932509998248,1.2089962378861527,0.2751996435197325,0.34785302560983067,0.6118431040602904,0.1793570704908154,-0.06932506362028867,1.1379793001905547,0.376788591667332,0.2535690676569703,-0.37349329030915923,1.764855633456269,-1.0556037519815988,0.13453195018487615,0.5500363690973645,-0.17818324837523522,-0.33359365460228446,-0.6497439009121875,-0.9340373979453392,0.40005332271629124,0.6260269532763069,-0.6431795161760708,-0.40950339117690837,1.2878732189793247,-0.7197819316197204,-0.7030534266747708,-0.13358375592847774,-0.4592966022851799,1.1919460101144363,-0.4720924638443323,-0.940119670879108,-0.3189235664249823,1.2663471124749806,-0.346852512845957,0.457993711681497,0.36319079025842144,0.25640988378047824,-0.4874649418342248,-0.11257884279624589,-0.21831252372913362,0.03617238759651622,0.3496477640464781,0.5084715525925851,-0.34419782167588453,0.3975997143553894,0.7053815881379222,1.5710070479024894,0.13632876062636753,-0.264369884157407,0.7916452740571917,-0.13369277585459735,0.43920129048120043,1.3292053817642329,0.4729712176463075,-0.8226578646599282,-0.3876756082753666,-1.0828753297125213,-0.19120305878967286,-1.2608495322249542,0.6967980927364626,0.45241393131225627,-0.7151379053473428,-1.0060539338239618,-0.4049454815154756,0.16389381661704722,0.6328346232811725,-0.0220763351602062,0.6882999083473558,-0.12370289075210121,-0.2730880071668702,0.9134122429972901,0.40158784502389694,-1.506679079471492,-0.14363125405757418,-0.6024418143774548,0.45007710259421585,-0.597610148559928,0.09064682456675455,-0.4202279985536651,-0.01776665577431024,0.21289790511772314,0.2406490800939727,0.5585944537953672,-0.23586560842966275,-0.31195558619165054,-0.5596224211617986,-0.11987744588123764,0.7268236740629025,-1.1418903846338162,0.7061445466119701,-0.03752522062997967,0.6482447441056335,-0.6431271017887346,-0.17433477780192835,0.7192446020527715,0.020467878845937742,-0.2719485106463325,0.5525170532329075,0.03499453216288413,-0.10178468601753074,-0.31720266400785435,-0.1661629885428911,-0.0011366914101834107,0.790671627940435,0.10108868874288233,-0.07826767915309694,-0.1528007649367806,0.15955853596386832,-0.5580807415366025,-0.26701549561109716,-0.09093124316605518,-0.20368318651312967,0.17876992814799772,0.08552627127400271,-0.3819811809485197,0.10751387252724359,-0.5177250476893525,-0.24371468218567047,0.2726406093813915,-0.3028390839571738,-0.6032602072537987,0.19884985251232398,-0.3623619214310376,-0.6994420606637526,-0.12138985352956426,0.0851851534181944,-0.1999337646648672,-0.07650322132326753,-0.2818789256047027,-0.45608023024654804,0.16174323070571722,0.09681744260131844,-0.3222552251871885,-0.0724440536073577,-0.417717100518587,0.10715581748251385,-0.5535542533732727,-0.050234372426668714,0.02112640177144375,0.07475533092851001,0.2218630563822923,-0.3947321910597185,-0.03468370070140919,0.22787675045031064,-0.0949254089279225,-0.14538628208684426,0.16788819178658584,-0.08434892442456533,-0.09534545081431489,0.13532460731322676,0.13148701803519752,-0.05770197359940624,-0.21099267865495486,-0.2779511044725344,-0.00013933905884809238,-0.19132021803593366,0.2734429626907183,-0.16100021643611231,0.16984701225315182,-0.05959645673117593,0.07683715471545788,-0.06412484027944323,-0.004657504042192862,-0.06838812681339015,-0.03517355232924257,0.060012609793105305,0.04491318818458081,0.013728747526682825,-0.011367224134046443,-0.03825517260758955,0.019870197949437004,0.09781342493344362,0.03591563623869583,2.5646313682235955e-15
-0.8122513067170987,-1.0574591851135753,-0.5425808638505929,0.8519236653373125,-0.9071611810778971,-6.00249428880016,-0.885114628989196,5.355395858883624,0.7128364565553668,-0.18761131360672595,-0.9993956135098748,-1.4367972079771607,1.8767718854690965,1.5725114853247806,-0.7184230255225441,1.695273140344576,-0.8028997500325639,0.2923454831317416,1.7736970754688965,-1.4712900250479508,-0.2641880139128352,0.06794459650919617,-1.0059617373602998,0.782093132385569,-0.3461714647180844,0.8435966723401537,-0.8036503783522754,-0.13754067276955056,0.5799571725906426,-0.47605215329072853,-0.5622163184304619,-1.6507229427144918,0.9801369133130424,-0.3565736241101881,0.6924089152622638,0.4061260660649248,2.515478338975667,-0.6854941420729741,1.998691012269427,1.0237622281841585,0.8436959057879022,-0.0226891550073042,0.34188202710884463,1.1837372502224166,-0.03283781496182341,0.6529820183843976,0.38339800382164607,-0.8799997363739553,-0.584876284476817,-1.6201274965603225,-0.7840024809842648,0.5833749181257297,-2.033062173857038,-0.7525210701383067,1.2307924371418222,-1.923458979063173,0.22903409086876295,-0.2600491064779002,0.7595735149748677,0.16386075681595738,0.5014550065622723,0.6432575759492203,-0.4573125406056678,-0.026497059508401748,0.8867857865480062,0.04476785621923207,-0.5876802359800742,-0.205522498832111,0.6132219531855512,0.11401698158095443,0.365310617743865,-0.31009468856173267,0.8153023591682437,1.0022432946709348,-0.6181528838921796,0.6204047133186038,-0.878610223317666,-0.2681531273283307,-0.2821757958287461,-1.187134069321687,0.387599115381998,-0.09662999044696853,-0.9480774337386042,-0.5344855084879534,0.3818646660346842,0.12126751163168893,0.37032955409869406,0.02661998933535825,1.4104448508745107,-0.7941045213363034,-0.3749733810742034,1.1079524147818465,-0.16943299332222383,0.3099975631396721,-0.008150956828067976,-1.0638809459277085,-0.2548538029807213,0.4133804523998465,0.5431421962316296,0.15778900654109496,-1.315506454711068,0.771641949019605,0.6234904523543187,-0.2777821030088339,0.7969178334719518,0.16581491678996424,1.0124075068802227,-0.6608284170450026,0.3406722445525234,0.4303405189820024,-0.20625986247285555,0.4998513478432304,0.33910088512131936,0.20723227608606362,-0.35247502596143,-0.9859745073123979,-0.03840280950357749,-0.20953798705906657,-0.14187252440580356,-0.04149647244098906,-0.11242518074434128,-0.29524026029620987,0.5497474487203002,0.513394829535418,0.3638440156679536,0.19573184883606148,-1.2684243779616635,-0.1059889553284359,-0.12332026251266835,0.03121920105192889,0.3859001244872994,0.0016241005490374868,-0.7024192067043392,-0.31342212486971616,0.0016009556599810482,0.23551729299656618,-0.07273514474149445,0.301661323997728,0.0003457665682320719,0.19486875719997898,-0.015644215922295136,0.41327025771565035,0.20876847991454786,-0.01880835655856227,0.5368900302631123,0.1716873949577552,-0.1704989143357883,-0.10577140275528941,-0.3745802501510147,0.6383785185596472,-0.11086818818777625,-0.013223166981438498,0.017909587830339115,-0.48308566945474984,0.3201238689912809,-0.05685175989866492,0.02133246561741746,0.3357376233234802,0.5268402301755769,-0.13077055242641766,0.10657517335130635,-0.2046590726281735,0.017010597064490728,0.1976191027281027,0.018239196284379786,-0.37438688030065664,0.026297245043024234,-0.22520329007956935,0.09673855680991525,0.04440597745838801,-0.033273759817351825,-0.10435270083926275,0.08922791760106068,0.0997113235084312,0.12764144434887828,0.05883611460463541,0.019170506060677887,-0.15818850710761037,0.2709776247794155,-0.1896669977578801,-0.10449096313287898,-0.10751779753671328,-0.1769171887180339,0.05688686593150038,0.11665609665602844,0.14798427574271583,0.05559865082429373,0.0391924520144859,-0.01194044027867045,0.09622844780231235,0.05255618345334861,-0.03796913606926363,-0.0609826763820673,0.10585355732143939,-0.05139500595377217,-0.033999656192966146,0.0024182661268485595,0.025394716336142428,-0.005537171615185904,2.5646313682236164e-15
1.4448341177450132,-3.9851120880570168,-1.855855090557323,-4.384926376953512,-0.5944945833619896,3.262982054400136,-0.21130078977549716,0.9623182924155766,0.7444919233230516,2.7255364918798772,-0.20792853939469239,-1.438127032028318,0.8458808528820334,1.4129759326278284,1.5430675661123587,-0.9806531425885702,1.6849397900766085,-1.0936696162506168,0.9973754387911427,-0.08346203752277528,-0.9641907394743439,-1.5274475256645403,0.5096799287750674,-0.3288738619966386,-1.0002244567412546,-0.524755901029018,-2.484364056255302,0.17032800342317558,-2.353504802119218,-0.07556170088413725,-1.5713528515654969,0.4846623298912929,1.767137412060776,0.4002370812495096,-0.013252883404954143,-0.20898574122252556,-0.32445387072672427,1.2214049153401396,0.3643389225324101,-1.1815895409092894,-1.1485299415078019,-0.4203170859739335,0.45438999230074834,-0.7893135540625523,-0.9442103404392785,0.22279805120981766,0.9592303543322049,0.957315833186375,-0.6166924029561182,-0.8937485431320987,0.829580693744801,1.2100308573198453,-0.5022711441058686,-0.28153115705484544,0.762996053074262,-0.5948797333961443,-0.1889340482760558,-1.2314645663203934,0.3370340004467621,-0.36115178767588174,0.7549323693456118,-1.171465782723225,1.270299676632463,-0.7530991920336725,-0.5488972956354905,-0.13905948438729038,0.686694326821083,-0.271449593110613,-0.08106054200019484,-0.8787804775186094,1.4018889385961624,0.781985087105322,-0.38771401717892445,0.23173970196908755,0.17373450153084036,-1.8808152128672255,-1.1296101797644895,0.8042639366659373,1.4825565192036294,0.2139345589639668,0.14939576974433186,-0.7148103426118052,-0.92229428473866,0.22793069987874626,0.08514117326105074,-0.11070132502261613,-0.4567634602183273,-0.40805006745152345,0.5617146561637307,1.0072687038733787,-0.11028652087540446,-1.1496651550353485,0.5027214452646032,-0.14624925011398104,-0.8301292415630871,1.062185065326745e-06,-0.18441866326556272,0.21363194440876598,0.02155322237657085,-0.6178007587806902,0.7375811488260207,-0.7446973197530863,0.05589771659990558,-0.48722891458228595,-0.1319514927272476,0.7138430204188568,0.7958391281713119,0.8728054265906965,1.0049803554572434,-0.17023073777061415,-0.079262393628929,0.14091611014192273,-0.8345561127799276,-0.083524545529383,0.3456879578168699,-0.2839064135549034,-0.0421456232829238,1.470380504175309,0.49676531059142004,-0.7507860766958585,-0.3175466373270228,0.8297585783381833,-0.13982359340184772,0.1479498694944341,0.2889336736829446,0.6199147202216085,-0.6239008113013754,-0.2980275526526621,-0.16373158860053896,-0.21322988705830523,-0.5306631871873853,0.13869214244157424,0.41985816246981755,-0.0921033655417376,0.5254418209052699,-0.3278398746851685,0.6035823812730285,-0.2580557969803213,0.1560820884294593,0.8200649141298052,0.08651332318794189,0.6433577529924702,0.22748740356590544,0.2827922661262508,-0.09445718154738168,0.09677724694507864,-0.11283602322672255,0.19951517613086373,0.2026391709107028,0.209110156411436,-0.06071402490920636,0.09473427704426889,-0.022784086846759005,0.39026380781581294,0.15872628338596395,-0.4357420945824998,0.03746535747368247,-0.3585950167655619,-0.0621291759677028,-0.12699345935140535,0.23697107476990673,-0.08091616221868343,0.0926051498509051,-0.359472944905235,-0.25644163463375974,-0.0427037842527078,0.05971960861620001,-0.020056891792889768,-0.05761135432047425,-0.3448853885488532,-0.047087823763738684,-0.12971458317512102,0.07209005045675565,0.00929142285250965,0.09763922469411786,0.07710085021349292,0.12922065206766642,-0.038864023569195175,0.09346507581777469,-0.1782004972584888,0.19642542735392232,-0.11829942603118947,0.1009816064955982,0.2312351498702568,-0.07553276454558108,-0.012487399068185818,-0.007494641724059779,0.02313742691096179,-0.0926197173288375,0.0806084956150146,-0.06200758129573253,-0.08807734863555697,-0.05008595172673423,-0.04677437279391691,-0.015232417415129831,0.0139772131788924,0.001840028764757448,0.03937696790320288,-0.017259542714749592,2.564631368223599e-15
1.159610974879249,0.5253181798690186,2.2077167167265657,2.139736754329928,-2.2747746575881274,0.6305846488091931,7.1992542200956615,-0.8670748883788816,-2.6393205344305257,2.9667033487639176,2.527978320472707,1.1693292132330173,2.7335724271696837,1.2039625462602364,-1.1201543869584363,1.6240696641144312,-0.8707882863950411,3.9238139455852536,0.32358081311177606,3.6454517282094576,1.1957720440410786,0.27462817249258775,-0.3712769710082972,-0.5387308744289455,2.723518538339679,0.4284042893701132,1.7196583756117159,-1.6973312605442044,2.9846257992651513,-1.1272346625359484,-0.522893413137915,-1.4264949605383048,1.70096348555635,-0.5245029732388677,-1.3416232896194562,1.360462940870532,0.5469283626465112,0.6781868631382938,-0.9528699707686907,-0.3985923820589112,-1.6724238727351186,1.3080572472851144,0.42953488287220937,-0.1934384770901947,-1.3790481019063425,0.679585866643543,0.5978799864505748,0.14600351008310986,-2.0492783502913636,3.9198582686830603,0.5006376756424986,1.491194484360123,0.9216376556861029,-0.47972423137704795,1.2201822474715456,0.43813786063279675,-0.9284144470312401,-0.031516263735776054,1.534069872004715,0.8350598426829575,0.7815143896906384,-0.9334404081464294,-0.963291588532796,1.4322590009794158,1.2082243801070685,-0.7090840128272619,-1.3604817001008598,0.32884326674142716,-0.0703298708887178,-0.17297519742020487,-1.084529554641918,0.04956866602712432,-1.409959502577187,0.6887093177237187,0.9161905211796022,-2.05360925891909,-0.013291906581817566,-0.07680043510799597,1.2661872865333568,-1.029984613291107,0.15282968579374448,0.18003663220489355,-0.04033769436896724,-0.90321112729581,0.9803673282322116,0.8589797156161442,0.19833843651264815,0.27666596967731505,0.21932122914503255,-0.30321880790404154,-1.1555541048286786,0.34760569081266435,0.3234021355959796,0.041320437186346315,-0.3049231340965374,0.6107976484648893,-0.7004931428630033,0.26216804114194736,0.11565433311148841,-0.3436149276563724,0.2824329975282852,1.224467454095811,-0.4791242868901001,0.3233143530621325,-0.1347095054764045,0.630989392973147,0.04211553284089243,-0.5398312491246732,-0.4238816014271949,0.2970011680871372,-0.3255494113161263,0.9990005576817008,-0.044493185683834514,-0.324723857287698,-0.18833878626679007,-0.4587682127006512,0.6774642403302916,0.3735973350661312,-0.566115710451549,-0.4941564740794827,-0.7409616656629678,-0.4248220841126399,-0.16208016184704777,-0.30978445956752154,0.5285752862931622,0.5422285119453645,-0.12161101147489375,-0.30344296838322243,-0.06223173794330456,-0.012657948188469796,0.0883949550487253,-0.11721704659750756,0.19180426485551547,0.2277292545026372,0.22950617992900796,0.433692044184354,-0.37863951274325397,-0.183012881814454,0.2630399940208777,-0.20925942177495474,0.1167022802490592,-0.033998275903839074,-0.07323628728701953,0.06141376156546733,-0.09884497651448275,-0.08258280828842632,0.1079721420595153,0.27887662266331587,-0.17529940905484775,-0.11356929978650676,-0.08501244385063464,0.00269936271346607,0.2436708208151717,0.11615028175658075,-0.4713229663040531,0.006880639268425582,-0.08767349157028649,0.05963221651923095,-0.13699352231719977,-0.11926604216698847,-0.373596463808439,0.1109573981099319,0.13759422968498708,0.12264456004717708,0.005780387280104457,-0.08407604872426917,-0.29350105207298566,0.15137897861799243,-0.2255366671690544,-0.022808534117462927,-0.050313845884803116,0.003937830045455441,0.12739653082899066,-0.013534238392800628,0.007508058472667865,0.081077205895233,0.16512084446046998,0.060722643045769305,-0.053921227491785115,0.10472883937816012,-0.007858415871200725,0.044518203936560106,-0.0038723335851075223,0.045110202375200234,0.005161190752986875,-0.054380630603076886,0.11055753241070247,-0.06781581511612385,0.028620395515882954,0.0778639846082718,0.051015931181915136,-0.05990738107016883,-0.015661978754885595,0.003209092632681632,0.010994553666773682,0.04104209670155627,-0.03558467529272158,0.005705754039674619,0.02187370096190303,2.5646313682235907e-15
-2.3980942621577586,-1.0053442104872357,3.174479512227729,2.942146980263469,-2.5621340115565276,-0.2858593725704871,7.258513891659782,-0.035170209760670985,-1.629681299534156,1.229885569649428,-0.18450846958299102,-0.7853999913902331,0.8239861650193651,-0.7547480813495082,-1.003141867535809,-1.7773345909806677,-0.4509199224244741,1.1885900161918637,-0.13804292071414967,-0.25393412806032295,0.8840807039607695,-0.45269899227588994,1.8036330639365288,-0.7041136812782817,0.9287663465057715,-0.9094156887736649,0.4741595761275731,2.340940353389856,0.039180279486720954,0.34903253011048796,-1.8554511633052415,-0.0244705427010098,-0.13238059088230567,0.18721531610822817,-0.8087516829200283,0.2784370908566312,-1.8106423258467361,0.3953054824978646,-1.5520567943897796,-0.04494893489050279,-0.4156205556577441,-0.310304674129006,-1.0996528129310887,0.3524339489428089,1.0535465184141208,-1.5645125991830038,0.10124479810248666,-0.270897591569659,0.2694525126563318,0.30719495264072644,-0.9268799265433258,-1.22014237445159,-0.1788340864724476,-1.375664092874694,0.47344128995277174,-0.2845917961926855,-1.3034675622071883,0.41572518369100964,-1.0678155041543098,0.24574665227124062,-1.959836864312302,-0.14165573829385741,0.5180234058921203,-1.0298393406283488,-0.7094247426059207,1.6552809889125821,0.44850265638587583,1.243598666429687,-0.7398720369292406,0.017554529632290247,1.6434255685930121,0.10405867595349885,-0.38110122860018475,-0.029462146013123153,0.557426202726382,-0.3505555595215905,-0.3017719244455484,-1.5591273378000083,0.35725307924175254,-0.4687522864355838,-0.2933434036851663,-0.2043582754147684,-0.3168437402710389,-0.4432508014733893,0.29718072410940505,0.22613747539251108,0.05153575958288182,0.3697230227949929,0.144580814370649,-0.21409953544927693,-0.7941824249804698,-0.7675433058579145,-1.2853829675524102,0.3401957533416302,-0.1387614141114211,-0.6296630202528587,-0.380454793034881,-0.8657449008025037,0.5250771965829175,-0.39819552975694233,0.02952964554488437,-0.12883144063887328,-0.25888154408439656,-0.17223926486314936,-0.5255259169773003,-0.09691290492202691,0.17882409635655605,-0.060757615642244994,0.24994796754064422,-1.0106232614518922,-0.28457986335402374,0.09111497923392127,0.05466942907002095,-0.08896518977204074,-0.21511016407984246,0.20256715782624657,0.05504490374488369,-0.891699654826308,-0.35694254868237973,0.5924158678197242,0.22767524812242357,0.3400613781119341,-0.3205502675137637,-0.03805981555547552,0.18211815387851318,0.10379864355692352,-0.06221371472481751,-0.055402661505317655,0.07862734563907542,0.24798971784051796,0.0939208403558619,-0.05444668736167161,0.47155945454045045,0.38692824793843006,-0.41960456264794854,0.05874226922057742,-0.4397113903975712,-0.03769779178796213,-0.0793648653071522,0.16871465463071325,0.1925260230714542,0.36577924298583897,0.14240700314195398,0.2579457166414518,-0.5022799949508139,0.460608379558933,-0.28826261681858983,-3.0218209076136654e-05,-0.3287693632509232,0.11305596665541466,-0.04283539197878612,-0.07033824004021083,0.4071844906258633,-0.07923826943691384,-0.005059824659166691,0.03362231199044741,0.044818649434357864,0.15196832890906897,0.019461148561702852,0.21488765329117515,-0.04778934492158509,0.17789205265730518,-0.20619952425360752,-0.2056143920111097,0.05834906878115446,-0.3168973169179785,-0.17170880770767227,-0.256357498506699,0.6010223838061126,0.002101092090294194,-0.15738110037442724,0.5717481254624759,-0.09821687206089606,-0.3059803002309793,0.05719815956217697,-0.057583614046577816,-0.09612654304610481,-0.0018380439353608967,0.1869762920485123,-0.19889262519309386,0.21668035825767018,-0.04690046342172617,-0.14723435198786294,-0.028048075181256456,-0.20847711497482896,0.05719110876519143,0.11436545757770382,-0.05850489723295834,-0.06438570141631988,0.10789427382586067,0.08481537351287682,0.08731477713676408,0.10158541852376216,-0.0510625654806608,-0.01631861617412278,0.011012825006710454,0.0685119140552493,0.012955439762039367,-0.052031535611657055,2.564631368223599e-15
-1.1386633686229413,6.720672370043663,-3.086230576811525,-2.8869406618688855,-1.7032094785257723,-3.0254904153103435,-0.321472297212154,5.009752765847892,0.10432968864194633,-1.656966251727305,-2.852068878978361,-0.23028246453700063,-2.236234874287005,2.4922863564415283,0.7120461393132816,-1.574295043815919,0.40023941420213777,3.743449675907751,1.1690300650393273,0.2825497427404968,0.018797770710919943,-0.914544768229577,-1.073031705016373,-1.519272203732504,1.3841187480714465,-0.4224737318941657,-1.0339434968437595,-4.693589847958744,-0.34749053291746324,2.5631531138051487,-0.051389923629142485,-1.7929938400863876,1.1723518476383221,1.424251779439476,-1.6017107123999275,1.3689211708103224,-0.3634307870472333,-0.5538975898755087,2.0391375151966855,0.034276995713601634,1.4964807783694734,-1.2249585114866874,-1.137958914898356,-0.9232928074903115,-1.0144082620981447,1.6541505786980328,0.7009575945627178,0.6087345934781724,-1.0464002469111664,0.7608148264954518,0.20772833617524267,-1.3968806894650605,-1.200789464909491,1.2070030160558005,2.5381392632456508,-0.07846390450259551,2.140026018932782,-0.20682330883869962,-0.3366852188768714,0.10577251535781712,-0.2673580114041441,1.1354854992165737,0.2581740277168902,-1.1735397680251856,0.4220085141033966,0.6116458436123589,0.7322279042854314,0.299321691002417,-1.5757546039176933,1.2425487877145214,-0.23424663030219095,-1.5814688570090842,-0.4080248014900141,0.5414663774742396,0.8788594941183416,0.08101849195614086,1.4337947715213235,0.21637098931300638,-0.1768397984526665,0.4665298107537052,-0.8966678333390751,-1.0831998837593413,-0.6287245862172727,0.1629770032757535,0.07833633691410077,0.34855741913333693,2.0157715060632784,0.12620173216917324,-0.1830201332780847,-0.7675139627212519,-0.23921039440910147,0.5849585036809851,-0.6232594796611157,-0.25825040542376504,-0.10394643530285065,0.6137673663595307,0.43559847319408984,-0.7813105726891267,0.6936109297953384,-0.8469220277808308,-0.021655365101069073,-0.07527275550628118,0.6081192939837923,-0.39803544376076894,-0.058131428285180524,0.6499164409013719,-0.2291730329280399,0.13253704277048592,-0.5304865750055477,0.017363222342157394,1.3984456715148974,-0.015278094590583456,-0.5738244514077601,0.18555248576200345,0.7975194809802393,0.27754300499298107,0.07039905619899127,-0.34166679113807297,-0.66797980467778,0.8313006420392883,0.2947882340312232,0.0920563893388931,-0.34379295356443235,0.04983490343639389,0.21029284358081313,0.10106180459963122,0.2263412299557751,-0.799834137929342,0.42837460807344907,0.05069123698958347,-0.19339951016617588,0.406087274563771,-0.2241050258950822,0.24821604786261234,0.3602071124194593,-0.057149432044039286,0.15627693206266197,0.06913971664374788,-0.22775664820364855,0.019315008819077183,0.11332088486163604,0.5789528333335693,-0.17395148157775112,0.02562497184217748,-0.11530475698846665,-0.23691032772557918,-0.10206418711654387,0.3998950845925346,0.1272820317998445,-0.32314392868079084,-0.08749865321016989,-0.019312332789595266,0.0001446353309816866,-0.009061420681490299,0.1038676045680795,0.1404570819744262,0.15641984482507576,-0.20506084950709863,-0.1586649559212756,-0.1673515888939266,0.15074790008726427,0.05963196652601161,-0.14480091858614494,-0.04813904423702592,0.1392681439885275,0.2789268160344055,0.01886873007911935,0.1823048982803227,0.02289558553154376,-0.007731658858024812,0.005039400584411764,0.017943485948882985,0.06695840596918638,-0.018518726840890825,0.045265037405642285,-0.010583538239805283,-0.19321647519112845,0.01787084478843985,0.08132176220773742,0.12207207515524124,-0.002076388825255093,-0.08605311116731011,0.09691797912517647,-0.13074823417865514,-0.07760623062480043,0.06410208460278273,0.039929825999836036,0.014703283908694902,-0.04503122280791676,0.05968329972562404,-0.0431278450437571,0.023269737933190975,-0.08315572822295318,-0.03890151169571994,-0.015252547682955897,-0.07604073595314458,-0.026458465405122204,0.022618866878019492,0.019327898372841726,2.564631368223591e-15
2.3209696998258758,-2.7056616944744447,5.195048222111938,0.021494326374527934,-0.27663434968508516,6.774995193555559,2.4437736064698354,1.2947984755142465,0.16269471520379258,3.024391326908445,-0.5684244598046373,-1.6536940372135138,-1.6080400847274192,0.6205400823309734,-3.622108207968486,1.9019754301433502,1.390159359600821,1.1213773437150791,-1.0315879121774287,1.7787943668002406,-0.11632275496566849,0.5968219095697069,-0.2471916858254983,0.1640689141076394,-3.6897564154364266,-0.11576816474670411,-0.2308015567112686,0.36104549615670256,0.27619056083618077,0.1543341812016527,2.687174228092913,-0.13269024491405906,0.03486930892620468,-2.6219420788518506,-0.8313017549337679,-0.4257664885345002,-0.051256139441431675,-0.4791196139423594,-0.4171022701980135,0.07202979662752032,-0.915579493564921,-1.7312812460230782,1.2113768567467513,1.8577963999704443,-1.262546377503095,2.8746553359817235,-1.3278015018791225,1.056704656796576,1.3785709679283544,-2.362226447885123,-0.46632212123903993,1.604437288386835,1.375864561333586,-0.32428838698840906,2.1686608776622682,2.0028338157104852,-0.7555065013761885,-0.09833106580320772,-0.6318890653326066,0.05010180418448609,1.8782707461034438,-0.1398831891646786,-1.9000959932311712,-0.16834342095000937,-1.701870311372809,0.08012719816453567,-1.0244770775235317,0.9168032660620953,-0.994098373992575,-0.11753171677432356,-1.266920154474113,0.12213526816984005,-1.6085025449525112,-1.5100698802509376,-1.0481463176317058,1.6731599445550729,-0.406091642614872,0.28126906306255073,0.5313192671782225,0.5768217453280082,0.43577837303272793,-1.0238148318949656,-0.17742748498362845,0.49187835623328857,-0.8575301370118935,1.1488490642101026,-0.087370754687185,-0.7196465058601859,0.49340850781611295,-0.02776530186153134,-0.014959236105432564,0.07880979018697233,-0.6865990187289099,-0.27335469058013606,0.03362378221404808,-0.4734111382956544,-0.5279686760242442,0.18601351167465016,0.6852025453664542,0.1855120577201233,0.3790515765029793,0.10763642872097404,0.46384861696312313,0.49486061511283774,0.9509989178562034,0.3927920099460345,0.8404264125749076,0.851008788579525,0.16688632478647045,-0.1703803977186818,-0.3150551140105305,-0.6834424839826262,0.41180476966431817,0.5363212035403896,0.35770019867444103,0.19730102649361392,-0.7388218098669078,0.056900397374784174,-0.4972813399979151,0.18920332976428583,-0.3771049465108199,-0.508113179252386,0.3810631609642401,0.2968940136636194,-0.2965070933992663,0.312631226546459,0.4480113425192464,-0.40872200263424996,-0.15391295682763614,-0.8466034857887377,-0.2520484665850225,-0.3841008398248699,-0.45361662860654,-0.006933686776985519,0.1312640459511728,0.20913245530722804,-0.09921987687463726,0.2740314271258804,0.01845858839508575,0.012357848313706761,0.5769127914631437,0.058590105585974064,-0.07540694966465779,0.15380852739850487,0.10772136688402487,-0.3814902862586823,-0.17576200387325244,0.34047078326827473,0.23132656153339257,-0.284446806389967,-0.13925271493480473,0.2825973992628201,0.06460171985359016,-0.04272573089146918,-0.012699495719340884,0.18883352178553678,-0.09371270250154123,0.08315154007703641,-0.038405765756770634,-0.009925764221568276,-0.006315347975856497,0.2329006847081309,0.025061790903056127,-0.09830201129196472,0.3543424560930705,-0.20499619164771904,-0.08025083322926513,-0.2124788347312884,0.33231803541749855,-0.0008878567462897341,0.06869577647195424,-0.03854243736717224,0.024061976641329336,-0.11629374800726848,0.02066017331395165,-0.028331286298810585,0.007357909517257309,0.001110734211295496,-0.09279188288271353,-0.028841772055028827,-0.009189076879006459,0.004681631278220984,-0.01640972928500319,-0.050142329433515175,-0.02106058604352152,-0.004916860130371331,-0.06273177553482735,-0.0184717958397052,0.0016987212901915939,0.02115519459749333,-0.002726847670882333,-0.007338456619387176,0.0036636204085057637,-0.04869836787374708,-0.014567041002298024,-0.015539863166177214,0.015457029074916096,0.02204192480420262,0.015305195898554272,2.5646313682235856e-15
0.17377285532740883,-2.3146211742096416,1.4520732573376098,-0.11628503676055904,0.23677057190596398,-4.896618963124233,2.342445169266835,3.461678360017394,0.5730146770827103,-3.3572004539042872,0.6269786259985362,0.013164400788530642,-0.9890699201147202,-2.6828638644920257,-0.9174349637797875,-1.000938742139943,-0.5749817861675665,-0.6621481924753077,-1.9474764061215613,-0.04764031905605629,0.1978476693835875,-0.29024963069399373,1.0995666453070798,0.8793031449183487,-0.5572016252505047,-1.7809923812392277,0.47986411462300893,0.13715169142219286,0.6601598753148975,-0.08553824390614964,-1.036952085549607,-1.4662644369119546,0.4914431817863733,-0.4188790290776084,-0.3080269894561755,-1.5061524298813531,-0.9427508060110202,-1.350812264004873,-0.6556924198126182,-3.2681193014418146,0.08294825096034965,0.9240661882206916,0.21247911488511195,1.7042839166907457,0.346154089554281,0.5955986840444273,-1.5509375779730659,0.8335430522662202,0.10367562260476049,0.18682233625678488,-0.04709573963130153,-0.2981938936716819,0.8620217964867791,-0.8125287859595208,-0.16014477365839971,0.6529770033141566,0.26270849918537503,-0.32255677618921436,0.7016561430882924,-0.8983568458986714,-0.9672543429943228,1.3732815652902641,-1.9015431890273853,1.3596117023173702,-0.4028338342111499,-0.2429926318651449,1.8850888364178158,-1.0233928135549404,0.7825167233844321,1.28057030731324,-0.003645461277896244,-0.7211454868204943,-0.07768828165104451,0.211304471464191,0.1533305285991473,0.8830091717354165,0.015234203131541956,0.034921158908352165,-0.004820651197601156,-1.0740548546593647,-0.4493784818286041,-0.09256930477065291,-0.13658975463170286,0.6603230897300372,0.6522855657991126,0.41694258495595615,0.37345078428709066,0.03948905823516544,0.7478339802556409,0.9057375003389748,0.19827732837874465,-0.3999784138777059,0.43727005305943495,0.2521176494780669,-0.20292787533752327,-0.4033253877237189,-0.09755865762889049,-0.9691608753526566,-1.5214612110846195,-0.5097344791081538,0.5414499182476478,-0.5758717302870067,0.4144925601775383,-0.04196690156640598,-0.3907025992472983,0.7233275589058165,-1.4723175512763886,0.5655057029882982,-0.023158748628529846,0.5948252769879795,-0.6418067114518009,-0.4877329541807969,-0.13045101665707218,0.206913835354193,-0.07891974568959699,-0.3603770035420837,-0.23447287205443,0.13745020199516828,-0.6189506251229796,-0.7070253394523432,-0.3722447949930503,0.02516248436754199,0.35738073975811496,0.09565589179337486,0.34755544797672155,0.25868857364979203,0.5220224626316913,0.19397162169486643,-0.2347898649979747,0.02875282745877757,0.23303282078228424,-0.28330888198885995,-0.005524345564757921,0.29597741091176905,0.2411421840243859,-0.19691389256807748,-0.13289927819052724,-0.09456616544940843,-0.5025400456363323,0.3718059889393491,0.4042531278268746,-0.21711730978229749,0.07787826181987213,-0.021253434795965417,0.4982360163077052,0.2128584636947958,-0.788140984134851,0.13052863000241224,-0.4215249059512966,-0.11943200032624897,0.11040655387498821,-0.34525224228771634,-0.12420240196444822,0.7458551742273767,-0.009681667020828974,-0.16973041336931552,-0.028226944042829796,0.2420972267413577,0.41920651002473486,-0.4705761614316131,0.28231956234908573,-0.35462172221308,-0.11963627676925245,-0.031619924890767676,-0.004934527791094797,0.37871981295492096,-0.2669989924435459,0.010361380557366792,0.022553383596391786,-0.05446627994164292,-0.25051004056846216,0.06481764069156638,0.07140238663477372,-0.11453551035733635,0.04725636419446264,0.2522066281971508,-0.1545024747746035,0.038514865221434096,-0.01623279408512668,0.035273258122310136,-0.022191237799982267,0.011506252443092032,-0.030688020091907253,0.09732368945475652,-0.007079303973133231,0.17360023720465387,-0.028601273283929432,-0.04379314348006752,0.08759141473908637,-0.037033275618283304,0.041719856945470396,-0.03807385269373849,0.03621340916937793,0.06405469634663,0.07285172498613485,-0.038924426761924966,-4.999602290592418e-05,0.04160313292444216,0.038797578540741534,2.56463136822359e-15
-0.2320753388892252,-1.951912092444991,-1.6453987670326067,-3.986605225618241,1.6210811200262043,-1.1081402176613715,-0.9132393266243621,-1.8500427113086741,0.7090623088338541,0.8656771799957345,0.9801414714224779,-0.15660063725290593,2.7724086290743832,3.1805459462721677,0.23326983196549475,0.9196413989860727,0.9808182594331418,-1.124790040065592,-0.6726063755566465,-0.259946241755324,-1.8144967394881684,0.3058164672754214,-0.030543248889974454,-1.0124616196326035,-2.213619204065997,0.03379654070772029,-0.6644523375970929,0.7258725904590209,-0.833220317797435,-0.5913537164729863,-0.6749001304170312,-0.0002843580742898103,-0.08337061227128445,-0.3730768932499228,0.33026413555749917,-0.9910892028680309,0.6240723534856961,-0.9733812851264156,0.5580403975688177,-0.01921335261520962,0.7297017710873477,0.1568789153944891,0.633937926053623,0.4517579859149932,-1.728402895076367,-0.579435998651856,0.22387825959948626,-0.30687031208054866,1.509063451435186,0.20509533985730638,0.9874964418667711,-0.626709301272116,-0.9196862574384155,-0.13605294843857182,-1.7950799176040861,1.664780043909089,-1.515167802621744,-1.3004549086289774,-0.0942563083778309,-0.5385003711158489,-0.5303956622266571,0.5036499994961771,-0.21019943802384797,0.6694727069545411,0.8189696094159764,0.16889034922050472,-0.6437846824114318,-1.492280300411293,0.39074503299508195,0.8831946919741265,0.9254290828370917,0.6137111090678335,0.4880123827404325,-0.3785652767831182,0.6218923328324336,-0.7217138719922294,0.47990633268047045,-1.5827513558948383,-0.40909348427079933,0.4828415630277751,-0.8853878510324305,-0.4616396209141302,-0.5058225502188534,0.6946052431390677,-0.8431900493586336,1.1706579418200067,0.4039457496691066,-0.16591619607935743,0.10359864155883375,0.01723801465185247,-0.17625209792076446,-0.6242229805346206,-1.6665777092147984,-0.9086156537072718,0.06395466593731981,0.04869142950536564,0.12407437289558158,0.31006131836962575,0.6493004581018968,-1.3642213975243427,0.25983938944573387,1.4818775787379368,0.06765206455123277,-0.8832058227996303,-0.8523242784782575,-0.6056265733719703,-0.7479981407921386,0.6746589452692959,-0.862847153722882,0.712677234205958,0.5321928079543033,-0.09700413018709282,1.122420560033503,-0.22256021095698836,-0.4032821653401669,0.12613607577707892,-0.11824143318092764,0.16904708501180968,-0.0527735012275806,0.4713610140546423,0.02525421756565711,-0.676337035404708,0.21315118143926373,0.5425712251700119,0.029581650925117896,0.005284858994987837,-0.09846149349762535,-0.2665743234837853,0.5860751976107097,0.08703371772729726,0.8492362105070853,0.10393479101475278,-0.228753195941213,-0.08403569316732014,-0.5147730336872247,0.09218517383750036,-0.40403079923273894,0.05179256783002113,0.27279142882465324,0.0581611272258581,-0.5266701015385548,0.22218357490199858,0.5990268213555352,0.4711870494679484,0.15149789640688652,-0.23272935448739246,-0.03413659587066778,0.02873001061302776,0.5049211227175806,0.10031633747033376,-0.05422051454996568,0.016687724329054746,-0.18311837609543494,-0.035934733534087465,-0.15696735363748202,-0.049771911171187865,0.009735490162971448,-0.1837617499854018,-0.2276988352404183,-0.33223520784613747,-0.030413823624277844,-0.39506802131484947,-0.13427485204132722,0.047182011290409276,0.00278424039060157,-0.026612305314342825,-0.4611639332060081,-0.13240108679782833,-0.04109833697116474,-0.0387597559411171,0.37450556335403196,0.03250557072587265,0.20143498354837558,-0.05033693705719245,0.10773118984311311,-0.08865726824677522,-0.14601800312209673,-0.12989394941635518,-0.17938303413266604,-0.09073295035667744,-0.008793088113441502,0.12062677183552588,0.13736863997271248,0.09800907146375294,-0.09697250126995312,0.029432138189864336,0.019150202572970572,-0.019280460883623233,0.04275343554664581,0.06938112040402292,-0.05808624013395697,-0.11237645740210148,0.014797757636854982,-0.027393747448792364,0.0678515095815958,0.07198348772049538,-0.021404919279782133,-0.03358300325444009,-0.050427876581935586,2.5646313682236014e-15
-2.3417647081562003,-2.209465346104354,-0.2661157881348458,-0.5764244510402687,-0.41115096707527476,-1.8786811371954826,-0.16377027047358056,-1.1152777784846248,1.2808348217550185,0.9613671323659292,3.13867172978191,-1.2626989417803667,-2.0310008325249678,-3.0451250805446657,1.5717227878866276,-1.4598354743779645,-1.1112236885988673,-0.05324939844455437,0.7509497182251417,-1.009723910631841,-0.3007501498815378,1.1143979195910612,0.5731604996088613,2.257934103628358,1.0337177740165395,-1.1680610616818907,0.7111705530731834,-1.3389540653463265,-1.1248853728597379,0.03535828730498927,1.1232063357107438,0.1892698010924373,0.700946760031479,-0.5066028747362313,-0.4339841536921867,-1.111724558339953,-0.025236380882378364,-0.023341836552255413,1.0230093633521773,-0.19547000133093917,-0.9418056990508521,0.015466055011287455,1.2210626956566566,1.2273163229292607,1.2042498524687129,-0.8562912118642532,-1.0246203165535792,1.9397063002984016,0.012375885212181251,0.2888880754385386,0.5629826048807091,0.9217808623460204,-0.09311740561184736,0.543868317092844,0.01439248819144981,0.20902863511325281,1.7679355650572353,-0.9573137929734844,-1.919993087288372,0.565400225233846,0.5990041253710552,0.2310193397425397,-1.4039394369112461,0.24916303888694397,-0.03782249892686294,-0.887683307400455,-0.2335914163075605,-0.17690281816105805,0.28361342245051174,0.12891127108906295,-0.6260147158321077,0.3985254410877862,-0.13287367165398595,-1.0531057511884774,1.3554038102058956,-0.11245089045644507,-1.4367526931881425,-0.18097469668862542,-0.18236874661907948,0.5010921343899564,0.5396143735429783,-0.23002177927484815,1.0000059214608301,-1.2697073452487428,-1.0584611970607913,-0.020886377361545878,0.4439753741791483,0.26535582550464876,0.39446718359630045,1.474995713214205,-0.9101013160319413,-0.011893119422718628,-0.4325055594745648,0.6810228243423796,0.06542674241017304,-0.39674034805820424,-0.5090340724808713,0.9976339435780186,-1.0982422762147734,0.10274868271297401,0.08424844588515301,0.4844224146779431,0.26098963168891354,-0.6122005669569374,-0.19197771530032343,-0.5218362976298215,-0.4246553289904881,0.03451722833170378,0.05802925835568434,0.29435900341591775,-0.18116023526772637,1.2146600188569963,-0.40495322512210424,0.44997692450103877,-0.2416581416163507,0.4509361331084237,0.33078018266500603,-0.1702465275804463,-0.20656853678241177,0.23713323710378886,-0.3695123505974154,1.1597731712666737,-0.22272121157220212,1.02710698168908,-0.2881301662110763,-0.08800438395508106,0.028011644878364945,-0.07032730440754016,0.6701821622057704,0.17623460713316466,-0.1945247603872573,0.26776716094899083,-0.5803990776202679,0.1780248421638911,0.07358699042375333,0.2232673501066584,-0.09299361750993469,0.016863055654418747,0.4475181186090039,-0.4583833117115319,-0.4237720221682462,-0.09044270234468138,-0.5036413902798152,-0.32269730943505004,-0.0008332661657694567,-0.311795596436482,0.7744459223718304,0.18550369125630817,-0.12430442791636089,0.39793203558188023,0.2974956696263392,0.060091135312164874,0.12633687380577624,-0.025550390517177977,0.12625294415515154,-0.13956368234309358,-0.05280713360537264,0.13928723629857662,-0.008394098967835396,0.13723297887836644,0.13841569782510232,0.35639916246099584,-0.28592039659415436,0.004822171688900124,0.2811240697379927,0.07561226929130692,0.13390019073865506,0.1587863782920528,0.047912572979243596,0.003170400111506956,0.10369460109064423,0.10438648107662166,0.015139184770626308,-0.22538841552353697,0.3200764448914125,0.4608205226776395,-0.16447033105298522,-0.28225583301226936,0.15745460361705893,-0.11755347812748808,-0.0036463085016009795,-0.07738206864138256,0.13119475253141347,0.0777227736846423,-0.03355303313287052,0.04321688968863954,0.03294215460586525,0.06012002822202519,-0.0028997925551409133,0.02033447784909715,-0.025483047201792487,0.08520540403604135,0.013702169220985463,-0.0798410873254271,0.006482035153427685,0.0606979023156098,-0.055741605626071694,-0.03447020444109578,0.006050328872732018,2.5646313682235903e-15
-7.843818638425355,-2.6897797261202143,0.11432916844648891,1.6960742917516631,-1.0990810186756057,-0.8709605249793763,0.9865107145697246,-3.9709465904580328,-0.6525116140383906,-1.6530529869808293,0.26352949082776767,1.2134522242052774,1.9117129207303414,1.4094670151391153,-1.5719545321912132,-1.1702662281814111,0.6679138904338343,0.7819401314478892,-1.3721479730519615,-0.20985035304096666,0.5735530156001036,0.9937380171956115,0.5518472760902373,-0.788866194464133,-0.06651000705777069,-0.6851199689397013,0.2360432187048207,-1.3564654370927443,-1.2502351789940562,-0.024609692456755417,0.6565746256299502,0.5571339664592587,-0.48877749659302616,0.5199660910078718,-0.3800836848913001,1.0118245722034591,0.14870969703447243,-1.6002834847956173,-0.09386369149035227,-2.517907808365453,-0.6207216931960712,-0.2513100049696051,0.6601302793811307,-1.468789617833742,0.5814855404812864,-1.8547648880064502,0.6684281041597052,-1.0601779388915094,0.34289958157487527,-1.0610812544025137,-0.15318165397322675,-0.2599084969789609,-0.7256981701433205,1.1194966226346388,0.13262486118519032,0.13162328626903216,0.038011199863640856,-0.43660935736563994,0.16566262450248306,0.4249654332397943,0.20153009424305782,0.03249274460133554,0.20813765481746613,0.29434344105228266,0.44226692824532376,0.334970518771421,-1.6520165405862914,0.515749141579946,0.4005521356588335,-0.17474930040567555,0.165681356051157,-0.10801571699552884,-0.7498877697881136,-0.3872503228620476,0.037459539776651805,-0.19910381846391362,0.3793154783804679,-1.0265151258030665,0.7478011767758597,1.2784589317430626,0.00010788890782148946,1.2457220248854457,-0.2233166896784221,0.25665757590570243,-0.3057291173513786,0.41264143919372137,0.013807583674779337,-0.4185700390930932,-0.40729676613580945,-0.16189381472540115,-0.06667873882974015,0.9541566670123715,0.7520255651885791,-0.3959597507920402,0.17181823222630146,-0.8175082990840422,0.35232374873217664,0.7251934464215402,-0.45082076018500117,-0.3728379231727622,0.4039691130934285,0.2846658488391328,0.47102135528753125,0.5692552712699224,0.42519568125831336,0.26942438725564904,1.079115111877095,-0.04349665682485621,0.12633006543956993,0.2257054051818013,-0.8060204185159467,-0.06789731515036317,0.08049083113785838,0.414614869457945,-0.19605274790468796,0.4019304456979469,-0.1311427049318555,-0.6085266784343318,0.30291214962653606,-0.3815980077786451,0.13082068042937123,-0.1363844028295738,-0.2217667695044106,-0.026854147262516427,-0.411870351069932,0.0763702704985428,-0.15199033052204686,0.15932368829997948,-0.808469529782747,0.3831668948949339,-0.48833409129103345,-0.12523497329469777,-0.47552367137004925,0.24849943424359638,0.39857489427866605,0.1946416844098892,0.2632133593754357,0.44052427500583347,0.0030230987976118504,-0.2441658467858475,-0.5411526652960736,-0.019781411952916602,-0.09164737941926579,0.902125917078041,-0.2955528983777402,0.05245354939350636,0.15000650172412244,-0.03125126404261201,0.09179769404843154,0.22940669989151918,-0.4021578082197096,-0.006006248665598453,-0.060863336275189465,0.0684292753102739,-0.3086598794228213,-0.3494527468446619,-0.0074096680139997765,0.1545222146601176,-0.3803493102988395,-0.50319465539592,0.111168063246465,-0.01408263456191468,0.5776453557607869,-0.15590793868985403,-0.19162798631839106,0.7035408327986662,0.12437095654261558,-0.11891985393285531,0.09761041993757938,-0.022439436608029453,0.1519793361399922,0.2893476191222522,-0.16635893735736934,0.13728690845164862,-0.13690259973159002,0.28727678104082843,-0.21502872246871513,0.045320772879676514,0.052789793310466494,0.07168308380028297,0.022481298803915518,0.02270055011331183,-0.17087520667226153,-0.13388805552313868,0.07082822037583006,0.2561348134321991,-0.014882245237168842,-0.009454278124711809,0.00581971758297775,0.1655573483536655,-0.11385722481604184,0.06909806268830546,-0.04123746292312326,0.053302955807847024,0.028511596419743136,0.016701806382144167,0.09105008835149128,0.006841137109746407,0.011461751816548465,2.5646313682236014e-15
10.843137554745581,0.817738232663727,2.603409433319168,-5.394532958269527,3.7995870422374916,0.4198796739421267,-0.4308160201040164,-2.0278260914746777,-0.733316066874221,4.281164742038125,3.8212353259343343,2.715841180420985,-1.4616551221328713,-2.671224663726985,-0.9595514255320697,4.633070307985123,-1.0905577394543318,1.9864938616792098,2.273669613119589,-1.4334104298835448,0.9321672353331834,1.2144895304314791,-1.761490890402885,-5.354402412870247,-2.3920832883547067,-3.1838474722672223,-0.6430236045450224,-1.687104429234044,-4.228031269441974,-1.0191834749464648,-2.9695724577124127,-4.575838834010681,-1.1325822807875559,-0.9257430571885111,1.4711555709376303,-3.3451075354316226,0.15051784949408237,1.021206642484757,1.7380559607966803,0.5417302896616087,-2.291778908052049,0.07212416335831226,-0.9690223016063766,-1.3842824607961366,2.366086893717913,-0.9165600440780762,0.0784720510283945,0.2146761055910827,-0.9698520039169457,0.021820761855235984,-0.5362593583676466,1.4163308901444112,1.0399954793824429,0.32602472842914454,-0.005717836625360823,-1.7545471148934295,-1.8523478061387777,-0.14766782293921024,1.2115261741023993,0.026206661055957668,-1.214617168781928,1.7414859983141644,1.5655025656592811,-0.4720931135150337,-0.9786331365400118,-0.73747804830668,-0.32943470746123943,0.7877841147659355,-0.3104618029523792,1.0251998418340995,-2.0835868922983214,0.3721764990862455,0.8751917266505209,0.8937167990115884,-0.5807447814122955,-0.8888706220054986,0.38511469605819043,-0.1591458669946983,0.030476051006591533,0.13360120500988132,0.9376610818647284,-0.8237999922227709,-0.14118975242049814,-0.4506962975124285,-0.7826040267954694,0.4758751680835877,1.4121529999559055,-1.0672381407386053,-0.3701035611647558,-0.39714054707018537,0.7503967562495365,-1.0480739323164014,-0.6289158550696594,-0.9563426314763925,0.8982907703135045,-0.544012409227698,-0.24702574559186563,0.5000060806138528,-0.3735803959178291,0.556277463400662,-0.054567496355702114,-0.015378933123685446,0.518070729256796,0.30998923974062725,0.404844055037457,0.3482393352867253,-0.548660787670872,-0.6748670510551338,-0.01338441617673693,0.2339490009934637,-0.4082250516998361,-0.17910112861259458,-0.23495877271652452,-0.2112204118487304,0.6571262397116762,-0.21794928561414942,0.06660176617618825,-0.23590898576854832,0.10460564115882037,0.19748704040319245,0.1472945039129973,0.05083869593953785,-0.13354641300199244,0.43943804410665427,0.16766269585581328,-0.29858662371403377,0.00630838336993337,0.20607671210457978,-0.0899137665931532,0.16065822397965618,-0.2739456105650658,-0.044974321849867334,0.073692306422353,-0.005443863703868753,-0.2085599680794292,-0.07267145133023659,0.09493761259130902,0.02478483579022835,-0.09884218018035747,-0.04888288079838245,0.16025990285769404,-0.12370638389776449,-0.04219060754680731,-0.11153114998760148,-0.18315571589373958,-0.0012208810084127504,-0.11693405183495105,-0.08241674434330631,-0.1559469035159387,-0.002515151389409152,0.04733547727255224,0.10501755599963727,0.03394659027314864,0.06078397498550859,-0.17794484754467657,-0.11182075543777216,-0.012862696262663304,0.014160813968915454,0.00500031676239556,-0.09268608770855923,0.041883129448479446,0.06386082405274315,-0.08374544042791315,-0.014015758336323476,-0.11928078850907975,-0.043337806724520186,-0.05558182808293347,-0.037016236411576725,-0.00639332205880794,-0.029334049618509734,0.055593281803759775,0.046903681724405955,0.010427305411685973,0.03238426158286806,0.02545464877265573,-0.003055541445875489,-0.04703418226524995,0.024114648948405894,-0.030970755336144355,0.0018060685151293214,-0.015727789219385595,0.06698538240496923,-0.03112503756573282,-0.058182297786239776,0.00858254173052116,0.004903315954079696,0.007433405347312658,-0.006825471135807594,0.0053778404872041165,-0.014254113138784275,-0.007052307689991034,0.012174861208827594,-0.002280918314768788,-0.007450046915234706,0.0094166671357769,-0.009541462341690638,-0.0063875273176443766,0.0023741727582331936,0.0002899105661908486,2.5646313682235935e-15
2.1869212138911807,-0.6260699825559504,-0.25138768071888573,-4.694394287770722,2.390947626684563,-1.1336093523171975,-1.2454771545830423,-1.6399843347741796,0.3896374224013692,1.3993769188874412,3.415235994487348,-1.610027965773364,2.1638010715798415,-1.2828192025987906,-1.5691571581075934,-0.9309427210952453,-1.0885831528948329,2.492476866248641,-1.7500371667013475,1.5100690117736524,0.9138581783537464,-2.5051220686440647,2.7380784730194385,0.39699854299563236,0.9430566788259129,-1.199229202403059,-2.05497996751497,2.2110576556429433,-0.03458615086170591,0.12352401975475401,-2.6505978812343747,0.038420596339904085,-0.3361306824461109,-0.22778635857133517,-0.04861186089258194,0.7863352448797004,2.7539859872393095,-1.4073276070044245,2.3601297175016205,1.0189935676107291,0.07648408881408675,-1.5327212845189315,-0.3448043007228523,-1.0469054702460552,-0.6845415075019918,0.679298605767168,1.419414912453933,-0.5360132323858277,0.4565446213614202,-1.0074733688728879,0.5783573384628973,0.3466226025238346,0.02147390093209278,-1.5637766200532117,0.5732058908692187,0.10801839372820281,0.16002735091509698,0.7398467151949787,0.6733969005267828,-0.5923582225281049,0.7019351732623514,-1.3228607622662736,0.27475615259083497,1.585056065077293,-0.43214575917225784,1.1732929424428094,-0.5429835037427515,-0.573792994403231,0.3367489714147511,0.8975756233492239,1.2176607430628197,-0.46022778243782253,-0.14963561384152665,-0.9160217828436793,0.15135604573903988,0.853179569868605,0.22086430146785313,0.5869216023043219,-0.06881098425143688,0.0409896067470089,0.36563870648477476,1.8535605643399595,1.3195524809981218,0.03505409122030795,-1.628111231021087,-1.5057547498022927,-0.39911358493022203,-0.3954098890840445,-0.5112324168433772,0.39670738749627993,-0.15432431387260637,-0.28769914441977906,0.7442529871398794,-0.6368400196544939,0.38060330885539045,-0.24604585673140583,-1.408055339711776,-0.4495535949895886,-0.38575275581802576,0.4083240225045814,-0.38664025765153537,-0.06036821298750605,0.5761046597308918,0.24105331844678843,-0.3078344451509538,-0.3952117749944861,-0.28476137912573035,0.19892026763369258,-0.6370826065828494,1.6218238197995891,0.7654773123502295,-0.20304782279934824,0.5272241405619216,0.011525124267656898,-0.057037732770846006,0.27555012344094876,0.032284095896338676,-0.18897575690323198,-0.6016766560354407,0.7940326122137983,0.5215294182758714,0.1609824483438615,0.27011775055494597,-0.3155044713309241,-0.1197487085856568,-0.1922184000046478,-0.5793823503593654,-0.34875037896780836,0.7044971221266958,0.11732250499849327,0.07208436179620693,-0.4079904261213001,0.3057993265295864,-0.48669860917477303,0.5587981671968303,-0.3657931221112592,-0.18232487800052552,-0.24260872984499185,0.30447759205723796,0.1857084478399432,0.21356073227174743,-0.031553105368074506,-0.17540791260150293,-0.09767698749096942,-0.09820093404954232,0.36549761758459876,0.10632089468349505,0.5783681621517852,0.059868622875335085,-0.08606035304864566,0.044713489950484034,-0.09582136077075092,-0.005460177223165877,0.030154244065973067,-0.40091435545718435,-0.1164954102054252,-0.2950671693741653,-0.17159819233960538,0.03114375119591463,0.030015589685911434,0.18970730241261463,0.3760108265078637,-0.1473406858301056,-0.05191025811056701,-0.20881974552975532,-0.009932334931009108,-0.0984880933531076,-0.2406194004384361,0.03935107873104021,-0.03439089514305043,-0.2749676673794608,0.06748214178256537,-0.08605381215540195,0.040448966923720124,0.1713828181862158,-0.0015421035410587561,0.21772580646803674,0.1124315427950429,-0.02136704257735234,0.19757758868693429,0.15277837386444273,-0.044789779916199084,-0.0028304982775285907,-0.09475714889067789,0.19507326055227978,0.08175625251687355,0.07286879669496148,0.05638008776309542,-0.03417405138250752,0.015461086517422095,0.03270473471966523,0.03833641054156603,-0.03249629100884289,-0.030510750806088907,0.04125032159949556,-0.010622408690218296,-0.01120885407070744,0.006905336644634046,0.008894654796905814,2.564631368223596e-15
-4.652871627512385,-4.296803062910716,0.02627870045729608,1.537886353584754,-1.8460532850409472,1.8145479242323108,1.1383589380444004,-1.840444906633368,-0.241591659196784,-2.1509784336456037,0.4952266417634177,-1.4797212657572885,-0.8983482936210714,-3.558358143848838,1.6388529027028123,-0.9714818086041993,1.788923987043186,2.1431113209365336,1.1409845983140832,-1.0126124718850646,-0.6710281185124367,-0.7989196376895344,-1.3348245496522806,1.2980880898972156,-0.974331737633142,0.15945044637183878,0.6436052205818079,0.15587116513922902,1.4549959204533962,0.5532607992472757,0.28297758083240154,-1.2767455525369509,-0.5474171895734498,-0.18801018546309686,1.4533291607330379,-1.001820678949588,-0.8199983713589071,-1.0027357112805066,0.7480085329326235,0.27555922714555986,-0.7033974836877791,0.3718983325065121,0.4179133933642656,0.7678913514979276,2.395274277342547,0.009357041098588028,0.08586723953458601,-1.602915450731849,0.016033188461271358,-0.05591456085520388,-0.254715657285472,-1.006299292124965,-0.6879038231034987,2.3590977862163225,-0.5690660653892349,-0.247305590160633,1.2004540437551476,0.5033255453032891,0.9420564289225745,0.6237137327590049,0.10090330728137568,-0.9243080443586303,-0.6680698316858884,0.4905035973945903,-0.7105279027287597,0.9298477720936056,0.8673944198546613,-0.570690254726523,0.20407405669146528,-1.181831233836276,0.7859601012465053,-0.7945545051697114,0.5298841576489219,-0.34498624009718915,-0.9820276732729313,0.18537656934196547,-1.2302012824597772,0.29724455754426166,-0.6414973045821208,-0.9499603346143558,-1.228663765280622,-0.845229885532758,0.937076539155972,-0.6157250857681096,-0.9712033657877898,1.4820029292095338,0.2633426484077936,-0.4716703549249076,-0.4399080684648956,-0.7829825124610682,-0.3777580520666124,0.10998580883273792,-0.6901412706477993,-0.48759004239766635,0.5866623896786024,0.16667783450422166,-0.3434343351507648,-1.4164405207222002,-0.36888373940866054,-0.1974506777835036,-0.28675803563538516,-0.9192920504374948,-0.06313095699347604,-0.26666922079810496,-0.637711906825664,0.613251277210128,0.18124601974743115,-0.09394097171258632,1.2195362987322231,-0.6349902747757558,0.05621883158531371,0.1777259613519196,-0.11009618038646272,-0.6232921820283517,-0.4504476795231268,-0.25781381699320277,0.10305719432247015,-0.08846060242829655,-0.6270000740989754,0.1969574147861744,-0.9061819140996917,-0.21254717646914914,0.8161831655509205,-0.1559700534631749,0.19840557945445655,0.1250991964386932,0.13772784040255545,-0.08781364528917615,0.42539954178237455,-0.33647634025110634,0.06975025732297886,-0.42810008613715045,-0.030699744661539553,0.41222976605726824,0.3749080601645376,-0.15642112056532706,-0.12469247329361854,0.0212229966776991,0.03340079134474739,-0.722993721208356,-0.1114842113585406,-0.10616320762862334,-0.19957367088325562,0.029356497283419946,-0.535909331438116,-0.25615065323544106,-0.21027993007476575,-0.3023257185189968,-0.19370494350769307,0.2828160013023842,-0.08351960764628084,0.8945593329487955,0.005912833285280505,-0.15599072622490165,-0.11356008209621386,-0.00341709513982849,-0.042902537798037384,-0.024533219778915136,-0.1154084839484261,-0.35643445836035637,-0.05377021397363814,-0.18045873864459155,0.1153827774627783,-0.09667343083469962,-0.26368694287032385,-0.24403038244969794,0.05317539065062304,-0.1265498247421822,-0.15644245755465508,-0.09469515146654557,-0.18592861750921866,-0.2323217362685247,0.018044293785613636,0.21543012228841943,-0.09963492186978279,-0.16806350221256489,0.09521818559898687,0.0002600636610734814,-0.03357494640371811,0.0768953406267133,0.17186952903368838,0.1874352546092789,0.2526156600887538,-0.025571854600376243,0.09074032903606284,0.1571316326362273,0.10351179465710483,-0.011827300796027744,-0.07787179707866104,0.08924744296023132,-0.14312644998773388,0.010565381486929698,0.0018315378730224161,-0.0439085189800549,0.00762725102737452,0.05419812202274528,-0.023093734679213804,-0.04374968936726729,0.0025118488013318556,2.564631368223585e-15
0.04168093638773829,-2.4155946588075907,2.1642678855882385,3.034142475096154,-2.6625161119274323,3.005467151398939,-2.314291785051163,1.3689800177049958,0.327058618427177,-0.8074031773184162,0.22038461110306198,1.4634232224936112,-0.8612089688547359,-1.1868292364560002,2.533905651663613,-1.7809582920829603,0.6423613639635279,-0.5610879161594545,-2.06348800554201,1.663477985790571,0.2779021968592519,-1.031823000241336,0.9751910149976051,-2.3441824846008417,0.2601895365014193,-1.106004206968231,-0.045490358496015966,-0.5994377188445047,1.7212544981130682,-1.1480588943784085,0.7737641638708477,0.3547913857861693,-0.6706751133467267,0.6705932585467191,0.6428753203052376,1.1254986906792421,0.7228690102907331,0.7544708815512883,1.1664127837157627,1.0122385422834754,-0.9800542779061153,0.30390322632258293,0.2360973369474711,-0.22659861905475343,0.2630230654450688,-1.4462008154082928,-1.803358275748371,0.38021197773545395,-0.8886409517959719,0.5784852426868808,-1.8233366425285786,-0.9638078178012663,-0.8261647448334957,0.11133342790677794,-0.39947147918031467,0.8367298263189155,-0.3740405094527923,-0.37661922108054924,0.8838945462146888,-0.27206542725648136,-0.8279610422925099,0.3592646874378873,0.33267143531407073,0.5959152561660404,-1.4085424427109157,-0.11658903669686183,-0.5584520234475411,-0.687091471524999,0.29347971426986935,-0.6642761320355103,0.12386505421727081,-0.70253182789396,-1.243288650059561,0.5034915164041724,-0.18275853236911152,0.7092940860448596,-0.22120633498206319,0.44922579012631386,0.2038837105268621,0.39174844768805356,-0.9536353031596416,0.5506673985550784,-0.3965242170344029,0.6441906664501693,-0.13166249925804188,-0.10990887736676991,-0.21502766359462946,-0.0630736899219047,-0.3932016888253124,-0.3872023042906287,-1.2724931949204823,-0.047146936242832026,-0.8061822528188504,0.34814049938009334,-0.37353229076002503,-0.14486810387661914,0.18207464127046247,-0.0688452482561193,-0.38205478615968774,0.6020795888619818,-0.31701985890745743,0.1794743711672277,-0.2857064326435158,-0.01789971446430574,1.1115820328488335,0.06681350571277199,-0.211935381895096,0.43732221809795496,0.32788785921235464,0.5494814629860009,0.4502969160390703,-0.8049809012099355,-0.032209011118928516,-0.16200540739969324,0.38903980451221215,-0.7181944718953944,0.524740486865901,-0.5252152114371488,-0.2817576025959396,0.14087204777284024,0.40212706232967016,0.1934765528951415,-0.3894139587800674,-0.2703454338607188,0.006410469492709313,0.001335625597799116,-0.35063000852128945,0.3162233588007868,-0.5246200815364311,0.41704462076691806,-0.6290202412610247,-0.20607462640538438,-0.03538449562243556,0.03247979037244868,-0.7759450080522372,-0.23348025998968083,0.9134580989156794,0.3961610822018116,0.38599095462074673,-0.0507521791353068,0.2729315521712315,-0.17806392923468833,0.2380259873989807,0.24896139128232977,-0.13753931841682412,0.030876310806600304,0.05075411402219123,0.5155362057800519,0.31543534693623626,0.20681673565523412,-0.36156136099134695,-0.1766373534518769,-0.10961912127026481,-0.021093964756000318,0.28834366959073143,-0.16096162934956726,-0.0830528098433999,0.4942917700488942,0.003498320676102947,-0.16883739690317273,-0.6148903249758351,-0.06592589967943631,-0.46676018184905715,0.20632776377153897,0.047612385639235075,-0.1862333795768664,-0.2963070097985554,0.08798900051604751,0.19968556204808519,-0.25998646003504905,0.1100903094947166,-0.5526769506701349,-0.0619773592761358,0.12119000504215244,0.030204245867523065,0.18702742537354258,-0.09214158215476473,0.10625361768206973,0.03416842452647459,0.2281515708974892,-0.0017478231813909551,-0.13943793723700645,0.06328262752992635,0.10106234091305512,-0.17773206164553332,0.06352546427667305,-0.014797631332153513,0.11150347560411362,-0.10016945059599813,-0.058076752557185404,0.047038489514944416,0.08087292870350493,-0.028377673960047207,0.007094419206849482,0.039406139861086854,0.1251243654230412,-0.05146608138667806,0.021460634576779904,-0.02947491232177909,2.564631368223613e-15
-2.709205452067257,-0.43756022358085195,-0.633335526379192,3.400677050638907,-0.790241405116691,-2.248560374927378,-2.1351476325041343,-2.530860414894461,0.9578850763581316,2.4361651709661762,-0.15368660434877904,-0.6594833434930971,0.866669002716722,1.7083321468418866,0.15469555526029707,1.2268469632626564,1.9944022193401167,0.7247964341770875,2.6220202980105243,1.6647153433054496,0.8400686002159752,0.3345279783026063,-0.981017173553425,-0.33092896917460984,-0.9272029346482762,0.4305755979242072,-0.23130246147632,-2.2132352275756584,1.4445060389082474,-0.9982085236292768,-0.8451019596927108,-0.9546350828678754,1.294156522506397,0.4997967205572811,-1.135831557802044,0.3249578552101022,1.1685246556511442,-1.0031617369517403,-1.1548610430392676,1.9457556028006135,0.4666604128972995,0.04469755812083353,0.027574740556354584,1.1105734323952459,-1.231671985707781,-0.2427079557299245,-0.7300840343474954,0.8321146386064732,-0.7492289700907061,-0.1841024005268493,-0.6037677251425575,0.6063124102598524,-0.7962671189230636,-0.6624531471035982,-0.6937167540714415,2.71383731943274,-0.8094532709583658,-0.2303917884544354,-0.8959172603407134,-0.12086113002591857,-1.0603617489543449,-0.0894507355122857,0.6566765360290633,-0.7631085192146287,0.2507440356537099,0.1909548273573568,-0.6506268190739646,0.3623971939784363,2.4587415573093048,0.7036010048501681,-1.7823184459022527,-0.39726307698997854,-0.9234646886075688,0.056495279778690406,-0.14539498859567035,1.4685435158533788,0.19223411230638004,-0.5346084404053636,0.45201045022512043,-0.23613309947428449,-0.2241816318877556,0.5967478523444255,-0.5829117787884212,-1.7272678857237227,-0.3077856397081597,-0.05839794105948772,-0.655066502104708,0.7649621010974929,-0.33632621649197375,0.08213395921858667,0.49389676485558887,0.11064728155499708,-0.060377756471975304,-0.2600802162374117,0.554392893234219,-0.07536021533613277,1.2860917322877257,0.2528249161429672,-1.1359556892990492,0.6808081357582719,-1.2827804131709033,-0.5401250365614169,0.3219730999436221,0.23668675558779043,-0.3691139389424948,-0.11325904263484841,0.4810144639838388,-0.10796234738404535,-0.6581415552571711,-0.11950346639100622,0.07027330297670994,-1.150335170855178,-0.9622969479951388,-0.5561804517368759,-0.06108130571592334,-0.9669709075575535,-0.5586344709699038,-0.14503114896337013,-0.12949679441416168,-0.374043541324905,0.09259039646769537,0.8135716207376895,-0.1825031923858279,0.07994783278902763,0.09249907489509958,-0.24423298416984052,0.20385702927555324,-0.13380680615642757,-0.25041176340074933,-0.9784214867583617,0.7555452182852762,-0.004975568337339225,0.07615953628585916,0.35066832052915303,0.10690865502903701,-0.20156956703583465,-0.30478914075272645,-0.5986374502992229,0.23607488194067636,-0.4163070278463587,-0.3796430279268936,0.019937308657547725,0.34556096452385554,0.22340245854017154,-0.2012552632155909,0.2766427788476455,0.4217109653355023,-0.27577083639466227,-0.10197327922524835,-0.10000580662707692,-0.04995318415377536,-0.16610333824108595,0.04958979121003354,0.05307831642165765,-0.21137331960432357,0.1957755937975024,-0.0214439188971126,-0.2712595771315393,-0.13401249343845814,-0.25173660827335753,0.1983471074107612,-0.06674777041100911,-0.146635309144441,-0.3961305370137568,-0.01827259647159429,-0.0035234740719991215,0.22276573535231187,-0.2210626159527087,-0.059776936814970864,-0.1672571833616255,-0.11429969145717818,0.013478802378477884,-0.17081886342528022,0.03321280900963639,0.11121546686066117,-0.08807123293317032,-0.13912064549418024,0.04979009804114058,0.13097207479293305,0.051808614617486114,0.2798734119982653,-0.11541375723383684,0.1831165832254528,0.12866539532516344,-0.1101741822424021,0.05350351066611332,-0.010719979015810071,0.03111234922114852,0.08537023783461223,-0.08191173341653146,0.06566413394375335,-0.05664783129422365,-0.035911315863919775,0.012646199682154188,-0.08389622794883494,-0.023249110433843447,0.02401212068680159,-0.03722358468475055,0.0168550461562901,2.5646313682235994e-15
-8.442997375733354,-2.9130318133699675,-9.517764282863093,11.387068032028864,13.342984729074654,1.2173555609134104,-2.232138900022007,3.199546826279513,-9.946408959424604,-0.7047020810181936,-1.089384893850075,-1.442729903232937,2.0579477637981634,0.18648320654427886,3.5208106068782388,0.8528728020559835,-3.016254429916891,-0.2532965659519956,1.2583407541875575,-0.164468927360459,2.025556383032105,5.05293777655601,4.420927344725416,-2.481348104316327,-1.7518314515823648,5.1308310336473655,-1.7209405314715311,-1.3064509329512297,-0.5923554536245385,2.76669755020426,-0.46431899486571576,1.154027306571375,0.6813387229364494,-0.37907428142727617,2.8734777665139846,-3.150301267429008,1.4856764311673345,0.5936507062649128,-0.6905181331846658,-1.1108554055193334,-1.5709755876404883,0.9004630348901949,-0.5293025099008007,-0.7689810461621034,-0.7990535648243144,-1.2727696036692628,0.10515258204688795,-0.05430359529945768,-0.3916606771630372,1.3663067456459348,0.387541129827107,1.8680122943413593,-0.8889825390596311,-2.0473452472832814,1.9462638877247063,0.3008903309466763,0.9373572126362908,1.7364416977836863,-0.707340909651723,-0.5035614816419202,-0.11907081009774857,-1.3019367165807199,-1.4770570061371973,-0.39565517619651686,-1.1510609880634028,1.0141635288686994,-0.42440297315489095,0.34380352449215085,0.650438137984789,0.7906921790245293,0.27717559806230596,-0.3509035118684116,-0.46425721859160385,0.33027504715432915,-0.4463605042557618,0.6275235204019701,-0.043862186561247775,0.08760316728861632,-1.2202615355520587,1.676292870800112,-0.5418568976914564,0.0789094588726537,0.6557064190006935,0.6473722094794564,0.31315799118836807,0.5108412677440266,0.44399061057890354,0.17965031015306385,-0.15504352840074373,0.03131887746322113,-0.22504723194672008,-0.45953832896063307,0.5139701733305597,-0.24427290241497368,-0.14246733875498724,0.2955832614854819,0.13594499631549334,-0.08734784084491726,-0.2900874432349118,-0.33133722850621916,0.3957805751378143,-0.07195760779117688,0.12432996352454492,-0.07423050462440059,0.42503859629217366,-0.1879509307359325,-0.21022990420684964,0.15242531196715783,0.0908793328020064,-0.28777794830410325,0.2460325506141446,-0.17207129632662665,-0.1405043815458801,-0.2597258574650652,0.08053168836905725,-0.10280693137652366,0.46937440338352526,0.05109637107082418,-0.13541831011354943,0.23028987574035198,-0.022972135147722447,0.1522362615059783,0.1646063882040793,0.11076932659743505,0.05595948659780491,0.07272917662793296,-0.011086494161130772,-0.0199974423016583,0.08164948283187289,-0.06593306557368099,0.06017527864190933,-0.019194323914317635,-0.08941935986179937,-0.1086252634781117,0.004738284663258789,0.015341766359845495,-0.08011498706486742,0.01909443820780585,-0.02979237981125914,0.11668076143498703,0.07950755074213141,0.028898703751836733,-0.003650083041477412,0.04117685513397546,-0.07663486840255743,-0.16017454208034068,-0.03646790705064863,-0.21327616898950014,-0.0778824002023126,0.09338648958257026,0.06702329766237436,0.05033182039103538,0.06429635295741062,-0.019130675699055803,-0.06283695472928387,-0.048559809719276724,0.04645773452724509,0.04037637915674792,0.06090960540952274,-0.056125687825574457,0.007069778937075889,-0.005873611855741861,0.026250105317325047,0.05870527854775228,-0.0027032864820825935,-0.06263922293024397,0.01180884834153502,0.008408267562770423,-0.04748054925141384,-0.04037442716245292,0.03053895391501725,0.014448148306232898,0.009342127689501602,0.015451316796991457,-0.03911197326415722,0.015380620423401953,0.005903791239070456,-0.020201259177302543,-0.00373691681202811,0.02240063807147867,-0.0013299589823102392,0.016234817495480315,-0.0032743050567025822,-0.0035619433471644284,-0.018142180855195398,-0.005794259848338763,0.0001796245705603534,0.006082833477195338,0.009097934158427997,0.007739540067292434,0.009980867881801074,5.192721734547355e-07,0.010633773450003152,-0.0026150642907869924,0.0033563004820846894,-0.007750983650067117,0.006694181732231881,0.00225516827272634,-0.001562867313547025,2.5646313682236014e-15
-2.0648994638597213,8.084489296269552,-0.9791860618692386,-0.883139705564997,-0.7662212330024062,-1.563581736627157,-0.006680582532957046,-0.7277664834582237,-0.7579726436305667,-3.5370681649841416,-2.1981503453484414,-0.7720496822617411,-2.7241599143346384,0.7887187964153535,1.6282949778147822,-2.159962047832075,-2.185235542391315,2.0814200280018342,-0.8176279764129175,-0.2950211033962557,3.5089582942188455,-1.5796569252826054,-0.45384448198648375,-1.0039213535001137,-0.8679921169051422,0.15215198264640195,0.15651255040508383,-0.2720163124599145,-0.0889933178924598,1.086494446508575,0.20021893712088046,0.7695745564124616,1.1638950157851513,0.8973608199106196,-1.507311149026511,-2.337612906454304,1.272966095455723,-0.6265866457433716,-1.779478190867985,0.035915463001673885,-0.3928392386446156,-1.8841673479909762,-0.17624505753519465,1.6359564538050615,-0.8535625365807706,-1.2249591420685737,-1.5534190900905287,0.8725830655844314,-0.4949802094324636,-0.4608476772989808,1.974096519756031,0.2376115338014594,-0.6001912884992563,-0.2894891469652643,2.043874945364067,-0.7722589959178182,-1.6012195919596657,-2.2416207571697995,-0.35438772411520364,1.0819091527054128,1.0385657952932918,0.40875725305025246,1.4231419627272275,-1.313442374027721,1.7468196042469109,-2.6220695814727444,0.5763783583533034,-0.9365759912045738,1.3224446867806727,-0.2975367938432749,0.09894506041077478,0.4448968729393484,0.7361301250875961,-1.7632399933311234,0.011811433413514878,-0.034626127354232754,-0.8244131769975185,0.9515657408417959,0.3578333353769249,0.006232841385335296,0.030383437843767763,1.391935970865851,2.0296459961300264,-0.6230409515752378,-0.00994183323368723,0.3796708254269055,-0.26003903792059313,0.26430425978705335,0.16251673369067193,-1.3774231283576517,0.10406624214695917,-0.24017922319932222,0.6910603880142688,-0.295055806897818,-0.3713566961839224,-0.6924584626396568,0.8569017144426087,-0.31540187145740295,1.035808806399398,0.5915382999498878,-0.10003442055496066,-0.576967087173357,0.06477399973931644,0.24747996123873853,-0.9180890488174723,0.07699676041538052,-1.032965158334556,-0.2932791659555553,0.15112391490699864,0.45404448666576924,-0.3418380380695975,0.14368256262973228,0.7356343786040245,-0.5675404949442323,0.13969652263522106,0.29812181829303164,0.5652749064004197,0.03506660281657002,-0.35765857610587654,-0.36567567016055225,0.2574048040393489,0.07487246343479247,-0.9075006543141263,-0.03202330398594911,-0.5921766205103183,-0.13408927316059915,-0.044148579554636594,0.12963611046251405,-0.5837858602589745,0.01879675864995313,-0.05729494383235721,-0.34216308804933576,-0.3332863611270369,0.018567145659459057,-0.00018456950973400166,0.2780108338612454,-0.12193930884483743,0.4234296303702222,-0.11438079566284312,0.423988224766529,0.11705786182264262,-0.14215604380469046,-0.07457997770319764,-0.026666432097836725,-0.1563883230676468,0.23363600982545113,0.07986411986744611,-0.20242966867086853,-0.1981450067684123,-0.18095894530401768,-0.24157721132515966,0.19640752045926216,-0.1979272548955402,-0.024035431598067637,-0.1256568083120483,0.13892136254683352,-0.12048103454263394,0.045914532319084204,-0.015227792292366154,-0.005479630923109978,0.04972834369847023,-0.15998843024386702,0.015100681137860986,-0.07029906749512907,0.018367595537844856,-0.3233251958990639,-0.2298617086601771,-0.08812450065781371,0.16399347025707292,-0.08657266557761999,0.2608269331695257,0.007816262350422962,0.10877842330110914,0.17400500330296814,-0.1516357831354244,0.03421725940566162,0.14000198642157294,0.007297119574374652,-0.06432489223425134,-0.09638600353803696,-0.011747559878044779,0.0838924948720725,0.037814392226317196,-0.04610090036120552,-0.09578401921000457,0.13145875878004895,0.052860931802653076,0.019756623883207633,-0.054510938038658086,-0.05203444414344896,-0.026986866241836726,-0.02946222098487171,0.012418613363430895,-0.114339072148287,-0.004978522382468212,-0.05746849251852659,-0.045921608545223126,0.019633282098358757,0.01571731244510943,2.564631368223589e-15
-0.9789985675020325,2.5822840961710725,4.997412510261003,5.237505672946668,-2.386567110018991,0.9324086360325041,8.724161479210666,1.0628876563915606,-2.1989966851192255,4.960701332052748,0.1626349528095588,-1.1881829468256815,-0.3600068203723198,1.572086752656888,-3.0476671672629276,-1.7181319818923348,0.4449314340063286,3.174222082091308,0.9895202783586141,-0.9092729535231163,1.526024202731972,0.29410637211193413,-1.4583871567787865,-3.3126844227022705,-0.6551293587550494,1.0070948839863914,1.6733475263564686,0.45625945350698294,1.752011513304035,1.3202736629140126,0.3278376942458484,-1.4516211887846793,-1.8014353556960023,-0.7847470935647544,2.662757075122908,-0.3373990797497728,-1.4836291557225532,-0.36613926293754145,0.5446161072657608,1.4770947272809702,1.9471064295424827,-1.0195935548017352,-2.321542712268623,-0.894704800634924,-0.6388910739176774,0.0026358121063890447,-0.7423567942064714,1.1285702487908262,0.20966738777358734,0.49647011866476987,-1.5694175664347032,-0.3506121119133363,-0.03813601257675875,3.1976356291513484,0.23387502999680118,-1.7469772901100984,0.28156412458603114,-1.1423619170182069,-1.1855387319972028,0.40380163354341486,0.29228052751709077,0.3356197930636255,-1.4198585579178815,0.8174450533764129,-0.27436694831308656,0.6363595297371177,0.47263483278768226,0.5402432653547402,0.9769065451611835,0.8248824315756571,1.2790472045264163,1.243787122446604,0.04371788426148338,-0.7263914937204088,-0.2809627379072325,-0.4933793852063384,-0.11911484044568085,-0.26492829861390205,-0.3342256891739111,1.5235273835310439,0.28234034579269907,-0.5455879729627953,0.44598665425218564,-0.07971150617483296,1.0961864499473242,0.2854404283501654,-2.1124298048017347,-0.2965583061472967,-0.14057733582078422,0.2859540799139394,-0.08173579990902839,-0.5917471108195442,0.6346482949075398,0.21181254902088364,0.9585525794985927,-0.5650726854953089,-0.06450956475350546,-0.3481930238495687,-0.21618750207637416,0.2352547201086594,-0.2287435466901076,0.6757159084858596,0.14633350251145757,-0.363940665850629,-0.7832741400518932,-0.5127173502498656,-0.6486892716379488,0.7947217127432316,0.06853120424842289,0.6259868598761589,0.6313308201632968,0.12284831872786837,-0.7683383093373584,-0.36846538367900317,-0.06668772996746301,-0.25831051751692435,0.2513537171960268,0.3831170881637873,0.49451527588366495,-0.8362050132793507,0.43762550395505023,-0.9935961295602538,-0.022562858922997836,-0.2027517978921547,-1.0210727974722402,-0.38312880954789885,-0.29062950817647065,-0.1938867868698358,0.07911979387829528,-0.10399007014950636,-0.1833127606015753,-0.1581664751816528,0.06665915505138668,-0.4910378381594555,0.22314654224255467,-0.012205372181914406,0.10496758872823116,0.03118698627078734,0.13096177659856778,0.007117893638866853,-0.3392857084117972,0.21814550980698022,0.284785258037874,-0.0446620335667579,0.2859739336468175,0.07733950178061594,-0.1483209848453015,0.24952991033506636,0.28449678439714327,0.2760529219389841,0.12309434823535065,-0.028599853884575928,0.02002966213416985,0.048020631057869634,-0.010147913723727971,0.1867953653754546,-0.0021003957743907717,0.06701425752844002,0.15853754223650054,-0.0847376484519017,0.022560717119206736,0.10936157483149357,-0.01140945793657427,-0.10141910413822784,0.08898415405616583,0.21342386490778806,0.24790445656780244,0.10503863219657945,-0.00815441284365273,-0.006228180131593485,-0.07058613717099892,-0.005741659594296662,0.08853158461040074,0.23322729057841363,0.14476649734715252,-0.005435836819133301,0.031522061800161254,-0.0010840554021406107,0.10064281693858894,-0.026040839523770586,-0.08331366592164904,-0.01254920806297339,0.09041866739150858,0.10504935206639744,-0.03375410607277322,0.007213001570236542,0.037060836156035594,-0.010938658916175866,-0.017459241796097043,-0.10938737347218357,-0.010961552715806951,0.050824001414958596,0.08882001884940324,0.08513300025560568,-0.0006523078134940336,-0.029977536564300553,0.01344053743966002,0.008823956412260808,-0.005414335852339018,2.564631368223601e-15
2.804968125393845,1.1244927002009517,-3.35772710797917,-6.1911185591825175,-0.5435823250056531,5.10353849192624,-1.010330889190725,2.833762357640425,-0.08796624045656119,-5.264392145688409,-1.9648747067232673,-0.8371467009203611,0.5054300438956466,2.141140487752688,-2.0866516355845417,1.4868002285163293,2.0188448240964836,2.4655311011853565,1.2704955486694498,0.023576073713704612,3.232795609818352,-0.7921083997517816,0.5889991906939303,3.0852863776669284,2.638867629933061,-1.4496826223347419,2.9519524266954145,-1.0560513865408316,-1.9414842948050897,-1.2777951260876361,-0.9476496193441649,1.057552975533288,-1.4126260049815156,1.3509629954497238,1.2322225095614283,0.2619801345568058,3.1679126761303245,-0.3351761207264205,-0.736721828662306,1.5303341044826135,1.734271347981144,0.5698502464085857,0.2600523414951862,1.6340070253503352,0.8107248155875197,-1.9946158723894525,0.6769118821210767,-0.7383582955364649,0.4273670353333147,1.0884698478597894,1.2072976564490987,-0.9151714878715909,1.9335327624380887,-1.0299625819623166,-0.2201155649651463,-0.6285296656476181,-1.9688990068905914,0.5833702735053972,-0.45534526620039023,-0.5020038866749449,1.5548242003254615,-0.8561960470091707,1.0827011780577989,-0.7403322764899679,-1.3011854738359423,-0.6507770163813987,-0.3820345104526373,0.0016992765815440388,-0.4470238541592814,0.9193553320381821,1.8950474794013001,0.9098192290569815,-0.7579302876421218,0.5762269224229027,-0.01593860536872124,0.7254769626930594,-0.5442124604821239,-0.35277751855743567,0.7235753887209303,2.3305337431556605,1.0019672597722524,0.460316725427725,-0.11547492484290185,0.9392351225202157,0.3587322489569847,0.8342804179944817,0.42222885591109743,0.6564939006293019,1.0592314620359775,0.6439249268079064,0.17640665073738993,0.10239991872244916,-0.23820791252994247,-0.08757924050139189,-0.049292869258713366,-0.10903754826307471,0.11300034465247849,-0.37432352305599736,-0.34515296173883936,-0.6019742781514444,-0.3015385282132185,0.38829085790351947,0.42547657462001515,1.0439877310822119,-0.708393221420535,-0.01891684342922363,-0.44169803068480673,-0.6306137257249809,0.30773372156561685,0.08336164151777067,0.33419529393831243,0.36400390331526555,-0.7239092895077823,0.271390713433736,0.2613325349085648,0.3389693766479598,-0.19380543984153445,-0.3250252046995031,0.4686295903533436,-0.05668521115444346,-0.46040313882370193,0.01455849628536432,0.4636646982716562,1.0573403025519952,0.6697033029188316,0.3855268862276946,-0.050588723477240326,0.12112665647676082,0.10066858348299401,-0.13481163446592953,-0.5336368562188519,-0.40983613673496117,-0.36043941714956035,0.04664362158908914,-0.3563422493435278,-0.19543344415623515,-0.1147288339091311,-0.20391639727148714,-0.1593255691870228,-0.40802960331910154,0.2085314070355807,0.0805160111467897,-0.17290919721773249,-0.33442971057470444,-0.0636976985075136,-0.10569695933324144,-0.35753706098596694,0.05609903483745557,0.21249426400569163,0.22384974861436688,0.0671245409836204,-0.02051075481494171,0.26902776613577123,-0.10489638792165627,0.04547279585859021,0.18483862360732775,0.1825832693853571,0.033207439844605155,0.17481161417889984,-0.27334883209029304,-0.14904783010125303,0.1486463959313642,0.05605198445686545,-0.06693526334339242,0.18298958342668994,0.022185542346758153,0.02877802524646865,-0.02129079501145002,-0.1920500514042584,-0.09675514324889059,0.021718209282794186,-0.07813810631332051,-0.2225655393316551,0.11991246959874552,-0.12691723278024333,-0.11551643564700828,-0.05163398811693446,-0.02076132108679197,0.044261054333741896,0.08003672008979894,0.08210683124012505,0.0034213786072658206,0.05569817792754646,0.04972567391964555,-0.10942272313428801,0.01137150806621761,-0.011919697273090961,-0.03394809971625641,-0.02710696135923328,-0.09339154064425655,0.004653808062839178,-0.03203211077196942,0.04656888738854365,0.07985670046572615,0.035961168244500005,-0.0006170260845153204,-0.0010409112827420436,-0.009023082972040084,0.030981445597924786,2.564631368223588e-15
-2.4672654433040333,-1.3412661154398056,0.20648853431262554,-0.39410359638952075,-0.2556618912386196,-1.9501209966886006,0.1534607315064105,-1.4192138700049157,0.651037665888565,-0.11338096250238905,1.5774074876058837,-0.5518623361218254,1.028700906202118,0.1159192792146783,0.020699923010351624,-0.5779513647270951,-0.7147240405758859,0.20989264572779207,-0.4093719120174867,0.2472656379490435,-0.7527981476371175,0.9997064289854317,-1.5021553921676625,1.1929828690361155,-1.476579111763552,-0.7018772762686525,0.6103768053388761,0.07338216491555943,-1.2910195708761958,-0.7651207406229847,1.013679108028001,0.5289612937751428,-0.2965266166976588,0.15647399608586088,-0.2942843479301346,0.450552349635286,-0.9072463285891812,-0.558155974551501,0.8919462039490692,-0.5564034458703555,-0.43407989229176863,-0.13870055342042353,0.2256299808419131,-0.13525465488886715,0.019458688781017856,0.12548864736355475,-0.493338036343467,0.16287093331725608,-0.6737559796916494,-1.0742424753140891,-0.6577266406973434,0.4279720919131909,-0.20098701081388662,-0.2775948693090013,0.9024861707254604,-0.45164996927145207,0.041676356141225585,-0.40427544561522916,-0.8616049805552277,-0.7690353701686269,-0.1086236887332109,-1.017166444430737,-0.3859522849714801,0.13914464287488293,0.23349408519113393,-0.6673007846601952,1.4298574925355723,-0.2138655083876758,-0.4943150135235955,0.4596692825648158,0.1041711064993214,0.5900832003560861,0.06575609296085072,0.6467156574620707,-0.0197892724363533,-0.6359405266247192,-0.37433985452297847,0.17277945791283345,0.4678443287104312,0.23742156981972648,-0.36475219530706393,0.40216490635242413,-0.7942966894193537,0.5343876630291653,0.6765589325257024,-0.06070132830242514,0.5580770399294911,0.5564298147705435,-0.5181496882283607,1.7139419906888393,-0.4337527448070981,0.7698664740160649,0.35797743659864556,-0.08814211782204663,0.8376110591187916,0.29258244411284084,0.18028816498769135,-0.736321346752257,0.8076883779876604,0.7989863882895502,0.2369319596907928,-0.557401484894161,0.35175412631503666,0.846832675901013,-0.43495801669148276,0.10816151553171455,0.49422305295690344,0.751001922554024,-0.29786672321807717,-0.1415870434886026,1.0926533611924227,-0.9319622065189774,-0.3491436139011587,-0.10257118151251408,0.2309859288036308,-0.9615256709499664,0.19691353914694057,0.6110568536274399,-0.3363865919362404,-0.5887482223068615,0.16311029692887713,-0.1891586498550332,0.3882050162182736,0.8016940345568013,0.027709316449331754,-0.4443776259628754,0.4377832439795209,-0.3221246726759857,-0.12681817796144243,0.6051162898968067,-0.004100251932095989,-0.18843994532621197,-0.36422721787202844,-0.5572710731833351,-0.2881617287748472,-0.05261821515030306,-0.5700001504783513,0.4105516711097824,0.08135430801263509,-0.0042007762973122085,0.023906901334303402,-0.30952318148526015,0.15871828946835206,-0.373826200301204,-0.045592050043610666,0.7971616321656392,0.26042674202826116,-0.12562139765022887,-0.533287523200263,0.4370093942672473,0.008112434417506404,0.12355479194133166,-0.13856521014688047,-0.3857294969686304,-0.2614067842702535,-0.07404604574499013,0.15054798518775114,0.08582381547358689,-0.5428235093771827,-0.24516310702509453,0.1844771313472387,0.2638231822766239,-0.11494018425558779,0.49013465250082416,-0.2424866474749956,-0.12519228764349652,-0.031111535993115516,0.2922556077422858,0.08141395502856186,0.07973456341507346,0.12576460888240748,-0.23290837796418373,0.0679509615319225,-0.2054664877367224,-0.2431505757002933,0.01672630305808797,-0.14781861161825535,-0.07059290755221828,-0.049349842150349175,0.09838247840835893,0.058402361898758186,0.02528647239018026,-0.07541531807666833,-0.05729908104485114,-0.04122063521510438,-0.21561515076927723,0.2522343093716734,0.05367695201042079,-0.08267557879204365,0.024790542611679907,0.04404274075452796,-0.10186116819921182,0.03515761203886634,-0.07313835594240951,0.06364523822956036,-0.004151581086012413,0.17678123963656295,-0.042861539616843365,0.047192915522718724,2.5646313682235777e-15
27.140145101940195,-1.2832517694800842,-3.0696310872443013,8.435415851067354,-3.38522164364677,0.007211788820971846,-1.375428331106189,-1.4707637566126688,-1.010162220805461,2.980428907055681,-3.049416514588188,-3.6520669228051768,2.081013236640554,0.7345660924516569,0.5473359227095194,4.804466832236898,0.3843870463009148,-2.452815415462607,-1.1300414838872765,0.12098395098559667,-1.2526510039349152,-1.0743448672367237,0.2305109005419982,4.07340657358393,1.276608042137248,-2.0264529286232618,-4.371867947971714,-1.8532428230141218,3.173525111324188,3.3929317139896926,-0.6542822905234901,6.092173756014141,-0.22873187131323353,-3.714211982172904,-1.750901176055995,-1.5791996148984713,0.8177762444653301,-1.4393191773526206,2.116808173983328,-0.4780821044598605,2.046387318909564,0.08987415717959721,-1.5187905706671136,-0.9677828815558333,2.279094249522983,0.6034842828419115,0.5669006687525535,0.45366726975967947,1.2717670508845769,1.0598414564266225,-0.5484279029111505,0.48160822201775966,0.9555470136924926,1.4933559163690453,-0.33869254385189773,-0.7476102527238239,-2.2473097575085434,-0.6072240246410184,1.0430888986027351,0.8837175002097135,-2.1534631974703866,0.5709255601900736,-1.2502838737908197,-0.8492767345804786,1.3185622107884156,-1.2594557746055457,-0.3684680157094406,0.8609629420746784,-0.5570424018462163,-0.48246405710639856,0.21775971490068677,0.11042572766835006,-0.5506059919306228,-0.16295330593014154,-0.16214490987024716,-0.029095835225531604,-0.07448257962236524,0.9901060572489687,0.23507304262397635,0.5753765500285548,0.06076677536115945,-0.779421080446777,0.7034300019936769,-0.07496487927055717,0.16392433197911593,0.575546828401896,0.22493538802162577,0.3163100600244274,-0.525565390628576,0.3439511452715432,-0.14845104549289373,-0.6395096441306106,0.7413112084251389,-0.47638749235407557,0.20591595649680414,-0.5136334086215042,0.3770460261173836,-0.6695936190425364,-0.37423441064871354,-0.22912263341263633,0.14261332769129328,0.5201864345690556,0.5594300895038279,-0.06367459371487266,0.13004490996262028,0.2035609493373503,0.018820444515824382,-0.265486879647352,-0.477119938077263,-0.14418721180430574,-0.0912773952152745,-0.05344714821858553,-0.15102650187207237,0.019533098727683225,-0.20402855735556105,-0.11802757039448196,0.00134977220908647,-0.2610092668948174,-0.3226081753068413,0.09224385092148293,0.2976763269573477,0.11286538799673972,-0.132659120256102,-0.06586028535900156,-0.03644103311529602,0.07389707841630921,-0.18320452696114234,0.012667711662799699,-0.037359594072918424,0.11876459916940804,-0.2357980974333016,-0.007779099712838936,-0.14779712710175044,0.016195686486882247,-0.13329487964750175,-0.16677060695034387,0.05717662311671719,-0.0828772098021372,-0.18170276020821394,0.027363602240362703,-0.04758024812727027,-0.018818344543573253,0.027844971731482517,-0.21312081513051656,-0.17792445118581424,0.09911857219908767,0.02552518489518174,-0.041922014997145055,-0.09783991489655795,0.148594169860395,-0.1451171060419225,0.052730468965590055,0.05185489367732511,0.08653661475173997,0.10011090676161798,-0.028671183788355484,0.0835922538479937,-0.05439927351109527,-0.10655462747896893,-0.010873003845436177,0.02250488172157377,-0.04890844194184931,-0.12240151389528334,0.04834921633680747,-0.12815336049687182,-0.02711326896493506,-0.02944589210597855,0.05349644869662476,-0.007705306923041877,0.027520188576937207,0.07471616060749865,0.010508321669050458,-0.02581814146066528,0.003565577200412599,-0.007317616208500139,0.010721872055666284,0.022649761138170292,0.01941350021121793,0.011219137415920807,0.0018740995896966155,0.04456443406569273,0.03641438242213862,0.00155080114730202,0.011601914735995617,-0.010980285100160777,0.03788531947397649,-0.002888262331452065,-0.003932165390636284,0.008169155025963508,0.00023821549382797903,-0.0019360196479645472,0.01801693298692129,-0.025685578943230866,0.006862572081370859,0.003489986545659336,0.0022039916083470908,0.013267036947177733,-0.001509547247386212,0.00531925673611676,2.5646313682235998e-15
2.5298764332828827,7.366680926476976,-4.925681856472357,-0.35104771287887576,-5.073708916264187,0.8807346530085243,-3.5030655500049814,2.774836588211953,0.45294898607048545,3.32434342953864,-2.4514617464235737,3.0619819864504656,0.05348843198078733,-0.4924003899657557,3.8734186088563365,1.7756289639958893,-0.9264814731753314,3.2696551080528256,-0.4828743427896237,1.669330931252748,0.4868400932810139,0.0957993912970646,-1.5346823024487135,1.149649318568528,0.059077228913563935,0.3035930123535292,-1.6963379443106665,1.7902409801814487,-1.6971519183525796,-1.6228865667124972,0.6507860275449135,-1.621890425159283,-0.34102521032379485,-1.2086528075724159,-0.9735598828046131,-1.0603679125739385,0.05285742149254113,-0.4458175770008631,-1.3368413630695413,-1.1322753441067221,0.8019186007871888,-0.29834702255298445,2.126327472499137,0.4958997024060939,-0.4299730032692496,-1.863507136625752,-0.35698141324198324,0.594820922961631,-0.3876924274979308,0.52482283431256,-1.0705177478743462,-1.3589590488399024,1.4000801467887922,-1.0219508146607839,-0.06640693852155952,-0.08996397374991504,0.82149124454887,0.3483348976333831,-0.520378544331979,0.07619133287728556,0.06518747173695427,0.2685994084139124,-0.1131540935260425,-0.13033712608078865,-0.4764635377741271,-0.41319488191293996,1.178065657816518,0.8397149763130883,0.8634478274964668,-0.073234914629191,-0.5556184507248635,-1.3410737267592299,-2.052667570869714,-0.5293690278534786,-1.3234027646166726,-0.807592595596074,-0.7187871496403483,-0.31901680709936936,0.04779942339469764,-0.4412809010738992,-0.3608789559527162,0.19207031359216958,-0.6775586380818855,0.6844447429515101,0.8024415186034503,1.4083945419013417,-0.33203003393464686,-0.17774354742971638,0.4554758187431175,0.27381577096664406,0.0439681149891381,-0.8732082794723638,1.2274227490004246,0.33733604441929177,1.3874113480819708,-0.3348401338114111,0.17213281377972126,1.3508544935388542,0.15734580787152022,-1.3211383834005546,-0.20740572521604012,0.1417104862484175,-0.9104391877293504,-0.42680384748674244,-0.8549826444740081,-0.3122555990842662,0.9641534955131241,-1.0717859066951212,-0.4122151684792477,-0.8402815984624719,0.7047590181311726,-0.6556490343145018,0.9980843653804409,-0.5098056550900436,-0.04948290357909165,0.30597176599895476,0.045592804530866324,0.09859471187993912,0.23100047258787343,0.4292034997143274,0.22500909946522157,0.3365150927785943,-0.18779941963698898,-0.644705045174527,-0.028528278531570472,-0.033415099353954286,0.10138010479951882,0.27505981577166383,0.12529945071583148,0.32867675712122535,0.05670766610383383,-0.15825225727761263,-0.2365389659772809,-0.052160480841286425,-0.011287641444639215,-0.5047542531612923,-0.15980664606147094,-0.06719950938160546,-0.015753423644960178,-0.0884121172251559,0.09719510232162556,0.46952724043863325,-0.20183872990929363,-0.3954000888086508,0.32753922884649356,0.0027951342827972213,0.006506774818378793,0.6582669740816072,0.023835206992149565,0.44736416973916765,0.2326205411938662,-0.056236952121763,-0.538474333853351,0.053893092494160154,-0.15471733829841922,-0.08283329268640158,-0.2879122690007258,0.18697068407355497,-0.2683142844406313,-0.0849262008086005,0.17406162117168436,-0.16227361701576057,0.09731907970398414,0.09662458075049918,0.03229848533030574,-0.039046216104109056,0.21896281298172046,0.16598138542457175,0.13421959794155888,-0.19149667541091353,-0.0002364200498560322,-0.08167871317188972,-0.10288913298781673,-0.03760005991908843,0.1986736871131188,-0.1501654696868835,0.08088750305629523,-0.0266630921889124,-0.027812267910586247,-0.020627619347399654,0.010992485224585806,0.05235895186043513,-0.006713855933674553,-0.05298129406099128,0.18491695810569525,0.048146478482892996,-0.005698987810993837,0.011510335149491105,0.007652742999336769,0.016674856003634626,-0.007004204405471734,0.11271914634563138,0.07891766385422232,0.02984697114600792,0.040118236592500314,-0.02853056571398729,-0.016769760032076322,0.001074898091469158,-0.01169743821186948,2.5646313682236045e-15
-0.35541503012930126,1.5266238612388447,3.4801579862379834,-0.6250260688058037,2.5188977503033017,-0.5681698753814692,-0.21818423582207372,-4.618376218892848,-1.4989443513077105,0.2606105315337216,-2.4097318760252247,1.396442794875505,1.0955738303229023,-0.018736866774039077,2.043383180256993,0.9640687956117773,-2.823777219399963,0.7938302156160011,-2.5309010746906964,2.3449134901488766,-2.3769654073422477,-1.2990424973421648,-0.1434621943607363,-0.43788504333120615,-0.8612343070692252,-1.7427554715617284,-0.039257604510797725,2.21599440233627,-0.43789693284964126,-1.859915008074276,-0.7100905684160167,-1.5521148249085361,-1.0662275391978728,1.4107210994123671,1.3988500063298088,-1.6704650872830014,0.5226587201713201,1.6420177413390404,3.3847407917850263,-0.8353110295614159,0.44120858031452526,-0.7708007903588059,0.7100694598964857,-0.39491638475300345,-1.9688565559532585,1.653538278595025,0.1167574495212855,-0.983629106926907,1.2443924511431739,1.327816787673831,0.5232797084994438,1.4595070765895635,-1.0603284813352414,-0.19880201174630385,-0.10161753083678854,-0.21226137844610032,0.5819748713367564,0.5402229617673351,1.137920253762425,0.3423186663015198,1.3167725619166273,-0.2817427481523554,1.3166338481463757,0.13763421399990097,1.3837738640589006,-0.8442432427156081,-0.17559920346632338,1.193249915658127,0.4843585891904148,0.13878162646307107,0.8567127767313808,0.24409066836530394,-1.2964619900261714,0.32657917181077106,-0.17831718303261682,0.6924224282953522,1.0191117253553952,-0.863223005271786,1.3958502237584638,0.9947096418480107,0.2167083544438686,-0.8379921080190903,0.7155417827140261,0.38375164226788633,0.04423641057099498,0.4051997609416557,-0.6181715247385936,0.19061333750569517,0.24990353885675917,0.24723858681392188,0.5161646194462846,0.027860436288430424,-0.9118431394508575,0.5487394299657781,-0.8250410840643899,0.04509479176135656,0.30028564701436483,-1.4992372968275518,-0.3520822893836716,0.11084229001592216,0.6173860608128822,-0.6440634631033272,-0.4696302857689068,-0.23750574100610378,-0.5763817582480211,0.01798908372541957,0.06524591819673001,0.24837831295896662,-0.39740788726350545,-0.40573438183602284,0.4567270843244092,-0.6117318359940817,0.20987143938519587,-0.0256633297391586,-0.690372774095734,0.027399745067052398,-0.25660660187423856,-0.23701967479029148,0.38557222099437094,-0.43002315210577774,0.09431118664120114,0.6085084598275702,-0.33858168672175337,-0.4056582976708456,0.07992384462504491,-0.28601529355014627,-0.37333517397848565,-0.3653044180524602,-0.2243701998820454,-0.5239756777542092,-0.04630818437777264,0.4232734604119357,-0.2979772042224009,0.5430566038135759,-0.14463012181992674,-0.16011193103458687,0.08945725669640242,0.28407294491524615,-0.1899318010446301,-0.5571706853327515,-0.7314307328459085,-0.030290656499298428,0.2665713228200348,-0.5038128184981945,-0.15802278260699681,0.061879303979025975,0.128734917190244,0.0774408080794911,-0.2901662889648815,0.0002555099426443678,-0.3728215245079684,0.4007020067414926,0.48703843925654394,-0.04317110636385962,0.38108841125800647,0.007226682898820792,0.14500223426675687,0.043060824620901404,0.4460625417350396,-0.19435201827496773,0.13936920710636644,-0.18828185329062289,0.25932952369654133,0.33993403403242817,0.15635260036177773,0.05804946834371141,0.04846864655444659,0.0158363088985379,0.1930189492681801,0.14453705317037774,-0.12361617584418003,-0.11719775648517818,-0.04799900506930431,-0.22445172372624245,0.15232380431890094,0.2663992460921086,0.1777609482023675,0.0859048347613063,0.002286433164319029,0.019694875736067468,-0.07905068123930202,0.04348514545919387,-0.09019640533473065,-0.02917935181587243,-0.048140392275728194,-0.051509593152958305,-0.07102645375909275,-0.07902987333074897,-0.02275212976644438,0.00817257895854006,-0.0011552892739140745,0.04794654607638854,0.053011053516839095,-0.013078156678863324,-0.028125821919588782,-0.04710620616123852,-0.046476564901128975,-0.07946437445049696,0.02809764313826142,2.56463136822359e-15
2.486622854829281,-0.12988932159141242,2.944601695280454,3.1154161145853045,-2.181408465756136,-0.593869148408902,7.185934869832552,-2.9412670611698886,-2.9453469150990896,0.8538212692115007,0.6782628852916583,3.521138808634858,2.8358092853847845,-0.6876032956983907,-0.034972883670164295,2.991230179179531,-1.2838795021957985,0.6667177522255736,-1.4552595484107285,4.84061380536736,-1.7637636468251021,0.008005081233179216,-0.7208456576985686,1.1667503577965224,1.8589247735452707,0.4256681564638573,1.2192396455136842,-1.2039352976760185,2.2156518767315583,-0.1638092935864268,-1.7520774050053163,0.057106726963038826,-0.6204649476598796,0.7062226304244903,-0.6945360277982942,1.0778464958629785,0.4840512222953611,1.4487348831392912,-3.216434677208619,-1.5439532635816602,-2.511852621481866,-0.6119006925091862,0.08829946542586246,0.23355898791421284,1.392895135081295,-1.9029745706506649,0.9358593825065722,2.2665025527410143,1.328427084157655,-1.079543788628423,-1.187828976269972,-1.5514643860369361,-0.769622016339186,-0.9563606895099924,0.4152861525855333,-0.6307878047848198,-0.25358911960343417,0.2620854539386118,-2.0642818922600155,-0.11235758507449271,-0.6873033154396803,-0.6677265000984521,0.517615805596876,1.2439002771901289,-0.13824382876362173,0.5042964099674248,0.37732346899165053,-0.576962071005033,-1.1537950921701488,0.8034539405020698,1.090726841910158,-1.6385758707788767,-0.10544266635394306,0.7696672309517463,0.86057101577458,0.4923180618094957,0.2595928588121167,1.1066361832443659,0.007026981132342611,-0.3280133365446851,0.47187467818603973,-0.4184847302489391,0.7144798424769395,-1.1236136848314004,-0.5428844606698455,-0.2704403341295467,0.40550486903814664,-1.1695594007324999,0.6433578363536262,-0.13544921248538452,0.27205655449636573,0.6209664519480408,-0.9977874702198012,0.28015192658028176,-0.6765879690989254,0.11214276096371995,0.9106189474922727,0.3737501472898073,0.10736760565357485,0.5444286395477114,-0.15585893059842829,0.15386721028725087,1.235715065328397,0.08293877976643566,0.2607019930481582,-1.1230670341049982,0.16516063710444331,0.3661244157399932,0.13575308579560894,-0.1102790512395873,0.39437663100684034,-0.7125568541667844,0.3638053493128131,-0.38746218222986806,0.7669470156938025,-0.1361716903057167,-0.19445518850302257,0.21575428019540238,0.21771047471520863,-0.4291579090170135,-0.4244219198867643,0.4662124964124019,-0.3353496916822237,-0.1661315946456799,-0.12171952829658418,-0.06689301191447213,-0.5209421616318937,0.376261337381675,0.4281422207139913,-0.3788089124914791,-0.11609524363797913,0.1779687716328377,-0.41365522789018977,-0.3320082395129338,-0.3448997526886958,-0.4778631538509388,0.09705092624608572,0.04862895132157058,-0.14616959748685115,0.12487572304236377,-0.007995089255938845,0.13735196201817346,0.12289870226285585,-0.3374221295000992,0.199525647139842,-0.10956834434187533,-0.20264403616722446,-0.12008202893559233,0.23970734312938938,0.140925645318189,0.2114683694295921,0.33501475474322917,-0.21993607525392805,0.1621876708719929,0.057561369165510586,0.09415286882834746,0.1702961683688583,-0.2543161822551818,0.061819722530323244,0.011514607176396333,0.15760275672785673,-0.013682085446230426,0.017886835696736797,-0.06326238975196909,-0.140942581470443,-0.058131035154270774,0.06123247640751573,-0.012212560615016953,-0.1482992188817624,0.21052074779601035,-0.036106234704147505,-0.03327139938581666,-0.004244642705358808,0.13978695411210587,-0.02918505092204765,0.12846339369845036,0.06971646822871426,-0.24487023027076932,-0.10663057607805188,-0.043845453116298144,-0.1966416809794962,0.03951615503293169,0.04931268970795279,-0.1822147956916171,-0.027074696930291277,0.09253333666578246,-0.10166805681285004,-0.028523572665874176,-0.038959843378732095,-0.0541647850466772,-0.10510964230030284,-0.09213150744711679,-0.06729128954902522,-0.026666781000505638,0.051368787813279145,-0.03389856765003896,0.025984441110280535,-0.00026807706871346995,-0.02018691688984985,2.5646313682235943e-15
0.5363635088540396,-4.7530281749792715,-0.5618349805363404,-0.3826626120485344,-2.6890858379641918,3.353390262101516,4.388527341954936,0.0012623650822012654,-1.3987628189169405,2.5388210648501803,2.190807748955554,2.4281688327533684,-1.3809641432080841,0.6964330749192986,1.2564014373636878,-0.9249398767556709,-0.8184044417078489,-0.8424105158179244,-1.2445606910028206,1.170479639066053,-1.930624868376595,-0.9715497239325025,0.8342319984905976,-1.8569434424652655,-0.13468091222135922,0.7712313274387043,-1.7352203184281736,-0.43819633551001175,-2.17143724722715,0.8776273276029428,0.018858939668347445,1.2007337589254907,1.2313671769531258,0.664333127600895,1.300630542738937,1.1287180053277612,-0.3732653176811392,-0.7490492410031833,2.0958008946245408,0.060465797317023735,0.5544258799661377,1.5389205749065993,1.3654189833249968,-1.9761236603524566,-1.1212880515235426,0.4956782374056823,-1.2911203901931825,0.9928848111294861,0.3960277810190317,-0.21641562458236746,1.6103295921324303,-1.575389733317043,-0.31335379642541106,-0.5226315235975194,0.5049959027211995,0.7306622875608983,-0.5293733033850335,-0.9721779923593734,0.06379751748961851,0.3406195976520408,0.501624898751959,-0.7486209612309608,0.8083642517047734,-1.0401662921335286,0.475400877133529,-0.33000978368857165,-0.6733377133913464,1.2257618258167717,-0.05288469297301245,0.3039454844518692,0.5410323163723053,0.153933605921171,1.0902333716303303,0.27559517221422974,0.04832608942210378,0.3441878613523993,-0.7150405254487104,-0.44724323034262786,-0.2975893798988319,0.5545531967646147,-0.6298082749481572,-1.4153361783989398,-0.3841452946817703,-0.10514372122902035,0.31376717193822273,-0.3006256805450674,-0.7774162720868847,-0.1283396062771047,0.09862270060919606,-0.7866254204509074,0.17867204827094219,0.14594866426428746,0.7373434242731107,0.8618427757715671,0.6196145143894444,-0.935078412011775,0.14798310841428305,-0.9905638936212277,0.17492379089136034,-0.23908029612274445,-0.8382620706105547,-0.8283064511655405,0.4650733991819228,0.7745193408010181,-0.22368346214401458,0.035795395321810114,-1.0202051709728381,-0.8815859294138824,0.8090216678012694,-0.25867731637605357,-0.13928250027185834,0.04610105785921738,0.16268993671086932,0.24541260983546082,-0.610258659839801,-0.39509688242320556,0.2207721122514461,-1.6325833891963115,0.15744184021231933,-1.023967099615049,-0.6627863409601071,-0.1210042375762306,-0.0812882515622529,-0.16638704745717217,0.8481827909860219,-0.2230626554211738,0.06929883459862576,0.8006277276575932,0.6500649312257456,-0.4186867196908614,0.4612342552160115,-0.09923256001155363,-0.21562790687941044,-0.3010657004359228,-0.09795198614886035,0.5539747773742906,-0.1356664094083462,-0.045463256443815867,-0.3335269869514388,-0.041648062388180404,0.46528192640337634,-0.17922610169298234,-0.12016974478042455,-0.3274891228379963,0.33056243513282535,0.0542170266081049,-0.014259054569546941,0.1475664615727577,0.2826386242424922,-0.3057849493785648,0.17961666410456062,-0.48418967853584327,-0.11575701201731145,-0.25813108763951126,-0.03072625163618005,0.1068602245052505,0.033148455215834,-0.1736012432711088,-0.28589104561289524,-0.07056572671078523,0.06069655624063268,0.09189014057164842,0.10511497824617765,0.06991946500212885,0.011785827010718952,-0.126070378660201,0.3560286004992201,0.17997547821367038,0.08705738417317194,-0.02747602093426848,-0.031294090532644196,-0.038254094082428705,-0.05337812796014229,-0.032758322441813814,0.2266000526156721,0.10926279806699743,-0.020845404576011597,0.04901174998096933,-0.15066785324156723,0.007698451469456135,0.03932752204147351,-0.006128048356846732,0.011169910851873872,0.010317371765726611,0.08342413887806152,0.00293790029859476,0.003522940247748857,-0.0026969749069918943,0.17305146752794656,0.045632498799806846,-0.049123773392619516,-0.02898946317468251,-0.11543157982414226,-0.08789975515475064,0.061891006672966084,0.12622232514896492,0.037626125715334795,0.07090652418745887,-0.014643805216728025,2.564631368223598e-15
-2.9236909731253458,-2.6775805937724333,0.6164891194469053,0.10882851546584862,2.5802197832264535,-2.0164305907463302,-0.6116954277466798,-1.4239648160943057,2.848271807004862,1.8621192394744397,-1.1057584614184264,-0.8950543020696897,0.5625443310142652,-1.321908427456784,-1.606758443289389,-1.283997026013185,0.46653332853032387,0.8041498129228323,0.03506928339941344,-0.15084347825292413,1.0005880139901837,1.0556424314391601,0.5917850907445195,-1.046835993360371,2.2509546848227258,0.1537326661089612,-0.8626677506008475,0.28415357255287355,0.3901538080353332,-1.6389568200911417,1.0191248274785443,-0.4799520661462795,-0.6862660604541287,-0.1683477694311447,0.48302283405993035,-0.6904504567036911,1.6768263617454855,-1.951036497901237,0.27621310798708293,0.6197607101903388,-1.6286358377637589,0.884685338639779,1.1451572304724735,0.0258473075981911,-1.146690539194151,0.18886898399466429,-0.22328897221705263,-1.5462750569537518,1.7494253743506443,-0.8820009354392977,-2.152592595912846,-0.07660106393067209,-0.27880173589076984,0.444542951034693,-0.042219064844293094,0.8649530100000823,-0.515115518159326,-0.7266858591672756,0.8148055600345573,1.5616788119903267,1.086869452688302,-1.1813005287752103,0.5356561131147244,-0.972587744287418,0.5760384144997319,-0.4532265206340618,0.33902381675599885,-0.5260030202672629,-1.7450051121268155,-0.6852219153779197,1.6388039043130171,-1.0182870259298265,0.08154100642235397,0.37286566860917947,-0.5738953477761426,1.3452934663278024,-0.34614078853679375,-0.6412283482057463,0.6926324604187653,0.22326086702538311,0.2960815131293146,-1.507756638725123,0.7903830071634893,-0.6043926154841133,1.9449030984853826,-1.292554058697234,2.7707032361595316,0.9844026680278122,-0.4063386544053018,-0.6336344591561979,-0.7895260129253915,0.11390949102352657,1.929283334011653,-0.5503101787711264,2.315088966131724,1.7603863065694274,0.3833675265479457,0.7634630492602025,-1.1772500727993152,0.7163499483559318,0.21717081173875297,-0.22389987591202726,-0.2555304914282356,-0.9307119413714466,-0.3068064176804862,0.13967833085271933,-0.5467941001491486,1.0205966526161407,0.007461104532475581,-0.25638490814820664,-1.1906116345561886,0.08722054911865587,1.328721681115835,0.2902595286540499,0.6544041318971706,-0.40099681333597725,-0.03662233330837164,0.14432120949930966,0.5432503369050695,-0.40336394361825084,-0.08888443051249813,0.0825397251135477,-0.7184156373988582,0.37965010371379876,-0.06466742604300157,0.4086462519058841,0.04417437314312408,0.022244464265671435,0.33095815962602393,-0.0532835785474871,-0.14991153044171945,-0.015385345438855716,0.6428879814433833,-0.058406476207147666,-0.2087389516825711,-0.3658861846996548,-0.20240638948081732,0.21341072413571077,-0.1098050863270246,0.05005079200342275,-0.16102851245197433,0.48433557770358177,0.2990504196009912,0.0441592451805479,0.006796120540863797,-0.06755374825196614,-0.2696733272519186,-0.09304990926517342,0.005261418831438111,0.05915391367881371,-0.11204381958691903,-0.07949772827715007,0.1257876210931973,0.07950403795160103,0.01751237974059882,0.21949249819130914,-0.0927336915711766,-0.05948480661343892,0.056477545548057013,0.027819676110808902,-0.02461217095207967,0.15664138575459524,-0.08495154173918826,-0.017693091194159006,0.17700749002206187,-0.002244628145932465,0.006116616608106153,0.15913921547485269,0.06715855915935613,0.061722858308652644,0.0894441108174217,0.057916751288056935,0.03045615593032532,0.04717656801810837,0.06885846550693367,-0.04007420722227744,-0.06720315780850494,0.010647452665232805,-0.005079985287881134,0.01975866817033086,0.024343770216175228,0.018555968667443985,0.035860101830075646,-0.035459205268679427,0.028320125712913983,-0.0198024521189401,0.018387666244920345,-0.009688862572195991,-0.0005254227061532341,-0.011331100168782474,0.005214461678705473,0.008571512889510656,-0.023702345007865493,0.012790323770277019,-0.004838427961410599,0.0071364742552965845,-0.01417724029705277,-0.01602289048280229,-0.012560059024472723,2.5646313682236033e-15
2.5345795802942015,-2.7516611733565477,0.3633657952457533,-1.3421003662274638,0.15906026432087597,-5.034974425511833,1.7377306018245047,4.114752616035647,0.5618137127442674,-0.4173178822490098,-0.8432505543872347,2.164402011651809,-2.6736978304520704,-0.36328954445750566,2.416281959367399,1.9131351982796252,-0.03659426984147965,-1.740620288188906,0.505641735174654,0.521190868094662,0.2808943792492918,-0.017343942083092048,-0.5709443179489357,0.4818542001913491,0.48732341836841236,0.1647982912235191,-0.5292630132319661,0.6959355313292144,0.44625187638445385,-0.22530373994017333,1.5991301606613217,-0.8297529463113074,-1.0237285924242348,-0.8661062430565544,-0.23840197224088322,1.6291672792563714,1.0001134360454669,-0.9381936890386531,1.0248456780316846,-2.123429890181406,-0.3266740534260596,-0.571296525363557,-0.2503630707273093,-0.27186246222500315,0.47622441202303084,-0.5965619403664256,-0.6626538951875397,-1.1654844201974852,-1.688867919102546,-0.09459694744956258,1.806119174022962,0.2987741341374077,0.014370282286943124,0.7912290962897747,1.6856562439554788,0.4201946953383688,-0.42682839888154367,0.09353953104710397,0.24105640737427117,-0.4212834312249677,0.1342581143453826,-1.026956754752509,-0.9240218830616521,-0.27613891686138065,0.420463215398513,-1.0134714569132377,0.6706233154449679,0.6382458093757736,0.9596341425039355,0.9388394082235617,-0.4710512535846192,-0.07505537559951225,0.6975600723640365,-0.8085828061919915,-0.10092862895028946,1.1740203453532605,0.11257337719281293,0.16296706647597917,0.3699937395704752,-0.7331877939624797,1.228527537958526,-0.22263729549950317,0.21155855276656618,0.32650535223002347,-0.14375454526316497,-0.22334207542686496,0.030704631809438682,-0.6720948677510681,0.20985225700653368,0.6235172960345209,-0.2163256317564721,-0.08689789049998516,-0.7472967192651909,0.687680502004967,-0.2829925443936174,0.766976224273249,0.2730199421046537,-0.0185555237203906,0.12147026792026401,-0.17732458695618375,-0.06334356926016757,1.1823763908281915,-1.1853549572115236,1.3202877729963682,-0.4148399504002636,-0.4881366741335309,-0.020320346141126457,0.5261173783057929,1.5252091924060467,0.1400476382928543,-0.3827144381881985,-0.5681966343742826,-0.44754328606222865,-0.5992451601976303,-0.0957285303157534,-0.21391627314066025,0.7406158936755197,0.14432472244496805,0.7359770413612755,0.547446069791475,0.8517818849500551,-0.3353797547652324,0.0755707085865888,-0.4712650128429225,0.2868956450950821,0.037389699906147995,-0.18895826497180904,0.16800092792153412,0.19871009282301477,-0.07330355713074668,-0.2795240655110045,0.04606444041610644,0.3493169847053196,0.46443989739150326,0.5863509290209836,0.04518405052746612,0.3711825402186109,-0.019129951568759664,-0.06664613656203372,0.017907025521114988,0.014898249314080353,0.3836660652713118,0.6539552114487279,-0.14977941501950282,-0.2668166265610118,0.3866331272534468,-0.2512893113710844,-0.5696259056711399,0.3474650497061036,0.3396768867242126,0.3156779566367321,-0.028429986176238868,0.8977790411761065,-0.2865806171009569,-0.458098816949717,-0.03367294478082149,-0.2772576801136798,-0.02660419742513068,-0.0965946759110531,0.10365595518393418,0.05959262936995625,0.06900529723414682,-0.49145118772137947,-0.11418928862969396,0.11439750767757911,0.25504128834006273,-0.11032951239753143,0.17332732527135608,0.23151792936511664,0.1846972112208164,0.27830289344390785,0.019161464297878322,-0.20570960753579898,-0.12873952467079586,-0.01906309499242935,-0.1485324788477694,0.047444299605775675,-0.06354272423293517,-0.04314546755501815,0.08750795303390828,-0.030146138825694817,-0.09795731820023054,0.1080112852903225,-0.06609179388609385,0.13925088503397207,0.07718126577201427,-0.1291055277959755,0.03309451619919885,0.07959349712760919,0.04034063808072275,-0.0877582713546517,-0.10835506049481111,0.036620175762930154,0.0015016948058495713,-0.016297864252328254,0.03525195387610929,0.006923696957991833,-0.017764247962918117,-0.011735346241277264,2.5646313682236018e-15
-0.7312784573268921,-2.208867692325153,-0.2833930427028379,-0.9432691144791421,-1.1778356320566683,-2.690498454407607,2.8156578404353523,3.3452850987521687,-1.2435912664252642,-4.084513053321893,-0.3035009792871414,1.341276724799466,2.6944837277212743,1.1004509650313121,0.597900251260905,-1.9495140962373594,-0.753202813609532,-0.4388365432202406,-0.4188968645998594,1.4873064316268019,-0.10594256380906962,-2.5852724958534736,0.7746378765661762,0.9490206891171938,0.04062010323863486,-1.0996866697030616,0.3606689659037555,-0.5703492546529676,0.6957007385352957,-0.6906194711419518,-2.9650065768446976,0.3357790252685556,-0.844320235567092,0.9624859222694618,1.1368612580414208,-2.232192143764938,-0.6923360789892828,0.23910524749134243,-1.156055251891071,-0.3996574924151126,0.47560129234675474,1.9674025085109241,-0.10383011701882562,-0.742915893074514,0.14253045302733056,3.802967384002677,1.3016655906797134,-0.3050383743629539,-0.5333151573152856,-0.48408183975053826,1.276047475909511,0.2892808553433826,1.7411144231029672,0.22889600002692254,0.33913085036977075,0.3923712963792726,-0.08772721778666824,0.09730121520118132,0.13121515699598088,-0.03802139152382865,-0.7388508332648699,0.9213860886370532,-0.20433065536381592,-0.5302688012301984,-0.14227668280706826,2.8742792861829587,0.22387403217414906,0.6006946611168511,1.2678711145927286,0.3782450517737238,-0.504335404985165,1.2413308973762986,0.4359977483868058,1.3468502960097017,0.11929049462687961,0.3372854244204251,-0.33005404285580087,0.9333166678756625,0.7693309932814357,0.013279332980301883,0.8012790919613826,0.742136309540203,-1.255691048203853,-0.2932704932206146,-0.215101504368627,0.9674000346968168,0.377256576282024,1.0093605737042712,-0.5197765885579373,-0.21493500435994137,0.2459778441591571,-0.16422366867129654,-0.1968049624747262,0.0860546466592678,1.1494211035688982,-0.5732095414115964,-0.08065760751552883,0.4685487712944562,1.0855376546785407,0.5192026361945009,0.2891253432519009,0.4338289383134915,-0.07337496802465228,-0.5498992794411969,0.13605390943424822,-0.15957597167178203,0.49421695322958853,1.047590942265931,-0.3629603948081554,0.08113862207152522,-0.21290992546901005,-0.3332767624898643,0.5768624689788006,-0.2056417441902229,-0.6430668730853932,0.45890847235651505,0.8138626753481948,-0.30238267792782775,-0.4510090119565802,-0.4141974101748177,-0.4646081245558812,0.9936774304531062,-0.4312237533177044,0.03870330280555267,-0.7813157949217598,0.28819486788385085,0.09703960593379415,0.47336675898321023,-0.31217512646208356,-0.2694298107385782,-0.3311067198557057,-0.14319519307055412,0.1918246903875569,0.06508730302563871,-0.0754996109765571,0.019248205669651148,0.19325806546000207,0.14683462130256295,-0.4723072323994813,-0.2737353486025319,0.013823534734549562,0.14683301967782658,-0.4865837164271103,0.18938794399323197,-0.03958631254590922,0.019161923978700396,0.07184764440200941,-0.22797391578643322,0.2587282082472887,0.051001811418575425,0.21353258593291485,0.22113451868839892,0.10841002074271215,-0.21557169684578684,0.0372990750801856,-0.06102054052909248,-0.16340237787609255,0.16685309434073686,-0.08279188634171167,-0.0013819380256323665,0.530917338765021,0.2186974967246327,0.06291393142124242,0.2218654509634791,0.19110896886003179,0.10352492937044605,-0.04857153950303579,0.18497797308517225,0.1869542284016415,0.1624864464543647,0.12994958933418368,-0.08898631730121266,0.16612237920999892,0.2686800458586193,-0.04747838485491679,-0.18512385403621798,-0.10634170486775153,-0.10186653503639392,-0.09846154993727459,-0.017309315461231593,0.16774366650274722,-0.12200077003507086,-0.015149218780237266,0.05124862414460399,0.13853828546669575,-0.05072861204343649,0.06525278663513225,-0.02164994895990008,-0.03748670344693769,-0.1831324080110863,-0.007536100779906666,-0.004290212967793115,-0.06587709804331654,0.025322850908496036,0.005044199047404414,0.07255774407752034,-0.08069158775999431,-0.01857522052170821,-0.047896874529230436,2.5646313682236148e-15
-1.9332087585185218,-1.3984699176699746,-1.9918640326866572,-1.7473728267740543,0.16808735632669314,-1.6939596506517796,-1.2595348251057177,-1.353035783530434,0.01547064743179642,-0.5056328736804919,-3.3154559591402375,-0.22590762339096027,0.002121901369479793,1.9351676517267657,-1.0715113724224992,1.137990974537941,-0.45428006139769833,-0.01356698980888779,-1.9429113117222736,-1.2006980754457597,1.8488293268835003,1.5056294341180942,0.783787047677839,-1.0890811341099886,1.680138084302281,-1.3480544674607096,1.8376515730941376,0.405410179039072,-1.3348226464264332,0.029128527170251092,0.25769192941561425,0.7922205507837534,-2.324777548704585,-0.4854517395920038,0.4957456563571137,-0.936597968044441,0.595359119014725,-1.2856307938512077,-0.054418679075727214,-1.6622989940209891,-0.6104033061484746,-1.3138868155952168,0.36528376410086194,-1.0661696164124173,0.6829670647411317,0.854808289019077,0.48283604611013387,-2.296153152626443,0.9118288373324628,0.6430375532576837,-0.6890222952843991,1.0331290305469105,-1.6009187060983965,1.0655991101924451,0.8946071260332314,0.6379986684593006,1.7145477113486942,-0.5706169158316435,-0.9190459064334062,-0.40770800548515684,-0.6399887527008957,-0.2255749769844264,0.81611918610229,1.7569454754182667,0.36876175386660975,0.00870717102151585,0.29882332411143453,-0.007268723526779247,-1.6446586593276709,0.5932486723889682,-0.5300047834010776,-0.4185157745831387,-0.4533937052072398,-1.2766686602774426,1.1403033772593432,0.12676711404471258,0.06600915078034687,0.74228080708289,-0.18284078415400892,-1.4936343235779044,-0.5233044114886001,-0.8793056382229381,-0.5514357083491213,-1.2615891949274376,0.3821266400710152,1.0163373309855699,-1.5074069908749153,0.4821113737003258,0.5306725580079884,0.009765105648620228,1.2036464866277699,0.05504937012376387,0.5814903938851751,0.5210651730229121,0.04928572853541292,0.08394780339419462,-0.10548576037257576,0.25274978056364084,0.43939332829550465,-0.6069632843968765,-0.18921117326014505,-0.2334592070913647,-0.36979258835654877,0.240779351385806,-0.6336114960361134,0.06887214495054646,0.3442828899437598,-1.1378401513724004,-0.2828311143673463,0.904471894806963,0.12697770320557217,-0.5264412436738413,-0.1612871508372192,-0.1435156821933479,-0.16877320186683786,-0.5310283905659219,-0.08399470922228791,-0.3663618056517685,-0.0954029209976453,-0.7435156760162325,0.5915762393118004,0.6893849660193264,-0.40243410525331647,0.9502178289982504,-0.7192251215189542,-0.056393849261783854,0.3162134524644564,-0.08911851334406914,0.43331015409170853,0.2586475865168635,0.320103596350352,-0.4272908731847264,0.30671331294061027,0.42307035046971425,-0.15716224964378164,0.029983731473237185,0.40717364219023927,0.11969896344295074,0.09254993593222538,0.056923175555673375,0.4443228822237447,0.29829759503016096,-0.4358706126678574,0.1858281137707105,0.3611741049734631,-0.05776782788561712,0.21767916947613292,-0.48733509055897367,0.2551375068098667,0.15540751720207133,0.029451277013785682,0.3474900450741607,0.40087147650732174,0.4770627518460762,0.1744869436026556,-0.1700165017774106,0.5400147544450354,0.1251956799678364,0.309650727628139,-0.013424187620490233,-0.18554872868314598,0.25527433799843313,-0.026668984068955303,-0.08165201741714136,0.030719452427997503,-0.273213066436926,-0.23513251030563231,-0.24887782062830607,-0.182610605516933,-0.1077226716194559,-0.016670356738880492,-0.040569807253378935,-0.1203283945387655,0.11325500450193966,0.06260130525694692,-0.1998837514023902,-0.026437797458970066,-0.0041617632273112035,-0.18936077423428044,0.09003887351670348,-0.021587785223536302,0.0028078344279002026,-0.04466876146612137,0.05821911658654132,-0.01006207759253695,-0.2070813931566845,-0.0568415245883216,0.11372164221072069,0.07700654797875438,0.08591367445292644,-0.001365475884249123,0.07290995597400933,-0.0277490115250434,-0.015578887654182907,0.01693857798378856,0.05182997112604986,0.045534431718464115,0.061275907575548884,-0.011922827500931816,2.5646313682236026e-15
-3.1751250325713847,9.726136991775862,-3.9100054607939354,-1.259144962163971,-1.0857637220365337,0.103062881899027,-0.2782462840464087,0.0754194605736299,-0.4089667759632369,2.021206923334752,0.003933798125219228,1.2763639252765535,1.4214366092123472,-0.9655052975824014,-0.3841897005722904,-0.4990647792269764,0.5704985164335449,-1.4795116709303628,1.3089159663363326,0.392817745744911,0.5974841380590482,1.2636794729996967,-0.35257236720539836,1.736441785037132,-1.0924490213103286,1.4766879326446938,-1.4109310408368687,0.6094675379223944,0.7277164269750253,-0.707301719498576,-0.38214148925398916,1.1725718910957137,0.3119665478981174,-0.4204861716265829,2.035467854257844,-0.9284299479566116,-1.9733816325808646,0.22143682096508863,1.4191524360737473,-0.359600783866955,0.14676811564414805,-0.9995867936411,-1.8408692806442228,-1.6687650268669922,-0.5839486396704975,-0.4521376405973394,1.372472411335903,-0.4357981205386775,0.6846872653588647,-0.15421888936659048,0.2064413434417727,0.4042182198186423,-0.08062443798553047,0.7531305317750232,-1.4403225686844037,0.4404103562368651,-0.7077276971132868,0.3210693951808734,0.08818606455301257,-0.11999665547007776,0.7042450138730473,0.7038798389308922,-0.38002433759823956,1.4885732000311245,0.32272665098908754,-0.3447576605582271,1.1686318298106768,-1.201912499175788,0.7606177049884216,-0.9104733055558278,-0.04211543984723788,-1.2832671891284366,1.103525005551849,0.6058498729424856,0.23823670177114808,0.6979472209960275,-0.43349351502655303,0.3106671937461103,0.4554750551182317,1.4633672702553162,-1.5598657810203755,0.6761499708188116,-0.07926287553781104,-1.0675642010538224,1.2179022031036462,0.4507475363108586,0.8119749927406181,0.33492149522214154,0.5624548233616262,-0.22484442124697934,-0.5023259113850405,0.25786094950514954,-1.0179930094854572,-0.1772741154536487,0.24396331236107632,0.9646634337109158,-0.8246547401307648,1.158235487965047,1.0400516276165497,0.3844961271842932,-0.9794155699922819,1.055828541920411,0.2693595149713901,1.624204838013867,-0.20764972259814152,0.34011325113163704,0.18972893742724525,-0.01542903607589197,0.70864798266318,0.9258618214889,-0.48607280576946715,0.6722118944639245,-0.5056792416148174,-1.1080937729468856,0.1746850198240038,-0.6816398155576409,-0.9792413015244261,-0.2292947290539596,0.5732117830159628,0.06928411017368401,0.09002821597597026,0.7173123902772667,0.140932143001973,-0.4053338985683718,0.5762456095605893,-0.38860569241200443,0.432211120211013,0.0014638970445983487,-0.12850534710489495,0.22757840625174902,0.09242852983148603,-0.22539453059645262,-0.31085302330875847,0.5174762956727024,0.4269958305814118,-0.40852202669438303,-0.16885854270932776,0.12344127385766437,-0.3474475187615788,-0.16152780550239745,-0.046317262233022786,0.2096259246766408,-0.23391878071114133,0.036068784803222745,-0.12211723842509654,-0.20624352982390914,0.012069755301318026,0.31095711324083747,-0.005920747532140649,-0.2939279654408435,-0.30778003173469204,-0.23277180360327474,-0.3995581109929323,0.27347372762847816,-0.03142994805902169,-0.06384008069040349,0.25821592313276037,-0.10005070923576194,0.09674351758535892,0.276023687357636,0.19926201228457807,0.29540826873680237,0.21906955101154013,0.09267639003176,0.22356591848497348,-0.02509490650413054,-0.06286210370928276,-0.09401843789925995,0.5053637073171944,-0.018255895871052932,-0.20208480545360144,0.059573953112981505,0.0032286062914820947,-0.21958372403482462,-0.1297194047091931,-0.036865181599937576,0.06991286909658072,0.06471403917401691,-0.08993322749677052,-0.07596566326083,-0.14775024885846155,-0.009334725697518675,0.0077770646798837545,0.13156979191883555,-0.05600670892546125,-0.0041692438819603975,-0.015293304461901377,0.010593091852041612,-0.06555999410833947,-0.09235692936930923,-0.08505792534082554,0.0014447578997041851,0.007389865248250837,-0.034999027023712014,0.04135561172710702,0.04762205408923875,-0.00426217384742658,0.01160975995966262,0.03609527256591266,2.5646313682235738e-15
-1.456924008879891,0.8580398950232271,-2.717877846412991,-3.2002118393118604,0.280719017324974,-1.9926256027622107,-2.152201244531405,-0.8084327255744499,0.083197105740228,0.247567352952684,-1.5566000415169234,0.05804569039901768,0.477573159450236,2.3194739709558125,-1.788741083868096,0.12984001880587903,-0.9557951434209572,0.6056524389780905,-1.1996502037968653,-0.7288253519813148,-1.5743924174653718,-0.808794708642633,1.0900942341189404,-0.03714789603086731,0.01023889405615743,1.091260431807552,0.025816287488479053,-0.26020943362117704,1.3736336746896565,0.3952430487650519,-0.1229474235329029,-1.4685425467611881,0.12904539283034025,2.0099125195099656,1.3233975572663172,0.9738805771509875,-0.8614087049699556,1.1051164242652334,-0.6806414874740332,1.2297145688599334,-0.3924142297474998,0.9801280593154311,0.027800602022143135,-1.0229280295544583,0.5900418717886896,1.128372272288148,0.5692496538318645,-0.4661724456813563,0.8590037593540789,1.1338273524402296,-1.936867975374953,-0.5862282057405452,-1.398774341488722,-0.7180555117930222,-0.8926953364830725,0.1678668120198609,-0.4462109718441401,0.24461530680306998,1.3179027271555577,0.05493047287255633,0.17642567631590783,0.3730986442456367,-0.9243667087045193,-0.21536534654882555,-0.6677629380841463,-0.5272740262268826,0.05383251322875064,0.23620017280302555,-0.4190312659704231,-1.2059228399128397,-0.5089863309252485,1.7277344415593512,0.6601306182770952,-1.7638960972840938,-0.27085751859913026,0.16666566488866796,0.03684396152267388,1.3682803890284736,-0.07818155500394695,0.005095834884669931,0.332436008858101,-0.7803094941286077,-0.9192567430963057,-0.7121929874191657,-0.07226884205266308,2.176891873986912,0.026505651192412223,0.6320414886679315,-0.0216554011082719,-0.382486304274269,-0.4971164697710201,0.5855549805207686,0.11541297359253407,0.4661696558185873,-0.17220222198917656,0.07840454941570803,0.029522322605954603,0.2073489760322284,-0.10196753341890795,-1.1470110822912098,0.16367124526998103,-0.9688896545473324,0.9938706620495239,0.05059536518519307,-0.4336355130932443,-0.7704500592705843,-0.5925659760534041,-0.05617040499325497,0.20055537036541274,-0.4994985706547552,-0.14277424477293718,0.5143336763062416,0.1255356297222649,0.04263601676542442,0.7133160830720062,-0.14395938418930845,-0.56514383017761,-0.08762311042972933,0.583682339052401,-0.4605289521117642,0.38036985815170055,1.024179523284057,0.6635487594302504,-0.28391133787518585,0.010823261693463008,-0.3700516179820971,0.20830671860230132,-0.6018051444515051,0.16115285145517605,0.07723871498602868,-0.32454971908497837,-0.5523536935494728,-0.3672432744157286,-0.7259092536650967,-0.10541373514412046,0.5623906725891027,0.2737252832830305,-0.2840488874472093,0.5130919069310566,0.36129790235626313,-0.16968621329555872,-0.40458410188588995,0.6252723893484248,0.14064294221034102,-0.4628281109790899,0.059213734341881985,0.012347187623537526,0.26925995574084505,-0.3754570753783898,0.5932933302918292,-0.008241578907988911,-0.20625488744780773,0.19492441551089018,-0.05763095204232465,-0.3005772744577667,-0.22144236341781928,-0.2760621480457232,0.12772017265956634,-0.29040235152856186,0.26599963833582013,0.21453824545917463,0.15928188609405058,-0.04989541376552801,0.0671608496246285,0.25554916242915043,-0.013198023752099471,-0.1647839861417312,0.14136149474823997,-0.19531906773592703,0.1048813063161403,-0.1236783584632615,0.04164709124703226,0.10503581591660101,-0.06895916442707395,-0.1767793558169986,-0.08285622475212484,-0.005565224241402046,0.05891640310599777,-0.04553240490679525,0.10816984122328678,0.09068947224451405,-0.017142396589977148,-0.14463896819442074,-0.0877654915594915,0.011996963429282803,0.224767374419735,-0.2251749844675221,0.119466894846103,0.09193504698625042,-0.06541173400381639,0.05834971377198237,-0.03340852891910197,0.028921754455777167,-0.090448786895901,0.04172149370577286,-0.0722287953080578,-0.053185870062033666,-0.00040998064270450594,-0.025850062204866575,2.5646313682236045e-15
0.3564598218833099,1.4553278040216628,3.926001051435164,3.1004977062221823,2.397216151157212,-2.271455900459104,-1.198579582312814,-5.7549053305898275,0.5779126273519772,0.3112145149615109,-2.639028798985748,1.571547082710606,-2.0035751540889657,1.235155774096012,-0.5927486543151758,0.6298583355899426,0.36999433631525985,0.21363593317207014,2.0107248200178662,0.8915319908272529,3.1717073943387444,-0.35392956747530985,1.8275655123630365,0.6047622305604986,-0.8946317078555158,1.8926920831548486,0.02536558538434982,2.358702327983509,-0.49589614345910976,0.5216365938159077,-0.8572404866147609,1.8476026376702979,-0.8935309008942861,0.15678158847431045,-0.1261400943799734,1.1489275475620364,0.9418660438255351,-1.231115301156616,0.6334889270103905,0.32611129721343773,1.3136284225241524,-1.2648548927891983,-3.2233736198997267,-0.36464715581972174,-0.02052336772788086,-1.1349400164474037,-1.5230025525893822,0.33741268677480635,-0.39555526034533234,-0.41472823702616024,-0.4699212967775557,-1.231254416105246,0.7570282194292324,0.6914090655028229,-0.09322111931293098,0.2622514219404729,1.5880856853187368,-1.3831612874157642,-0.6252203409939678,-0.10239351023571854,1.413616887687398,1.7224121481010246,0.5397349849442907,-1.1398745849413625,0.15676242894844492,1.179973890649446,-0.6203273971923166,1.0725374450185632,0.29496171554640344,1.6995409148036351,-0.1905376106035527,-1.359360413958506,-0.11020631907170875,0.5276554469503795,-0.1689260180604754,-0.5127983415179407,0.16569120686693387,-1.1277911069301783,1.7870035599379344,-1.1222246643395077,0.42389243679769617,0.354460438343439,0.6393984260761606,-0.9236413322642703,-0.41185069535593444,0.33667747391635133,0.6542441120899927,0.5811205510330353,-1.3354578817666531,0.4006532021679415,-0.6718047564517553,0.11257632794373168,0.02379893352098348,-1.0552736772469606,-1.1609222051951278,0.23492474532641003,0.7157174653561841,0.06954654044829395,0.6100059081340843,0.28192630913194966,0.259090593312042,-0.380255610466123,-0.8344058878244973,0.09802750341944685,0.05846786866672926,-0.3433880254050696,0.16618379826781784,-0.024323123021098708,0.39696569287339456,0.13114736261894575,-0.38595326226452065,-0.2606589432391465,-0.4486798584844267,0.4792516631603521,0.18070402831055915,-0.0791017902230082,-0.2508200259531927,0.36940173780975677,-0.2761877286471869,0.09605232419341869,-0.27123300966045005,0.17786340451581814,0.5444619792046352,0.09344447900328451,0.9700313898258888,0.11209202430301674,0.578869880819572,0.27769180491613876,0.7725203410117875,-0.682462178806832,-0.3083878672986331,-0.23461557805517583,0.24836690262326513,-0.14879012299296668,-0.021784198266187313,0.021969944840617674,0.38593357359629166,-0.2697210694813574,0.3952167997387966,0.22389637711034047,0.18440939772070034,-0.6582097704952721,0.1204986653777947,0.20572467645932913,0.022745584160816595,-0.18691659500221827,-0.20560330785647932,0.35744901690172887,-0.0007979468556493423,0.6966512824386849,0.1585438271799886,0.06803895474026235,-0.2261931593332421,0.03229648679719543,0.08118448890043305,-0.2777579537921109,0.05284744319726388,0.18260031714693092,0.10753477310097598,-0.4195303234644167,-0.11204363293852665,-0.21161597407543165,0.06594577792360518,0.039716035935775974,0.07765804398855171,-0.075350349644501,0.06004968226200269,0.15818924230853065,-0.010888664725572969,0.25180874893448046,0.036513694553929624,0.18523009011513378,0.32197117877222614,0.00012435370597394148,0.004073312066827119,-0.009601873217459672,0.1333163038590968,-0.0010062822926875275,-0.059262121427965414,-0.13276154631935175,-0.030991066092220375,0.033428795491273575,-0.25656408559696486,0.07059818874172494,0.10063426438754339,-0.15270890248381486,0.016430633142607107,0.05168564803061188,0.025328593698966208,-0.04033567022981797,-0.034195631560874115,0.03249990669938741,-0.04718832751316356,-0.03409363080592169,0.04940788072766423,0.04253557505203896,-0.06198355892937054,-0.013673554280009744,0.00460349809742209,2.5646313682236037e-15
4.5903685652388155,-2.627661557802215,2.85953134698476,-5.020619411783981,2.1377702008031894,3.4850728046556965,1.731989286786134,-0.08560583771725151,0.27036290738342084,1.1448663911058168,-2.2612416091733576,-1.7868809421313054,-3.3645661284857713,0.8795605965178501,-0.9750339378009805,0.12406998604060263,-2.435176106693382,-0.8959653459831974,0.3472934381252057,-2.2402540141801053,2.2537684999141856,-1.2985607729203243,-0.4703715539435431,0.5478236019429974,2.7136463371725172,2.0730766049125333,-1.6733143923364786,-0.8254529654517734,0.9424877573867604,-0.26965250011378405,-2.3381748839342187,0.19435680113778975,0.8528897425151463,-1.9899278698825147,-0.3524148922376287,0.6024811336567232,-2.4395444526333914,-2.1987677030663773,0.34522971573839434,-1.7763747136802464,-2.7131363473153924,-1.3880014256953361,0.6380955730333736,0.3417525252185228,-0.2690612560819341,-1.8875349431136377,-0.2603389218175039,-0.32023359284680053,-1.315007670330696,-0.6217116496564302,2.163181425468454,-0.14024141634013454,-1.370456293006526,-0.8094057225704523,-0.20967896739656686,0.6450595409863176,1.2662028730537682,0.5036654509125479,0.41468684266251876,0.3313839047918672,-0.5406460250683334,0.9917700850557464,-0.061851470363351146,0.7390257319632986,-0.1602427433641743,0.9109969090361121,0.33172830960818506,-0.3992206486025071,-0.5647237683825548,-1.1746944913205994,0.2000572004267608,0.6231667103154845,-0.8483049200326183,0.5132019401139589,-0.3007841133649984,-0.44947472186608417,-0.5166186167620939,-0.28313375173332317,-0.4224507308627949,1.5913200040261282,0.33246862501527724,0.6013781835873174,-0.9776171807249477,-1.7500384561598659,0.5363232618203682,-0.04560729667059535,0.0325434321150296,0.14800645034857593,-0.701410281863158,-0.510196787868818,0.6858104000773978,0.15651607548119614,-0.5474174052514482,-0.36948755633702246,0.6940421474922681,-0.8009506804190724,-0.5941372684891043,0.44064424714039907,0.2890814238412281,-0.01056459686818076,0.4410039400717625,-1.1272388417929158,-0.3206160336163985,-0.1696870589097323,-0.3079739936079211,-0.2704880830397518,-0.12016407318241046,-0.10248724342237037,-0.20857135088903203,0.22314321756545816,0.23942267399013656,0.3253032636947313,0.2031121865492533,0.9999491767160493,-0.00827528038644395,-0.48001098039215057,0.43791947518314717,0.4988135034256455,-0.006261282413975086,-0.35702317277544815,1.1651316378278478,-0.6373387607015603,0.7884354238914956,-0.007849752278851154,0.15088191484284783,0.2473080431093519,-0.6173055069704751,0.2758495651217871,0.02050441671833525,-0.34363105532016297,0.29591487753953505,0.46102017624413516,-0.18584764239466434,0.5518390210116826,-0.5911334440410185,-0.23697400655714695,-0.2737509033518603,-0.08086728173544817,0.45673354693767665,-0.13357785745768974,-0.12163398024617675,-0.2689137337460219,-0.4297875974970159,-0.23197313230052058,0.10549104721217134,0.1965073668773888,0.009649734341710129,0.014062478721668489,0.4614037509733373,0.14181545951403324,-0.3290968054053472,0.30438377400211647,0.25773930388361926,0.3346223590784795,0.208473140612299,0.20916519537744904,-0.1850174797179029,-0.10031334184071128,-0.2495195594420568,0.008072424915385358,-0.0450757080845631,-0.1211129224695578,-0.15944210358143862,0.10354918966728763,0.025543247627085843,0.03870172895063916,0.27964103045976996,0.09382768296300918,0.17033417210178176,0.08211317467240781,-0.08215481698801544,-0.13084556631546068,0.2016416089141759,-0.1692219264475111,-0.17896883244731096,-0.10820206480814841,0.04420802964697612,-0.09240123646155653,-0.13572423780880452,0.07151082301023323,0.03590119249846051,-0.057388054297649635,-0.057171471787422934,-0.08022883539493685,-0.05550405586828431,0.12913846396936873,-0.1256013997096733,-0.12805017910115493,0.02994576999104934,-0.07660228056803257,0.08250106097568333,-0.03631493590700508,-0.025823214734310776,0.07838903096624296,-0.009471368019161224,0.025357704139294918,-0.02052314055031547,-0.0056434240090404925,0.051021086922666534,2.564631368223588e-15
2.488737627689291,-0.23538764849690605,0.7092678589260535,3.2800754142921256,-2.5838412608984083,0.7689812786961262,-3.71831477782628,0.7968493011424707,1.0068615270912942,1.6531007001473799,4.496817910430004,1.5593614019980166,-1.3936377495416432,-1.2375921264887026,-0.3302312003299948,0.34576332355830147,1.4937622906683323,2.9092683801824695,-1.35361640679471,-0.05440462122588201,1.1696749073648585,2.277713492364882,-1.6260587146092438,0.832316521714766,-3.082260175564079,1.549874926822212,-1.2856974089576865,0.0024154423466710455,0.5610287102100475,-0.981924476030866,-1.2205399341992536,0.6921029406760961,-1.4476101453919734,2.0378680235009665,1.738986392866361,-1.0226917256780994,-2.4127763631875236,-2.0601113903579935,0.07355667278117946,0.7616429533758934,0.22311889851613484,-0.08153871504906425,0.09977126157683493,1.7431868351202762,-0.35136726462026163,0.21103163369348438,1.991771861564158,-0.010776297680719537,0.3051597521999996,0.15374608388980904,2.437616531095816,-2.0561968504867205,-1.0126688426042563,1.8699956113533678,0.44573482570849443,-0.31676262408696526,-0.7031566227121772,1.4925589231963448,0.06472210262472984,-1.0900899782075049,0.43288063901049456,-0.5625507438663974,0.9002874150427153,-1.3430373530001523,0.6700300756387192,0.18029263200891377,-0.55217143427583,1.299017231944472,0.07226123639105168,-0.9617575091288577,-0.1463861660539816,1.3000981643068612,-1.6782635743818044,0.5379631622097081,0.30993153115381283,-0.19680542132972942,-0.47737242005621056,-0.5620527674925092,-1.2253826342873924,-1.0407233382767387,-0.15864149589781512,0.6242477042728445,0.6952466153869588,1.0203911586427803,0.43051888585315506,-0.5789388254067579,0.7958979056009673,-1.3006327410124958,-1.2426311713538851,0.6316435634366543,-0.23280750259473482,0.44493759622695794,0.11237786003137959,0.08641118106338493,-1.1906335960970593,0.3542527810822293,0.7227515397730013,-0.012569996069074897,-0.1511318935119286,-0.1762047293365219,0.6096932828503863,-0.2927887063383847,0.3397944951962722,0.011483965477144848,0.17612106400039457,-0.93088369404702,1.203833846643429,-0.28937632987612477,-0.6001726920966388,1.0335829800688765,-0.311978847143988,0.07815565855740576,0.6136526622216647,0.4817441877667876,0.11360847981577035,-0.6583186526723591,0.43453803981248534,0.03402792682716125,-0.517106761963238,-0.6589390995752485,-0.1265163808135725,-0.14643725429744175,-0.1186269094594184,-0.18447270053827194,0.006433651425176745,-0.6711807286691174,0.3855074893481651,0.08372790243781181,0.273872692966641,0.13548729608302804,-0.5369228692993989,-0.2493662622214122,-0.053026399187100615,0.27374626888559395,0.261173449962361,0.3733891262991199,-0.3473217706133136,-0.325714845593639,0.0538905961343418,-0.03730843144641077,-0.2776652369771365,0.7912373377127941,0.08135733520411947,-0.43738179156742757,0.17307461242592873,-0.06384567452574459,-0.22882894205451892,0.11407351158481224,-0.316525022394734,0.07842928739677138,-0.11183933649476721,-0.05610613068811098,0.032351585170697965,0.25841104902756323,0.13192416792748476,-0.31190765779567026,-0.07632102912882817,-0.05502287687911097,0.507591530083846,0.46798611536200585,0.047203282726088744,-0.024613633103398654,-0.1358334242720644,-0.13808477215764267,0.15234630885178668,-0.1174935172142704,-0.15108921670009465,0.0693606573299539,-0.131405930241164,0.1627389081408787,0.11179389145791001,-0.054563697007147194,-0.10728974303312419,-0.007213367787194375,-0.1457061944372294,-0.03757256850983345,-0.1354797592372535,-0.06512333722914522,-0.09955645507325676,0.03277070853078179,0.12517920796153273,-0.0547602806436959,0.007100058479455128,0.04826437343927396,-0.11424972419312067,0.06855973689382036,-0.023796993948340624,-0.04127506812900004,0.05608342919293877,-0.035420168737744506,-0.0003458321530584468,0.029745165721145647,-0.05043712365709296,-0.003967264834417572,0.011272837923004592,0.024357789702219444,0.01523782656076209,0.04872215963205956,0.006584904378647355,2.5646313682236026e-15
1.773837363842516,-2.322534212608757,-0.9469754999380076,-3.8215720375075763,0.18894746684374303,-4.595737093926478,5.208078707326935,4.3930158189294,-0.5299070851772802,-1.682080563390049,0.04616575814417983,0.5629389484819314,0.3997994730535239,3.0487537721700453,-0.8888971362401501,-0.11575263020573064,0.8516616629237133,-0.9518575998966828,-1.248533722944469,-1.2686493802314736,-2.2686711067999927,0.3456695264718297,-0.6731249510576958,-0.17766450209843251,-1.0995083334347098,0.6650481141915002,-0.9366123331142318,-1.3065560049859208,0.5620000482307574,-0.08162390357193411,-1.8290768448643406,0.6739146484553323,-2.0664345203843024,0.42339484088040846,0.13635007417835723,1.0376944525328315,1.219254030004767,0.9332734618159138,1.8631967259423872,1.482320263362976,-1.9033224063147731,-1.7266480436026,1.6295853838772016,0.5172444348006481,-0.826226047022881,0.9318255121583627,-0.5410606456482931,0.8035450113585847,0.6375291172797897,-0.9026205756954744,-1.4578784944864287,0.12711749328878327,0.25215419673195555,0.43624957735428527,-0.7832407001793197,-1.4375612625408323,1.5517746331878626,-0.2610055970880153,1.960470302913023,-0.15601273696706186,-0.5529781203140641,-1.3893218426830758,1.367003520850745,0.6160084560987753,-0.7079675931816174,-0.9943139432145052,-1.1480103270238047,-0.7481472626379251,0.32791315319108694,0.8723132665440245,-1.2243669600178806,-1.837341651096059,0.02051375298951005,1.7841458683883937,0.26861036150892703,0.577029300262996,-1.0887207267751837,-0.2685805806612044,-0.6745520017164894,-0.04619298087006023,-0.6383019143751693,0.6644448836399947,0.32149730405969085,0.9624925024017155,-0.09333879391279552,0.8700981661669671,0.3408500073512457,0.6110712249278583,-0.11175235803285835,0.8631248800997022,-1.5108091486871504,0.043440434163318505,-0.09502809213491428,-0.5009677831589031,0.7841304011303835,-0.7522400291800386,1.1255013818943538,-0.4112166701101181,0.11018850030600714,0.21834271384006043,1.15058138550201,-0.05271496250192732,-0.9590400486257095,0.09466017402487921,-0.3604929231159719,-0.9916305951285602,0.6451140354129293,0.018273464052825077,-0.8408053530011361,-1.3331090382302913,-0.6574779233797516,1.1643409009023684,-0.353551704189818,-0.18362555178671014,0.07260648907499057,0.5717852090951614,0.03863620463474029,-0.5387091337834489,0.05197364968180476,0.09419313301771391,0.6920205349368661,-0.048878313309114116,0.3882208655416738,-0.2505659724321289,-0.7338249808796314,0.009715737769422916,0.33845641163591084,0.3642566528868361,0.3716600359079657,0.1365071179104739,0.10687292616359233,-0.2786432791310727,0.05330029403564807,0.08181598179257303,0.28294822697648625,0.14628814723263903,-0.02194962662431527,-0.4784375465727661,0.5015349396140352,0.49495496060216576,0.11280955889527301,-0.13607183149147128,-0.08482091541260076,-0.21627514014626262,-0.3144597983864371,0.06691113644058069,0.0561530201064186,-0.17506597101271537,0.43646573231118413,-0.34902057489360006,0.1816691525808882,0.055044823842496725,0.052186927821403044,0.17595900989311494,-0.13892904838077622,0.2750430389177512,0.24196064877911475,0.2765369502831325,0.07343941806235217,-0.09610350541926106,-0.03037226843687582,-0.023971349746194675,0.30930022141749375,-0.15626196869088743,-0.16738009537613252,-0.17009179232692986,-0.033726014498997994,0.024848674800395508,0.038608273239508446,-0.020686669936881213,0.05681378473540907,-0.033404321199722684,-0.09879595768991614,-0.12468067167011894,-0.09181792885750074,0.14522180619804834,0.16371573908873124,-0.05398447211814475,-0.06824981592860228,-0.1295618972424179,0.015184627398056545,-0.0352429298795064,0.047515213386112094,0.08813256053388699,-0.06772582980332534,0.03332416416690638,0.025076937699555414,0.019069262272829002,0.054536430805919064,-0.10970043131898131,-0.03545793622139773,-0.007607246247491391,0.059738585856616226,0.00944887602629027,-0.02430539066648744,-0.021662849592384705,0.01452232330344166,0.0627926799591797,0.04669867552378529,2.5646313682235832e-15
-5.044945652914324,10.810181350872265,0.496175134907699,1.33684310250568,2.8421512980912276,1.3624807811881543,3.1630048374264863,-1.2833580273126304,2.200426120416697,-3.763321283132709,4.465768568942611,-4.216470176669707,2.285152398146596,-1.4557211337449874,1.4734668714157535,5.950893008178786,1.3240135547755754,-3.3591033757087994,-1.945225024391792,1.388147054297231,2.1664811581675223,0.8031599099591147,1.654238604840876,-0.5535367479220848,2.045275269474102,1.8531480411303842,-2.4801409168112873,-1.053973667860221,0.425080008019723,0.7152013883462753,2.1288096422293243,-0.5028792291939944,-3.921047866692309,-0.5694492934533614,-0.5346541311579404,0.6193906072040645,-0.34776547301137095,0.08951701483052746,-0.8744666934524774,0.06837764238827636,0.7243941934751998,-0.4612522885829304,-0.4489623766964193,0.7567833876518896,-1.8530873658564013,1.0273525421558498,3.2070124850901855,-0.3914047234791224,0.3062004098276213,-0.7593887940476308,-0.3593043026959701,-1.7154871947269752,-1.387071871739019,1.2462405691809864,0.3465493130489886,1.8063029357295417,2.4699330187953352,1.2372251863715849,-0.14003852031502106,1.706941178046101,-1.1461238616507012,1.191027486142833,1.7327513428779628,0.20162873131565529,-1.7835961985675515,-1.9367869288932087,1.1765068747190706,-0.20554469021317842,0.2426314878352335,1.882634056033852,-0.7904224572695643,0.921760263890228,0.4755093569347681,0.7870076030435902,-0.10061592112538752,0.1706405200233681,-0.644733082658546,-0.17279122621117138,0.6122424289083807,-0.5975611053476828,1.0635152995209751,0.21036564207626118,-1.4611514072368745,0.1341708343655846,0.19784619714588347,-0.4625061695605295,-0.8752016164388129,-0.4752560573196933,0.2457837680453154,-0.729144124806441,-0.2182104808339067,-1.0814884219844387,0.5088081842034206,-0.3481519895677593,-0.03665300147056215,-0.15546312177917943,0.16365805472387882,0.008102641506434574,0.2342402454554765,-0.355088776314525,0.04135001841709531,-0.6960700731022162,0.36226527313249673,0.14119599176856276,-0.47663782726105836,-0.1581916007251538,-0.0998715549794569,-0.15481458427031444,0.8533157174573128,0.094733843051797,-0.24505582733319328,1.082876607655604,0.19523085028185597,0.22408792613992934,0.05194102232531455,0.25732403608378973,0.26309620785496174,0.20109819628725542,0.0754713504709566,0.07097529384839169,-0.4593102246749674,-0.3609143768710004,-0.19713580647019371,0.03767590215868482,-0.050694222581146337,0.02864194387873992,0.012750826687598882,-0.4768003552459748,-0.38846076844326033,-0.1474172941091952,-0.38171917586620496,-0.1647627504049843,-0.16290542602782307,-0.3971500507656894,-0.3016887709043681,-0.0393367282447869,-0.15393994359848842,0.14737158711461798,-0.13638785203778409,-0.6112928955979878,0.04736549510464462,-0.2902870232993931,0.43864886747284704,-0.1620475104169643,-0.12890306050637437,0.12112574865382664,0.23133505177766048,0.10726152125017531,0.009792055541788905,-0.15734645334084255,0.0244187722844259,-0.0857438786035772,-0.02625526086853621,0.05111594904700358,-0.15199173001068136,-0.15722343965844662,-0.04041766331205925,-0.04255134163297085,0.025979717026939252,-0.15355448903211794,0.08612341675528276,-0.005522481127077965,-0.1958279900372986,0.11060415706298225,0.004444963426353359,-0.015836940133278233,-0.10010205365415466,-0.05903087364509173,0.07757179831296644,-0.1569262620807008,-0.019152158250918743,-0.05446732969000843,-0.0051138265723965435,-0.08234088132343816,0.0687564031792137,0.12309226600081492,0.014963923060977517,0.051508748325152856,-0.005833243070635491,-0.11115288505193396,0.0502248952694825,-0.0028160697662388237,-0.004308698412467652,-0.024373584586234398,0.0017546837680751022,-0.021556036904939742,0.06274827935867608,-0.08667579878314904,-0.025507780157314027,0.009698958091493693,-0.01109872428401234,0.0286917420602672,-0.025967913480722773,0.007118870155919063,-0.027827305045093082,0.024676992469176234,-0.008300726745389432,-0.011695477361532557,-0.0069254357315371474,2.5646313682236037e-15
-0.32616347593760653,2.4775004887476,6.030493931385979,-0.7064328622510027,3.2018461628090957,-0.7224293822846607,0.24877883713478524,-2.4696660537560726,-1.0269803076289812,-1.815888667425941,-2.2065685345269994,1.736886534742729,-1.3869771203505448,-1.877482981747952,1.1298686887702112,-1.6322973664556994,-1.7384157085251215,-0.9243073188826786,0.3483908604913895,-1.372164089629514,-1.8740491254055855,0.4887870880189391,-1.3960593915716204,-0.9620985468496899,0.13015998149940253,-0.6912678931878193,1.0500177485199604,0.07238298092045024,0.7570044338382799,-1.6658830954680368,0.39487200092061236,1.1920010915119792,0.0029985376086773957,0.31176085642205653,-0.07667965240839503,-0.7893256917012532,1.0172097184844486,0.7860064825867705,-0.3968431256647103,-0.6723760252923766,-1.4558310123978735,-0.08826164663895368,-0.5010589869178026,2.405701571954902,-1.580375980316899,0.4167775695816623,0.4960562190425899,0.5409886826965763,0.5601929907760057,-0.12856067236044283,0.9511725380362442,-0.41275666331858574,-0.9993561435511049,0.7366171662753325,-0.5900677219719072,-0.9009703064652814,-1.1753492084951622,0.517257520583898,0.10703753520666774,-0.17565977386573556,-0.03246406334125445,0.3383831999460141,-1.5722416928131193,-0.44097312213686174,0.5321444434703243,-1.0136792060670718,0.2604365671093351,-0.7103854660762606,-0.8842793610948897,-0.6237864718203042,-0.5238501814181316,-0.9239042979251962,0.6982500859658369,0.45494679249910347,-0.5318334633007186,0.33770299133907666,-0.47928489119820616,0.257987957989754,0.9955585872890514,0.017909560466806564,0.153457499896009,0.6972623562688254,0.5231930168591321,0.4942060892430576,-0.8328032102114746,0.42589341509158846,-0.4314874176495099,-0.28462217791577077,-0.07979484775155887,-0.21144954551837708,-0.4019838199223718,-0.5027074355986455,0.013933778087067741,-0.31608312077200357,0.01256124223064298,0.15349450142362603,-0.5609421239164558,0.018085777391528956,-0.25595506346247887,-0.7624028106735675,-0.1277272409679575,-0.13794831913838013,1.171450168431435,-0.28077539814254815,0.1386735826306298,0.00015374505522544179,0.6156257737420535,0.1184923641488946,0.4537327172415166,-0.17380309458987137,0.6658239791480159,0.6576050589018078,-0.4531196923041677,-0.12961164941827472,-0.44083090334293723,-0.3109383328245535,0.0026088871751754885,-0.18638810512109472,-0.06566132051501423,-0.025110301867742588,0.40365324376432105,0.008039074632865953,-1.153036260318637,-0.26218727303678036,0.20835860084759783,-0.3332659742397766,-0.42980462428433247,0.30500689036070916,1.0751719056018754,-0.19383665840464717,0.2055282979234739,-0.6698206770492038,-0.7613766019554766,-0.44331894395424865,-0.10783639861013013,0.2807507369919844,-0.4871601959547577,0.31252803886133046,-0.20621236419357375,0.1439897876876695,0.100919272095467,0.05916550590656884,0.10117712731442535,0.15065876257276153,-0.19377914532067347,-0.6534555550802669,-0.05818124505778736,0.3374233852355844,0.15496531599739452,-0.4479242722819044,-0.012134287680017852,0.1256692085345647,0.17907042657984973,0.5443657193154753,-0.0694549532306134,-0.3443692690286765,0.07107079198371746,0.15431654165037112,-0.1908625844078438,-0.3147047370301709,0.20244678395936952,-0.13896016021062646,-0.26965856741814354,-0.3011310287093309,-0.04745292306137416,0.02743298683714285,0.31805442875792883,0.3343210033734163,-0.055112504025374,0.0027743536828528613,0.04331560884441748,0.22298009412277117,-0.13056005086974418,-0.041397529220037775,-0.1461439048737487,-0.2183901961103085,-0.014389763252567361,0.15039288570165507,0.09755350495621162,0.1587577407753576,0.10588528754764198,-0.0960223529135534,-0.1963144876666136,-0.020123746445285223,0.06533243121668954,-0.23602182792794887,0.029254498760747736,0.12111582909327943,-0.04392624654170997,-0.0026014515045977523,0.11565718534979474,-0.04806339757876986,0.03817530141781857,0.19376538018528883,-0.11130023934278811,0.06776276902234893,0.023554382960123275,-0.012418865085915793,-0.041930639899621466,2.564631368223656e-15
3.2078696128084534,3.320983508153221,5.418659359107998,0.676590865028996,3.388309106647187,-1.6169660509494423,-3.0081761363075814,-3.954681901937728,0.0574984265957344,1.0422052018643142,-0.8681837465922009,1.9944170811873205,-2.2036776487125045,1.4621819005454457,2.125351793057854,0.3188732599655005,-0.07573732908904515,-0.1686547709540428,0.6475242544863381,1.385837720497864,-0.3994027163588119,-0.4115671286171022,-1.3837897531431747,0.4516919019636201,-0.15518710902657454,-1.937852868562046,1.4503473939876332,-3.3266121722403814,1.816843858617408,1.5086330939348154,-2.348601430434771,-0.3359160418906543,0.38951768394264386,0.051149672390099335,1.3613098331007132,-0.9221094519539551,-0.12705565416511572,0.3976677549285971,-1.0494678262007369,-0.34184897388521307,-2.1953064425290396,1.264815734099213,-0.14082569264871217,1.6622027521940879,-1.9528172288273278,0.02609966082645859,0.44484184719644076,-0.9272994965680977,1.3315720313676114,-0.9534723017749168,0.1696574592174513,-0.34345442383064523,0.680077586948151,1.7885961705450726,0.06610622815346756,0.1693679484985008,-0.6316513454746479,0.06103700282904843,-1.3562535551479706,0.980990796275384,0.3395950373416182,-1.2381714880468195,0.6444949927858574,0.6671690072045264,-0.06271306420748544,-0.7873442208271868,0.23665558170605164,-1.0998770680448189,-0.1705253368104824,-0.07164633612147382,-0.5116945918343058,0.4789746762900897,-0.41007548694622464,0.8435358842680458,-1.0186002071147875,-0.21836805862054035,0.38520066788547325,-0.2131833610333134,-0.916858741828381,0.8754855484137506,-1.2132886632546107,-0.12809723311125362,-1.5330106115860462,-0.5885597304842342,-0.11485750630923657,-1.287979410564645,-1.0850838451482154,1.369218004847071,0.19166254796658963,-0.3413566779365576,-0.1893599949966224,-0.2529722089867965,1.247017583363163,0.8507655546281919,-0.6503901786055302,-1.2825054331408812,-0.23633330699959304,0.7614720510270558,-0.8533668761226794,-0.7179937483098254,-0.02188923393748663,0.05501372027568576,-0.2934565277057343,0.3839643263644985,0.14075294538350808,0.6911027660588471,0.10439934002578564,0.21524458332506222,-0.3585081175373418,0.760248523289608,-0.24506632439982612,-0.4377378919114773,-0.06342050583700262,-0.4293950671044618,-0.7890819933661317,0.7622645587523822,0.13293449339790583,-0.10330640687068093,-0.1017174022241811,0.29172033674656317,-0.09947330966651338,0.004037803758340144,0.9883900854950356,-0.6592706215468486,0.3562972018397846,0.29301916632755887,0.8110410610406578,0.23673496535738392,1.3875719174171195,0.1814474339492735,-0.7550226796093579,0.6238923323873432,-0.03264429608276151,-0.18713719304156734,-0.1996977705711982,0.25475349816935133,0.3431475417451923,0.2868004722094535,0.19877608754999804,0.23657294638123988,0.43776975479670566,0.3941880309622194,0.38343679797088365,0.16596971160229848,-0.15229021860700448,0.3529389168293773,-0.01622779429191638,-0.042181799544452836,-0.2962487352874616,-0.026769933928860203,-0.014460418824846053,0.10805638635407773,0.13761410662760384,-0.4790671908197214,0.2765089137335384,0.3248556007788779,-0.3125469022013955,-0.1891056800444211,0.09278409589797057,-0.05265883607878898,-0.07097869746754236,0.16992349594787534,-0.09337616243977091,0.14648438986972037,-0.14960797564081615,0.11593546279514946,-0.06110891854310032,-0.21807722991566783,0.09717645717487752,0.023839990828251202,-0.0646948190451531,0.05753201194168957,0.04434645813079204,-0.0472438084789743,-0.16048015766442844,-0.039554406848887516,-0.08276670183722695,-0.032895714784642954,0.056981966292308006,-0.16967258555094633,-0.00961179634585024,0.13455203315146722,-0.048989830626700544,0.0025557922777654173,0.020940073926288782,-0.029133884999894822,0.028131518806506065,0.12527008164357645,-0.04738858467044983,0.02953012354192717,-0.04160948922261665,0.01563174483150117,0.02910942169185448,0.023489481044396243,0.022267686159898253,-0.03616168726313557,-0.035739437941390555,0.019030061293161003,0.030465443235613742,2.564631368223599e-15
-8.075512503905827,-2.062035653843793,-0.9097226257724664,2.2518897243765283,-2.0736921961508905,-1.013203234434995,-1.1839998077627154,-1.7240500472791125,0.36336776173549584,-2.7635853417680587,-0.023268193682158576,0.5784832443834514,0.608486012450816,-0.27305994963162633,-0.7130282232661397,-0.716541098772605,0.9509021242915452,0.005071224728005035,1.5480827298028441,-1.3445243463631809,0.20901799614264369,0.929938401917253,0.35915025048030774,-0.7591279577869399,0.9880606526577352,-0.25133495491397867,0.595002002682134,-1.0890380462373348,-0.21860432807110916,-0.4311371812557039,0.4216932626792287,0.3647142295707839,0.010083359428889717,0.18625092997222775,-1.14903591232589,0.237173894043899,-0.5007445567844577,-0.3455567299009064,0.6648364469049204,-0.1435301175318878,-0.01903293446326734,-1.8048638337967438,-0.4106118842038004,-1.9079657892660173,0.41718017779134153,-0.1562940888077945,-0.7385920407639955,0.6454565583810433,-0.22406562430932217,-0.3580181073997355,0.4921579671796934,0.6505302762462802,0.7823108714448471,-0.022819523835236197,-0.8363957773955865,1.8230415396735533,-0.6032143174187095,-1.2723751176506481,0.4440213518063556,0.5250462728434737,0.1326522115437474,-1.1220832001784184,0.01952835392602259,0.34654421762987686,-0.2951632965310871,0.41915362918591936,0.050963420873421005,0.012595331204058337,-0.6734675784012631,0.4433620336472835,-0.2256368342172155,0.14179460350948667,0.6767047387859438,0.22682687155300768,-0.4563679911563336,-0.2925677297462319,-0.7288424956844326,0.07004330444660305,0.2644871151819211,-0.37269113997238584,0.413479824387126,-0.254593744248604,0.01255238816167859,-0.11510201038536982,0.048006488371702606,1.3999083537310584,-0.06631406420747657,-0.009952935136902622,0.02961668761053229,-0.6436481180198385,0.4919629302634725,0.118010781875685,0.6085577169966029,0.6796840239977255,-0.5365185996672752,-0.16833388728698198,-0.038749764480858026,0.3589469236855002,0.3440205412935799,-0.3626258569735497,0.061858778621923405,-0.09917235155297145,0.715810792102362,-0.5472640087754272,1.2930393584258728,-0.8483690841130577,0.17453017900018775,-0.5419118645989873,-0.3028632112188531,0.25054585113626315,-0.07787401796382183,0.06523061727205802,0.533413742070892,-0.2002085961868072,-0.31695614805138,0.5866688695323043,0.26771378748519303,-0.04671558817960283,-0.14474373476730393,0.9866795216718095,-0.6829049875863579,-0.8435369595436051,-0.4995086135857246,-0.5580130798083207,0.057853437287603754,-0.6029717500537318,-0.6522817486366083,0.01106367121639751,-0.33282164741988346,-0.10861499618194347,0.5006367550259021,0.105334864073755,0.1371576563021778,-0.5557588970669984,-0.7359371411615,-0.128238393179314,0.3848518323183771,-0.3264015466571598,0.36911414964935785,0.03694112745172004,0.1863527491005394,0.5796886847083634,0.38433475632460123,-0.5532232359023068,-0.012562510121013061,-0.22138672452064717,-0.4740919368876042,-0.43587424698453037,-0.3612124878500551,0.288783016176151,-0.038158914803361414,-0.30825431563548994,0.03486499706414523,0.28834836660691215,0.45730594778894046,-0.21486292060388418,0.03261689506413045,-0.11384885785412814,0.2664993891639358,-0.02863793604065707,0.2899090482247315,0.2586575548119396,0.2577886894635107,-0.07370431549421995,-0.09772493739987384,0.23672973409083167,-0.10984860380796387,0.11323501647533576,0.32683811853914124,-0.08326917034338564,-0.13798218819240052,-0.04488250679980599,0.20049118194592544,-0.013900502040073037,-0.11369844495145738,0.010203316856274063,0.10866185301921867,-0.04156261119091943,0.20050049520510024,0.1708876224561685,0.25202798997172704,-0.02033177901838747,0.1914502161161382,-0.13137212266798326,-0.04498474523590809,-0.16792466844125395,-0.013758226188608001,0.07256717220940287,0.10196835048847284,-0.03964230780928079,-0.05489992184563017,-0.025807046410413446,0.16393815245127416,-0.05025207658778401,0.011460288762490353,0.07403488602820014,-0.006018776539036604,-0.031113218568161263,0.14756621114860075,2.5646313682235552e-15
0.8096567581754777,-4.93518387785978,0.11789388974835747,-1.4893159076571771,-1.043941376759116,1.6233957561299406,-2.1921511794915425,1.501834248434184,-0.4079319874121046,-1.8707512844412122,0.3940012724094517,1.109165257236931,2.6979886870254375,-0.3365654134746243,0.946207820073257,-0.10137698636689702,0.4312660470137949,-0.5804975274610689,-2.42012518202779,-0.3828093693816298,-0.4968861234244135,-1.0496016908413632,-0.9784378535304579,-0.981113520408112,0.3484126200120303,-0.7349197324873512,0.8683003861843113,0.40906068665299916,1.1366467944969636,1.463431284945467,2.1686984403158176,1.0134609893021944,0.27650240022037686,0.5824805838736975,0.633010296539469,-0.33295327748275916,0.9296205863948745,0.9311182486542083,0.5242757775546246,1.5135973407119059,-1.2374518790537898,-0.2425532822432821,-0.4225295961398091,0.03419907887462322,-0.0059546099435070984,-0.0478704897397789,-0.8299478043772376,0.8352364960934141,-0.5568807248547825,-0.20831994758822714,-1.2698640720754435,0.05116748995030234,-0.4684080791888808,-1.0867020162116197,0.6923533329993948,-1.3422016834180153,-0.9312029312758671,0.434972575633429,-0.11126684509415231,-1.1166399658112627,-0.16771568460210678,1.2884336850779934,-0.9010048483037427,-0.5354594944972313,0.4083850438841048,-0.32334883175300044,1.0111326574355852,0.9100370928761334,-1.0229245790631596,0.1331786675471984,-0.4625839162835323,0.49140257445931707,0.12123248032322116,0.5136621931470383,0.030753425062665034,0.46329491754423785,-0.22692751463023453,-1.2407003942574168,-0.2655393888320997,-0.2212491219483984,-0.17390447686542665,0.08694059066227287,-0.5709715670304013,0.35082862873577436,0.3623507466131328,-0.8093952371278147,-0.2761531116412017,0.17816808843837317,-0.273477835331269,-1.050850335483125,0.6334701823497588,-0.08872971275394542,0.024159068972412403,-0.5367390014891997,-0.3179047045511233,1.3002040424072192,0.15111909980683197,0.03380098352240437,0.9006502750514417,-0.1673441301271193,-0.7165735999696081,0.24590926711669478,-0.49174062383450656,-0.8194005553915229,-1.192275343014061,-0.5825237701123953,0.4815869987593528,-0.4169449795349963,0.7470302234580876,0.531149650222369,0.1352389020160113,-0.2620881948995292,0.18955591841952188,1.1753242543118074,-0.12807689114405876,-0.020001511415829485,-0.1885701958525499,0.2263742500246622,-0.05600393744783584,0.32838212964105123,0.15788577063981865,0.1563117431174811,0.1981957928030181,-0.15305405251332072,-0.5619311901207553,-0.27807165113984034,-0.20029552387925997,0.09206333053221263,-0.11376097860427452,-0.4502499006704824,-0.197661114300179,0.18536886284811885,0.1523585597212141,0.09187078841279635,-0.07075913209402337,-0.17524515243148026,0.4717547719270753,-0.7906222274424041,-0.19793058428624202,-0.09694258184437964,0.1778533152922991,0.21537034787947515,-0.38185189452122603,0.3956795704309803,-0.3880553795728384,-0.5505964435033797,0.2883570215690508,0.1559249290891578,-0.3413216494862487,-0.044928956641986796,-0.16705668794126916,0.3083748255982617,0.22492030410910546,0.015303257246211593,-0.35003175861523045,0.1787690123598112,-0.5520775046739838,0.14440117284253642,0.10237733497128186,0.10683403975552482,0.12426122451810609,0.17273144785986944,-0.18058505959411994,0.24310645538954043,-0.07266019833455174,0.15271519689493362,0.19372108943676034,0.1256935734149483,0.12996473133004582,-0.37356535590410056,-0.2631415702595769,0.28222331115183547,-0.10009070393051277,0.15727880266959443,-0.05506551352202892,0.33608917557024576,0.004327884957312806,-0.16849560425247706,-0.26341223173995376,-0.09859193241997422,-0.0057526344147911255,0.38673587130026665,-0.012217911814240236,0.19848696612572517,-0.08920157561527203,0.00552753481659838,0.0941774651499712,0.11229053764684488,0.11538105485328512,0.005474315166542753,-0.008302702850672784,-0.16221123591174053,-0.03255905650719652,0.08773811362541913,0.06013945945563431,0.003072951026709857,0.026858307410524213,-0.006833537308607445,0.06406740399979113,2.5646313682235907e-15
0.8189045378511943,-4.863798934630578,-2.3342635573201007,-3.0514906377737985,2.6213664757001367,-2.9916778838811964,-1.70439201710274,-3.2890267108966125,1.0230118488951772,1.0234939726098489,0.5422053912628614,-0.4244756634310878,0.6344697450557891,2.1328649996754474,0.010565363087120251,0.6438816725122583,-0.9131462233359997,0.43599359870721194,-0.9595633181943124,1.188793471674491,-1.4548548054508035,1.5115116223618987,0.8092500396854883,0.2965132690711987,-1.936536493408166,0.6720122485839491,0.526783907378447,0.5544292756278769,-0.8594043909743073,1.01241447697193,0.15637005036447232,0.06682419779588503,0.12040875073598793,0.024098494574925224,0.2608156152377937,0.9496128547807049,0.9552431955440295,-0.023625224731585903,-1.8879848809436846,-1.3773641768453737,-0.9948876502132918,1.9250011914629364,1.1405449426805017,0.2627410393479766,1.5027893580171128,1.2834180018110253,-1.0008949772465479,-0.648326152226585,-0.4054184214561862,-0.22013135530935424,-0.09296425321626288,-1.135056756797617,-1.4290037892573229,0.7709125589075235,-0.9825686709505008,0.8760700972864296,-0.7013608811033402,-0.24974605609613568,0.5122292563971963,1.2066186227170252,1.3730212003228421,-0.0878513686260913,-0.49917179600848327,0.6965824900224665,0.028616432693215704,0.22330343958312754,0.5238817631570136,-0.15514674545520504,0.8618085517560784,-0.4525072907474419,-1.0444316661189177,-0.5648961712258832,-0.6777835607429491,0.2610861357745477,0.43174255497889213,-0.19439089926728723,-0.5349696821310265,-0.1303967739345867,0.2624127628751869,0.2635325932762247,0.9726215217992543,0.20662367320685923,-0.17555632642395289,0.1697539087091972,1.3291527785885304,0.09325259077941031,0.24708060756313427,-0.8807602410730686,-1.310283110395942,-0.15541275151478604,-0.06209309477110306,-0.09283846260767857,-0.6820539153281918,0.27692979465402234,-0.42442767892096983,-0.20596506907477125,0.24497997890169115,-1.0403910415133981,0.5589351716912022,0.26336009969077884,-0.3467882788277002,0.05024697598526562,0.7064832045780571,-0.04017658785624921,-0.8213720667739586,0.15499202904024917,-1.2661200835184139,-1.0384206684431836,-0.6107038627706617,-0.27504693917090195,-0.07785013727468976,0.31854735633351056,-0.12477301596574585,-0.3664546111535439,0.38386654732566855,0.637805278468192,-0.13979230736683382,0.6632611156759547,-0.3589485429221413,-0.4025544792671567,-0.0303682935176199,-0.21396342984199446,0.06942400894032562,-0.15778646129693832,-0.14900416729699953,-0.3252320167692888,-0.17504113457076279,-0.15246584628416857,0.3390918825163709,0.17102885490949551,-0.44604686093740087,-0.12523326476425042,-0.39591421820516315,-0.12147915293918221,0.4727254267778847,-0.6158126295973009,0.40398931745373645,0.02607524274514425,0.7436375687597819,-0.07852715529531917,0.7094353361861819,0.057567009491570974,-0.5057093545142467,0.01849329851417904,0.24208120713455228,-0.5860794840545885,-0.41565166996749914,-0.22801328312104607,0.16856612929662912,0.20067874119909535,-0.32788739573373293,-0.4914801122990483,0.03903986928923954,-0.35226647084354795,0.3150342675375822,0.02462150010543614,0.34207908548355065,-0.03954630820087335,-0.02168753246413504,0.4004785882121793,-0.261179859411061,-0.0432214981678136,-0.22168593876290638,0.24765309517310644,-0.3776063460854277,0.32254309997224967,0.0006863116783777017,0.020008980669192152,0.44715336363871305,-0.08125654596174128,0.08002245922308356,0.19054611583642242,-0.20646391623483923,0.1664819221309468,0.271251209909169,-0.10998811569851893,-0.012821449938249666,-0.03709246803543568,-0.03497224884509947,-0.0018014648177101266,0.13731060877288345,-0.014293734669266719,-0.06884109187792312,0.17814113052635364,0.07571195368376396,-0.024900052389383916,0.03203725960625098,-0.1163309716814298,-0.09482783719733186,-0.05305333045078892,0.026807890151255592,-0.0043188136490794815,-0.040043800417629324,-0.02183387914530711,-0.14066438272309373,-0.06554121623153845,0.044904293665569146,-0.0668714461535136,0.0010996288276810704,2.564631368223605e-15
2.692518843035326,-1.365350812936908,0.9714477343985635,-0.7306038191143825,8.985029650295045,5.155850706720471,3.097613233262056,4.643380782612393,6.155486168927362,-2.895466240661718,-4.53162077438519,-2.16133550812782,0.062190258590690356,1.320213131704259,-1.9497018956149337,-1.8679903940907308,-3.953390120551641,0.7841288527518187,6.814099372036704,11.213166447540292,-3.483946870260206,2.492748259981677,1.2400129018363168,1.1924969978653983,-2.7338019269830567,-1.7145625340326098,0.9784056302360221,0.03994623201340241,-1.16581270956262,3.1678915489903985,2.10189678412687,-0.2768929034999058,-0.44337749901502943,2.3439856970146042,0.4984100289337101,0.7409931787014175,-0.24530367124752023,-1.8623472542729171,2.614137420029968,1.4217888113226906,0.04214169329836216,-0.20434757794636624,-0.21621639577790416,-0.6850831847010772,1.602619452584591,-1.4608417590036402,-0.04761959135438146,0.2631546497511901,-1.5434319946925528,0.7033004092241627,1.1241707257304683,-0.11604511559907564,-1.2178769154816707,-0.17205649764804032,-2.109306064538073,0.3193480921854936,-0.3206946323659185,1.0904957354972988,-0.41076319631549446,-0.5925494676163381,-0.7913218830363188,0.24781104702557752,0.5140539528230803,0.047874042570761194,1.025412485976884,-0.6145578072085581,1.5213325914907434,-0.38771960772482594,-0.925760334984253,0.263605118407332,-0.3170672834451946,0.07781539066453556,-0.19673947721726082,0.38300410644134236,-0.10734312974209843,-0.28289532371466086,-0.24290392658796134,-0.1506014055895095,0.03754118160386519,-1.0016895349947237,0.029957300777050586,-0.3268447480941601,0.29528017883277186,0.23634351404252102,-0.14860430235986608,0.1892643490825966,-0.7774487726700305,-0.04250177411076079,0.08046637825228303,-0.06909802615031387,0.34269708312137864,0.021666871956212412,0.5957802742536941,0.06630654309903772,0.4389415462424129,-0.4651241675150992,-0.3545828448251298,0.7220727054083258,-0.3554816012734213,-0.014210718196575779,0.2472603811708234,0.13311149646531586,0.056730258981780475,0.06743786361716213,0.2459246477285688,-0.0644532352681304,-0.03727478862818354,0.29795431126709837,-0.07770787693585396,0.030950194340468102,-0.7816873986511704,0.12398577053271487,0.15004612904923387,0.39135597602315897,-0.20772730264045888,0.29849533684783636,-0.16545259294410097,0.05951408787369934,-0.382481219946007,-0.227774217315468,0.2691474209369893,-0.08865867741813808,0.06413144606001753,-0.28653696656069977,-0.4568760779099454,0.09489644492475151,-0.13835778244165275,-0.017252152050699635,-0.23582685063312137,0.14097868073033562,-0.06110085810083632,-0.1577530183108459,-0.001927059183959318,-0.0195528010030412,-0.06987796035266278,0.03459968375103812,-0.22881384014796943,-0.09479009649989865,-0.0947090474247402,-0.09007848797456953,-0.06525223929599336,0.09579245905857686,0.10108229832800131,0.08399312337438186,-0.07789380766165287,0.1614508386513567,0.023880339752807584,0.055471076240661256,0.030273867507244437,0.07057718700705762,0.010918281372633626,0.12596555791873543,-0.13743190054453086,0.2211679411589858,0.0601841866095322,0.01461422824414023,-0.07046895638732428,0.01310964935924115,-0.06395165265607196,0.08040755265300654,-0.076529261712165,0.05052488988129099,-0.0058643141735454886,-0.006647967452814325,-0.003536901874908477,-0.15150369307030756,-0.018540008828799037,0.010152178804518524,0.019944835209934942,-0.03716465921107948,0.00681966032825879,0.07382304705498484,-0.04998026053811971,0.015322742444901345,-0.015097853098569848,-0.024672009103286534,0.009303312774419741,0.01637250261597664,0.011386044098710654,0.0049180395274406406,-0.037705406849977266,0.012279413930627196,-0.009790776312017364,-0.0015666851374561532,-0.0022632568584222117,-0.0037669498829681603,0.011360784511561844,-0.01059078138401915,0.0015088785766232474,-0.0184160778987588,-0.034539672543730325,-0.001218078408078761,-0.009825074446782557,-0.0015106188924779974,-0.018563570653468052,0.006044379771621659,-0.013986621193499136,0.004257528171081933,-0.01114219250867362,2.5646313682236018e-15
1.6820953372543659,-2.957056270221098,1.779180046529226,-1.1640414931023382,-0.4403178278746083,3.870863849311798,-2.190555256539714,1.2975457632034935,1.0421775080162172,1.60325206621782,-1.3111118809819837,-1.1315896534165597,-2.819128777786274,1.3320214990034203,-2.25965243108372,1.040598084356922,-0.42532983279376846,-0.7352873797342528,0.7062807157709062,-2.205298598283228,0.455056500477129,-1.030602088222411,-0.327218470000278,0.5763598137581828,-1.0570079228077671,1.1164841047018126,0.0766661969717677,-0.7560734650474961,2.0488460919467086,0.3365644507569752,-0.10772525656781964,0.3693092597604059,0.29750291807608803,1.710424410104917,0.37302348089139414,0.43866049891538655,-0.6945366882978118,1.3169650131370598,0.6250826194135398,-0.23097040641207497,-0.7090191002860807,-0.4148120217397438,-0.033239782106099555,-0.2091225082658272,-0.9571009525238556,-0.5771515864193753,0.7131077366440169,1.05095618509375,-0.07185427261011432,-0.23237574547603293,0.16009830562708607,-1.8393885445561458,0.3869303461620976,0.051326955711772225,-0.06044701427630987,0.27913910978480483,0.14415655546349979,-0.36064678854791216,0.43750535719346606,-0.12840058728331344,0.013623420648117338,-1.0712016649313518,0.5906139732428405,-0.1950103947912391,0.2912544803771439,0.6139579695038356,0.20077298980313235,1.074324951594604,1.0726071083247193,-0.5122078167092656,0.931684629353454,0.17777814168319228,0.316935028174225,0.011430454093782095,0.4998861559695073,0.7923746272633514,0.7907638797893984,0.5883593455561926,0.23637749559992047,0.6080456794800523,-0.028029314870498985,0.5231919110461006,-0.06964043524940258,-0.2799943069870701,-0.6345090943817878,0.24856559529621214,-0.18376713784450444,-0.9031924976644455,0.9436373311163317,-0.028332903278750553,0.10024615274869561,-0.6325001915765277,0.7489465995850711,-0.17705373147751374,-0.20838746843141792,-0.03923336333710696,-0.6633898146896428,-0.17150700169409364,0.6398780424464316,-0.9985041743013238,0.2664993477953476,-0.5823637709535364,-0.5879776230644599,0.32808267862088303,1.0460664365028016,0.23439329363308573,-0.3696777540754667,-0.17731598683750935,-0.07908900374361826,0.20210711695953518,-1.2047852207535743,0.6603662100423255,0.028388445929206543,-0.25686639175400283,0.6195086993248996,0.17790874052271394,-0.6885403041865845,0.5306020665823453,-0.5690494054675718,0.27518821925049913,-0.024924652740331087,0.81474158385151,0.12023931505639984,-0.2333054174023621,-0.5018219629990015,0.2032107781891981,0.020632187651509575,0.477755033474688,-0.39780950589274117,0.5608272801746738,0.44529002900404074,-0.503725588749796,0.1655085693843578,0.4628539993936086,0.23476192184373038,-0.16495557321501916,0.24908143794255005,0.1362494921433538,0.18581876124577512,-0.25580201324374885,0.2607604176219379,0.7807493556809945,0.5993507046452037,-0.6261398945392623,0.024260570780256337,-0.16010209799779565,0.3045057866672051,-0.3691669175108443,-0.2263432122523932,-0.3132759487750647,0.05600244635356958,-0.18771434429087305,0.180353440017979,0.023355560259698427,-0.6325520331519224,0.06354420185045052,0.12766775508197226,0.26501658631192904,0.021759149604857524,-0.46164256524677105,-0.22387986511808092,-0.18739187958997114,-0.006168944272661666,0.3379649459485096,-0.18386313174253027,-0.17407607169798833,0.2527001448062509,-0.02542027061224083,-0.0001725863449100426,0.26495525266822884,-0.024272525529462383,0.14075342743351854,0.2565274869198331,0.10113220583088839,0.4815625706071036,0.04798301732638521,-0.2974450348921549,-0.25982426273612175,-0.03608497033973625,0.19089309854669445,-0.11557276381807373,0.14319346231067465,0.028644026544490133,-0.10990376902375129,-0.038834787625419254,-0.11191638247064446,0.06653045509722073,0.08772219765341124,-0.035762347997656777,-0.05404382446079705,0.08334327686743813,0.02528332634460488,-0.04627766735573166,0.05383926360320402,0.05040082733057606,-0.016765832140315687,0.04379974087736219,-0.09914714333598633,-0.027720143264667197,2.564631368223609e-15
-1.4425987539507994,-2.297737095006955,-3.9994923662608257,-0.20818787623162519,-1.0982313034469275,-4.011409992134607,-1.1800870484104424,0.6587149304100888,0.47857853251192783,-1.0056795280924002,-0.5031401415217086,0.15745058747411386,0.2319296392279312,3.32570903010133,0.3899448519683881,2.469787019476219,0.6339640855994043,-0.91159709134842,2.8837571581441215,-1.807228253801171,0.9194493795982899,1.0853005128536573,-1.7125169674786926,-0.3449606812627765,-0.36184703147361735,-1.1037958845488864,0.17434575844019176,0.6531836174429115,1.2650027777228932,-1.2657617622730477,0.2234200361746201,-0.06683709640649545,-0.5930885066531264,-0.013917550194066807,0.5196183803280205,0.04230122040096244,0.8920900568358815,-0.540650833485717,1.0926006781379856,0.5563638896760759,-0.828250871630712,-0.9441172741858073,0.14378580120280768,0.23399548788924668,-0.05452579883389968,0.07827910869379692,-1.0495796146348257,-1.0802920458644922,-0.10925485992460761,-0.1943951843477165,-0.8499592516743184,-0.5108049211399014,-2.0811292166044626,-1.2297141620258785,1.5933120153907825,0.28968265807435434,-0.45309373723031726,-0.5377293379414286,-0.8636968068136995,-0.9820886625888567,-1.0516811125490335,0.0808971117465853,0.9734140149186,2.4514011630734527,0.329079809958096,0.7636804683297047,0.6446645606889655,1.7551274305964732,-0.964518678593107,-1.839020686528641,0.1850789097658076,0.5931613725807551,0.2732796221841626,-0.635158354170247,-0.15270694074761573,-0.14668005502887027,-0.153430261518021,-0.13919584687393863,-0.08529449192297298,0.04898193196976782,0.6459385897916265,-0.8454034148802924,0.9993137271808799,1.1760251090710834,-1.4465529983803818,1.0334155980097741,0.5104233333360448,0.07680211159941189,-0.5499849039738147,1.244176846930353,-0.03918292279746104,-0.42412456646938096,0.6955237089765425,0.2561188287435379,-0.9502606407900088,0.5831681450258293,0.17042026356660683,0.9567684616208718,1.2318642820572916,0.03016502542719979,-0.005276312384648779,-0.42020301979319524,1.4621020282261568,0.16433303764430676,0.14351480790687726,0.017807971068796634,-0.08567554788854288,-0.0050575601578198,0.19584015142958264,0.04949186596113752,0.05918335839206766,0.19728163562140802,0.08695455771031058,-0.531630098894369,-0.9187354339736122,0.07399158569916928,0.4603616494948213,-0.4115571801560174,0.1835105986749653,-0.5162657019188608,-0.8545391695832472,-0.29048812747660835,0.02004581152563154,-0.820578077661333,-0.24297605990476043,0.7487476502932637,0.5911689209260688,0.22843163966765687,0.31635553141970646,0.2386950732007054,0.1512488917446825,0.036556294598275106,0.20988896903375037,0.3509188604054588,0.15168973660833635,-0.7384806593454964,0.018810401675000782,-0.3013219122835671,-0.2390242237890108,-0.5285372702641518,-0.22486984141577443,-0.7977945896322501,-0.2217182113127379,0.16198293645564468,0.11424139307334491,0.32406860458004927,0.041292858011227604,0.13263580660316407,0.053739946928840265,-0.20304003593235304,-0.14537637426921304,-0.8519659296618439,0.13300999387550203,0.21512783290155948,0.2082756816288676,0.32397884960467266,-0.4703818245871797,0.04507607969944436,0.136067105848961,-0.09816825615455403,-0.22073281646581638,0.2686973912117491,-0.05214947465780585,-0.32545736549243487,-0.08525849320305755,0.037004856624269236,0.24054345454851492,0.08545565366705786,0.027807013770786614,-0.10070584726768674,0.11929595871147204,-0.13946013505976845,0.16895533757426834,-0.1419872193348796,-0.06858703505116084,0.09683707028231156,-0.023522563401201697,0.006962654855198261,0.035698693805020686,-0.09194711195079161,-0.021679513991304168,0.06660115157201935,-0.0020610211382095863,-0.08036358162726734,-0.0261494997710476,-0.04273163978712811,0.09705963119342063,-0.07472336040698693,-0.11571050454905969,-0.007043558401998699,0.01962767243676061,-0.030141213139619462,-0.01589104463836116,0.037628068147152825,0.009838096855487187,-0.07632801657043035,-0.05443209835501281,0.0005138754401484571,-0.046840270871960056,2.5646313682236183e-15
-4.27348405044692,-4.073291371880127,0.8830811269745656,0.79786828005203,-0.007631788016385471,3.813702816115565,4.819826981311685,-1.0606763364266218,0.1736231173738729,-0.8181655760775525,-1.101031762430151,-1.058142009218944,-0.9319403008221822,-2.2438789235245906,0.6379513119700625,-0.8736289423227646,4.1992357590009055,2.241003199626017,2.2834730829828027,-0.12163492382953013,-1.1596142052489848,-0.8317713905601777,-1.208601127897466,0.28858876920506293,-0.6148779474091192,-0.3494591612716741,1.3792302104654215,-1.7943306322451342,-0.7115927662169912,-0.08211448751177956,1.2593265298391005,3.2290226342619652,-0.3257021177711432,0.46846178061687643,1.4580633771869276,1.233075536550651,3.15739223509344,-1.4117820454491856,-0.9081326468550681,1.310855750781813,0.8369493566063179,-2.3423482445297985,0.26380874053819686,1.8341720206336007,2.4355497840798574,0.22248361137370345,0.8551608887832639,0.08307078152904461,2.774840767296234,0.30367963494135297,1.7623275689554105,-0.5402567354435778,0.4249095339412058,-1.731988943469794,0.3446816160065973,-0.9817442863836355,-0.4720067488219125,2.3280236210652845,1.9582261618968249,-0.8273789000071288,0.6706507570350457,1.3627980598818619,0.40503483264119766,2.844588695991631,-1.066439375112058,-0.5832640410247761,0.7088611792776718,0.9714263424412366,0.43012437101303097,0.6943299523309433,-0.44924594103828264,0.023445971696109333,0.34140727766978013,-0.9648792628311932,-1.6414854449507716,-1.3940343521373857,0.7016438812616683,0.3186303913473101,-0.14132221217362337,1.1869512179494979,-0.38637521172730455,0.22492415844770047,-1.461810741359802,-0.9597807689369833,1.9456925330231571,0.36722692348157504,1.1658459153960359,0.4563760042667115,-0.5824340025932189,-0.07585089818218686,0.4939968042469159,-0.29988911763253184,-0.41730642842532045,-0.1517886101788734,-0.7578727798697398,-0.5538312469349544,0.43957061675575043,0.020431980933179616,-0.757369959664524,0.8203850115472284,0.3457917309009959,-0.2874121009266451,-0.34251936010929984,-0.2787629709535814,0.338756808140809,-0.10632547192675589,-0.13794966573583362,-0.07185578452174042,0.43018868447497743,-0.21930367842358536,0.8371657610277395,0.1810745864149847,0.5730316044595838,-0.31301165692459487,-0.38790597066590515,-1.033800641652234,0.43951034888287527,0.14792733625294505,-0.14126251987883107,0.13296534736541527,0.3212821145609277,0.42158790046076594,-0.6718902529265759,-0.23831377076903854,-0.33396979599530185,0.2267718121717453,0.37627282769490056,0.026289668283075284,0.22023037817235452,0.036046473263875854,0.3770852653339941,0.4977071086057125,0.4620497791200115,-0.08517258621685754,0.346936454356882,0.24945075604110767,0.3034463575681688,0.2769684016388152,0.3220395431322822,0.09651963692447192,-0.0023281111124783065,0.02219174703567625,0.32207910945226764,0.08569791113245909,0.24869669325793564,-0.2210881205394338,0.2001174392287075,-0.34458143016391396,0.053415582600682326,-0.25673527301997195,0.07806226802817313,-0.19330447145105673,-0.04159177816129632,-0.05851562759442601,-0.2261670553390544,-0.14880851090330574,-0.06596650082085617,0.048026167285438806,0.041541110196522395,0.17331441421988977,0.21079139680652914,-0.14869531453366114,0.03485056620383976,0.04926257439582484,-0.050155835123245014,0.1266674099316066,-0.04047210272897954,0.029487943924509145,0.10412936250374456,0.026382138127505957,0.007420619995489807,0.003517211299750289,0.2096465634275164,-0.10569457930709779,0.13467351976352038,0.10643873848359954,0.014410025644056837,0.01461141750804435,0.0023663905282001515,-0.061848904046386925,-0.044646562540589775,-0.011861839127052421,-0.03687623472835631,-0.027079668158332678,0.06120025055442494,-0.019108066600907928,0.019204613296080333,0.04199852763350185,0.0240813359648515,0.07611598325193154,0.03300731607112246,0.027203857981042256,-0.024808707968126502,-0.0566708059341329,-0.015168245939845964,0.0005267974010464587,0.01243792399902458,-0.0019870421282918785,-0.01500606090669806,2.564631368223611e-15
0.5353240466492725,-2.4881425644760156,1.344741705684426,-0.365781101258063,0.8503803512994864,-2.5759295034219005,-2.505881862836853,-1.3191525041676877,2.9118169912827194,2.8200293308916162,3.8794226244840813,-0.028238321421243034,-1.4366331304871143,-1.7757054740569294,-0.0995077854805431,-0.1406708209815579,-2.716500298659332,-0.25099894457882166,1.006150444712699,0.18070852980830054,0.06912504813880371,-0.4867026539906571,2.1849083569497343,2.2386778621217283,-0.06976706969755084,2.7625003371567254,1.5932980690042584,1.200527122942375,-0.9349898562894994,0.10241422151702002,1.1181227033991104,1.4417678719293505,-0.8445047754080638,0.7445835664696018,-1.442846877098185,0.859851033546092,-1.4389943533601393,0.535719678622555,-0.3325027569441473,0.6731105331463643,0.3297295891175396,0.3338243689296606,0.6163926292276428,0.6057963016448132,-0.22498978173441606,-0.707441387891477,0.6610032864612732,0.19087659362716947,-0.4966102851654126,0.8596262979770538,-0.18665514280420298,-1.8104247461094993,-0.5386111501703322,1.640255814668197,1.028594394495988,-2.0673092546185456,0.08498311487505003,-0.13404811331334965,0.22771643772440728,-1.5813893410341742,-0.4990112754450686,0.50049256883625,-1.347037906281382,0.16548700334319777,0.2103766497454418,0.2552352088705957,-0.718277548978,0.23061100307667734,0.1507708890908554,-0.8397204545901285,-1.259805202016914,-0.4775775074850934,1.1443532079662717,0.7463269874249098,-1.4763199375156653,0.7881016937302033,0.8037434606644668,0.18416003934379072,1.2181470543195152,0.8221807066604221,-0.4571957853164508,-0.6729628833757638,0.9281594653769883,1.0393427814116605,0.8195737139166804,0.18333572145046928,-0.23342232606812896,1.8236073005825257,-0.0718599185974219,-0.305165409284574,-0.2712895395521552,-1.0655543074988985,-0.7612589380021564,-0.03927044885785041,-0.9726471888658875,-1.2038920201885466,-0.42536070577534824,1.902863998230584,0.5840514553845132,0.849249344683146,1.1273549233706657,-0.8538050928393274,-0.25272244629402896,-0.01301676120627346,-0.4788017809601157,0.8718154734108657,0.07464550095989703,-0.3278484528902801,-0.9453442803877108,-0.08843500594849515,-0.020602282636661032,-0.23865872369429686,-0.3595291651075782,-0.369274393607544,0.2876813425530288,0.11642295163158695,-0.3880504149346977,-0.46636087796002307,0.7528030490448496,-0.041986035399711144,-0.49910709209152765,-0.3367686367022489,-0.3513192945538118,0.2889543363355317,-0.32284933286924056,0.3931010180351093,-0.42757786084717103,-0.9678112646750968,0.06457291167380923,-0.7441382133178153,0.8458892348940955,0.05522828838758532,0.07751648387272388,-0.10385347738089964,-0.2906792451764984,-0.2074045691735521,-0.2216016713253862,0.2847432879061842,-0.16871117014915973,0.17981626422918814,0.2538813212496089,0.37236082938990867,-0.17136308888140533,-0.20786033777882393,-0.5359397825202136,0.2597467437020451,-0.3417467728087042,-0.42656048607333846,0.16795122333556017,0.06622561347100196,0.3203057019359855,-0.08583169964997464,-0.061990072366160706,-0.22740734150222808,-0.05206154483345597,-0.20301165042218217,-0.10436503699905517,-0.2607909374161346,0.15102898837971962,-0.13963033659244276,0.03600237073330732,0.31495781569775044,-0.06709237787361554,0.07861012018093619,-0.08358320165290825,0.14753390386823614,-0.07759062824043265,-0.09369281289495844,-0.08790193889449284,-0.03681579181727939,0.03614845932467599,-0.11039061786044685,-0.13166611128206776,0.15548591744861012,0.12116621598665285,0.13724091890617765,0.06894537735870704,0.009855351129871797,-0.24793651849637452,0.1293918828480774,0.04412968824099248,-0.018175513794472315,0.01292147933097037,0.0017545448273080467,-0.0702578471947914,0.11018751075861545,-0.0019655814405226996,0.026922476950182374,-0.005788996443727408,0.10106180163839219,0.06267839141608933,0.014194028319469351,-0.019521253860246293,0.04679008765766855,0.040951422734343684,0.0035683136360389112,-0.03463202039879502,0.015495741616319628,0.006434968654935974,2.5646313682235998e-15
1.1437394355989232,5.059011963660538,-2.4204605326042343,-5.50061994260564,1.0216335322413608,-4.924322736096511,-1.67234553935219,4.482099289831573,0.002089372190786775,-2.171964082600599,-1.7801319102390638,-1.127544274194042,-1.5761203027082082,2.697330730565223,-1.9633743507553112,-1.3352705340517976,1.0314027905816892,2.3781562715888946,-1.3704927851258133,-1.9142728163837914,-1.6766137056994166,-1.5411871994268234,-0.9674983366956434,-0.44885205400762684,-0.15571753080555048,1.085313764285185,-1.1443550458016667,-3.774490184804066,-1.0242009016639633,1.8516894852514583,1.319237033008318,0.2631456360704144,-0.6723686442822924,-1.1553182997329827,-0.31794539070904276,0.2022273116906448,-0.8469912234161018,1.9532368615249645,2.0348272419262527,1.1644968925376575,-1.322265489717289,-0.4391322920176173,-0.2679793534958741,1.880361077983212,0.22865976450965364,-0.7403683134680524,-0.48196746564319826,0.07001731089102556,0.66777053240645,1.367608886631558,0.5620421008113206,-1.2938946035112537,-0.5743590908256779,0.04972751655032983,1.4779082467783202,-0.21544763316217744,0.16134271140435585,-0.30196944737804327,0.3150324958760794,2.3103168984968123,-0.04773642215081152,-0.5798578895604554,0.46655150761652203,-0.44554825283686006,-1.4141828001562764,1.1840480568319287,-1.0698686645553515,-1.402597542859491,0.7666360625821252,0.5324970751826459,1.135056197577226,-0.7296094809195344,-0.9031842290995622,-0.4304927133552556,-0.36678831034202775,-0.14252667571053404,-0.41578432752473643,0.07766690867082006,-0.41030779691016983,-1.776132342969722,0.0670745502454874,-0.6894374041012493,0.7830648873904624,-0.27245054851981404,0.7651314622328087,-0.5098077644058225,-0.928324384561394,-0.43187737533761666,-0.535720674834089,0.20463459497263572,0.7835673334360155,-0.33859999692942894,0.759398323159101,0.5853259713533628,-0.3547227735426848,-0.5233694520781551,-0.7025904077310365,0.9293102274435247,-0.3545791293124539,0.11061136180545927,1.124513266339591,1.1285551155162663,0.42405645618696436,1.2802092668358624,0.8444194391694464,-0.18331496832493466,-0.09418622210786676,0.38420366628013225,0.24346971712860735,-0.7759887380780237,0.29606618029283327,-0.6922927744562044,0.09106440087764413,-0.11754882998164912,-0.23786036951982684,-0.7124645667284881,-0.9205679531137864,0.006312130703018159,0.4030599007910752,-0.19094838173596454,-0.20294119413845943,0.407749979340221,-0.588165912157524,0.023605907763028594,0.07688969208383416,-0.13966550614035303,-0.23822131326970178,0.26214659877500085,-0.1073381140040404,-0.1726462999801447,-0.1303633016103582,0.30588230194045557,0.0840782056952855,0.06289917893435941,-0.2786304436650075,-0.09350463143495812,-0.237320479252832,-0.35390651926308964,0.11777670408471279,-0.23817726976486156,-0.5630062814086729,-0.6295333594877968,-0.22866367249016498,0.2992024966275323,-0.08311303128206174,-0.13594159025661043,-0.2938611764291657,0.1329224243230092,-0.566518736200156,-0.07500869638982659,0.2454772544405939,0.059277646210535044,-0.006065337458656333,-0.1947482154402275,0.022723954208041502,-0.25920338412261823,-0.05387179943028435,0.004833473402179936,0.003367549934443612,0.31035648212929723,0.10321803773518642,-0.0657462509428424,-0.0569795049342554,0.22137938648116048,-0.0745782182770877,0.1557600652129308,-0.058810145483464187,-0.2961154220700339,0.024721984733179356,-0.07717929581946154,0.05874030116843977,0.2314514906493097,0.05578749771381782,0.008623105388429971,0.06714591643794843,-0.07311495572936949,0.06345756425583556,0.08334821378087516,-0.22984803510819976,0.0408768704937547,0.01718062994403075,0.053920614199273346,0.009354025188428605,0.05494508871444925,0.03306818153947624,-0.10665934214342086,0.02039946116027249,-0.1553666265384387,-0.06440166241428888,-0.034239536531238686,0.0630601608441705,-0.054361607580265384,0.007162280481636028,0.03751721256909561,0.07607630371233078,0.09741724243614594,0.018483061970315604,-0.05009696121769423,-0.004966585206098365,2.564631368223592e-15
-0.8636288143926008,0.0018214879930033333,0.7415328949164582,0.6792786294515153,-1.6099396694121544,-1.6798036637868985,2.0918611911517773,1.2217935838225409,-1.2308002603085526,1.4308299973803784,-2.634650421243716,0.9093179608727553,2.405503054431674,-0.5413158336816176,-0.6988061667443939,2.681287483982262,0.5577397895292808,0.8526513352454447,0.8810386587942578,0.10736428193497126,-0.05640321248066801,-0.7291964296101443,0.07133110080534763,-0.8575368756115063,1.047013573262883,0.822225464133058,1.4461670439207164,-0.6630327258679097,-0.4420969316769136,-0.7834475603091811,0.4508246798814794,0.9667903524503731,2.439347092688743,-0.18117513912159527,-1.466754578990568,-0.28559436700567586,-0.3210989390392952,0.67579543884279,0.4119077547282107,0.8557961063473896,-0.23540292942780153,-1.6458673784282096,-0.33175008853830573,0.43919934131486255,-0.46068931135775454,1.4577820176478435,-0.7124302641199377,-0.23661528460086054,-0.2472514783246567,-0.4962180611436656,0.6786099758498394,0.08317572220536928,-0.9398052052383692,0.960545158509248,-2.6721617837516196,-0.1600807373317244,2.0366205423962085,-0.14109253438104735,0.2187520016741226,0.16766274509784324,0.40705694372373946,0.25966705555776565,-0.06119276126615157,-1.3606480306422275,1.1363289160499952,1.5309845904131465,-0.012336232170970404,-1.128296734466101,-0.04375812990102444,0.9288908911187825,-0.6021662024002482,0.98936173880262,0.1269899178273917,-1.3610980507534303,-0.8210991934694781,-0.08022305897584808,-0.38860212385524057,-0.4478737408939228,1.716292167235893,1.0226174889817794,-0.3561855040461829,-0.5347074875126925,0.5265368966417429,1.5634968782684817,-0.021863076266536458,0.3633523785988093,0.8101375355373485,-0.8437125700077579,0.9773913892416576,0.6459905373671458,0.2401769910060347,0.7203141534639743,0.711350927503362,0.0752322539195238,0.5841199258267159,-0.024492331420386412,-0.3395823608868674,0.20834613340111444,-0.304748693047043,0.12300180170848261,0.2960444137451406,0.14635699032082747,0.04310640045273542,-0.3682963451228765,-0.5226267672458168,-0.4227295959904639,-0.42183703882946155,0.4824950500359772,0.7250538663513111,1.0411923602456825,0.4036909338545449,-0.10628479994886296,-0.39993599409423713,-1.2832828707672468,0.592536476092683,0.32359614752374516,0.7904185298039836,-0.19158460657761256,0.04142080663692971,0.12875739265314118,-0.05588864423745202,0.4270589831339911,0.8198919579260007,-0.10929199794115559,0.07008536823884501,0.2758265331396151,-0.47125873233861626,1.085563005071283,0.12015575723464605,-0.6517348038687888,-0.10883883183016102,0.02499086130425919,0.050209153106510626,-0.08527745161215716,-0.07637526183474258,0.022850030491198842,0.1774886236825885,-0.600117911059354,0.03541786975396883,-0.23615275704714897,0.2921450624284856,0.1770889909370967,0.0065894245034957555,0.03621399624427626,0.15684034979645403,0.11651934887252445,-0.026572835562529356,-0.6552299345153443,-0.3440399451148456,-0.4012807226004127,0.015006752243352635,0.08057592424460805,-0.5153381140098702,0.07451270824118804,-0.09656131669914735,-0.22023177451988243,-0.06191205726604653,0.14046945586432472,-0.18306692857719847,0.6014887078997164,-0.3141645894010863,-0.13368560865647203,-0.047258443130184506,0.10742615056160235,-0.064310736550416,0.033631611185970356,-0.20760715239211108,-0.11002371621710441,-0.07780193037561223,-0.05013232816476526,-0.07148519220372816,-0.21815876062882694,-0.2765798810331552,-0.12044174152200256,-0.10823222232224884,0.10925337187408624,-0.13424550896870274,0.024138561763815736,-0.09624164648313008,-0.16855843895325484,0.13114875679461904,0.06748243052439935,-0.22479463867038074,-0.20605675902515228,-0.12497376283147944,-0.017926495920846434,0.018880080115315428,-0.03419882749787099,0.03151527114304692,0.08993415422415522,0.10281186449214973,0.12185912934697436,-0.06279495317494016,0.03569490908160537,-0.01689774692684848,0.007787356709605813,0.008182039188810681,-0.01581079744276812,-0.00424742880065081,2.564631368223617e-15
1.6869453949037223,-4.0340080939914955,3.7124223316550986,-4.467460303903954,2.8588892832887867,3.285847477009008,1.110486524387588,0.2790676075456681,0.41320208973644135,-0.3344782494653078,-2.8662942796947375,-2.8097968712568226,-1.523035005544245,0.9977716713086983,-2.083842551768474,0.39704722714410884,-2.916231808830601,-1.3468856203804256,-2.7959391562894123,-0.07554651652763684,0.8405204815132968,0.545871079765008,-0.06665222404956717,1.271174244823866,0.818366364707086,1.0569624969288687,-0.9729670104893811,0.27789276745588465,-0.2380527037981981,0.31010050007098877,-1.3576214627181253,0.29688016379003923,0.009546245600738655,-1.5966511846177376,-1.065068408374855,0.15440624284283952,-2.5080299974416937,-0.7896721430292152,0.5678155482071499,-0.2492536582245222,-1.6617136037167533,-1.3200660648505185,1.6236086822128524,1.0445601231322017,0.06919701427512771,-0.8190146387529476,-0.029681337526683307,0.5549259017559379,-0.518934044905155,-0.04349826909726817,-0.41644993175933254,0.22207888080719454,0.30915685521168107,-0.0961929195003282,-0.7149297497705467,-0.6538149132549544,-0.8117995468482065,0.12510282596469424,0.3580254936959722,-0.8043338243312944,-0.43509206901296604,-1.0138733761616983,0.19879164489252032,-0.4110680180462812,-0.3553008339603398,2.235878822225678,-0.4809546665525109,-0.17500197446222968,1.084336701372595,0.09735240363191264,-1.5876113516020904,0.07069392323559401,0.7976607562281082,0.4589721280038582,1.512105315878047,-0.3326012020934643,0.0874152046221928,0.6163703790920796,-0.00484462334221749,-0.09055463355184737,0.8458970692823706,0.44823172681338375,-0.20398033491402393,-0.7292281374980152,-0.217402503171975,0.3412329581157843,0.597127850908277,1.1818977374981283,-1.2391273975924075,-0.03791847384713092,1.087363000616148,1.2912270829273997,0.13105432537341283,-0.5461000846075574,-0.5466463927075966,-0.37328660377019707,1.3275635682525289,0.5158030785749356,-0.5470251686760741,-0.4274712986781546,-0.44878575104386925,0.09052285289457584,-0.4981289942610532,-0.09446762977054986,-0.5750912744017251,-0.5019412087435791,-0.5013548239083795,0.5414859641265769,1.367909062824879,-0.2908319873158002,0.38909548692601514,0.22900754386512373,-0.02910082993516068,-0.7444491941946236,-0.17316347761769785,-0.3687264138615806,-0.08176500675447533,-0.24478533966924346,0.10043226296771625,0.47256457184664635,-0.36902533615388833,-0.3150097284012598,0.010419350218666475,-0.560164276284664,0.3648698761509178,0.08425504957205761,-0.3458443426730336,-0.8745975172686319,0.14806811465185843,-0.17002894165421148,-0.10934058286858561,-0.3286721226819128,0.5222434241722304,-0.21443696453992156,-0.12943710847840573,0.26864306065758925,-0.16624709310605168,0.3223533977483255,-0.7585241075556075,0.13567770948888222,-0.2699682842399136,0.10350472655123655,0.3057819377141423,-0.4176887896733428,0.6012382376562037,-0.5324582954461016,0.3584438496484218,0.5233453366315104,-0.4288145124040198,-0.156542911819462,-0.3430358698889963,0.014308233603265809,0.1301009780788615,-0.19286622496401656,0.14148364341894626,0.015693883078103002,-0.028530742302704363,0.0463706252979734,0.3877542712783002,0.03538329353451477,-0.21334955058041133,0.10160974837681709,0.2722789285216747,-0.07173852744316545,0.003837482127951778,0.24829175960254568,-0.14497250802992084,0.09398818221789655,-0.020580719141134005,-0.33226321137103343,0.18939407515751303,-0.17673580274620584,-0.31514892319089216,0.12094488173949665,0.0963820406504627,0.013981911345596499,-0.21807248373026447,0.15184173405484952,0.05203935249973542,-0.05778616885249451,-0.06104104510929119,0.06646328745380414,0.024849818806203988,0.02632497318190926,0.09153655361348305,-0.07987508398036379,0.12712772753953686,0.10464841087987764,-0.01314467583714627,-0.012272703321393965,-0.03257620104723239,0.053489396713397704,0.04541986039476979,-0.06636834531773657,0.045530351194808125,-0.07029292201221776,0.04166986277903005,0.006040863131098454,-0.04544739913981622,2.5646313682236018e-15
0.5749371301587071,7.736284162599676,-2.362151718290428,-3.4129341522285532,2.0010746717920003,3.4598575515415804,-1.096243970413378,0.7710139262209809,-1.4317559943086897,1.0071207456110405,2.583364500703835,2.05231756723392,0.621679480162791,-2.852741077285599,-2.1974639260509345,-5.02053527876504,4.172194615132315,-3.4323735545891982,-0.8844018375737941,0.4961183142450243,3.459487345529239,6.170069654977469,1.1026870965976285,3.0079954845885597,-1.99617315830461,-0.21221831789222928,-1.0138679567458262,-2.6181627523070383,2.738173005034777,-2.118589731959923,-0.3029781210347072,0.4428913590087063,3.950779282765562,0.09955388178414347,1.9721327838400338,0.7771853869001163,-1.6854269511824824,4.056749170847587,1.110366992676008,-1.4043628127575485,0.726794185229855,-2.9930926635001813,-0.7243965489512202,-1.0987538296402242,1.1737053279567533,0.8431926735908739,-0.202782167612641,-0.857554305495279,0.6595938438403425,-1.1671422379393728,1.7393787478145706,-0.6309713832554553,-1.1954691893457705,-0.30254738262976366,-0.9684174779325696,-2.6797561034319854,-0.4189008395537529,0.7046184425297523,-0.39011577125773667,1.0437614404052007,-0.49573538522014293,-0.913421366453257,0.47128938644317864,0.7508212831508384,-0.36178340266711306,-0.0565144567116633,-0.3868860358867632,-0.532338523463587,-0.1832626548239817,0.6897888871767921,-1.5912292566333395,1.0872187224115204,-1.562809683663565,-0.28085190963735485,0.598896859666964,0.8202756848900957,-0.08836323157856472,-0.19039164022995061,1.0638041403214387,-1.0589532525970355,0.8206525701164767,-1.0365706542070507,0.650874916718542,0.02099165033284186,0.3422293221137324,0.453146315310837,0.5673799295662633,0.6436604706248793,0.3401564889179984,-0.5243438233239556,-0.5919383241295658,-0.10483072694633197,0.180505666667499,-0.12216381369194364,0.2992963233325676,-0.621870882266424,0.5543023987413402,-0.49585261511594647,0.32982015148426896,-0.19542442214654296,-0.6951763565581233,0.23606663623718835,-0.3414239682575423,0.12491862019222683,-0.8339920222877532,0.4945644752884521,-0.33168327337105086,0.05712340238820862,-0.17614729699542153,0.10206918014692051,0.09590146757932241,-0.7558408649556279,0.5420078112447474,0.7126974657315737,-0.26670526197104255,0.2686832278764496,-0.21559769759247235,-0.02244820578007497,0.020039682704357898,0.1502461708838706,0.24802173556432172,-0.09947438570439045,-0.39741997777329496,-0.06903648721922499,-0.1096703210159945,0.35040947571145936,0.021165821838913895,0.1567412422009115,-0.1285880700231405,-0.018326181699630337,0.22666891997733518,0.1669026082463313,-0.01694577015395977,0.046752427904960245,-0.2546766648605523,0.03288495382053671,0.12062681231562043,-0.027436186495689043,0.14406375923588904,0.06344466794651,0.10028189783226396,-0.22485380982536018,0.05170540053807686,0.055904054795557004,0.08275175531504711,0.20723581420374634,-0.18803774034120754,0.10100616025051336,0.11319877648967971,0.350575882176254,0.15609894806727578,-0.05005431609011481,0.08660640567709608,-0.06073056154726933,0.045388995206033386,0.16170678792573695,-0.0824460112764524,-0.09564229789997934,-0.1545944492024175,-0.14606944579753256,-0.0646544698443186,-0.04385952075456419,-0.03295712897194102,-0.06896792457407828,-0.034485623943570506,0.004602983867256424,0.0363816490231923,0.08575876484661243,-0.20586832737716027,-0.0832863966646861,-0.031473088509570604,0.008653520397091118,-0.03463392845091789,0.07031397071894732,0.13987464801129684,-0.003250248204599405,0.05892407045177192,-0.045069224851730705,0.06896114429605893,0.022835167025833932,0.029594109988862628,0.057132087721835215,-0.005539662988648475,-0.0896953522153929,0.06430937858830595,-0.038862060757803046,0.03840936622144763,0.001969023869097504,0.00781358545704423,0.011647396790582546,0.012952837868575208,-0.002042975988545753,-0.006268599248592489,0.026249241330211528,-0.024440182098278466,-0.018266648577205263,-0.015570404028295473,-0.011228932518583907,-0.024466514033508,2.564631368223613e-15
-3.981194528002776,-3.085874436485865,-2.2147276756783882,-0.955116547754859,-2.9104879943600976,2.791740546379108,1.4383907404139673,-0.3511497008354204,-0.7487672522149352,0.3223158133103081,0.35241159384394594,-0.41016327977311945,0.6698777675092017,1.5786141004439853,-1.6682899248083642,-0.019358072768958734,0.2201175155925077,-0.588132528518251,-1.4600710799300984,-1.4212584984314784,-2.951697598355791,0.6173376047842922,-1.9887898562531152,-2.494489356788032,-1.0445406246422166,0.20204412600776933,1.3060266573837032,-1.2946900486518385,-1.5575900625095913,-0.9357480955999588,-2.0883976795062793,1.7406009103320506,1.350674174555804,1.689552811475555,0.6620891648002646,1.5878023647976072,2.477274969910208,-0.5246564677186891,-0.7061159886847197,-2.156838618591422,0.056106108187883946,-0.5417350029544842,-0.3806152662563969,0.0906673739027516,-1.0940809142561327,-0.9079868561564979,1.799784612075016,1.3651762507839502,0.007220404012824994,-0.7357520929923187,-0.5531446513430575,0.3535268438934245,0.19008860587170445,0.9119506253217555,-1.2647346308938407,-0.48644842577730574,0.8171178821518529,2.6672892574032834,0.35239851487159685,0.1627195812323473,0.7446871359133891,1.0038119314134728,0.025171646449571615,0.851090254888905,0.7928882307785708,0.06746181694781002,-0.06209357130248091,0.25189959520999433,1.384021882201112,-0.5408184383179436,-0.37513772436943005,-1.2950142456461478,-0.173922412360574,-1.4304831600033008,-0.3521523115339533,0.3175565900687827,-0.44143342927505724,0.9641978819531682,0.5778412892490833,-0.4148652064304365,-0.3078645612532393,-0.6058472461617969,0.6760442322017803,-0.6564282431837938,-0.5326474202728461,-0.6600427545591553,-0.7546035177024486,0.001370025907949669,-0.14401270331083482,0.7126937400489856,-0.3381259170491432,0.01930844502737124,0.7334696591863317,-0.8094621114790673,0.7089508049660894,0.8221559386798233,0.2645600292130434,-0.026497560039415956,0.24843954444507965,-0.36584012386704046,0.6145950045945762,0.5997865571326761,-0.4403200333630058,-0.6228275655715754,0.1608072377839877,0.5586929987950565,-1.1467364326478526,-0.9608306834154157,-0.4382578358292356,-0.06901138869378085,-0.37111268735277814,-0.963342483963686,-0.7468440288252893,0.3555561911088798,-0.0486894786722674,0.4549699962597719,0.19445969664484414,0.20693890426190867,0.38620889730794744,0.31917088412988914,-0.12705468931722466,-0.29770412445134864,0.7828829745309491,-0.2577430506810001,-0.31715559372981567,0.47820209535601144,-0.4403400023912351,-0.4885083961233085,-0.41128639410646733,0.24658044619347247,0.08229451216324447,-0.30371980405362087,-0.05207650434302355,0.02253615698261991,-0.8996540638540071,0.5839885628052122,0.18431524675898933,-0.09010321999014223,-0.6272494849880823,-0.5658746817604398,0.020276577145170824,-0.137141958071999,0.014505172000366755,-0.3524569585286901,-0.5457113029838359,-0.11138464413429403,0.07528910756870667,-0.13709625793821756,-0.42567886069141614,0.17412634809461314,-0.045823088955713256,-0.024582387390079802,-0.21892720114423836,-0.13185920082489383,0.2263315213059299,0.09033088058784781,-0.2925322402046137,-0.20070655818642544,0.39412558729728375,-0.07091360849785358,0.11486130818094316,-0.06664928453579866,-0.3720494311372351,-0.13756016384744274,0.33131003487053573,-0.11458989107147896,0.033816211915052755,0.2361516683353556,0.1720301917224959,-0.019062021570344256,0.0724360659468871,0.21291389909091615,0.018963439040645208,-0.0940217541161141,-0.1250833167882126,-0.14009772316645397,-0.03207174041658404,-0.07039474681508952,0.004376429999962086,0.016369307915308606,0.032077456739850164,-0.15134391119051038,0.03049071895924934,0.06412221708043467,0.07896721096546833,-0.04377002767655897,-0.0034065746991510165,-0.11753816343773243,-0.15254328587901528,0.024189888517859446,0.015869197401448813,-0.026871143324083344,-0.07658288379308233,-0.062367285944187875,0.05433920695105627,0.016216541646058884,0.03197918044102554,0.08804549514511532,0.0018663592204064866,2.564631368223585e-15
-0.9169118247119259,-2.6468386783562843,1.830367903497249,-2.6216094917356516,1.986101305674977,-0.7162529047966394,-1.8377981856140624,0.07286570248642185,1.0236285789461732,1.1792761289067966,1.54459714957238,-1.4597990077113159,3.1213587868817916,-0.14758234200153117,-1.0129273923119384,-1.3295122100164507,-0.5876215423089386,-0.053566032637508504,-0.09781564445074681,0.013508829417141316,-0.7826605620679908,-0.9907583092832881,2.1619315582510557,0.326631497434498,-1.5632577608731957,-0.23558192268702496,0.19291597659059526,0.7275758158374815,-1.8452394240818804,0.3886812287788921,0.6130360433592411,1.597549350351478,0.8229391496049404,1.1290329979237075,-0.8671484884724758,-0.2060648252018236,0.5991176152000848,1.0308027351411542,0.19569087503343674,-0.41298489344871164,-0.6447126884767553,0.5996256629286206,0.6411161271827123,0.42504689062801654,0.7313414977590252,0.36517308337211596,0.6210004670986939,1.0529842270682375,0.29645277174293355,1.6872245251065396,0.6390596942058093,0.15002694495684343,-0.9033214808172552,2.312611392685697,0.5238856999565956,0.4837053414611812,1.062879607806783,0.19353242921073988,-1.3166895403592587,1.260915898195442,1.1680547231080416,-0.03550384558720698,-1.2976881441164185,-0.33538881846744883,0.13780286888121734,0.13783580501098017,-0.35778218560101493,1.0593834704848428,1.2550941560709983,0.7663957059490819,0.8284461249516969,0.8266441332503548,-1.2786920375588586,-1.1660364749402814,-0.31321345063467027,-1.7069556769078686,-1.8191743591148741,-0.0545451861056155,-1.1490403076595894,-0.6215085785577683,0.7125137465804099,0.7638313155563546,-1.3996006508835799,-1.409541260978129,-0.7413966869773382,-0.8561270826621123,2.1098876432861386,0.4715665266349075,0.9332009972992932,1.1014734920304408,-0.3936188919576346,-0.9704808041920104,-0.5238739656933437,0.7818430255586729,0.8019782285518502,-0.6621545774883651,0.16370942021777932,-0.3106241354321489,0.4533383658904174,0.457076613722951,-1.0561725594275322,-0.2735746759601575,-0.23274138757175816,0.04768225347306313,0.35028317083890187,-0.21039545044110558,0.8559979853248211,-0.2094396658508347,-0.42844566348964414,-0.010015663505295695,-0.0796329191589132,0.125357110375041,-0.48542494035478473,-0.15508005126188204,0.22345347315626538,0.22853993566063674,-0.16362762587331997,-0.6957061198006995,0.5598881519641412,-0.12076119165540335,0.7074050564725091,-0.6140000592833872,-0.8216540125916528,-0.1246110183432817,0.37521286473968724,-0.23446648580145024,0.4237721438547433,-0.18519271616768176,0.2797544461067765,0.2569707149453349,0.3643505349802499,-0.7268969735653712,0.19642463785517336,0.3380681499728704,-0.24131919703857205,-0.8630408866550733,0.5835999017892367,-0.36624056957890305,-0.8446248625525259,0.2193435729013683,-0.008234431199535347,-0.3109433790901307,0.6739786372241371,-0.03973210424006268,-0.08000613250601891,-0.35708326528132556,-0.1462034928386478,-0.22284115105124283,-0.0675034795551468,-0.5406238044130233,-0.14933079789845524,0.17314468021930024,-0.08815637640358312,0.048165299412353445,0.28407455461075887,0.2778640145864555,-0.34903137263203654,-0.05731688280937802,-0.016991806715829692,-0.0924424226012876,-0.3196516289870915,-0.009249006314922507,0.006450847470550817,0.1182805358698583,0.0031597681505110913,0.011244567451553864,-0.14378262242018805,0.0941669125161784,-0.11814570031339018,-0.062358541794688076,-0.18140026692705244,-0.1080014416303378,0.2066712204323626,0.13598621652547144,-0.07930759759242265,-0.017315161187427958,0.04712378944421347,0.11550597867787435,-0.03764613020032891,-0.03387733331967336,-0.11401794653756618,-0.02021027324026394,-0.09956810628757064,-0.14624849879603063,-0.014853917249537866,0.0787831790645351,-0.023583463717655694,0.00781168925554755,0.02873578570182232,0.0013882470134505883,-0.03656632730807577,-0.06555680198755964,0.043580732744506176,0.06361015743397279,0.024013371311963638,-0.02363890876117922,0.02152766299502386,-0.012427023357930255,0.0068531108082178225,2.5646313682236045e-15
-2.652971740472999,12.54653419597339,3.224817457907653,0.06287653615749433,1.014402029929498,1.9213490533440167,2.523915042915273,-1.2636587430799637,-1.0598949329248355,-2.236381363421936,2.541638562635613,-5.117030423964995,1.7412722784644579,0.13727000634952763,0.7066329759438961,2.624362174669763,-0.9040616575995986,-3.7387407735175957,-0.8275081438948384,1.1792598537257164,0.8127215739496404,0.6868713084925845,-3.019497265650018,1.0354568084523141,3.364812017886674,0.3247690046438133,-0.4196236894979713,0.07150566626909884,0.21125204791653515,-0.032305652452676845,-0.45019212105833917,-0.5465482358243998,-2.71526716314764,-1.279590988767924,1.0422076967908118,-0.07631594688101546,-1.4909889859870655,0.10487022435932208,0.30865704083232204,0.5634261904802722,0.30436537522585627,-0.11489358838627395,4.383430192229637,-0.2567605671931496,-0.5156313383649169,0.05215241193987988,0.6838511423604836,1.605920243585178,-0.7806437738361648,0.9203577655221902,1.8474832307469753,-1.153524364125128,-2.1896105276921305,-0.598190745504414,-0.9960122473057378,-0.7963952014342807,-0.5524788485916274,-1.6428626755602966,0.6038973301419579,-2.696562995606922,2.3786473661700156,0.3891287799531957,-0.4809650251626114,-0.11705868368784238,0.2872477001077506,0.8641139922996991,-0.181046935433209,0.17080632943140378,0.9561853909246316,-0.11700770938838467,-0.4821747071077736,-0.6156910097517766,0.020768870262635967,-1.1677040566354202,-0.5189449133032797,-1.2834849019754024,0.08532762436071571,-1.5463227788276073,-0.23324370677380127,-0.15061313521852687,-0.8811213795865627,-0.5133475697684032,0.710376776111641,-0.19375382259768065,0.08204822068929202,0.6954918535391057,-0.15729572978155285,0.03699979748916447,0.13089629178569798,-0.533131292863258,-0.5663498465037576,0.7534041421447188,0.2919130011348499,-0.33786766619090935,0.817617208127047,0.26885886857165064,-0.39339838962751156,-1.2271482724397782,-0.5934183568649558,0.13069192398341042,-0.8229562970471965,-0.19116124711905969,-0.08323546428128507,-0.5190220012583681,1.868922495048646,0.2155741828857348,-0.15079000590552102,-0.0017309473429131432,-0.5250914111692982,-0.25921550596739784,-0.2780173370642355,-0.8848154959404304,-0.9178481148193292,0.3935705117985814,-0.11451991040721166,-0.1982898118390899,-0.00494628647128547,0.07460280017987199,0.05692103996677636,0.4092449424737116,0.22446879306736317,0.8750679899911867,-0.2044106962236004,0.4330590765977447,-0.27857387065664596,-0.08181165717341578,0.26708816713669825,0.36699386586141347,0.11689658388346781,0.02782240666302348,-0.33607051249302056,0.012689286169121006,0.2343857022703011,-0.2622873715478666,0.13301148949668332,-0.0467912055242697,0.35811933907231086,-0.020000305760036932,-0.22261781381787124,0.37586727366398714,-0.04267210368227345,0.13199666321438636,-0.5255403308989044,0.06837815718042689,-0.17444991083489064,0.2964339589607971,-0.5337258257060695,0.005033708661162019,0.14981325263926848,0.07509558894205991,0.12396765479468679,-0.22965787838560436,-0.0553613793921982,-0.14117630083090046,-0.19818176896684525,0.07091721004541425,-0.18244643504757765,-0.025939178849450153,0.19855767923533207,0.036968140164972366,-0.12902821589582686,0.17825180109083577,-0.030549390049800666,-0.08666434086104413,-0.03799833469924937,0.10962867476539076,-0.006436111115128326,-0.10816208452183564,0.06865566687955922,-0.021411310339891354,0.14353742749110715,0.10849752127098229,0.1380409945061011,0.05067858309294044,-0.12885355127740106,-0.08873237785608121,-0.009422950610798316,-0.019641999216837718,0.003754956623040964,-0.0126498370900661,-0.038338453183286186,0.058845221487345035,-0.032643250753107866,-0.04075300300996713,-0.030341655379565024,-0.07387895926552536,-0.043242872395909446,0.036716228085765204,-0.02235985643119796,0.04913269644647017,-0.001986417083735927,-0.07615522375314537,0.05242454457551329,-0.01981799242481242,-0.016719014915442608,-0.022301983983741724,-0.02251081678609434,-0.027040592409652085,-0.004919920270526167,2.5646313682236045e-15
4.794351780230625,0.5740998944474678,4.148967596934744,-1.5310921376298352,3.5157927910277014,-5.11710880540986,2.1133677497017125,4.07030574587381,0.37283974106088097,-0.19655545805332994,-1.3063783351108023,1.6422110229197113,-3.498875728462826,-1.0506780567613543,0.6303534309259099,-1.1363885437148802,1.705409301446526,0.5267888746364389,2.905036554053327,-0.5395725449040074,0.5188030172690187,0.4103592317250942,-0.3793165887010678,-0.9933461168852052,0.6516741172732531,1.238652857093053,-2.5558858259702926,1.32460102575864,0.9580542288379171,-2.79142648823403,2.3306103024663773,-1.1201227457582144,-0.3493262169408134,-2.6890602770108756,0.04188709690644078,1.6218653164583345,2.51213019168213,-0.6898611078896694,-2.5685394070153738,1.061399014499999,-1.3900234481249192,-0.05876566885991321,0.3944603372133797,-1.663600416139589,-1.0370761501994454,-0.33228481560842604,0.24643347882030142,0.04776275798836293,0.41250700231126264,1.3861685277370548,-0.0995246211328215,0.8739153911149452,-0.6432417931771293,0.10424070028622036,-0.5932478847599945,-0.7200777120720472,-0.06003791849423974,0.6287487366739702,-1.2488446039919778,-0.7126004274672395,-0.6994424018726763,0.9398463004614843,0.7967961629438435,0.8296613018525143,-0.2663639382360122,-1.334605492735153,-1.4826692215398263,0.8651998488214122,1.28727963273403,-1.66773325523353,1.0460958444827804,1.5937581147856623,-0.3356223618326962,0.7054145179213142,0.5058769169194297,-0.677191277679895,-0.5602212595233276,0.10484178122159461,-0.21401180463828257,-1.1211731056944165,-0.9814293730612396,0.7210413975356966,0.5584970566626355,0.763055596306509,-0.4154937400535437,1.1260203007755019,-0.3432353020254979,1.172465898098839,-0.07343052003648069,0.04295982323478053,-0.03306285803212786,0.10113994741405229,0.08145641655413136,-1.8243242871352408,0.3039492517119022,0.3072227365897884,-0.6486389396479966,-1.2779830667340433,-0.792528773828732,-0.4859424827403445,0.18475972895663417,0.3007842962413291,0.6430741647184304,0.3803122423138776,-0.5405547436516603,0.6903917785687129,0.795648250913276,0.8587674798573453,-0.20786181563192896,0.4580464067817495,0.2398416764662166,0.06669898423285842,-0.25759627448616534,0.6634981572426538,0.10746463074319959,0.3991588040474318,-0.3387610041898183,-0.03533441121044507,-0.20724334181300602,0.0976977926762252,-0.12649497115911074,0.06499536629891224,-0.18941072818759294,-0.5244617266644478,0.05276414019181818,0.29428258127410284,-0.14379166016021905,0.06578755197485726,-0.07282288036078488,-0.13591236418454605,-0.032995138086582596,-0.25013897955559244,0.3130970132959992,-0.31090961646661736,-0.6732388326892208,-0.11175910146198363,0.1932325609577116,0.08041883665255664,-0.38001223339055223,-0.09346210061155112,0.47736037330227493,-0.26785532855610816,-0.04109302522016314,-0.3417873449402955,0.28327534343989325,-0.022828242493835024,0.0685072552731234,-0.2394388545724654,-0.34688386471992533,-0.1835004430124884,0.3032331066991983,0.149044204145288,-0.06864189506914246,-0.1716037923060258,0.5039430367512358,-0.20173182951928467,0.30558784739979283,-0.11182329111695966,-0.157895196764822,0.29027474323115976,0.05950678067251924,0.046156569119489385,0.06449750458945755,0.2502176435175576,-0.013885431522975692,0.30172910660306657,0.1137670573565954,-0.06832424243260697,0.13948649095855276,0.10942444858285807,-0.06058445741530393,0.10393618986816877,-0.042830136117210885,0.09257343626083898,0.20733416841221758,-0.139303397483187,-0.11966208678996017,-0.09819988004327736,-0.1149131926455792,-0.07687566319461923,-0.07982028171161867,-0.07247887583976402,-0.002898940700818882,-0.03243145882160665,-0.12461685156994692,0.07674108405893805,-0.06147956913162332,0.10963840573909263,0.052478659422876946,0.01387966040657995,-0.10409492840124289,-0.003610977596383648,-0.09073988555466965,-0.08356876293871815,0.00427398956530139,-0.0020753716423223983,0.014157334002255977,-0.03378272898160129,0.016005106916271723,2.5646313682235832e-15
1.997701872205807,-4.427010203003133,0.3700588603962235,-1.7640341546437577,-1.5056455914609086,2.7780394185007613,0.7672140527856529,1.1681296044339373,-0.3458818441611443,-0.02908160584843913,1.8857352294847145,1.676791940498959,-0.15733149812223793,1.2634368760351329,1.7726129357461802,-1.148844802199041,-0.8384219026636892,-0.4521510221751854,-1.487775848107885,-1.1135195632343333,-0.5745555818607692,-0.09017922237282955,-0.8586603492005545,-0.8922315832262481,-0.04824619493249767,-0.09974640058755879,0.9994217830302153,0.2976519697886598,1.208328962450224,1.0109690861386937,2.06303607071739,0.19842845388613253,0.8390841916819234,-0.032707726769540584,0.2621369734581443,-0.10345743330103883,-0.6084885318103908,0.028328677134495953,0.34081029393360973,0.3492110448716518,-1.1861605360030232,0.313161260359812,-1.3365623350575733,-0.19476432183192888,-0.9771111386546494,0.9206768685323966,-0.6062857031576486,1.2070685480511247,-1.5975117430618155,-1.5504220187174265,-0.5661697461031648,-1.1053687784521333,-0.35574741317598496,-1.9940413024661174,-0.788066881243115,0.9235415746407276,0.6949293988191984,0.2708803062471279,-0.19314640130018737,-0.39576532803992215,-0.3185403899380208,1.037381484227753,-0.7925645644478012,0.5722382435947017,0.7489165659913062,-0.8062623797377928,-0.6862322271740324,0.5409991631957107,0.7687038377991935,1.0586991282293003,-0.3806782270339524,-0.09740228367884134,0.24174690567352447,-0.9060242782738221,-0.15646842944983164,0.09627817455986094,0.5849084076198924,0.7383392497425995,0.7823419071609561,1.019289772865729,1.1120700560598054,-0.3568143720403668,0.09298927361286377,-0.4643586441576283,0.9123606271148649,0.31205207609853347,0.5858059598000243,-0.4722126760324401,0.8623414622683674,1.1468946529493629,-1.0419215379422613,0.36793269004102724,-0.11390464156773054,-0.26285753963135644,-1.1458975843463426,0.13125873064932497,-0.4642999713165047,0.006950869132958448,-0.27794115909393646,-0.7192419767175695,0.5383690490891547,-0.05985422496518196,0.28553517905242326,-0.333255073784414,-0.4093980135408852,-1.3166696228341357,0.45581737442258136,-0.778079131970969,0.18637977420685592,0.19896947338265328,-1.0808128791963671,-0.2932555482708897,-0.5195016590485446,0.9486240473512105,0.07701735716289408,-0.5574502737822667,0.0862140699611906,-0.7448518717453209,-0.08534640147156482,0.48701300079245635,0.657608317198984,-0.15364406581421244,-0.3126221085574611,0.6910722878269737,-0.2555113591250535,0.22519528688720392,0.25810135587498334,-0.022314495953465335,0.34515940985964677,0.6591943679380017,-0.7199526259109572,0.8616679947626482,0.35669721540530097,-0.17590314350545386,-0.19220109380852204,-0.5034769295680326,-0.6959497723503582,0.5422636922754283,-0.20442012185665,-0.3903137353420256,-0.21227108570048436,0.10747591917790983,0.15237907337158824,0.029548777630378574,0.4892089984046884,0.504498671259102,-0.31980431748936355,-0.23400129703502662,-0.4737633749581111,-0.4212187415666193,0.15209357941304774,0.2553306536742493,-0.19911539520666346,-0.0843899275318359,0.23916070816154175,-0.09655124397729499,0.1810793105554588,-0.20687161765945547,-0.008740324043930424,-0.08030203004007803,-0.18254033749138593,0.14344146538184446,0.5206964391329845,0.11356680791069594,-0.27541235079708537,-0.11207544047377187,0.030121092593103412,-0.0041124185523298456,-0.002890034186419154,-0.037969497949619575,0.011593316662300636,0.09404440933076488,-0.014554163384548697,0.1635587008357674,-0.027753954609323197,-0.37827057260720265,0.22077152016962945,0.3159109234197316,0.02068317146175218,-0.02468354317565233,0.18230004137796804,0.09516548842916993,0.15917200522044492,0.1229047421218631,0.06064044768147681,0.08895485240917429,-0.021373998637673634,0.09055234603112325,-0.065724992238259,-0.03236963741151203,-0.012014006616900564,0.02119987635800034,-0.052873275462345125,0.01606726710376757,0.0004961010695492052,0.007464067644651057,-0.06999279527346979,-0.031067259288883434,-0.016200592888860603,2.5646313682236112e-15
0.8054009018287173,-5.249820430274483,-0.8310189473286776,-1.7151011222205292,-1.3663403808359342,1.1862647844355323,-0.16438879223492142,1.589994357439488,0.09233621832756367,1.2295800338645329,-0.02501082237859993,0.6977168418231341,0.2372221458905169,-0.4158031743334878,2.907663581277602,-1.9486079556927869,1.506252393970363,0.17388672129441246,-0.9858855549852776,1.5815531001348,0.5945611796856363,-0.6075372273310359,0.42741532451515424,-1.1730204805769553,1.3059745424489742,-0.07440378264769298,-0.0851350948762276,-0.851434885051659,-0.7456117497113037,-0.9779296665000407,0.5954265973072335,1.6844698529938686,1.1826826554246717,0.6779479785925789,0.0378347823549173,0.49706360513028786,1.0850627439178033,-0.02239726536987321,0.1390830104221456,-0.9326276946125389,-1.136668486869208,-0.9834759427628156,0.08661009066039754,-1.6383017281327286,0.09435022606523014,1.1258728167641163,0.9473577407328532,0.5896216063072903,-0.26434735508169616,-0.856391793512748,0.4309566790274795,-1.6408159729982603,0.2575899678135266,-0.23476911841853337,0.9119099494390748,0.28265862670190744,-0.4294703578096961,-0.8056908874594437,-0.08092274475247745,0.23086795460404966,0.33008245428679134,-0.28639180117302915,0.17154478273978915,-0.19763581393821378,0.36786011730887413,-0.18201873026409215,-0.6089673005421125,-0.6928535809681485,0.5771167918495929,-0.3805976052827665,0.7079282907740334,1.0807706516278714,0.5819362195284042,-0.2820118026385774,-0.3190516949455775,-0.473265971216396,-0.5768410507097794,0.26310927014256896,-0.31350054868539295,-0.4400476765878041,0.1697992401858954,-0.36545517118988463,0.23814590055696397,0.6718701153387854,0.5985758738653753,0.33665772226189355,-0.22789196730724992,-0.4626226592206493,-0.6786729951926015,-0.6028332231214755,-0.1542915533501518,-0.4802758601664051,-0.809129887605468,-0.040042619950576765,0.46745395640354737,0.26584811112571993,0.5695290929211351,0.7358225620800842,-0.37999203588377745,0.09922124748719535,0.23379601519062765,-0.10207331020811601,-0.14787886180150836,-0.4961990739181235,0.8386595820760697,0.4556723568613732,-0.09528859796655503,-1.063427180796088,-0.558558726612411,-0.31797166433525625,-0.4202642187119581,-0.11787174212825051,-0.6997201790976098,-0.029584536778183575,-0.3198546771340589,-0.41983582031376065,-0.25886853155970746,-0.1424177346748873,0.3003797052041058,-0.2713173772302169,0.19037896133692633,5.861476749220887e-06,1.5830295873865257,0.12919829903842503,0.4445174367466013,-0.059500017511610846,0.18679547688041234,-0.6912822245881177,-0.2040172702600419,-0.5860448541649893,-0.509779582488383,-0.0865215772376506,-0.15612491010459606,-0.2811457768747521,0.1850113984563179,-0.36578196679517117,-0.8841235181056163,0.021229101225819696,-0.1795387223704334,0.2185964344089689,-0.009519798118337995,-0.02945567478871621,-0.011953208821893659,0.4987898827518455,0.3286175433002999,0.10008722256698169,0.6810160971444973,0.035434484908898764,0.0646289979915287,-0.15513402903787482,0.05795980349368984,-0.058209359999790766,0.09210923631527151,0.2529392632656516,0.2293311535231301,-0.009490911103314919,0.02970792872804668,0.5061077255193565,0.2472550022270281,-0.13281804834117658,0.31571427068308316,-0.03319172447819815,-0.4579663120655463,-0.018405250641159495,-0.2527265586184104,0.17140895792873023,-0.24182807124938557,-0.02894705909495527,0.10027294873143847,0.054583295374533033,-0.18912394769029278,0.1659610225890047,-0.1523562567814252,0.13075937299041182,-0.2590586469338256,-0.10371893427120651,0.2247946150533039,-0.19769988445709533,0.052381805207471044,0.04676559906034207,-0.3403054385575528,-0.01311510299799895,0.11577989979665299,-0.2126617127035206,-0.12782407841256768,-0.12914544417259768,0.17176981267712668,-0.02284370702596799,0.19616944863188943,-0.05383543016768905,-0.04330412363825729,0.1772226133497183,0.06753351523522745,-0.00031874478094429755,-0.008196114252880467,-0.0338188911895917,-0.032760964967883825,-0.08572433286387332,-0.057182943488335546,2.56463136822361e-15
-3.7323096725680647,6.586578874188777,-5.5306918283572415,-3.729271686170803,-2.691802709709517,-0.261115630285466,-0.8065174147455063,0.35071917195382213,-0.27177929931995226,0.6821089900436762,-1.5089393088861494,-0.7076160184094556,-0.6944338519329837,-0.5687516758240759,1.9925728481585478,-0.08555643210789493,-1.281728657853876,1.104868022325067,-0.07692432456082578,-0.9127623693834419,-2.354875683499963,0.22664428800541342,-0.06036869005627577,0.7354860546990805,0.3502845983472911,0.9808074315715934,-0.7012913506727069,-0.11519676458044402,-1.3406083344174098,-0.712530725254338,0.4284885506136698,0.676277804941486,1.393079864723801,-0.6614391928786557,0.0799087143060136,0.027857820635769404,-1.5016798929960578,-0.29735361398275356,-1.7423942478436552,0.6399861489748578,-0.42629137555851243,0.4178530694152735,-1.4841090988031287,0.33007162242720856,0.6920164888809053,0.867410481458882,-0.45440977267874366,-0.5158513825474885,0.3460276327618727,-1.4569195361602054,-0.8281995490715923,1.127601618176787,-0.5909170094151924,0.6542064082760659,0.004564084116334983,0.7008389208269752,-0.8341510106810096,-0.07550648516661834,-0.1634379188597689,-0.6498425357524916,-0.0466496292600555,-1.1548595582459864,0.7858739132713426,0.9478660937210721,-0.19644272996428927,-0.24408146477127943,-0.25445054133379635,0.36643748132640885,-1.2677960571705416,0.28118202598122677,-0.816518421111991,0.8093921418483977,-0.7038961524611911,0.0739016576157551,-0.41313618573712546,0.41404671921631264,0.9700153167802075,-1.1724325894840921,-0.402216961741625,-0.7170306633938697,-0.5642504675889956,0.2668486742043828,-0.2596816358134679,-0.24829403680158585,0.23481707137530788,0.10848382537242508,-0.0027509261041887383,-0.05536493975133045,-0.501821837738995,-0.4866635948250028,0.7753472050540174,0.3134561435383203,0.49785453640299276,-0.13099167765302308,-0.41433709602251956,-0.21695875643860918,-1.075451614730996,-0.7460255288032155,-0.32396921514733656,0.8420266771077212,0.9804299923682335,-0.16084599556501686,0.07524343015267708,-1.001250149972321,-0.3313870592907923,-0.6986065342367098,0.09145537522771631,-0.4058992285778294,0.5170520792652793,-0.39182004805107373,-0.42019509005538724,-0.3437509720124193,-1.150188507000012,-0.5548678497387342,-1.0460613423366896,-0.1871532205704682,0.3245116613930493,0.19240058246144723,-0.2746399324422898,0.2396950373940507,-0.1301678999170158,0.10334055220426608,0.48219373745797534,0.708164906478318,0.3294938159139894,0.5143629080009063,-0.35865841487255407,0.4316393779398195,-0.3205511024999626,1.2265271921837861,0.2921347531168858,-0.6447304843883559,-0.449398272407485,0.06137446626451147,-0.03204129557419509,-0.5992855733196959,-0.14235762485367487,-0.19045773883755374,-0.48415546215120714,0.03642427322954598,0.17792445230267276,0.3396755492749864,0.8645085385901774,-0.41794887750663123,-0.1611579610707013,-0.08427342585451285,0.09502288072398442,0.5316818292911359,0.5377685571084856,0.24177703056640165,0.32517593732254907,0.26231181754649535,-0.177126722568861,-0.22680203483139574,-0.08395564769184521,0.32673766877930704,0.05734749791504441,-0.14963049114313734,-0.003666595331033935,0.17354269949168633,-0.11823737329008727,-0.007658323996511745,0.05995816370937887,-0.2569523103650184,0.37219423867639545,0.3779632662828712,-0.060637147340160624,-0.15918052309151992,-0.018590015362241162,0.1375130091184615,0.18890853029914803,0.20609785220262364,0.13976108611108257,0.24566999377182813,0.01706361083724408,0.3341775643032035,0.2461943711131952,0.20038699729500664,-0.07832463854893189,0.11528438039142157,-0.10889172364453018,-0.03457260963337405,-0.10085950888725764,-0.05703065935527113,-0.06928054086446903,0.029471951983917662,0.14232471134063612,0.01652972412771155,0.02972096987389964,-0.09987470663374406,0.06277432192016265,-0.03932399436880921,-0.08951832202674581,-0.025617808841698085,-0.05718194538603696,0.05323349985602332,-0.03981937011739352,-0.008060315689748132,0.003970177832958496,2.564631368223612e-15
-1.9271123624324902,-3.1779392516010785,0.6597081680691265,-2.1995176873580027,1.2107093058515819,0.10753206596438718,0.7901445538732385,-1.8692253789790343,-0.17245084850686823,-1.1057182733356528,-1.1597475062169822,-0.3320140869207707,-0.4190480482093408,-1.2182571299301361,1.3554428901781337,0.07686360382068817,-0.45350665601678947,-0.7151529784266263,-0.08312852889166737,-0.5682087863187596,-0.17842239829815273,0.48803026536860167,0.2820036958627049,-0.1422674414293137,-0.8839296052444681,-0.6087501735247134,-1.1304304571522514,1.6943761269378697,-0.8616940218900072,-0.0077761980166158136,1.5173139140607392,0.3304073824015229,0.2811054968064396,0.12280889265567486,-1.4578952671383698,0.690269306182634,0.5931719812189197,0.23595242935534044,-0.5413108859040241,-0.905336540974123,0.5256527406307993,-0.16786034048461618,-0.9218850236770869,0.019510710220313504,1.1102033851221085,1.1447586875445488,0.7736383537959466,-1.9691425903071704,-0.41845944953394015,0.7654256804989488,-0.2280954458635456,-0.5880520430390784,0.5107193319167592,-0.37311110624480126,0.22779126537079727,0.9434245207226193,-0.23181369786825967,-0.2879877620230781,0.5390290319039949,-0.6259255646217314,0.14746432732216974,-0.36406851649977984,-0.5048914748031822,-0.11576100349862124,0.8887308935114858,-0.02958734006190327,-0.08697405273380666,-0.01234527139720095,1.1678106011079363,-0.09944070646522354,-1.4620424809049304,0.42238330266152646,-0.4204594494182495,0.0052718858733335535,-0.4592542956918896,-0.7969860506432898,-1.3126108416617885,-1.0058571156002851,-0.8233368363955204,-0.31763531635301795,0.2742512345457962,-0.2635762025406967,-0.053752287482927055,-0.24147717722632417,-0.3531625498921473,-0.3144131714692512,-0.5848543633134916,1.2443071922266258,1.2103655442147352,-1.052844825867314,-0.8611998060907277,0.13269843945552182,-0.3520952370906999,-0.4883548080379115,-0.2178475021380442,0.9444916711791597,0.2935896338220618,0.08712656012790179,0.3023294858413148,0.19886118922348986,0.8818155262427136,-0.048034824713073465,0.9582176152960562,0.44075082454008496,-0.026705311272894522,0.759429873062908,0.23197893426268387,0.3341030403444608,0.08577720070374928,-0.23478270909927684,-0.20580046331489352,-0.07111474796945942,-0.1842145914521871,-0.3950962068200242,0.17008994242941455,-0.2264896927008652,0.5227751401804246,0.13217058115287272,-0.06298070147151343,0.39706432730372637,0.48343603690172005,0.18976882148819746,-0.061839554088026764,0.26298290338972335,0.06432485865932583,-0.5856793895757926,-0.3792846448759895,0.18572014358517333,0.8064986563519208,0.395017378566144,-0.5598367423211564,0.8899932173922571,-0.17358427621190375,-0.580284639398939,-0.11058985763181957,0.5974361531144503,0.435079847707438,-0.10816086300984008,-0.12376980378061443,-0.03165764128675871,-0.485675881661835,-0.19784577366853556,0.2533228706655282,-0.12021639014164903,0.14212423996784657,0.05770530196524225,-0.5923051202562565,-0.057803247276354774,0.5332857621646178,0.08603937497653365,-0.30598612563562727,0.04845475214291912,0.049273321886232686,0.28327313271272014,-0.04178714139832164,0.12612776361521486,-0.2574758905094747,0.05144694985723188,-0.24334334790391493,0.12449530000888143,0.14493393064164944,-0.10422150402682415,0.4065709617156519,-0.4793259642389281,0.05432168056903359,-0.31880371930180307,0.1458892314447741,-0.19407482896033257,0.0652504175968171,0.13264177746226025,-0.31647560733602065,-0.0017806889877217018,-0.2565873812058932,0.24741097212757704,0.22991360630009977,0.051114645293106255,-0.2967725693834501,-0.10910012655509664,-0.07217237336561484,0.10118114135512311,-0.2014765828772195,-0.00996691637927901,0.1628045898680729,-0.0010401244505584785,-0.015052962242119251,-0.09720482428081352,0.13052390792777574,-0.18612669479322907,-0.05030338578861359,-0.11299919210615139,0.16687760774783553,0.0944503910815222,-0.047902917076148285,0.011690531152786563,0.17621246603140608,-0.06290604756567003,0.0002767166639466614,0.010321063630401327,0.04836495217417018,2.5646313682235667e-15
-1.742838253347058,-4.631513987068214,-0.7000683671948977,1.3883110877947793,-1.5051581586458036,-0.8551884980862553,6.083593306643692,-3.084200592142653,-0.5206567694544615,3.2103334691865313,0.7979368962383254,-1.0449860042339967,-1.2318113462686062,1.5082869488392452,2.123840950085171,-1.944089789956294,0.6788787922064001,-0.7507261961816922,0.4069962800925967,-0.04969448753958435,1.312349050349904,0.3490142329803621,-0.46193558586244626,-0.07370126461388064,0.056182235811772965,0.4059225967885973,0.009589719883226483,0.33147518871270176,-1.1695957961594161,0.0033173674262944237,-0.29178079292694137,-0.4682846321648387,0.773119572613254,0.42717404365206674,1.0723973541521574,1.4301252323268798,-1.1233172130643925,0.45339399819633286,-0.9327475852067423,1.1406594189792088,1.728657460146402,0.7483097060583659,1.3585396862192447,1.101264286224573,0.7788095765031702,1.2771515843465657,-1.61643416241739,-1.0033713044500094,-0.12281213508596515,0.3420810696795996,-0.9244911806267908,0.41183252833551126,0.2961132191737333,0.5310473132151712,1.788168051635617,-0.24663904725319086,-0.2362966305572779,0.4438937368845463,0.04495287744741168,-0.15616251313135632,-1.3224517362340684,-1.3111221563893087,-0.040266868760563804,-0.3705081048423424,-0.9068172937209601,-0.5305329073389099,0.025828427128810873,-0.6351733953698133,-0.6725226215605429,0.37423829664168434,0.37763732518898885,0.3703353435858296,-0.693998945815034,1.364755043779963,-0.7741216925339138,-0.48592919116893135,-0.2992216105955012,0.2855058305379654,1.922685673883732,-0.2921426322398147,-0.17235391084594537,0.9190654485369788,0.4627365337694481,-0.19986732956759537,0.5176596158269521,-1.0099998158061831,0.6809340426788786,0.918612621883501,-0.49102923508002017,0.2007484756857337,0.2546544176766059,-0.009635744700898546,0.835108985420163,0.44655139919933357,0.0066621795854503755,-0.5933625901815588,-0.9510603904284868,0.051539722600078136,0.1047177152454607,-1.0271120911171714,-0.1445758820070293,-0.4327860824907044,0.5323515429396269,-0.13703105223835904,0.8167717877849242,-0.6789561058062851,-1.1115919608057472,-0.32633926455246876,-0.10689530472946505,0.7104262017926771,0.13890123949688377,-0.3286533065906609,-0.324054131217123,0.8259672748206295,0.8195493904108726,0.4635332924559334,-0.6208480701298275,-0.22358115347711213,-0.14689426686408252,0.7953615106634888,0.20643975155076258,0.29513642882974844,0.5482818888347586,-0.7923362406491441,-0.5295919894835824,-0.17149004535583864,-0.016563179253507872,0.3685663493986805,-0.20774323745231618,0.20147559207834695,0.15121672821307397,0.22091294937559813,-0.33403716821324125,0.047249144923065374,0.350689030607091,-0.5823315707618363,-0.11511745892999473,-0.01983033172146933,-0.6379497298417158,-0.809667872185256,-0.8095774034425314,-0.29653141195187666,-0.006711090921459948,-0.4933722039625979,-0.061415340153108074,-0.3467284762421904,-0.04773604007809879,-0.3191598249811978,0.34848496680892643,0.027954362135113063,-0.5901857879737464,0.12664193939546461,-0.055513435804942134,0.0651280825550708,-0.2111081945497068,-0.4099212419287226,0.11421871182469759,0.184910090926794,-0.13376606581859068,0.052967367088885,0.2264643027297178,-0.11409028054351714,-0.0639347788875655,-0.28256792237387063,-0.114831050700953,-0.24357130674264105,-0.19993389977972903,-0.1496676902629638,0.0442387134008855,-0.044819392604982494,0.20742795702575162,-0.08495107951838843,-0.09499877994447918,0.016616348598765603,-0.03256207980476511,-0.20391478059041038,-0.05397993110259432,-0.051963722040551025,-0.02636781384112255,-0.11332167736687554,-0.2516318324672128,-0.0729236291880596,-0.12421112956888271,0.1369361043910916,0.012878361547761907,-0.09305384941354708,-0.024912162359720443,0.08387373469344248,0.11795624226422935,0.13328679335541693,-0.01731170504346784,-0.11751099289997635,0.039986187965078676,-0.03276854904676771,0.0005986033200101021,-0.03125321615401053,-0.08435672109386057,0.013836388894054608,0.013783658320452735,2.5646313682235998e-15
-1.5178160312822184,4.17956760676169,-0.11733926173293749,-3.4100103436572033,0.687051625400039,-1.8907332099215257,0.9868249198925674,-0.7966615321148722,-1.5273289652662876,-3.87644839522919,-1.4542592098688316,-0.35842214264802696,0.9200293062120951,-0.5425001003753741,-1.0059009794709428,-0.8546199012543663,-0.22153516883894503,0.4821122767962042,-0.8980648955869327,-0.9933855114114468,-1.678040196370087,-1.200514922203897,-0.7387535056371147,-0.49142642318950397,0.36924437520518466,0.4053729354344273,-0.5179104449159128,-1.5579939610079618,-0.45055258168833856,0.31548667097911964,0.5692297291904286,1.2183499648189804,-1.088803746998927,-0.05780634477822398,0.2149575243465324,-1.288628710519057,-0.2107959670824686,1.5686273375636146,-0.23963323456065927,1.0793680981484703,-1.3899929807293225,0.036063177512708426,-0.33700563134777073,1.5856717601992625,0.8710081639866213,-0.6166378310463836,-0.7961101018592968,1.0999554335648425,0.05247371303066564,1.0758421422916158,-0.4893901075745748,-1.4366382700953775,0.3885734164954402,-1.0371793649701841,-1.2933972038506023,0.3560650878148177,-0.6623932284220576,-0.16363480502222927,0.13826515836919318,0.5966404721054812,-0.4887795489819762,-1.5034655224485274,0.6601284896915094,-1.524019971403059,-0.7472160019727323,-0.6797829100652368,-1.5284044094431064,-0.5141193143521505,-0.02550689550995274,-0.19284247093937057,-0.44644274838320264,0.6437612476524586,0.6413081449552444,-0.06419654028168721,-0.2488799779561975,-0.8478137018755529,0.5392135270214455,0.32256873671166,-0.6019622962664141,-0.05436053460436243,0.005175144631569602,-0.15015542653099448,0.4762026110571579,-0.5124721104191403,0.8265178404861042,-0.27041593368473527,-0.6286667323423096,0.08713876897060253,-0.7531447312590589,1.3559823883829152,-0.2412802762701394,-0.17744648686467196,-0.5891438615805197,-0.4740813184031506,-0.34710283902744815,1.9919015271372134,-0.055298939598759846,0.8957597738655634,0.625723760708448,-0.3960624356569468,-1.0792187415676724,-0.009681614312622128,0.061798189631002635,-0.5734824265376212,0.4412455048250124,0.7082032486753292,0.3781987427009659,-0.0981587128234225,0.08039890401138303,1.0667147247441986,-0.20340928107267162,-0.4233341188892355,0.1411114087487897,0.10955938687017992,-0.6618803112247728,-0.02499067553360603,0.5530999974001505,-0.3828066244205877,0.0001576660430491522,-0.702256201880858,0.8181070141338201,-0.8639648358547919,0.7457261111331557,-0.7907318022695443,-0.3914812299059659,0.4102079464605957,0.3577881969330493,-0.3432554568109772,-0.4484355610135861,-0.022193929442944196,0.30091893625792493,0.06037581999742348,-0.1840539561037307,-0.1870505720914885,0.4987681246432432,-0.4557669771763021,0.1520380265995462,0.1698096137577344,-0.5933058885302965,0.1422220743965754,0.19301701019286951,0.0763699132178194,-0.1805091564022934,0.07889354707728936,0.11076915380249763,-0.014699435106033392,-0.5027083721084684,-0.13263828158082921,0.5653166895202544,0.2081723631051189,0.28925339216440266,0.48209906858651735,-0.11656531578166791,0.09842382314586925,-0.17402679387854683,-0.32753850197089296,0.3990508945679449,-0.3619348343434782,-0.05736407571571958,-0.2878175104811183,-0.15645166209641,0.1606551439290511,-0.11721277315289078,0.2406823092416402,0.3736870121972479,-0.2852959343987048,0.13796218206646416,-0.04267528069752448,0.03692712474704751,0.1829934840838863,-0.16599399065137288,-0.0661879657222616,-0.08040205425756006,-0.15252580605317217,0.20005716842271487,0.30697328098203414,-0.19992857078642778,0.02657652515337003,0.21166817164558088,-0.013449393666999725,0.24940634044413135,-0.04450776508161876,-0.09884013251762085,-0.015254743298667902,0.16440750708355598,-0.015551809531744688,-0.005098551899319406,-0.08263686178774103,0.10373872047248514,0.03418862882063293,0.0009175911250486013,0.049574152824679904,-0.0030805486006068323,-0.0851226786591877,-0.013797933754163999,-0.07500474132772215,-0.029879606725167738,-0.03586076594705893,0.011984106007465115,2.564631368223588e-15
8.241065863288734,-7.511816626221872,-2.4390320409253134,-4.727616592408983,1.9393287053483534,-0.30160535665351873,0.8295923575533866,3.341196738287224,0.4914427050583911,0.9678190994633249,1.6448466862940245,0.3424540844996789,2.4465749681566185,1.084856609108045,4.279060522256538,-0.272569266990139,-2.4745605463691933,-2.2321311058446778,0.6581633330871376,2.260245973028696,-0.8929300905098243,2.2225513281684672,-0.2037298691765957,-2.791499175675295,0.9291478591004806,7.971801395931076,2.399657670012434,-2.7941731409551562,0.511055175731666,-1.0845575307193405,-0.3664231473857541,1.2695242663602004,-2.9150752301963423,3.015619427537759,-3.539084222912947,-0.9554616478896139,-1.5122034364725814,-1.3370614199485482,1.221062704262445,-2.0013820514054967,2.116022202663182,-0.9616504386937706,1.3194530170116072,2.3062941664063645,-0.0431752781932039,0.810174608916478,-0.001508712142404534,-1.7227660285216981,-0.638710528914027,-0.6073111524154504,-1.5712586104154327,1.0480953255890835,1.8960596413494,0.06264099449433856,-0.340894400584479,-1.2632079745468392,-2.2350573025782627,-1.3503118024527463,0.25652631554797906,1.8476098445981892,0.1313906051729644,1.5424463693135275,0.6747071596355304,0.6757897049872591,-1.5534495132414763,0.3641171298029229,-0.17489321118253986,-0.5756495130079814,-0.43737425076966036,-1.03857674813724,0.6989699168553236,0.24444666306494534,0.048088851788445006,-1.2275065179499032,-0.7116150614476117,-1.018510702839875,0.1738239426799266,0.435627116162191,0.5815056016232527,-0.05424631434493187,-1.1860262647493063,-0.7474930614516037,0.34049612397570006,-0.1888020978277575,-0.7720066055265042,-1.15586266038272,0.462171192573364,-0.08863511917361008,0.4231587077952852,-0.08415326546004914,0.18660927496279786,0.1910489085114164,-0.5393786246699974,-0.778429456750838,-0.30063217826425165,0.04651683796505664,-0.21342197216279823,-0.5475154309002306,-0.019103974410062854,0.4370090621649015,-0.30109685124002966,0.0668209327391212,0.06754033834490887,0.09028727810020704,-0.6899812531932965,0.2356259176790173,0.6668599902612681,-0.051131871203362475,0.261979281552786,0.6266652336695154,0.42329643548417073,-0.37949726584764065,-0.05908454005500653,0.5163936786840926,-0.1570792870415061,0.3177705550197521,-0.2984215904636365,-0.20501961122136741,0.03458307645808922,0.1932831990036424,-0.16018105240851305,0.012265081303015374,-0.21229633241166962,-0.020720823540892077,0.11965537362275622,-0.23433094718456546,0.46695612034849654,0.4843096106577715,-0.17488874043066155,0.324441171631502,-0.08343761699676527,-0.1777197015434196,0.13275553473272475,0.01713302503999713,0.3265703044231271,0.20412240802389306,0.08616921926803886,-0.14673294913882748,0.5121195487033965,-0.09172195529568589,0.06512940518518907,-0.06147334834955989,0.048231832017903924,-0.26228705855235795,0.20875989693291203,0.14711706039035352,0.12724377165349698,0.11678154213048758,-0.15536696418074328,0.03143910447721157,0.1175016691644067,0.034693193974994645,0.2047603623012121,0.1704837787699964,0.03939977177894935,0.2022972178073419,0.00659801243814634,-0.0035367885665600436,0.019146452721906407,-0.052456333534692916,0.014741773122058988,0.01537304919169334,0.10844155739674688,0.018634526900837695,0.048312497494277885,0.06388565878141149,0.07183577821665842,0.008708983232713914,-0.02142531112486057,0.02147723589064319,-0.14005193398098628,0.08090436097779109,0.02637071720973066,0.07241248721430628,0.07045931470346382,-0.04220996695260641,-0.04170208122958128,-0.004061922509147705,0.16007958531038136,-0.00028420783546405804,0.01259794183501024,-0.036354355083755285,-0.01907966128768651,-0.015264191470628935,0.01467232550925188,0.010996794985573401,-0.04600002854540974,-0.0004766078292554047,0.014434230367668064,-0.02830049988407172,0.03330061764747391,0.0021590479694322596,0.035819551375754315,-0.01396961501111851,0.008484458079352815,0.01637678912313941,-0.003799014672032192,-0.01909103606735409,-0.01071997573652869,2.564631368223601e-15
-0.635939362248048,-1.7501592041761653,0.5206798998829418,3.209268195760356,-2.7914356204732473,2.716558022990078,-1.2796679034074192,-0.2113387876654181,0.5498119250373292,-0.7230434380186961,1.4326998058302973,1.5920956616166297,-2.848414736706664,0.3179699773126909,-1.079297359683805,-0.1544462985818109,0.7623860463418959,-0.13704074688813567,-0.5872995914698641,-0.6407726604410732,-0.7290228618924582,1.0604921406848593,1.4930093521718593,-0.5242150577018634,-0.6227960195287474,0.27370810174839577,0.5896719538685146,-0.7398545594945574,0.11267375031110154,0.9283658471869318,1.0444625516928905,-0.3433117917369369,-0.40592687712914444,0.3107385538522697,-0.27003582562829875,-1.0156270729239711,1.0848086751362576,0.5787692991924916,0.21460018175709575,1.1929414478287659,-0.090858633758433,0.7853808059238764,0.9610074745844079,1.164113561280634,0.6683325480147986,1.6696794547641125,-1.451956256672077,-0.9735310500477127,-0.6054597881209027,-0.5768497209422757,0.15398972406771055,-1.5936012693692172,0.12778988529368568,0.676176923204294,-0.5058653539201035,0.4877854667384636,-0.5429137471312326,-1.0478921995495398,0.8742269962484975,-0.8160270252514762,0.5395627071952851,0.35964781387452716,-0.00545392068169979,1.5111830729631384,0.6783680976566834,-0.18272811961409607,1.6776519686320206,-0.13381309732931282,-0.23196031684049612,0.03295134758517295,-0.2843344180697031,0.9782040261924024,-1.3029259664745991,0.3501380586132349,0.5156598072371094,-0.1209455018896934,0.5585376507262939,1.122440648172346,-1.3321477336637266,0.943505949475931,-1.316799567868341,0.6164375723037643,1.2601218283320772,-0.3296267412815749,-1.301930803804416,-0.5281114298228881,-0.1486509227296735,0.23978555232802887,0.037691741155365395,-1.0196974400581607,-1.3677434331276797,-0.036500740758090726,0.39448896760583024,-0.2026193634918695,0.5993257232233794,-0.5751067926666333,-0.6766299067448915,0.8549070279328057,0.9357782322351589,-1.0430193950904516,-0.4522708079880554,0.5716212541620431,0.19651603836924555,-1.003283922431329,0.6352413261217746,-0.24587513218611748,-0.14509346915857724,0.00042031585563371914,0.5658426348624437,-0.6116694645237201,0.695913573405618,-0.3537449761311914,0.2172669368049392,-0.1165386312357475,0.9276266495130862,-0.284318312110683,0.3690592863163817,0.23656068043871664,-0.6750788960722797,-0.23981563785452192,-0.06578547473891799,0.3166364544133225,-0.33674562941024677,0.5608169071950958,1.2426949765446844,0.2509105136874525,-0.25262655189437205,0.02045411924829014,-0.3484791974334477,-0.26983939724722794,0.435249655333872,-0.2259805282487252,0.7156764215360616,0.08641338307717937,-0.2860969688286044,-0.020139327659168278,0.38126836631719835,0.011950845581744321,-0.24895094436323628,-0.1387660044897337,-0.14060163148730284,-0.21488516633530585,0.3069808528608533,0.0016451197523848862,-0.06622736955625154,0.6195077471515578,0.40582563877742434,0.02185220781743038,0.2118210075472013,0.13428015487908262,0.060177884309348055,0.214039541970267,0.3235045511529131,-0.046961163872036485,-0.1536428127012333,-0.41694166493403007,0.3096209424404835,-0.35031047256510717,0.31154531450957396,0.02382022953546095,-0.12020494164992399,0.09164251493989697,0.18953128114327086,0.14919951445890267,-0.08818838881779119,0.11720205565372217,0.05387722984041578,0.15197190581125672,-0.05538996480518298,-0.07171261106984084,0.02053977783771351,0.33612291841990866,-0.22652243919744014,-0.20598443794040147,-0.040142293439254316,-0.002506948425215509,0.15690418541263804,0.06429170633476697,-0.14818252231075862,-0.2793590675338046,0.006792270949740621,-0.23660308856747772,-0.06081676087478753,-0.00860719576437375,0.07737070557596,-0.022097755254064506,-0.0007962187075300056,-0.1613380620803448,0.059622742334626375,-0.09963406651204114,-0.10453301929292565,0.05191942421532413,0.02623648955019261,0.08497765613967863,0.0163104155532554,-0.10392187777684916,0.04011207571984883,-0.017554236553059942,0.0326841865126205,2.5646313682235797e-15
1.2308676716107179,-2.5636396360806666,1.1035781392057324,-1.3954057208767792,-0.1994305958736697,-2.5736937735906,5.3212883889288936,2.609798402849107,-1.5051126303231488,-0.2052891188226489,-1.1891988163252534,0.24002646408798142,1.5625493497738174,-0.7848643595386063,-0.7700706054783175,0.08696094416286894,1.168599889731855,1.676418016244524,2.043312877011617,0.2765372568644653,1.3272186709279563,-0.20878329132902132,0.06910036150376454,-1.1597061585851178,0.8299158473495681,1.1017938404664345,-1.1022877314491082,0.5559355696798908,0.10831491760811186,0.08751088404152679,-0.7024404205755141,1.8376466577733839,1.2489812620130512,0.004770587224667529,-0.9446688833571908,-0.4689748324154057,0.19473761468792394,1.6695807595713057,-0.8302316473495479,2.7828719710138823,-0.5212990516579605,-0.9129466885262084,-0.17544747567236763,0.168813361681323,-0.353159629484834,1.6859858458773993,-0.06563340565860189,-0.8776025762240056,0.4028305912049279,0.18642939911942535,-0.04310326786429209,0.3325520100084168,0.33568633314575896,0.7020606198746213,0.45897311841201954,1.5490510039136303,0.11691398693255217,-0.6209180265249639,-0.9601547279764037,0.10763325076053049,-0.5053295892384727,0.9547679188810344,0.33171440612581377,-1.4623933602416141,1.3305755121006984,-0.019357706819957562,1.3297148601847055,-0.18457545201675102,0.3985469861870948,-0.7623682924672803,-1.5855400145395362,-0.7436693135064099,-0.6943014279227264,0.5771309972865686,-0.6842753664056862,-0.26169875017162025,-0.24813942196529792,-0.9011702998376637,-0.06638905070465623,0.518692020074846,0.762215233546842,-0.013743170308977034,0.858954078985681,0.7776412677810126,-0.6598166522077743,-0.445320452605968,0.16172149676380693,0.4854761053076223,-0.3521998576601306,0.7433556818811973,0.9571544503662724,0.2859321532826584,-0.7931818648490576,0.4949885340900666,-0.1312559321286146,-0.14594386343508145,0.9178782594316676,-1.0646479509079292,0.06543149007747655,0.09695760388083954,-0.9571255445411996,-0.9456130979909686,-0.35646464666397526,-0.6328276931957602,0.2453905416571318,0.2877788190827158,-0.6139819243500098,-0.27325303292820297,-0.0013346511636242546,0.3341239921918082,0.026566978588634233,0.49618074344915664,-0.09148964203174215,0.20157273421204103,-0.25859300938100166,-0.3585716636411713,-0.38115925740176987,0.31318164702692297,-0.055701773159609495,-0.38918807516069126,0.027748881673399017,0.3423650350665928,0.44694996307294166,-0.06214949890132369,0.12700122023854307,0.4356024280432957,0.2824592749407939,0.14204128610405414,-0.4163313675581081,1.1296090080903889,-0.019452820992932246,0.021729349809463165,-0.15488945405259122,-0.1029046799510594,-0.6551619642539597,-0.256589981891742,-0.3157175192162715,0.8415637020209331,0.4714727680534404,0.4232763299152474,0.07133951548744344,-0.105841619080243,0.502856503542934,0.2587021964249354,-0.26251917300675853,-0.11183315117083356,0.09722696830221117,0.3497085884628086,0.14127666999129643,-0.07734064793546264,0.3484637897163409,-0.01585959893939659,-0.015074241646381504,-0.0393169700343142,-0.07905062323088369,-0.34963035103072276,-0.22319490657577012,-0.14566709155792348,0.4178858824994231,0.26970289423906013,0.023662500638340446,0.32776703434944954,0.3455969985127734,0.12247775268916138,-0.07967894142035813,0.021583816425174557,0.07355770530252201,-0.12564037461617306,-0.12272236396765752,-0.17421589119413575,0.0071831517620955946,0.08586529161953119,-0.15390594729158552,-0.1618199712506878,-0.031833356616589474,-0.07776069715224652,-0.04166924283993033,-0.3375734788081182,-0.0630704459203124,0.274999107137615,-0.09166361595823659,0.0714529166843832,0.1516751984620872,0.02097410938366238,0.2530041963120986,0.01982929113395381,-0.22051585753131409,-0.08514804825837854,-0.10616035804944349,0.12491701440838436,-0.05100090880184577,-0.0038031674859691986,0.08262017869225094,0.08631777976768329,0.04137431944208904,0.08617799235382219,0.023563601832192752,0.006288719098387356,-0.0024795985594650285,2.564631368223596e-15
-1.456369018796382,-4.867357475902522,1.565298920625364,-3.271521390004891,1.2615897829384664,1.6692957693642492,0.6489394812724455,-1.0649038407671447,-0.7819173963004172,-0.06954187517558352,0.14708838436467503,-1.2793645612140119,1.8534889699737527,-2.2347773293777795,0.6925316254391689,-0.27072554470896404,2.273478816770042,1.9507342423328788,-1.7661791101325277,-1.386897011234298,-0.10954538453650822,-2.0425785085686394,-2.1978934541563224,0.615283320225334,-1.428105101080518,0.04560442754961008,0.9717820295238565,-0.41103225242914193,1.174581128826776,3.495405666873688,1.6304298399544757,-0.7268524620965325,0.8631106574619897,1.3469520411069948,-1.1977662556187052,-1.3027185800727212,-1.3553710191988366,-2.166698711414939,-0.2514174450993181,0.8450174216997282,0.2919505424169605,0.8833095882605583,0.1868119076390587,-1.2305250608696638,-1.7213396739943738,-1.4206478671239913,0.08518731833472482,-1.733815022964645,0.026111802542960433,0.8480892932102463,0.2957078336010374,-0.12058543447458951,-0.18262467228277554,-0.9541748621060104,0.8057787411542069,-1.6122106471369215,-0.6232411714081273,0.45593815108554986,-0.7933220263365836,0.8089726371937743,-0.3222665410585885,-1.452346968987569,-0.32214505236619406,0.4143634452824711,-0.4702979373806448,0.8723896241596778,0.13029510609765246,-0.5303368890950917,0.6604941541707269,-0.14592242513788176,-0.5135348064270723,-0.21082729976415795,0.0634815513159784,0.03030062025008468,-0.17544868913442296,0.34283716316995927,0.10521794301461894,0.07076711005392838,0.1800666161776663,-0.07562768499349769,1.5040406632730254,0.49946423515523863,0.3295294533321985,-0.7503722108802792,-1.4904935812040803,0.793257021319409,-0.5021793752357472,-0.029248888677694106,0.9171707664615281,-0.4334303066253766,-0.3221049588482037,0.08076877345470633,-0.05805256930441173,-0.873298042819341,0.3260558146805406,0.8067054903732677,0.2321642012062486,-0.14360984397962348,-0.09130492629445122,0.5600905434113426,0.23188581351256543,-0.38197875826991406,-0.13308921247691113,-0.0002905170350824902,-0.07908577921838243,0.5818106297283987,-0.052461192071476384,-0.3999905971500683,-0.20323424677824042,-0.3689152374720288,-0.0502936424220842,-0.24857137210926394,-0.03003827051338776,0.06056807169021885,-0.7920600804901203,-0.2676909548821292,-0.7039495092974699,-0.18394690000285432,-0.1867953382426063,0.26738523580314466,0.4047793667051809,-0.0799931783232807,0.5089378425099854,0.6185032320464345,-0.260722085792596,-0.4847708937540815,0.28237169977204846,0.1988367432250572,0.21412812161775235,-0.44215556051440746,-0.3340876448101889,0.11452065150973037,0.6081605487629649,-0.029720288194231965,-0.2861671549401601,-0.22876830968140285,0.33064461858891425,0.3068641915133789,-0.2585843369601221,-0.05896426424402679,0.13735881826257632,0.3250240981377198,0.4922757420837467,-0.1667675809930171,-0.12934326908043176,-0.15776607412259278,0.4370499742295468,0.1975817455676609,-0.09759891940678095,0.3493573400591894,0.36041520257134435,-0.8438211955272255,-0.21963172811326542,0.655018871363963,0.03156194265623284,0.07027398681669345,0.5323207174870179,0.03844071232069737,-0.3247283816710063,0.4585402420441734,0.01711562192485229,-0.11175784752735596,0.031156449007247865,0.39699607199968495,-0.16615839242093805,-0.011538557133058043,-0.06592364780489067,0.09627722205137362,0.032630552939542964,0.14895175467388672,0.2017594714390796,-0.1353444112269609,-0.11629056479107451,-0.014972828626894938,0.04200180501187963,0.15359067343196284,-0.044940310221095854,0.0442594334239036,0.0005323173500066024,-0.10053951705113039,0.013465045438072781,-0.1534483651636584,-0.1544147878926837,-0.05677399307633856,-0.01869352131022392,-0.06711099224993236,-0.0031577777200738695,-0.1443201180380369,-0.03434514002946351,0.09159643742668831,-0.12436303297147273,-0.10533232159824511,0.03745899410338104,0.11466199560813813,-0.04736301641446967,0.004751860010910296,-0.1147384804554717,0.07667534607628336,0.02019974108683936,2.56463136822361e-15
-1.6529360060350018,11.111988722431088,0.09548482435894946,-0.35775300509924396,0.3227798809301783,1.0615351436655296,1.0651567567888898,0.9327130275452886,-1.2863653155087797,-1.5975189811837367,1.1390880630328886,-3.7873022277975483,-1.657089248181089,-1.500429891152555,3.9310841894338964,0.9544994062165385,-2.4195903399381242,-1.7699716168105704,-2.554099003056163,0.30458558736724844,0.3407063127815962,0.8111738954632343,-0.36605353124575635,0.43700919225113727,-1.789069822765919,2.176606950594436,1.0356105161521343,0.577998232498212,-1.3007218221507924,-0.8736920798945146,-0.9501290916900056,0.0802479730773982,3.5490540411326634,-0.403083264832755,-0.007703424967178795,0.496274291444685,1.1718386899488054,-1.6534047997214787,1.0059123549739404,2.5516168902871366,-0.8036736026866674,-1.291024058000958,0.2998926182967208,-1.8749707184801119,0.264480524577165,-1.0388456184232346,-1.3190129511264974,-2.3765678197387685,1.8713329230663898,0.44305920027810614,-1.2099699233526537,-1.8780363342086956,2.480093462410702,-0.5096621742923966,-1.0589124738469873,-1.1069567006088092,-0.5363863933769555,-0.7649044913473875,-1.0193155880409808,2.357792044305948,2.5290382748792126,0.8512410676482828,-1.3731545695020484,0.9398181424141222,1.53305352340011,0.9352577075169657,0.6175438952369432,0.9634232486117785,-0.43481226995394345,0.4871717000840065,0.23928884871003378,-0.3753923764385351,0.46840916100571856,1.5251994898003949,-0.4527309135685929,0.6869917013370327,-0.6996745741418189,0.8563531124717302,0.2338981064625541,-0.595440620926046,1.4623994280128305,1.025002303029996,-1.929518163237281,0.88633671574208,-0.8693651982436995,-0.19223024122255958,-0.3036263712052091,-1.356982434474336,-1.3147154721234247,-0.25932441080027957,-0.003800147111259143,0.41665490468499145,-0.1585982193489435,0.6410970052554967,-0.2162783765722837,-0.150970538477201,0.35184164549571034,0.1723337612288152,-0.45935864439977664,-1.2874779831165306,0.535447464151436,0.22197537519990293,0.7535102160402875,-0.5371606652320882,0.02820426253953318,0.8947635529665697,0.5463327612398095,0.3792702274966619,-0.2733892243325885,0.09738386199751584,-0.11409481089634516,-0.03631837674071232,-0.6213772040550408,-0.586522239966689,0.514349412221956,-0.46370652415918884,0.0720152834388405,-0.16756812871217733,0.026668529398031413,-0.6346674133471868,-0.24379935808888292,-0.3214843110406969,-0.34696391685215644,0.2071217464618058,-0.8333407071765492,0.4733802954408972,0.23013715300527343,0.04140926975872342,-0.07283215384058696,0.2450482281228365,0.16186002099068203,0.4145670441304059,0.4486011118009848,0.2913949479444836,-0.22032671890857566,0.13034797414133217,0.04612708820527657,-0.3008483150678283,-0.17614894381960994,0.1784943851228301,-0.3616894045669807,-0.11285712594812107,-0.19631301905173212,-0.16136571670137345,-0.153891962232149,0.2215905373154136,0.11542918571305041,-0.03381769428064264,0.1312084070201773,-0.18977742428903144,-0.06416517709842724,0.22554439132884196,0.01839615635895153,-0.15045989636234244,-0.09540358150400784,0.06557408715174536,0.1569479068249045,-0.0022135500172050203,0.006659075579138334,0.09772816710927519,-0.11190379025940209,0.0205134873137232,-0.12135197133672905,-0.08611470845669263,0.010137227811722112,-0.05335089721262592,-0.10906452592077076,-0.05355382722742965,-0.05237176834656414,0.00963954708637416,-0.1567459601952504,0.09723807954817834,-0.02158936295047774,-0.13508894629783672,0.08552251335463582,-0.05790716482982873,-0.02988546781997225,-0.06073671778558448,0.05214146037014039,0.1275050897511173,0.04249412513357021,0.018467962440218682,-0.02419488277644672,0.01486348278611058,-0.057240193193357214,0.02245469007838922,-0.05672054004923745,0.04653997311762643,0.05098780973384527,0.015332317102466386,-0.015559921615637743,-0.05206523305706932,-0.0005589993920670144,-0.04536365857931975,-0.004363331118716879,0.000630567759259331,-0.026323357586836696,-0.0015664028333513054,0.013716792582307097,2.564631368223592e-15
0.6763796395951353,2.243970827707493,-2.912613531427531,-4.956314769820685,-1.4674450733772515,3.3685476353106107,-1.2803825687820538,0.8316666493387198,-1.572626812900285,-1.695210606192427,-1.2984090544793847,1.1128410313209214,-0.903199738424178,1.5604280364036105,-1.4502481583237605,1.0294184749244646,-0.9686043829432335,0.2506489899867044,0.2491134811278604,-0.40748539577807696,1.1959729471790062,-0.9746741616691375,-0.2754504071008216,1.3469484237291984,1.8327814132455493,-0.5531872841867213,0.8023807782033204,-2.1488919628357683,-1.9814014369241735,1.0596569397837008,0.3028233094947589,1.595980800895729,-0.7996614398533167,-0.7957999357903235,2.1572127069612073,0.2894411956823771,1.1850292963447293,-1.0767765201287463,-0.9958150516421398,-1.4308510816194886,-0.8781210165851683,1.9912676144813282,1.4759777426436147,-0.8936177370976686,-0.9977694877598656,-0.20719729097877587,-1.8933152647673042,-0.16431754644143978,-1.5823035235383072,0.9017274892146435,0.17449075399600572,-0.720092203653918,-0.4897756928184352,0.9554047810036109,-1.0565323374866984,-1.6231119227514563,0.10752031076621574,-0.1091591981814654,-0.26504925557050735,-1.2251008300615849,-2.139515416746116,0.44342534954645185,0.09929362596265186,-0.2375602289825486,-0.4321891088807513,0.0849289081387922,-0.7733517878867326,0.5951473009246548,-0.5758306807096917,-0.7488792110537631,-0.9933244883683989,-0.35671162271217843,-0.6305340758549846,0.026591814701390572,-1.203130985788123,1.141017169367741,-0.5429813680366082,-0.34433111756466406,0.8532995187354783,-0.12129731640648307,1.6923796805383153,-0.23276454558466214,-0.44931042727811027,-0.2727176323595959,-1.4882841544095757,-1.1550477211310608,0.6140481096950557,-0.15479086015285962,0.28210434555916186,-0.6277468699155624,-1.4533804689570684,-1.0464727018215942,0.15906733826143613,1.3185078612538457,-0.8611775248599342,0.31432307352958133,0.09812404811302926,-0.584406924484123,0.5017047537502066,0.13328780663401224,-0.9067777487778295,0.6000842850299447,0.07957337138563417,-0.28459305143300656,-0.2381960260546278,0.24146715813575903,-0.4249259955804498,1.846065846913761,-0.6819116497899713,-0.012952584688780477,0.20071998914754327,-0.2848899565189449,0.42335142675338117,0.3713144141805073,-0.04956455023561492,-0.7317123371747998,0.8425604516083853,0.37630925570590423,0.9665817549949608,0.45163486347375986,-0.794303855098658,0.20821266287476634,0.2278319565435205,-0.12772189586849433,-0.08302305663345357,-0.6108770841389987,0.4351913251386346,-0.16508311707529288,-0.46230272074103185,0.37118599145651565,0.43579972466613437,-0.5102117937120867,0.13163071490929004,-0.20283635659465982,0.636081134352304,0.5179773306363438,-0.45046795379151705,-0.017465779913465644,0.343267447152379,-0.006563700491066742,-0.4079401425299314,-0.04520536750560795,0.5386686704857675,0.05958506158119963,0.31498753132169593,-0.1635521403778536,0.30667632583118937,-0.10663686175045747,-0.03555334404915851,-0.1488827767324527,0.06168712316598394,0.26064058489062264,-0.3451056746025391,0.250195593258973,0.1436380260935663,0.037492457914761655,0.37993028314777105,-0.035892071652177934,0.06768375093428716,0.11862515357103774,0.024803661580709787,-0.08580049857228876,0.02504870647951709,-0.021185501667886554,-0.06831917725499426,0.10854151493133814,0.1667739469532923,-0.23203251452970763,0.20053036635357255,0.17285389996023776,-0.2878403629309776,0.02405317040988589,0.09805829522511308,0.04645547752038871,0.013053369079971885,-0.0928689398351172,0.2293569694040117,-0.019808349869632886,-0.11932197069785162,0.0003040695123586491,0.023620840578309297,0.06696330773951174,-0.032634733255476,0.018993928549413192,-0.039691709092707236,0.018724223757888108,0.021588572968834745,0.020923020330914387,-0.02983577215661256,0.08141926578425804,0.02369884288038652,0.10677518057352649,0.032458921473493385,-0.05308696032897901,-0.015145006163375564,0.0033492960140410915,0.008794179460395438,0.02798471424276752,0.02957887870959012,2.564631368223583e-15
2.4020615045658813,1.3530879132382043,7.176082801361838,-1.599796634067113,2.8452116877304663,4.276515197230394,-1.179958420527136,0.9465833740219775,1.143091908276101,0.7624296273214236,-1.8532784176684625,-2.6412314261558385,-2.243133877357585,-1.7154030541333787,-1.4035606351639573,0.9255880465092752,-3.246290893745325,-1.519244110081471,0.37898871363791337,0.34589825944687813,1.4595447445047909,-0.40107064718152685,0.005615257882004191,-3.1406842149381355,0.8029785846520617,-1.534294352345818,1.2654531299950904,0.16729971471506133,-0.7428190153057864,-1.7837898472442402,-2.048841594331408,-0.13695512177604147,0.19667233327344077,-0.029354935780330816,-1.143911473902384,1.1751265927279089,-0.15908546494784948,1.1062177204561774,1.3428633365700364,0.16855964409068538,0.3510830163021712,-0.6404559405002782,1.412503338783412,-0.8279824377384127,-1.6233259299419949,-0.6767993666265767,-0.8298935341675137,-1.9623568815224928,1.6336589791028673,0.19877203228787513,-0.4336261433676139,0.3581481504336598,0.05508360819360158,1.2336370795154625,1.0216416553213175,0.9697798213429184,0.33175423510387875,1.6636911076281988,-0.663827819754128,-0.20265024247416089,-1.7644720381276848,-0.04939766595503139,-0.7803105003983202,-0.10895205823966243,1.3957378487266845,0.9631079030800446,-1.087773861395819,-0.8884482376997285,0.2758318596278608,-0.9154565362431188,1.5021279777602785,0.9431559154548802,0.07574799321445125,-0.15677683879923734,-0.6886662688727375,0.6533883877353781,-0.4930881399047351,0.46532063717839095,-0.46632714813633236,0.3412810693131835,-0.8102091835144564,0.29206931757980215,-0.11811185011846537,-0.7898810687030946,1.0718888630435839,0.7361964863380446,0.3614380213086583,-0.9796905634552986,1.2865844076763875,-0.303748021547447,-0.6818646929892791,-1.1895647147157429,-0.07236992714724567,0.7400009682122018,-0.24241003854463994,0.25065592819987953,1.3025297799507298,-0.26709349890738726,1.2272107480595256,1.5830070482722358,-0.37511597393680923,0.7848194750196543,0.32364764930366485,-0.39004127440423114,-0.43141604881701945,-0.171561239475786,0.4473251596783628,-0.4892652066179837,-0.19042196916428533,-0.7382117382379059,0.011036545091020948,0.20124191181036755,0.026742203371646317,0.6157183973563993,-0.612052487771976,0.26443642818375485,-0.26012245453660354,0.7910392566630463,-0.6229293985514073,0.16281029166541638,-0.24058202645430793,0.4588398934855352,0.11321117614688557,-0.144028646738022,-0.10301674240951558,0.5392553799598364,0.8605898724402717,0.16125079284540325,0.0512510832932198,-0.05889889438462086,0.1594783904901583,0.8010379719584166,-0.15349528179240318,-0.4457924799006244,0.5102750257304167,0.034677782466317295,0.06927913297596233,-0.3265650679587839,-0.4014127355982851,-0.1781290682683011,0.06550137565319904,-0.33857682863082844,0.0018758807195194648,-0.3043407995370949,0.22600702302140607,-0.15104487059088725,-0.1910283284701333,0.09608144457742554,0.07257094344268691,0.26669020972355445,0.4081374840077925,-0.1657338482072242,-0.10829554212677162,-0.2148219038742701,-0.34183947495645295,-0.6861465960121392,0.1437944656719643,-0.10876149503242885,0.04104780716238956,0.15748367445596984,-0.07626291540044478,-0.17639913406559987,-0.09986138276043426,-0.05902370436627445,-0.157114946053556,0.05596764575606354,-0.20774886358563105,0.05899848151514109,-0.09003936207731926,-0.12792798317228982,0.21855461260565753,0.17297920087610902,-0.14113371061792815,0.02463762115755438,-0.2029014764766888,0.12603694649522643,0.005254125978628221,0.149798667171249,0.1753747855616987,0.09334908590088789,0.04989474680347031,0.03504190651701885,0.06204336354116405,0.015815665672993827,0.04667530370882162,0.05608125606082826,-0.019845068010259804,0.08079752669990772,0.008337602858926344,-0.0918834829702969,-0.017373732866945605,0.020586748897769222,-0.06761314609780368,0.010674771339641098,0.020990045836226465,0.002439315193108903,0.03278651239320267,-0.0017797880481086182,0.03663355564855318,2.564631368223594e-15
-3.0559944046576337,-2.8679461708180467,-1.6350110007500902,-1.9913492333977318,0.5900425471685697,2.3636328469347716,1.3679408412492544,-0.35926931448345023,0.31409141538178725,-0.45611948568360267,0.8875415339526451,-3.6040186040163205,-1.620531837453826,1.3487376371417985,0.29616771776288214,0.2560247842625464,1.714485459421883,-0.025643559267759297,2.890376626132513,-0.8651717395205951,0.10916526183618865,-1.0736801314326732,-0.9531014368650546,-0.43446598824700805,-0.06909307726599602,-2.0578490968902856,-0.731420069980823,1.6363521563158587,0.3728871764189742,-1.3127390603559075,1.7438915923154763,-1.877045939685059,-0.692879098935323,0.4219274334840156,-0.4389787618072758,0.4644666507238986,-0.9135416756218285,-0.5746475488036563,0.2677374636892934,-2.9915391272199003,0.6968277226724172,-0.2294309699783375,-2.962896085191954,0.5426530170085548,0.6712993718893777,1.1974893503690047,1.7460119430101957,1.0838492652742442,0.7920773507753944,0.26013805801964784,-1.5059061020627353,0.13135884067523707,-1.5073768712136704,-2.6899061733428025,0.2772188811539175,0.6060473091269175,0.5539650180072218,1.330373405262115,0.16923905897557084,1.5683858302402915,0.46946298513064666,-0.6810826235455957,-1.7891459694802208,-2.468180203058953,-0.39374859951254354,-0.2581854926298852,0.8115619123876475,-0.6709534756928733,-0.9961606966095969,-1.6491369355092385,-0.21557051955132878,-0.4872614141434132,-0.8386382126992745,1.9144091738884839,0.4293720741383844,-1.8082808576883704,-0.5810239520837949,0.8250440719636593,-0.4178510435527385,1.097333223847889,-0.2805993851280605,0.11233027977202224,0.29375889420777146,1.010951705282604,-1.106562785647301,-1.2997449725770847,-0.0476881905023156,-1.3545760701371279,0.44465875492344137,-0.7588154689860072,-0.5282647593407861,1.1062507936777204,0.7820221142135297,-0.8549273686824502,-0.4457498481756123,-1.5018917375686864,0.7401430941417869,0.43109723100291003,0.014059670963677528,0.3079273038673683,0.005372787729114895,1.1607178942924645,-0.8824573911405128,-0.7920443204726442,-0.7451400498525994,0.11269909471717682,-0.42654390148083826,-0.4235193839753333,-0.6242201671607042,0.43826842974325503,-0.1684404588652845,-0.3770478681376131,-0.1101998667842887,-0.4692808336530816,-0.7042639296470043,-1.0078409315020893,0.2590827083282613,-0.4927471168204119,0.5085924740397572,0.08629349587148424,0.0045293794254673845,0.5916015207645765,-0.023574801642973087,-0.10409567338217332,-0.20420306475197467,-0.23738403845557135,0.7046333762681294,0.27866024931866235,-0.22410011638686853,-0.4647408507810764,0.2588810518677662,-0.4822072289451742,-0.027276283147542685,0.2238609878656818,-0.2261156721827203,0.26295952798092154,0.07578466438239626,0.10281357209166007,-0.03764046211249954,0.27387415039190455,-0.28200172536450285,-0.4560253662676155,-0.0995957767688761,-0.3039515836671699,0.12390461818200416,-0.10419647399584647,-0.2941281460843977,-0.16699897917850723,0.2654652599107313,0.03373016685194993,0.29600149955031896,-0.24289949430259797,0.1477443996407156,-0.2546942597773148,-0.07110142999655529,-0.030651728855226483,0.1834033559025735,-0.14298954157475025,0.05993741323562183,-0.12903153921078112,-0.1522866183282129,0.18617851357387388,0.01604259272789582,-0.07838106004357226,0.013954252922210955,0.18304335365491664,-0.12661935388274642,-0.05360395612758857,0.0018088926040949567,0.00028446618917806664,-0.06971601791069672,0.01068691705443025,-0.01113003301760056,0.10896970700861265,0.0836934821064305,-0.040392351767813896,0.09519159111727583,-0.08703288080482394,-0.07652397829154595,-0.03007032601442066,0.08408442474233185,0.051247634047477085,-0.0927636205987934,-0.04451963340728086,-0.03374267728836266,-0.006149072005389482,-0.04665052295483123,0.1208753614739262,-0.03216063645553276,-0.005223177646415241,-0.009672242394167231,-0.008097562890161156,0.02159630739962302,-0.030085909106382043,0.009980509431056907,-0.006497717848726199,-0.020741291865435964,-0.03613555354358686,0.022677661216826954,2.5646313682235955e-15
-3.3456833795260814,-1.704622182286567,-0.16459661503391146,4.574869082453669,-2.0429491098000216,-1.5954255065457534,-1.68877604657357,-1.9097532119726617,-0.12598171808569103,0.17091119707171945,-0.4139550222459055,-0.2654641134162546,2.8126658749954228,-1.8684343742156262,1.0397664986601662,1.0104688655190917,-0.9615770820929681,0.9135825524212497,0.7155753931468819,2.3348531443454426,-0.27385609492819596,0.04781563843149074,-0.54123061441091,0.5413247919321897,-0.09264101490506085,-0.7759510626681078,-0.6156921364526141,-0.889122918074496,3.091577152680886,0.02390410891909144,-0.3561742617628897,-2.818790989777233,2.0856868908870103,0.4047600258710188,-0.4861656881420453,-0.6700772797079988,0.30613867012452495,0.20752524518733492,1.178226887419217,0.006586547175062617,-0.08378662835239808,-0.1330872620650431,0.31035001130297524,1.381730266407974,1.5420134249806565,0.35817133729615114,0.4427621608954745,-0.40103546698940107,0.1019717272739244,0.10169423742778673,1.5105445670193887,0.5367523911120912,1.9537480828585367,0.08627744423703762,0.07649179695529307,0.8884027827406997,1.9359966653650242,-0.6513355792380701,-0.917193111278295,-1.033184992758805,1.3888883208107072,0.652671596209319,1.0674391680376074,-0.7617932665410235,-0.2871918107348304,-0.2576360470852414,-2.0635607351130543,-0.2410930932246626,-0.4455640687634966,-0.6987267825788669,-0.9035358085753377,0.4855974357465209,0.9459986254447055,-0.569345582899768,0.26278682055144853,0.8127348840864874,0.9648176871364755,1.0678266214723837,-1.0411101143849837,-0.1511226599351125,0.11824690520311959,0.5938828667224507,-0.5713020204784363,-0.652566124444612,0.5806124659346873,0.13632308532949713,-0.4868631293549423,-0.13761028295182806,-0.5091610264723957,-0.01947771215895342,0.6319876423642241,-0.9169743979084397,0.7564472937125588,0.23252836961862403,-0.3958357371101801,0.3358878147491525,-0.03726943459114474,0.12451723777874767,0.37451063146650054,0.14010752709483784,0.29432160217432457,0.33456271232247087,-0.5433578127097038,-0.6887976808995665,-0.6246704977023615,0.831846576384504,-0.21655952818369992,0.5379794372099207,0.550521196088013,-0.11068554636494259,0.25974050661901743,-0.22019627714798748,-0.466046284968336,1.4660306491680763,0.09063490068785804,-0.088260669486472,-0.652033600321905,-1.2081341162675208,0.76813533336209,0.0468212498385648,-0.3589184490007433,-0.21009194620185054,0.4148399001341972,-0.18671219342057768,0.3671760657351852,0.03477030744294899,-0.052619289316953595,0.2599096139908878,0.501789684862233,0.816574670885733,0.06824101115979926,-0.5149245586913489,0.4333122464878998,-0.48464495563897203,-0.22718795595730365,-0.06693278201835967,-0.06860242868408199,0.16534150799365455,0.503526328103146,0.3232619674957698,-0.7694684542221352,-0.2334712305977336,-0.23752309624976878,-0.4078041869334061,-0.14621931917847966,-0.06784176376317849,-0.2818055024864448,-0.381335248514578,0.5547610485287612,-0.1459605099503864,0.04875303011448771,-0.2545974156172362,-0.05444406510109956,0.273362299965462,-0.2666675172269294,-0.33341625609215797,0.251438023803297,0.2848386137152099,0.1215918337380314,0.18525774636822098,0.021475448446590027,-0.18071221671309334,0.04869813686244554,0.037077251908813696,0.22971985550396348,0.0026302159270313982,-0.022393575857899722,0.16383715752637731,0.3283290972997348,-0.252123878006466,0.06749572173670332,-0.055129596693626215,0.07626731739094635,0.09493912245142254,0.10749319661481666,-0.13757223801956237,0.20480877159092656,-0.06254420878730793,0.018760849567539865,-0.02827025184005926,0.08922634607587022,0.036168269479945885,-0.03834440444586933,-0.07113176698479268,-0.21561850470110236,0.041298965086491495,0.09792373975829169,-0.018751523156129893,-0.11027687087152557,0.02107541391899748,-0.054149124659590986,-0.04933875392833391,-0.02859436581276487,0.07800891251011471,0.027261325411208574,-0.06163901411560435,0.10106606650402189,-0.015170543246260949,-0.013449828196439152,2.564631368223603e-15
0.627584643194395,0.16903483176435002,0.04381930162621331,-3.521986347155429,0.7397115500412297,-2.1680026326892747,-0.7766382200111098,0.18210184113831873,0.3999985066466475,1.220111168008273,4.702363933261033,-0.2547717677256022,-0.5099031505130943,-3.303038826337241,-0.8232493250030669,1.4909226055488856,-3.385784570390487,0.9668379958351913,2.3402186200466644,-2.5826511166748745,-1.116875590150747,3.196900823193991,-1.1633228870301988,0.346508820872033,3.178762599351219,-1.3418001729831126,1.1273696666960573,-1.2421123206286528,1.6528841429951744,1.313415037185293,3.093435549513654,0.5093368487575929,0.07071255400632409,-0.09052790638518819,0.5683663845893228,-1.7807886146523484,1.6194468379519062,0.4584226336418326,0.17892933210371637,1.0514387229640139,3.0304061916143157,0.37121060738750195,1.0216004348147762,-0.6714328395062538,0.24793579862927825,1.1266268424765475,-1.0501093028387918,0.6987594446992504,-1.4261788547016077,-2.399562942468838,-1.337986473296644,0.8763244476545543,1.016968016750219,-0.2018763899126842,-1.728363698643041,0.8727855940957857,-0.28894187786894254,1.1246659374258325,-2.066756609520079,-0.37392184321178523,-0.434673222136372,-1.2732394727928011,1.511396312707561,-1.1854060859741067,2.2612276381088683,2.0201218370531704,-0.05353150977167345,-1.2250863359140607,0.8436483635910562,-0.01004696253457054,0.5944886368450822,0.11116646025892282,-0.3110583192773452,-0.3033541860411944,0.3816391212555828,0.6814814333026847,-0.5187218347355992,-0.5173164394399067,0.7386225130518348,0.5693857022147263,-0.3000790106139636,0.5865112102692023,-1.0534152252054219,-0.4691236983053952,0.22464651622121573,-0.3663077074315165,0.585378255616106,-0.4377794267611114,0.1752383587628015,-0.6845266898689654,-0.24401388150410508,-0.4074933832455533,-0.8022018774073827,-0.8750511173469607,-0.7341894139597868,-0.35869594568873886,0.2983543072260206,-0.407677859442944,-0.4411766672441562,-0.9456133383758263,1.307938925510038,-0.8107593597437172,-0.23414373979932335,0.9569747030894612,1.032412855513612,-0.13041916686089314,-0.0535761700064367,-0.7151032804961631,0.08151107034948651,-0.06905808956358353,0.8137941570345775,-0.025061911100567224,0.9604187652426186,-0.6159789445334671,0.039862045125453584,-0.34488577601932546,-0.06522340567232783,0.11754461013332941,0.20106924653317157,-0.76329743899812,0.564913854060688,-0.019455358409154352,-0.01944956533012766,-0.964922333349481,-0.11633000728843611,0.5204794197124918,0.32150999705108435,-0.7144754374366123,-0.0537059301409602,0.03972182789563173,-0.3030537873301951,-0.5733009198632433,-0.09012880690129527,-0.021177295038118705,-0.10310320414083281,0.28035796984048045,0.14041663615477573,-0.1413547185470842,-0.17867791007584558,0.06367176209000573,-0.17739281952636157,-0.06114300720757381,-0.4263875893070315,0.13432841216956937,0.05673750254655228,0.024600262144866554,-0.2296634150828811,0.02137450152424386,0.08272619017677812,0.08570355210411106,0.3633995210187383,0.048659214149708134,0.46830073881646717,0.19658679306173135,0.10381945996518785,0.007565773369858342,0.08669787869713459,0.05151097964441948,-0.23921053383938654,0.0930731471270897,-0.09438994942004438,-0.11818936749268652,-0.056492637510804244,-0.06716612437818786,0.07819839130428576,0.10356861406713957,0.007001489279146648,0.05395504592349826,0.024652879077474866,-0.08173269900157698,-0.02612910242476032,0.03362172928500413,0.19198303822461424,0.09398248941049853,0.06369472030128624,0.03390827915408581,0.19536835323397422,-0.0017943594670591406,-0.07603175566311267,-0.10740195411841481,-0.1320906034659135,-0.018040564085218588,-0.009197208833409503,0.03822875837121546,0.01818895018135717,0.01932111892107676,0.050912372397854615,0.01323545225482025,-0.04782110407042499,0.05684457006581718,0.02770106570915337,-0.02786607014235803,0.028773097722594405,-0.018227028587009655,0.019003381794609975,0.026118360104366602,0.0004115414906603296,0.03006400635649536,0.0159941147915829,2.5646313682235947e-15
-0.6015109670963422,-2.7606314305963067,-1.0519171145220554,-0.435420821863163,-1.5800300625125525,-3.2998855423521185,4.050510497923384,1.3171295368834257,-2.0475075046633706,-2.0851202997372185,0.5672481822809557,2.0222367533650023,1.881196568466354,2.9877201267519573,-1.6527565033099394,-0.6187842710625379,-0.4426960528555292,0.9444100456774062,0.3577873247836217,-0.950808266621778,1.2125034038589195,1.0493810389760412,-0.3952282816755228,0.26426986849769823,0.2902063502584513,-0.895491671220093,0.15893534441616303,0.918546830640647,-0.3713553001417475,0.5162096598315499,-0.017413056961940867,1.121073773296181,-1.101711200923885,-0.526064355438017,-0.10870343893950951,0.056152279382985316,-1.2535810544840016,-0.5772304695000159,-0.24310348218929365,0.4009130447143712,-1.4764034600495939,-0.9417260699100151,0.17915755713945802,-0.3088956920466752,0.6133580705525868,-0.6674573288663846,0.15424988069492285,-1.7243463185112282,-0.5698666789205151,0.1958411074262817,-1.0149963711355952,-0.289067762792859,0.2980018489315751,1.3980890677569167,0.2685550003416376,-1.2034838079810448,-0.1593115881279285,0.26671161322781234,-1.3776540061112956,1.1490338367478439,-0.5678845808021395,0.1339333055127026,-0.5111142660947008,-0.0018607314528299658,1.3109748386879747,0.9030199707145385,1.3443379912574935,-0.29599231542678967,0.40459230195180695,-0.7602303563424527,-0.37085879886531803,0.3032926180835682,-0.010336248532095738,-0.5352089667873204,-0.37274575168107776,-0.6678362473507263,-0.030453693838775234,-0.4759728340705939,-0.15966385234054445,0.2749041897402758,0.010537277454006733,1.0840609702789357,-1.0166406956091445,0.4923676703617299,0.369240496186697,-0.4497940938065608,-0.4482575787691225,-1.0802465495845242,0.5702882714587312,0.34173598816971035,-0.25912948742232367,-0.7037670072301487,-0.12711005884393942,-0.7347849989144354,0.09319794274447174,0.35100339123086266,-0.4313372277764327,0.36515843184780084,-1.333296816517034,-0.4623081026615217,0.3465561157113136,0.08987783713126749,-1.0824705042500011,0.8134656167813122,1.022737085572469,-0.05688596240238045,0.038376770454510344,-0.34408904528665507,0.28962384377881073,0.15872778478728872,-0.1228855579898931,-0.6400261417271005,0.4924827706280192,1.1691756331119854,0.28166557189685715,0.36836185347809647,0.1315939559863302,-0.16917076134015968,-0.6636182352030828,-0.01173835454865109,-0.3713140282319512,1.0935131001445206,0.014696359361434735,0.47373218557183194,0.4615801600735207,-0.1690640098913887,-0.17166212191617153,-0.5216593286731588,-0.015833630246281847,0.19031023848428802,1.2781388142189807,0.19849002186644718,-0.3716921571805898,-0.6046024929455185,0.1742493314041953,0.19235832875343922,0.2619677245480367,0.18734131844821772,0.08328248318604647,0.6762097163506177,0.2717953258359101,-0.5471455139852726,0.23816494940861027,-0.14271961115227624,-0.19946962219589934,-0.2212005131706376,-0.1960731887235284,0.10672236907880966,0.01140741508270326,-0.24555169027563534,-0.5308062381528879,-0.3452400900721744,0.03606123719931869,-0.2739101502632289,-0.06343675280102279,0.3647825536114212,0.09818486274858886,-0.10140522091947424,0.15952174208110367,-0.05660076872468967,0.3732811145009188,-0.055721355872229615,-0.06793859185759349,-0.1959552985525074,0.28190954567541043,-0.08440077404870476,0.06806530494048409,0.23081544000100782,-0.008251568030910279,0.18072335046764526,0.09350046202536169,-0.3771836619514421,-0.29965987379029235,-0.07628902863935533,0.060666972005483974,0.044843538701592044,0.2258572231079598,0.21362364355087415,0.007442492234750494,-0.06583081274014088,0.14945409451983635,0.2623987049948711,0.12340632256819452,-0.02579636517539046,-0.10907162336664868,-0.07515542599480446,-0.02456669343806159,-0.037719941185366715,0.0022230045132044557,-0.015006075846293487,-0.0814014669295599,0.02923587431214788,-0.136994221862661,0.00631876838357272,-0.06392319021458616,-0.01666147629097276,-0.05142439168727501,-0.07453549879903103,-0.010180677369591279,2.564631368223611e-15
2.5531001069327472,-1.6441652234191824,0.3641373206659987,-0.5174343059620352,2.108228033331619,-4.451057723658842,5.042414546593304,4.9717609984448945,0.6609036128317074,-1.167801594534197,0.7508930812246764,0.6621504437291212,-2.1873975136603754,-1.401881917480911,-0.09290775812066969,-1.279659348512887,0.12051271081481188,-1.243975054018872,-2.1163893421771793,2.770019688153267,2.2082016791747883,-0.07654087283942461,0.9539956023677117,1.3585171665044997,-0.4778160578184594,0.29178521362100573,-0.8071116962109742,2.209292184780461,2.0806331792751873,0.4151493406962639,-0.10205944466203469,-1.416192965769175,-1.404256668790738,0.6418923521750828,2.0505526067225204,-1.9227644617937176,-2.8743937479054686,-1.1161960104836262,-1.4585257190645873,0.006934101628284259,-0.9421187490903931,0.3878279737415168,-1.89576861115904,-1.3198974061669857,2.4610414230174933,-0.0036182596451029884,-0.264522712690625,0.010211555696485058,1.3706198101344014,-0.9526250816343995,-0.859759780035595,1.474966171242216,-0.17017571279753604,0.22167917390928354,-0.7101432079022832,-0.5699961646799921,-1.0057819351805428,0.03557334721862264,-0.3324833492348367,-1.0740955085276171,1.2619414371317155,-0.2310573113358657,2.250579298639845,-0.26995793859195905,1.4944141399870405,-1.6587686549708551,-0.39825498220918537,-0.6307367906097894,0.5503264454727705,0.5952172888646362,1.4084753182079595,-0.9487640686735476,-1.6891725212218793,-1.2512759605672363,-1.5259661395966377,0.2866155700284183,-1.2507687695650067,0.28973697732464104,0.7295317918837508,-0.11819647058782434,-0.5627161427725585,-0.5871674412976746,-1.3230769453044495,-1.0029765326049815,-1.6815170218936202,-0.7340633553117955,-0.21572484706441178,0.36306570933814875,0.1773125356904487,0.28168289329023377,0.1569900468214334,0.27851780258414993,0.7024291833994785,0.029562910359414562,-0.5334987773244125,0.989556826580066,-0.1983074518328669,0.32063269433466796,1.2334563633439577,-0.30711820638492066,0.04649878742462757,0.3638534501446883,0.46623195524962396,-0.6761867449482434,0.5221504550963555,-0.21423948346107063,-0.417075659934985,-0.8969385835876966,-0.9591869342812314,-0.8042276110673527,0.614866356753146,0.4889826154714982,-0.4079966419026817,-0.3778107200212294,-0.23142849974152005,-0.532451482057854,0.1385731298015078,-0.38138738840185765,0.4810280024405416,0.758219657502397,-0.21776139137122585,-0.3507056283117075,0.2237130959985436,0.44383240536739804,0.21780943510374648,0.2481887597885033,-0.01897504975504777,-0.1832475027357187,-0.3528082273926342,-0.3491828284668681,-0.03949979694616224,0.6735399432864307,0.27171752828339085,-0.20911814393441233,0.23743745353466025,-0.0145195613337201,-0.29149350449832045,-0.21094409437097605,0.3531369014824349,0.20482307842924224,0.3253691779380163,-0.09652630936954465,-0.1950126124905722,0.035551926148917,-0.11968657742682098,-0.43147680738370797,0.11528791048601618,-0.007772541441271923,-0.07055287285560008,-0.6056111482799538,-0.12227245588879936,-0.0865890215932339,0.2150804474236002,-0.19374010429507627,-0.25707959239777795,-0.30340931485454625,-0.04965317125430835,-0.006488810420784742,-0.019332921669133484,-0.10362371569334414,-0.022582308412474175,-0.22534783620020055,-0.049599485405307196,0.18229241929549478,0.08976278287618498,0.2874807066497309,0.20609539145570943,0.01786174393054296,-0.10455475027355282,0.022556262552079754,0.24785886012522576,-0.23566617624221944,0.0562757805249973,0.04572805258245474,0.021137995374918662,0.019257518283498847,-0.14285812849180177,0.01979444115795035,-0.009728461659025738,0.0019797688417407615,0.11448331467292967,-0.0648179577610102,0.007393654554648606,0.0052954570957158865,-0.0036924248531877146,0.018426191970004283,-0.010555092962717916,-0.012880473478268319,0.012219976170062447,0.04129939570715127,0.08030170414999072,0.054935368972350074,0.006256773183030815,0.023240652935408612,0.017124452607943687,-0.0041018914363819626,0.03160866514199173,0.0004892198019108812,0.010592658456436635,2.5646313682236018e-15
-3.7466638378429655,-1.565075658168966,-1.4409429080621314,4.068448367954319,-1.6502591463618403,-2.4566245662256976,-2.014465443843839,-2.3614435722950877,0.5737891536105112,-0.11925167285952769,-1.935598989576687,-1.7424687234851632,0.8495559282538908,0.2218463409650621,-1.4934085928224738,-0.0848965640628924,1.0899763721338733,-1.6725986516720346,-0.37539549160679636,-0.5643826331656361,1.465112045625455,0.03961439902108311,0.326555477829864,-0.9428920020529565,1.7954204476680489,0.5942975584442233,1.6197340977854706,0.05648042917276409,-0.48793239644684433,0.5339701957044519,-1.970187361438896,-1.3401905348188277,-0.7932243359263926,-0.2779908846299318,1.6872473924704454,-0.524439228960305,-1.0980640634931091,0.8508484029721841,0.10600105997311694,0.6338964233601816,1.794951457910255,0.2519312992481419,1.0835750838036553,1.604411494665815,-0.3011306749450336,-0.023111679364783012,-1.609904960540679,1.841280885470476,-2.364048170789575,-0.0002453774464753894,0.008486756391810117,0.31439044823448575,1.7082615741638654,-0.4575927504303896,-0.6680484593325553,-0.18698484298373105,-0.5603619441948492,2.8195684696384293,0.563482971839465,0.22444390065040778,2.1925677241084607,-0.633758520330765,-0.8927811381690898,-0.34964617399364223,0.7827782770102609,-1.0082968077475352,0.5374290459822567,0.41836893095887545,-0.10089301231828093,-0.24344653312330639,1.4934799524602964,-0.05820617835733292,0.6309699709197693,0.9801252578938646,0.17936838552684645,-0.5712513291722306,0.16647145102969915,0.08919174416016938,-0.7412912602433995,-1.6276399862197752,0.422541735686535,-0.3280601539037813,-0.39731920347068533,0.049609377387109216,-1.3214224525977152,0.1967835996101217,0.6013956215142331,0.04675897468561383,-0.406920343064926,-0.4389233451143495,-0.12777332952457982,-0.5006056554686437,0.13603642362141322,-0.3411093786393731,0.20302467538105654,-0.3800954946692189,0.04172287273313175,-0.08904908555750628,0.5152063452052815,-0.09786371826257148,0.3695855254186904,0.8826200906922695,0.7907054578897454,-0.17827353678623445,-0.469258187890152,-0.22673671921839683,-0.034374086096057965,-0.015437291082798725,0.7086600335678432,0.7561223730762326,-0.4640930883453634,0.07454798775775132,-0.14040181732900142,0.5025940898750813,-0.2857964371268593,-0.07546086652760162,-0.37612192112321624,-0.20060744189380048,0.011751972184918413,0.05955732668373438,0.6619684871170552,0.4863728177244461,-0.3448897299520041,-0.5693068227246987,-0.09189803803184386,0.8626120956361127,0.39791774082935116,-0.6860534122097829,0.45344738314949173,-0.2613804821320531,-0.10556744129966623,0.6248939394260373,-0.37434016402315295,0.6250738053784098,0.07778517901571563,-0.00230838477141153,0.12666899046726074,0.14536439450543345,0.39968530086503784,0.12672690250428414,0.5127455685957356,-0.29690632675352047,0.5360995011674853,0.10947009454390587,-0.42283407666935074,0.43204703073713113,0.2930587137621736,0.01613816045596206,0.032148389954122565,0.2871144257529578,-0.046241312486193446,0.1462453166803424,-0.7116561961766519,0.1925536219621884,0.22382617746345176,0.18390314159252397,0.4548465468755334,-0.02989861196830916,0.036394389547664864,0.18966254863935475,0.2632724963927102,0.17698716623497984,0.18697245141636276,-0.06402696242831395,-0.13628760165164136,0.12681474192435818,0.10132395927499452,-0.05763553442895125,0.20684354340367347,-0.08802548872803348,0.23505401864155614,-0.2595857686321726,-0.04722089692975428,0.14665556155116058,0.06597907779499922,0.10740307576155834,0.02413608569549779,0.07310522920124742,-0.20066901027405323,0.09119581009940825,-0.0717575706969782,0.01995581663335946,0.17704987846211465,-0.18444520362215494,-0.019578400732214105,-0.055297172861739005,-0.05218575814443519,-0.09567663238479947,0.10210309715239778,0.05278323292659562,0.15136291198141696,0.06345789965763159,-0.005226502352987215,0.03222757333468189,-0.03288434907560017,0.028815139135212758,0.08737645824349853,0.001346313022932216,-0.028227411090718,2.5646313682236073e-15
-0.582649231788737,-3.1735902447355,-1.0853065025989928,-1.8757828884335312,-1.9425317981933905,2.3217615918711876,-3.240277217253734,4.163594009777595,1.2526673535446369,0.20455426619487999,1.076471651807078,-1.3924280604282273,0.061622428806447756,1.6693000686277464,-1.7082963238721314,1.3538022556743246,-2.720215689240818,-0.9448636703400133,-1.3463179935067302,-2.816643663256904,0.2164545900772696,0.6675473901740476,-0.29913515741443236,-0.9668140512770843,-0.8478894998690175,-0.7867429972015665,-0.945959661273224,0.06982223521900957,0.9581591909643972,-0.3008275066778796,0.20375851215790666,0.49034297051748466,1.7267475074165708,0.540637100969528,-2.097316149557399,-0.010559427841756354,-0.5321954399704714,0.7205018387249472,-0.49959172959426384,0.0867306618679779,0.30501071530333185,-0.4356762200233122,-1.2445771595892894,0.10128795319723034,0.04414295945791011,-0.6709910727718446,-0.1411421039488685,-0.3622315807793039,0.22085141362508484,1.2689357565828672,1.1052955023487954,0.49991526531814273,0.4237447128280031,-0.11660166296430428,-0.2306596460562246,-0.19535364339127734,1.0854497642037615,0.4331325820440132,-1.5897214666196393,-0.08491413586588666,-0.10625318663252296,0.5885947463731729,0.9036224573665382,1.1430515176936913,1.1457288521065232,-1.6153584208743492,1.2549656127945903,0.40289480736059036,-0.5203588453803617,0.1356967730212749,0.36253303941706844,-0.30515478449531874,-0.1375383845232617,1.328432353042399,-0.20212909507181612,-0.7553706083609011,-0.8313409399632982,-1.4026414661565154,0.35163706305300246,0.04114584273163318,0.12172629191666853,0.19990843667838962,0.7733227582744817,-1.6641312022326002,0.4581815481850217,-0.14718817467501213,-0.7937325215318242,-0.4293468420883162,-1.499022590698433,-0.46801945869293443,-0.04549698083003678,-0.1923763043596611,-0.5459272844490382,-0.15395867215257333,-0.3068893297496385,0.45299573617363675,-0.526502047085238,0.3287579484190895,-0.9461825880784595,0.40279300685621566,0.9015510786460523,0.18750842215178679,0.5712758465078569,-0.4449283583668078,-0.27452688790664764,-0.5514503262696068,-0.656647402308891,1.4354475266304825,-0.32334883617795196,0.011809360186177377,0.3140843879711036,-0.6011987630791352,0.15525338657903426,0.163128794100789,-0.2226329162081446,-0.14898899484750455,-0.3946644356341911,-0.5197027726419369,0.24522323265914792,0.2823508368332701,-0.4539670124570776,0.0975965372044263,0.14493520944505778,-0.009541516039337467,0.14175183017680457,-0.2261484222318518,0.6092029197021388,0.1075862365037279,-0.09732143616957831,-0.028052528359901407,-0.31248419832360574,-0.4721512464918813,0.028881967138283636,-0.5981725362077738,0.4211283812070117,0.2839077018780183,0.8273910556806284,-0.25051948389260864,-0.2793002779208168,-0.37155591423917783,0.47127986012244527,0.5765008461494908,-0.3193052391498357,0.06296068315643696,0.003781609928204153,-0.26159385842010396,-0.3583422115439083,-0.13236650424351173,-0.09428741232236572,0.0017630702072119375,-0.08232722867495253,-0.3102064621592013,0.014844964571514614,-0.42834445839594604,-0.15744475723035448,0.199158243925215,0.031175312833146934,0.13684017761786532,-0.1736587551036821,-0.37914461151113665,-0.02912474995361516,0.05612143502549694,0.5223878692378207,0.21763431117334664,-0.003399554540101546,-0.33791452330565086,-0.05893978939101029,-0.1647187894448134,-0.008359643739527379,-0.10651452692735792,-0.05031638498645587,-0.10353320648308278,-0.06327287779075967,-0.132821856663478,-0.32960716671265633,0.07430738268134895,0.164877169984746,-0.1694701930670183,-0.05928463472202482,0.010808618249969995,-0.033070441589645026,-0.3383310665768186,0.17190443167419825,-0.06094021785445562,0.11261843780329092,0.065343705482952,-0.027647440560490195,0.03635479755343638,0.11490367834633065,0.06518057031799801,0.057587780218145104,0.03848449025770619,0.045974841168714385,0.06774328178318678,-0.07646357012960843,-0.01307351468761531,0.026870168204010395,-0.042420695542803824,-0.07903171927869464,2.564631368223622e-15
-3.501634886774925,-2.117399659960231,-0.11509191704763537,0.5647440208846928,-1.0824518832745649,-1.5453976404175107,-1.3915629443106807,-0.7751719874403641,1.4729240769582308,0.2273827401548808,1.8424200183908257,-0.4042157947955504,-0.6474793265502934,-0.19019020256921892,-0.0704130081936539,-2.0845192714134475,0.9079894149318476,0.22873269906061355,0.9086041041411436,-0.9678576676413785,-0.07329475756094021,1.0436384132564025,1.321011215993844,1.2321642204790622,-1.1099235163700152,-0.7388593583927672,-0.0711374249420368,-0.5712589318269387,-0.5094030958631134,-1.2191005647870978,-0.25689015582703495,1.9172445568374201,0.6754858101106982,0.22995223589881283,-2.1038680947982287,0.11813220262784957,0.04528674506548741,-0.27240348453791846,-1.198513105586038,0.7950694649950675,-0.19336982766040134,-0.21074773868148275,0.10341157956338325,-0.498382799112573,-0.7666351353597586,-1.903248521969485,1.4293813833242692,0.8930114355077475,0.6790388191736,0.6787846051762124,0.351004841548922,0.9506571233597145,-0.7895269609610764,0.5935163487305782,0.32973881205764854,0.9463809141051149,-0.5329098845774127,-0.5071633711948221,0.5667918334453782,-0.9640783172199878,-0.16581058440179242,0.19652223129187626,-0.642376485758798,0.30755679297598587,-0.6089581008222515,0.3834978429304491,0.7834681527095805,-0.8050232273083235,0.8641096705722808,0.8778036591195816,1.08213319782634,0.08037190817648976,1.3999920579929874,1.3968148769110036,0.30573527168184467,-0.1640399565205717,0.14234147275654754,0.20502236300352442,-0.03561223451807894,-0.4764390559518385,-0.6652662413021747,-1.3743121806343777,-0.20261474224177667,-1.2303774986124472,-1.7123700339202368,0.2237504231737008,0.6285279922193796,-0.05331172321072161,0.25006081206084063,-0.5049681952071889,0.6543162488665567,-0.34881711833819284,-0.199529888166441,0.12840618166987783,0.28841499809645976,0.45997228852415145,0.4977343458372278,-0.6555727961678567,-0.12683826855191457,-0.6889070654929484,0.5584595585819659,0.7954541309728904,-0.6459833780905714,0.6085724594124154,0.1501555753542584,0.5357985416485314,-0.05427828034049235,-0.24003324002371854,-0.3667754653907148,0.030219550678690945,-0.35015752470031386,-0.25192816348315933,0.593294513253854,-0.19768653811875406,0.4939638729572482,-0.21788145635438377,0.2652468932784416,-0.679968734424487,-0.6093422275381789,-0.3092965146951338,-0.3291068051868455,-0.33012806508260356,0.2840749666067434,-0.10846360692334413,-0.8206495618510454,-0.8176372994633105,-0.09650630429339023,0.4063084026773896,-0.2260481569389629,-0.13554022082892553,-0.6307442502431069,0.04428807825051582,0.09964881662030209,-0.5039442420435722,0.7787291263076469,-0.49274070452070806,-0.11276000969424092,0.28065729037658316,0.1539253248628271,-0.09269094856088814,-0.06820579420470525,0.06867267699154,0.3346780429851239,-0.452060379637041,0.20574354570890507,0.34154719748099205,0.242553039936799,0.1851747683871223,0.39290577314048813,0.04620605660592029,0.2494982408950984,0.31533346490396513,0.1273507307817206,-0.531970530384068,0.2515781827931456,-0.39571807430175615,0.036806765208722295,0.5451611711834844,-0.05595071663109886,-0.00904688372999747,-0.20380962393257998,0.20304796289408844,0.0876142540208141,-0.041493385259064056,0.3645324939484535,0.21537405450855346,0.35041189490268837,0.1300017451837267,-0.03243090939066515,-0.45054091424563975,-0.0398991059132998,0.04116631091661308,-0.025451458104933933,-0.17509119186909963,-0.14163517101675135,-0.06964798977924738,0.25165137904380236,0.0804941620049042,0.0074981821089393115,-0.0453896140081415,0.024441975236989894,0.29856480818436026,-0.08452900050019663,0.024400686023094094,-0.06990622600419558,-0.08030114485643457,-0.18343911100026977,-0.1397939179121903,-0.028906801668909122,0.05951694722069327,0.20115544177508451,-0.011259566814969962,-0.08091875805339262,0.023967749435318902,-0.03571564362564228,-0.07540297679667186,-0.031291090842621314,0.02943167982979152,0.0044736515691022735,2.5646313682236104e-15
1.2936208740501218,-1.2790107633475518,2.0133693104392982,-0.9640387041723725,0.3092559291834964,-4.737450691977705,1.9660861625295203,4.267561434861084,0.3482769532131715,-0.10654675175554688,-1.3927524657696102,-0.49907172425746416,-0.7793632650481765,-2.287595133844588,-0.5091171908071921,0.4301313387975905,-0.780129046863965,-0.6950394757520217,1.193648338445455,-0.9211167544228634,-0.3664788488562131,1.0259026367790756,1.1479179618865771,0.5189058371927219,1.1017330376872603,0.49952558414735065,-0.26757198627723755,1.0437291709808734,0.6725945863503036,-0.6962570850038756,-1.2290928258401326,1.171940473421317,0.6399262737564081,0.8646247575932084,0.3137367841800842,-0.6477189358334678,0.3104140156867035,0.7794605666865864,-1.046877534289632,0.9839494534464154,-0.2355352127279243,-0.4074863830266467,-0.6667795786561824,0.2883237698807575,-0.2253088743167754,1.4635078063933982,2.676208622577668,-0.05119394992700105,-0.06628628374336892,-0.38860434827007445,-1.0591479832466537,-1.0740554107217475,0.47068129811916987,-1.0354748493761616,-0.16464884273403618,0.21212658275583532,-0.439654525252489,-0.0860063701831919,0.3491018656778574,-0.9065313998378256,0.4588728121197031,-0.36812612209220624,1.0430747034900172,-1.262639880787425,-0.41873324544697643,0.986364687243824,0.8632379574882605,1.8250118779053535,-0.8589221626603952,-0.3493872082189155,0.7905589990513479,0.1224311622367569,-0.027884278692130157,-1.1637229387336236,0.7935126079060169,-0.19334331428909904,0.6618386303974592,-0.49537553893784686,-0.3103128732497355,-0.506896884469976,0.4726125680422877,-0.24070496037966022,0.24722462576124532,-1.087799549023023,0.19229181266545778,1.0370154732735781,-0.06557221497024072,-1.0624315750916842,0.8306884525428141,0.25701283836807864,-0.8029117164129901,-0.6487896771942373,0.699715574061853,-0.16578648317829123,-0.08333469732753716,-0.5988584797829489,-0.2963025854006362,1.5957160650315314,0.09998891099045384,-0.4609922733281201,-0.7789868052765436,-0.2957568432420412,-0.694451105516295,-0.2208265532539209,0.12366453182346805,0.9168521237487596,-0.672270930814062,0.7999043909558804,0.13336431521790026,0.012934743085593767,0.17919886344006916,-0.48127888412735426,-0.037665301470638686,0.047104244060723395,0.11634293692910869,0.014201374109092505,0.4848710593736622,-0.021039144961786584,-0.02562492954041918,0.16005876765007934,0.3502775351160271,-0.5469091842529941,-0.09676316976125643,0.25675706828222994,-0.001687557042546753,-0.5112260012557066,0.4764391163372123,0.43424865700077614,0.250815168925417,-0.34376866425036584,-0.131895917398918,-0.048300504597280414,-0.28663391825493856,-0.15606870875614628,-0.09258958281479349,0.15553488070262594,0.39550589463550095,0.28279147620025197,0.6166889324886868,-0.33691755978060084,-0.33623483485215755,-0.0009593083136832472,-0.45175937802458016,-0.33992681828375976,-0.28811959141716065,-0.04598806754572894,0.5945957942544786,-0.04734949806009374,-0.16988644726072155,-0.2405942752388803,0.16133629654020876,0.06050259130122223,-0.3770552037439472,-0.21003510503273942,0.6158066781275899,-0.0973325352562217,-0.13742060100785602,-0.17082771173927216,-0.211325396033156,-0.19206734488675684,-0.09737915857798107,-0.21016930507133053,0.10831319508521246,-0.14219714474445358,-0.19774668903482723,0.10180874159446407,-0.28364357769029847,-0.10854613143411584,0.12482148930646242,0.24009297250414502,0.0732751852880532,-0.06002627388443514,-0.24738733382262706,-0.08830467822298062,-0.06415952793891086,0.1450876645833329,0.06764266778448792,0.2561797064580692,0.05721987245985509,0.3910457321497084,-0.28602168028582803,0.10389369849295212,-0.016445993483157555,0.3226785410488838,0.016928352159038415,0.08786140801349854,0.08971868469388321,-0.099204189805778,0.10444708577861912,-0.007818171763993582,-0.0423874003873044,-0.13151644043254904,0.02480210542701578,-0.02157503580509933,-0.08892075775737703,-0.007994493633425147,0.054122365632303375,0.015503600217951365,0.028612803076666762,2.5646313682235852e-15
-0.16014702492118632,-2.7080008798099646,-2.1492031422306983,0.8721299415282691,-3.1336844133839734,-4.1551714313555985,3.02874109406854,3.7261905862248077,-0.35326537090165405,-1.9730212225853603,-0.3773884256978967,0.8362663837528341,-0.31389522600272296,-0.8591223834773944,-0.7564943664493705,2.860461661126021,1.430429840858934,-0.8050984205409111,-1.9679703031065974,0.8213589419834699,-0.5453814794500503,-0.6880504549835204,0.26671942133687027,-0.9661185968884838,0.9621762325175347,-0.09465775488055815,0.3025828202430413,-1.4970742967397312,-1.9004359998287153,0.16217152752594796,-1.2716220593747307,-0.23011436445025688,0.24177742045166928,-0.9466292453451944,0.0812164844025605,0.7148940455224602,-0.8187452514758623,-1.9544246645415002,1.078340655477642,-1.0617900854834785,0.3405005949710035,0.5111641987401971,0.34678002092231003,-0.35378264614186533,-0.15801424482790258,-0.19898696671788238,-1.6941028826510507,-0.3411895153898156,1.658673862925785,-1.1217607314826317,0.9292181381483546,0.04235259853321905,-0.6180956826494274,-0.011723795700861992,-1.522140559836159,-0.5096487424652024,1.3750659859457788,1.6628660900634118,0.32114697885419297,-1.3898896696307939,-0.401595970205486,-0.8063222882233461,0.2823566973259354,-0.925198250234965,-1.100232759232975,-0.384262501753916,0.24788762188457186,0.6342785482381333,0.997331731319244,-0.08275554804918574,-0.5598541145294881,1.7118222615357332,-0.4501575671437189,0.018944462084852363,0.39343271483774,-0.042061592796627474,0.5013277603039441,1.0125019938960416,1.4036184650924852,1.0448516641748906,-1.4742944963874685,0.2835220155582817,0.8538793562285213,0.716925157678009,-0.9058527325206368,-0.8625308007568996,-0.5684061403600318,-0.8642288406434723,-0.42885928281172786,-0.9413725130955509,0.2896666540330066,-0.034872538641464355,0.08154995788308227,0.8034373551925772,-0.3385426025950005,1.216859888793472,0.6713736778452181,0.41024263592333843,-0.10488511247975653,0.40021883982217143,-0.0888825623192955,0.8226964843943122,-0.9202709403931556,0.36045765067700514,0.24911147429312303,0.3152226854615387,-0.4241286566235719,-0.791304617458609,-0.02521540319310019,-0.3917729622461833,-0.40947818851797385,0.1449252820380218,-0.0059968793821486895,0.005380419284038658,0.2704699214976976,0.3297368138704114,-0.2871166553316896,0.0798940303614468,-0.9512913306061777,-0.8516149624567222,0.16015727401461555,-0.8544496284269807,-1.221842317460688,0.5012847906365742,0.3670412987051471,0.21321811665539098,0.529291591314158,-0.37076647993069994,0.7596951126818569,0.012305614492294618,0.31698935910781545,0.14279022059515464,0.19796408772028834,-0.5138241019243659,-0.12390908539848239,-0.4560041333397645,-0.1479806977085981,-0.050521325397424856,-0.119661556675163,0.37328451702467186,0.1076830471597554,-0.04745040389545817,0.0373281544313516,0.0587864410269806,-0.25885306689920945,-0.2471294092302597,0.1951683869765922,-0.03940744202909395,-0.44344991025209785,0.519462938745588,-0.2402601877865607,0.2820912152824615,-0.12323777007579546,0.04363675617380682,0.08880939715699124,-0.04867013257120753,-0.1282007854326164,0.009820653724318402,-0.46598134598269886,0.18274012983172067,-0.012603233261072433,0.23972658319414103,0.38274685738123027,-0.23701861641393265,0.20491674919287767,-0.08289884122211187,0.031049002578157466,-0.2576498222970384,0.13895573278075737,-0.03454116154990004,-0.2578561897707011,-0.1065622825054114,0.246523337438462,-0.0009302663328558243,0.04731860288164373,-0.09129132605452991,0.01784900868369234,-0.21047648324036825,0.0794432551008733,0.1232263768884376,-0.1716549439448035,-0.060831111437310625,-0.07604815837707557,0.08272753677958691,-0.04226934008779627,0.0805231616410786,0.07751989692550733,0.07600365771128274,-0.03482220904003214,-0.0042802843442548595,0.05004047616443896,-0.07582327556410294,0.06477987691104914,0.089949247933072,-0.016819669979017852,-0.026685254641881002,-0.0643164715879702,-0.05410639408433504,-0.03233593369837107,2.5646313682236057e-15
5.541927280051541,3.1525944646158663,7.831366940150447,-0.161889351463931,1.829127113168876,3.8265206037516384,-2.318848909672848,1.7552512469299664,-0.876739086480474,0.6153417417136218,-0.1633711663052575,4.740813504339167,-0.5236597376470342,0.9937616663332463,-1.3466485745611896,1.773192228970329,-2.05964505882672,0.5214280054789218,-2.5748574227316725,2.0923718278630474,1.6601930309890582,2.104474205056225,1.4610326695414866,0.6183879094187383,0.36878969628081715,-0.7771571854512797,-0.0422758701595403,0.01668004021872727,-0.6338051190983446,0.12578276407538827,1.7001380425398844,0.8598255730490914,0.7503220194234147,-2.0789364554739476,-0.15926732168943092,0.30782060815613566,-1.3296634148331745,2.008066750373081,0.2727583837544425,1.4434880346935441,2.207218783460642,1.2361394556911036,-0.4814082224041942,0.5106639612659171,-0.6036807520759924,0.95560889140955,-0.8552370137459389,-0.7446143063730382,-0.21970838545481228,0.174451470371095,-6.89428880809236e-05,-0.1564171451359935,-0.38336295468948517,-0.6057109961108166,0.7200892671852738,0.23394546962253643,0.3736679041051405,0.37159416243561016,-0.29727588610216205,1.0001017234438256,0.17599407139158693,-0.9492884014295551,2.347122059397636,0.4812972220345799,-0.35029060016499497,-0.5444815853236666,0.8542464209183296,-0.7634628779583952,1.8234894437807478,-1.5915952093604797,0.6904765491783532,-0.8434974188809375,1.098719474767012,0.5052108669343576,-0.1659564517588184,-1.5179518548892508,1.00455581128431,0.8232228314269096,-0.9674522002598988,-0.4426631013754969,0.803432873512839,0.3507977096563299,0.9403438459682727,0.7265079501475038,0.04324522731907828,0.12151958040867851,0.6066718906301228,0.22993684771952602,0.7368864767779595,0.7423048504210996,0.5960842229545569,-0.0623962545319292,-0.78406983591479,0.31670066800251506,0.01331023015523309,-0.24923538839538206,-0.19114716115594235,-0.04023587701410891,-0.726606524153595,0.09479334171408609,-0.06731120856440045,0.34014674411936385,-0.01501448595398383,-1.3295751217167797,-0.7640250992069465,-0.015085074857569295,0.455168751918294,-0.583436361732622,0.579102530775939,-0.46330785933543256,-0.5883911946243566,-0.4589956987164829,0.06990969628400329,0.31164276894229564,0.4182909503694044,-0.8945406082640482,0.44799689128780845,-0.6475732105655733,-0.28064225965694983,0.38920584783996,-0.08691369759457729,-0.15499068473412153,0.21577919736801612,0.3923713792046052,-0.9420013806901125,0.3755209897972421,-0.3198005163934742,0.056066211543666956,0.4371349606029337,-0.44775610713961034,0.24164764306522177,-0.8507320624871711,-0.20570638912163136,-0.5150463030041852,0.274252781925024,-0.22127878110994986,0.24822188483714108,-0.18066618666816373,0.17993373246414895,0.1254745300874682,-0.07183273507383275,0.1621773600945354,-0.1493656073250997,0.26070204504516803,-0.21494059590873166,-0.05809470368631074,0.4505172495859059,-0.3357598919990564,0.009181816635396535,0.01516488658121925,-0.4432800705733234,-0.18802376099387627,0.05721702654200351,-0.18399151313363968,-0.1567077760009389,0.27564114858483413,0.2300185060964887,-0.05803610124255646,-0.06884969702587543,0.018637572845696775,0.09870746337246232,-0.12341233436843853,-0.11279508325809971,-0.34482624917907573,-0.008246700632102257,0.38085909438805005,0.007268277587760186,0.02753723225580459,0.1170183855034853,0.1754134391990599,-0.19689480115152466,-0.009332846536133711,0.4343925731199372,-0.16299907729153526,-0.23390016204250344,-0.07444621175712458,-0.258399080423378,0.026412106942345928,0.07730263638319888,0.04602708100846658,-0.009136105105452668,-0.043621232636876665,-0.01740478489492579,0.09902270281153823,0.02907355114856272,-0.04734925012935266,-0.05112643313844144,-0.059860082716350085,-0.06485867022586704,0.05035599818127778,0.006592147592146889,0.03687879029152227,-0.023573276455627665,-0.006609242979812169,0.09152513962145817,0.031074899216813175,-0.007546240354906573,0.019121803192580455,0.0460402657034815,2.5646313682235746e-15
-0.5015031460103677,-1.5700967883432484,2.4697836898825654,-2.594359435189548,1.070410356501867,2.8789705163193675,0.48647353925162096,-0.7154593705269722,-0.35735208230138255,-2.14746393064805,1.413351931662802,-1.805590419338545,-0.31671836444141055,1.450104583032703,-0.4938289841455356,-0.055796803994053325,1.3270933115630514,-0.08835685623446052,-0.4191216359712216,-0.42049201100831674,-0.27581816686651783,1.8773166513649568,-3.3482525563596597,-0.2875932582837789,-0.989753415424664,-1.4325621342782429,-0.1888778866054699,0.09353924556264287,-0.3762325074089686,0.04131088455953725,0.7583923779537178,0.5611907750804125,0.300444101616507,-1.2185839694628593,1.2560309482571324,-0.008751169439212553,-0.8360193011092247,-1.5810523185449856,-0.00259786876890313,0.18818969741975694,-0.5888311090430373,0.07599822364399846,-0.06518986585677061,0.09690900817477621,-0.2354065652407884,0.32192158264676707,1.4123920283449412,-0.680527423422415,-1.6959484944140029,-0.11234526240897628,-0.7515406823320169,0.2509314980578787,1.1934416153008702,-0.35464175111759494,0.4628817525260045,0.8434728612776494,0.017579865955539096,0.03588397042999892,-0.2734541049796548,0.5607701890029857,-0.1458936858830144,0.4058831169746504,-0.6095277997220315,-0.8108464866958048,0.0027437577963308093,0.06598668185025501,0.5377773328444745,0.4042630634698858,1.2302144432416884,-0.8966204575786791,-0.009260232603428713,-1.0158940436357715,-1.2458068917529725,-0.42557541332675347,0.38249083941035134,1.2683422614111324,0.040746694111931575,0.7139900596136479,-0.605639884555648,0.6230050369008366,-0.6102024478097114,-0.6133735419793507,-0.18859982397455569,0.05595196245582132,-0.06196274207713616,-0.4902715396581353,-0.668929953330786,0.71711263600772,-0.717284156641309,-0.5278429704335778,-0.08107822044366696,0.309699969449086,-0.7379464917158836,-0.22819674660101333,-0.1216401362798436,-0.40009008402878377,0.4361130822150047,0.634389057556969,-0.41142729460678246,0.24826199363858137,-0.27571817464693305,-0.3900868916716645,0.1932119769034761,0.49439669065946523,-1.243658641187387,-0.3056006521308614,-0.749523965946365,-0.5356057220558974,-0.1698136959628757,0.2067028268578071,0.19248084580225142,0.11525503623219778,0.08514941529454112,0.11739656039994395,-0.18276256671653426,0.8774296657225694,-0.08613850398102939,0.534450090279684,0.9917249186791234,0.6988737285245925,-0.47795028701606407,0.40354569877900875,-0.9137026990599404,-0.437674297057866,0.5917835587554052,0.1592729871825676,-0.5519667510423976,0.3934302923266068,0.015015503753890427,0.0717108128122597,0.05642120619212037,-0.03853698909840577,-0.19163046001222456,-0.7290085637023507,0.32256567849563655,-0.6510110609064343,0.09438292084610174,-0.8608358168350513,-0.16659360011404323,0.3200900564256545,0.1918216772048551,0.08182047027251631,-0.031139345309266882,0.46597948383064447,0.0716646201152068,0.7003011817548758,0.1132136084101159,-0.14124045444650865,0.2821500612117169,-0.15492456291046205,0.0040978739609720625,0.5974076069380363,-0.1885877058922124,-0.1652139005273955,0.13831502281332878,-0.48778976675620406,0.20106815329635117,0.8595508102642775,0.3117799092758238,0.1947292972262364,-0.16812774544529674,0.13915776452427567,0.22495696414327387,0.10803497641266431,-0.07232026154746454,-0.1279693851101567,-0.099834818495502,0.2281627956435858,-0.20726590249680196,0.5229303210105899,-0.0029467579329410082,0.03202082728682992,0.34364365963289073,-0.18240775039615803,0.06843485686387449,0.0832526863016364,-0.12101546176705426,0.12228108890052922,0.15888187215212723,0.1742482853811093,0.0028250344918031253,0.029484627665809053,0.04232491024416388,-0.053272888332825986,-0.09618337706549651,-0.017193852588552824,0.08925982437823837,-0.1122660710788563,0.08156246481488229,0.11532324966202308,-0.024030053231455115,-0.10368883675633346,-0.0010231392178251465,0.02619366148987046,-0.02276539728879338,-0.0028064973478855075,-0.004162501711084808,0.03191753549855684,-0.024073392104768346,2.564631368223613e-15
4.253775775045852,9.666528318505058,12.87328430274908,5.666498910967623,1.638217439200095,1.2487828877105545,-2.496079771089962,3.6409871567397425,0.11121678113931022,2.63802811251916,4.219848915367971,0.014504923679914562,2.597483508554234,1.8162179534777363,-0.8706606470083702,0.8106428695691158,-0.8391027579117979,0.03106297148097375,2.8144348109097157,-4.301205306292623,0.9272794508268548,-1.9669001701540234,-0.32694608147820453,-1.404630653565063,-0.23278442878655775,0.7380117405690138,1.5196921374005377,-0.515324032695985,-0.8555522622376557,1.4251347815276927,1.0616628242004564,0.35756528125136827,1.917760558418193,0.5198146774572472,1.05756240966479,-0.4260673229762876,0.9215317298519466,-2.1421886397430185,-0.05912266686126073,-0.8695409782688879,-2.866391256685348,-0.8810996908807577,-0.6183785606701608,-1.7144843965497985,2.087247099039122,0.6691035186660632,0.7238065942948637,-1.1692741458970426,-0.40222861758230327,-0.621127830431221,1.2154705543412696,-0.5400096064536806,0.3693269508920505,0.4242041788834528,-0.4104955290571186,1.3888358167170227,-1.9887828295190022,-1.5029616368889107,0.9055189938341349,-1.2349093971567429,0.04801549196699425,0.668464997829644,-0.8871803677945174,-0.31423646182933235,-0.8115135707793382,-1.0177770747286388,-0.6196708071287949,-0.672026413190605,0.0957312895297269,2.1465155043337276,1.0285334682209109,-0.6461051260969806,-1.0123766196650406,1.015885183009184,0.2882502405499406,-0.5369193028336212,0.2971007511986116,1.8983300008831951,0.8282033863414853,-1.4590059911107562,-1.6340041233476619,0.9624012002744711,0.48259547963854255,0.8690263759110564,0.028173121411814554,-0.15140800821675102,0.06660556533453237,0.25995683024222394,1.9076910662904905,0.014835877077035051,0.3499871613012738,1.080578356750014,-0.4078336912410396,0.9711147296956892,0.17452097985694084,0.24936386877965788,0.5624632257887024,0.22264724909416275,-0.009801500037310095,-0.16652331772163678,0.25958031758419586,-0.8993646665228443,-0.2432069650675706,-0.2910058210296828,-0.4042354794289027,-0.3204066427244799,-0.14486975845060293,0.33551132042743875,0.8349015988949698,-0.8175758875672832,0.06140011349604014,-0.056060700092645695,0.6026704992448492,0.5861490056564139,-1.05920486781178,0.4879094658557802,0.08174505237806806,-0.0023893596960015786,0.3151981397752034,0.14801379139411913,0.19395493326416952,0.3597324631808595,0.12909204227217227,-0.46469459711023176,-0.14592902758648432,0.08380019991007662,0.4674566567576005,-0.7515973303268875,-0.07466003413015114,-0.015141323715544754,0.01890167033229185,-0.11655081266173531,-0.09222943260730174,-0.22518326160773883,0.08447813079787247,-0.27907941730434355,-0.04095426608710139,-0.05812482786190417,0.20124622774519837,-0.2094107333224727,-0.36706019472401574,-0.13276604867458294,-0.28461107414421555,-0.29205406692050156,-0.17308760707914156,-0.09101645677096212,0.0999260557490737,0.05063404330330695,0.1614668592606092,0.2122087656771018,-0.15092300619489418,-0.19622812932121075,-0.22686882940824912,0.004599052066491966,0.12568511020467035,0.4506873388096996,-0.011995237636717549,-0.2283831252911835,0.05458087732798038,0.11364795133035695,-0.10010307842103122,0.009959551575094464,0.031451927869512196,0.05482842989271629,0.10210463598347705,0.060175530315249325,0.05965626714048857,-0.04457706467931549,-0.039876335070645655,0.11966055234576876,-0.04681956490504412,-0.045068434021126196,-0.12074256182423669,0.04541033181481081,0.05204305905911809,0.054321243853097244,-0.032870697666042434,-0.07046808600692746,-0.05519505868473163,0.04381397468961767,0.05421174747380158,-0.050308080736954225,-0.04159593319375679,0.06121072073085836,0.00033590855370175046,-0.05502696575542351,-0.018853635684785642,-0.022113598481035904,-0.024507566073169715,0.05318068219193125,0.06800613019479614,0.023024159746271002,-0.004418042216506203,0.009439369923141384,-0.01843598354381445,0.005240384760491707,0.020673894246952165,-0.007509091956115931,-0.03529532693659474,2.5646313682236093e-15
3.5286477029368584,-4.804227654977126,1.8580801260251067,-1.4890743731462552,0.3702731153086256,1.438016481838591,-1.7200960297739882,0.49244442611085065,0.9969347475478629,4.236508146879475,1.4603025521559838,0.25808925337427885,-0.0733602890628724,-1.5170874132273755,1.4834784802284326,2.669450879133047,0.347130018285965,0.5731411168932967,-1.9347694516640712,0.6669080925634234,-0.9456373024217349,-1.3779084153171488,-0.9518932727114866,0.07752166391082653,-1.1023055600815812,-0.1740495064393094,2.0198168171677313,0.4363667731445397,0.41831604075979706,0.2231635129183818,-1.0397992279506185,-0.19172124310167235,1.302140707372761,1.48400243863397,-1.2743056155685457,2.036966090601757,1.1984331740299141,1.2393865824687909,0.720486554685463,-0.6262022706651531,-0.11813262366851043,-1.1121705429620368,-0.4144229844794962,0.4976068199611833,-0.5533998253716158,-0.8782167450425882,0.844647471730671,0.05687491838614388,-0.3230766396519004,0.09426576679685805,0.08483289502297861,0.8274667765572036,0.2255627638346254,-0.4083776161622468,-0.46484264914755524,-1.3687235519676961,0.18233062856684282,0.43903085277056614,-0.18713952969693806,0.803153399221634,-1.435641575482394,-0.48824761767255315,-0.4864813120699764,-0.18518672487803536,0.2716122449192517,1.050350041827097,1.7266138627957912,0.7637886884169549,0.010835849371655595,0.49867175487046966,0.3804308836043989,0.5683214297741525,-0.46709693136477154,-1.9039570949606581,0.7802735224383371,1.2169953503327107,1.163686810460167,-1.8727575414617283,-1.0626693753812437,-0.7336804342418873,-0.9060945105568898,1.3034006605387218,0.25594759522284904,0.3063585797483629,0.76962357766707,0.0932898747736989,0.7594885695255154,1.1982912723629573,-0.007095213129427319,-0.8607147053135537,-0.5186237172477945,0.539905764888212,1.204607820561334,-0.6263012478987395,0.01447139883191986,-0.5203735112530097,-0.06391050656050233,0.3951517410832369,0.1559675244984233,0.15239460401872304,-0.1834217522801769,0.4688564397485129,0.8937019750364544,-0.07036700352714896,0.19156266062239607,0.11135866129504818,-0.2972287410002944,0.0410656668602069,0.6784581595425491,-0.3924135479781245,-0.7166621453900117,0.6970693044690912,-0.10529058141943204,-0.26436623499585077,-0.15296612930404915,0.01277375310678483,1.1568367513690794,-0.06510622260508267,-0.04953009724837597,0.21161510359913568,-0.57230038272542,0.052536947159566284,0.10815688554594338,0.1321631283562627,-0.24032690974528198,-0.42113094211131197,0.21500468852592783,-0.7454046379475459,-0.2827236194206284,0.28781828623740413,-0.6361242625813903,0.2575387168339422,-0.39082591315617726,-0.3129182109130946,0.18111320089167693,-0.5384119736404662,-0.29951410295583103,-0.1099446976501971,0.012136269419149073,0.6187493577299602,-0.07099473633789645,-0.5349860879043935,-0.20867971271551528,0.11041623443385976,-0.023451493182334696,0.20462139361364676,-0.253772638619674,-0.14338579509426122,0.1124042977604089,-0.2581743847937298,0.07752379582447881,0.14017431854002027,0.1537601625502088,-0.03770751039094271,0.04048079645767315,-0.09319282906086902,0.31499968981138954,-0.18529477591523713,0.04803734485246331,-0.13535498722965153,0.029959694740290956,-0.26406433898659565,-0.0075779796138373745,0.08930786618458887,0.36233473200960425,0.004833515077021236,0.4268849301444568,-0.30627186205202306,0.05951795737350112,-0.24372017585530772,0.013953876357480995,-0.2932924804469007,0.24154816275298263,0.024060008864476,0.05793280276445305,-0.13417469341870306,-0.1294613382193138,-0.0975990036359364,-0.2205152750143056,0.16218643393192775,0.10037607287424262,-0.11990496246501764,-0.14180079960320757,0.09531985707666325,-0.06023572821267671,-0.17983742958491994,-0.17852994273374564,-0.016708391716101875,0.07773367195935699,0.02070617095623108,-0.14914727256368093,0.031928897583796925,0.1020338309685283,-0.007821361032315169,-0.04384258405042965,0.03757894811050095,-0.011210093095379533,-0.020632784092846784,-0.005342213205994426,2.5646313682235852e-15
1.8202320173662825,-2.6248589526902406,2.0689256440414265,-2.224127652136543,1.1946382374761513,-3.456687399697833,3.072793991510578,3.4411611324406537,-0.47706333732079753,-0.8371762290080385,-0.6296624372828881,0.4934300051326491,0.9835722324819717,-2.1823391359755857,-1.5459498022664844,-0.043092198370655546,1.3656048701117598,0.09636539157333122,-0.021330858641581674,-0.2379177023763008,0.9314265804749934,-0.46455907594912843,1.60748343147393,0.07376530723819878,0.558288865954654,-1.036175473565875,0.7102607805389732,0.8960998983209678,-1.5329340703870082,0.6802595377487282,-1.907992745789153,1.1880007557506127,-0.7328166952171646,0.9360054292356431,0.22488774519873003,-2.611204938602712,-0.9399568465366741,1.9461775073903589,-1.4255097581696623,-1.2280339690083495,0.3446947500663564,-0.2537944428046818,0.31087631201437343,0.35012817047054556,-0.006925549295549787,-0.24444669647876283,-0.019512388761374025,-0.15127519657254476,0.5785788160704958,1.1274466156717233,0.36115623381523354,-0.8134063237763458,1.0273528953410005,0.7121807142970679,-1.120910885273089,2.7341728285512885,-0.9884007129525427,-0.07922708188723447,1.729479368149623,0.7312496106631519,-0.029713392785206818,0.2261050794255935,0.2629081891252652,0.039161218945850354,1.071901786359182,0.023125159224533183,0.9758144507756131,1.4539840551189214,0.3175924092328721,-0.779662799573032,-0.23974430488596266,-1.426945264342646,-0.25922500424718936,0.2973016591343312,1.0290113201819777,0.8363810524794929,-0.31041791725521506,0.1670504871126241,-0.983125042079756,0.10434443371313691,-0.606418464005507,0.48687243367098393,-0.5547368630347912,1.423966237828921,0.9618904681155384,-0.13682961382751782,-0.5064296808828396,-0.920220535708842,-0.2040489630318012,0.6452583760096068,-0.5277401836592287,0.36789812297788604,0.48123933529980734,-0.01244538626625661,0.5950032379832518,-0.1438719673027922,-0.36498800629253125,0.3788234607660679,0.2531986672082473,0.7747429065069759,-0.6560623457516742,-0.6082736057968399,0.45317684118549917,1.1252138119958752,-0.04919205988941889,0.3017777866713195,0.4274921072020999,0.28582593497209025,0.30985255448508997,0.006297845201997174,0.7699504978793685,-0.19418353257539347,-0.5790316657495769,0.7399997065560616,0.08495456508543103,-0.36008218588175644,-0.34612763158380583,0.2742468633499221,0.4911038994635765,0.8613395942875831,-0.35927142494889863,-0.5672573322421133,0.39731073615634727,0.1165202185957742,-0.6868460984485769,-0.5677599483368468,-0.10064314414144557,0.010680471119840844,0.10482874434629401,-0.28853214578628067,0.02466946097691543,0.03306118755148142,-0.21249288708264857,-0.12719266696331585,-0.1912868749307095,0.19397711882506824,-0.21972115139083823,0.20085190460408295,0.16977913488158614,0.049698409672389476,-0.3544482405172821,0.028627561899514695,0.10762536282264698,0.1399293329527837,0.09252865185287482,0.16847647453340484,0.05552696090659865,-0.19762242073416786,-0.3825619685409349,0.34317565637112546,-0.06786604353884315,0.2212587291709796,0.30703989411080573,0.0584097712251785,0.005400602488802213,0.2651297135408301,0.20068954695591876,-0.13719237040761117,-0.1347137431018361,0.2141149029614464,-0.47123215460807755,-0.18312013029094493,0.1467776699669332,-0.13595669789078607,-0.024926131386794333,0.028103484253845276,0.11777275271455538,0.12163924926537878,-0.02750553550315717,-0.4734178577597164,0.2023925228471138,0.2530228055662611,0.2943108237431784,-0.02278760865006998,0.11296568390760803,0.1346927890184954,0.20013490692293961,-0.0694596564714185,-0.028302280101608363,-0.052484993671052034,-0.031916306857343424,-0.19151085883883964,0.05725222172437697,-0.19248863124667565,0.01064401023837033,-0.07315697959527823,0.05475603845783514,0.16994925461247504,0.056229115681313294,0.09242574137680563,0.04086857787847304,-0.010799642457675087,-0.15569804118848293,-0.017815535850856087,0.019078437564551586,-0.07368221239809018,-0.1563823859674168,0.011013660757653134,-0.018540529757057674,2.5646313682236215e-15
1.7532635891133321,-1.2596191533995895,2.0896728766323784,0.05483946271545348,0.4779034803818678,-6.305812350488265,2.130787113985545,5.419676817327477,0.9284868495259575,-0.40748784488286754,-0.5991551378596858,-0.1024747623305283,-1.146741556813666,-1.7750453387946505,-0.21139388537601456,-1.041598526360957,0.554629457582209,-1.9223645391142983,1.067337122937492,-1.277148658473659,-0.6900625142771964,-1.9832123304813094,0.7631220307321097,0.3324899317155074,-0.8509366317519921,-0.002365476273505537,-2.4848558643155405,1.204673903911232,1.01840232116117,0.6632732942547276,1.5181937540358381,0.2680614681868944,-0.6724924210733576,-0.4808919738920777,0.014558009734596344,0.5373778908108852,-0.1607747380408557,-0.7084876299799385,-1.1094939663558303,0.2186466140309184,0.5542415786241137,0.7108424266737334,-0.35310361036900184,-2.0164516278387743,-2.716937673830177,-1.1844098385894521,-0.4771728474146166,-2.0374960509561424,-0.9362167979768682,0.2845719395851828,-0.5355471948614723,0.4838145462521752,-0.01864205052816628,-0.362389784351429,-1.0181666640973335,-0.08542754494026046,-1.1688532191664718,1.70433738740643,-0.6652491429522122,0.19938455929670817,0.965733759387501,-0.2398819467594072,-0.20667462401775635,0.6800971292787625,-1.1442434342970818,-1.201173132146813,-1.468661628380712,-0.3119931371544667,-1.5044068713932612,0.260946112105739,-0.41546845780091596,1.0383829069390347,0.14345953962132033,-1.5545749398040671,0.7254989484198081,-0.5983397245865223,0.874320045581341,0.903587114304768,-0.9650572947858795,-0.10408504259459325,0.8287125117651815,0.8429905871870155,0.11016814748097634,-0.4577393038724839,0.4937669972469277,-0.5400854969015236,0.5759989278828664,-0.6484020105917062,-0.13022076103587937,-0.15915880032505603,0.6955748782404394,0.3286662256734084,-0.9697205803169457,-0.31746777094980666,0.07989096496457863,-1.251553882694018,0.505895560349292,-0.4156151787307764,0.45194515235220073,0.5724919817551074,-0.8596004808047476,-0.13933709464847455,0.22482797415195005,-0.5836132670001695,0.6549313097291095,0.12758493307572238,-0.6191787601289167,-0.6396936130539373,-0.3291533757560691,-0.473914069434172,0.1692894744103009,-1.0064500582320732,-0.32091139288816556,-0.1569565565889882,0.7776553501355973,0.5070591725705266,0.049870739334738595,0.22253413308702238,0.32746120735556855,-0.4631377339157869,-0.656586163949847,0.7317056363551854,-0.15018538780246657,-0.5168342032561912,0.04621704206436661,0.2834142009640009,-0.05897459949445037,-0.3284574898383395,0.440099104614133,0.029321665226872323,-0.2098682243338306,0.2474402222731648,-0.21976974228526483,0.30562350526770865,0.18762593534308025,0.5522405705152562,-0.3225911639193697,-0.289141248002535,0.4184627879508031,0.005467686795341866,-0.46802920997456166,0.7991390352489726,0.1175373648844115,-0.3742297665667472,0.14575016749741318,0.15695359083658178,-0.4276782257174702,-0.33216041208888414,0.03404022145163601,0.017550213205624443,-0.09144445133000241,0.2961771592070174,-0.4293272848797486,0.17647516735334665,-0.10308011068302281,0.2752657032080452,-0.0887611595514803,0.498083632678555,0.00935246010772945,-0.4532798456470788,-0.06414980802152571,0.2524553392190332,0.015625263664710086,-0.12092884165881393,0.04748887214814282,-0.07213072130658225,0.05721378988960217,0.07584183127956608,-0.1342186259522007,-0.3683649606470152,-0.038313652831744004,0.06873258834260902,0.02305461547604541,-0.21712473359448223,-0.16337134463644742,0.1570468930184833,-0.08144961149061755,0.05677300805986412,-0.20402669441780943,-0.0450549320365135,0.08028427283565924,0.017244118549673147,-0.12031075130778125,0.06279124523824563,0.07100599370390723,-0.11787780325583706,0.08925277269460175,-0.083790872298678,-0.07059505396495434,-0.0044049860382635204,-0.09537354749029126,0.08431809915760993,-0.0030283423534522647,0.06584802212392561,0.011987687424007357,0.060847730592772126,-0.03884475140671653,-0.03197396012165888,0.00025361202028200623,2.5646313682235947e-15
-3.448564166310127,8.600838997710973,-7.306266817460726,-2.3700032517396084,-5.2924729536025295,5.787778540468982,-0.5316757299635344,2.08702232257507,-0.06457059133261912,3.896897393067022,-2.8412135336158038,2.524248038004588,2.2691563484201276,-3.878855339056037,0.11452501872469846,-2.436338267506212,-0.0506229411400248,-5.5322783990027045,5.463044497799346,0.41019341964508377,-1.4278213389262464,1.4367809244157692,-1.2476297544730657,-1.4944464259908354,1.2003299331676769,-1.302215245697269,1.1435817984559988,2.6209062322907317,1.1863109151377151,2.9851512711588644,-1.174695102306354,0.9815919813950443,-0.7868974563329253,-1.1281110173908697,-0.0913328356946246,1.7756595162671445,-0.6090981025949986,-1.6761495261282573,-0.8692313891905632,0.07167685739425843,-1.9185048214961917,1.727506486701009,1.9651109775293005,1.71218922824093,0.0700977887473205,1.2615188570786326,-1.6612244803944383,-0.07233926875909924,2.881316173954575,0.8025035130600366,-1.3423175921201895,0.9869768948954538,-0.9702720448115183,-0.3705735269692598,2.1424614324908635,-1.4147878448292106,0.9684119089729585,-0.5255812998039888,2.011380484420217,0.67073811188436,0.034783107284133925,1.1417641990414846,0.9226860817088333,-0.7988935716186732,-0.22111471291017162,0.00042846551388752205,-0.48129346079086727,-0.14184544668300328,1.9681544110667792,2.1055376698317105,0.8961198113626881,0.6882453193613577,0.574227825874363,-0.2782466031309823,0.8421592999466382,-0.06270456319923225,-0.1302626551545833,-0.24598829075947035,-0.5267980221705956,0.2215498023916603,1.5507551290768642,0.68198872905625,-0.11289986563539366,0.030203907739892573,-0.3149505374268983,-0.04313408372398092,-0.4764688170317137,-0.7133949082676756,-0.08730981586269818,0.21132222052421226,-0.012310540183299397,0.473654876133223,0.18275304120237765,-0.5997394122859235,0.2267807898230316,0.061909523282714256,0.034398083550519015,0.6564987486102115,0.4085682350822994,0.45316351460231347,0.4355908987124455,-0.5342580793846838,0.332084075578012,0.30057393862936826,-0.30980965813108,0.24530011555175302,-0.3159721699763895,-0.28774016204510683,-0.1574103318508703,0.4743928652001241,-0.2336115274526151,-0.6729471705105798,0.22416156170490378,-0.09035189292460703,0.09018126871958891,-0.16504491055948828,-0.04826490632227325,-0.025369381031043463,-0.7062824021997102,0.47115202570054787,-0.5414589468709208,-0.3042163922850597,-0.056258313816213525,-0.5566059280245269,0.6172089893898661,-0.09540387577323745,0.16320437529067958,-0.4878181311304431,0.06790176510287269,0.23065165493120024,-0.09678734606760483,-0.21560862888877813,-0.40485765715156696,0.25375489857229516,-0.11077054649553426,-0.06097890618504,0.041027690092918845,-0.09852777234134405,0.15601236169197838,-0.030745199304568368,-0.28960350371264,0.45288890697774575,-0.22412957241973686,0.3095762493883147,-0.4012985246253979,0.12292683468936821,-0.09969201197063612,0.023006839535039212,0.0301141433480384,-0.02820049821883051,0.07829424846322304,0.0014957322849853748,0.22340034292675556,-0.10257609009126131,0.18976952926237647,-0.0737227193204896,0.2609215944963217,-0.1514788606466937,-0.0492817135046318,0.05571086926716707,-0.07483458118324225,-0.11851322773200176,0.14253191390775274,0.07279489804474422,0.08674551664483054,0.11611662182808762,-0.014246208887468461,0.16316144829000837,-0.1988634924700374,0.13195606312847905,-0.06264991249253941,-0.02921738652936094,-0.06426747903215015,-0.08942597695159425,-0.04062865349050694,-0.008853796687992683,0.04330560261360358,-0.12251620232120186,-0.04794712273533237,0.0350192205000729,0.06893197763038965,-0.0035393420666468656,0.04539627866804711,-0.00945398035006694,-0.07346501716720744,-0.059712908816312416,-0.03677936379596361,0.058945297343225005,-0.005801923276770119,-0.0034985596804100096,0.0482375167593243,0.04540931671444591,0.012980602785826238,0.03724552658819044,0.03609626000975652,-0.00535960182476267,0.005842441556768986,0.00627090091348553,0.0006021478427767332,2.564631368223605e-15
-1.9803996755451374,-3.908498385241696,-1.1222579386298739,-0.29730215945645494,0.4482292200183493,-1.4359899401903684,-3.4799959544173027,-1.2161273226714135,0.06976928759729108,-0.9179831313156511,-1.0509338333825748,-0.4860764365458786,2.63623267818287,0.6714402893748181,0.06319756868440825,-0.39955691809656524,1.2367637066219752,0.6818496544278932,-1.0610894053060587,-0.9876860547197033,1.9832825540873966,2.579316158741924,0.5606724844392788,-0.9256024042491562,-0.7337658556075173,-2.7405556503587287,0.16464065387782498,0.3412172664981148,-0.22281926311957967,0.4822146713943705,0.20533977614822926,1.5446724641739307,-0.3053916022157075,-0.23392582433430897,0.5861296357157897,-1.5229947820444842,0.7096939719960448,0.5729782336141354,-0.23521019320172185,0.21168882796956967,-0.36966543140108965,-0.6048374301779506,0.9566980063335537,0.47904695695082455,-0.3542344570602084,-1.0387457877825998,-0.42350625937703046,-0.49383452160331753,0.9885697377019094,0.5535178080201143,0.6852841049545144,0.25676074716440955,-0.6755231643145286,1.645334173390946,-0.09794313897353196,0.4313867103405065,0.4517219867233765,-0.028716395111846746,-0.48514577034488787,-0.2875598594484549,-0.19698878425877114,1.108147093779891,-0.3355510013070311,0.16359919557015726,0.4775587780115339,0.13294081776140662,-0.4925051025943366,0.8614015366951496,-0.5205765802410227,-0.19162477773382514,0.13181352356198303,-0.875990669391114,0.5906388548089558,-0.331997064531679,0.9332016473764113,-0.8008791879690025,0.5682621220364023,-0.5102448691783272,1.4988760383599251,-0.12986687854260157,-0.40550141768240316,0.2684667558365555,0.03381790876589344,-0.29726864425221106,-0.37516731738237025,-0.6906771264253218,-0.2298571840723188,-0.667911394517806,-0.12147440658744033,-1.388460584308546,0.24069781046411262,0.8243709024145679,0.41996489685598826,0.059232538304738215,0.440669664048337,0.03352267639828484,-1.045892797271252,0.6192336137843747,-0.15143581123073022,0.15453170680651124,0.1632560955803018,0.15126866097676403,-0.2525489865562573,-0.10839348683720258,-0.2562046750147566,-0.3462222771302969,0.12331356587418019,-0.3349281339918205,-0.16140256077325538,-0.8469332501177942,0.519880164301228,0.7245314638751572,-0.3629719833698805,1.0376542356962186,-0.059612666203419824,-0.42179078097440476,0.1949138657988266,-0.9337944928389946,-0.3706043559817933,0.020895982230226758,-0.7448651384956227,-0.46874004369193994,0.40373863972914553,-0.4119294724992978,0.17066611555955807,0.5297647557271298,0.21755561132737636,-0.32491209664818077,-0.8285352927186229,-0.5519072466913575,-0.31150606567724215,0.09013056673184425,-0.772539377344511,0.6417187122002184,-0.21690540681704298,0.03264347451853463,0.16176585372790314,-0.01776945919871879,0.39007921905140164,0.4794208057885923,0.08233361912334261,0.42367566254588357,0.4536122868635054,-0.39257626410512575,0.2942370596817426,0.4726945324384412,-0.3741291359932252,-0.060346944073908025,0.22837047999938526,-0.35178954088087705,0.6800948349494025,0.32993639507637484,-0.14366112459978958,0.09146013513471721,-0.3811910901274959,0.21521667895018087,-0.1251484457897183,0.2359067082243067,-0.17772172657728075,0.42634929020376816,0.19992391172344426,0.030584674457161124,-0.14753757068554302,-0.08745723680623603,-0.48240467501456497,0.08584924114447336,0.02570012272903885,0.03617004459202949,0.0013713572232727832,0.21185311975296323,-0.2638039012552874,-0.23555625951342804,-0.13811472885961043,-0.02851841963358693,0.0984920986054369,-0.026277389024768675,-0.15328210798661518,0.1889633552937491,0.127678565049092,-0.013697629750053118,-0.0981350743424638,-0.15417943817986401,-0.04943710228459288,0.1768636383306661,0.074772867601993,-0.03321931926376527,-0.053961315421548466,0.009849370837249707,-0.1306312475365094,-0.1321482611668559,0.005814190773954669,-0.13712823572651128,0.08733028698186462,-0.12576604416016315,0.09719971031735095,-0.040230082072786805,-0.025578058377145982,-0.039907461065237085,-0.04073513262337213,2.564631368223589e-15
1.5710180922722252,-2.8554266060303197,-1.1462247251301758,-5.808582697482513,2.111813351194628,0.7669804607766185,2.4774641363514855,-2.5598022410114347,-1.385353990169686,-2.1364082964766458,1.4780779806472857,-0.07792275758389547,-0.027270026997457415,-1.540941441638612,1.0400612989764992,0.06516343462722828,1.3682169120743861,0.05343195326999668,-0.199061596429316,-0.6393254899694274,-1.4187414734706114,-0.7727508724483663,-2.098294796607616,1.5479823044110563,0.3629887554873067,1.593059735731338,-0.8731322520379118,1.1676648924335684,0.08874495890918034,1.1435008696417512,0.6585135817036687,-2.314369925700353,-0.3850016610683968,-0.5480417869143013,1.0596690682727732,-1.7804370351733796,-0.15144282989880506,-0.8443971253357209,0.5160149474700233,0.7125536151693246,0.297355430892261,0.9431262024337848,-1.139451502785543,-0.7537297672277812,1.3234059252976216,0.7552351534698105,0.6778181380149813,3.2985362042739483,2.4810550142835517,0.5675031760986898,1.7133920756552605,1.7941515182342938,-1.415470539412321,0.3348093383986738,-0.5932760108953463,0.26825704225655694,1.2244148999805606,-2.614634958839877,0.20135847889071926,1.8139905819234574,0.22395477984651418,-2.0633686999181458,0.41084136234731516,0.3050656823435548,0.4358443118486601,1.097768628883423,0.07703161656098875,1.1138521591619848,-0.4935186296091913,-1.1353137154322845,0.5753357056200501,-1.8156372616613528,-0.13125513707666342,-0.2223636342739414,-1.0349378417432742,-0.4272111656316861,1.313535881212506,-0.33494715975576744,0.46602798254622624,0.05119595352353827,-0.609214505898525,1.0452652123407544,-0.4964479213211143,0.43540088495583273,-0.12209354058577994,0.19756712677719346,-0.24311341831555233,0.44188395358475235,1.1573204415781047,-0.3045814154365272,0.017010503981134385,-1.2010753735248578,-0.907191743742382,-0.26096545196985277,-0.893932271483012,0.32539068884730904,1.0824779663717852,0.7878999078658079,-0.4862653718347338,0.3212132260495976,-0.31657725904394945,0.36853914545427,0.490764603531032,0.7352559799351813,-0.8751213444223035,-0.09583171462804636,0.023566086013034837,0.655000378828861,0.6707364408772806,-0.11882427821917241,-0.37728496924982263,-0.5807510672804808,-0.16189871553759805,1.064369686774131,1.1221032997475477,0.32491369196399716,0.4736682389393797,0.09522704482197271,-0.938272914750218,-0.24804079337011353,-0.18646422109381208,-0.15759741186493217,-0.12745263618240213,-0.38990513212731126,0.3704731700377902,0.7967300187280946,0.03552133092639538,-0.42768663633283055,-0.46130029134396006,0.6537178165642473,0.3853731177460451,0.4411760207506142,-0.23049598234546123,-0.07166860848827088,-0.07397861684985121,0.24397688466729153,0.01685762951342381,-0.3630792038196007,0.07636820339794795,-0.19751745360947037,-0.1443640117543902,0.12018183483770728,0.021559445958219004,-0.19639403778122685,0.20274914266039465,0.11776921035244224,0.37556692408691883,-0.2250639802043163,0.05108121512857199,0.1622375924111572,0.07539115785392231,-0.2714539278833413,-0.2243542457023435,-0.18008782871755338,0.0690511020859304,0.16761766611162127,-0.11292371805293801,0.3299018101270718,0.08733490348743515,-0.10738158487421111,-0.07168366403268506,0.1379816230587669,-0.21426089463324316,0.07489156237305114,-0.0766447273865781,-0.10926064225340873,-0.014792408601485875,0.03531288086224677,-0.07116410595660592,-0.19667378049458634,0.003948092499288401,0.21551427998274125,-0.18771195909247212,0.1501604333102893,-0.2194947503729814,-0.17473216129785485,-0.05927816015284932,0.0038749974340469336,-0.10285536436129374,0.053932595184970906,-0.019222755699733845,-0.06406868396942395,-0.11261627076034023,-0.03465134600294075,0.08439819481218315,-0.037967420203097395,-0.0069958729770377105,0.01819246557423121,0.06858331132421334,-0.04524664833130231,0.08883327339264717,0.0777106006162137,0.06265497430256242,0.027722798905524926,-0.033285796149964006,1.3875619327121836e-06,-0.013088088250924501,0.05062408993363323,0.012222229231333908,2.5646313682236018e-15
-3.140138053609871,-2.320818728175048,-1.235158972856818,0.48828616198192815,-0.2035498092195137,-2.371711744606425,-1.8758134524550085,-0.557947245218158,0.9929239277105619,-1.2249553679954186,1.7666078923611748,1.059821403576373,0.5468376749219895,2.3869392333575883,-1.5193633645729503,-0.09497284772546608,-1.3704108542853641,-0.5867510393596437,1.256553650889933,-1.3434807596979867,-0.12811378003345356,0.6864132996102453,0.9617716492021807,0.3420028794288977,-0.6078977500523411,-1.6510853704878297,0.5554112228739168,-0.5404498383920932,0.46365747872629903,-0.039059858665644764,-0.18502150069347148,-0.32677681322434754,-0.3481210498612635,1.1196500153550952,-0.709869292682688,-0.05119182624687194,-0.4875759877192024,-1.4497259691560085,-0.3282905952055674,0.2970032149161953,0.2729921890475008,-1.1128891048978908,-0.08683032187718762,-0.6422337089427971,-0.7527445978346183,0.3611983904744543,-0.6227947656389107,0.49476184644515464,0.21381670909984715,1.0348986634778836,-0.963825682372725,-0.16032376319971586,-1.9218903574057165,-1.9285631798987959,-0.024191534539206683,-0.0925439339995396,-0.9632707311329395,-0.19299765891417514,0.12145736527947996,1.5700405826915595,-0.14653879748819604,0.43875422669179986,-0.11422029390789656,-0.25796656750924435,-0.6092986999332917,-0.47846590137458167,0.4001083179760177,0.32235389155553734,0.18862469347989477,-0.4035027570833529,-0.9030251551747702,0.14844982809627785,-0.9133171246617694,-1.1439497376539798,0.002839333908153016,0.2131898145021825,-0.07361653403680696,-0.09540722303406754,0.4480660111001762,0.7059195810206634,-0.9019970483623914,0.963438117537944,-0.1005501152996748,-0.21300954176502712,-0.3502579295034419,0.47101572459851776,-0.21920945353230806,-0.8549069112926131,-0.0008905887707770628,0.34477021471788993,-0.3143538678133094,-0.19967984401857922,-0.4992322318449892,0.8135723015072097,-0.2152183159513371,0.0886257604404078,0.6261233280937629,-0.31504797984112687,-1.080158638377871,-0.07198859138000659,-0.8169189269921876,0.23915870346953458,0.37868891157726575,-0.3455695407346288,0.4121236547097003,0.6547431943857055,-0.048690798056087205,0.6379690349140563,0.2909750927414616,-0.34829335682172863,-0.38359322745080005,1.0453896732867296,-0.6532632537950445,0.2841578681117045,0.973988480594609,0.5768666203965254,-0.6567072895445571,-0.08465602299629156,0.3894977012956154,0.48297850161943734,-0.3384546056410023,-0.7205704445477696,-0.023443705297351496,-0.809075121541179,-0.15374772590687608,-0.29082871680740213,-0.009804135340704576,0.4506312534807884,0.4438749907084723,-0.06679260264682507,-0.3591999057636721,0.028702073918527003,0.7753795343072317,0.7333811522554216,-0.6414403855608797,-0.36600667264010756,-0.26793332318856816,0.4147054047735416,-0.4756425031592592,0.2677682496979633,0.33471888622416435,0.26457072260401177,-0.4914302333070058,-0.10697548303559118,0.3793230915776437,0.2576302657405037,0.2677951414680432,0.04685801046981526,0.5677374333001742,0.5892868513540364,0.14292883816531446,0.24738923591739115,0.2724354155768176,-0.32220927316703113,-0.43504995174911554,0.032427673529355557,-0.029435181746209276,-0.42342038811676985,0.18403878216339878,0.3501319579728975,0.7969988153823,-0.4836527269609154,0.01685231272691774,0.14015648436098185,0.12664308225067858,-0.02683544602013178,-0.08937118802976854,-0.046196518410995674,-0.22128722089229652,0.11428437761193032,0.019731840662213875,-0.22673517948688696,0.14746172225617465,0.11646707217864012,-0.22038978286594266,0.09953380273181071,0.14058320080651102,0.14030148707982995,-0.08545909568688924,8.362325152747868e-05,-0.05998247755161549,0.07531202588797704,0.010524439198922247,0.09181710696140737,0.05313909476225672,-0.12051599242965644,0.14099122286340957,-0.03129010077340054,0.010149631325675878,0.07492687917860928,0.10982424226789997,0.13062383542180475,-0.0601618667463347,0.004663604859191786,0.01760470325299003,0.05478747197408216,0.05997956033070305,0.0008226802576449356,0.009455044366558276,2.564631368223603e-15
2.3472872194665184,-2.573408484506074,2.07046053369634,-3.890687581369243,3.4551931304409313,1.4157334312759438,0.558207532359705,-2.6568165014992235,-0.23142920333626257,1.4997590281471695,-0.5549963218730658,0.2350701003358726,-0.8251288403492181,-2.5476796816506133,-1.0423346914371745,-0.4146761608231361,0.6115844810275767,0.4101616884170072,2.2908083141467306,-0.466463301336568,-0.946389963848912,1.8398954240210632,0.6273996597372788,-0.998445389550706,2.521878684037701,3.4535999543425184,0.9837534481056412,-0.44345093123917084,-1.4462744506931122,0.17890113845045566,0.9397268732650411,-2.4805532585926606,0.27675118428228507,-0.7588847946014411,0.26444555575346246,-0.009147693786302251,0.706119052683626,-1.6720712128551556,0.6116427732994978,-0.19141290987827117,0.3613908626291615,0.6802844459129309,-0.2442087216595246,-0.32375889945117337,1.9445435288096147,0.07346466232973861,1.5762418211039644,1.7085392905104937,0.19137756445134968,0.004204698627996041,-0.5157267609708439,-0.24322148018284434,0.46729973228772526,0.2829019426918627,-0.5822088505299604,-0.4864406817876613,0.7394735472280805,-2.0349608670775234,-0.19335130600835604,0.5731632974034756,0.5726716416538314,0.7563219738389007,-0.9412906420549044,0.12285386444829426,-0.868085651836763,-0.9607985296915659,0.6245537895919285,1.1028171329232228,0.5948476920983675,-1.3316303639658014,-0.48138702042747816,1.5642020040008846,-0.09201150146477877,0.5147217986223098,2.449933456813495,1.0247844832581474,1.2586147489770605,0.6637643568433077,0.5780751982393338,-0.624735403647874,0.5482934995005596,1.097552006032206,-0.03430053754557804,0.205185172315496,0.6190405967440461,-0.0969614839025817,-1.126085261948523,1.0035315028808816,-0.07504881397012055,0.5635528252963952,-0.45359398250037875,0.14829138302468037,0.7709851991548511,-0.17906838810401138,-0.3308659309644108,0.27219543000029667,0.8043800255190411,-1.4148527403876339,1.2470251429803019,-0.04925884555247377,0.5859863028464167,0.6345971816440592,-0.7616610476225967,0.11374028055930521,1.0525343593799135,-0.49500016994544044,-0.2603415344831602,0.08017652285282377,-0.6826024564634754,-0.16340358038041183,0.7342794067032044,0.24970472058300847,1.0659297551369322,-0.11419668325400101,-0.3211960111544632,-0.45740686016517373,-0.22664179582773555,-0.6216310733803848,0.5771970956383888,0.31628680691934863,-0.6880777414747832,0.5039804265397466,0.4348253800670185,0.4328723252773286,-0.4663260583452229,0.3124757115231484,0.3298667596753684,0.5921540189495827,0.5053971475988335,-0.06481846742293976,0.03412451538195671,0.20768249430899757,-0.5164343875271526,0.3550807368971521,-0.12015224190927896,-0.4574600301786714,0.11481769453705237,-0.29259996523555953,-0.4603099057597806,0.4633879376677371,0.1208218984675056,0.6524927265959765,0.2039939316340106,0.47276517814522784,0.08786496605049052,-0.0470716637699456,-0.0259402683949269,-0.04287700597608304,-0.19012694917449327,-0.18451352139637842,-0.5203142809932849,0.1443000706432573,-0.08227588326681834,-0.14037209334465015,-0.02371962337553324,-0.11001680798927684,-0.04805753876063859,-0.10998997033324981,-0.18518760827018715,0.019871109493568056,0.055707492880872116,-0.2166315906691706,-0.28188065096744985,-0.16987012298941087,-0.1477878491487524,-0.1752663887572825,0.1462572552295433,-0.29474099916182145,0.03914161339698504,-0.13183849739577796,0.03857182401715961,-0.10780498230391607,-0.1156678492887428,-0.18977942087447647,-0.26771943813906424,0.16379076182577307,0.13357618961562873,0.19554379007943187,0.10205558768127371,0.04981051144847908,0.032342194130967776,-0.000641102663073187,0.07473685755731484,-0.050685138042845856,0.13529959101446712,0.023311151151915278,-0.019984315773069673,-0.10462140932869984,-0.029699560607818483,-0.036255471848778247,0.03467497772751454,-0.01074307380654329,-0.001948739374984227,0.031471160191707016,0.045305855262458124,0.011028789585764073,-0.012666451774373448,-0.006558904276655226,0.0023533109459264383,2.564631368223599e-15
-1.727003547280811,-0.0632784671475732,0.683963359146887,3.564212413175938,-2.9797822321623517,-1.357185073826652,0.13574265959778858,0.8172204275111101,-0.12012334927572456,-0.6926809836408716,-4.216868182922272,0.7215582384962761,1.726874224662976,-1.703030947466522,-2.3065240947447943,0.3163035418533064,0.00840629282806611,0.3460870712548769,0.689767431410266,0.481813664172857,0.12881693077273604,-2.0618467939636314,0.6831682717087435,0.8979404702445022,0.6224479840619022,1.9034281228885574,0.294821883115522,-0.45825853986278564,-1.6834850892990172,-0.3823477660300532,-1.7419241342693972,-0.6331269019794458,1.0303574575109538,-0.21051024919624395,0.08327507677223032,-0.7771686242234107,-0.34650380710547474,0.6812497529001251,0.4091390435669076,0.1469571397802557,0.9231596028744992,-0.49287391127046687,1.1872261641806001,-0.1070201316752913,1.063682708577693,-2.8706432308628407,-2.213161380307568,2.047025324475578,-0.07514845218577222,-1.7523347794686301,-0.7735293723554449,0.9008920550913131,-0.866141503039031,-0.11347087453276161,-0.7112675235172214,1.7768231474171203,-0.07060519750723121,0.37290310531757137,0.9882902792031104,0.697763663841477,1.1656789537195877,-1.0711993011114636,-1.4663247836716353,-0.7877422574235123,-0.6143453453806018,-1.2466623598084838,0.25224416540098976,0.7109225242077508,-1.0144779739891077,0.6958157062977224,-0.6114011419504976,0.7569240836505541,0.3121493304372952,-0.23653779066412856,0.5755109831680713,0.48903644816019914,0.3521815471957051,-0.35300651819935247,-0.41957830735807905,0.3102968344175656,0.23635966592642807,-0.7432655753793844,-0.07386195120006803,-0.5130163068523452,0.46125792001980837,0.08219988066430295,-0.6704476236079094,0.12112215569317938,0.45633733709615243,-2.061965013838601,-0.8467630639610417,-0.054331303930162285,-1.2389830524689385,-0.8816990939737638,0.0004721775828689211,0.3320766658277266,-0.44089377260735446,0.22140112031149514,0.21404343408797266,-0.8652549766005381,0.31549254419636147,-0.9237968392785302,-0.1998923238121237,0.3448639980120304,-0.9882590388853466,0.681148728035209,0.9626713788968271,0.22703355174173195,-1.1406654590710772,0.268077770951871,0.2848035051792484,-0.2673225575246357,0.11897401784531031,0.28283189853642043,-0.15944998334174681,-0.2820673797113855,0.3521819233426775,-0.12335969772043873,0.07859516705796848,0.01878947840456143,0.2352866048891762,-0.16818882273762126,-0.12435452198658647,-0.31765512141176355,-0.34351678213340187,-0.14100040958398705,0.18947261417635158,0.18451539026941974,-0.286581214917332,0.7346766148106049,-0.36126380990203244,-0.3240107583656732,0.336438820803291,-0.5224543398553937,0.6581409516951856,-0.26443124559355097,-0.03047242488916566,-0.19918905713831223,-0.129387417394928,-0.09446780715376475,0.08545924600361034,-0.5387391786321819,-0.09082434551462196,-0.4619086660525565,0.04641689098298514,-0.09780333341900199,0.06506562348126416,-0.10739086830240174,-0.21945172626031995,-0.39819516181066983,-0.30486676963447595,-0.3586783689849649,0.28676198700323996,-0.4774859698765901,0.056063855692293295,-0.13559647987240264,-0.21352434354884317,-0.0931183641119631,0.3788718532131189,0.09456815131654993,0.29289549304939694,-0.038685188771164246,-0.08878059956994463,-0.18064927877100728,-0.359633172330569,0.23131187757234847,-0.19201289695957954,-0.1416690144624588,-0.4502472983933574,0.2714134404708326,0.02905046442588544,-0.04869411064745639,-0.002597033523125271,-0.15408281361839218,0.006947040159774857,-0.007710513402624946,-0.062128119619806924,-0.07104552347199031,-0.05259674064011054,-0.14703887829658724,-0.02354646062335287,-0.15513717801162782,-0.014345285189376014,0.0553595055474123,-0.007032343992966258,-0.13258105552916755,0.04290355159695722,-0.02882195898259986,-0.1375423256013231,-0.0049184389787588975,-0.1000260024981008,0.03824847032458327,-0.050175178944664944,0.08298027916773791,0.024616815320953386,0.10347452422961184,-0.03172257358420346,0.005044124494117644,-0.027752000871476088,2.5646313682236136e-15
-4.408434289637832,7.128001112678701,-4.590892038335376,-1.8247401614935286,-2.9513480307102635,-0.8540287081154765,-1.1528829792538742,0.5045052507807984,0.38954720758448946,1.239939149138204,-2.22044737471501,-2.899482488038369,-0.4273381850176542,-1.6631155556709514,1.0857221844076108,0.1346102993139216,-1.7714824932009143,1.7240773629883033,0.5271970024970376,-0.6260281106223763,-1.3097783778735246,-0.6345766792999294,0.4200819498644715,0.2730509933833614,0.30514669541401424,-0.024127265714710272,-0.15190180459529692,-0.6032233427633987,-2.3390076238202586,-0.7290490442948628,0.31838708795992915,1.8437173894291148,1.2486659947402559,-0.8345792946774722,0.23205529997205362,-0.05623265435206098,-0.6372915011692375,-0.37131847776524507,-0.2432482431294605,0.06247226516669261,-0.6851013937311986,0.25933768225272763,-1.8679567961740375,-1.0284191938137395,0.916318471066654,0.22895185159433032,0.3456069110634732,0.10953025955993395,0.7365496331906495,0.4404148881766518,-0.7880778370376692,0.29516238380083715,0.012611468076188221,-0.34695764943102336,-0.4264893999626107,0.6057792592558113,0.0543400327425486,-0.38106357224997706,-0.6002480719176755,-0.5835962929306535,-0.3561945357769243,-1.6237374990521356,0.3105107471718899,0.7428672681217747,-0.8077931414026941,0.6350698701279541,-0.404014536479965,-0.15805292755107686,-0.06101350096696421,0.7336252658193853,-0.4838871002593623,0.18240319823963988,0.6004036758213249,0.3393929064915692,-0.050279641496708376,-0.5217960619414092,-0.1431355639124607,-0.09178281948679456,0.3657034300586191,0.2665811349966235,-0.05124096332368161,-0.4974199686442012,-0.10906714657186954,-0.8796643105783253,-0.8543215238898438,-0.7163493064368004,0.4529326347485659,-0.04441835975525415,-0.029856402175213122,0.2997062594531178,-0.8116233014295963,0.7894809675615814,-0.34450203132359103,-0.016952469867580696,-0.33607487921732127,-0.4229278781373054,-1.3004626918864899,-0.9114554281345016,-0.10720564810052935,0.7022394331673281,-0.18006825360782783,1.0944699737099193,-0.9470519683001271,-0.7010384477622312,-0.3030320444528974,0.23059955269206445,0.8004608248039256,-0.2909483007886079,0.47067261537749405,-0.5051739752836014,0.6489119593811701,0.41990971207434885,0.11400018188144677,0.8540034146506265,0.34215464941579343,0.6519056448216867,-0.6710449247620021,0.6537673394040094,0.13150673178494995,-0.47487883734196984,-0.0006234672628059937,-0.332839769988543,-0.5266730401093223,-0.6854470114996629,-0.018655026918195896,-0.05964910077929446,0.6326776567798283,0.3807448006904593,0.2585958762930448,-0.1387757112113763,-0.16916616696728187,-0.3081361257163377,-0.4540403386228663,-0.6361895881465515,-0.3209195325869669,0.4110983398346683,-0.609609159214977,0.36000308103412126,-0.04370522462239977,-0.5420393894576522,0.3202840360360402,0.40442313376128813,-0.2771199841059565,0.8835979806062112,-0.12457800239514341,0.9720314229249707,0.08545172522104674,-0.28242518744476786,-0.44762224992904914,-0.1371534739997709,-0.4161071827548322,-0.42208076381515475,0.1921382810259002,0.1333321758587195,-0.3351198340845137,-0.15995482917648787,-0.10853383132584424,0.01672809332888859,0.6371625880332397,-0.11371863030020653,-0.079363548560437,-0.36950472467825796,-0.12904817167421334,-0.24598288050394226,-0.10934739586383045,-0.09205653426291985,0.1400594252719424,0.17831766203579943,0.15108555840010984,0.022070252628263558,0.2027625675012789,-0.31301599450777867,-0.05762279755587258,0.22882026996173663,0.18984550230656647,0.06664750446537147,-0.09922712920393784,-0.035000148971231715,-0.22505895238634963,0.06043120865070698,0.03463968930701724,0.032527120770937536,0.02503312000990961,-0.027685616951597172,-0.022488902711268834,-0.04153091677538615,-0.1919294949538555,-0.06976172877121381,0.09699837872080197,-0.07217604185843282,-0.0431547532563529,-0.03431322481307341,0.035772587866610986,0.011707008046438278,0.005786264677399573,-0.07109101978876295,-0.04260312518309779,0.008571595699764522,0.005257469036963483,2.5646313682236057e-15
-2.558389236781809,-3.367703079246696,-0.5835021759572783,2.4314428800190204,-2.5610510397250508,0.8542514463888222,-3.084293473277311,1.1039611675315137,1.4918736061724664,-0.6118892910209016,2.735612416452199,0.10146053571895794,-0.6846512018584464,0.23475099546286207,2.5910321961292864,-3.5177882848782094,0.601488938365885,-0.3711825863618241,0.45581310400810476,-0.2855286715621917,0.8808459145929102,0.4523199237967014,0.9854364634393684,-0.8625146774750184,-0.6570551977795596,-2.3764800241310757,-0.786863518684076,-1.1739050521704697,1.3237059109189,0.760416410705897,-0.7720373243835937,1.064050667527814,-0.4035983607409702,-0.24468904500908448,-0.10414432505034048,-0.16189297522657314,-0.0861813388581118,0.5360479706903601,-0.19101962990439642,0.215620974178198,-0.14944644929787002,0.15059812413373913,1.587749706676518,-0.6604688787910398,0.11354396430574773,-1.5034529051052883,-0.3953970145041533,0.5732329266778156,-0.5224100484347758,0.5224872945103862,-0.7991162651803851,0.03925202098046376,0.15333001399968824,0.011682379469698209,-0.7747111299202264,1.1277478926960387,1.3824008950856517,-0.5129998182097986,-0.539490330002404,0.216319959466505,-0.011690502616591533,0.9504863739906059,0.5967110793404695,0.22051340097736866,-1.41772195054743,-0.2649335537332977,-0.32508317671896514,0.927856827642788,-0.2771652684683195,-0.6002347563842226,0.2879564124830006,-0.5114859795663255,0.44302164249612924,-0.45778189319799567,0.22161441972736462,-0.6608512052407626,0.21657915002773867,-0.17649338074684798,2.123355523711582,0.3214452661199691,0.08742615878908717,-0.3677657913703812,-0.6582379850809745,0.9325937989027324,0.15411687304322869,0.1511079257041494,-0.5810781354426616,-0.37963635839259635,0.5965031185429955,-0.1267107522178188,0.5407967983183126,-0.22596505686400672,-0.3776516022084163,0.8462578097619367,0.5342858598708627,-0.07133924064170609,0.4590508342635956,-0.015274433817311039,-0.1728092982573264,0.8192516991183016,0.4855914374358311,0.1302252471394188,-0.003052704075420856,-0.2854046562164552,0.22524933420056625,0.3137409543969135,0.17351597203786542,0.3075020537039153,-0.5014029807924354,0.6330381241755587,0.48471505199160153,0.40670104819339264,0.11745993942000323,-0.5064487904836391,-0.2971997948526141,-0.9321440034188806,0.05802385309851323,0.41809622425629656,-0.09588709939142401,0.9798263844117954,0.17389021814574857,-0.03817751786551548,0.22548882242636928,-0.06867177014575779,-0.21996566475587787,0.6698967340547418,-0.4059741092682837,0.03502751127564652,0.39497112241978904,-0.2144765866877776,-0.27422897306006944,0.04340498039857086,-0.390794697155377,-0.19203894195775065,0.34891440970474524,0.013705740840993366,-0.20864271304721269,-0.15879843021305573,0.03311935617778884,0.5398184551093128,0.02810708732932451,-0.2955087276916714,0.0009399058223901199,-0.5867863301366317,-0.4260816859692405,0.40209566277287284,0.13603750897199207,0.05300813803072373,-0.2962942245783312,-0.10603641729974382,-0.45431474342884887,-0.3752495914876367,0.3686124748475687,0.09441652866012658,0.16503581514211565,-0.12275568344035483,0.5089692876477064,-0.27267390752721654,0.22792892561070355,0.10068552168897771,-0.1899999857662666,-0.06611494678013273,0.16728505847900058,-0.09942834874424156,0.6559675268172191,-0.3378927907920474,-0.012290493887197315,0.006620179470584722,-0.16593270578272745,0.04521321090305255,-0.0714703462542169,0.2786592606433887,-0.06562536704896674,0.2736436306236752,-0.08200083998717429,-0.0756495752463441,-0.3141346970916797,0.09123133395396751,-0.34288178871567376,-0.09212041969704579,-0.0893205644233981,0.15811419979095398,-0.08677191552353923,-0.10565691988581713,0.2899272838902243,0.12084887027007571,0.12367823850234283,-0.08377430608124256,0.06040313285593801,-0.07950979091223229,-0.08863587812099308,-0.12474100296373898,0.0632736305050552,0.018426334440260737,-0.08868642510600687,0.009106998520952305,0.036134486723647205,-0.02780418123063919,0.004458805233974741,2.5646313682235856e-15
26.89510721239874,2.496725175268401,-3.0184956937292147,8.609652991895778,-1.9889601903569851,-0.3444319881871572,-2.755368704275568,-2.057867760822246,0.7261430032779183,-4.522837108943277,-1.9324919226999193,-2.1936393065420035,-1.195666865695145,-3.2067662983365506,-3.5460534400345294,-2.3407641759518314,-1.77061049987091,1.8747410222157332,-0.5401098598913171,-1.0740983840956082,0.9525855553156248,1.0163168850098423,-0.42207016506334843,0.6305000881834929,2.2337295468428797,0.816426245874819,-1.905810335664245,4.079398526375749,-0.3784846864366381,2.5630832354275186,0.8398119411382912,-1.3694072493152845,3.821452699390532,3.567815759596245,5.282490525732446,2.9546248075232833,1.1932600060900818,-0.42741887013311447,-0.5878777312490282,-2.09656154472289,0.28960655132178165,-0.5365520705377287,1.8910896720092814,3.104151399934206,-2.690168222513787,0.7210952997392783,1.522873348282228,-0.13266064896013735,-1.334699925976439,-1.316266984428909,-0.2814466764966456,0.8410803271614357,0.9626872662837949,0.31357375796244374,-0.8105593773356751,0.2737434032603799,-0.5086375739790003,-2.1810005849788285,0.11157914229434779,1.892627488951038,-2.260464584563708,-0.047677285873115524,0.4707891291748901,1.057773462753922,-1.0112503602237548,0.19468971864537238,0.3684320564938378,0.25229726177779155,-0.046275069898941965,0.8777229430374922,-0.72335706447024,0.5366143155712814,0.16653429073070025,0.5208773198522862,-0.8852809758227975,-1.3572466647125991,-0.26166932833454987,-0.8183246580796353,-0.18625165439208602,0.36861576189050427,-0.69262691532203,-0.5016494527914397,0.021018922186530023,0.04564987903493579,-0.7339547802232084,0.3912869861075254,0.12983091857500245,-0.9340777420865,0.16436659930000944,0.30255596772672905,0.6963688990215633,0.30526478984063726,-0.597298068599696,0.008755124330067213,0.13235275177600128,0.8811164165679042,0.18143868044502828,0.3386887126396916,0.13025839909111706,0.6995948883393235,0.2528485748121018,0.49068124862110696,-0.15503186470720282,0.059811838348932535,0.1309779082891005,-0.32877546886964504,0.20549310933785214,-0.25878888147696444,-0.3496411423573241,-0.18235638233342846,0.13023473657822618,-0.02748733509301349,-0.5143670417231142,-0.047648185769019996,0.3486790389015253,-0.14541998927708247,-0.11663045930037215,-0.39203011008436084,0.26336142307588584,-0.25402941472304397,-0.20573768145931282,0.0653483273829402,-0.231374149707586,-0.0387532497755197,-0.16153966096924843,0.027023264457526713,-0.15296910803208794,0.07489993885587949,0.13500995580201075,-0.01000336702950681,-0.046600575949846484,0.24834073417012043,0.149920177529033,-0.10589327810903944,0.019969151413716232,0.035766185892207314,0.11282766089000179,0.04880223814719107,-0.11204743543716682,0.0705827058618659,0.1384514926251506,-0.13558382565936228,-0.07839374289480483,0.03914901176764699,-0.062148877660585036,-0.10295981917980807,0.07638810625656328,-0.09425517134927627,-0.004202919768169378,-0.083030425448402,0.05546441142827373,-0.04296228774689561,0.1296017385172723,-0.05052259264255799,-0.09645491809001983,-0.06821573870232847,0.07010570025472286,0.008960879031130015,-0.06326268423260223,-0.012086717100379724,-0.006421402766730211,0.08456284761190376,-0.01742567772801493,0.07113984421323943,0.03890770270172314,0.03304753014962861,-0.02189539661407185,-0.09665514830451535,-0.003601967957461734,-0.03446453554364959,0.021582601037575148,-0.005433990983691838,0.004632661655221674,-0.030440594722395842,0.03223598939715558,0.01971758993644318,0.04060559161826507,0.023070815754074728,-0.015152326296460902,0.04522630030437729,0.02661263601177053,0.006927112498466117,-0.0019669058924557453,-0.03846484949179037,-0.0033756481360008054,0.01083964261096653,0.00030401969509640073,0.011684735764802794,-0.004906849711402462,0.013960244292411425,-0.019561173689500794,-0.013083217619265081,0.01245964923063325,-0.02648711979310828,0.01872269015507975,-0.0015051886128809133,-0.013019281246886758,-0.0009009679999173734,0.000582615805029347,2.5646313682235947e-15
-5.254881179663403,-1.5120106714644777,0.8580469314819171,3.8098421691773687,-1.8799622842624113,-1.0458630695150903,-2.074314283782775,-2.1272131489393247,0.24676997857767563,-0.7824878614905443,-0.28187816521229353,0.4524259742759805,2.078266431012362,-1.1299521871710838,-0.5905440269428905,0.15865840331908146,-0.8485804674432541,0.11238594685499341,-0.12333419913167862,0.9696288779242358,-0.09455679672049828,0.533418327995365,0.5032095137830562,-0.528053114934563,1.2504812835023467,-0.7308991412876403,0.2265269956452788,0.7512842049933628,-0.07471270357571198,0.339142777843602,-0.755454315176106,-0.5563180519751787,1.421395606142725,0.41034048933381334,-1.3417463514632366,0.15327066229619524,-0.4649799093023693,0.7607356800303023,0.8624373184710146,-0.578517277667791,-0.08421416786095968,-0.6413614729533652,-0.17265631801160103,-0.7728777649490063,1.5204962124270052,-0.1413395970393809,0.7897976578068167,-0.8846493329013806,-0.013483976698527113,0.2615124269061392,0.42144397965390473,0.6982443483198608,0.9790327786009012,0.8722760797102036,0.27465968064488344,0.602676791755131,-0.19201937851068182,-0.9781457912043364,0.654859844946242,0.2257296650671404,0.6857259498379871,0.41093008187175845,1.2848180260075783,0.6038458593414116,-1.7816865142273774,-0.043365472126159446,-1.5689784237141002,-0.4072686631547252,-1.181636603664814,-0.15402019286369245,-0.21358494897216168,-0.8495600664215609,-0.5378549484680478,-1.1814187390871294,-0.6097997533858766,-0.3468480109823785,-0.9703542155074899,-0.7732992149461404,-0.6472677911060943,0.029433485910472807,1.2455529285892681,-0.5467998808349023,-1.0322564693870397,0.9496420845519924,-1.200349101001696,-0.043147891130596576,-0.6230961270054904,0.34982538342297426,-1.0805784491898855,-0.07430170761384743,-1.0967997681319932,0.49936550181368855,0.44537384094267846,-1.471350363537519,-0.7037257635300446,-0.24414118272919144,-0.0767759149226458,-0.01620797731463739,0.48453860991173514,-0.34013031538944344,0.258628867218877,0.4333156240513818,-0.8152661137780279,0.47112801008834715,0.39567860489121087,-0.4626426504436861,-0.882189916135905,-0.06256273165171344,0.7488587757064014,-0.4899638893489123,0.34961315487601835,-0.2911731741034309,0.5036702219343175,0.11825931461502097,-0.1637966442620125,0.2960375168781707,0.306496702017076,0.9085468646325932,-0.09677422051246302,-0.9095189240477161,0.5649734567011795,0.6184452257316762,-0.3839122714920653,-0.08027642906002878,-0.45070652050212573,-0.19479732847976086,-0.38420626855306456,-0.16013496287506362,0.27913632257740806,-0.5413188935114599,0.2940654324516301,-0.3778029477263034,-0.23774614951125728,0.46988011576313476,0.36864637853100507,-0.35001484617930917,-0.6068284974886993,0.39275908550233307,-0.6208392028799637,-0.0824299183347177,0.13256837772707517,-0.08290314429926421,0.2872481214763198,-0.32650585220165135,0.2285547831846952,0.18765017412630328,-0.20452572314306763,-0.1477998539221687,0.07899437067816953,-0.1808574244149323,0.43436307943506725,-0.31053750545996983,-0.3148257863660907,-0.43464970271637393,-0.046691460534925504,0.10410803215128527,0.3347436599740142,-0.25928466326070665,0.10874753604774,0.3318519149855729,0.08757259638525845,-0.05785668674596418,0.003180623534433144,0.28963766933292934,-0.02052526899992455,-0.15293490762458115,0.2388566959212135,0.060209146005906676,-0.02189158963993456,-0.08241002560853537,-0.2197021785514275,0.16319633427861968,0.14500525983830376,-0.10617059703735789,-0.40701173106792526,-0.0847725341168293,-0.37774861293205747,0.027650193694007796,0.07023758186377921,0.05531439635278804,-0.1775730255682253,-0.021054080201542154,0.17964598539370577,0.23238237239305573,-0.09836916994246588,0.1460482425405934,0.04712929338844216,0.17745753395800723,0.04116107224895497,0.07353832674568109,0.04679645187540755,0.04961050172266802,-0.03213028210899272,0.10634627527263323,-0.02149963394265722,-0.012448605988380237,-0.05794801200206801,-0.01219362131762583,0.024733752099047088,2.5646313682235947e-15
2.4495481004553366,-5.59239252361815,-0.3539510924562444,-1.0812156684167964,-1.4151633771618908,2.6153993294556033,-1.9905386640690994,3.910549022302605,1.651187392192688,0.20457867042639,-0.8036479477091677,-3.2424594784540455,-2.206525074595703,1.7426111104485837,1.118560532739024,1.6340900991918184,-1.2574674709468938,-0.589577197969402,1.1122999927609847,-0.39209130564779193,2.387613890576481,-0.2808614889443317,-0.3058131517451523,-0.8387772224931463,2.0790658907355932,-1.28436529480683,1.332520464490006,1.232818560578694,2.9526313304242398,-0.28238567221949945,-0.3798194241372554,-2.074871899316032,-1.7522617837033396,-0.8377989754577666,1.833472643817452,-1.82105891056202,-0.2556303576171623,2.2558262180968756,-0.22020447455811398,-0.8555399410262362,1.046530557642137,-0.846988164307463,0.4311583815571079,-1.311860689519091,-0.4267241449829193,-1.4459214829894738,-0.08557364273772974,0.8546468811908996,1.4839425790131413,-0.2722451516914388,-0.0035353698606019647,-1.082732533329126,-1.2972570219126076,-0.999020657000129,-0.5473354093405741,0.28056039652734005,-0.7404296039365357,-1.2486355080193214,1.5905641310205152,-1.2133518430136603,0.47338581728290063,-0.4321819717082894,-1.718802728437059,1.4359724491046766,1.1816805527572716,1.0562452062242027,-0.4262183361993529,-0.08135562760413197,0.47790143360029336,0.1770058299449374,-0.8890796049479803,0.5566127703239543,-0.4883156491242293,0.11809014310841812,-0.2839033128482851,-0.7427353665237793,-0.13186313073815686,-0.4655648316436361,-1.035907577412019,-1.0261644751698955,0.28978027723521815,-0.05181480083685365,-0.06411316780724138,0.3350802011548976,0.5766989687337247,-1.578725206701347,1.7685597982946635,0.654754904647435,-0.08791835092548418,0.08505811331911976,1.3337802742534162,0.9279398143319211,0.9437100023124697,0.7123805591495066,-0.6837501233460578,-0.4084775240650309,0.6980182919088496,0.025480290194828448,0.025561989433023576,0.04476693474675465,1.1605432447665995,0.12744514811898952,-0.517076172137816,0.09635464409871711,-0.23670963070502615,0.4089962349792233,0.19326547232306307,-0.055757548688306055,0.23459515524523722,0.2247107390426952,0.8492951734621784,-0.454661697361408,-0.4707850382804766,-0.27694054018744096,0.4753550995866944,1.0855002011932773,-0.7355276547647048,-0.15271775166339624,0.011333380035289099,-0.11240708532007543,-0.24048073612941495,-0.8704410386371885,-0.37321594959336857,0.17071241381807312,0.1967986474198886,-0.028875170573912978,-0.07746671278211938,0.22193973443832093,-0.10026778413963167,0.054696385697425166,-0.25911489383813735,-0.45850219265130393,-0.4434498037279644,-0.2843678030537254,0.15629130549772302,-0.401230829096525,-0.026979248118669794,0.3046932642326907,0.26626420702876413,-0.19504418388295994,0.11141699365037108,-0.2783161341112537,0.49224136280021313,0.3792813672880587,-0.41640768995277255,-0.19292865692180797,0.4463751838472345,-0.25915500460090135,0.0007932769106703066,-0.36731179804620656,0.12263604911059527,0.005405604026119099,-0.08177929084786971,0.03825765839034198,-0.049282095479537956,-0.07328137374021328,0.30603982902616195,-0.05155701954969135,-0.36834382045133574,0.0038025992053890164,0.47102124830088804,-0.02649003052792725,-0.09491519343714566,0.09180273106639353,0.21875512678790368,-0.5042777432311424,0.051513643216752135,0.13686342452273675,0.023193623322399375,0.18804840001166834,-0.24437563790895936,0.2026714165447998,-0.16040769203238645,-0.009990169809145303,-0.04937971814657707,0.08679063326323425,0.05635809177348254,-0.03800543338975285,0.1361305764195729,-0.040145678199831496,0.10567264336671711,-0.04582585032461536,0.034651927090002387,0.08518306502812194,0.028454047091165273,0.029884748272532777,0.007677117848056311,-0.08949424607684259,-0.017618734778749028,0.01591356901190074,-0.06823786929211023,0.06353838478878274,-0.06083691291016802,-0.03413519980594423,-0.02514412560335635,0.07331465308608975,-0.0362793947943531,0.028632374623056876,0.005873070801818411,2.5646313682236045e-15
-2.79553305505575,0.4456475080414503,-11.969379111423777,1.6328797774686448,11.700517776448201,-0.18425185767455682,-2.8402446668831014,3.149081692206821,-10.850177256077385,7.3439619449703,1.6489156923086334,1.3557273003760855,-4.921902279069578,1.4065303424777327,-5.057327868794603,-2.969436223752339,1.3428764976678278,-3.5811546667423464,-3.990545415413683,3.7051469813177453,0.979004085167824,-5.62545489929771,-5.2231050954135725,2.000435685534339,2.3583395808313603,-1.1405126431911148,0.8556963084933589,-0.09762412222594394,-1.042338680187473,-0.9511810028284432,1.495525478252759,-1.1287515017558034,0.4795633766511908,1.6072676835205901,-1.6776019882304698,-0.7564153849951749,0.4678500743227638,-0.2763023900579445,-0.4744063704940611,0.8021419073561499,1.6028794518784446,-1.0319967099655418,0.6347928059974726,0.7448801389030928,2.044088369797629,0.5249838754433246,1.3272955962057904,-1.8891371486956254,-0.8177600264241324,-0.6811942148330968,-1.1367724052124906,0.5952566216089542,-1.7089856210867802,-0.18229378509113792,-1.3733916368055934,1.6383199966190904,-0.602201150147241,-0.4486332648792555,-1.3114851380321801,0.18440541814377548,0.18103941634872414,1.2494631547211528,-0.4443215989085718,0.32820532684304243,-0.47351900309321765,-0.16118887826876072,-0.9587753145650563,1.2282952160827132,-0.360637201437073,0.7704684451427657,0.05895525806248151,-0.4040899360878883,1.821337510437915,0.9212063536245206,-0.12418911098789295,-0.48983057888359693,-0.5971394973807056,-0.2209708479824894,-0.16765963269693704,0.02663529105833455,-0.3565270111952979,0.3166379152917544,0.5748177286887207,0.16011080507531333,0.24808160541045476,0.13309478116863988,-0.07263758276945367,-0.24518164611587082,-0.08605975660928313,0.12364464543354108,-0.08810240151210713,-0.7007552226565481,0.36400656946128573,0.30659882920809106,0.013873080550971067,-0.19058573398725998,0.21151872217658926,0.1645249312894999,0.004679841527694626,0.18225380395050123,0.1624328375138297,-0.20785171553656356,-0.370334312425416,0.1718354820877115,0.25011209511728105,-0.07020103405442546,0.04936393950604819,0.009889070359497917,-0.03412941139642309,0.02028445148530409,-0.056625558678571344,0.12315264674903818,0.09823771601543418,0.16156464920506558,-0.15477452372060388,0.002911219058122076,0.2276846148923416,0.42841296733271,-0.38915118009405425,-0.028095433419772494,-0.26927556456773816,-0.3119320474914238,-0.13121061850158164,-0.17181893932206208,0.13177648012103263,0.04313159451763659,-0.06952521737570817,-0.09496824226719824,0.22696954213620615,0.11366717513314334,-0.1767151575342245,-0.17930398088259436,-0.12846086326266143,0.13691821633458046,-0.04144500977810361,0.024052456414909003,0.10781732057485714,0.11365257023450552,-0.10213090990030677,0.026316284594683083,0.025108167758669076,0.11293889948106219,0.12592694546503388,-0.024355298042536812,-0.2614546617585695,0.0609384157161354,0.056835221776346444,3.6719408147711895e-05,-0.05828797852502843,-0.021245684413269794,0.020304086489265204,0.12595434243618195,0.0008840128505811025,0.08527978374354994,-0.004915215536586524,-0.07699791439643863,0.03229154418941464,0.02876985752883023,0.0018516456316164088,0.059439236414176165,-0.01951719194482199,-0.11725045951553044,0.04882365603544258,0.010046515502699069,-0.020069756358272302,0.008245204810036775,0.019302440203452377,0.08639529658158235,-0.007402685377055211,0.04704381667178124,-0.05727984667961133,-0.049208894163697135,-0.02406052726397606,-0.058844369243509484,0.024521375624947304,0.013627242045033482,-0.005290014947619554,0.008201557095837893,0.0035437176622407597,-0.03424596444194024,0.018586672268856692,0.0050684983882446745,0.03919621480329869,0.02312592697343922,-0.03319059508104507,0.01821893910977744,-0.010466934291860486,-0.03998053293540207,-0.010617179130756318,0.016854823333770266,0.007559643039249452,0.010350949918768873,0.011596487221425361,0.005852803621427648,0.00048004241915161546,0.003565642132844189,0.008161037745949394,0.0004591765587239183,-0.00042300396710409735,2.5646313682236018e-15
-2.8537903284451964,6.961012602026356,-5.585787475449761,-5.274452002472055,-3.5098591852286685,5.531811498432845,-1.6220109602489392,0.651836845686808,-0.0938046697943623,2.1259020373494617,-1.5814407868989158,3.6956773809875236,2.260153630754571,-3.233827316001832,-1.7694515416982346,-1.4518100080243097,0.5884312026983786,-1.3404622759563367,2.771863259247357,-0.6951121405344245,0.014503730563709667,0.5911589738502687,-0.0846955122837219,-0.4976797498661583,0.2519295716155884,1.2151245872455796,1.1766303667355105,0.11048043876799907,1.6537509892660995,0.10986957011380688,-2.064519669725627,-0.4282337132447695,-1.6612989847771846,0.04903492757180468,0.38598048245047845,1.3142697476151146,1.1260115063697673,-1.359161447577044,-0.04008247435356942,-0.8336670910527904,0.8127532262198365,2.4213591002784876,-0.9907984967346295,-0.8688126454958759,0.16399561582178895,-0.22653796216036162,0.85755088947536,-1.3796582045609385,0.4897812719636265,-1.6484742258347165,1.2262190259954946,-0.6046680287223333,-0.16168648474400468,0.8362683822384899,2.2134476176557154,1.3391735202062283,0.19784618335065318,0.1715825164123377,0.1133010873919989,-0.03045028114325654,-0.5117555101360816,-0.1889656661216923,-0.9821726307854514,-1.7804061221507872,1.5665477762026958,-0.7267592852435882,-0.6020800684609676,-0.2250955967938321,-1.0891903893913955,-1.2046412718117654,-0.768189254816981,-0.48986449420928574,0.683429581805052,0.44483043678934336,-0.5228731798042687,-0.28028149795130797,-0.2685763945737503,-0.5510832970019868,-0.1566800174165936,-0.5186802025816587,-0.3463239841251015,0.07372518027169853,0.23229020591203495,-0.06477464028391917,0.778253082007133,0.16520736940008374,0.519020358666515,-0.23504696603226746,-0.09944461512660188,0.8140791363128874,0.5435574244132568,0.33453219226730385,-0.19959837297467178,0.0026541274645794388,-0.6733250387208708,-0.14740431928538583,0.12503922242769985,0.07896845748235481,-0.5144791732708809,-1.07306966748186,-0.3122586490705181,0.7633607712247575,0.5859336015666589,0.18055373499713986,0.6036548246507146,-0.5284365917342388,-0.11423239352322463,0.5989458779325103,-0.1579900494165705,-0.48075192089256097,0.22744523069365646,-0.6851994876749655,-0.3999654211625525,-0.0188421598230939,0.057714330393778115,0.42085058183849944,-0.09059568752302015,0.3499098814713334,-0.030536321096920786,-0.3895926379477111,0.4390861648347089,-0.05210844210621634,0.032584199373371155,0.36812012666581984,-0.8711993045203195,-0.24909164501610273,-0.3188154411729185,-0.1586042710466299,0.4793222205415143,-0.3083839450283767,-0.037599792815581436,0.10924215687280557,0.47158459967209154,-0.29116982807117575,-0.29828506009749867,-0.09215160761639274,0.03161787178181148,-0.050556456251688524,-0.0661807095592758,0.40059005116339974,0.766529164717254,-0.6966099334728422,-0.17342008018768143,-0.6681400525148666,0.03617656766411856,0.15447974684272914,0.8045499489696403,-0.16115565902361886,0.0060524517833488315,-0.14962353854008967,-0.13353936658035886,0.2590512149651282,0.016164078840568426,0.15761636489513736,-0.46330402766082884,0.04545536229476245,-0.20517194265427685,0.361770332403177,0.3509621905612704,-0.1002629497252687,-0.18251139292080715,-0.2087189370830225,0.29762330099635986,0.19898596095737303,-0.04759100436138319,0.06133089300487751,0.08146646526244634,-0.13655343290967312,0.11935222748401153,-0.20325427507377627,-0.12061060804180705,-0.03300087005999005,0.03957531777494052,0.041809348158754416,0.15246322082838087,0.18366728908976637,-0.1258516989065837,0.2510280674112466,-0.005354778294767424,-0.15653473033165255,0.041406160927002354,-0.11040772790736324,0.037343794126057435,-0.003791597121670073,-0.005512484687964279,0.08566142823140878,0.013753523683602858,-0.1216923611462338,-0.059491628761698015,0.026495221137230067,0.02456199917101205,-0.05819908041589575,0.1506009380202627,-0.08207274176467509,-0.016289161689918365,0.0364467178002505,-0.04798499462514194,-0.03422262125529874,-0.023325781501803727,2.56463136822359e-15
-1.3817019799668837,-3.4423274761730487,-1.0501552981502758,-1.1841202640662178,-0.7731828740049003,-0.594930433919113,0.9231900800589662,-2.1601836877920775,-0.8919143975413091,-1.331051352125056,-1.4915135423080268,2.633611196703693,-0.2996844535761052,-1.104319661226987,1.4546308819888691,2.477445697122732,-1.4566118607420309,-0.37568472919245177,-0.47149930745209023,0.6296942855144402,-1.797295944581383,0.6711330519826713,-1.7658273511035552,1.545021271583977,-0.6653567576544519,-0.46456892339914646,-0.3487127453473275,0.9574509772608268,0.17751553574942053,-0.32204277914761514,0.4552405571765116,-0.7279039653407392,0.4111670634584606,-0.604063247525694,0.6001148476809808,0.33267915856442337,1.6549841154575355,-0.7245696337581962,-0.8259852708920058,-0.8049441654711965,-0.3245363480041977,-0.7090198791988522,0.7554717861712016,-0.746869762818908,1.6937490657907617,-0.26497506178471725,0.37666136542965284,-0.42696295411943197,-0.9704103072776311,-0.13057475162531115,1.291899197250391,-1.1727712576390807,0.35830892403091896,0.35069872892052506,0.9623002593161646,0.05882211609217351,0.455087174184969,0.36977349606534643,0.28717715319907006,1.0646551301786753,-0.5627757393874312,-0.7316618753838565,-0.037661731572741414,-0.5276230866072021,0.15108126737596847,0.7891486171619071,-1.4433220086677967,-0.42055450763208135,0.30745311038320206,0.6751125756996191,0.8384385785385228,-0.5156445911475963,0.025792420395195845,0.8790112945776216,0.7778494853581495,0.48026148592371043,-0.5329194290290373,0.9176496637899287,-1.4093733831150232,-0.07146447957436418,-1.0187314588146892,-0.8226702247131537,1.1715324659031674,-0.2375860486711072,0.12700449682817597,0.6655321221409423,-0.10351214552406528,-0.13530677650233036,-0.40644351210425617,0.14914902613213196,0.14379919335477162,0.42595061095559295,-0.4064513911837224,0.24005015707972518,0.4422234127959678,-0.8889336478981585,-0.30285162339576766,-0.11519448913965159,-0.0037933442489469222,0.541580431419326,-0.8029012496123699,-0.7209213623484767,-0.3137308634712576,-0.47925723157028727,-0.7220189619495804,-0.01859948825418347,-0.04101591280933852,-0.12659604476450056,-0.2286557681558126,0.9574207565291569,0.46280512162783954,0.35059759437455434,-0.1644859997690779,-0.13735782500156163,1.2434531661485426,0.3720938005308199,-0.3154167215486405,0.5208421272787765,0.1637170114221294,0.11185007250528799,-0.19045215693073608,-0.14097998918948731,-0.11706441323086135,0.6599773982993216,-0.8650921891211281,0.6577487045389891,0.652403564952641,-0.16824334718492873,-0.9785585372097009,0.35345705283376183,-0.40703377350756936,0.21444641349639773,0.16544800208575,0.22354686060438336,-0.20984569999850694,0.8326980589778359,-0.061051699867047386,-0.3423979193559506,0.2714086780937443,0.15119822064732455,0.11930586178498306,0.05690349534996097,0.5773679707093661,0.002968108616373327,-0.23122561009469653,-0.06113149348325785,-0.05475015802602194,0.4748604594140659,0.027405730766069412,-0.3104223811065328,0.02396607857319032,-0.6270861721536882,0.0969641759807395,0.06372892918898174,0.29815595370293513,-0.3566444488419946,-0.18840081043168314,-0.34938050219156747,-0.203880756848241,-0.03155210373192305,-0.001589041866398318,0.03977795184378952,0.039246403259686154,-0.05341607127352796,0.3472632735048037,-0.03084318407227869,0.32147502607662987,-0.18768846853988155,0.24858484813839254,0.2580105559514656,-0.1234062585226095,-0.13448160311194562,0.04669721157091831,0.09346627230224555,-0.2591911599428622,0.05639746436227399,0.07959207285836875,0.35132001325409834,0.04430784512109688,-0.26154678535835735,-0.014949013116753625,0.035367565754025276,0.03550138745728679,0.12025015896404162,0.05078291271609418,-0.14071959100000472,0.057948329133554737,0.06351603401428335,0.10442324802166295,0.1344498163607584,0.09787061220941803,-0.05063432111287452,0.028479466893917376,0.12604724856648414,0.06579666087288688,-9.041851270057588e-06,-0.02293831075854631,-0.08474952982878933,-0.025221802539013335,2.5646313682236203e-15
0.2541441520537401,-3.055402630507636,1.22915639909269,-0.612352529085742,-1.6328934014154235,-1.0104559230927563,5.508977797065178,2.3358067377761262,-1.5074141996341486,0.9290406775039745,0.025292334685401117,1.997751366086458,1.069489941392012,-0.2370917786970321,-1.7050696585749796,0.8431106593286198,0.7484100468727476,0.3322163815427903,-0.19757668333996786,-0.576169717516941,-0.6302299889283326,-0.2228127382036971,-0.14747003883415633,0.5392649225732681,-0.3119310094436521,0.9568887988280369,-0.16712980062394828,0.014141737082961372,-1.452265066047446,1.3441978063915245,-0.5948300348364534,1.7996185431927922,0.9783242668267099,0.5902545636132875,0.8480219263029526,-0.2357476686496462,0.4938728335677995,0.008863613632847725,-2.3988234595864917,1.6374273883499249,0.36502259936314263,0.17218177850895658,1.2777017670073498,-2.050445815264449,-0.110324314187801,-0.12004878411479956,-0.26316158272389834,0.7462375350129136,-0.8006262419817798,-0.27605140536048317,0.9968491379257407,0.04400819757191855,-0.010652037177827374,0.4662132521724368,-0.3344509552489812,0.8475921805208668,1.7986963060980592,0.4120670787531799,0.29797604577240955,0.3019690844495379,-0.35233144682086404,0.34650647106848365,0.10921795097831935,0.10744987074910005,0.6161546264837464,-1.0797766046568225,-0.5957157556188675,-0.5692062325002575,-1.544370330112606,-1.1223427340415753,-0.07380226762567613,0.9275148652169903,0.2618802952112736,1.4508653809040606,0.30617420974705284,0.5187110706796745,-0.5697026343083597,-1.090716001691755,-0.358933393770443,0.5526721546084207,-0.7810903424522266,0.33432515691361414,0.8020563580805278,0.08499987624722695,-1.3602579079260448,-0.503803457961433,-0.1453263974337978,0.932968034065427,-0.18743272358907978,-0.16075905164379412,0.5182812216232201,0.6812762038270875,0.3526232758967242,-1.003614158325257,-0.41993679907440995,-1.1365195305961486,-0.3604138096214326,0.0467494672208532,0.26778858071113876,0.051168794456835906,0.343667623833692,-0.06814631299421628,0.09147009509478134,-0.08341828363025239,-0.20495456487437796,0.7065659890940036,0.3959674051984565,-0.48726551025623366,0.6874487691344116,-0.7832787485330471,-0.8535342012512729,-0.9620776869712035,-0.3611664316493751,-0.2182383624993086,-0.05487092187899242,-0.15393756957637608,0.1542395563074416,0.4780561438886031,0.7281457407970238,0.3245517210934947,-0.4194215567572957,-0.4070257075713483,-0.8021848103525697,0.35119307781707965,-0.1298873034016026,-0.3996743460545257,-0.00628386316930631,-0.5073990369001738,0.44949264288281604,-0.006852302590046736,-0.0599352966658455,0.22710088869492298,-0.049559594483005634,0.29749001550179677,0.611980353669289,-0.5233135039285097,0.9443648381970396,0.0676233714989543,0.4282626036827611,-0.5077955491058759,-0.3759617789645158,-0.001039271079166426,-0.32779363457104016,0.25471599393418326,0.6102843963937862,0.32642468846935063,-0.1222986627719957,0.45240627808935924,-0.17341307292260047,-0.14919143853634387,0.017507885184324723,-0.18830024880197554,0.041374890325315314,0.30677512458829975,-0.23035970668979008,0.06719865252958385,0.19055175432763918,-0.1629954596456883,0.07814333747283785,0.028852223454398123,0.24065243571869574,-0.33707083424220635,-0.446039558813227,0.37848512818289154,0.4113216453739363,-0.1878756197127102,-0.4503856410248438,0.050183310316895546,-0.05522791707139372,-0.007745259954646022,0.047350651634067924,-0.023125397053898298,-0.04685192786452595,-0.0390867603087782,0.057547400332332806,-0.1490936217508455,0.01954017231007575,0.07372273989481053,0.30496893502339617,0.04453445287483274,0.0414662321361107,0.26971197226061144,-0.013421399683371062,-0.14907408123959565,0.12783892964328544,0.04974553668817195,-0.015445405183980571,0.10043678320172342,-0.01012068728906504,-0.1051600509806223,0.09391095947008989,-0.025700953976399314,0.09234756311433306,-0.0028063342433645795,0.02684293369672745,0.0015348744892300424,0.04049486856223015,-0.009572428393866909,-0.008320947425630202,2.564631368223618e-15
3.3161945889144944,-3.9255984127945958,-0.09639497932051734,0.07110449215540528,-0.5503083056430451,-0.40266219319240376,-1.6771696320552707,-0.8483249007087325,1.784141821474131,1.180054960454161,1.273824929573479,-0.12382063493268156,-3.875590366515281,-1.098704105549968,3.2648770560195564,-0.09057396829270643,-0.4227499994606594,1.5826607995711974,-0.9002865068789043,0.8430480212955563,2.064152083026385,0.5459663259004666,-0.48654861891502255,0.8601386804135185,-2.2314756221656173,-0.3948751046470244,0.44820284222841356,-0.028455169310887433,0.861446025491432,0.042567585567208285,-1.4946023290732047,-1.344714632872773,-1.3523782808756057,1.0543362525259086,0.6228966195919786,-0.7518138060316886,-0.47111363134006196,-1.6284643600344424,-1.0353618722332474,-0.08963108309839046,0.5509778833042631,-1.5523040692075643,0.44236276105337574,0.0818111423139199,0.04981148495660124,0.3350824798860109,0.08268661017650596,-0.12729665600356355,0.41661683887549555,0.4682772447340744,-1.2501008445609532,-0.03994522799967527,0.5403452098385123,-0.4655592916189386,0.24047074462273768,-0.42933761209019794,0.8765467763108257,-0.6307132590593977,0.47723138727941466,-0.36643284622678174,-1.227693280415964,-1.2700256159350443,-0.7181010025959021,-1.8556975539821121,0.03833499130955052,-0.1533953840576115,-0.2312717116791251,-0.8341504527223116,-0.7491885217511778,0.8690225904836879,0.6712717646967254,0.5629369757053981,0.8629638435089143,-0.879705989010813,0.3567236316925598,-0.0074375584480500054,-0.9830899748208418,-0.3931956440600849,-0.9861349972118615,0.3498446441870225,0.822161962813801,-0.3965506139871186,0.4303120721955365,-0.3769666986710857,1.1099416364449721,-0.49214272582363855,-0.4244798875342617,0.9898862980271449,0.17354918425914945,0.02484211882152759,-0.6977097344685309,-0.2601911707209282,-1.4122870460923969,0.4981678409820919,0.02723930543183078,0.7007950046419031,1.113430433778629,-0.19638329758576797,-0.22114680017986027,0.058103446330075255,0.2716098427407818,0.8997531565689203,0.10325867096858694,0.47704387036620993,1.2407939369425973,0.17109125618302956,-0.13675933308385957,0.02140209944162016,0.44166662251426286,-0.6351789599596899,0.21610321665488139,0.3200227063222408,-0.43251575721639957,0.4118145097003285,-1.2187158768346595,0.22283206183766388,0.4762650252094998,0.06595874251534967,-0.08176071306139744,-0.17658176353760485,-0.07833975576047461,-0.16442661822894203,-0.06275872960530829,0.12017346298682383,-0.2852310232784458,0.3586509740191432,-0.6469618124495327,0.05335776112633793,-0.3853354638107866,0.12764271652962886,-0.043973548685741735,-0.9345720331297369,-0.06458775043213445,0.27474337466971377,-0.668132639397657,0.15862462018602366,0.3879650167179651,-0.6722110271787166,0.4703671894353791,-0.507187934605659,0.2968810178355421,0.20924576229472552,-0.1359077069443241,0.29553734210052984,0.07151597538840161,0.4249800397189893,0.175151794777427,0.06455772591637556,0.18248244803874025,-0.240855834688577,-0.5596206376151844,-0.0547010188428488,-0.8138468690965405,0.1154051986551924,-0.1608179094736314,0.010089596157728323,0.044913618465231495,-0.48402343751362287,0.10486793239115036,-0.05106136237261306,0.18007686043410082,0.0928028354640871,0.33825371850517894,0.10037832813908067,-0.05488972243921639,0.30683178378351356,-0.18971796735297725,0.02952129713836501,-0.0595447028519298,-0.08026229841851773,-0.21177143243683938,0.06989222440345912,-0.03235159088384664,-0.3583486804389336,0.16068001883821265,-0.21831458516320207,0.05733472250467342,0.015432200925831255,-0.11341778670495153,-0.007924206257817243,-0.11512558640653238,0.06422936786295365,-0.09666733278752537,-0.08923633736164611,0.108748128688492,-0.06700465492890467,-0.059085337837223854,0.16275223504158973,-0.07018527727889518,0.02633835593186876,0.07955218150898691,-0.09727290437515394,-0.13400203901601576,0.017554957483209815,-0.03256693609135786,-0.047304370282103464,-0.02905862453881609,-0.03268879444727289,-0.011722432699130791,2.5646313682236227e-15
-3.869520642496604,-4.074475198166668,-2.023398037336573,2.4551144522487367,-2.807212504591323,-1.0749918436791173,2.1695077189353937,-2.1968491592661223,0.23056209480849804,4.854860374205685,-0.025722354580148453,-0.8192597341298156,-0.6523088992177284,1.4046379376695532,0.12743745699682646,-0.6660968781308907,-1.142952695877643,-1.3733331846220391,-1.1023480147526088,-0.5216085420208079,0.8380232623466944,0.8843079285617911,1.396641230906136,0.07375926769417583,0.909353967111734,0.2868460436798094,1.6394147183205496,0.7612397077530679,-1.573424747835924,-0.4024271749114215,0.7479664756401658,-0.4908068952203779,0.33079742634828946,-0.13283869768896048,0.07192946757474455,1.6180970144363749,-0.528927950671436,0.4640932815625557,0.24826680767302076,-0.7579379403755471,1.695382320265815,0.8483324265510029,-0.10870293290926361,0.4200042703894826,0.21945008023644824,0.2978012822402111,-0.9525411721975553,0.13790354754630715,0.37926677445598117,0.18311310950433624,0.16296654046784464,-1.113219311590295,-0.5098379801766991,0.5807309479422675,-0.5077203050783987,-0.3720946404601049,-0.05012291558148088,1.1478899949869774,-0.3541062154805517,-0.23737953206993134,-1.3835900444007496,-0.610886986937697,0.04739503215037962,-0.2830501615791191,-0.28057626913474787,-1.3461239667269318,-1.4384366043076724,-0.36605244729262765,-0.022807474686086047,-0.04946561909389817,0.024339653238368092,-0.48978131675643966,-0.5664188578263202,0.4668093845032481,-0.8025496402266851,0.7501388427538541,0.2663231320008577,0.26507137029459577,-0.11562499404802154,-0.3596647374748067,-0.40156406277774914,1.232502728452313,-0.4896592442053845,-0.18582235945285505,-0.5835507870539225,1.586176610581873,-0.6847487255442058,0.1134496766841534,0.8998944002705989,-0.019669467195987923,2.147195806607596,0.6331872710453084,0.19388944914491918,-0.89546877241662,0.830991824089684,0.37912860223922823,0.602972343707246,0.657444513066303,-0.505108729910606,-0.2826405234907913,0.5092464785967951,0.5384412474213077,1.1860899827302451,0.44605596057809577,-0.055428025440790465,0.3429618590401598,0.15160325894253676,0.3477719855831371,0.4748820556339149,0.047670075306667614,0.7931394331899689,0.4191986306502867,0.11754766838701898,0.6061477446399096,0.2694347399426284,-0.11997020893033152,0.48059559144659353,0.22497153028821198,-0.019757181534913633,-0.13597649979346682,0.6038859684452955,0.1126897941644108,0.17084280822829184,0.6459382435725239,0.7641958327259267,-0.5183970314612958,0.4458962030848553,0.48114881098589907,-0.36927986884543323,-0.005436131560274074,-0.33221684229179765,-0.35944623623089555,0.8328096518219986,0.2532083435656312,0.3184470099341281,0.3155610036769748,-0.32876749201458,-0.5209117857156293,-0.07552197532940325,0.4508534953787168,-0.22778382653560483,0.36716770088935663,-0.049247072255390864,0.34338587431356027,-0.31952914966080775,0.10219206142282597,-0.10068099755406142,-0.09890615304870211,0.2328515989296219,-0.591766218173027,0.16446401256621665,0.0035382172663957607,-0.04970613962934501,-0.3747961792348254,0.5481294252418604,0.06704599158393429,-0.16373605413829972,-0.32653841761162267,0.36933889308732226,0.03364087060249233,-0.0008300048309582957,0.09221107576258684,-0.10106770952742926,0.04550031660778002,-0.31093717421286804,-0.3873877748642606,-0.17744698403285875,0.4026903353200768,0.2677137886222712,-0.08539515509762957,0.039812739766144814,0.053686256061524766,0.27620488238433155,0.04267653544468968,0.030763792222027433,0.3289215088975687,0.01089543452479658,-0.11637019268583013,0.03462238770438235,0.18385681611010476,0.01341107347179604,0.2193936950985462,-0.034346886197583165,-0.021153305111057764,0.19654669933529975,-0.0040683363795456715,-0.02310794068934133,-0.050653943822553664,-0.15171247103876087,0.006224030386451177,-0.0004072019728033393,0.02225119608646976,0.03496995592833373,-0.021990522838581283,-0.050896849870879814,-0.03263519877528773,-0.08263368364337505,-0.04274596059550392,0.006909273533094647,2.5646313682235998e-15
3.505496091031246,-2.8665248387157813,2.083014880639259,-0.8423058668398336,1.0343244697759966,-5.419067815583128,0.4376868702509956,4.559528512507931,0.986863349258774,1.6583855967053855,-0.3507163910629074,2.548969412179229,-2.3940549541380065,-2.322583216351626,0.5388830760903082,0.32665485360818663,0.7481927720802096,-1.7263401925300699,0.19277855635284202,0.5776373666152711,0.22132383119460197,0.5522615460667926,0.858894947710934,0.6384224429298656,0.06414586309243749,0.6443998206869248,-0.45321590170982406,0.5243183046210418,0.08066268373296828,-1.20742905545214,2.761964565827105,0.38143825056570757,-0.2964688901249169,-0.38892778000780437,0.316151460138633,1.4989978162149427,0.6336902392938275,0.21673868905096277,0.007622367747960986,-0.785529521410428,0.8050124430508876,0.691489601787286,0.5312193150088108,0.2035455468487073,-1.0630911026021315,-0.28724924686106673,0.15668474381882205,0.11035963348840037,-0.8267669360823803,0.7603400411451597,0.7571640858655431,0.3897947183647231,0.9656270820797445,1.544090289275018,0.40645309174728705,0.35643110864614397,-0.8781023321502537,0.06999814398266971,0.4728824259211935,-0.7826968059703553,1.4501297281879149,-0.5505907519567763,-0.6824776118432845,-0.4928765378446066,0.9872568703643771,0.47522390974205797,-1.323637510860859,-0.13005814601946758,-0.666084385308834,0.5215670284583731,-0.22706887526600056,-1.324072437107434,0.051064738139785876,-0.7006857566010724,0.19909925817266816,-0.6900955839151969,0.8348274149099241,0.44300714232282257,-0.4271625072543132,0.43664552576378385,0.8073153993329957,-0.28063461683193464,-0.8128939808672828,0.013712484088194662,-0.007494431173934819,-0.26802006552732327,0.14342023935176634,-0.781302654171305,-0.32292983443556916,-0.4593766180433806,-0.36350211058772425,-0.6359771472518823,0.02417165173169166,-0.06866742851593019,0.6611001800062061,-0.276823894437177,-0.5957780301747801,-0.0931830987682147,-0.818709934376943,-0.24108179506771327,0.5031284661283004,-0.206048139252796,-0.4659678188897778,0.6217859901282865,-0.5932047827753064,-0.8796802699712064,-1.0358833356468982,-0.07766610095282757,0.4219357934883471,-0.4356988379028467,0.2972544717806906,0.36157462418369135,0.1001485517923473,0.1678243632169402,-0.102150384234103,-0.7875385608667982,-0.037685827194909045,-0.2132261225285551,-0.004911298055970678,0.21423537442478438,-0.14567431748877846,-0.15738116319568815,0.07773277123040713,-0.2622986748577199,-0.5382903642795059,-0.3438995509192487,0.13966003190090245,0.39393543056854796,-0.18141983476302506,0.2886497453046833,0.6412772999555337,0.6583149349589895,-0.3728845511679812,0.20827130724527845,-0.43418700569681273,-0.32579057045425824,0.33888260984680263,-0.03316139468883896,-0.4619302933443477,-0.37661391986372245,0.2172876774956004,-0.0669064750821971,-0.10146185779029834,0.3982608502436898,-0.1633612184679788,0.05447750765808763,0.544307756698674,0.5948054922959926,0.18564758784505445,0.3255763620955104,-0.057669907682867894,-0.1325735371094831,0.059453918680544816,0.14096192220298417,0.05043321433456918,-0.39992608134230717,-0.06533974064431855,-0.375881203782843,0.26612357111990764,-0.13503558547340969,0.1590352351995828,0.050573587853669076,0.2903606579383945,0.13807703819313744,-0.07169172669259731,-0.2684691211233621,-0.14532247343313398,-0.47454688684690105,-0.08047979652630825,0.0743843295342941,-0.26708530705259603,-0.04080217930274929,0.1801336546542442,0.2658097361878104,-0.3629626322356927,0.11338919942180925,-0.13895506427049897,-0.29455964776188187,0.13037207329242037,-0.027815182499193635,0.35391102832103233,0.1207510010890273,-0.12480268713629868,-0.06779738165544238,-0.10975193842729081,-0.13411985560129883,0.0013317068039061786,-0.014782087273940432,-0.10984507093226273,-0.13825328721409832,-0.04651777237426158,-0.00884433742123192,-0.0038040909348579185,-0.06534367363261984,-0.08048552304150226,-0.11770005946610063,0.02400969069468896,0.044861581539624704,-0.03967480797974794,2.56463136822361e-15
-3.008329770179403,-1.47975503868366,0.9660838916036331,0.20339759454960454,-1.7768482227083364,3.2724320830927467,-2.00135549443071,1.830790072909239,0.8938060973159536,-3.988967175543248,-0.04006656095351832,-1.841697959953151,1.399189253345785,0.9964424690659393,-1.208298117731284,-0.3311837126249163,-0.5188962430131383,-0.02454657115684127,-2.871330695861823,1.0224508334459257,0.49794790446585646,1.9446748436457926,-0.17930545185038413,-0.35104636029235403,-0.7022294812468315,-1.0576310907402116,-0.25059703522452353,1.4549044243830518,-0.24317490372363107,-1.4749701446813677,-0.5138810331287889,-0.6649353836261716,1.531124527911603,-2.7273710482895375,-2.014096313996196,1.6351793555433496,0.820173455466167,-0.10092728825712789,-0.6103538041302136,-0.16781960888349706,0.31594344010309217,1.1635634539114459,-1.0748517346157156,-1.5981265688885598,-0.8966572572488026,0.7504225721473987,-0.8970119945922816,0.7649886682792112,-0.06509828578379277,-0.6776627835323893,-0.4436647101053477,1.0236580856856459,-0.38571207348554215,0.561738486060403,-0.7854652469360826,-0.3674342940609307,0.006169584086318671,0.6592707390762105,0.583203011259651,1.2722514261539946,0.39509939933142185,0.2206467981193447,-0.013679231123330568,-0.37726461483991774,-0.8851809413206544,-0.3563159764545688,0.6133207598647417,-0.14203554755498238,-0.007370302210894452,0.6142139517962171,-0.051164344453859804,-0.07882704924483953,1.6156683575747752,0.7054222398949831,-1.525266100544581,-0.39967693793176684,0.1910841403728914,-0.004748920522564235,-0.3262387778478467,-0.43878991905715636,0.18419709044413068,0.22273099745578526,1.0134149954974212,0.1352797373048304,0.4883247584873727,-0.6991153597017951,0.33818727050383623,0.23456244075767207,1.7511307157926923,-0.2984885475506472,-0.553977722677057,-0.10750160732884011,-0.18426928080857435,-0.7622303551482164,-0.5632828167740388,-0.45464812948921435,0.49829944354470834,0.48478789585291093,-0.5665160234836933,-0.36970499983402566,-0.26578263450957845,-0.6765664995312642,-0.14030079887281502,1.297921261103232,0.6562842115548242,-0.10647110195688168,-0.1831275516866461,-0.04486339725800135,-0.5490628908191689,-0.12769860592516508,1.721685372965579,0.041893506621860914,-0.6341987972991409,0.010846554660734179,-1.0037601986726001,0.24125107702995469,0.1276716023873508,-0.47049738076996994,-0.17169684845170363,-0.5353711914361406,-0.8691736992953744,0.28436571046053966,0.3684055559562958,0.004137387188318814,-0.32047321611208546,0.04213462378627283,0.028060816934311183,0.1397190940750103,0.1565878802026689,0.5531471490972933,0.04699186502935515,-0.06946730199993856,0.46011184402658806,0.5857105052462102,0.16747384999669304,-0.4776267830392189,0.17587382928082584,0.26128649725223174,0.8931729809421318,0.07597420139429667,-0.3948746321570209,0.36234443798536037,-0.10195054434777888,0.13734398716195312,0.006550453637731587,-0.43324515642963873,-0.07396406524917311,-0.048080997533747026,-0.25067083128484335,0.2745443026475815,-0.06579259791089273,0.4380021101019898,0.17089814552430796,0.33710598978096784,-0.23510508691233373,-0.38275998518379556,-0.344055218963902,-0.6727135941896354,0.13054561561607067,0.1378169326297363,-0.09982363808538243,0.16023868447469203,-0.04967425863348655,0.17476130933852171,0.002554637815798646,-0.184915288789639,0.32644298748482237,0.19445555624953215,0.20496497678024347,0.17723905871979814,0.3233487727886343,0.05932430543912573,0.11134137621729741,0.08900150722872194,-0.031661294380815136,-0.07960206430297191,-0.12533801279723641,0.1381343083456469,-0.05089400565303503,-0.007171923367895556,-0.09576419157881894,0.040929492300563294,-0.01125932266796941,-0.04699390179461589,-0.1593694780406894,0.07096717608858513,0.05172599233383519,-0.0807107109805188,0.18517195036382772,-0.07102819981721714,0.014534005829235518,0.030091099334031614,0.034360096018242824,-0.005259680964349365,0.0028340087888151758,-0.03535595913806769,0.0017485846238650693,0.0337413461842356,-0.05360470869977658,2.5646313682236085e-15
-0.6368992927952316,-1.038491473792407,4.0759032053135185,-1.634359550998643,1.8157328824126142,1.9756312581377844,-1.0014391697988225,0.59615976983731,0.4817723972802269,-0.5993229364924171,-1.6291114000410751,-1.958742254115217,0.32702347280413674,0.23356267872756353,-2.199896961997955,-0.09130136460935973,-1.3264891875888796,0.2901303970441228,-0.3285070643006101,1.0189451706894204,0.1273407068259112,1.5104479217108044,0.10740947041062744,0.9748322454013213,0.16101951153490085,-0.6946685524250781,0.5229579195480907,0.5198712328974294,-0.1667464063856436,-0.6822169066219563,0.5362653302707676,-0.14932929442822576,0.9402421392282639,-0.35155157537184684,-0.468354999841653,0.2747034595089779,-2.074245505752699,0.74419193003807,0.17914022454265258,1.3577005632650825,0.32928834047295447,0.8172975065419077,0.39496673160411716,0.15773926278319697,0.16443543289573528,0.03149233363962329,-0.059342000520290164,0.31689092999254204,0.6632017766750877,1.2190499128682446,-0.8399347235367692,0.351136713626238,0.30122252151577544,1.2687557704836685,0.6910602631959027,0.20232214340747562,0.46165549533483313,-0.19248563268793395,0.4633277533196879,0.6439103218694161,-0.32519542309189503,0.5821589657722489,0.7698209258081934,0.6304666908451536,-0.8012337645120504,-0.17239350656209,-1.9697767018492696,-0.5271967801506937,-0.41410520725022604,-0.1954440572782856,0.337441640971585,0.40357772228089644,0.23710645757806456,0.3649100228860424,0.7764721101629458,0.8693936526057027,0.028138182032260494,0.4462523890311155,-0.1859813576807615,0.42970598622849193,-0.5553610147764609,-0.2890246130212225,-0.06056933971309193,0.26120081446466725,-0.3700739133650881,0.16623790960080448,0.8048248636037397,-0.7748322141281396,0.1761941176055142,0.5187474129515793,-0.07456348511802839,-0.4138366048628116,0.3244370948230757,-0.4591387153353778,-0.4593792689523771,0.5142281910104092,0.09448395179454883,-0.07234690835723404,-1.0569666214134934,-0.9409887752130864,-1.1879481826151106,-0.6699176662700933,-0.8119665520187023,-0.31005653265655336,-0.22928063754647518,-0.3513457903673908,0.5375476667450755,-0.8469791118394169,0.5288408002293498,0.003185308972144713,0.7072677917156487,0.009053958919086941,0.5428244123777403,-1.1057442075523125,-0.1598336914665266,-0.1486489069522689,0.798004039897573,0.30175474010568665,-0.22167194229574655,0.37787812857815134,-0.3410543611677897,-0.44572827545297256,0.36503953200747563,0.11133248944330623,0.06828248014931679,-0.6835906362799681,0.1925022261026382,0.09690139107678315,-0.04206299253967258,-0.16123736531348967,-0.47369028975213995,0.8275630103761432,-0.07023808398954251,0.49105746470022904,-0.04507085576379379,0.24337923142548054,0.4067762254182999,0.04418771905150139,-0.47834456745794623,0.5397279783070551,0.1815006216913395,-0.4858496960260722,0.04418779403721626,0.22466985859746855,0.19456265278260176,0.5667709322052991,-0.05373950756455473,-0.622583619294448,0.06874281823480445,-0.07549107905627131,-0.5835140144595624,-0.31965388418848256,-0.6724445363345707,0.33642070132792185,-0.0326667878743,0.16968469363612068,-0.2613358433113167,0.24164806791905505,0.05286077725084311,-0.21915646400524808,0.522280902915227,0.27083506379010824,0.02261496389315279,0.19045074121196875,0.2559268219991482,-0.02299419467527649,0.23097456975892924,-0.03634354895335269,-0.07630942026941193,0.2006303203063443,0.25623595821712447,0.43734996969647383,-0.12395261644604148,0.14516681054652547,0.17127340463639218,-0.06029271322523742,0.4000765475882677,-0.2699932809031343,-0.18733337724084226,0.16625621596096926,0.011585209344869177,-0.26600159605210705,-0.0312149302468095,0.10083957985286406,-0.05037390875279225,0.039571549195043965,0.031247563829161887,0.028884779639715176,-0.11315840113469311,0.046045362476474665,0.06655036528016356,-0.07850031890952083,0.028975163460788527,-0.02767050987017483,-0.03500497883439217,0.029228453475816943,0.013925468058789418,-0.025641568650371947,-0.0031604443477059744,2.564631368223607e-15
-3.7499378767943248,-1.736868484314809,0.8595504550170212,1.789238381711783,-0.2372221003266356,-2.0043000668537387,-1.373500083435952,-2.291547424918627,0.5533880004844379,-1.0713217265716568,-0.4638065371421514,-0.47079689772563976,-0.4616925322792048,0.8246374546395775,-0.12395440097565431,-0.8892704550236392,0.743228975953126,-0.2692135788219394,0.41168166690359165,0.3242276763191609,1.405030943985934,0.6397982000520069,0.11162162832886295,1.1485054974804214,0.13863212050678983,-0.9178729349618954,1.6470490936638715,0.2728807396194391,-0.4141191679615626,-0.26456947217210913,-1.0678341788234065,-0.11991978228064447,-0.16498905323622892,0.8812003470712534,0.4227058888162923,-0.67854451480342,-0.758346628847299,0.6699087823634678,-0.08125819578817753,-0.415542749608335,1.3009323429014041,-0.0011311780148023233,-0.4354525094465642,-0.1501047323874946,0.10688837605801452,-0.27016357643971284,-0.5031176708607626,0.49903827470626577,-0.668235659646455,1.0888560031323895,-1.273658766339024,0.2458326511664264,0.18495058316430546,-0.271752116519378,1.0020475817137637,-0.11276858868497427,-0.5182308746518036,-0.6688990291286873,0.9628578592312063,0.884906993611006,-0.5796303495554281,-0.6455993462797384,0.10604163684920673,1.0288387383963236,0.8199521929587638,-0.6459942266656972,-0.29763620336811536,-0.04144604310781216,0.43295357023776515,1.4246024793507417,-0.8232542523145809,0.8470540457508596,-0.12272668146116396,-0.024017305301507322,-0.3048782368166359,0.15149633434984028,0.9390128469145674,1.1904708722881228,-0.4934352295090894,-0.13152943762767091,-0.1549095526424081,-0.3763439327433544,0.03704790208306701,0.6511134484278822,0.09539411266850012,-0.8926332388876702,-0.6890760550567018,-0.2825851879096539,0.058534956156457624,0.4422082812631098,-0.9501714389733221,0.19842490029491222,0.5515915454059405,-0.891343873469478,-0.12332642459217368,-0.39673148625992544,-0.4040134484276869,0.19313532248441367,-0.25473847410022005,0.38682157537122136,-0.6570948724658177,-0.7694594239015121,0.07981316905315672,-0.17718655915822767,-0.11118774463997781,0.602649064924796,0.0894478572715745,0.39910603583993737,-0.19762576050276776,-0.7149893431671192,0.3216823825892365,0.3520667899275813,0.43036837863207783,-0.18694483281315533,0.26368944693993973,0.35251294243907416,-0.09356310193804895,0.30028353057452917,-0.07507710538869103,0.08749100499218967,0.602252500518596,-0.48193511927352084,0.12444031158438053,0.4306627048946889,0.2907477397966459,0.3310347624908094,0.0813186415178814,-0.5023909228332132,0.25614693175590497,0.11361455273666134,-0.005434112500367593,0.1954421748358902,-0.1574702160383435,-0.39403441274364653,-0.06265388960041998,0.02575870555182502,0.5754372664521797,-0.4915871326941413,-0.7639926295684208,0.09955249705126888,-0.6149406405136965,0.5596835446498045,-0.28168801722841036,0.048972874194006685,0.33157899651524747,-0.4986800813235006,0.34791101524661217,0.3387164061477428,-0.01521321189596641,-0.06503006572998701,0.7000314603629665,-0.17355160218873708,0.10716314818030061,0.2749339116494862,-0.20613882961259383,0.004462443932651976,0.025488119606210776,0.30526885352180555,0.45021231985655136,0.003130843870349749,-0.2845563317985971,-0.04637303771873421,0.26655540501106817,-0.1780767124969781,-0.14119882382923155,-0.0016494811073411416,0.2726470206435874,-0.07032245374403562,0.4162439953332275,-0.02877752258757068,-0.07291479507095627,-0.22442776441645584,-0.11958089832524599,-0.2002953619649127,-0.24841391126168189,-0.3225684515805833,-0.06241569088161565,-0.16536110568491827,-0.09919810538238277,-0.0814055440165239,-0.026759972557378556,0.17129748576687062,-0.11444333339107222,-0.14020272562448363,-0.025997573302984665,0.21367554033735142,-0.07553404130866678,-0.08608844681370793,-0.023073771809747776,-0.022951119561789628,0.09269360339961219,-0.09557764760766715,-0.11345757579436883,-0.15566476311369176,-0.07005444720447576,0.21228390422931298,0.023695205721322447,-0.07704175307714375,-0.007546511011665235,2.56463136822359e-15
-0.18651133753249793,10.296704648363708,-1.8981485253472548,-1.6015375540854917,2.329480564249862,-1.2572274809238562,-2.3505795347853273,-1.1728290799561853,-2.9338137937670825,-0.27747163801569497,0.4031438014660539,-1.8815058247904324,-5.05048327239775,5.9810637111915455,-0.6666298081587219,2.293276442250411,6.513500709244824,2.877572653414647,-0.5745082456483256,0.4172561101047943,-7.496404259615909,1.3781740780541945,5.827435986336769,-2.4457692702093756,3.1716054530233575,0.21625552478152701,3.891839219746172,6.044378037294047,4.654879247754207,-2.2835405137951077,0.3907597149484373,1.7840321608856449,2.0227499607817143,1.6596599635901692,-0.722694419565915,-3.2294552960241094,-1.4765867101322194,-1.1500923931608908,1.787028357440581,0.014943622968955711,-0.08850550254795687,-0.17954736362546386,2.536627474974277,-1.3583698841820857,0.4919684340582652,-1.3805782175891286,0.2034928410167762,0.12255013025010998,-0.015376130798611791,-1.749972376954661,0.9531198024620993,0.10496067839119447,1.0166320934583302,0.5976122864559067,0.9970224128305869,-1.1384344779519748,0.6044527360810577,0.3189157528111482,-0.4041096227376093,-0.1238202274537586,-1.29310087599706,-0.05911914747599638,-0.16877738539966397,-1.1642724272452558,-0.8592804679022669,-1.146083339673743,-0.06761784197641175,-0.16546238719683237,0.6660511846817447,0.29707610161721576,-0.978323352477146,-0.48722832735862864,-0.13501468317759202,0.5395279641155534,0.17840665358003463,-0.7181921021404366,-0.2979470524908721,0.10022886809355763,-0.41442130785867004,0.03621033038007985,0.58391505368107,0.07802058189340026,-0.4728247382421754,-0.319661647479889,0.3018410184394366,-0.15604548724296916,0.3710116903606034,-0.003500689300028299,0.17734150046597058,-0.24799663106199196,0.3145335056673704,-0.2574763638187518,-0.2366583750640737,-0.16982483940491222,0.008326275413645138,0.09165400161295718,-0.44699924739916497,-0.15346862609745066,-0.06493688588012245,0.4033158087119254,-0.3808572669625644,-0.04404525129523151,0.44508409736651905,0.20719387339407552,0.11564059297408022,0.17653196822579648,-0.27083643793263407,0.18886030178302582,0.005952219241807877,0.025691493562636062,-0.08642766774504618,-0.2267610256290917,-0.06787974585377436,0.1334843666982259,0.12942091015427287,-0.24570430091084985,0.2488840632449466,0.10687547314783515,-0.0336610438151487,0.1487860493441993,-0.1821513160037436,-0.04741485489701088,0.013635260188292845,-0.1442279979749172,-0.09283619676828028,0.23429063647508314,-0.09003963547295878,0.021935323857322126,0.0021525909662109244,0.09609583173632055,-0.06707301301568938,0.13673653575044764,0.04440953023744009,-0.05605268556802399,0.04527126984316023,0.07632532010645433,-0.06407728907217179,-0.026031000307304722,0.03036132121811154,-0.1459501244533988,-0.048253612108162196,-0.01206948537400527,-0.1501243779151976,0.06068932122301467,0.03260635286285674,0.0491248049028868,0.0022442965820624367,0.0002163769832747758,-0.044785824148174946,0.07127858761859908,-0.03025498418068257,-0.008281525693747694,-0.037950616823558575,0.051518342637935755,-0.0433006024369726,-0.007609716685170027,-0.045252698996965664,-0.050407830114315155,0.011204553335209207,-0.009784999053489596,0.008057623352469628,-0.039712269389730756,0.008579635247164104,-0.029264303525481792,0.018926382403484408,0.02593128990452467,0.01367808375399519,0.003897025815235514,-0.012583759035828463,0.017014405881708744,0.008589836454824607,0.0050216553742799845,-0.0005957626731726162,0.02057982707397862,-0.0010167653780891028,-0.01610003270801129,-0.027416149598967897,-0.01456848832874291,0.015170276481728888,0.004439260388820938,-0.021655437545577003,-0.0005151589326013007,-0.004534071721681533,-0.008697649958099341,0.009037123698624173,-0.004835176559754472,0.015088655013941901,0.0016757676734761192,0.005823661903412254,-0.001566852087095215,-0.008060024086897878,0.003227471513556716,-0.0029490784993815955,0.0035091032935484177,0.0007491946796372035,-0.0018056808855761238,-0.00041280340328557773,0.0009894034870241136,-0.00013233712203603322,2.5646313682236e-15
0.48350094504151914,2.338593640322108,5.282654113000413,2.2758961350931823,2.5847079591378126,-2.165660487717853,-3.7346392358702287,-3.5646239880607684,0.4218035673091426,2.0286931990909807,-0.7738808588171414,1.172951591926657,-1.1619161729804741,1.4575642861037224,0.4536149565048773,-0.2578039787064732,-1.7439997250187957,-0.5198136109659105,0.6790389941408884,0.8669984188618678,0.07329068192046127,-0.8109213026899448,-0.07894838013714232,1.1377417239443774,-0.4743815074490242,-1.6075915815239135,2.881500934359374,-2.300675153188696,-0.49908576852302444,0.4741822771115662,-1.166290174335598,2.195991447787518,-2.10996341560358,-0.46357658172802335,1.2431435283197945,-0.3679774223696687,0.4550661750529487,1.169240629322498,0.7778556896531345,-2.6578273398656287,1.401437169288048,1.604917528328859,-1.5314997353584159,-0.16811153381843433,-1.135116880797916,-0.07538001053071332,-0.6989913075051947,-0.45188156697043996,0.7589408615621268,-2.144439497118608,-1.119068718912995,0.24260509976940972,-0.5461939357786181,-0.3862770540769777,-0.015225245594283185,-1.5666197522218968,-0.0002303143139079421,0.775567901514627,-0.28768337540114713,1.4934193934956528,1.0391321437449819,-0.09955427481608757,-0.6956530870231042,-0.2678361295123355,-0.8921217704963742,-0.8360160455654648,0.05230319385117511,0.4443806590890098,-1.1675825964739408,-0.022996568742791428,-0.42872657270926817,-0.5689088895912494,-0.8458782475962443,-0.1694187310012217,0.4260322471217425,-1.3822270025190773,-0.09231349515689061,-1.822319243140703,-0.3466454401955323,-0.5572186366228328,0.001764746419814698,1.8150163331919125,0.13714193298349303,-0.4771299924731752,0.016222217725875402,0.9152890750248902,-0.2501019407430202,-0.6057649104393616,0.1229381410010066,0.0788045635418983,0.7168048408314757,0.5726363341255098,-0.4168872644220077,-0.09152591360133376,0.4498318485632129,0.5745908916421074,0.1764873843698983,-1.4845814024901105,0.49116403261490793,-0.25626416253705386,0.20821272410373787,-0.6040734612799795,-0.6396150040192571,0.10667684426894491,0.45325959629426993,0.3515209164721568,-0.1441708964514311,0.27867934847377296,0.7519435414956711,-0.4541706905369603,-0.6190161449516082,0.5527237477998831,0.13051488387914137,-0.3012604489170306,0.5457719195045864,-0.5841002227233916,-0.2672155581543102,0.43459566569992514,-0.009237925040254719,0.467605495810195,-0.18218079997065645,-0.26202314987809405,0.06333947014012341,-0.23494440350655033,-0.03490184602705972,0.3902008035134366,-0.2919877714178682,0.3817024857990988,-0.32816562212332384,-0.010695604451501046,0.8334454926593114,0.18732400636407423,0.11406971323135326,-0.653631665926088,0.0644032300794898,-0.1124476182002113,0.08898115760269125,0.05838742212425635,0.17641716888984363,-0.13900049275223983,-0.44810009901984904,0.18963199268237976,-0.31644598333075297,0.1704505192128948,0.2622854840391119,0.18218649476676496,0.2633074491220795,-0.06948219716637694,0.1021590167364174,-0.5177133694049628,0.33601707757928095,-0.2188132331347047,-0.16812912121801585,0.11291207620300989,0.3499230805401454,-0.4260433515877261,-0.2760256139515435,0.08323286823390345,-0.012150071611966401,0.14049994786277092,-0.014784813236085506,0.5222643702839888,-0.07037080855679104,0.21028220345041201,0.2895854267741511,0.05100758700097283,-0.016537699068481987,-0.12449965801196444,-0.08778872348084867,-0.08044812217842508,0.11281242446435241,-0.09539686661069871,-0.22968759555528126,-0.023508813187587924,0.05787478357918099,-0.167801330640672,0.03448717743710038,-0.017462729138689632,-0.026339717845812224,0.04911001864713383,0.15006395641056416,-0.1612244438860218,0.20811970555202103,-0.030888549384529423,-0.08762641885522869,0.16490952789095065,0.1424914607911137,-0.042764868725009515,0.13123000130956602,0.011464262983477566,0.03900751541004812,-0.07034023736103429,-0.011933911037911573,0.023657120090601058,0.10394600061422335,-0.06975351894035722,-0.0590780316932168,0.010370009548436275,-0.03287339296754846,2.5646313682236018e-15
-3.388055388216926,7.439652411182073,-5.940108132005154,-5.465490279482918,-0.2906094063898837,0.3318625061665057,2.166743829670484,-4.121881858581044,-0.8390120060050968,-0.9028466312127915,1.4931307631082262,3.108811232958091,3.7379704427827676,-1.4096370571416394,-1.142594546925053,-0.03433554266572354,0.5154124537496109,-0.44287349103448487,1.7464297336263075,0.5796989713837336,0.1723489483002788,-2.52554712665952,1.586225208305266,3.309212226513324,-2.575173162862435,1.1659424517866592,-0.5243717214539182,-0.6115132312996256,2.459752667941308,0.4420419503494108,0.18059349279057194,-1.2476981301006822,-0.7730458476882138,0.2573786222871136,0.2884940861112835,-0.13253613768161956,0.0699213519374091,0.9809723875784708,1.7416595040704173,-0.38745695540991987,-1.3803978867505702,-2.6220758287500487,0.27511374743037426,1.0994455155541976,-1.3910675661462248,-0.45341979621476225,-0.9924069446231009,-0.30115810233207635,-1.2241299728788229,-2.5562012657485527,-2.0203532604944243,-0.23738303902632785,0.2899885963405551,-0.10259298434845004,1.942410431613283,2.046195247996873,-0.24751106710917373,0.5450094986657082,0.2837267197459201,-1.94362342014658,-1.3376522877352357,0.10310228988501383,-0.8922163127419457,0.27150589353145593,0.7843548791482016,-0.09349261653796333,0.1550204912019225,0.7290936835503832,0.16942581517895733,-0.2806894693614227,0.8510805648165466,-0.3536477441383959,0.5752037061579535,-0.09692447305989642,-0.2439132571084521,-2.091872429188603,-0.19999016208614462,0.11787042272024316,0.1805375984125486,0.7117487840113744,0.582815483692292,0.5900878352896493,0.18897915260835046,0.4897621529756546,0.3045858482851736,-0.0735163339532141,-0.6419051553248462,-0.02885830709218396,-0.6094040256283946,-0.5817946586866801,0.7664280538820036,0.02610637469652925,-0.3574788500773855,0.2154637694267051,0.4896788866282958,-0.31769703663244736,-1.2215306995762398,-0.8647841163792929,-1.0691220050308805,0.035038901583478305,-0.031277671818542886,0.7009719951254625,-0.7922958057007955,-0.18733918802216054,0.14085076969169738,0.8001787097869938,-0.3884493856945047,0.1785744185487977,0.1744252294029464,-0.5089196238864584,0.21484618514627832,0.4173888458318275,0.4011691928169446,-0.3651178045847082,-0.21415398581705616,0.5082024666973917,0.12399437001045398,-1.0366502289986554,0.6788296961240884,-0.2685623741428508,-0.3516045795038346,-0.08410096913982747,-0.44298928890110906,0.5270813659258775,0.29755533395791167,0.044435280365584175,0.6058906907705968,-0.2862449918985316,-0.1929435046791741,0.04814838411431091,-0.31431630451116715,0.22662146477221995,0.17745101383719475,-0.046731897494844285,-0.04465642708065515,0.13613079662367028,0.304757062316866,-0.9293048544559268,-0.07547394884592025,0.16364198636619884,-0.10128587306489448,0.12336568113680063,0.19686388147676132,-0.05090011306595683,0.3361319383259867,-0.2598864273157685,0.1261392052621967,-0.23985730194985308,-0.23000551318767962,0.17974374080844147,-0.19006756578740916,0.1840028385984368,-0.18607802913606292,0.15068285089045663,0.25848924476909474,-0.13186489456734724,0.27248466328391063,-0.17666492204019937,-0.013047944428754689,0.1424467367987809,-0.0988097917093134,-0.04822762507354048,-0.35697233544872037,0.07051158760990645,-0.05931450232080169,-0.2570872493835574,0.22808605216122776,0.05834716851360653,-0.1408774947673197,0.05458966006230543,0.39131053976849806,0.19544269140172557,-0.0075435282551132845,0.12632794605723338,-0.17771538787069485,-0.09735868470898516,-0.11540836145898842,-0.11603472923271173,0.02806367908212596,0.1989198666104048,-0.05614066499955419,-0.044122628004508384,-0.03412391880530077,0.0784860231620224,0.0394012546551705,0.03003079818815765,-0.04164799911765533,0.010785418493083534,0.04789345960078807,0.016843254074865012,0.07078606869365789,0.08305710968766682,-0.058564374348776455,-0.0036792801791759333,-0.004846396918832303,-0.048146462466682,-0.00632451085182167,0.01852359713472141,0.04292885033691318,2.5646313682235907e-15
-2.95475653982382,-0.3002889030002508,-4.704385292447706,3.9627735460270817,2.5077085123484233,-1.8100783416286799,-4.138643256095086,2.5193040841458707,-3.121828371303929,1.4800034506073998,3.199071021142699,-1.555493819181643,-1.2729929559038768,-0.7322941597326301,-2.8089398539915353,-1.6656580076418488,1.5071938558178148,-2.092988259421278,1.3847592989988156,1.181589297445789,0.41550529745249715,1.6319962703490707,-2.266482485152106,-0.645229626316057,0.9572137195524156,-2.844678566964501,0.9636447077596163,-0.04483652224161628,1.6970278066297888,1.2907524074638164,-1.1585956901146643,-0.355020136717158,-0.3321682486296013,0.0760765993679819,-1.3468568494516187,1.1386789943476479,-0.004726858246582732,-0.8942659667819305,0.17584369658293214,-0.1359920896392888,-2.2729329858439837,1.3249703020731458,0.19833710629817253,-0.8145856753897992,-1.3351790026290962,0.47309924553978555,-0.7525880314019789,0.1802752614099141,1.9105610187466346,2.5789756002116815,1.2039003499767171,0.24730909112068836,2.8196135629823194,-0.45624468842545635,-1.5461204254675431,-0.7950531677447668,0.03142074576352486,0.42296965277469367,-0.132634135540553,-0.43979466201938083,-1.0061426511287843,-1.1157128515016643,0.5292124023436929,-1.803242859706577,-0.21247979572022113,-0.05538041048244043,1.0674855630589077,-0.03449577408711494,1.010995293210248,0.07315625983244266,-0.07108656871659881,-1.2286793305940027,0.5768395911159354,-1.3349002029090342,-1.1770343941118928,-0.5274572981946345,0.54930249926799,-0.08695633861095046,0.3933181965967224,0.047147448792264575,0.05933877292221842,-0.6308690021145373,0.5092256108362643,0.10168815032098401,0.7319472403639108,-0.40492704413462166,-1.0591494193341728,-0.2664616374798756,-0.3322150637645381,0.0073268407439021545,0.07174339777781909,1.6354411753312796,-0.6393495778290403,-0.30716432283266265,-0.31693251980460807,-0.46723688987446804,0.0674362203668632,-0.27880846594545716,1.0286382917297352,-0.45859970472722156,0.8259913016438372,-0.6414736047285906,-0.16844046582111025,-1.185000941050029,-0.3430138503090634,0.5766340741198375,1.5561733534744422,0.020215552596806838,0.7649186266591714,0.31772290586509055,0.4634202288449026,0.954065097912343,0.43045904926877687,-0.0995970724862851,1.011278852630111,0.40570121159771677,0.09955572971362996,-0.4992303577845985,0.7223384609965045,-0.4137270553052633,0.15779560359158482,0.4497860989604835,-0.028817639058869145,0.7554037595763269,0.03704707986872308,-0.592427754356172,-0.0495548440943528,-0.022937066829981336,-0.0173008900738025,0.1348344265440082,0.40923452476558714,0.08123994667495092,-0.042674533899667945,0.10129443364879287,0.11711323163990038,-0.3776791824131799,0.16797659827249894,-0.1271236591022326,0.12344961993814653,-0.7016931560694283,0.30368855012707335,-0.5343873606302255,0.5254263311429503,-0.16421477287966613,0.7590186603827073,0.006659581816289331,-0.05512497554145521,0.28056548546120263,0.08550172684931123,0.05513596444699487,-0.22748998025049974,0.06058488812534355,-0.016101740710197522,-0.04623073253398399,0.046032384395229116,0.12493584663824316,-0.19718113998531656,0.08870599254972651,0.05339822485775568,-0.18945772207678915,0.07295631863524189,0.19430886492776395,-0.36199394983131067,-0.09697458480940464,-0.10626725924262581,0.0620798206765183,-0.09486221964972066,-0.34276299959907797,0.16195237431839923,-0.028906622414181137,0.1803509329825799,0.09184638532011359,0.09510063205909645,0.0936535047812243,-0.0913229911473328,0.03665919223080734,0.07260777768156959,0.03721287473997248,-0.0016946969532890268,0.013848184147279957,-0.07882742841069827,-0.062198735295725165,-0.0327123004359292,-0.026062472500480594,0.08441113960824734,0.017411525776310586,0.031202463390930146,-0.03882321471909914,-0.005461620718151298,-0.03459720632101984,-0.019651696171712477,-0.026875303495267722,-0.0506905687865197,0.0028522293210501894,-0.011397621702636009,0.005055906522760167,-0.0050217222592740035,0.009953250000298999,0.010122008809167651,2.564631368223603e-15
2.4958813908887123,-3.5568469850584883,-0.40487962891307244,-2.7966903729610935,-1.4075457756283287,4.019019578020177,-1.7921337748688153,3.0491454248278407,1.6561407388449492,-0.9644002269200862,0.46986896495012925,-1.5023034206409878,-0.647759302726639,1.5078925012043594,-1.443188861706627,2.2797889453692566,-2.4958843086328213,0.95793132459879,-0.8160417334037405,-0.719933512855931,0.9669808977818722,-1.8027170329445286,-1.2940194751026393,0.4304502572984238,-1.1065694847430203,1.3276637548252825,0.25382201717536,0.30990693338827247,2.4448105643610045,0.6571362994752071,-0.312350961130766,-1.7482872204164501,-0.09707070541094766,0.4776795714135302,0.3215111867868984,-0.20013729166215027,0.15242951025494986,0.4807641299413131,-1.6857022563377413,-0.3394875333833635,1.9587450084596074,1.7136619595928744,0.005132716092654093,-0.9914034853846712,0.7231591703487888,-1.1103413886441558,0.8567757108815132,-0.6782384104184085,0.9016267990245357,-0.5167880544354567,0.6576087623046305,0.745653049787849,0.3923491537081334,-0.5359831854298265,0.9904482713611933,0.978797912130767,0.9948947976322305,-0.12250272399373832,0.5571179065313909,1.2719768319796214,0.18308711466586705,-0.2623089120321825,0.2968792777878922,0.22779839180753575,0.012252356727697193,-1.553746610460067,-0.6623091365912763,-0.6798444376643636,1.2501815825771754,0.12717805692360112,-0.47979305422759705,0.0019169018202313372,0.017559421621129744,1.1334696618037796,-1.45408431795964,0.041304571900600835,0.11923064666486184,-0.5300225498516701,1.4331925346801488,0.5591314854709554,-0.26982596598446723,-0.08366985337291868,-0.07280495292739493,-0.4298927157000675,0.5616869539478586,0.26957507436740163,-0.3065989679586762,-0.41601476170770235,-1.600455285406608,0.6202916060925947,-1.1633601904471556,1.0358518763041695,-0.9128529908202891,0.18197864943444866,0.2047075342304175,0.1582307088106031,-0.8116388958999038,-0.03245942283521382,0.656956576845021,0.05743904436859399,-0.3516213196105041,0.15660940365834605,0.3555052172882121,0.13410437305121448,0.4450687938247384,0.3635875418030488,-0.5614538710673506,0.48741627997934506,0.5780545497268132,-0.34483229623884976,-0.1724823640254748,-0.25278600345332825,0.681621661381682,-0.17430826344203854,-0.07785548333760749,0.8611807422576715,0.806463279985673,-0.7219530733384639,-0.3131389159203738,0.5126288350049102,0.7055794870270395,0.006821872051530304,0.10709913404364617,0.4130110803880982,-0.4103090720948024,0.04239579032300291,0.23122661871617156,0.36795133940329267,0.21039948421040372,-0.16183133556468707,0.9935879258608958,0.05595372610451823,-0.043250265020345506,0.3439445830954702,0.03914976034074855,-0.22715462802019182,-0.05285920649775081,0.13843568584103125,0.062271507212186786,0.34532408676028004,-0.23497102707956885,0.1842694725727022,0.16274750429837972,0.2567023552417532,-0.23580503220077761,0.4219767994081305,-0.2297495975511676,0.3500836087245803,-0.4532364657661804,-0.0058990779497587855,0.3036048556049522,0.0755003431690897,0.0025931782915373765,0.4329511449185039,0.754491241245016,-0.2048388509452639,-0.26572471858280206,0.13835193048276526,0.049598416902553094,0.37544778155440833,0.10147052671384554,0.09206764707889652,-0.18220359453592994,-0.41347576472335174,-0.022610003665215865,0.07974232826828312,0.1316281114679992,0.20977947399473176,-0.4841967583605183,-0.24673192863455867,-0.15691150110089325,0.030954086114714747,-0.033565251314008136,0.15260890085220405,0.08287477657826,0.1440670136677644,0.05499556597798174,-0.001962974792182772,-0.007307120900499593,0.017939790518737512,-0.1450440513325528,0.0863182799732375,-0.10420898454153103,0.0559116674804751,-0.07717262223441892,-0.17853505002805492,-0.0434652028468169,0.04558981027646684,-0.0009240026284452687,0.0035568171401834728,-0.12116969194460973,0.027908125558437417,-0.054653938819382894,-0.05983675388108755,-0.002913411724505139,-0.011171678617279832,0.12485870746882931,-0.036370923728287784,-0.013437256691301185,2.564631368223596e-15
-1.4803655760305119,7.450852103054614,-0.3722626892823665,-1.3729363399430954,0.32024107770043186,-0.8707542617421719,3.3227500095513376,-4.708765740262569,-1.5838860108502995,-5.064090427919619,-2.8830994055505923,2.0134693415410836,-2.2922328421563685,0.057463349601019446,1.1562644996270317,0.401687367335249,0.22833336203066745,1.5511831812457375,2.1247971265571746,-0.9772278326703537,9.341088276906811,-1.942127273880339,-2.6209492786068744,-2.7091710606594224,-3.2577848437536927,1.8404672303125098,-0.04772612050765197,3.5397679532090587,1.4709281898428417,1.9812901847113324,0.31332466815747156,2.4447686566562314,1.8753370946495054,1.4978489445085308,-5.221610572453433,-0.5004049430897873,1.1123193450194198,1.1193495417925876,3.7242901960501977,-0.7970305025214618,0.5270467086594857,4.033542408366122,2.7349457010565073,-1.219313846251995,1.5598654569494521,2.4707318142741466,1.6637385118797132,2.8202270168771957,0.07876998216037163,-0.5133305733327144,-0.7787548839961411,0.297994158994797,-1.2481631174223038,0.3936779452078484,-1.3846302467780194,-0.8137643630720526,-1.3813213112171183,1.818067600060252,-0.4718067879274608,-0.8633912833646117,-0.4565575096467903,-0.7980554031570255,0.29051521806838393,1.055484815180697,-1.0675602867353997,-0.36860056557868776,-0.13618878864163447,-0.03489072941024833,-0.2194818751734568,0.10771492268942649,0.0479889971250964,0.044042851055685756,-0.08967829717955625,-0.3322657636404599,0.7043770867606064,0.9582494879526188,-0.011331501950152477,-0.3300500261213256,-0.6233577737057497,-0.16337015683410686,-0.49271901691398623,-0.5593236121590541,-0.7135337154815551,-0.22890724833767354,0.35970469015368456,-0.557868056295896,-0.12502304903740633,-0.4979423402331318,-0.5406246931324544,0.6177835814105436,0.2808274965592968,0.5101760983278736,-0.4141635185864117,0.6730818640179574,0.46720404384254627,-0.2440753166629675,-0.32641961234374367,0.4748324915743456,-0.5354833264476336,-0.18762929647628826,0.5134661141758696,0.4017337241626306,-0.0733729501774317,-0.017801307158853186,-0.11824777193482391,-0.04733067114810163,0.023213908333386882,0.1079735499530683,0.01351242995023368,-0.0722738026629512,-0.24186188050116533,0.01876195843623175,0.21551223481865947,0.04034651626954717,-0.020344353958920824,0.03674244775312558,-0.108905217060509,0.2842800480361348,0.36252901742764126,0.01994378233475664,-0.29455111826753466,-0.18662400745990948,0.016107176256279762,0.16274194942424372,-0.005249216491121381,0.19039134963867008,-0.058115152911259224,-0.0007758133134563731,0.04065605476112667,0.0024139285251991195,0.03374265588530863,0.1087413689862515,0.04157198623467387,-0.035642459098193115,-0.12980533771546307,-0.036916306874806,0.034286823790182185,0.0015303670585079358,0.11458584536085518,0.0013339566857608486,0.014965136548775883,0.012154881739393301,0.01947999539112574,-0.053583544940062566,-0.048871631904420315,0.0009370309274179522,-0.010014726198733885,0.04285603615251798,0.0687528306937181,0.050021729945801716,-0.04538152235168274,0.04813473211180119,-0.022379248040303612,-0.0024723434406749636,-0.012487025294240395,-0.04119694844164693,0.02155133698383163,-0.024885482845750213,-0.039488648789361085,-0.030460897907076758,0.01802695311769584,-0.012903479159364378,-0.020158716266456246,-0.004169721889817472,0.012945299356445356,-0.011500367553114017,9.027022524646035e-05,-0.0033078011920422024,0.005436002264910272,0.014476488797890482,-0.02839811966619699,-0.0029131297986964857,-0.009440291704723167,-0.02206601950069083,-0.01152318711449622,-0.0012974800585726018,0.02982643674614635,0.0019480748254059844,0.01249231921772626,-0.008936696343790662,-0.0009111046137352036,-0.012288840850877265,-0.00810927151392539,-0.0055179134870445455,-0.0008962938524253919,-0.0023722680218217743,0.006425103942950309,0.005437793843807084,0.005379921862228212,-0.004821371062421085,0.0023033783645312464,-0.00010209797383059691,-0.0012141778891407709,-0.0008631422113808455,0.0009587154808451422,0.0005459371237197405,0.0001908332791785861,0.0005858771743512168,-0.0007462467804738119,2.5646313682235943e-15
-2.3506771586216626,7.666501567295836,11.299146957382092,4.0614913961748345,4.289634719161204,0.5923254549112564,-2.8909749828666236,-2.05384518048345,-0.7767736020894283,2.2061429516312847,-4.729455612422498,0.9888951531661722,2.3076772502644105,-0.010714917026904204,-0.9458567515662788,-4.42989228710749,-1.3003177336512937,0.14639060057792727,-2.2952262414246634,-1.0323080943823215,-3.012871774266957,-0.9082610651616386,0.3629162264274671,-3.548742365963857,0.045857802356208316,-0.5610921040398517,-3.1110290853859213,-2.3994046007194525,2.0309472212080624,-1.2623666493056869,0.10108083239050566,0.8091970865991689,-2.811821881635816,1.8581994912820552,-0.37152157306799805,0.5256842414831919,0.6694700692921279,-2.604022430196637,-1.1081649763770625,-1.181198086977867,2.624202708376238,0.08693413396858782,-0.41566517617188975,-0.6293456746287095,0.5592813327166571,0.3829253117436735,-0.10056777837247285,1.5986342601736423,0.8906691791586552,1.0172068732772328,-0.604853471264439,-0.09946552968721308,0.880123156502572,-1.2251412266646091,-0.620907410258058,-0.6633363915597901,1.0182532563675792,-1.9237008601750079,-1.3963123884355433,-1.612737266268764,-0.13296868931245992,-2.127816010925951,0.6622478702563407,1.342131689095481,-0.08450102565754845,0.5377210068948227,0.4652760693381086,1.330804252669027,0.9916364549882435,-1.160122499476762,-0.9828048579966409,0.9143467673067988,0.3045114900534136,0.6552951916698058,-1.268276262743311,1.4998819608542109,-1.644048892477951,0.017209269652933696,0.08882373983972706,-1.0925945736414013,0.7182910765132203,-0.1958250323156341,-0.011313707231815727,0.9982311769421797,0.845825067532748,-0.5254349714705215,1.2036994418944416,-1.2579471043478974,-0.19541964489429306,-0.3976717708563505,0.8406518785489242,0.40641058733259494,-1.0307927744953496,-0.2384785075330073,0.2879194822334193,-0.7036349641925124,-1.5533921733353635,0.949886507602468,0.1440768857934617,-0.45852641093446833,-0.212774519099707,0.2767317598329229,-0.46248540085122636,0.5944499935046957,-0.5339022641490134,0.11068918096445254,-0.9852190552115219,-0.4176890059074499,0.02950954056535675,-0.2989610680745907,-0.0982943074958994,0.45235888304728583,-0.5205813274291129,0.1156404691932536,-0.05118796972217956,0.10858547426928622,0.40233992728432977,0.03318070442075998,-0.2601768734057899,0.4461940105425907,-0.12139655010135172,0.2762013895484965,-0.25238348081858886,0.3416715847779551,0.3810935217303662,0.06934458917027266,0.34906170441859036,-0.36213807446440854,-0.256241241861198,0.014668681037141116,-0.42746289227817547,0.07645085838529617,-0.05057244878196788,0.26473781470323543,0.10053818160263894,0.009717308913837375,-0.04223191656465017,-0.004593399227853882,0.1138068316847709,0.18222104407260875,-0.07336856903565316,-0.25688760918243575,0.040023208930277734,0.015565679234317623,0.14438118100661512,-0.009267129958816844,0.09663239609387546,-0.11023135936639274,0.1345146425088823,0.061310651795663175,-0.008132230717691485,0.1311565765094931,-0.03967704613909813,0.020062369205798347,0.0059505585766126984,-0.009676077647493472,-0.07593905963453493,-0.2976166378510237,0.01330905391658962,0.059285031669647124,-0.08754854906622185,0.049909582119262004,0.04792574598468548,0.02934026411386536,-0.02656137387577676,-0.119080585884299,0.0073257074595133725,-0.12782721351727022,-0.22847195680437485,-0.07885492143889863,0.11779454483340901,-0.0979968750752914,-0.02321542331813422,-0.10943530123943337,-0.0656591384137285,-0.005019117719637035,0.04132181155140264,-0.08362460243029274,0.08289221195370623,-0.08634816704856214,0.05702844999879777,0.07342280910768241,0.02750302253729434,-0.040242216925737054,-0.013017630559158458,0.0002524031274715853,-0.018852506758961725,-0.026257219936618566,-0.03226146840125446,0.06569791394504718,0.037777869293474486,-0.06392453877629455,-0.02690422934922213,0.058030860618646395,0.005665624296167948,-0.006690117232356118,0.00653618582676374,-0.009129059893815628,0.03246071270269784,2.5646313682235947e-15
-4.375323865474647,8.447511154251382,-1.3073112234759618,-1.2422626129549492,-1.5456171294301888,-0.6032126305999651,-0.21034930419449802,0.9839659090997683,0.2318056776691349,-1.975438838251503,0.3184625382619232,-4.526655531676993,-0.6575353852060161,-0.6088482624490147,1.6957676519076468,-0.04502913138216855,-1.6324402882891815,-0.03655896982316165,-2.353878393154478,1.753830709723916,-0.38932647352790867,1.0263735220909809,0.6655733471161435,0.8333073848242433,-0.8446495613232056,-0.4202408783507078,1.3077780788993323,-0.28680570226735025,-1.4700974086508378,-0.3728801272257679,-0.8749546291933832,-0.36131770535304725,2.802934517656454,-0.4659724124996661,-0.2691453487559912,-0.7272071123813244,-0.3259171368294925,-0.8713583807859003,-1.4782459453362586,2.1039223949343064,-0.2611500758771677,1.1291286940802907,-0.6337904525633128,0.2521584795776898,0.18002876262853693,1.2933573593531746,-1.9041276203284543,-0.09996672401330148,0.9260283454338597,-0.8726441344148899,-0.35249154896909857,-1.0672265511499293,-0.08841578473962651,0.4443606068084229,0.9325293963612424,0.3648353989820131,-1.8006691610471752,0.19620250887221713,0.0221199179861084,0.49805700991962454,-0.3673918806925036,0.761420615484518,1.378094703561814,-0.2553546872174045,-0.3618448830373108,0.7756422459511882,-0.7387806650914633,2.0224989175387313,-0.5888060514767886,-1.8794189031045212,0.5119506872358892,-0.019198473023456595,-0.5824467917207313,0.24150058046071973,1.258379713703592,-0.6623645871147956,0.47731167126819835,0.3960911732221748,-0.316927421055531,-0.045681871867750815,-0.767306876971669,-0.21895532894398687,0.22134146801064317,-0.017220389635891054,1.3568018981298227,0.9604301067596455,-0.22545639402013307,-0.6952670234471195,0.8673794591425777,-0.05699871900119093,-0.12009368138524922,0.7289776226497846,-0.04379384862898382,-0.5075784625679651,0.4874211687676514,0.38560062650389015,0.35447301416800553,-0.5131245153501963,-0.3650603765183726,0.6231136076549585,1.2595989198255826,0.3597126377479365,-0.9054568640278735,0.3884836661319361,0.3528558973972487,-1.309042872235688,-0.5698028483466282,0.70267998349699,-0.4269470057642932,0.7981943672345547,-0.8281577216867139,-0.17382045387310496,-0.4104857498861973,-0.43111887312031916,-0.3695818615082326,0.6414538077504158,0.0067742433214200105,-0.2500057991608592,0.7631885627054577,1.1150136986782904,0.29815226497968667,-0.11242235960560526,-0.3317712029438551,0.012502769682677701,0.7362868758570408,-0.777354099672021,-0.44205808177239675,-0.9864528788677267,0.0918594234993291,0.004409996642356009,0.2592005148493233,0.05530151753679156,-0.05611754698186284,0.20186315362675786,0.3664901958538069,0.26325903396127054,-0.01006770727027749,0.21337172475268532,0.29206504825613583,-0.2749572558469608,0.3882954401381997,-0.43074734097119444,0.16727366028194823,0.16879530943680018,0.19656057513581343,-0.007526962924409638,0.2983021057392269,-0.3816433355903456,0.18669409196005274,0.05139702997939789,0.3739352423163379,-0.053144259756253184,0.11033780398333935,0.42466852953048984,-0.02542540607389983,-0.36059452021888433,-0.18739615045757907,-0.07100333852103628,-0.023944183897985537,-0.2745888596065558,0.0944612152549222,0.15362904016531184,-0.20873664377952628,0.04136015605796191,-0.2425623523908181,-0.10878823622813968,0.30852624583633953,0.0457369409437731,-0.10137661233266511,-0.2311675443312189,-0.26767985376399733,-0.30965309573240546,0.04440621316758222,-0.04232808159875191,-0.048886585756765376,-0.07758458938218765,-0.0550458987536807,-0.12599548823205164,0.0393952394410174,-0.2077798945173427,-0.07947789297526427,0.08173815300018072,-0.10992792291867516,0.0023053150101481545,0.12944490222842056,-0.0033865727037127318,-0.058641698566110706,-0.024202509387364908,-0.08606091949068106,0.013672321320951242,-0.014105430501504099,-0.0006737079622842828,-0.054345639114322226,0.09668167950222886,0.006959079807466106,0.01595196312602774,0.026952389956321925,0.013062057593994864,0.02657608012338825,2.5646313682236026e-15
-5.12135771078624,-0.9042090614677224,0.634612157408844,-1.9655240441871131,1.4849496497409225,-1.5600457266267322,-0.45594009023169507,-2.8811548873247226,-0.35421314989388686,-2.325985346840744,-0.2838315430996496,0.25172555708993344,-0.24147071885048108,-1.1549706362880299,-0.2615769582868668,-1.496171955080334,0.10915676690707808,1.2195137255639812,0.21697900348000987,-0.9456982956205598,0.6823872552109445,2.099653181199744,0.48447919598896844,-0.4922723245999635,0.7909946033057628,-1.4361757947398965,-0.8747043335877961,-1.1114779912738677,0.03450840843114283,-1.0824013049805652,1.6484853612228108,0.4209583815960111,-0.8712066360125782,-0.3255805851589806,-1.197725982479544,-0.1948850896925584,-0.5674126499370443,-1.1705561638294297,0.2778933154528035,-1.2761520902247816,-0.0674922649365349,-1.3718903904932234,0.8309044405624418,0.25775299021025716,0.9801809177432863,-0.44106596816681826,0.06794664849865935,-0.7182569133844117,-0.04617591141585451,1.1257612241514026,-0.35784699705957873,0.22900953048882888,0.4186422893843939,-0.7250413161308528,0.18815638719813368,1.3928145080607488,-0.836015540131123,-0.37987745727032657,0.2949580872523086,0.49987529680204773,-0.2870573882010466,-0.541712999279396,0.6915675261811115,-0.3436699555667166,0.5786234703029015,-0.13356962014461957,0.5222067751391423,0.5633369374635825,-0.09807072357082341,0.34517865634870704,-1.5388267208724808,0.7920637796136981,0.28664833640716064,0.8467155232946509,-0.22831826253073945,0.8812205247575777,0.95642599117722,-0.27317611826571586,0.110847801148906,0.4353219014855429,-0.16231164477944035,0.4476874438122486,-0.11915265798392544,-0.23916911482278996,0.8831223395623067,-0.5381380611911417,0.05815741218858732,-0.4795015310097196,1.0722579641886614,1.1291772841044534,-0.43612720588937365,1.0053759414270327,0.7042096070500287,-0.12443334487265792,-0.47402903506725425,0.4830928494221358,-0.9670333422297521,-0.742012680940719,-0.05026263853690357,0.713781922045305,-0.7627366153800776,-0.18746864059937837,0.43057889187359366,-0.8812933459999549,0.8719337776529978,-0.11632542818249601,0.41975953471590166,0.11742780240735025,0.2719974782860463,0.13069740370738508,-0.2130292651567455,-0.12056790837086584,-0.5658195732807368,-0.4656800263900478,-0.308717899242144,0.46810943653783155,-0.032333500750209625,0.3026039495568894,0.09436374350145829,-0.29642846955177105,0.19648012621288846,-0.5173823930632586,-0.04585396332375141,0.11793314443500504,-0.1878285500794224,0.28050888177954997,-0.4572071217952067,-0.2661584606673706,0.15198496925001156,-0.5203698690907416,0.3326917017893617,0.22050990253012007,-0.11325816412445328,0.22306183976763208,0.5327635669006018,0.4872055820713036,0.12779084883482472,-0.8380520284433399,0.029487125804857874,-0.05027106258503927,0.056441969945069566,-0.09314096757177966,-0.002066001377003483,-0.6094676694594615,-0.6434982644823926,-0.12944988260161078,0.21855131984931236,0.4530832770504244,0.037804262061762295,-0.1743908341034109,-0.04115649966949491,-0.02160733320324711,-0.2952066591699289,-0.6416669794840734,0.47012201508112667,-0.1539525301287025,0.29529203787390895,0.06229921610181456,-0.3033123367115373,-0.08145114739325042,0.2728403526601697,-0.05196412673615219,-0.10502898188560822,0.26710503654273754,-0.3052658742690603,-0.0797438138730153,-0.14637843759371785,0.09616030131527921,0.0357985137289639,-0.015283028542463951,-0.018020961761592298,0.08864419385485549,0.23502747295215112,0.07651003528796499,0.0836623687295074,-0.23079053417202686,0.14302497452227414,-0.17780825487913496,-0.14913046585010192,-0.024384074360580935,0.03630463194214227,0.18033990240646625,0.007074543429847602,0.0722127677550087,-0.11576110408741787,0.0734712842820004,-0.15104482038963732,-0.040860937302191196,-0.01757874299389736,-0.06852600782579764,-0.04570404341040713,0.10077624738491264,0.13119374179001583,0.10348298926643615,0.11406945979598145,-0.036630849846556464,0.007315836490926874,0.10874122883380448,-0.134807764653232,2.5646313682236286e-15
-0.8216314341390671,-0.6776873361230613,-3.372361536591547,-0.32129150844276655,-1.104716384642469,-1.0392506309918146,-3.233512143463376,-1.135982561366804,0.8242874931983422,-0.24975459251052426,-2.125872569191992,-2.676970596120333,-0.4306686900331667,1.0889536114985625,2.407895770913561,0.7081169682079589,0.59173855872461,-1.6780649578627695,-0.04307501908063209,-0.9152013857237176,0.6601894455825441,0.4613588468343948,-1.3556021943960992,-2.9838783837598046,-0.5772838325359874,-0.5742118993452516,1.2269795504422862,-0.4173239192961608,-0.7961773082472857,-0.0712418823103323,-1.4978833597358976,0.19732399450595448,-0.7266089306479423,-0.5062573370597435,2.244080966781938,0.315564328788732,0.8875420150461235,-2.374122165221333,-0.3156920959019914,2.414557818082621,1.2011676234976372,-0.392395715069599,-0.4227448238743748,0.6825632791282121,0.8689630691627194,2.155431054808405,1.1141891439574083,-1.020683704658572,-0.2996887031991897,-1.3711883443203854,-0.17082605058326153,-0.2862807846040808,1.3901894554692589,-0.584958995412064,-0.9578301397205671,0.9336496866916136,-0.12350931187842414,1.6001316556820175,-0.5835462742772081,0.06156874414608503,-0.45041406689946895,-1.3094908578882438,-0.3792935996755959,0.6131066502672594,0.3447330543114498,0.37646286021819286,-1.2637811493855693,-0.3888196164671355,0.9331610041018357,0.1284986679947847,-0.0996706081169701,-0.20672286105623686,-0.2602827871051274,-0.5131432836164689,2.0393899978053796,-1.5669769036587387,1.0021329319551795,-0.5451236119042634,0.7093393337698476,-0.7579621237389955,0.33714513882869657,-0.5569726209746343,1.131320192559507,-0.5027528761777292,-0.2213646145268065,-0.5148475762060102,-0.5977979693418448,1.0096293785179669,0.8896051588543069,-0.0655349364386986,-0.1009903016998385,-0.5792122806731689,-0.12800119074757316,0.8100544488190594,-0.7817847718972902,-0.2575560027107938,-1.2729351160979343,0.4652337197573947,0.05201486723825497,-0.32377750333708083,-0.5186800134863288,-0.6160374383069852,-0.4769744929728523,0.4366349574919119,-0.6826780607197933,0.49987921640149047,0.321024898907208,0.8093222535644327,0.08614931333249957,-1.0157468122229434,-0.6171386758909633,-0.2817203896194297,-0.36175302431742823,-0.14905085860723852,0.9045448760708951,-0.4981442728140069,0.2621938066731469,-0.12382112175022718,-0.3770811201764393,0.0953524715595964,-0.3300534348683291,-0.11136065266182522,-0.3187928535495455,0.027755941227136153,-0.6917799315836821,-0.6822019934019339,-0.19539662225093402,0.6347611067674794,-0.36584222134161326,-0.39775897058582316,0.12448103250003895,0.31905991372295683,-0.3047727981814681,0.05495434071441381,-0.17286047188410136,-0.15462393370866567,-0.7880282962844118,-0.29557307815731765,-0.10870393794495178,0.7463149534643505,0.1651888587624324,-0.07064418683719116,0.004400657684531875,-0.1297962022304919,-0.016438668922383343,-0.42796524625795607,-0.6731129226140526,0.3592632273215597,0.06881798663538935,0.015745604041048057,-0.46041077562900834,-0.09171073572890642,0.08030080860341401,0.10476451377070996,-0.12350605396301116,-0.08285258004393109,-0.045400531152512816,-0.16268176665798584,-0.1423964534683288,-0.09754665995513877,-0.15321277474638395,0.12502513950730687,-0.1393327870247996,0.6073237316273628,-0.03940734580453371,0.1425467584895993,0.08615115412445339,0.41333800963251144,-0.0932935521068107,-0.08306701519070397,0.01058196175242359,0.0021791101727332476,-0.027354740640156174,-0.05747426640142976,-0.18685877093543302,0.11675882300484683,0.06279688990149622,-0.21592949689450966,0.02503545159470333,-0.06789754967973921,-0.1577811642535243,0.02858437430230349,0.0720047328259506,-0.17660810331183865,-0.0008019610618666994,0.14329257185412728,-0.015468018617000773,0.03844537273817516,-0.05156329037134644,0.013312526283223493,-0.04430917190294116,0.0916744174380242,-0.019524200802529878,-0.009097539272337732,-0.06154837860711982,0.03296976861289489,0.01612030805390695,0.028805513311768727,0.003974438422626703,2.5646313682236053e-15
-0.3685549957537772,-1.5579667519228795,0.3068333183191009,-0.6115252240326182,0.5618230855302535,-2.4415617908836573,-1.989339105013717,-1.8631050696149574,1.9722071033078896,0.7606906824244212,3.491131600519267,-0.849255313157363,-0.39948183635660106,-0.07857850679191829,-1.613685568880579,-0.0631821011048425,-2.829871448398359,0.801221435225455,0.24002378968535953,-0.5109019185075815,0.3364974710477658,-1.6250832415280776,2.3294005068279238,1.8401212916487992,-1.4215306200299098,0.43279539954684554,-0.05507632420781074,2.950772323344933,-0.1466201082177248,1.504201719095115,-1.5018324411858646,0.6245891208559752,-0.6268923881165925,0.695176837590623,0.5699708269088944,1.5396419121342708,0.7278965794065914,-1.4626513321065555,-0.13026884265286054,0.4781798132461835,-2.0174069445280303,0.9878508153018065,-0.04714261622649617,-1.1303907422665538,-0.1191633984734268,1.225491487653437,0.19509379039871794,0.2791497756099951,-0.8044613758711194,-1.2585978935229227,-0.6749154538331775,-1.6885132892599846,-0.25386712647458864,-1.068687471830958,-0.9229129953922057,-1.2779213237781442,1.1994711322584677,0.5450481433910045,-0.26152726150571015,0.1083455773397479,0.8675738399063461,-0.8888764795624662,-0.2900134024905121,-0.06852277795792996,0.20153513936927758,-0.13254197037918097,-1.7588664000532934,-0.1944120198689279,-0.20199652042451105,-0.4780488814387049,-0.6019993785893636,-1.106334898035235,-0.1882856635501783,0.3305567445260356,-0.4803080112812405,-0.6593750101974732,1.7411411983311051,1.5692642223692117,1.4817705062543594,-0.17777025461124912,0.34425551405101684,-1.053852692592288,0.7895437678434807,-0.1759228735990437,1.584668929195271,0.02940947254248264,-0.25314665277624154,-0.11272862825859722,-0.005638089465035021,-0.0022277580934946606,0.2830472451617514,-1.4258451993867147,0.45952293503803626,-0.5179544795502058,0.66276145036269,-0.21200952041101595,0.40072170561052955,0.11034009531006395,-0.025150962232925896,-0.3259048396375536,-0.9106592878850492,0.09241472128811377,0.006312714388369126,-0.4103090683492584,0.23908645515559634,-0.0891017302036216,0.532335576083442,0.06888621636139658,0.4140937559515888,0.7062852571167925,0.7845546679985106,0.06409924547902986,-0.26234968234321454,-0.22232319950024984,-1.053770529268397,-0.043959337541282596,0.27857859416612424,0.5483169733187782,-0.691716881431304,0.23364794718168927,-0.0043579245146039836,-0.4229934900201975,-0.552954712881736,0.1346842638393695,0.7375850882942968,-0.36731394609016815,0.4542243161829732,0.7062585106365343,-0.6887149192927284,0.38762498896178427,-0.23409809963650546,-0.0797388316915026,-0.6803447669557918,0.12625601193892866,0.040164552753981564,0.22579199319586826,0.4228099312293713,0.008762073633503264,-0.11061514834917588,-0.2908169256039304,0.1784889953902908,-0.27699736085612814,0.15265509228285326,0.2866832431061629,0.04107230523470106,-0.05761139322981157,-0.009962296678553728,-0.023588732580972584,0.0027196587680389764,-0.1268007558527552,0.2609748347466153,0.14807081756672166,0.4967238950675334,-0.16519478107825433,-0.040278033360239385,0.46819280260676666,0.3279252550480973,0.3486137049382864,-0.17026946194836765,0.3982751390185755,0.4120099088917657,-0.2634023295494424,0.10190867358564186,-0.09986132290032441,0.21245562416936264,0.05742026080015466,0.024359188845929934,-0.15067626768042366,-0.1621245295528688,-0.4115735101947507,0.09618180303334752,0.04406258270031236,0.11172180307139865,-0.26467475698899845,-0.0637851028199333,-0.06151448808549573,-0.1944944440368655,-0.0289402530402502,0.07727418398198042,-0.07836436256701666,-0.06295512166447034,0.044512440544951216,0.2405972882319032,-0.09540059786160818,-0.21491976893565123,-0.003706544364943118,-0.0811901004700115,-0.05503385797876873,-0.00560131773505669,0.008115606355174552,-0.004465203855730077,-0.012023293333505224,0.06146220965763206,0.03550560561698748,0.06440911173886252,-0.017517997833339592,-0.02238177330365693,0.009689047627967731,-0.002127929179376225,2.564631368223592e-15
-0.9576224172061022,1.9064917354187214,5.69477459009778,0.9198057137840919,1.4982282083009903,-1.240001639334638,1.1899927295466262,-1.3545495589820487,-0.040408219319454076,-2.495180518536191,-1.1512538086392743,0.641549502602723,-1.663488508494109,-1.2635987992549529,0.8342443016000397,-2.1708992480144698,-2.4674050609209015,-1.5851116980079156,-0.2968148736486365,-0.797730326037495,-1.6699070930736302,-1.7671073685246503,0.31311789388315137,0.09147551727993322,0.3375720544984927,-1.3163279349836294,-0.030650004733041754,0.23739739969968926,0.38636242245407476,-0.483600108482908,-0.37221922170538735,0.06908904988757916,-0.7957079345291225,0.6624629982937256,-1.438895010794877,-0.34860761950057695,-0.06508207991137456,-0.21779893561393243,-0.6548330318990405,-0.9159243425047473,-0.42329853917818727,0.22256085228061684,-0.9948078734501877,-0.1403832085152896,-0.08616768123419903,1.3055517649027046,1.2045026420474751,-0.9086650272146141,0.2534192646987535,-0.4498488397576281,0.8353587015847445,0.7968348797140071,-0.38737224538796794,-0.2644887368457781,0.8600940709203008,-0.29772685812741184,-0.9498673829454751,0.5484477289954849,0.9383275056178978,0.25664957558578644,-0.003625676307409465,1.229676415994954,-0.13760144659187004,-0.7450537267149656,-0.41826032728294443,0.9310314492798435,-0.06584224319695822,-0.31696692918933167,0.07215819033557172,1.0398464389491935,-0.38083495802479783,-0.23566798522290075,-1.5452670084997486,0.3623452622013407,-0.7418596947899482,-0.26230502506406117,0.13722980022717185,-0.6697848933164264,-0.08031495868082594,0.7994968122723092,-0.236156407317797,0.2898578937040555,0.46728271704377866,0.1988560286512111,0.15900891870063852,0.7819256967810679,-0.049358340897014435,1.2236379145528173,-0.4036669866290142,-0.27254001344141116,0.23849914215661938,-1.3768160681448278,0.3173179447638933,0.4954883813759292,-0.25626351858910124,0.8183486438207177,-0.040972615701054274,-0.07689361911941771,-0.4442549063361252,-1.3606796809076778,-0.5675917506098882,0.6013621109768487,-0.7343989232348723,-0.5546480183840107,0.3614576307301413,-0.10102116246971445,0.005045705573748493,-1.0755043769481765,0.11300469178399478,0.7579991584316894,-0.15622341320247599,-0.17066634457961813,0.14485307280691964,0.09140304168227478,1.115207624192779,-0.544074481527634,-0.7018493654012279,-0.3991335393896624,0.5312170134147611,-0.009479259520606036,-0.7852102579076968,-0.6152622803912247,0.36635973022958374,0.3970024259398743,-0.5982542460166317,0.4338128900162747,-0.23444994171412092,-0.699441998872775,0.0881907410170402,0.21094746784515994,-0.08615633131628647,-0.5820798777577046,0.20921053296352277,0.20529483397564643,0.8116662127040979,0.10562545343601272,-0.0907034994930848,-0.4896310214012567,0.23996673217346856,-0.22238671353000874,-0.2481426961009173,-0.34224470927322403,-0.004016967197521014,0.34197859922667323,0.567596328738806,0.42079810373734683,-0.09825187903869617,-0.013691253913476118,-0.23784660423457882,0.28184657169561894,0.1245752881681322,-0.13938780612403961,-0.2976142307133694,-0.34630917355200264,0.14084144720467506,0.08708022621528874,0.026263594177800893,-0.18057363082976893,-0.25350221062054923,0.3787561473633755,-0.12197883916805789,-0.08253755929843187,0.09045948943959845,-0.21686307071702843,-0.2902120582093466,-0.3620852622512056,0.24344061094403946,0.08335730167686893,-0.006139701393372235,0.07034673330152258,-0.009718917426073,-0.08377107755314006,-0.044845155366617435,-0.10188775495169271,0.10776976701678247,0.33460001325218375,-0.10682059592836994,-0.009358433637284762,-0.09919939394541649,-0.047505513047500045,-0.1203061574652609,-0.04332175303272029,0.13407749213607514,-0.2919497085960217,-0.07228806339522949,-0.04210716040834145,-0.06923680462302834,0.086851588877452,-0.11482276897741375,-0.19660126088727692,-0.06869000118594586,-0.09712780369371221,0.051104029156781305,-0.02233625807457496,-0.10909331131630201,0.10021404753174283,0.05507238748793024,0.031160776612081085,-0.003996674233998288,2.5646313682236065e-15
-4.164500094167835,-3.2982353881711735,-0.6266671918263741,-0.11103683129700308,-1.1947986026328428,-0.9405621366042132,3.000446746407503,-1.950278270606737,-1.1081967860449498,0.15481960307544368,-1.2215489618396982,0.1966620173730079,1.0930128001396975,-0.5389052754256662,1.1120474699839882,-0.23284130399727138,-0.49241755469209814,-1.1528934199555791,-0.3523921340176746,0.1593197341759006,0.8809591206520441,-0.12957993053179306,-0.1472468597784276,-0.40551600927525905,-0.4115583115197184,-0.5474926254723756,-0.578867390824475,1.7884124951094065,-0.8977369686836133,-0.6210889305392241,0.989446038734537,0.9217607752758635,0.7817683070923624,0.3031063069977376,-4.6885796991971736e-05,0.51773647479283,-0.008620277283293343,0.8932190481577017,-0.5066978176617316,-0.04497978619246324,0.8480355429551892,-0.22912774217859566,-0.1680983549786942,0.9094570276091138,1.8549342078927222,-0.46000911010408674,0.2612927509769723,-1.0089975972764926,0.2695913956204197,0.636874565279896,0.13984866387345748,-0.4000824107254666,-0.7696303714180958,0.8167179515450406,0.46831092241985434,-1.5310263565695128,0.32110336423298524,-1.4401671426547349,0.69090206012619,-1.0192615648973309,0.28760221584451284,-0.2756106419173875,-0.070084663892753,-0.7459811207189285,0.941487078361347,-0.002392614296033469,-0.9980000150732263,-0.9930976016398337,-0.1167251253071649,0.08456202983496164,-0.7470264672084848,-0.5971183889355769,0.43960990183834026,0.42047329923823007,0.06818556061547844,-0.430483101658433,0.5147288855182802,-0.06746811801221493,-0.6510954690767915,0.8750262173991061,0.09109353001348099,0.8100679087345203,-0.8185196107079319,0.6030847957701617,-0.38112867669420747,0.04865372870165388,0.09866999981258247,-0.12038941508806134,0.9660286756237301,-0.6373521953216755,0.6977600397062708,0.06377562366209878,0.5299173111673668,0.024999161646411014,-0.2320062047333761,0.6109007838509835,-0.47657181963321976,0.3581696186082828,0.24085249898189337,0.7597613636043595,0.657768280328919,-0.5669998991088269,0.3305648736923856,0.22861259798656014,0.25299033352631006,-0.18358700228929914,0.09749130408837554,0.14793683841265276,-0.7335262215449353,-0.4266207335781925,-0.5038744429866301,0.0006945982173231032,0.24746989312097836,-0.4190417464105666,0.429097469814703,0.8093714914512052,0.20483354832006154,-0.45595407102651014,0.044862800000262,0.669715802090747,0.6339372913496716,0.20088697379513368,0.19038100501862293,-0.6386666031767619,-0.024248691237048096,0.7712819292881431,0.7268899499954342,0.8618415728186503,-0.14155147206486277,-0.4197683209946344,-0.5798139356618597,-0.24800068338949463,-0.043156011962802346,-0.20748783438516308,-0.18267734170746233,0.5257008212876177,-0.1761900243721582,-0.05908078475567452,-0.09917831551521543,-0.2108518664337316,-0.04922804613446245,-0.18924219015577395,0.20960239882890427,0.11776851271071984,1.1042917283933533,-0.1305980985621652,0.2662933140576672,0.39407276853777884,-0.623847472776015,0.705685091192843,-0.2821271450491585,0.34567475411190146,0.050318458139471764,0.09715549110333457,-0.15529128168385106,0.18882380546639188,0.2370683632737319,-0.3335369013098326,0.18396909644882514,-0.1432373734476823,0.07917223453286178,0.47182263484176956,-0.4624013275781895,0.12383213376984512,0.13528456194911487,0.06247417389659093,9.614724584645398e-05,-0.06686398721771614,-0.13257372736000966,-0.21473640739088554,-0.20524597670630473,-0.012427688298646064,0.38866854453165206,-0.2448714428168853,0.2935976006882696,-0.14199084554329502,0.07266357304036664,0.23430147948846827,-0.07106152453280956,0.12847560627576496,0.032190333450621444,-0.08673749499818682,0.26505868730884535,0.10290512242679724,-0.08173324631656395,0.0713287474498457,0.005500685126367448,-0.15257836402206823,0.024353602311724804,0.02192794679936822,-0.08307674757630899,-0.08026499011489648,-0.020128052045465153,0.0722152176565418,-0.10701787421494784,0.012932383498504159,0.08410740796838369,-0.00022819065531390966,-0.02073116415187766,2.5646313682235907e-15
2.8739443391656363,-0.3216429254560431,-0.4082841279074076,-2.7589867664685714,3.2158869106188503,-3.7816703625305044,-1.0366515448691287,-4.434706627547857,0.41229210653201354,1.8577389549233194,0.12537120906653473,0.9170553549168924,-3.3947796315957524,0.16958501873842274,0.7319319440167782,1.1584230897188694,2.291704613348911,0.39259837211349935,1.197280880194158,-0.2965318637633627,-0.13066852977699162,1.1223389456423283,-1.1425506781404091,-0.998935621978281,0.07338525314715708,0.8093617249823957,-0.6012964406051413,-0.7853212123435344,-0.31522247644674073,0.10373507554699053,0.7760008085810958,0.3651119180019856,0.6392889540875802,-0.9872760878772012,0.5247293506068301,1.2964013814339668,-0.576482553795464,0.8828348203187137,-0.5953087155727573,-1.3604224253443165,-1.3953300452584483,0.6990830535159906,1.185019814060909,-0.8479293176069606,0.5266685270580581,-0.15326637794071937,-0.060942449295432286,0.44995438240213176,-0.3902989210356914,-0.011127726594227757,0.18769722741060735,1.1515381095272361,0.17382287320222845,0.11943603804094687,-1.1991566346991707,1.1884365515344288,-0.4074328890126011,0.4370645755997324,1.4619683692727474,0.2890080182556795,-0.4428669209785863,0.21398161815462502,-0.21740812575619967,0.30342234197626616,-0.1095280924654651,0.056247498047753725,1.3960926645881253,-0.004489319701535756,-1.1527008613430616,-0.47644758947280325,2.3197373633582634,0.6612250297060609,0.7607373615707133,-0.061210105926191125,-1.5313984397637483,0.6280296192336465,-0.3153206313234829,0.7410857338848307,0.5351570298790463,0.28745831650020826,1.4699334838498677,1.0629244315486905,-0.7995921277283651,0.17126383059749553,0.4491390965472433,0.14468316688215793,-0.35264670875218895,0.23469250573271333,-0.8365505489604355,-0.3498535324082373,-0.2609853136878566,0.37422537553072305,0.8007044909720604,0.6869052367568066,-0.9074628562890437,-0.32660474677353823,0.11715212922876891,-0.5521122840090138,0.08452461552475042,0.11546695892790765,-0.7690624963705233,-0.056705242176142014,-0.5182625841869527,-0.4886066573668369,-0.5159681583717269,-1.2587949582197224,0.8518153280060629,0.40679575188890343,-0.5093476648193181,0.03694506154762733,0.09186378973602119,-0.04805067422121322,-0.6863305674631752,-0.21187729237553563,0.48006602780957497,0.3745061613406355,-0.380038246762509,-1.6026388310378683,-1.193947042612035,0.20337904205605561,0.5231633470782653,0.17748880447927287,-0.2531013745592847,0.3009358471475155,0.078734351147561,-0.36307304932761686,-0.1936089724493996,-0.2516629213444742,-0.3976457265109989,-0.5097343663247124,-0.002184112661366383,-0.3569649004701692,-0.08897635474267016,-0.22719315010993044,0.5151473709620924,0.433782595191056,-0.06637185386163731,-0.21916058240807,-0.13747516818470146,0.30855315655305765,-0.009815360680534912,-0.03870537332759687,-0.45557276070793207,0.4175361472413395,-0.12236948880908935,0.15825312790517462,-0.10901703790870264,-0.0772474036892127,0.006159574067744615,0.2663809558467291,0.6471772165426015,-0.08646532847369168,-0.22276454329584502,0.3481271830485686,-0.11618222542518858,0.14990652842082228,-0.4304347377474411,-0.3809979604251946,0.32711978992406926,-0.13670306198707413,-0.19329010078997633,-0.2622075694918515,0.24434193196804455,0.35191159303383573,0.46287036426789785,-0.053094683923672295,-0.11996977063517109,-0.020341675686788435,-0.0934671891371626,-0.0010018229354285845,0.08939952414572318,-0.011142034469683162,-0.12626231173300842,-0.1136732085064469,0.11087213561773081,-0.029084267486700288,-0.07550482880036627,-0.06566746623772751,0.11663451525948292,0.03405932990449886,-0.24835212216900965,0.0661406262334435,0.1701556149910332,0.0008237368351557267,-0.058697733667082794,-0.11844772886870367,0.11690671698625908,-0.16982099439827586,-0.15478460484366058,0.07703711504276745,-0.029529242191504677,-0.014811712418771534,-0.026036460715064286,0.03761343281920467,0.024592017581576784,-0.0035760976307693854,-0.02515677917930782,0.018932894237990945,-0.008305087068894093,2.564631368223598e-15
1.0827413508211183,-0.09699696783770576,1.7967664426164371,-1.588038019804062,0.5566501104475259,-5.596903744758364,0.9794422648864873,5.264391229246539,0.4987866527076754,-0.9494791203133878,1.5449384304734006,0.0456424049034203,0.47310492804531123,-2.4560566774389496,-0.9387481140078159,0.4559634863896371,1.5878359428717197,0.7575040534071908,-1.4148845213439611,0.20496397798611748,-0.5105016176271888,1.7956491792915856,0.46205599234014477,0.36471241682953814,-1.1362504712549921,-1.1896922172719462,0.3797746261889521,-1.3793343994187823,-0.791649928350196,1.5461379122248837,0.20154167181361055,0.9511268989564188,1.511818782430725,-0.2913892715793245,0.32353083022326656,-1.0244225030135603,1.4502245734209545,0.1339177555789014,0.38638761467287414,-1.0185629456599297,0.6410269544195646,1.2512955324445045,0.0886544586631621,1.0610017266997682,-0.9948127577570954,0.1822254660383933,0.7175540117077903,0.11231386003523994,-1.0852026061753883,-1.364518166304327,-1.5376637219421017,1.1916343805582295,0.6796756230280178,-1.1282625801777635,0.1323340610321439,-1.5283529622907845,1.8498746034145281,-2.010331623104573,0.7205723554379357,-1.553233822079984,0.5580055368200412,0.9708873795748943,0.17607851820966222,0.6276404514402533,-0.35779167366210457,-0.48818949658989796,-1.089937371665603,0.2652828315176357,0.22050414276731078,-1.4241963956655332,1.4974865203356742,-1.7860158128826185,-0.6612015787484604,0.7483700139470807,0.43535520066567085,0.4818236833345239,-0.32997968264439753,-1.4835017424743981,-0.6180403807875752,0.3094678776863772,0.10229268718824448,-0.3312415459829523,-1.199018721749312,-0.7834622578503252,1.4166109121516646,0.22342708859329097,-0.8632131432514173,-0.09498917314705389,0.3856921323055801,-0.4754831242175256,0.9967229054213104,0.4066051373702071,0.054412551888036904,0.2855634838131517,-1.4756448537572662,-1.4376253676138302,0.3692502966987675,-0.09437814868529303,0.3723371201619884,0.15417110937557188,-0.2651384385737019,-0.032330817218327174,0.5356164667487532,-0.5477842422717042,0.01215868056266865,0.7278879418138591,-0.06809947629875777,0.04259958147176664,-0.11526383358987471,0.757538687414258,-0.312269762349992,0.5389500043577552,0.3472936098196179,0.0908514554883644,-0.2142828482523417,0.4510184137353436,-0.20439960450913872,0.5139123802379381,-0.6660175975492695,-0.03706717758429356,0.4553466482472909,-0.2489948468224879,0.008888712866371423,0.010734718797413799,0.21991439624219106,-0.575166860977643,-0.06448910170930446,0.16621905252151156,0.02599267207393195,-0.3848140985284184,-0.014841415445168425,-0.30622707509849956,0.7854814130225437,0.0707204499071256,-0.020981011958045633,-0.06664085775370379,-0.15982037616551864,-0.05149794485056471,-0.7310921777965877,-0.2727183600483829,-0.1879322582276674,-0.23686725770303685,0.39703530592690295,-0.19726276763111383,-0.35276865729008505,-0.08480238184137809,0.058602043654216326,-0.11096487814119785,0.08268889664682126,0.38186538377191204,-0.35391988492934406,0.010646816113191706,-0.3593891888583125,0.06563611871100558,-0.5751074544840943,-0.05710535366340405,-0.14972517422210388,-0.2974342649130241,-0.29398770198037366,0.19577972798203172,-0.3355149855709231,0.25346670699303103,-0.12287234249144278,-0.26293991454858767,-0.02282135662019464,0.055821593348163355,0.1486734435616813,0.27274346723919934,-0.09758813399063848,0.2330687646151694,0.04239206137632023,-0.08967862919069336,-0.2212106596168696,-0.05912082244492653,-0.14594087311707293,-0.09784667770459468,0.04701259739577507,0.024145577349565146,-0.01673502849871709,-0.003074197542461703,0.08641561617914369,0.06120433200775123,0.054273829512218555,-0.08411388075452125,-0.0803796485869843,-0.14777560973052667,-0.16024175757516046,-0.011009138374751924,-0.03976267172970487,-0.050103592503535944,-0.005609886991828325,0.10533972056027517,0.07937659717289147,-0.09896996861594776,0.01128172945338173,0.0321062596533237,-0.021619116562849105,-0.059948435083029425,-0.058310358849425245,2.564631368223616e-15
-3.8476179667401778,0.05568628948094103,2.60455205431215,3.2431862424940947,-2.2105777545694556,-1.1858947386308023,4.932385445852609,0.5215151173025289,-2.0906186603448838,1.4365722651255006,-1.5978257231215918,-1.8825334496138846,3.0821621056270305,-0.298247514141519,-0.8037398183983454,-0.35910883568440916,0.31206359592800076,1.5608087550667302,0.024854364099853813,0.4558789519299373,0.34575232264374883,-0.06716756804941856,-0.4144992073979379,-1.6807128867713466,-0.25885479315488635,-0.6691951194847876,-0.06520804663416314,0.5596739807533976,-0.03300657714834336,-0.7461939572839568,-1.0453169648211444,0.4884928760412744,1.5049296751774464,-1.506981671462525,0.961950568535653,-0.7095668458828879,0.29989563133587627,0.39225887799497644,0.6826077210124916,1.2337080679738583,0.578077442522694,0.34857828035445587,0.281895763215214,0.7131352989436084,0.10626402571690813,-0.5626834869882367,0.5987794657827292,-1.1124108075241612,-0.5049783865820806,0.11407980886190941,-0.7468009387885548,-0.26731170572455865,-0.3182147342277892,-1.0980846408834315,-1.21676364564882,-1.8650151885194466,1.9880539148500715,-0.7082515716139423,0.24896552577505118,0.0791357394700535,0.189268356581818,0.04427017588423666,-1.2479851053615525,-0.7043140532378516,-0.011943733661876418,-0.2632810508698589,0.21510346508120604,-0.6174786612243929,-1.3416184906589956,-0.666010516792046,-1.0734818016243628,1.0727052754470026,0.5859163121710744,0.14681423835084886,-1.0868521903363944,-0.6779989843741961,-0.3773889351077817,0.03875867429042067,0.0036673976103156125,-0.16371851585475514,-0.4904042514015581,0.1556159057488612,0.5766078060432175,-0.24572444954222375,-0.1930313859183924,-1.4209141429378676,-0.7368616990900335,0.1910494909644092,0.3654135464091224,0.11935676368436748,-0.12638044772483512,-0.4197112766538672,-0.313492562592659,1.2327117783562747,-0.7759163182098354,0.4839219000633798,0.14212705156528913,-0.03924098514982837,-0.4031251226121361,-0.0826824494194823,-0.2119086922007498,-0.3409609827478607,0.13006847990101159,1.077224271240221,0.07833532901630925,-0.6603970146870455,0.571736822693468,-0.5232333740515971,0.16899259586142082,0.2611535711772648,-0.19774280540371134,-0.34041712348976444,1.1214159045072558,-0.5426332249681317,0.19451013993273586,0.2446233285988472,-0.880023366978932,-0.07601371308193053,0.1950807836410105,1.0749506965161217,-0.09821943277056899,-0.10613083495976834,-0.45776457696767187,0.8017139486046878,0.2912942044616571,0.47772829092263813,-0.034836246939280044,-0.534974323237977,0.012749876770938876,0.011918264214755682,-0.3867573321338524,-0.6375490102189147,0.1646414686621992,0.6028309018707259,0.15117570938700284,0.3340054482280881,-0.39345608894413703,0.0181565637664903,-0.1658646006538093,-0.06346560769246784,0.16195629343073994,0.03904397512657514,0.03876364267371675,-0.43049663398642923,-0.13514095165973222,0.2764738821726688,0.12508596263615548,0.019960700686798255,0.6200170480327509,-0.06231152294572173,0.22586285905131065,-0.2516612150423145,0.23480684359286902,0.3004314696768972,0.5749485390867337,-0.05452799368285523,-0.3146240808037236,0.28426838603522075,-0.25264447779951227,-0.18813721688466375,-0.1511794735653721,-0.5034616128058127,0.05889615968123727,0.36897009481932147,-0.13923059993118236,0.40877050574669543,0.1436551401159304,-0.1553192787830539,0.08478100829831033,-0.08719310934713394,0.14462999782519637,0.12817518137049044,0.2144406945931295,0.025467201977492544,-0.26818720368451165,0.04938732141506095,-0.1931956857659573,-0.09721219166617585,-0.11244283757004168,0.14043427239899503,0.17126480041608474,-0.05330694436619039,0.12886968199741997,0.1120921049893401,0.06974493839429714,-0.12096368602459652,-0.032528197365146255,-0.016767957845113035,0.05902240638838877,-0.12121996914065204,-0.02627496558447343,0.004453010488044514,-0.1394691746399018,-0.1378809304988277,-0.02529487999183262,-0.09935066044646007,0.00413898730176275,-0.0006442550869584458,-0.00692908755142857,2.5646313682235998e-15
1.054398250293011,-6.979243080932124,-1.0239465290117595,-3.2656744496433663,-0.1827491955201226,3.4012321919911694,-0.9375022681339477,0.8684405138905723,-0.17614283409574866,-1.152655535630152,-1.7158772018707673,0.4968742797767269,0.5977325029843261,-1.1945803893598501,3.565313568019187,-0.8288092909499113,0.4811262957622536,-1.0430096152758932,-0.8796642980586288,0.3717440720516722,0.34660905292830285,0.2571205126061761,-0.2690170439248841,-0.3815055408812005,1.234803575703093,1.704132003596397,0.8507142368387872,-0.07339130752499057,-0.10821676652941055,-0.5677623384302279,-0.33909587023981547,0.24686991237885342,-0.7010066438620794,0.7820256595264973,1.1074590356022793,-0.36743950989688345,1.7297957335681915,0.7368867567682497,-1.100941429520151,1.540121225069126,-0.2772098702727317,0.31256894967681936,-0.14823927554355787,-1.3085353988168338,1.3710796714458213,-0.6386699930452241,0.388998164228881,1.0828337655263527,0.8699203226045029,-1.3367483711659778,1.3053411893766949,0.5997111795526368,0.5370287724729126,-0.06537819790644848,0.2703822599572394,0.8941917926161366,-0.12762410745435107,0.6339945515109904,-0.300583031099727,1.772423906012776,-1.8396472206300551,-0.11240445828955166,-0.7537846104000353,-0.4150546481371768,0.09838548614046466,0.22597903006406372,-0.1683880415321468,-0.6018522553106569,-0.2463300308150038,-0.47888323970704677,-1.5127040192067598,-0.5283616698723118,1.0074037463336023,-0.87440356974226,-0.09493631953676239,-0.9652179708983286,0.4029912759460066,-0.4819021825250086,0.3096214876409341,-2.115140226728962,-0.5607277129384308,0.01760260237982131,0.03588253488782674,0.25943461214205177,0.5983827237999454,-0.44135495124757834,-0.22266062580890003,-0.5634532142096123,0.31115183227856846,0.36233931913338585,0.3255754977462254,-0.4810151244301842,-0.12221267701952179,0.3356959631828342,1.2771415823042505,-0.6062648680759865,0.049980962747095806,-0.5466398769683875,0.359620959939608,-0.8081727846956112,0.13715896175696138,-0.11590418186571834,0.7060960615950522,-0.35765308089503056,0.10593497917448012,-0.6134365836081004,-0.3565109989958488,0.3302212799501036,-0.6335960135822996,0.35379202305312923,0.25183304177785615,0.6596984526575873,-0.35118510753510485,0.02956956824435855,-0.3847271004061119,0.28551648234012417,-0.6075095865425729,-0.020116462389258717,0.1432632872560438,-0.29359772886125945,0.17438480695156414,-0.39276676863257404,-0.3504678846400699,0.1954727872825439,0.936418671929011,0.20783396624068834,-0.27059814207361416,-0.17053129453067528,-0.03936663542732857,-1.109958239519622,-0.15214707636129024,-0.019103253126458122,0.4493718215990403,0.1743898195160111,0.4740800869570428,-0.053763337981623284,0.5435419220338589,0.5998821050163532,-0.35812430664566763,-0.04889306177554853,-0.6575725986035854,0.16918738640940637,-0.045953680354663615,0.0677939105536731,0.20562453660644908,0.35893364764167746,-0.1686460344329724,0.44569666938082786,-0.28917651440273345,0.19131137860584624,-0.12034653833511898,-0.2308647265864348,-0.08747766118314868,-0.24857027959670386,-0.3469460858033726,0.11054179578605264,0.07672913430793502,0.26234494559731186,-0.05790030102069678,0.04603532870152872,-0.37777567426402237,0.1903228920666635,0.15583034049100344,-0.233382818000639,0.19595168335818328,0.027021166167137803,0.07225919427060198,-0.17681426562427813,0.054574933060931384,0.5061168578162466,0.21752318477870122,-0.16190956026941952,0.13387004861485477,-0.2552827329245561,-0.03338444486488243,0.04692951366050067,0.11780863831965616,-0.14958052537795094,-0.2635471737929733,0.15640009358087548,0.10483701866753763,0.07817206036959432,0.013098181904748688,0.1460071392020259,-0.10056325842235837,0.0042418831000817815,0.021984257698448865,0.14156719992639902,-0.14631198598374492,-0.009119137244623906,-0.006871968076564793,0.11452059222435448,-0.041786500927914846,0.08338186597200438,-0.01457190995423695,-0.10136757001775765,0.03491590957249321,0.017375216287868134,0.06251804724275489,2.5646313682235868e-15
-1.9602158349028709,-3.131636583513908,-0.47388726021924127,-2.107854128791939,-0.09545997260118733,2.5932982359987173,0.21128652724156352,-1.659934235748105,-0.46965661535760916,-3.455901482776688,-3.301209020548577,-0.8975552289582996,-0.39164283259375443,1.1975250999813094,0.10690497056658249,0.9042609674327803,2.249698980642462,-0.614580750602114,-1.2283039411695629,0.17783083304393965,2.2122460008776854,0.5857353803722153,-0.4573303981422746,0.3852433847104154,0.03577006306077208,0.36742412486868464,0.4618268774932475,0.6639601078915487,-0.7415231559942483,-1.7874532870910027,1.3605330864968637,0.6625035940724999,-0.9406316584210336,-0.5912716280843017,0.9633410232284692,1.4200418732364066,-0.32112600963265764,0.47479605505760153,-0.8217879544715655,-1.6601536146781906,-0.48150378357599183,-0.03164012360594479,-0.5047231602363234,-0.6857273669904779,0.02871892157220497,-1.085237156622058,1.957605692995371,-0.5532032502800264,-0.34495034054270735,0.7139197505723403,-0.9116125190491506,1.5429686938825375,1.6964720833698126,0.3752516278642641,0.8550045635816403,-1.5509425831622248,-0.4667775997061622,-0.3477768847656465,-0.6799088345973707,-0.15495920195994184,0.33456848836785186,0.6409454402159953,0.5574755835837012,-1.052145870729247,0.6215537741366846,1.164676502491676,0.6867256768991329,0.14085933258236877,0.48948005523537763,1.061046128120584,0.22045335793683465,-0.5874833100447918,0.6066678415345163,0.6731810412110674,0.4733330930627361,0.7686348785246767,1.6844363127433735,0.4714144627479274,-0.17264125702100502,-0.8059789769268738,-0.5224890615650547,-0.7101963941613713,0.7732693574018381,0.8275673660354365,-0.08380056030016664,0.8871541961093315,-0.7352079664392074,-0.5450125465303287,0.5221047670366041,-1.1790211412744251,-1.225212047041511,-0.1424773090104418,-0.766999974632708,0.6478155102513007,-0.42160830729938475,-0.8753824922099065,-1.1104878234521014,0.09612195040371552,-0.4218272373913042,0.8648269286880819,0.13404814005793508,-0.3283316744801494,0.3346814622185494,-0.8828832442668497,0.9048374393513741,-0.32590905428753386,-0.4253418947708696,0.20214500463376567,-0.8338632117071589,-0.07514109446742369,-0.4439462977738484,-0.05986574695824653,0.2568961523056852,0.19970491538850224,0.20875403792579758,-0.6560536962334994,-0.5256465396121578,0.10087900319231737,0.057914519535935405,-0.9789580948619159,0.9257181951208516,-0.5357725378919931,0.17724592830773025,-0.4673919444670842,0.9384135357480663,0.05821993065979936,0.183328170711916,0.031004109607350457,0.7573523349165633,0.45860612643456494,-0.05514360502033785,-0.5563195278319102,-0.1703830977747701,0.0594044228283192,0.27163642906456814,-0.464671312876467,-0.04784762892279627,-0.3799905920127953,0.10405129990124931,-0.2972347053174251,-0.15960270165019255,-0.14743560892183122,0.06955604720858116,-0.06238662952474562,0.16286941931703475,0.27056181621324454,0.36141607003418336,-0.2799383924580225,0.08905110528921216,-0.5576184939666804,-0.19146029949018809,0.1344225725235255,-0.055472094958966885,0.11605543955649121,0.0989762802294555,0.20851509292784678,-0.4970432833322028,-0.20836293463456157,-0.355109433551621,0.42824933534104587,0.24381876175763523,-0.10220734229324613,0.07064174058787429,0.29911602629582207,0.30752380535427043,-0.08955601779503969,-0.07550055341424794,0.1726868663484038,-0.16011375833547786,-0.40303049926667944,0.276304823318898,0.06766259382121789,-0.028043045451542774,0.09857813416480732,0.09221302293816068,0.12215232317084612,-0.10593355304329567,-0.10698206629958772,0.14233283913936284,-0.17230487931182437,0.22681220415423323,-0.053392240662121296,0.05573943043513376,0.07981145578211135,0.13143163980392567,0.03188442198157956,0.01977979327209046,0.06978704640641151,-0.03548522482294472,0.07572325946178024,0.03494931228164511,0.05264337103199178,0.011809960396470559,-0.03377994516537962,-0.008450255073297195,0.007031606777689713,0.0018930877039413385,-0.0273035862760905,0.06078445306796114,2.564631368223594e-15
30.221749323670476,2.156726982736935,-7.875010989825121,1.9169414805050842,-2.6748733462997802,2.2367293349420754,7.493015339333609,-4.345291285538856,-3.939514295074514,2.8832099118280112,-3.1768746147065814,-1.0331683451540845,2.2494166935393323,3.3171249227263337,1.360644043787016,-3.5101951856382554,-1.3263216839932217,-3.228150476061765,0.627695906113626,-3.7264244692028434,0.6544799932820459,-1.7847422014941654,6.2754259199077405,2.114747882882254,-3.4767746839363944,-1.8667442039061584,4.256783115249119,-3.0133650821346776,0.4062646670674218,-1.622858315174472,3.2310884581414827,-4.2002356173430755,0.29553600193944657,-2.0843153517922826,-1.7791489866633037,-1.4088388677145072,1.1090920183590613,-1.3873646014135128,-0.32158750972144323,1.1787664737518198,-0.9646567770547351,0.8640822990974678,0.9905492641135836,-0.5987797967942556,-0.44881463363393664,-0.6642962732135892,2.194361291623447,-0.3072556174192258,-0.6744134703507046,0.036479876334175675,0.0052764275963409395,-0.3285953079872724,0.07498293847764347,0.25922248316942337,-1.1189497315075376,0.3403371384576954,1.107418703571772,0.9274750645024212,0.8415208666385182,-0.17228291535822834,0.8830725739044109,-0.3022489258265,1.4713253142602398,-0.01978723870349655,-0.12401392547061328,-0.028012059689461927,1.029335970117001,-0.5790525767083383,0.9778472526598257,-0.5627703104863617,0.4501232607019305,0.03152008424399,-0.35145168052270476,-0.058637227833989794,-0.38606681462432213,0.7072804146320866,0.5257090645958178,-1.3630307330019829,-0.3613608201070783,-1.016485503497188,-0.11582259468578507,-0.3210231960126576,0.28834219830393415,0.3986101116771061,0.1022219004568936,-0.38799619810808555,0.48586744632836976,-0.6731389288070694,-0.4228104706530299,-0.16483577607732167,-0.3363567838715629,0.01262567160881993,-0.10724778209082249,0.18897674402830172,-0.5399351567949627,0.15242478170212817,0.265704194072382,0.4306403494742361,0.7352266985081208,0.7055413925562303,0.062191830942021305,-0.757395193712426,-0.30498837695997905,0.020741776827153894,0.27055885900184995,-0.24659188682721758,0.06039584507828172,-0.09779397745861226,0.43877239287799163,0.258057521960158,0.4459349181566681,0.008170331790579442,-0.21025248760920165,0.1975547193802179,-0.17232059255676463,-0.09454498376909713,-0.25013867178564464,0.01412613621010338,0.0016308539857305482,-0.04593141275628979,0.1064365234947206,-0.18234937463709214,-0.2283021167879702,-0.12594596274052688,-0.08251838631224329,-0.24980891911947506,-0.10253076183570574,0.008028959166886077,0.07101434764666253,0.1273161652939019,-0.07108843476717272,0.11051214533974762,-0.0961816427177747,-0.022574626545868157,-0.03839114192791914,0.3600562297497509,0.025805027684199955,-0.0062934018611836,-0.17882924782928963,0.08861048304395909,0.16272500970623774,-0.0036470420580045093,-0.1690193365631446,-0.032421618838089986,0.222182067272636,-0.04338758191250428,0.025251729616463225,0.1436447837879643,-0.03812100702717215,-3.549492932416964e-05,0.18406092061112375,-0.05993423016135693,-0.1529395620196645,-0.10022381435068425,-0.15033305857526477,-0.132699246846814,-0.030472272053252238,-0.015500264087973118,0.14781819442362415,-0.09898603664343107,0.08323285020375124,0.1805265728447841,-0.022317316562538006,-0.11774027808256371,0.04846030149993879,0.10568556653747847,-0.003933655306421766,0.004160230138370683,-0.030509223485087784,0.0577906101582293,-0.04113435007322573,-0.004700750403626453,0.041047729490304,-0.04002919907693379,-0.023519997679468885,-0.050555743347361,-0.09171127036994423,-0.03844546454313425,0.013344536130471967,0.0187282528170514,-0.004478931073737788,-0.02057543928965468,0.005171717351395208,-0.012481011216295064,-0.026237542085558965,-0.006681752341056672,-0.005144180677378756,0.03598782674735383,0.0015877376157043559,-0.004108858743097831,-0.007722344805555462,-0.03207980987944686,0.0260616685701127,-0.009633527398176026,-0.003329128143697388,0.0006580250214324136,-0.008449013979298833,-0.002536404199446307,0.00491177472703243,2.5646313682236018e-15
-2.09943266820454,-0.812581685130017,-0.7741998456281911,3.5277152749543936,-4.639366766882462,3.85051816092127,2.9536788781204675,1.5627814163534832,-0.9724962818149882,-0.6769236001415678,1.4131605665708211,1.9492489236446973,-1.9671678308406204,-0.08075735075875692,-1.7574058939087651,2.185562660852987,0.2829510290220387,0.5203879220902174,-1.4943837734458794,-0.6112585898740355,0.20666783882165662,1.144319786491679,2.386600289186749,-1.4125208279163874,-1.7036701477978398,0.10244381353705427,0.6947359131189609,0.7734435079968084,-2.640300871351588,2.843492217551322,2.404444941864094,-1.6063110510784715,-3.4555647612694997,0.15603096017184218,-1.8154723994735413,-0.325818285137853,2.0563791702869008,1.2487599163046375,-0.9753801619610798,-0.7209185393533413,1.9085306400397122,-2.79925464951923,-1.6734202530064373,0.6471942581358302,-0.42190131323302726,1.0055324461553912,-0.5949625034248641,-1.451448596561963,0.9347350252569465,-0.40435967359088104,1.7616967896554416,0.9399504937032311,-0.34932272662517916,0.052055011042045296,-1.7241370333548292,-1.6269838323213106,-0.9549264050450824,-0.8676243621956011,0.5746927832208293,-0.898590478265543,-0.5064534174418142,-1.2079667811175565,-1.1914405444081404,-1.446110199931488,-0.8233652390729096,-0.3398959548868707,-0.4315302083135521,-1.8118129645773173,0.5243656664449671,-0.9350277214613738,-0.06541807187868617,-0.436220784084884,0.6475816771373842,0.210811405149017,0.9050461885327933,0.049242680709066386,-0.883580125764562,0.12495677890380921,-0.2996490593226982,0.08790541201293088,0.4758207929054131,0.21679297125431246,-0.9925531142163927,-1.3307097363645601,0.7811449892690732,0.6233210681846034,0.0493121557026987,-0.5896360664737145,-0.809700348625028,-0.02179159187720195,0.30579401339832873,0.3350076937690121,0.09218332311607183,0.04703060919476399,0.11716936201864567,0.3172596046310293,-0.4133094566433955,0.7084191199235761,-0.138369030702397,-0.5340243161316728,-0.8225022232346825,-0.7564981375134938,-0.9955118155288614,-0.9220714191330444,-0.1288741072820228,-0.5540046024850767,0.568635954985827,1.313534607033214,-1.446515556086811,0.14654333263448827,-0.31488811947808437,-0.17005010310522067,-0.3660242292094141,-0.14267970711719274,-0.35670361803457357,0.21323354785243667,-0.22523178359290374,-0.14650407618458092,-0.1923065275222286,-0.26771102760718785,-0.9293606211862337,0.5362572818472764,-0.09024785161002322,-0.4852619814383665,0.5764777924679265,0.4044560542425369,-0.5826591161607078,-0.12858831016174552,0.4897672352189313,0.6081372202334829,-0.313597366281057,0.7932414058151401,-0.17148724044468303,0.32005181425335316,0.2334298124417741,-0.38547161566947724,-0.1900656060226368,0.003440571423642014,-0.23275091532665887,-0.24789280191431545,0.17800384082362278,-0.28241013401369536,-0.09519180612003246,0.07195715876149349,-0.37511175611213016,0.4261926506100295,0.24391153065389015,0.14586675752037645,-0.1348237545809841,-0.1428147869753699,0.0847265473938607,-0.3748196080783626,0.12875436217995595,0.027504133444687356,0.2525280895026117,0.18544845923501999,0.18310633320328995,0.055355098746144214,0.03717540936515645,0.04618720234906489,-0.1857997422682832,-0.16905171273794586,-0.20227187402011995,0.03573726829252954,-0.02687742724766579,-0.02848192136186196,0.1981132227640365,0.1014614776576487,-0.027697683604345973,-0.05185409868329418,-0.0009023759550314129,-0.01754219088210139,0.03835632609195038,0.07972113541167768,-0.05159500865631981,-0.08796261471166421,0.02321885268263395,-0.03857051372909756,-0.003907058121261064,0.1807615374160741,-0.09860478994106688,0.026986745221857348,-0.08569115481813341,-0.07331112801548413,0.003345261309763344,0.09825905857428449,0.0021317067407265983,3.9626739539391934e-05,0.005076020263913296,0.03710799805771799,0.04782485158976728,-0.08345035814956563,-0.04871607839402589,-0.04555125019385997,0.03991833949420697,0.009106386263919783,-0.0008341827161659572,0.0019920772283219977,0.01862590118333162,2.5646313682235836e-15
-0.22942552210270103,2.9075348726252934,6.716166265116328,0.9838551567809835,2.047191582434814,-0.7743478669371284,0.23018106362850388,-2.402000101784655,-0.6382776642761588,-1.5477883565522308,-3.0000184202750595,2.2094485617574766,-1.876763121604712,-1.7582987763095408,0.9557290785515493,-2.203989455120815,-2.5655665855585372,-1.915314806544039,0.09979236891759205,-1.4062995590614313,-2.2656135929336645,-0.8923437622106913,-0.3876931754901632,-1.1343829971400863,-0.2882992167774114,-0.758585173392413,-0.24294592485326008,-0.18596200221881146,0.3180708681142156,-1.2080655291462072,-1.0686000639781328,0.6537133141682108,0.17048558783625803,0.15854689014125037,-1.835557991786114,-0.4258563851881728,-0.3088753328111395,0.09299366094918773,-0.8895835688649019,0.8111598081821059,-0.23707026203097925,-0.16835391922264736,-0.376773120272853,2.2918119872325895,-0.10801814002265196,-0.28831163472734006,1.5549313437476293,0.5242085252735403,-0.3883726084863284,-1.1888721721528008,2.4135501926978633,1.2311788455796717,-0.8755718220937045,-0.19459411428521453,-0.31746950727744533,-0.39595181830347836,-0.029457870362689365,0.03844052296821634,-0.05726445964832714,-0.06207267122696277,-0.5943520257810718,0.06518902995351053,-1.5135277045601552,-0.35026230211507586,0.21262667892298043,0.47211342273447315,-0.07390734310878397,0.13432101784023281,-0.3513506392855771,0.07728459595597492,0.35267282297919766,-0.28865175945704646,-0.5947482817983584,0.6425333236413787,0.018002070382487887,-0.0873762832457268,0.09583200892830218,-0.1212665568659003,0.619322282266757,0.41109080308455387,1.3521373877941898,-0.6451110515647049,-0.2283342157714959,1.239627037850926,-0.20533863580519085,0.07924496394674856,-0.6421801742976629,-0.13228816458703974,0.14130882632016578,-0.6728356949406223,-0.6067929227276526,-0.19532189156685245,1.2590049826266396,-0.36071866528390006,0.34252885531206095,0.007910462803253374,0.537036989544958,-0.22572435723374074,-0.22296594725906888,-0.12037145302137726,-0.46957506077229866,-0.008667856877324727,0.7627898908316478,0.3092105991512704,0.33870113127113355,-0.37689612997362715,0.4618210485496728,-0.40395467120071993,0.29884907702505137,-0.461892811352283,0.8381613728869597,-0.09698212564736343,0.25096606337738686,0.08800710394566648,0.03945768162895488,0.02234536713926817,-0.5436751562259255,0.15539938610003942,0.35869229774075057,0.03145639567064921,0.09234469979706442,-0.3129977605859655,0.21479741430016347,0.2610114339336637,0.0868600905090309,-0.5454698462122315,0.2517497001730499,-0.20714145534678036,-0.034616574846476206,0.5302916934053147,0.3668966103848839,0.17807325869275123,0.6061475160628381,0.3095138414661826,-0.21559081692906126,-0.3295324631314487,-0.16023475175346477,-0.6109864084396526,0.45665241194375217,-0.45092548704641267,0.3690864219816489,0.2793037704028832,0.07380379203658809,0.296643568723354,-0.6063425458707505,0.14951113054124135,-0.1555215408791571,-0.21651739336599635,-0.0811238450073951,-0.11249276378378231,-0.19143575213273725,-0.41644747670391313,-0.002481727259048938,0.10598779987400521,-0.4374868115906858,0.15339032704002803,0.5118783253848204,0.3817145450425918,0.003343018189706306,-0.007318941246010912,-0.11723240589070359,0.5312198104035828,-0.07914660186839217,-0.012571048776528768,0.34595528880129134,0.14628819038822988,-0.19984535507345813,-0.015362522021358687,-0.1961662178947602,-0.06459715759293136,-0.04218182870911382,-0.3191682066199247,0.25395809493072696,0.1720658729044752,0.053120569947711915,-0.08551537025218583,0.1461492729079092,-0.09035066648327508,0.1552446915128711,-0.11068891281572141,-0.2714413774857324,0.04627487936917585,-0.048480142438227306,0.2965912343567198,0.15094354468007753,0.13064125976998037,0.007580913007870855,-0.16488010619335244,0.07410762628002183,0.0077518803003205836,-0.06966618450815598,0.13995576771335305,-0.09938307639377487,-0.14595663201981643,0.04850494473469762,-0.0065535012197459296,0.025942375879947282,-0.03278485261752792,-0.0013490454141885334,2.5646313682235753e-15
-2.929778741791141,-1.2025355836951885,-3.9657208576760814,-0.40264367178990285,-0.8146720309769804,-1.8888879345668002,-2.4873270476087836,-1.2916891645755297,0.2572354913411645,-0.3620348422161856,-0.9879440345616785,1.037994009468691,1.8754215119512345,2.4038065106327857,-2.2201409393575506,-2.004721139469644,-2.205063794526246,0.40107754133728224,-3.549232886583467,-1.6335821744924242,0.8773292474200513,0.4118287937233462,1.462110334504579,-2.1684331688985297,-1.8510383359451177,-0.27439100150840867,-1.2343305131795694,-1.4967870545542696,0.2978822944856346,1.6362428221724121,2.0816253156761433,-2.463205632984319,0.26465030833861103,0.8886558706155226,0.8896636038759246,0.9471599013129096,-1.1826042903850695,-0.596103764674755,-1.647302045717652,0.41048014011359923,1.253945371023201,-0.39375965440704713,2.7024350705918487,-0.33095332681694684,-0.37663985227576635,-0.0673914890909578,1.596456534635666,1.4059741282694467,2.518579858676758,-0.20913949460072284,0.481714590090019,0.5815172903188216,0.26372342826944295,-0.03408784974611242,-0.612952757621468,-0.7007108064270926,-0.8440602823554428,0.7988480323747641,-0.37104202564046235,-0.6531609719448138,0.5887046094083648,3.3042155385967704,0.043952279016427516,-1.967774665728548,1.7064618384324883,0.7690248471281746,0.556745749304369,-1.102064826039406,-1.5020238159178743,-0.03959108847379738,-0.18616201267247545,-0.32385832882004373,-0.4052913612920732,0.33469476783296087,-0.18691488156277952,-1.083572217551803,0.9668983500051901,1.839490214496155,-0.5326117109464291,-0.005782001496812074,1.2706839606751956,-0.44351160982607385,-0.3407982284238951,-0.10060615050482775,-0.0066102573431393585,-0.2064049630553167,-0.679136523198887,1.6725090984985824,-0.32509359851169006,0.7890680755295875,-0.42267295623297524,0.274560304405587,-0.24856927006586554,-0.10661276509566454,0.329534694278189,-0.345367025054519,-0.7728841289442987,-1.093620828907932,-0.5464302948463043,0.583556043318698,-0.1477151155535903,0.5149422447763181,0.24542997687339224,1.1465569063888912,-0.09299977544295604,0.27266782157169356,0.7053106215398671,0.007609381503029306,0.3997073855938386,-0.3674595604529028,-0.4455053224988649,0.09222967242896662,0.309713913814522,-0.7293734578132864,0.12511906378144189,-0.170964933644785,0.7931058734201201,0.7918765661957348,-0.5369485956395144,0.3940165876693512,-0.02138430320118187,-0.28222477135449997,0.04828217775391638,-0.2419099206436017,0.509052604681043,0.31746631481867327,0.20607663285281394,0.24559537709991197,-0.17586796650405662,-0.18373642487103753,-0.23353425149916268,0.17313465706836542,0.045128151192541176,-0.2535060943614771,-0.12030299295104117,-0.7290581832860771,-0.38724512152023977,-0.20270897621762488,0.30060201681526977,-0.3352562551460436,-0.06342700024827273,-0.09960621507926568,-0.20045111764491516,-0.3533210946892373,0.004326265998877339,-0.14344410607949315,0.270430285989224,-0.5344111295799169,0.22616531660820874,0.19453910805104918,0.15393655619720198,-0.2540047411423607,0.07995732406982953,0.13227149483259365,-0.040088440379828366,-0.07123411033069066,-0.1325402113510443,-0.07998466785495954,0.1046269739822189,-0.20012749076305675,-0.32895397650752367,-0.1215909713969977,-0.0953406545407279,-0.37357093439090844,0.013703657888288975,-0.15700197116440123,0.15151133092363167,-0.19385887885390865,0.19313191294152757,0.1735341335196634,-0.03224605576802267,-0.017017390783292174,-0.1132298956907131,-0.11779619712954877,0.066477243180275,0.20013113701525423,0.1958627492741692,0.002385468425580457,-0.0024103687946919385,0.0876059408802686,-0.008553146866123193,0.03572158375880814,0.014422227920998724,0.010372276634810811,-0.03371368839703593,-0.007991885809604398,0.04254252681120228,0.1291088615221038,0.04440400503574283,0.03306047543596628,-0.07403814018817446,0.023673922528987326,0.03596542641489139,0.06648746776193666,0.051581305889253214,0.03636882946350082,-0.033124751093656105,-0.0016955128033317066,-0.020183502292690617,2.564631368223611e-15
