mean_fit_time,std_fit_time,mean_score_time,std_score_time,param_model__learning_rate,param_model__loss,param_model__max_depth,param_model__n_estimators,param_model__subsample,params,split0_test_score,split1_test_score,split2_test_score,split3_test_score,split4_test_score,mean_test_score,std_test_score,rank_test_score,split0_train_score,split1_train_score,split2_train_score,split3_train_score,split4_train_score,mean_train_score,std_train_score
4.422199344635009,0.030373939120189885,0.028391170501708984,0.017478160250830974,0.02,squared_error,6,200,0.2,"{'model__learning_rate': 0.02, 'model__loss': 'squared_error', 'model__max_depth': 6, 'model__n_estimators': 200, 'model__subsample': 0.2}",0.23953702502584462,0.1707375924760679,-0.5333321820981853,0.1481654044867231,0.2346641808492249,0.05195440414793504,0.2947868696576851,128,0.7663115668012142,0.7847426456656987,0.7931590833752723,0.7759278891424601,0.8054641046738449,0.7851210579316981,0.013541816042192768
8.951765108108521,0.03328759515755765,0.037175750732421874,0.01437198882159862,0.02,squared_error,6,200,0.4,"{'model__learning_rate': 0.02, 'model__loss': 'squared_error', 'model__max_depth': 6, 'model__n_estimators': 200, 'model__subsample': 0.4}",0.1424242741119518,0.1253000892211451,-0.6736716759541355,-0.06445280024906808,0.11869523278150473,-0.07034097601772038,0.3109089160533584,378,0.9432658784268639,0.9496746252865428,0.9563542871011782,0.9536718176424749,0.9506821795649072,0.9507297576043934,0.0044071784529934885
13.545822763442994,0.06551477540263197,0.030483818054199217,0.018208395146153255,0.02,squared_error,6,200,0.6000000000000001,"{'model__learning_rate': 0.02, 'model__loss': 'squared_error', 'model__max_depth': 6, 'model__n_estimators': 200, 'model__subsample': 0.6000000000000001}",0.19848143933510976,0.1802483618410552,-0.7113934599295755,0.14698050212997327,0.142593384971623,-0.008617954330362854,0.35200278530072365,246,0.987488063420913,0.9886687280592077,0.9904934404827487,0.9893140627673952,0.9889987127665172,0.9889926014993563,0.0009720515606926732
16.688211393356323,2.0686585561697046,0.009316492080688476,0.002365836714162036,0.02,squared_error,6,200,0.8,"{'model__learning_rate': 0.02, 'model__loss': 'squared_error', 'model__max_depth': 6, 'model__n_estimators': 200, 'model__subsample': 0.8}",0.2238181738500703,0.1852154307009476,-0.8527102916063058,0.009816722400413536,0.0923622657850961,-0.06829953977395567,0.3992035051548525,370,0.9968535895964475,0.9973779651453134,0.9975782533215165,0.997286786533797,0.9975568880129743,0.9973306965220099,0.0002623891719564919
11.347311115264892,0.7159393494315305,0.03189563751220703,0.018745610891436486,0.02,squared_error,6,500,0.2,"{'model__learning_rate': 0.02, 'model__loss': 'squared_error', 'model__max_depth': 6, 'model__n_estimators': 500, 'model__subsample': 0.2}",0.1646619282505699,0.20406723000077587,-0.6723494001723764,0.03142124048017669,0.23216272093290102,-0.008007256101590587,0.33922763551351137,244,0.9571008503450614,0.9645292336726459,0.960244849054126,0.9622451257519681,0.9713475538173605,0.9630935225282323,0.004794520550776747
18.84974374771118,5.077177092555996,0.017499303817749022,0.015513611710433846,0.02,squared_error,6,500,0.4,"{'model__learning_rate': 0.02, 'model__loss': 'squared_error', 'model__max_depth': 6, 'model__n_estimators': 500, 'model__subsample': 0.4}",0.1285597943599286,0.13815740880440897,-0.7059020137417944,-0.09155309131059153,0.12453824299753125,-0.08123993177810343,0.3239768057312188,400,0.9985257367281215,0.9986980577288975,0.9990385777298217,0.9989909720288517,0.9991216309956918,0.9988749950422768,0.00022553378171300095
28.821316623687743,5.5205189639718615,0.022681283950805663,0.017567004267479095,0.02,squared_error,6,500,0.6000000000000001,"{'model__learning_rate': 0.02, 'model__loss': 'squared_error', 'model__max_depth': 6, 'model__n_estimators': 500, 'model__subsample': 0.6000000000000001}",0.19282774350268683,0.18868181410931728,-0.7784203550626625,0.1450723456698093,0.13960530900146484,-0.022446628555876848,0.37861272744790553,280,0.9999605838058506,0.9999669987046171,0.9999720713806863,0.9999670310917793,0.9999755941836841,0.9999684558333236,5.101963497945112e-06
28.713104248046875,4.595920971708662,0.02043571472167969,0.02097589702997272,0.02,squared_error,6,500,0.8,"{'model__learning_rate': 0.02, 'model__loss': 'squared_error', 'model__max_depth': 6, 'model__n_estimators': 500, 'model__subsample': 0.8}",0.222392389843597,0.1850514528303654,-0.8736663539955363,0.004872208156345148,0.09353359935288441,-0.07356334076246887,0.4071141757439498,386,0.9999987016189709,0.9999991119105452,0.9999992655107817,0.9999988960428791,0.9999993378304447,0.9999990625827243,2.35543919182127e-07
11.291404151916504,5.841804431251654,0.011713218688964844,0.0009363153287242406,0.02,squared_error,6,1000,0.2,"{'model__learning_rate': 0.02, 'model__loss': 'squared_error', 'model__max_depth': 6, 'model__n_estimators': 1000, 'model__subsample': 0.2}",0.1300581046920941,0.24816024393687297,-0.6495579883646396,-0.017069525076243597,0.254367266159786,-0.0068083797304260285,0.3362102027370344,242,0.9967555073311652,0.99702809501224,0.9972709978203959,0.997119552348793,0.9982597354959243,0.9972867776017036,0.0005145920973130016
34.01631569862366,2.8370977394007832,0.027773237228393553,0.014498631145864372,0.02,squared_error,6,1000,0.4,"{'model__learning_rate': 0.02, 'model__loss': 'squared_error', 'model__max_depth': 6, 'model__n_estimators': 1000, 'model__subsample': 0.4}",0.12613534705523433,0.1400472385534831,-0.7119789619775019,-0.09108949766626573,0.12816537959586294,-0.08174409888783744,0.3267263594198923,401,0.9999960580547341,0.9999953591664944,0.9999974726372544,0.99999744969085,0.9999980919548896,0.9999968863008444,1.013205931982783e-06
48.598505115509035,12.90718628551141,0.03233380317687988,0.015567083502403514,0.02,squared_error,6,1000,0.6000000000000001,"{'model__learning_rate': 0.02, 'model__loss': 'squared_error', 'model__max_depth': 6, 'model__n_estimators': 1000, 'model__subsample': 0.6000000000000001}",0.1932345195188122,0.18887546346251882,-0.7787690514475922,0.14502531956848053,0.1397546005022514,-0.02237582967910585,0.3788284726978087,279,0.9999999961185408,0.9999999959063129,0.9999999975249856,0.9999999967507879,0.9999999985955074,0.9999999969792268,9.853247501050978e-10
70.62691087722779,11.310554895586444,0.01884012222290039,0.013905098004277232,0.02,squared_error,6,1000,0.8,"{'model__learning_rate': 0.02, 'model__loss': 'squared_error', 'model__max_depth': 6, 'model__n_estimators': 1000, 'model__subsample': 0.8}",0.2224950678377966,0.18496637261639426,-0.8737546324435757,0.0048009131964096285,0.0935947025556284,-0.07357951524746935,0.4071552685945139,387,0.9999999999966173,0.9999999999969748,0.9999999999980915,0.999999999996433,0.9999999999983804,0.9999999999972994,7.896149703334439e-13
4.333577251434326,1.241305852854729,0.028056859970092773,0.016792982248928858,0.02,squared_error,9,200,0.2,"{'model__learning_rate': 0.02, 'model__loss': 'squared_error', 'model__max_depth': 9, 'model__n_estimators': 200, 'model__subsample': 0.2}",0.20748376832197168,0.16373293081488804,-0.48441085037462583,0.01292064473622001,0.17822300292726923,0.015589899285144626,0.2589312710914597,216,0.7615765964861584,0.769714827899967,0.8036788862144579,0.7823195348629943,0.7956409648978117,0.7825861620722778,0.015636336323532785
8.734325504302978,2.69004447153413,0.022705745697021485,0.01763488871839351,0.02,squared_error,9,200,0.4,"{'model__learning_rate': 0.02, 'model__loss': 'squared_error', 'model__max_depth': 9, 'model__n_estimators': 200, 'model__subsample': 0.4}",0.09711696077258325,0.07130485821508037,-0.6826939532692085,0.05586689311184789,0.12879498446260962,-0.06592205134141746,0.30937607994429966,364,0.9506972581428133,0.9551324668038674,0.9598564729051056,0.9564168954737197,0.9554947304935569,0.9555195647638126,0.002933226119734464
13.69946584701538,4.511853438610961,0.016177892684936523,0.014387246573562308,0.02,squared_error,9,200,0.6000000000000001,"{'model__learning_rate': 0.02, 'model__loss': 'squared_error', 'model__max_depth': 9, 'model__n_estimators': 200, 'model__subsample': 0.6000000000000001}",0.19852864169175277,0.1439095749972794,-0.7808255924144156,0.08620322688885829,0.1447261675199193,-0.041491596263321176,0.3713707285734449,311,0.9907624500608324,0.991552396197389,0.9927384374207114,0.9920970917472792,0.9912801966517639,0.9916861144155952,0.0006800134862469094
18.610012578964234,5.48866844698487,0.026094770431518553,0.018441760308090884,0.02,squared_error,9,200,0.8,"{'model__learning_rate': 0.02, 'model__loss': 'squared_error', 'model__max_depth': 9, 'model__n_estimators': 200, 'model__subsample': 0.8}",0.2152392693076285,0.15412169103781548,-0.8395432188722671,-0.0018961583396732706,0.11607472231158322,-0.07120073891098264,0.39065162626658956,380,0.9981399002933293,0.9983882160131778,0.9985929359320748,0.998316441146733,0.9983561129010086,0.9983587212572648,0.00014519192818424574
11.74407892227173,2.686520069083263,0.026608610153198244,0.019245120610996865,0.02,squared_error,9,500,0.2,"{'model__learning_rate': 0.02, 'model__loss': 'squared_error', 'model__max_depth': 9, 'model__n_estimators': 500, 'model__subsample': 0.2}",0.1397651334774631,0.14626816180027336,-0.639925073381201,0.004320881059764803,0.17116740176269485,-0.03568069905620097,0.3076960042795382,297,0.9570824492950567,0.959482839726066,0.963498027442073,0.9602292244564388,0.9664698485856257,0.961352477901052,0.003279672393960359
24.135392904281616,3.8133895783703045,0.019079113006591798,0.01361808720939068,0.02,squared_error,9,500,0.4,"{'model__learning_rate': 0.02, 'model__loss': 'squared_error', 'model__max_depth': 9, 'model__n_estimators': 500, 'model__subsample': 0.4}",0.060731584695535745,0.09492321637728607,-0.7709799846073444,0.027674623498234796,0.1374360821293652,-0.09004289558138452,0.3424105212418623,422,0.9988905043985531,0.9989941470450117,0.9989673555303284,0.9991591114469446,0.9992099276908417,0.9990442092223359,0.00012058442391259366
39.100180053710936,5.040125104878755,0.03186001777648926,0.017420758650388325,0.02,squared_error,9,500,0.6000000000000001,"{'model__learning_rate': 0.02, 'model__loss': 'squared_error', 'model__max_depth': 9, 'model__n_estimators': 500, 'model__subsample': 0.6000000000000001}",0.20071731406524895,0.13427643171503345,-0.8331663965077951,0.07944975204211391,0.14143715813486812,-0.05545714811010614,0.39074879423173253,326,0.9999802446793731,0.999982836184853,0.999985904685725,0.9999841840478643,0.99998460460327,0.9999835548402171,1.923190525520111e-06
50.699767637252805,15.004329432856444,0.017937946319580077,0.011963376250828843,0.02,squared_error,9,500,0.8,"{'model__learning_rate': 0.02, 'model__loss': 'squared_error', 'model__max_depth': 9, 'model__n_estimators': 500, 'model__subsample': 0.8}",0.21639341371802745,0.15189651031551044,-0.8901251484523511,-0.00940534711791896,0.11501877897491153,-0.08324435851236414,0.4100953799311825,405,0.9999997075015093,0.999999798680277,0.9999998508186719,0.9999997546331051,0.9999998187396025,0.9999997860746331,5.0159741845192504e-08
18.56208324432373,4.903816650182598,0.021323108673095705,0.01344118796980721,0.02,squared_error,9,1000,0.2,"{'model__learning_rate': 0.02, 'model__loss': 'squared_error', 'model__max_depth': 9, 'model__n_estimators': 1000, 'model__subsample': 0.2}",0.13174353747239442,0.18450783208049537,-0.7021011542650042,-0.03998729361383302,0.1933760044342251,-0.04649221477834446,0.33838769574308153,318,0.9968475425582661,0.9970573612488973,0.9974371746958465,0.9971694106484756,0.9979536319123941,0.997293024212776,0.0003811700788078949
37.392489194869995,11.598206176699462,0.03596563339233398,0.016503867305929086,0.02,squared_error,9,1000,0.4,"{'model__learning_rate': 0.02, 'model__loss': 'squared_error', 'model__max_depth': 9, 'model__n_estimators': 1000, 'model__subsample': 0.4}",0.05961181464066023,0.09651149488944455,-0.7708293473848695,0.028392021120239197,0.13959655024797601,-0.08934349329730991,0.3427617028233834,419,0.9999970368004634,0.9999969614967649,0.999997463178595,0.9999983347142805,0.9999983674698683,0.9999976327319944,6.110741937803225e-07
70.00172128677369,7.267188032075069,0.03394684791564941,0.015892116057478752,0.02,squared_error,9,1000,0.6000000000000001,"{'model__learning_rate': 0.02, 'model__loss': 'squared_error', 'model__max_depth': 9, 'model__n_estimators': 1000, 'model__subsample': 0.6000000000000001}",0.2010966386596661,0.13411146867591162,-0.834003735798992,0.07865509233019496,0.14197060690748864,-0.05563398584514614,0.3911149576038645,327,0.9999999991580248,0.9999999988556388,0.9999999995217931,0.999999999168729,0.9999999982086963,0.9999999989825763,4.407250958087725e-10
80.03949398994446,15.148287934363557,0.02772202491760254,0.01458417114339169,0.02,squared_error,9,1000,0.8,"{'model__learning_rate': 0.02, 'model__loss': 'squared_error', 'model__max_depth': 9, 'model__n_estimators': 1000, 'model__subsample': 0.8}",0.21642654903576986,0.15190500433620024,-0.8904674415119744,-0.009356685286702637,0.11501292726871881,-0.08329592923159763,0.4102370796816135,406,0.999999999999843,0.9999999999998684,0.9999999999999426,0.9999999999998902,0.9999999999999359,0.9999999999998961,3.838662535812387e-14
3.118849182128906,1.5223022044283745,0.015397310256958008,0.012939851555356725,0.02,squared_error,12,200,0.2,"{'model__learning_rate': 0.02, 'model__loss': 'squared_error', 'model__max_depth': 12, 'model__n_estimators': 200, 'model__subsample': 0.2}",0.2615276957662248,0.14048237127466578,-0.4802109756208659,0.1131561968112802,0.1943057951152617,0.045852216669313314,0.26787368344919843,145,0.7572403449504299,0.7794381114892545,0.79072029417549,0.7825813440513683,0.8028985924340795,0.7825757374201244,0.015040472600084363
7.7806041717529295,3.324577139461608,0.023395776748657227,0.017506254375064485,0.02,squared_error,12,200,0.4,"{'model__learning_rate': 0.02, 'model__loss': 'squared_error', 'model__max_depth': 12, 'model__n_estimators': 200, 'model__subsample': 0.4}",0.09994821303572732,0.14252624386516288,-0.7620912996947453,0.06384312664636393,0.15227861009660415,-0.06069902121017741,0.35211628436735,341,0.9488584625478074,0.9568141895677491,0.9573727491290028,0.9579975682016231,0.9528289424063059,0.9547743823704977,0.0034665283532204234
12.651824426651,4.0620201723687135,0.00975661277770996,0.0013586556920207416,0.02,squared_error,12,200,0.6000000000000001,"{'model__learning_rate': 0.02, 'model__loss': 'squared_error', 'model__max_depth': 12, 'model__n_estimators': 200, 'model__subsample': 0.6000000000000001}",0.19596988011546523,0.1487987751735933,-0.7660183987912335,0.10756136442011865,0.17234803570126478,-0.028268068676158296,0.3700290071561738,290,0.9909968792262354,0.9917967923765584,0.9924237184102688,0.9918634735283565,0.9919539469095258,0.9918069620901889,0.0004607654734600281
20.705979824066162,7.029894453412162,0.022638463973999025,0.015916308507366115,0.02,squared_error,12,200,0.8,"{'model__learning_rate': 0.02, 'model__loss': 'squared_error', 'model__max_depth': 12, 'model__n_estimators': 200, 'model__subsample': 0.8}",0.18723343255282932,0.19226688092165434,-0.8654767393199654,0.01572983290437202,0.10855884975531271,-0.0723375486371594,0.40173168778626483,381,0.9982276519542769,0.9985239120281215,0.998629045798993,0.9983818253817267,0.998420823893127,0.9984366518112491,0.0001353271536309677
6.984907913208008,3.098820741527231,0.017818546295166014,0.012855725702185197,0.02,squared_error,12,500,0.2,"{'model__learning_rate': 0.02, 'model__loss': 'squared_error', 'model__max_depth': 12, 'model__n_estimators': 500, 'model__subsample': 0.2}",0.2544828180260288,0.19256538035058413,-0.6407884012493616,0.06541288370733533,0.19837160449409807,0.014008857065736935,0.3331971200352062,218,0.9565938098764863,0.958804458707909,0.9600473978651342,0.9628401718633104,0.9680324598094561,0.9612636596244591,0.003940469648847996
22.199200057983397,8.771916624183277,0.01804075241088867,0.01263682051138626,0.02,squared_error,12,500,0.4,"{'model__learning_rate': 0.02, 'model__loss': 'squared_error', 'model__max_depth': 12, 'model__n_estimators': 500, 'model__subsample': 0.4}",0.10286062794669559,0.1444228365670127,-0.7920227550885324,0.017212420883735646,0.16364112353148308,-0.07277714923192106,0.3631337017059635,384,0.9989699484986571,0.9989506676521798,0.9990862450474065,0.9991715115289049,0.9991874889114092,0.9990731723277115,9.856199086026166e-05
37.35236530303955,15.310005871272637,0.02480735778808594,0.015156813235353296,0.02,squared_error,12,500,0.6000000000000001,"{'model__learning_rate': 0.02, 'model__loss': 'squared_error', 'model__max_depth': 12, 'model__n_estimators': 500, 'model__subsample': 0.6000000000000001}",0.19495214936312444,0.139953808159211,-0.828617346518318,0.0890097939082306,0.17280736395501095,-0.0463788462265482,0.3927417109176874,317,0.9999809331272639,0.9999830647598343,0.9999870660472557,0.9999862982490705,0.9999868274099541,0.9999848379186759,2.426795649601227e-06
43.66447825431824,19.329455951036014,0.02645106315612793,0.01560125807703264,0.02,squared_error,12,500,0.8,"{'model__learning_rate': 0.02, 'model__loss': 'squared_error', 'model__max_depth': 12, 'model__n_estimators': 500, 'model__subsample': 0.8}",0.183845336480986,0.18982222322744968,-0.927500225325101,0.001776444612729633,0.10659938635529964,-0.08909136692972722,0.4246806985900546,417,0.9999997661043007,0.9999998212215601,0.9999998747266786,0.9999998054309661,0.9999998495840914,0.9999998234135195,3.723026349017279e-08
14.566337966918946,6.4443586190724655,0.0206390380859375,0.013970569965602643,0.02,squared_error,12,1000,0.2,"{'model__learning_rate': 0.02, 'model__loss': 'squared_error', 'model__max_depth': 12, 'model__n_estimators': 1000, 'model__subsample': 0.2}",0.22630593924365572,0.20396961810601577,-0.606141205649678,0.03344423657176743,0.21727971816481328,0.014971661287314841,0.31856973619942336,217,0.997004099547586,0.9972891518459163,0.9974642385515226,0.9969587916683923,0.9978578701823527,0.9973148303591539,0.00032899593618939587
37.76775913238525,19.741247371373905,0.02240900993347168,0.014699825514846214,0.02,squared_error,12,1000,0.4,"{'model__learning_rate': 0.02, 'model__loss': 'squared_error', 'model__max_depth': 12, 'model__n_estimators': 1000, 'model__subsample': 0.4}",0.10209690693491602,0.14491160973741268,-0.7872016807374542,0.014362106273640762,0.16404837047439147,-0.07235653746341866,0.36112336800093153,382,0.999997896124634,0.9999964245894887,0.9999975429369526,0.9999983220584655,0.9999986370329786,0.9999977645485039,7.660235813725112e-07
80.55024099349976,16.555924733775207,0.02831301689147949,0.015895710759167042,0.02,squared_error,12,1000,0.6000000000000001,"{'model__learning_rate': 0.02, 'model__loss': 'squared_error', 'model__max_depth': 12, 'model__n_estimators': 1000, 'model__subsample': 0.6000000000000001}",0.19529237466091254,0.1395379946526203,-0.8301608442611741,0.08836622941542116,0.17331746737662101,-0.046729355631119816,0.3933716722152842,319,0.9999999991493979,0.9999999990486406,0.9999999996817672,0.9999999994651474,0.9999999988818206,0.9999999992453545,2.894221684478598e-10
99.29535241127014,35.859307245725006,0.024670934677124022,0.012383989990600157,0.02,squared_error,12,1000,0.8,"{'model__learning_rate': 0.02, 'model__loss': 'squared_error', 'model__max_depth': 12, 'model__n_estimators': 1000, 'model__subsample': 0.8}",0.18386598820410083,0.18980544872985106,-0.9279019370594843,0.0017596829503218059,0.10660358236964884,-0.08917344696111236,0.4248394324513793,418,0.9999999999999277,0.999999999999901,0.9999999999999654,0.9999999999999404,0.9999999999999565,0.9999999999999382,2.2682864429287707e-14
1.8168892860412598,0.7788568349253722,0.0076636791229248045,0.0003250736527721464,0.02,absolute_error,6,200,0.2,"{'model__learning_rate': 0.02, 'model__loss': 'absolute_error', 'model__max_depth': 6, 'model__n_estimators': 200, 'model__subsample': 0.2}",0.2183943215000662,0.1850096211939194,-0.17567949362248148,0.1686447384594666,0.17425200280293196,0.11412423806678054,0.14592533967513815,11,0.44277947739498813,0.5448418700868336,0.6293968932118108,0.5766069444596822,0.6141541324998311,0.5615558635306293,0.06630641857946261
5.440314626693725,2.069004519027896,0.02106585502624512,0.01605847753329539,0.02,absolute_error,6,200,0.4,"{'model__learning_rate': 0.02, 'model__loss': 'absolute_error', 'model__max_depth': 6, 'model__n_estimators': 200, 'model__subsample': 0.4}",0.22509818934340275,0.12873506471565532,-0.23357889660378395,0.18405510861224328,0.15407137037279395,0.09167616728806227,0.165766513266905,41,0.7290806552167953,0.7441114550278491,0.7945807830434615,0.7977859172191903,0.8181820884980624,0.7767481798010717,0.03410192260826487
10.613085603713989,2.6084790832919555,0.04234166145324707,0.001789025591889265,0.02,absolute_error,6,200,0.6000000000000001,"{'model__learning_rate': 0.02, 'model__loss': 'absolute_error', 'model__max_depth': 6, 'model__n_estimators': 200, 'model__subsample': 0.6000000000000001}",0.2202639524392055,0.15218692921307964,-0.26710984506519053,0.15643083574823313,0.12919614647274846,0.07819360376161524,0.17528022808540253,70,0.8065011747420867,0.8439236215185663,0.8978209771493533,0.8795863855531694,0.882044824347691,0.8619753966621733,0.032866671207410936
13.946011209487915,3.604471675150641,0.016115379333496094,0.014060013059890877,0.02,absolute_error,6,200,0.8,"{'model__learning_rate': 0.02, 'model__loss': 'absolute_error', 'model__max_depth': 6, 'model__n_estimators': 200, 'model__subsample': 0.8}",0.2497580141709831,0.15112824744250375,-0.3365163799001656,0.14875075965712625,0.12434926773008925,0.06749398182010735,0.20653059227761142,95,0.8857080359342747,0.8974374665657214,0.9095443515021356,0.938578792575382,0.9046250736478396,0.9071787440450706,0.017629317471491622
5.929278898239136,2.261208893452678,0.015405035018920899,0.01408141759059376,0.02,absolute_error,6,500,0.2,"{'model__learning_rate': 0.02, 'model__loss': 'absolute_error', 'model__max_depth': 6, 'model__n_estimators': 500, 'model__subsample': 0.2}",0.2562653699308274,0.1713222834054109,-0.25423016973667933,0.13333665948231044,0.14522318115427546,0.09038346484722896,0.17758312269970156,48,0.7215383268640438,0.7189574304266209,0.789893706473388,0.7329666283645675,0.8389575025634922,0.7604627189384225,0.04694985911221308
14.384166860580445,5.626026134700531,0.01616983413696289,0.01484833206909,0.02,absolute_error,6,500,0.4,"{'model__learning_rate': 0.02, 'model__loss': 'absolute_error', 'model__max_depth': 6, 'model__n_estimators': 500, 'model__subsample': 0.4}",0.26187629725824724,0.14340787865233862,-0.2547490224507478,0.16153796758514727,0.14603000113756137,0.09162062443650934,0.17859992231687122,42,0.8966543719500627,0.8663991015224113,0.9001289207659946,0.9000723390364797,0.948953354043896,0.9024416174637688,0.026483424446245542
20.735964870452882,7.658796479864233,0.009443283081054688,0.0011784960184924385,0.02,absolute_error,6,500,0.6000000000000001,"{'model__learning_rate': 0.02, 'model__loss': 'absolute_error', 'model__max_depth': 6, 'model__n_estimators': 500, 'model__subsample': 0.6000000000000001}",0.18450797510736117,0.1442053994170167,-0.36264440886041105,0.13545711516978187,0.14151723484062972,0.04860866313487568,0.20635459991248814,139,0.9019456772881081,0.904110485013606,0.9693084809396845,0.9605352761060416,0.948993523668811,0.9369786886032502,0.028467930159965724
35.663112545013426,9.039493055382978,0.00983257293701172,0.0023864205729987125,0.02,absolute_error,6,500,0.8,"{'model__learning_rate': 0.02, 'model__loss': 'absolute_error', 'model__max_depth': 6, 'model__n_estimators': 500, 'model__subsample': 0.8}",0.26669651607665423,0.1357816115230237,-0.4312694836725377,0.15050750417425285,0.1306220964130138,0.05046764890288138,0.24598242547692817,133,0.9389986754356036,0.9382921911621489,0.9632500693318403,0.9775942304005538,0.974387822611424,0.9585045977883141,0.01690108157884327
14.266950511932373,4.048186418820897,0.03745403289794922,0.014803465085410123,0.02,absolute_error,6,1000,0.2,"{'model__learning_rate': 0.02, 'model__loss': 'absolute_error', 'model__max_depth': 6, 'model__n_estimators': 1000, 'model__subsample': 0.2}",0.24976198606983135,0.20522866693303166,-0.2656662789487194,0.01067743845944491,0.12801948212615644,0.065604258927949,0.18442441743738397,100,0.870073886556824,0.8751039386545593,0.9046955327713831,0.8966201498204164,0.928484217159177,0.8949955449924719,0.021142305120930578
28.190720653533937,6.0046525226982626,0.029587459564208985,0.016823482980244674,0.02,absolute_error,6,1000,0.4,"{'model__learning_rate': 0.02, 'model__loss': 'absolute_error', 'model__max_depth': 6, 'model__n_estimators': 1000, 'model__subsample': 0.4}",0.29108103109227923,0.15115181744422246,-0.35696849459565017,0.1156851475131696,0.1389528651351054,0.06798047331782531,0.2211722283805729,91,0.9684713839930682,0.9545632344020576,0.9770424705419254,0.9729677665982679,0.9868896734024839,0.9719869057875605,0.010625973118143213
48.78949337005615,8.102350246756847,0.018128585815429688,0.013974203257019546,0.02,absolute_error,6,1000,0.6000000000000001,"{'model__learning_rate': 0.02, 'model__loss': 'absolute_error', 'model__max_depth': 6, 'model__n_estimators': 1000, 'model__subsample': 0.6000000000000001}",0.23546944993185348,0.17903467547013718,-0.42258245970563735,0.09595464503450357,0.15202989261889288,0.04798124066994995,0.23953479788750737,140,0.9749228658466914,0.985236859997816,0.9893728886099236,0.9898377861338152,0.9911331695727357,0.9861007140321965,0.00592771417965203
72.14457273483276,11.156783287383671,0.031502819061279295,0.01627961896468681,0.02,absolute_error,6,1000,0.8,"{'model__learning_rate': 0.02, 'model__loss': 'absolute_error', 'model__max_depth': 6, 'model__n_estimators': 1000, 'model__subsample': 0.8}",0.29342202117420635,0.16549345252983994,-0.5077578428137595,0.13107076552408936,0.1294225437944273,0.0423301880417607,0.2815219737775801,156,0.9822495834713351,0.9861996069957586,0.9978961056116549,0.9909160042081274,0.9971671894588274,0.9908856979491407,0.0060851588532653995
2.105208921432495,0.7834740210902034,0.008652830123901367,0.0017531367138866113,0.02,absolute_error,9,200,0.2,"{'model__learning_rate': 0.02, 'model__loss': 'absolute_error', 'model__max_depth': 9, 'model__n_estimators': 200, 'model__subsample': 0.2}",0.2183943215000662,0.1850096211939194,-0.17567949362248148,0.1686447384594666,0.17425200280293196,0.11412423806678054,0.14592533967513815,11,0.44277947739498813,0.5448418700868336,0.6293968932118108,0.5766069444596822,0.6141541324998311,0.5615558635306293,0.06630641857946261
5.030070352554321,1.890479622596776,0.015817546844482423,0.013410075087839696,0.02,absolute_error,9,200,0.4,"{'model__learning_rate': 0.02, 'model__loss': 'absolute_error', 'model__max_depth': 9, 'model__n_estimators': 200, 'model__subsample': 0.4}",0.22509818934340275,0.12873506471565532,-0.23339855670717258,0.21743391718641092,0.18828863901975867,0.10523145071161102,0.17267230631378183,22,0.7290806552167953,0.7441114550278491,0.7946579945589015,0.7760111096710725,0.8266836965562618,0.774108982206176,0.03497822881403616
10.279330444335937,2.1736145242878546,0.02051992416381836,0.015745741538087086,0.02,absolute_error,9,200,0.6000000000000001,"{'model__learning_rate': 0.02, 'model__loss': 'absolute_error', 'model__max_depth': 9, 'model__n_estimators': 200, 'model__subsample': 0.6000000000000001}",0.2732155003035662,0.11942066964783116,-0.3072769723219093,0.13857175526063892,0.1347829741124461,0.07174278540051462,0.19746421895932087,88,0.8525633535107348,0.8336228145645115,0.8878783619562877,0.9004511211111613,0.8665177692551329,0.8682066840795656,0.023959502854501193
13.669150400161744,4.890703741300749,0.020973682403564453,0.015485277605384457,0.02,absolute_error,9,200,0.8,"{'model__learning_rate': 0.02, 'model__loss': 'absolute_error', 'model__max_depth': 9, 'model__n_estimators': 200, 'model__subsample': 0.8}",0.29010297636893556,0.2043870661933559,-0.3518214922550045,0.07685340990373168,0.1686360581581744,0.07763160367383862,0.22535456925382233,71,0.9085364479468014,0.8993454794368824,0.9396586621832039,0.9398442218904364,0.9158832362355849,0.9206536095385818,0.016450471746343474
6.963192939758301,2.2043876652461596,0.023014593124389648,0.016668482389091563,0.02,absolute_error,9,500,0.2,"{'model__learning_rate': 0.02, 'model__loss': 'absolute_error', 'model__max_depth': 9, 'model__n_estimators': 500, 'model__subsample': 0.2}",0.2562653699308274,0.1713222834054109,-0.25423016973667933,0.13333665948231044,0.14522318115427546,0.09038346484722896,0.17758312269970156,48,0.7215383268640438,0.7189574304266209,0.789893706473388,0.7329666283645675,0.8389575025634922,0.7604627189384225,0.04694985911221308
11.837672138214112,5.235288977574413,0.009408712387084961,0.0003738235754520016,0.02,absolute_error,9,500,0.4,"{'model__learning_rate': 0.02, 'model__loss': 'absolute_error', 'model__max_depth': 9, 'model__n_estimators': 500, 'model__subsample': 0.4}",0.25077883859239436,0.11666907614852307,-0.32414839587199085,0.17715216993479255,0.18933725022923742,0.08195778780659131,0.20747046656703125,64,0.8852595187059077,0.8834409712569496,0.9182279763147846,0.9262960608013894,0.9308381400916637,0.908812533434139,0.020385839754944377
21.671123600006105,9.016274092817747,0.010417556762695313,0.0012617094680734942,0.02,absolute_error,9,500,0.6000000000000001,"{'model__learning_rate': 0.02, 'model__loss': 'absolute_error', 'model__max_depth': 9, 'model__n_estimators': 500, 'model__subsample': 0.6000000000000001}",0.32386820075461176,0.11709131996033639,-0.381849169968115,0.14893221867222872,0.15297746097178544,0.07220400607816946,0.23829628370192718,87,0.9381764065847988,0.9397645412901044,0.9639929843296737,0.9561959543694626,0.9680671041579832,0.9532393981464045,0.012269532901864609
31.686670064926147,8.363675272185807,0.02296290397644043,0.015808253550215628,0.02,absolute_error,9,500,0.8,"{'model__learning_rate': 0.02, 'model__loss': 'absolute_error', 'model__max_depth': 9, 'model__n_estimators': 500, 'model__subsample': 0.8}",0.2985733833514078,0.18423658946723964,-0.43100263496945734,0.08410178050608375,0.17233255977573114,0.061648335626201,0.2555861857420264,108,0.9706047784597639,0.9480060981240459,0.9682991166278241,0.9721117598144989,0.9696680812068204,0.9657379668465907,0.008952491804585263
9.609597396850585,4.442076718969293,0.019816112518310548,0.015272119411937747,0.02,absolute_error,9,1000,0.2,"{'model__learning_rate': 0.02, 'model__loss': 'absolute_error', 'model__max_depth': 9, 'model__n_estimators': 1000, 'model__subsample': 0.2}",0.24976198606983135,0.20522866693303166,-0.2656662789487194,0.01067743845944491,0.12801948212615644,0.065604258927949,0.18442441743738397,100,0.870073886556824,0.8751039386545593,0.9046955327713831,0.8966201498204164,0.928484217159177,0.8949955449924719,0.021142305120930578
20.87789511680603,4.41742000273724,0.017869901657104493,0.013555896446902117,0.02,absolute_error,9,1000,0.4,"{'model__learning_rate': 0.02, 'model__loss': 'absolute_error', 'model__max_depth': 9, 'model__n_estimators': 1000, 'model__subsample': 0.4}",0.26181569257914283,0.14814109602360093,-0.3517614301847398,0.1465001397940241,0.16780128580122922,0.07449935680265145,0.2173007761760432,81,0.9659812829338367,0.9642386621331309,0.9708770553344253,0.9809790396957865,0.9830696910582664,0.9730291462310892,0.007688820839209495
54.505373048782346,8.691678429923975,0.03136100769042969,0.01645181513544506,0.02,absolute_error,9,1000,0.6000000000000001,"{'model__learning_rate': 0.02, 'model__loss': 'absolute_error', 'model__max_depth': 9, 'model__n_estimators': 1000, 'model__subsample': 0.6000000000000001}",0.33258343226063514,0.12898559923912878,-0.48290992976989444,0.11200763169474715,0.15515807489583988,0.0491649616640913,0.27748325894792186,135,0.9868987245142916,0.9800294644787563,0.9934837076403479,0.993085283347077,0.991138276080135,0.9889270912121215,0.005024434029278948
55.036098623275755,11.965994627507651,0.025748777389526366,0.01466681216715078,0.02,absolute_error,9,1000,0.8,"{'model__learning_rate': 0.02, 'model__loss': 'absolute_error', 'model__max_depth': 9, 'model__n_estimators': 1000, 'model__subsample': 0.8}",0.3031720802793604,0.20537407932586527,-0.5318618431539806,0.06300327314287135,0.15158241824206053,0.03825400156723539,0.29549911732196665,162,0.9887066670962757,0.9829091070719045,0.9982921616641206,0.9866784578114426,0.9901522657689804,0.9893477318825447,0.005091993253550305
3.72412691116333,0.035295490616754605,0.03617863655090332,0.013669833717319465,0.02,absolute_error,12,200,0.2,"{'model__learning_rate': 0.02, 'model__loss': 'absolute_error', 'model__max_depth': 12, 'model__n_estimators': 200, 'model__subsample': 0.2}",0.2183943215000662,0.1850096211939194,-0.17567949362248148,0.1686447384594666,0.17425200280293196,0.11412423806678054,0.14592533967513815,11,0.44277947739498813,0.5448418700868336,0.6293968932118108,0.5766069444596822,0.6141541324998311,0.5615558635306293,0.06630641857946261
6.781272888183594,1.9350217330296553,0.007691669464111328,0.0005652532621593311,0.02,absolute_error,12,200,0.4,"{'model__learning_rate': 0.02, 'model__loss': 'absolute_error', 'model__max_depth': 12, 'model__n_estimators': 200, 'model__subsample': 0.4}",0.22509818934340275,0.12873506471565532,-0.23339855670717258,0.21743391718641092,0.18828863901975867,0.10523145071161102,0.17267230631378183,22,0.7290806552167953,0.7441114550278491,0.7946579945589015,0.7760111096710725,0.8266836965562618,0.774108982206176,0.03497822881403616
9.480817174911499,3.7531997392597343,0.02229456901550293,0.016039838895506343,0.02,absolute_error,12,200,0.6000000000000001,"{'model__learning_rate': 0.02, 'model__loss': 'absolute_error', 'model__max_depth': 12, 'model__n_estimators': 200, 'model__subsample': 0.6000000000000001}",0.27986515886318175,0.13215995869664954,-0.30202015747299527,0.1367474551838811,0.1347829741124461,0.07630707787663264,0.1973623080974371,78,0.8606527268365223,0.8286167381767795,0.8916316567268685,0.8994136179290575,0.8665177692551329,0.8693665017848723,0.025072513628135434
11.411968326568603,5.491273652114685,0.024045753479003906,0.018129373343835818,0.02,absolute_error,12,200,0.8,"{'model__learning_rate': 0.02, 'model__loss': 'absolute_error', 'model__max_depth': 12, 'model__n_estimators': 200, 'model__subsample': 0.8}",0.2738577661441397,0.20790098726347406,-0.3716239377399828,0.04362648352703069,0.1373322562578686,0.058218711090506046,0.22809716120660872,119,0.8741141873097049,0.8992698100133469,0.9385816839062592,0.9375382256826504,0.8846623720301262,0.9068332557884174,0.026720962201576094
7.784656286239624,2.2538407588397655,0.01564183235168457,0.013017337367804515,0.02,absolute_error,12,500,0.2,"{'model__learning_rate': 0.02, 'model__loss': 'absolute_error', 'model__max_depth': 12, 'model__n_estimators': 500, 'model__subsample': 0.2}",0.2562653699308274,0.1713222834054109,-0.25423016973667933,0.13333665948231044,0.14522318115427546,0.09038346484722896,0.17758312269970156,48,0.7215383268640438,0.7189574304266209,0.789893706473388,0.7329666283645675,0.8389575025634922,0.7604627189384225,0.04694985911221308
15.350392866134644,4.350052588830169,0.01590428352355957,0.013371039234846326,0.02,absolute_error,12,500,0.4,"{'model__learning_rate': 0.02, 'model__loss': 'absolute_error', 'model__max_depth': 12, 'model__n_estimators': 500, 'model__subsample': 0.4}",0.25077883859239436,0.11666907614852307,-0.32414839587199085,0.17715216993479255,0.18933725022923742,0.08195778780659131,0.20747046656703125,64,0.8852595187059077,0.8834409712569496,0.9182279763147846,0.9262960608013894,0.9308381400916637,0.908812533434139,0.020385839754944377
28.313758182525635,4.801444290170357,0.0226010799407959,0.01632785759617754,0.02,absolute_error,12,500,0.6000000000000001,"{'model__learning_rate': 0.02, 'model__loss': 'absolute_error', 'model__max_depth': 12, 'model__n_estimators': 500, 'model__subsample': 0.6000000000000001}",0.3108073645643803,0.14278904968226092,-0.38574073258255415,0.15154692571881745,0.167903330087821,0.0774611874941451,0.239559038426578,72,0.9134406619754858,0.9057517926405636,0.9577675958200388,0.9601026115415104,0.9687961521938792,0.9411717628342956,0.026155281822692555
33.94802737236023,9.283520998057043,0.015737485885620118,0.012949165400326606,0.02,absolute_error,12,500,0.8,"{'model__learning_rate': 0.02, 'model__loss': 'absolute_error', 'model__max_depth': 12, 'model__n_estimators': 500, 'model__subsample': 0.8}",0.31036645685149356,0.18994691019979248,-0.39984054717889794,0.03404993678916257,0.10485156924117578,0.04787486518054529,0.24206315935669542,141,0.9526875747389857,0.9462130983135141,0.9684417350674975,0.9727146792473219,0.9462164116140547,0.9572546997962748,0.011214099369750053
15.862708854675294,4.216140456922915,0.02351841926574707,0.015109788252170171,0.02,absolute_error,12,1000,0.2,"{'model__learning_rate': 0.02, 'model__loss': 'absolute_error', 'model__max_depth': 12, 'model__n_estimators': 1000, 'model__subsample': 0.2}",0.24976198606983135,0.20522866693303166,-0.2656662789487194,0.01067743845944491,0.12801948212615644,0.065604258927949,0.18442441743738397,100,0.870073886556824,0.8751039386545593,0.9046955327713831,0.8966201498204164,0.928484217159177,0.8949955449924719,0.021142305120930578
29.09279923439026,10.825095772780264,0.017518901824951173,0.013297301425644325,0.02,absolute_error,12,1000,0.4,"{'model__learning_rate': 0.02, 'model__loss': 'absolute_error', 'model__max_depth': 12, 'model__n_estimators': 1000, 'model__subsample': 0.4}",0.26181569257914283,0.14814109602360093,-0.3517614301847398,0.1465001397940241,0.16780128580122922,0.07449935680265145,0.2173007761760432,81,0.9659812829338367,0.9642386621331309,0.9708770553344253,0.9809790396957865,0.9830696910582664,0.9730291462310892,0.007688820839209495
56.85445132255554,7.72790416682491,0.02513856887817383,0.01591128232636755,0.02,absolute_error,12,1000,0.6000000000000001,"{'model__learning_rate': 0.02, 'model__loss': 'absolute_error', 'model__max_depth': 12, 'model__n_estimators': 1000, 'model__subsample': 0.6000000000000001}",0.322936995268972,0.15325660434347899,-0.46803961393608917,0.10161054807627845,0.199639414856159,0.06188078972175985,0.2749077695021431,107,0.9855576160198894,0.9740741736494635,0.990321163858479,0.9923925061132679,0.9954418774346623,0.9875574674151524,0.007469647313948358
73.30182614326478,11.971326403673098,0.025970268249511718,0.0159317217498089,0.02,absolute_error,12,1000,0.8,"{'model__learning_rate': 0.02, 'model__loss': 'absolute_error', 'model__max_depth': 12, 'model__n_estimators': 1000, 'model__subsample': 0.8}",0.2965605478209623,0.18804411564211687,-0.4585355346895641,-0.00016067561964017152,0.12845099465866083,0.030871889562507148,0.26279189505926376,171,0.9914808947438644,0.984280955190459,0.9956763503442512,0.9899550226047013,0.9977481823084096,0.9918282810383371,0.004699888728073204
4.5939023971557615,0.03922802637490714,0.037493133544921876,0.015688953726941613,0.04,squared_error,6,200,0.2,"{'model__learning_rate': 0.04, 'model__loss': 'squared_error', 'model__max_depth': 6, 'model__n_estimators': 200, 'model__subsample': 0.2}",0.2048043937659756,0.10409460865313791,-0.5061555387954886,-0.3227471439297782,0.1676583120622116,-0.07046907364878834,0.28858951246489783,379,0.9031378947094963,0.9217648166075048,0.9290647619093384,0.9236825663173034,0.9374869049577874,0.9230273889002861,0.011341453195030163
8.001482629776001,1.9327520442581758,0.022451448440551757,0.01667477290646184,0.04,squared_error,6,200,0.4,"{'model__learning_rate': 0.04, 'model__loss': 'squared_error', 'model__max_depth': 6, 'model__n_estimators': 200, 'model__subsample': 0.4}",0.15811402027560728,0.1162093385182229,-0.7883304413094698,-0.1091933873001647,0.14923036939195866,-0.09479402008476914,0.36034231120464544,432,0.995203733924244,0.9952525968613692,0.9962797028883587,0.9963737229673315,0.995687964413333,0.9957595442109273,0.0004937256225791652
9.75814995765686,1.7303049331909488,0.01615419387817383,0.015070627488946067,0.04,squared_error,6,200,0.6000000000000001,"{'model__learning_rate': 0.04, 'model__loss': 'squared_error', 'model__max_depth': 6, 'model__n_estimators': 200, 'model__subsample': 0.6000000000000001}",0.14634036977168174,0.19927122591288016,-0.8668450635773657,0.09452332131043006,0.22394114922128427,-0.04055379947221789,0.41554930703302145,307,0.9997761834049218,0.9997644088411674,0.999830690500085,0.9997895461496306,0.9997371107922907,0.9997795879376191,3.084458320119631e-05
11.259855556488038,2.403863742452808,0.029429244995117187,0.015344512927078864,0.04,squared_error,6,200,0.8,"{'model__learning_rate': 0.04, 'model__loss': 'squared_error', 'model__max_depth': 6, 'model__n_estimators': 200, 'model__subsample': 0.8}",0.25871219252252853,0.1749967273336126,-0.864704635367112,-0.03392933258532893,0.16476930643184573,-0.060031148332890805,0.41365478110703574,339,0.9999850297264259,0.9999893864445372,0.9999882216801601,0.9999831574325208,0.9999887576909461,0.9999869105949181,2.4035155023621105e-06
6.419302749633789,2.8911570761949306,0.016919612884521484,0.01217596680751941,0.04,squared_error,6,500,0.2,"{'model__learning_rate': 0.04, 'model__loss': 'squared_error', 'model__max_depth': 6, 'model__n_estimators': 500, 'model__subsample': 0.2}",0.21575449991348283,0.012150113201404245,-0.4990548871242986,-0.3355078325706611,0.1570657772510271,-0.0899184658658091,0.2802006143561427,421,0.9945586485423207,0.9961963409362037,0.9965644622978073,0.9966682841069886,0.9971658680749464,0.9962307207916534,0.0008915551660729338
12.671600818634033,5.513265763046206,0.010506391525268555,0.0009946853865322681,0.04,squared_error,6,500,0.4,"{'model__learning_rate': 0.04, 'model__loss': 'squared_error', 'model__max_depth': 6, 'model__n_estimators': 500, 'model__subsample': 0.4}",0.15414638636476186,0.12023840169655786,-0.7918799522038336,-0.11846866254504929,0.15588509392126126,-0.09601574655326037,0.36263814166613983,441,0.9999963530678138,0.9999957547921006,0.9999962691958484,0.9999968639752865,0.9999966826728849,0.9999963847407868,3.81999580655304e-07
28.163159799575805,4.933611701853465,0.029963874816894533,0.01680696303277902,0.04,squared_error,6,500,0.6000000000000001,"{'model__learning_rate': 0.04, 'model__loss': 'squared_error', 'model__max_depth': 6, 'model__n_estimators': 500, 'model__subsample': 0.6000000000000001}",0.14589396627334617,0.1983237227996606,-0.8712154068420046,0.09270913815921256,0.2250892476838543,-0.0418398663851862,0.4171668527494534,313,0.9999999973444124,0.9999999963906151,0.9999999971844081,0.999999997626925,0.9999999971960438,0.9999999971484808,4.1114754166477907e-10
31.423837614059448,9.661477054141322,0.029840564727783202,0.017040167606008787,0.04,squared_error,6,500,0.8,"{'model__learning_rate': 0.04, 'model__loss': 'squared_error', 'model__max_depth': 6, 'model__n_estimators': 500, 'model__subsample': 0.8}",0.25819690138211504,0.1752059863535267,-0.8648941473690943,-0.03311582888308351,0.16474039069157875,-0.05997333956499147,0.41368024145363513,337,0.999999999997314,0.999999999997741,0.9999999999981131,0.999999999997096,0.9999999999979781,0.9999999999976484,3.873309008569632e-13
15.028204536437988,4.5341291410360745,0.01272754669189453,0.000985413521352449,0.04,squared_error,6,1000,0.2,"{'model__learning_rate': 0.04, 'model__loss': 'squared_error', 'model__max_depth': 6, 'model__n_estimators': 1000, 'model__subsample': 0.2}",0.23244990210891214,0.018778974454238928,-0.5042537561234539,-0.348123245259121,0.16519235167413593,-0.08719115462905758,0.2895252241688934,408,0.9999614865787994,0.9999567913048601,0.9999696760091211,0.9999764019683204,0.9999744119057877,0.9999677535533777,7.513593505754859e-06
30.44484338760376,8.095038721883624,0.017627906799316407,0.01246625016847393,0.04,squared_error,6,1000,0.4,"{'model__learning_rate': 0.04, 'model__loss': 'squared_error', 'model__max_depth': 6, 'model__n_estimators': 1000, 'model__subsample': 0.4}",0.15419695418107482,0.12000983565457046,-0.7912753681469504,-0.11852838972647217,0.15570560264473765,-0.09597827307860793,0.3623616533020573,440,0.9999999999084696,0.99999999984291,0.9999999998977441,0.9999999999426749,0.9999999999696202,0.9999999999122837,4.301105346087912e-11
46.06078405380249,13.403739332693059,0.02405233383178711,0.015467219724552306,0.04,squared_error,6,1000,0.6000000000000001,"{'model__learning_rate': 0.04, 'model__loss': 'squared_error', 'model__max_depth': 6, 'model__n_estimators': 1000, 'model__subsample': 0.6000000000000001}",0.14589105356140386,0.1983367143619642,-0.8712116032855568,0.09270473049120043,0.22509002974519932,-0.0418378150251578,0.41716638987058635,312,0.9999999999999994,0.9999999999999994,0.9999999999999994,0.9999999999999996,0.9999999999999994,0.9999999999999994,4.965068306494546e-17
43.75600261688233,12.392143223814141,0.024311542510986328,0.016911349661273778,0.04,squared_error,6,1000,0.8,"{'model__learning_rate': 0.04, 'model__loss': 'squared_error', 'model__max_depth': 6, 'model__n_estimators': 1000, 'model__subsample': 0.8}",0.2581970600386094,0.17520589373673356,-0.8648944402551761,-0.03311587884011491,0.1647404255978443,-0.05997338794442075,0.4136803724487869,338,0.9999999999999994,0.9999999999999996,0.9999999999999996,0.9999999999999996,0.9999999999999994,0.9999999999999994,8.599750569898517e-17
4.049780082702637,1.2421728995453294,0.016414403915405273,0.014098543345831143,0.04,squared_error,9,200,0.2,"{'model__learning_rate': 0.04, 'model__loss': 'squared_error', 'model__max_depth': 9, 'model__n_estimators': 200, 'model__subsample': 0.2}",0.13968615950242658,0.059643618915016794,-0.6242173551982,-0.18131199545489585,0.12634831444528005,-0.09597025155807448,0.2882718790665687,439,0.9063156848761124,0.9158203487237254,0.9308713535081273,0.9172523741198262,0.9399203326721651,0.9220360187799912,0.011887460045649285
6.56347074508667,3.107831720174488,0.024361133575439453,0.03045466888775564,0.04,squared_error,9,200,0.4,"{'model__learning_rate': 0.04, 'model__loss': 'squared_error', 'model__max_depth': 9, 'model__n_estimators': 200, 'model__subsample': 0.4}",0.07590680425218221,0.17018171214494182,-0.6137108414521879,-0.014579501223932256,0.11886886127200358,-0.05266659300139851,0.28699762122375927,325,0.9959681085173412,0.9962472889248598,0.9970250001394144,0.9968124887636026,0.9968989879939902,0.9965903748678416,0.0004094872760533411
10.937419366836547,3.5046800255239345,0.008806419372558594,0.0008147081277355101,0.04,squared_error,9,200,0.6000000000000001,"{'model__learning_rate': 0.04, 'model__loss': 'squared_error', 'model__max_depth': 9, 'model__n_estimators': 200, 'model__subsample': 0.6000000000000001}",0.21181475069098477,0.13819817010221325,-0.9290236646022252,0.09235665655461411,0.09485595975851036,-0.07835962549918055,0.42752203283354373,391,0.9998352034872917,0.9998677919596107,0.9999172041709848,0.9998845250472042,0.9998769969768943,0.9998763443283971,2.646729553721994e-05
17.755501365661623,7.294502240369252,0.008713865280151367,0.0010820733640142552,0.04,squared_error,9,200,0.8,"{'model__learning_rate': 0.04, 'model__loss': 'squared_error', 'model__max_depth': 9, 'model__n_estimators': 200, 'model__subsample': 0.8}",0.17088303606039745,0.10653881976556656,-1.0354516160286917,-0.04433166226542018,0.11782052793478504,-0.13690817890667256,0.45493720601661664,493,0.9999951857826593,0.999995892788022,0.9999967089121304,0.9999957997139646,0.9999960683996807,0.9999959311192914,4.895040238797415e-07
6.657506704330444,3.0145328039734665,0.01749310493469238,0.012728536385821831,0.04,squared_error,9,500,0.2,"{'model__learning_rate': 0.04, 'model__loss': 'squared_error', 'model__max_depth': 9, 'model__n_estimators': 500, 'model__subsample': 0.2}",0.13704457325326647,0.07850191886823388,-0.5977176646761007,-0.19160971853537312,0.14200881565530377,-0.08635441508693394,0.28348034708812203,407,0.9949813743592942,0.9957165072788019,0.9956636001313366,0.9965722893675342,0.9973060840223565,0.9960479710318646,0.0008065972581988096
13.842113065719605,6.805773538821185,0.02390575408935547,0.016290180304810588,0.04,squared_error,9,500,0.4,"{'model__learning_rate': 0.04, 'model__loss': 'squared_error', 'model__max_depth': 9, 'model__n_estimators': 500, 'model__subsample': 0.4}",0.074023626548955,0.17886498425655573,-0.6126627427755944,-0.011464904071087467,0.11932554106216875,-0.05038269899580048,0.2879256026304373,323,0.9999974307309284,0.9999973957517846,0.9999981490193528,0.9999982843371944,0.999997960474734,0.9999978440627988,3.666654558198805e-07
26.12317943572998,7.1090034345506705,0.025083541870117188,0.017485351157347367,0.04,squared_error,9,500,0.6000000000000001,"{'model__learning_rate': 0.04, 'model__loss': 'squared_error', 'model__max_depth': 9, 'model__n_estimators': 500, 'model__subsample': 0.6000000000000001}",0.21313570125599945,0.13704207967542803,-0.9363773267722593,0.09353457650910357,0.09590816820923531,-0.07935136022449858,0.43069101656046016,395,0.9999999988375371,0.9999999987069287,0.9999999995838071,0.9999999994055003,0.9999999993500223,0.9999999991767592,3.417141991498136e-10
37.15415387153625,12.76951342694502,0.02785015106201172,0.01680014302830098,0.04,squared_error,9,500,0.8,"{'model__learning_rate': 0.04, 'model__loss': 'squared_error', 'model__max_depth': 9, 'model__n_estimators': 500, 'model__subsample': 0.8}",0.1709415604285115,0.10673084614250317,-1.0368540850941717,-0.044333113367881705,0.1178092227698222,-0.1371411138242433,0.4555183633581087,495,0.9999999999998429,0.9999999999998136,0.9999999999999444,0.9999999999999166,0.9999999999999367,0.9999999999998908,5.272706179207363e-14
18.66897506713867,7.179492713302079,0.03471927642822266,0.01672555966935666,0.04,squared_error,9,1000,0.2,"{'model__learning_rate': 0.04, 'model__loss': 'squared_error', 'model__max_depth': 9, 'model__n_estimators': 1000, 'model__subsample': 0.2}",0.12240880505493335,0.08973112909744452,-0.5991715086713834,-0.20796119706329552,0.1502565739549785,-0.0889472395254645,0.28576526321171564,416,0.9999576038227893,0.9999451789779998,0.9999610488667742,0.9999684556648178,0.9999803057303245,0.999962518612541,1.1649964684280667e-05
41.47860918045044,3.7418806461831235,0.013442325592041015,0.0010508843235817835,0.04,squared_error,9,1000,0.4,"{'model__learning_rate': 0.04, 'model__loss': 'squared_error', 'model__max_depth': 9, 'model__n_estimators': 1000, 'model__subsample': 0.4}",0.07395469837333946,0.17874994951770262,-0.6125167956793252,-0.011921595488033399,0.11923567261066959,-0.05049961413312938,0.2878214313692659,324,0.9999999999676544,0.999999999901986,0.999999999945153,0.9999999999852435,0.9999999999728043,0.9999999999545682,2.9320012698957545e-11
50.12182259559631,16.57336933311572,0.013031196594238282,0.0016671868170936605,0.04,squared_error,9,1000,0.6000000000000001,"{'model__learning_rate': 0.04, 'model__loss': 'squared_error', 'model__max_depth': 9, 'model__n_estimators': 1000, 'model__subsample': 0.6000000000000001}",0.2131349479429241,0.1370454743831394,-0.9363802727803983,0.09353260262384433,0.09590889667392244,-0.07935167023131359,0.4306923286310378,396,0.9999999999999994,0.9999999999999996,0.9999999999999996,0.9999999999999996,0.9999999999999994,0.9999999999999994,8.599750569898517e-17
51.46522278785706,6.453155787613526,0.018694162368774414,0.01343532536408152,0.04,squared_error,9,1000,0.8,"{'model__learning_rate': 0.04, 'model__loss': 'squared_error', 'model__max_depth': 9, 'model__n_estimators': 1000, 'model__subsample': 0.8}",0.1709415372134684,0.10673090898449544,-1.0368540797251482,-0.04433309538577279,0.11780921377401865,-0.1371411030277877,0.4555183645515051,494,0.9999999999999994,0.9999999999999996,0.9999999999999996,0.9999999999999996,0.9999999999999994,0.9999999999999994,8.599750569898517e-17
3.2048365116119384,1.6881716791103316,0.02455744743347168,0.018888643905707356,0.04,squared_error,12,200,0.2,"{'model__learning_rate': 0.04, 'model__loss': 'squared_error', 'model__max_depth': 12, 'model__n_estimators': 200, 'model__subsample': 0.2}",0.287925626027862,0.004931041395424995,-0.626347962416693,-0.1682803711775822,0.13625521599758383,-0.07310329003468088,0.31476993613020365,385,0.9065763947820612,0.920896109346296,0.9268081270695138,0.9241357566955918,0.9303535379794995,0.9217539851745924,0.008200788930058609
7.815217685699463,2.3239966691585474,0.02182145118713379,0.015720049648167013,0.04,squared_error,12,200,0.4,"{'model__learning_rate': 0.04, 'model__loss': 'squared_error', 'model__max_depth': 12, 'model__n_estimators': 200, 'model__subsample': 0.4}",0.05145948828996838,0.06729471713305679,-0.6625865891086018,0.007327677692089196,0.1863320842607551,-0.07003452434654647,0.3021412958993642,376,0.9957159652315984,0.9962959470169773,0.9968140981008048,0.9965697292192138,0.9964705956810437,0.9963732670499276,0.0003688973650454329
13.482338857650756,4.787244138063809,0.017503070831298827,0.013554167846617934,0.04,squared_error,12,200,0.6000000000000001,"{'model__learning_rate': 0.04, 'model__loss': 'squared_error', 'model__max_depth': 12, 'model__n_estimators': 200, 'model__subsample': 0.6000000000000001}",0.21508598746437213,0.13782907946676048,-0.8363348150057706,0.03706860728577788,0.1356719179883935,-0.062135844560093315,0.3912010723455884,352,0.9998717905515034,0.999884698545682,0.9999221328962544,0.9998931263228676,0.9998721406358803,0.9998887777904377,1.8512019092979915e-05
17.520022535324095,6.221060262649447,0.01584792137145996,0.013199274814850283,0.04,squared_error,12,200,0.8,"{'model__learning_rate': 0.04, 'model__loss': 'squared_error', 'model__max_depth': 12, 'model__n_estimators': 200, 'model__subsample': 0.8}",0.2018663412525279,0.17537843219993243,-1.0042973141620073,-0.16642282142354237,0.09907332153191883,-0.1388804081202341,0.45192785910504235,502,0.999996152355186,0.9999969424331797,0.9999973099768137,0.9999968507467464,0.9999969035671983,0.9999968318158249,3.763103850659113e-07
8.612264919281007,2.5273249423107966,0.01780834197998047,0.013332308836463783,0.04,squared_error,12,500,0.2,"{'model__learning_rate': 0.04, 'model__loss': 'squared_error', 'model__max_depth': 12, 'model__n_estimators': 500, 'model__subsample': 0.2}",0.19650307337741002,0.05167333471914204,-0.6688637284522247,-0.18692678349973546,0.11778896637875647,-0.09796502749533034,0.31288733069145014,448,0.9956286806950911,0.99575800701308,0.9964690206079679,0.9965528968234808,0.9975611599012264,0.9963939530081692,0.0006904113605669289
15.740165090560913,7.250752593188595,0.01842985153198242,0.013378489955078683,0.04,squared_error,12,500,0.4,"{'model__learning_rate': 0.04, 'model__loss': 'squared_error', 'model__max_depth': 12, 'model__n_estimators': 500, 'model__subsample': 0.4}",0.05483278684625503,0.06389269940004172,-0.649697762224354,0.01570347288476559,0.19084026590653536,-0.06488570743735127,0.29826562818835706,360,0.9999963510687699,0.9999967408462838,0.9999971075534192,0.9999981534843352,0.9999980667603184,0.9999972839426252,7.162718400378939e-07
37.89289541244507,12.235490568358207,0.03381261825561523,0.015778619300158545,0.04,squared_error,12,500,0.6000000000000001,"{'model__learning_rate': 0.04, 'model__loss': 'squared_error', 'model__max_depth': 12, 'model__n_estimators': 500, 'model__subsample': 0.6000000000000001}",0.21612734051962912,0.13681327121100306,-0.8403865578778911,0.040880297008493494,0.13642161012390852,-0.062028807802971375,0.3931215218139057,351,0.9999999994474424,0.9999999991457692,0.9999999995253067,0.9999999995368847,0.9999999987553134,0.9999999992821433,2.991631779415592e-10
59.73020453453064,9.08404769679155,0.018523740768432616,0.012158033454609207,0.04,squared_error,12,500,0.8,"{'model__learning_rate': 0.04, 'model__loss': 'squared_error', 'model__max_depth': 12, 'model__n_estimators': 500, 'model__subsample': 0.8}",0.20207898499735277,0.17557164316814589,-1.005685100216649,-0.16654230001079817,0.0991747603761004,-0.13908040233716962,0.45253044495973815,504,0.999999999999919,0.9999999999999155,0.9999999999999647,0.9999999999999637,0.999999999999958,0.9999999999999443,2.214453861765174e-14
16.260540103912355,4.714065156353733,0.03224620819091797,0.016055208712716075,0.04,squared_error,12,1000,0.2,"{'model__learning_rate': 0.04, 'model__loss': 'squared_error', 'model__max_depth': 12, 'model__n_estimators': 1000, 'model__subsample': 0.2}",0.2032210608909284,0.04300453536052351,-0.6704891753111044,-0.1793611015530654,0.12454759378307001,-0.09581541736592958,0.31447844463588254,438,0.9999715157334,0.999954935973982,0.9999707217491267,0.999973214823354,0.9999809158504881,0.9999702608260701,8.472236768344722e-06
34.15987706184387,10.038415398705666,0.02296605110168457,0.012077115150000815,0.04,squared_error,12,1000,0.4,"{'model__learning_rate': 0.04, 'model__loss': 'squared_error', 'model__max_depth': 12, 'model__n_estimators': 1000, 'model__subsample': 0.4}",0.05465434880579778,0.06418329251228538,-0.6494146023512359,0.015783595162790487,0.19090405209762928,-0.0647778627545466,0.2981806633893084,359,0.9999999999216654,0.9999999998938554,0.9999999999278276,0.999999999986148,0.999999999988252,0.9999999999435497,3.74393827927074e-11
59.776768636703494,21.36450570973659,0.029031038284301758,0.016171590869500454,0.04,squared_error,12,1000,0.6000000000000001,"{'model__learning_rate': 0.04, 'model__loss': 'squared_error', 'model__max_depth': 12, 'model__n_estimators': 1000, 'model__subsample': 0.6000000000000001}",0.21612654473570092,0.13681558526570903,-0.840395046440741,0.040879278637337646,0.13643085453323744,-0.0620285566537512,0.39312588469368615,350,0.9999999999999994,0.9999999999999996,0.9999999999999996,0.9999999999999996,0.9999999999999993,0.9999999999999994,9.930136612989092e-17
69.77991251945495,7.254852715838519,0.03476881980895996,0.01550718337005986,0.04,squared_error,12,1000,0.8,"{'model__learning_rate': 0.04, 'model__loss': 'squared_error', 'model__max_depth': 12, 'model__n_estimators': 1000, 'model__subsample': 0.8}",0.20207900445825466,0.17557168418710867,-1.0056851370243103,-0.16654230902248757,0.09917476319761542,-0.1390803988407638,0.452530468102217,503,0.9999999999999996,0.9999999999999996,0.9999999999999996,0.9999999999999996,0.9999999999999994,0.9999999999999994,9.930136612989092e-17
1.8234382152557373,0.8307684287197016,0.01490473747253418,0.012447337513483446,0.04,absolute_error,6,200,0.2,"{'model__learning_rate': 0.04, 'model__loss': 'absolute_error', 'model__max_depth': 6, 'model__n_estimators': 200, 'model__subsample': 0.2}",0.2531413893763067,0.20901204457567524,-0.1909766905233552,0.11257116485569107,0.04432255346513503,0.08561409234989056,0.15634998303452632,56,0.5818309352631859,0.6517226993337857,0.7482807721477416,0.7467846752289176,0.7956947207570292,0.704862760546132,0.07727057887186761
3.0148035526275634,0.034152049088892036,0.008590316772460938,0.0005354347440175081,0.04,absolute_error,6,200,0.4,"{'model__learning_rate': 0.04, 'model__loss': 'absolute_error', 'model__max_depth': 6, 'model__n_estimators': 200, 'model__subsample': 0.4}",0.2205512788369054,0.2351284964112922,-0.243698014761895,0.01999293991891904,0.1498436538839205,0.07636367085782843,0.17720766684406752,77,0.8432416253076856,0.8408404460587884,0.880994768626531,0.8808653169202869,0.8358081411911631,0.8563500596208911,0.020212417461507325
7.799494123458862,3.6236633515580174,0.008540582656860352,0.0011700396800125136,0.04,absolute_error,6,200,0.6000000000000001,"{'model__learning_rate': 0.04, 'model__loss': 'absolute_error', 'model__max_depth': 6, 'model__n_estimators': 200, 'model__subsample': 0.6000000000000001}",0.23201495476049916,0.17817253888500795,-0.3713682688662463,0.08368101301958142,0.1642907948168013,0.05735820652312871,0.21956089901880482,121,0.8650466097200681,0.8612831194080761,0.9449122928872251,0.9266102423883611,0.9222441931187381,0.9040192915044937,0.03423444462438084
6.886124992370606,0.09516801690339832,0.009913444519042969,0.0007343226748335489,0.04,absolute_error,6,200,0.8,"{'model__learning_rate': 0.04, 'model__loss': 'absolute_error', 'model__max_depth': 6, 'model__n_estimators': 200, 'model__subsample': 0.8}",0.21228759970213107,0.23876650593661075,-0.34260260215063254,0.099414068300273,0.12714853347524124,0.0670028210527247,0.21121317607604553,97,0.8134145803365675,0.9238050983116783,0.9361319006891143,0.9740950097405404,0.9479059956539124,0.9190705169463627,0.055382061457416594
3.697769546508789,0.03811546317956502,0.009640645980834962,0.001767871802027328,0.04,absolute_error,6,500,0.2,"{'model__learning_rate': 0.04, 'model__loss': 'absolute_error', 'model__max_depth': 6, 'model__n_estimators': 500, 'model__subsample': 0.2}",0.32571146056196254,0.16829379247658338,-0.3096583189553255,0.2048241932480469,0.10287610291306037,0.09840944604886555,0.21652407623997164,27,0.8401685011038154,0.8321490194754015,0.897351655482357,0.8979099439282225,0.9100763804717635,0.875531100092312,0.03256637533202107
13.438811540603638,4.655411240388952,0.01639690399169922,0.01331545316682835,0.04,absolute_error,6,500,0.4,"{'model__learning_rate': 0.04, 'model__loss': 'absolute_error', 'model__max_depth': 6, 'model__n_estimators': 500, 'model__subsample': 0.4}",0.21983382858191836,0.25427821776751836,-0.325019145230669,-0.01509460129864637,0.159092994157239,0.05861825879547207,0.21306322791307755,117,0.9460773298455993,0.9282220215035928,0.9694700833736982,0.9667933170939188,0.95880135104101,0.9538728205715639,0.01518708279015634
18.376106691360473,7.057285466923566,0.030979394912719727,0.016877645078157595,0.04,absolute_error,6,500,0.6000000000000001,"{'model__learning_rate': 0.04, 'model__loss': 'absolute_error', 'model__max_depth': 6, 'model__n_estimators': 500, 'model__subsample': 0.6000000000000001}",0.2602643358683594,0.22900142970443826,-0.4121172290763051,0.05073869522203078,0.16147152847824708,0.05787175203935409,0.245732196146382,120,0.941280963464406,0.9427196766813972,0.9759954108268265,0.9774420999132668,0.965397549986864,0.9605671401745521,0.015726520439642264
26.689513683319092,8.380711987696401,0.03120455741882324,0.016146523229510934,0.04,absolute_error,6,500,0.8,"{'model__learning_rate': 0.04, 'model__loss': 'absolute_error', 'model__max_depth': 6, 'model__n_estimators': 500, 'model__subsample': 0.8}",0.2740688939428979,0.26805522521636416,-0.4139791301624727,0.09537332361106865,0.1516732929952006,0.07503832112061173,0.2538870587818867,80,0.9517011149534569,0.9707078062825221,0.9819424470012319,0.9903886306669429,0.9839352959041023,0.9757350589616511,0.013589749445793525
16.139579725265502,4.428128993420273,0.02393054962158203,0.018099145282155803,0.04,absolute_error,6,1000,0.2,"{'model__learning_rate': 0.04, 'model__loss': 'absolute_error', 'model__max_depth': 6, 'model__n_estimators': 1000, 'model__subsample': 0.2}",0.3374376368178361,0.21235106587823915,-0.2971456638184642,0.2248565446707057,0.10683793643916129,0.11686750399749561,0.2195164788063757,6,0.9408635493508372,0.9402736673783738,0.959834535681471,0.9684269094932595,0.9609554220615322,0.9540708167930948,0.011414980403010746
32.97082495689392,8.399517313905308,0.03051276206970215,0.015952740794080107,0.04,absolute_error,6,1000,0.4,"{'model__learning_rate': 0.04, 'model__loss': 'absolute_error', 'model__max_depth': 6, 'model__n_estimators': 1000, 'model__subsample': 0.4}",0.2290877662811216,0.25954082276393775,-0.337866227521735,-0.011431649474654915,0.1609326447970374,0.060052671369141365,0.21999755140394392,110,0.9730747651844257,0.9584181713882607,0.993557996516497,0.9878358043061676,0.9805707537019731,0.9786914982194649,0.01225331120459469
39.873410081863405,13.09940943578217,0.02698979377746582,0.01536039307841643,0.04,absolute_error,6,1000,0.6000000000000001,"{'model__learning_rate': 0.04, 'model__loss': 'absolute_error', 'model__max_depth': 6, 'model__n_estimators': 1000, 'model__subsample': 0.6000000000000001}",0.27788972470948115,0.26974066902710403,-0.42902730906280917,0.020899727547115998,0.16136105808032675,0.06017277406024375,0.261693536616324,109,0.9735663178575731,0.9800453599400497,0.9908318978733772,0.9961983385673132,0.9898378120859357,0.9860959452648499,0.008149727732783283
67.9550184249878,15.179017542563855,0.024813365936279298,0.0165945774982287,0.04,absolute_error,6,1000,0.8,"{'model__learning_rate': 0.04, 'model__loss': 'absolute_error', 'model__max_depth': 6, 'model__n_estimators': 1000, 'model__subsample': 0.8}",0.29239987106633847,0.27319690004841657,-0.4641475834925277,0.08579379786549435,0.16118812695686158,0.06968622248891665,0.2773548449397636,89,0.9814337989906486,0.9902454005113582,0.9982945220926198,0.996667946973941,0.9998619757858336,0.9933007288708803,0.006774734618284172
1.9495837211608886,0.8104446897668379,0.007825517654418945,0.0004907475107203803,0.04,absolute_error,9,200,0.2,"{'model__learning_rate': 0.04, 'model__loss': 'absolute_error', 'model__max_depth': 9, 'model__n_estimators': 200, 'model__subsample': 0.2}",0.2531413893763067,0.20901204457567524,-0.1909766905233552,0.11257116485569107,0.04432255346513503,0.08561409234989056,0.15634998303452632,56,0.5818309352631859,0.6517226993337857,0.7482807721477416,0.7467846752289176,0.7956947207570292,0.704862760546132,0.07727057887186761
6.287978792190552,1.6533593749130113,0.015040445327758788,0.01424848163241831,0.04,absolute_error,9,200,0.4,"{'model__learning_rate': 0.04, 'model__loss': 'absolute_error', 'model__max_depth': 9, 'model__n_estimators': 200, 'model__subsample': 0.4}",0.18483953960917987,0.18720167554616696,-0.2373041468323036,0.10534713356746395,0.1464379394486055,0.07730442826782254,0.1601159556982335,73,0.8091218594822276,0.8588511397494928,0.8732672749705054,0.8799350254334996,0.8789458126423805,0.8600242224556212,0.0265415589958166
12.40611915588379,0.24846001412075241,0.021358728408813477,0.015978759036545904,0.04,absolute_error,9,200,0.6000000000000001,"{'model__learning_rate': 0.04, 'model__loss': 'absolute_error', 'model__max_depth': 9, 'model__n_estimators': 200, 'model__subsample': 0.6000000000000001}",0.2856830475413237,0.19544710106569707,-0.33250724177320445,0.1882866717624031,0.20080334471482086,0.10754258466220805,0.22285522440902678,20,0.9168703860245068,0.8839902228235902,0.9359001918590676,0.9473736443367865,0.8997065934592815,0.9167682077006465,0.02310078346315728
16.720794677734375,3.9397283830747822,0.016244888305664062,0.014493053211255836,0.04,absolute_error,9,200,0.8,"{'model__learning_rate': 0.04, 'model__loss': 'absolute_error', 'model__max_depth': 9, 'model__n_estimators': 200, 'model__subsample': 0.8}",0.25952123526881954,0.1580933381729338,-0.362844169230784,0.14123567236083734,0.15043205764566359,0.06928762684349406,0.2202608041489012,90,0.8590695851374314,0.920499589802847,0.9673356894719886,0.9555958060429062,0.9526098948772216,0.931022113066479,0.039182813356319304
6.827322959899902,2.516117867838584,0.015182209014892579,0.013862431104289,0.04,absolute_error,9,500,0.2,"{'model__learning_rate': 0.04, 'model__loss': 'absolute_error', 'model__max_depth': 9, 'model__n_estimators': 500, 'model__subsample': 0.2}",0.32571146056196254,0.16829379247658338,-0.3096583189553255,0.2048241932480469,0.10287610291306037,0.09840944604886555,0.21652407623997164,27,0.8401685011038154,0.8321490194754015,0.897351655482357,0.8979099439282225,0.9100763804717635,0.875531100092312,0.03256637533202107
9.4266996383667,3.1981707512560815,0.01067366600036621,0.001497733889731715,0.04,absolute_error,9,500,0.4,"{'model__learning_rate': 0.04, 'model__loss': 'absolute_error', 'model__max_depth': 9, 'model__n_estimators': 500, 'model__subsample': 0.4}",0.18454665161254746,0.21319947833702868,-0.3033936813097988,0.08130520221969983,0.1550283561282415,0.06613720139754373,0.18991202706074767,98,0.937383357154767,0.9402676536178363,0.9663874771846843,0.955047002300936,0.9676405176909522,0.9533452015898352,0.012674035501862907
29.937312507629393,3.229478231216469,0.023424720764160155,0.017913015204702364,0.04,absolute_error,9,500,0.6000000000000001,"{'model__learning_rate': 0.04, 'model__loss': 'absolute_error', 'model__max_depth': 9, 'model__n_estimators': 500, 'model__subsample': 0.6000000000000001}",0.29392998343778687,0.23321322148272672,-0.4390264124008114,0.18024070780924784,0.2065718252076486,0.09498586510731973,0.2696570012048212,33,0.9649566780786826,0.9671044469937666,0.9783890464631362,0.9805244929646869,0.9818804473379762,0.9745710223676497,0.00709414092700457
38.92649221420288,9.493944518626877,0.03634409904479981,0.013805849917352777,0.04,absolute_error,9,500,0.8,"{'model__learning_rate': 0.04, 'model__loss': 'absolute_error', 'model__max_depth': 9, 'model__n_estimators': 500, 'model__subsample': 0.8}",0.3162937495014462,0.19923423159721187,-0.46551460291780655,0.09166953054183513,0.15573443378390284,0.059483468501317895,0.2725453951599825,116,0.947920285792564,0.9694673352394383,0.9933050834816533,0.980410408290168,0.9821497312933735,0.9746505688194393,0.015354335198005074
9.525824499130248,4.330501074836965,0.016976165771484374,0.012629302619859095,0.04,absolute_error,9,1000,0.2,"{'model__learning_rate': 0.04, 'model__loss': 'absolute_error', 'model__max_depth': 9, 'model__n_estimators': 1000, 'model__subsample': 0.2}",0.3374376368178361,0.21235106587823915,-0.2971456638184642,0.2248565446707057,0.10683793643916129,0.11686750399749561,0.2195164788063757,6,0.9408635493508372,0.9402736673783738,0.959834535681471,0.9684269094932595,0.9609554220615322,0.9540708167930948,0.011414980403010746
28.558290481567383,8.072707674854847,0.01838364601135254,0.01553362322977681,0.04,absolute_error,9,1000,0.4,"{'model__learning_rate': 0.04, 'model__loss': 'absolute_error', 'model__max_depth': 9, 'model__n_estimators': 1000, 'model__subsample': 0.4}",0.20642009480135648,0.21020235309170388,-0.3216261626941255,0.06048696073751225,0.14477871981437096,0.06005239315016362,0.19840653911979758,111,0.9778598829286163,0.9759204646012735,0.9865721990390485,0.9843344627036734,0.9850424259283305,0.9819458870401885,0.00423551070507276
51.50210456848144,10.146639661844358,0.0385688304901123,0.013661074016196583,0.04,absolute_error,9,1000,0.6000000000000001,"{'model__learning_rate': 0.04, 'model__loss': 'absolute_error', 'model__max_depth': 9, 'model__n_estimators': 1000, 'model__subsample': 0.6000000000000001}",0.30119348968360093,0.23456277779607648,-0.4460332599747494,0.18282626896927945,0.20071906490565616,0.09465366827597273,0.2733495516770563,35,0.9866821305899489,0.9857021525791863,0.9925674435732591,0.998022092765372,0.9928169998439328,0.9911581638703397,0.004508974585884611
67.23624577522278,6.98365559777925,0.026038551330566408,0.016027857933203726,0.04,absolute_error,9,1000,0.8,"{'model__learning_rate': 0.04, 'model__loss': 'absolute_error', 'model__max_depth': 9, 'model__n_estimators': 1000, 'model__subsample': 0.8}",0.32342571620767446,0.20966013538427464,-0.47817899440483314,0.09139163453881205,0.16699370535992042,0.06265843941716968,0.28065125879153047,106,0.9839370350703489,0.9909238760246207,0.9966065899220111,0.9970171795391083,0.9956871668814153,0.9928343694875009,0.004953312929897213
2.7803008556365967,1.0801797759717442,0.01611480712890625,0.01409304369240193,0.04,absolute_error,12,200,0.2,"{'model__learning_rate': 0.04, 'model__loss': 'absolute_error', 'model__max_depth': 12, 'model__n_estimators': 200, 'model__subsample': 0.2}",0.2531413893763067,0.20901204457567524,-0.1909766905233552,0.11257116485569107,0.04432255346513503,0.08561409234989056,0.15634998303452632,56,0.5818309352631859,0.6517226993337857,0.7482807721477416,0.7467846752289176,0.7956947207570292,0.704862760546132,0.07727057887186761
6.803004932403565,1.3323243620783196,0.02725815773010254,0.01631006435734018,0.04,absolute_error,12,200,0.4,"{'model__learning_rate': 0.04, 'model__loss': 'absolute_error', 'model__max_depth': 12, 'model__n_estimators': 200, 'model__subsample': 0.4}",0.18483953960917987,0.18720167554616696,-0.2373041468323036,0.10534713356746395,0.1464379394486055,0.07730442826782254,0.1601159556982335,73,0.8091218594822276,0.8588511397494928,0.8732672749705054,0.8799350254334996,0.8789458126423805,0.8600242224556212,0.0265415589958166
12.238161039352416,1.3920153624279101,0.029144430160522462,0.01700200671406169,0.04,absolute_error,12,200,0.6000000000000001,"{'model__learning_rate': 0.04, 'model__loss': 'absolute_error', 'model__max_depth': 12, 'model__n_estimators': 200, 'model__subsample': 0.6000000000000001}",0.2856830475413237,0.19863271550623374,-0.33250724177320445,0.1882866717624031,0.19625816960239628,0.10727067252783047,0.22273974909282965,21,0.9168703860245068,0.8961773768471233,0.9359001918590676,0.9473736443367865,0.8949073287741965,0.918245785568336,0.020946122174935383
14.545638847351075,5.270319126503786,0.022707700729370117,0.016585833316282213,0.04,absolute_error,12,200,0.8,"{'model__learning_rate': 0.04, 'model__loss': 'absolute_error', 'model__max_depth': 12, 'model__n_estimators': 200, 'model__subsample': 0.8}",0.26870314453589617,0.15658366874908092,-0.46793416689885525,0.07735469669653872,0.10725708563508596,0.0283928857435493,0.2565693907968917,176,0.8671330454878701,0.9166531272644215,0.9810851242823431,0.9735588695559405,0.9444584879528387,0.9365777309086829,0.04154557299094814
6.921371555328369,2.5501835221217357,0.02264370918273926,0.01597647406525166,0.04,absolute_error,12,500,0.2,"{'model__learning_rate': 0.04, 'model__loss': 'absolute_error', 'model__max_depth': 12, 'model__n_estimators': 500, 'model__subsample': 0.2}",0.32571146056196254,0.16829379247658338,-0.3096583189553255,0.2048241932480469,0.10287610291306037,0.09840944604886555,0.21652407623997164,27,0.8401685011038154,0.8321490194754015,0.897351655482357,0.8979099439282225,0.9100763804717635,0.875531100092312,0.03256637533202107
14.944937753677369,5.703365477309958,0.023738574981689454,0.016812427826650104,0.04,absolute_error,12,500,0.4,"{'model__learning_rate': 0.04, 'model__loss': 'absolute_error', 'model__max_depth': 12, 'model__n_estimators': 500, 'model__subsample': 0.4}",0.18454665161254746,0.21319947833702868,-0.3033936813097988,0.08130520221969983,0.1550283561282415,0.06613720139754373,0.18991202706074767,98,0.937383357154767,0.9402676536178363,0.9663874771846843,0.955047002300936,0.9676405176909522,0.9533452015898352,0.012674035501862907
19.652755641937254,4.8894680643104875,0.017051839828491212,0.014012727061990648,0.04,absolute_error,12,500,0.6000000000000001,"{'model__learning_rate': 0.04, 'model__loss': 'absolute_error', 'model__max_depth': 12, 'model__n_estimators': 500, 'model__subsample': 0.6000000000000001}",0.2850132902623822,0.2294655890063093,-0.4372875712230997,0.18387303122796927,0.1999271208948704,0.0921982920336863,0.2669775167024475,38,0.9666885469209416,0.9684941172803837,0.9791623293846268,0.9780304695701343,0.9837616991599228,0.9752274324632019,0.006548652357711934
41.40612239837647,1.9997591747860832,0.030806303024291992,0.016928469525749557,0.04,absolute_error,12,500,0.8,"{'model__learning_rate': 0.04, 'model__loss': 'absolute_error', 'model__max_depth': 12, 'model__n_estimators': 500, 'model__subsample': 0.8}",0.2988493464980041,0.19261857063700916,-0.5450233911930393,0.05648567080509603,0.11388448002475504,0.023362935354365,0.2955992268795839,194,0.9457070235708369,0.9566394529736754,0.9951981179247981,0.9870449244582709,0.9895776960771654,0.9748334430009493,0.019802034465394823
11.486513137817383,4.1598218261393844,0.015684223175048827,0.012604708174961062,0.04,absolute_error,12,1000,0.2,"{'model__learning_rate': 0.04, 'model__loss': 'absolute_error', 'model__max_depth': 12, 'model__n_estimators': 1000, 'model__subsample': 0.2}",0.3374376368178361,0.21235106587823915,-0.2971456638184642,0.2248565446707057,0.10683793643916129,0.11686750399749561,0.2195164788063757,6,0.9408635493508372,0.9402736673783738,0.959834535681471,0.9684269094932595,0.9609554220615322,0.9540708167930948,0.011414980403010746
31.3370144367218,6.997359701917958,0.030340290069580077,0.017073465209554436,0.04,absolute_error,12,1000,0.4,"{'model__learning_rate': 0.04, 'model__loss': 'absolute_error', 'model__max_depth': 12, 'model__n_estimators': 1000, 'model__subsample': 0.4}",0.20642009480135648,0.21020235309170388,-0.3216261626941255,0.06048696073751225,0.14477871981437096,0.06005239315016362,0.19840653911979758,111,0.9778598829286163,0.9759204646012735,0.9865721990390485,0.9843344627036734,0.9850424259283305,0.9819458870401885,0.00423551070507276
41.515023183822635,8.134756552960063,0.017928075790405274,0.013473669830466597,0.04,absolute_error,12,1000,0.6000000000000001,"{'model__learning_rate': 0.04, 'model__loss': 'absolute_error', 'model__max_depth': 12, 'model__n_estimators': 1000, 'model__subsample': 0.6000000000000001}",0.29827985408359203,0.22792833508335553,-0.46630422745353495,0.19611705415432745,0.19952680855592209,0.09110956488473243,0.28111560327462937,43,0.9887385082769917,0.9928872397509025,0.9963667815078908,0.9956987654729538,0.9938569290225074,0.9935096448062491,0.002691736152963692
76.40300283432006,13.990413828867144,0.025250577926635744,0.014696057319656924,0.04,absolute_error,12,1000,0.8,"{'model__learning_rate': 0.04, 'model__loss': 'absolute_error', 'model__max_depth': 12, 'model__n_estimators': 1000, 'model__subsample': 0.8}",0.31625765787249394,0.20164316666143933,-0.5525661738906238,0.049542242442134676,0.12199846020605754,0.02737507065830034,0.3031828936346776,177,0.983341503959603,0.9891516248495188,0.9990209559158753,0.9967346626604023,0.9990085640515542,0.9934514622873906,0.00621900158170221
3.344591760635376,1.3539303664327762,0.015218162536621093,0.013225644020803479,0.06,squared_error,6,200,0.2,"{'model__learning_rate': 0.06, 'model__loss': 'squared_error', 'model__max_depth': 6, 'model__n_estimators': 200, 'model__subsample': 0.2}",0.21528451529468884,0.03255293485254285,-0.33375781661370096,-0.365726405067629,0.14907892250372345,-0.06051356980607496,0.24350452319787283,340,0.9649325661966502,0.9591360880816312,0.9674599561855547,0.9713628847912285,0.9775724486498683,0.9680927887809865,0.006183323547091955
7.797320890426636,2.1993839369745714,0.021450901031494142,0.015235292816271541,0.06,squared_error,6,200,0.4,"{'model__learning_rate': 0.06, 'model__loss': 'squared_error', 'model__max_depth': 6, 'model__n_estimators': 200, 'model__subsample': 0.4}",0.09821389595918395,0.14884537156574085,-0.8322956636457599,-0.06067473977165494,0.09103702239834821,-0.11097482269882837,0.3673987187914226,467,0.9995156797330056,0.9995088560184512,0.9995583484880741,0.9996416666950875,0.9997034702587083,0.9995856042386654,7.557512744143506e-05
8.184122896194458,4.081143930727742,0.008470869064331055,0.0005870978306463598,0.06,squared_error,6,200,0.6000000000000001,"{'model__learning_rate': 0.06, 'model__loss': 'squared_error', 'model__max_depth': 6, 'model__n_estimators': 200, 'model__subsample': 0.6000000000000001}",0.278868218138539,0.17726595179546,-0.7846938559477323,0.119825173245803,0.0804079173359653,-0.025665319086393003,0.38534792346929725,286,0.9999940985987245,0.9999944251972376,0.9999958749305498,0.9999966236390248,0.9999956587516136,0.9999953362234301,9.395054378468575e-07
13.225980043411255,5.47919125444918,0.016693305969238282,0.015298255027147179,0.06,squared_error,6,200,0.8,"{'model__learning_rate': 0.06, 'model__loss': 'squared_error', 'model__max_depth': 6, 'model__n_estimators': 200, 'model__subsample': 0.8}",0.2083599678472876,0.17738473668014332,-0.8817412320328384,-0.10929171698711193,0.15044882244089475,-0.09096788441032493,0.4112300010652399,428,0.9999999193040408,0.9999999487972414,0.9999999410243854,0.9999998867546567,0.9999999260316915,0.9999999243824031,2.1528572277964423e-08
6.613433456420898,3.1910098829450457,0.008968544006347657,0.0005183423756834665,0.06,squared_error,6,500,0.2,"{'model__learning_rate': 0.06, 'model__loss': 'squared_error', 'model__max_depth': 6, 'model__n_estimators': 500, 'model__subsample': 0.2}",0.18589751238307062,0.09997380171193426,-0.39844162752657675,-0.393560026622249,0.1597718802623379,-0.06927169195829659,0.2682282939693801,371,0.99955209392652,0.9995055556980827,0.9995763661244188,0.999604962211228,0.9997288025695205,0.9995935561059539,7.507380997239748e-05
13.808420372009277,5.242571008229825,0.018538475036621094,0.014594358784613654,0.06,squared_error,6,500,0.4,"{'model__learning_rate': 0.06, 'model__loss': 'squared_error', 'model__max_depth': 6, 'model__n_estimators': 500, 'model__subsample': 0.4}",0.09559176892869903,0.14926681274045195,-0.8309045695456994,-0.06535787983018104,0.09161750957312464,-0.11195727162672095,0.3665553269372349,468,0.9999999795863636,0.9999999716046443,0.9999999775705994,0.9999999877248902,0.999999992924109,0.9999999818821212,7.557111875306022e-09
27.300716209411622,6.643877001904343,0.016459846496582033,0.01271856075437494,0.06,squared_error,6,500,0.6000000000000001,"{'model__learning_rate': 0.06, 'model__loss': 'squared_error', 'model__max_depth': 6, 'model__n_estimators': 500, 'model__subsample': 0.6000000000000001}",0.27874545586973976,0.17773997627397975,-0.7846544202569954,0.11971959823872569,0.08043864019187219,-0.0256021499365356,0.3853566904036416,285,0.9999999999994958,0.9999999999995487,0.9999999999994383,0.9999999999996082,0.9999999999997153,0.9999999999995612,9.538375653019243e-14
25.714739084243774,8.12030209698351,0.024015045166015624,0.016047998624799796,0.06,squared_error,6,500,0.8,"{'model__learning_rate': 0.06, 'model__loss': 'squared_error', 'model__max_depth': 6, 'model__n_estimators': 500, 'model__subsample': 0.8}",0.2083648300304788,0.17739007027404852,-0.8817122992983861,-0.1092906689899622,0.1504931791259423,-0.09095097777157575,0.41122547675531657,427,0.9999999999999994,0.9999999999999996,0.9999999999999996,0.9999999999999996,0.9999999999999994,0.9999999999999994,8.599750569898517e-17
14.347878742218018,6.310758415666429,0.032370901107788085,0.015200937046353877,0.06,squared_error,6,1000,0.2,"{'model__learning_rate': 0.06, 'model__loss': 'squared_error', 'model__max_depth': 6, 'model__n_estimators': 1000, 'model__subsample': 0.2}",0.18839137227144587,0.09944903813975492,-0.40415758113432254,-0.39620630092088827,0.16248445447102067,-0.07000780343459787,0.27114569472778266,375,0.9999994234447792,0.9999992336617325,0.9999995636272321,0.9999996151525959,0.9999998366649653,0.999999534510261,2.0074552441368328e-07
24.577518701553345,7.01350776523564,0.03217449188232422,0.016892183121671032,0.06,squared_error,6,1000,0.4,"{'model__learning_rate': 0.06, 'model__loss': 'squared_error', 'model__max_depth': 6, 'model__n_estimators': 1000, 'model__subsample': 0.4}",0.09559366877445152,0.14923192155484322,-0.8309324578650392,-0.06535143720162861,0.09162004365004595,-0.11196765221746544,0.36656195451291557,469,0.9999999999999974,0.9999999999999912,0.999999999999993,0.9999999999999991,0.9999999999999992,0.9999999999999961,3.284834557359952e-15
29.847844219207765,3.2256297540984016,0.024428367614746094,0.016487207853391857,0.06,squared_error,6,1000,0.6000000000000001,"{'model__learning_rate': 0.06, 'model__loss': 'squared_error', 'model__max_depth': 6, 'model__n_estimators': 1000, 'model__subsample': 0.6000000000000001}",0.2787454476937353,0.17773995196700831,-0.7846543025340753,0.1197197144084593,0.08043866582002479,-0.025602104528969515,0.3853566503424688,284,0.9999999999999996,0.9999999999999996,0.9999999999999996,0.9999999999999996,0.9999999999999994,0.9999999999999994,9.930136612989092e-17
36.17408175468445,8.497791382370126,0.016526269912719726,0.014429190239981201,0.06,squared_error,6,1000,0.8,"{'model__learning_rate': 0.06, 'model__loss': 'squared_error', 'model__max_depth': 6, 'model__n_estimators': 1000, 'model__subsample': 0.8}",0.2083648305503909,0.17739007093982595,-0.8817122991623123,-0.10929066908811036,0.1504931794254447,-0.09095097746695222,0.4112254769016035,426,0.9999999999999994,0.9999999999999996,0.9999999999999996,0.9999999999999996,0.9999999999999994,0.9999999999999994,8.599750569898517e-17
1.7663151264190673,0.05869553970167097,0.00942373275756836,0.001107374784861002,0.06,squared_error,9,200,0.2,"{'model__learning_rate': 0.06, 'model__loss': 'squared_error', 'model__max_depth': 9, 'model__n_estimators': 200, 'model__subsample': 0.2}",0.15706090777423487,-0.05735180085999869,-0.6903421508175631,0.032499158540997275,0.024316866129969306,-0.10676340384647207,0.29972821898780305,466,0.9578321534214416,0.9661502504821277,0.9744644460106101,0.9662196884183184,0.9796812209638134,0.9688695518592623,0.007542354670812494
7.833194589614868,3.137062240988036,0.02281818389892578,0.017585286615712216,0.06,squared_error,9,200,0.4,"{'model__learning_rate': 0.06, 'model__loss': 'squared_error', 'model__max_depth': 9, 'model__n_estimators': 200, 'model__subsample': 0.4}",0.09762725021994056,0.1636066059822333,-0.747590765201265,-0.22222781144066328,0.18332050323950522,-0.10505284344004984,0.35298760919676486,463,0.9997412755802748,0.9996677925544601,0.9997563108703638,0.9997299018505867,0.9997528713774054,0.9997296304466182,3.2284961141823815e-05
12.361192321777343,4.809024369329501,0.015110301971435546,0.012489423792898564,0.06,squared_error,9,200,0.6000000000000001,"{'model__learning_rate': 0.06, 'model__loss': 'squared_error', 'model__max_depth': 9, 'model__n_estimators': 200, 'model__subsample': 0.6000000000000001}",0.3161703968459536,0.15325437114100304,-0.81172321347124,0.07513384818053226,0.118729461326467,-0.029687027195456815,0.399419673930666,293,0.9999977253333993,0.9999979900501098,0.9999987952549486,0.999997761322385,0.9999972025299856,0.9999978948981656,5.187802280422614e-07
15.235623121261597,4.747602235744196,0.02371044158935547,0.01648282208220265,0.06,squared_error,9,200,0.8,"{'model__learning_rate': 0.06, 'model__loss': 'squared_error', 'model__max_depth': 9, 'model__n_estimators': 200, 'model__subsample': 0.8}",0.16990064368642466,0.11648844364361655,-1.0337348182895507,-0.22327813993620338,0.08591015964078763,-0.17694274225098505,0.44982962861467624,553,0.9999999860927608,0.9999999891192919,0.999999992795938,0.9999999908408524,0.999999989478786,0.999999989665526,2.203577388134188e-09
9.02932357788086,3.7222349263091106,0.016533851623535156,0.012827432488357039,0.06,squared_error,9,500,0.2,"{'model__learning_rate': 0.06, 'model__loss': 'squared_error', 'model__max_depth': 9, 'model__n_estimators': 500, 'model__subsample': 0.2}",0.1826290819848484,0.005890144675492537,-0.7089078412699885,0.0010158251291816356,0.028469303779000588,-0.09818069714029307,0.3125868485744678,449,0.9992343533625094,0.9994111914183319,0.9996083634024419,0.9994935465313901,0.9997330050978476,0.9994960919625042,0.00016997316627716995
19.218789196014406,4.982018009008859,0.02339177131652832,0.015577319084802234,0.06,squared_error,9,500,0.4,"{'model__learning_rate': 0.06, 'model__loss': 'squared_error', 'model__max_depth': 9, 'model__n_estimators': 500, 'model__subsample': 0.4}",0.09668016520274503,0.16591659634896916,-0.7516868840031998,-0.22573653207859468,0.1823968390431605,-0.10648596309738396,0.3548063781822465,465,0.9999999897436042,0.9999999914463287,0.9999999946575988,0.9999999926139158,0.9999999939679565,0.9999999924858807,1.7623875958514076e-09
27.41800136566162,8.712722423721504,0.030357217788696288,0.01630215621857985,0.06,squared_error,9,500,0.6000000000000001,"{'model__learning_rate': 0.06, 'model__loss': 'squared_error', 'model__max_depth': 9, 'model__n_estimators': 500, 'model__subsample': 0.6000000000000001}",0.31606754144016,0.1532270375901913,-0.8117724501381227,0.07528727047383477,0.11888179763229867,-0.029661760600327592,0.39943802555542346,292,0.9999999999999623,0.9999999999999576,0.9999999999999828,0.999999999999938,0.9999999999999483,0.9999999999999579,1.5003710210015754e-14
30.857675743103027,5.801683657456259,0.017850160598754883,0.012125052860194805,0.06,squared_error,9,500,0.8,"{'model__learning_rate': 0.06, 'model__loss': 'squared_error', 'model__max_depth': 9, 'model__n_estimators': 500, 'model__subsample': 0.8}",0.16989498515634982,0.1164985800229591,-1.0337465392401497,-0.22327388910970836,0.08591636435042416,-0.176942099764025,0.44983518101555525,552,0.9999999999999994,0.9999999999999996,0.9999999999999996,0.9999999999999996,0.9999999999999994,0.9999999999999994,8.599750569898517e-17
15.39085111618042,4.4014551885151185,0.019884538650512696,0.014943989035320385,0.06,squared_error,9,1000,0.2,"{'model__learning_rate': 0.06, 'model__loss': 'squared_error', 'model__max_depth': 9, 'model__n_estimators': 1000, 'model__subsample': 0.2}",0.1822468245013572,0.012662424744228407,-0.6944898923811318,-0.004798125144742871,0.029248823305871197,-0.09502598899488357,0.30705676198650694,433,0.9999990393419883,0.9999990432982825,0.9999995785512854,0.9999994853202553,0.9999997789394575,0.9999993850902538,2.9629513459424656e-07
40.96661381721496,9.076969162896543,0.026152372360229492,0.01611423024046372,0.06,squared_error,9,1000,0.4,"{'model__learning_rate': 0.06, 'model__loss': 'squared_error', 'model__max_depth': 9, 'model__n_estimators': 1000, 'model__subsample': 0.4}",0.09670171330655031,0.16591288322106035,-0.7516778976680061,-0.22575289624441908,0.18241204815756162,-0.10648082984545057,0.35480858441436897,464,0.9999999999999982,0.9999999999999958,0.9999999999999988,0.9999999999999991,0.9999999999999989,0.9999999999999982,1.2252758506755685e-15
33.07909922599792,4.665639560357946,0.024349212646484375,0.015421603520026821,0.06,squared_error,9,1000,0.6000000000000001,"{'model__learning_rate': 0.06, 'model__loss': 'squared_error', 'model__max_depth': 9, 'model__n_estimators': 1000, 'model__subsample': 0.6000000000000001}",0.3160675617731231,0.1532270753722933,-0.8117724294129576,0.07528729661726608,0.11888183876476632,-0.029661731377101753,0.39943802885202606,291,0.9999999999999996,0.9999999999999996,0.9999999999999996,0.9999999999999996,0.9999999999999994,0.9999999999999994,9.930136612989092e-17
31.507162618637086,9.27458415916842,0.011154365539550782,0.0010035739109709126,0.06,squared_error,9,1000,0.8,"{'model__learning_rate': 0.06, 'model__loss': 'squared_error', 'model__max_depth': 9, 'model__n_estimators': 1000, 'model__subsample': 0.8}",0.16989498582661744,0.11649857978323197,-1.033746539554215,-0.22327388857632036,0.08591636434824668,-0.17694209963448784,0.44983518119603705,551,0.9999999999999994,0.9999999999999996,0.9999999999999996,0.9999999999999996,0.9999999999999994,0.9999999999999994,8.599750569898517e-17
3.601951837539673,1.4549482861345664,0.024139547348022462,0.015002476164471618,0.06,squared_error,12,200,0.2,"{'model__learning_rate': 0.06, 'model__loss': 'squared_error', 'model__max_depth': 12, 'model__n_estimators': 200, 'model__subsample': 0.2}",0.044853385253289635,0.0011766973265807668,-0.45817381721916095,-0.19637892562310233,0.09966265620276293,-0.10177200081192599,0.2042773038271341,454,0.9646643211210872,0.968487875625154,0.9778746905377163,0.9672702440646995,0.978002113780918,0.971259849025915,0.005591351086763325
8.321196937561036,3.1120067930817514,0.016660022735595702,0.013632243132406881,0.06,squared_error,12,200,0.4,"{'model__learning_rate': 0.06, 'model__loss': 'squared_error', 'model__max_depth': 12, 'model__n_estimators': 200, 'model__subsample': 0.4}",0.12566355226157366,0.2450695727240887,-0.8451183142337033,-0.10771457239941196,0.13409263148494988,-0.08960142603250061,0.3948459380785978,420,0.9996751321157074,0.9996256929125373,0.9997309621733568,0.9997951491190918,0.9996969048165532,0.9997047682274494,5.665309551089661e-05
13.415926551818847,4.1260720067539545,0.030194187164306642,0.01704943827885627,0.06,squared_error,12,200,0.6000000000000001,"{'model__learning_rate': 0.06, 'model__loss': 'squared_error', 'model__max_depth': 12, 'model__n_estimators': 200, 'model__subsample': 0.6000000000000001}",0.20541049361817998,0.1403309295038122,-0.7962555889098852,0.07807420350030037,0.16526958410352433,-0.04143407563681367,0.37966693485123737,310,0.9999979791927202,0.9999980097753913,0.9999986897084528,0.999998465211103,0.9999981432032535,0.9999982574181843,2.763455031568719e-07
25.60574040412903,2.8172647099885237,0.029608821868896483,0.016778257895928347,0.06,squared_error,12,200,0.8,"{'model__learning_rate': 0.06, 'model__loss': 'squared_error', 'model__max_depth': 12, 'model__n_estimators': 200, 'model__subsample': 0.8}",0.16134136721415382,0.1898968615108867,-1.0356995869744337,-0.2289881639883926,0.15785284496541052,-0.15111933545447503,0.46860075147499874,528,0.9999999918321507,0.999999992324865,0.9999999948143758,0.9999999946450552,0.9999999925033937,0.9999999932239682,1.2500923787670515e-09
9.818061923980713,2.5859561584062027,0.026503705978393556,0.016609442625449843,0.06,squared_error,12,500,0.2,"{'model__learning_rate': 0.06, 'model__loss': 'squared_error', 'model__max_depth': 12, 'model__n_estimators': 500, 'model__subsample': 0.2}",0.025692026743645013,0.03010529793091843,-0.41004137353171877,-0.22717603292226185,0.10802165204618108,-0.09467968594664722,0.1939880149905082,431,0.999294733059733,0.9994878227168417,0.9997353148011501,0.9995889257380339,0.9996862829758937,0.9995586158583306,0.00015689862866549703
27.1266432762146,5.401446591424541,0.03715624809265137,0.01337866265339504,0.06,squared_error,12,500,0.4,"{'model__learning_rate': 0.06, 'model__loss': 'squared_error', 'model__max_depth': 12, 'model__n_estimators': 500, 'model__subsample': 0.4}",0.12546743293761742,0.24681566918986086,-0.8440436411241561,-0.10584406673995672,0.1331093797877917,-0.08889904518976857,0.3945822073233911,414,0.9999999936371733,0.9999999888156224,0.9999999887372683,0.9999999961354936,0.9999999954359361,0.9999999925522987,3.1890064521003435e-09
43.01896929740906,12.120374488244709,0.025175046920776368,0.01496574358666797,0.06,squared_error,12,500,0.6000000000000001,"{'model__learning_rate': 0.06, 'model__loss': 'squared_error', 'model__max_depth': 12, 'model__n_estimators': 500, 'model__subsample': 0.6000000000000001}",0.2054166111579775,0.14051173071978607,-0.79626338825452,0.07831134391135841,0.16533681878365059,-0.0413373767363495,0.3797104030014327,309,0.999999999999975,0.9999999999999237,0.9999999999999758,0.9999999999999774,0.9999999999999162,0.9999999999999536,2.7598590214824727e-14
35.03835082054138,8.620035858426036,0.03863062858581543,0.014560416949124605,0.06,squared_error,12,500,0.8,"{'model__learning_rate': 0.06, 'model__loss': 'squared_error', 'model__max_depth': 12, 'model__n_estimators': 500, 'model__subsample': 0.8}",0.1613409131070075,0.18990627447970843,-1.0356897733790817,-0.22897706392136885,0.1578764301782808,-0.15110864390709078,0.46860109724619026,527,0.9999999999999994,0.9999999999999994,0.9999999999999996,0.9999999999999996,0.9999999999999994,0.9999999999999994,7.021666937153402e-17
18.52730588912964,5.102071464619881,0.03281087875366211,0.014898564768149516,0.06,squared_error,12,1000,0.2,"{'model__learning_rate': 0.06, 'model__loss': 'squared_error', 'model__max_depth': 12, 'model__n_estimators': 1000, 'model__subsample': 0.2}",0.02350687260600537,0.035463497840756086,-0.413096884408066,-0.22129653774189295,0.11280305518430511,-0.09252399930377848,0.19562847608980743,430,0.9999995079300692,0.9999995974865946,0.99999968184743,0.9999996381345592,0.9999997141340543,0.9999996279065414,7.179017041585169e-08
42.58790626525879,13.246958264386604,0.015397024154663087,0.0008968441245581758,0.06,squared_error,12,1000,0.4,"{'model__learning_rate': 0.06, 'model__loss': 'squared_error', 'model__max_depth': 12, 'model__n_estimators': 1000, 'model__subsample': 0.4}",0.1254755603834028,0.2467943685503583,-0.8440418578702633,-0.10585485058160904,0.1331158915418028,-0.08890217759526169,0.39457960882577586,415,0.9999999999999988,0.9999999999999969,0.9999999999999981,0.999999999999999,0.9999999999999993,0.9999999999999984,8.642642360014358e-16
46.725443840026855,13.253201577360127,0.03378968238830567,0.015961079089221217,0.06,squared_error,12,1000,0.6000000000000001,"{'model__learning_rate': 0.06, 'model__loss': 'squared_error', 'model__max_depth': 12, 'model__n_estimators': 1000, 'model__subsample': 0.6000000000000001}",0.2054166274873227,0.14051185062451732,-0.7962634176628878,0.07831130582061074,0.16533686575045248,-0.041337353595996905,0.3797104310145521,308,0.9999999999999996,0.9999999999999996,0.9999999999999996,0.9999999999999996,0.9999999999999994,0.9999999999999994,9.930136612989092e-17
44.84496364593506,14.793805392648403,0.038308238983154295,0.012947466924796333,0.06,squared_error,12,1000,0.8,"{'model__learning_rate': 0.06, 'model__loss': 'squared_error', 'model__max_depth': 12, 'model__n_estimators': 1000, 'model__subsample': 0.8}",0.16134091277250218,0.18990627467931442,-1.0356897730687402,-0.22897706405712404,0.15787643019340492,-0.15110864389612855,0.468601097119974,526,0.9999999999999994,0.9999999999999996,0.9999999999999996,0.9999999999999996,0.9999999999999994,0.9999999999999994,8.599750569898517e-17
3.2164777755737304,0.6912076265541984,0.02903757095336914,0.01724797609936052,0.06,absolute_error,6,200,0.2,"{'model__learning_rate': 0.06, 'model__loss': 'absolute_error', 'model__max_depth': 6, 'model__n_estimators': 200, 'model__subsample': 0.2}",0.18634612283756669,0.13784861660403158,-0.16112834656239805,0.05577493720367188,0.11919056957004237,0.0676063799305829,0.12178143135969792,92,0.6784870789289126,0.7404746443251928,0.7549576032744689,0.8008689106394898,0.7771234904978593,0.7503823455331847,0.04135699935193636
5.834265565872192,2.2364137738536405,0.014626121520996094,0.012920980135442097,0.06,absolute_error,6,200,0.4,"{'model__learning_rate': 0.06, 'model__loss': 'absolute_error', 'model__max_depth': 6, 'model__n_estimators': 200, 'model__subsample': 0.4}",0.14446356826971907,0.1727725699271112,-0.27034431160637706,0.03488246242029602,0.12472175680959463,0.041299209164068776,0.1625117286306756,157,0.8783201860373635,0.8827699227282552,0.9085722899198294,0.9093081651526578,0.9144527244592753,0.8986846576594762,0.015014969904435033
8.976045894622803,3.5613423988847046,0.00856175422668457,0.0008524212984393604,0.06,absolute_error,6,200,0.6000000000000001,"{'model__learning_rate': 0.06, 'model__loss': 'absolute_error', 'model__max_depth': 6, 'model__n_estimators': 200, 'model__subsample': 0.6000000000000001}",0.2367690069224453,0.1348633194459199,-0.3549785612853036,0.12893578176099252,0.11959850027189067,0.053037609423188956,0.20838462206322578,127,0.9133387684720702,0.9395258559049829,0.9660328826247391,0.9473446881191401,0.9142429212273008,0.9360970232696466,0.020149255423683676
10.738185930252076,4.81940959810014,0.015611028671264649,0.014312998993964418,0.06,absolute_error,6,200,0.8,"{'model__learning_rate': 0.06, 'model__loss': 'absolute_error', 'model__max_depth': 6, 'model__n_estimators': 200, 'model__subsample': 0.8}",0.23884756287246456,0.2061541978949447,-0.2900775347180784,0.19630248360171154,0.16250276033646593,0.10274589399750167,0.19791458069903986,25,0.8849855610072588,0.9488954711779297,0.9155052486957052,0.9521111623116969,0.9391814948551637,0.9281357876095508,0.02509686542820291
5.893795156478882,2.5411541405717886,0.023189878463745116,0.017010043754555636,0.06,absolute_error,6,500,0.2,"{'model__learning_rate': 0.06, 'model__loss': 'absolute_error', 'model__max_depth': 6, 'model__n_estimators': 500, 'model__subsample': 0.2}",0.21030604171763756,0.17424217430290156,-0.24102931409171457,-0.15820743200544407,0.109766136637937,0.019015521312263493,0.18327811805044025,204,0.8876172759464127,0.8933463920067717,0.9186637815276989,0.9284761927199976,0.9270838561080019,0.9110374996617765,0.017211832643941924
12.517481231689453,5.626795583376027,0.015973806381225586,0.014145021304797988,0.06,absolute_error,6,500,0.4,"{'model__learning_rate': 0.06, 'model__loss': 'absolute_error', 'model__max_depth': 6, 'model__n_estimators': 500, 'model__subsample': 0.4}",0.20202178982782304,0.22660286416052022,-0.3385988100154296,0.034044903475926036,0.13083760062478145,0.05098166961472424,0.20595761494116394,132,0.9515718705592743,0.9539402151120135,0.9770211734836649,0.9788940103155056,0.9728396309055544,0.9668533800752025,0.011700174022951086
26.550388193130495,6.403499930558479,0.02646770477294922,0.020767836264754536,0.06,absolute_error,6,500,0.6000000000000001,"{'model__learning_rate': 0.06, 'model__loss': 'absolute_error', 'model__max_depth': 6, 'model__n_estimators': 500, 'model__subsample': 0.6000000000000001}",0.24989557415721186,0.14657802768777073,-0.39664237145795966,0.11986804009243346,0.11937634321867785,0.04781512273962685,0.22735246449635438,142,0.9698831986944649,0.9633988389025894,0.9933712783130191,0.9825950905116417,0.979618736138426,0.9777734285120282,0.010381050583660418
34.52821307182312,9.818100830492691,0.023043203353881835,0.016312887428689745,0.06,absolute_error,6,500,0.8,"{'model__learning_rate': 0.06, 'model__loss': 'absolute_error', 'model__max_depth': 6, 'model__n_estimators': 500, 'model__subsample': 0.8}",0.30184973870611576,0.21721915170637962,-0.3647725125096559,0.19765822669010158,0.2120010990439236,0.11279114072737292,0.24156177013293864,14,0.9816712575098825,0.9777474799637796,0.9758186744176941,0.9854128121983483,0.9828958875576586,0.9807092223294726,0.003479084675061405
14.77371792793274,4.909619638923709,0.016605854034423828,0.01440510540999275,0.06,absolute_error,6,1000,0.2,"{'model__learning_rate': 0.06, 'model__loss': 'absolute_error', 'model__max_depth': 6, 'model__n_estimators': 1000, 'model__subsample': 0.2}",0.252970476401856,0.20600465516674094,-0.22302417244437245,-0.20999416741375465,0.10019633876253808,0.025230626094601583,0.2035316661158319,188,0.9566819079758977,0.9608473831478973,0.9708669596357278,0.9776109798179013,0.9808187442934071,0.9693651949741662,0.009325780870086366
25.32126088142395,8.37284528327052,0.024763870239257812,0.0169001918962624,0.06,absolute_error,6,1000,0.4,"{'model__learning_rate': 0.06, 'model__loss': 'absolute_error', 'model__max_depth': 6, 'model__n_estimators': 1000, 'model__subsample': 0.4}",0.20812762390425,0.2410662954290439,-0.3809238281736107,0.05668463038614946,0.13216321825821997,0.05142358796081052,0.22538472267787746,130,0.9818619759441972,0.9850141926884179,0.9945573076517145,0.9947378950506424,0.9934317921191844,0.9899206326908313,0.005404592749223558
50.24323329925537,10.65744555610271,0.017417383193969727,0.012844790408579313,0.06,absolute_error,6,1000,0.6000000000000001,"{'model__learning_rate': 0.06, 'model__loss': 'absolute_error', 'model__max_depth': 6, 'model__n_estimators': 1000, 'model__subsample': 0.6000000000000001}",0.25014239915613246,0.1456651079528154,-0.40439603223146814,0.1111874865258553,0.10996173067427883,0.042512138415522774,0.22923504279431753,154,0.9872151079280888,0.9845815614947461,0.9990363416905295,0.9947088324831775,0.994232862582506,0.9919549412358096,0.005286810449696064
60.52915625572204,9.524187586355726,0.01973276138305664,0.012826526575024625,0.06,absolute_error,6,1000,0.8,"{'model__learning_rate': 0.06, 'model__loss': 'absolute_error', 'model__max_depth': 6, 'model__n_estimators': 1000, 'model__subsample': 0.8}",0.3038954535105811,0.21098181425306528,-0.36040994927155934,0.18421942667596203,0.21522025784238397,0.1107814006020866,0.23902094765840384,15,0.9974727909775483,0.9976977413335033,0.9981579752887041,0.9960437618086767,0.9941847733537229,0.996711408552431,0.001447394105044197
2.3464221954345703,1.0235935831073424,0.00963277816772461,0.0028443832880758343,0.06,absolute_error,9,200,0.2,"{'model__learning_rate': 0.06, 'model__loss': 'absolute_error', 'model__max_depth': 9, 'model__n_estimators': 200, 'model__subsample': 0.2}",0.18634612283756669,0.13784861660403158,-0.16112834656239805,0.05577493720367188,0.11919056957004237,0.0676063799305829,0.12178143135969792,92,0.6784870789289126,0.7404746443251928,0.7549576032744689,0.8008689106394898,0.7771234904978593,0.7503823455331847,0.04135699935193636
6.254201126098633,1.795056300552871,0.02306971549987793,0.016225570647670485,0.06,absolute_error,9,200,0.4,"{'model__learning_rate': 0.06, 'model__loss': 'absolute_error', 'model__max_depth': 9, 'model__n_estimators': 200, 'model__subsample': 0.4}",0.1777861130418824,0.12971078151187365,-0.2907814052947886,-0.04868433200734823,0.14308864709327684,0.02222396086897922,0.17513515776258662,197,0.8837614176591551,0.8722431500452246,0.9114163045299931,0.9225760894962303,0.9071071314278184,0.8994208186316843,0.018563298003107756
11.30663480758667,2.997407215035071,0.014925861358642578,0.01387469771996303,0.06,absolute_error,9,200,0.6000000000000001,"{'model__learning_rate': 0.06, 'model__loss': 'absolute_error', 'model__max_depth': 9, 'model__n_estimators': 200, 'model__subsample': 0.6000000000000001}",0.22060769842855543,0.12958335489582917,-0.42577717119870195,0.1101786166093548,0.07434915853126922,0.021788331453261332,0.22892761737310974,199,0.891877062507125,0.9154241556888352,0.96754811269236,0.9402459365791151,0.9601245886210593,0.9350439712176989,0.028145820986333187
11.855673217773438,3.3285314289638435,0.011055183410644532,0.0035791327989482566,0.06,absolute_error,9,200,0.8,"{'model__learning_rate': 0.06, 'model__loss': 'absolute_error', 'model__max_depth': 9, 'model__n_estimators': 200, 'model__subsample': 0.8}",0.24161221631166574,0.07108372246497985,-0.26455884527145135,0.20331590954622203,0.1776356600907566,0.08581773262843458,0.184113612709618,55,0.935375453095017,0.9274547449044676,0.9657950651479722,0.9846610472472684,0.9427138764632838,0.9512000373716019,0.021066206713743346
6.998492050170898,2.5967961160704696,0.023226070404052734,0.017253122696630565,0.06,absolute_error,9,500,0.2,"{'model__learning_rate': 0.06, 'model__loss': 'absolute_error', 'model__max_depth': 9, 'model__n_estimators': 500, 'model__subsample': 0.2}",0.21030604171763756,0.17424217430290156,-0.24102931409171457,-0.15820743200544407,0.109766136637937,0.019015521312263493,0.18327811805044025,204,0.8876172759464127,0.8933463920067717,0.9186637815276989,0.9284761927199976,0.9270838561080019,0.9110374996617765,0.017211832643941924
9.556429719924926,3.070924741571809,0.016212844848632814,0.01226294665619718,0.06,absolute_error,9,500,0.4,"{'model__learning_rate': 0.06, 'model__loss': 'absolute_error', 'model__max_depth': 9, 'model__n_estimators': 500, 'model__subsample': 0.4}",0.24334177284023062,0.14654422345637064,-0.38593129117097336,-0.07068684887317711,0.14586761493068368,0.01582709423662689,0.2256789296640969,214,0.9477783953438041,0.9544220895374139,0.9799665127879622,0.9851326606932886,0.984046357225527,0.970269203117599,0.01588544997412362
23.988021421432496,7.552357659103842,0.03785419464111328,0.014465052327619974,0.06,absolute_error,9,500,0.6000000000000001,"{'model__learning_rate': 0.06, 'model__loss': 'absolute_error', 'model__max_depth': 9, 'model__n_estimators': 500, 'model__subsample': 0.6000000000000001}",0.24165484604238796,0.1609783303408484,-0.4744730572424589,0.11881344069453992,0.08373975003834144,0.02614266197473176,0.25579192913563037,186,0.9647069224021244,0.9620184701997103,0.9896707184882751,0.9833490370643517,0.9857207340622669,0.9770931764433458,0.011423057068707986
35.608698225021364,12.644703310451293,0.024821376800537108,0.016673455933325376,0.06,absolute_error,9,500,0.8,"{'model__learning_rate': 0.06, 'model__loss': 'absolute_error', 'model__max_depth': 9, 'model__n_estimators': 500, 'model__subsample': 0.8}",0.2590886535775576,0.08589360508918475,-0.3721228168637558,0.21217871377163522,0.19980491726151361,0.07696861456722708,0.2316467163748016,75,0.978779024253839,0.9774873697889312,0.9968891704746589,0.997092797458834,0.9855447609426518,0.9871586245837829,0.008482060373453433
10.813537883758546,4.406691020938453,0.02655768394470215,0.020527762128216116,0.06,absolute_error,9,1000,0.2,"{'model__learning_rate': 0.06, 'model__loss': 'absolute_error', 'model__max_depth': 9, 'model__n_estimators': 1000, 'model__subsample': 0.2}",0.252970476401856,0.20600465516674094,-0.22302417244437245,-0.20999416741375465,0.10019633876253808,0.025230626094601583,0.2035316661158319,188,0.9566819079758977,0.9608473831478973,0.9708669596357278,0.9776109798179013,0.9808187442934071,0.9693651949741662,0.009325780870086366
26.517302083969117,4.7159693448740505,0.019208478927612304,0.01176423159726647,0.06,absolute_error,9,1000,0.4,"{'model__learning_rate': 0.06, 'model__loss': 'absolute_error', 'model__max_depth': 9, 'model__n_estimators': 1000, 'model__subsample': 0.4}",0.2627138365998284,0.1862842880160066,-0.3938372569234787,-0.06438460427644266,0.1535162183216876,0.028858496347520246,0.2376454179411288,174,0.9794558532559903,0.9784314139551311,0.9943384421998188,0.995666111140879,0.9946692305754693,0.9885122102254578,0.007831631144524646
54.85101323127746,6.8577623790489035,0.01845417022705078,0.014035472219685608,0.06,absolute_error,9,1000,0.6000000000000001,"{'model__learning_rate': 0.06, 'model__loss': 'absolute_error', 'model__max_depth': 9, 'model__n_estimators': 1000, 'model__subsample': 0.6000000000000001}",0.2536976807339636,0.19311321565856532,-0.509333707752647,0.13160248118141848,0.09069740442394436,0.03195541484904896,0.2762301731007366,168,0.9904325046633657,0.9949487425465104,0.9976409215665999,0.9959687872433243,0.9968701048694084,0.9951722121778417,0.0025348239967332743
75.95931229591369,19.283580974666766,0.024942779541015626,0.016152544920572127,0.06,absolute_error,9,1000,0.8,"{'model__learning_rate': 0.06, 'model__loss': 'absolute_error', 'model__max_depth': 9, 'model__n_estimators': 1000, 'model__subsample': 0.8}",0.269802019350068,0.11702725041114115,-0.38168831995316355,0.2050094203830265,0.1998288800213981,0.08199585004249403,0.2368621232651054,63,0.9974581520002513,0.9979831355109292,0.9989782643541643,0.9997210722482289,0.9974978404999278,0.9983276929227003,0.0008863662224666238
1.4774629116058349,0.03892639711489596,0.009428596496582032,0.0007781132950887455,0.06,absolute_error,12,200,0.2,"{'model__learning_rate': 0.06, 'model__loss': 'absolute_error', 'model__max_depth': 12, 'model__n_estimators': 200, 'model__subsample': 0.2}",0.18634612283756669,0.13784861660403158,-0.16112834656239805,0.05577493720367188,0.11919056957004237,0.0676063799305829,0.12178143135969792,92,0.6784870789289126,0.7404746443251928,0.7549576032744689,0.8008689106394898,0.7771234904978593,0.7503823455331847,0.04135699935193636
4.901850748062134,2.156320864716822,0.021057939529418944,0.01562904147667257,0.06,absolute_error,12,200,0.4,"{'model__learning_rate': 0.06, 'model__loss': 'absolute_error', 'model__max_depth': 12, 'model__n_estimators': 200, 'model__subsample': 0.4}",0.1777861130418824,0.12971078151187365,-0.2907814052947886,-0.04868433200734823,0.14308864709327684,0.02222396086897922,0.17513515776258662,197,0.8837614176591551,0.8722431500452246,0.9114163045299931,0.9225760894962303,0.9071071314278184,0.8994208186316843,0.018563298003107756
8.044134330749511,3.7319428662982923,0.015279293060302734,0.012979194581635644,0.06,absolute_error,12,200,0.6000000000000001,"{'model__learning_rate': 0.06, 'model__loss': 'absolute_error', 'model__max_depth': 12, 'model__n_estimators': 200, 'model__subsample': 0.6000000000000001}",0.22060769842855543,0.19173895460539048,-0.35562061968790615,0.081253517750006,0.07448366242999138,0.04249264270520743,0.20737378578870386,155,0.891877062507125,0.9120620457723814,0.9721459566293298,0.9468589956186948,0.9601211592823531,0.9366130439619769,0.03008075279220257
9.228030252456666,2.4460974814231355,0.01621975898742676,0.014894423667250922,0.06,absolute_error,12,200,0.8,"{'model__learning_rate': 0.06, 'model__loss': 'absolute_error', 'model__max_depth': 12, 'model__n_estimators': 200, 'model__subsample': 0.8}",0.2466021371564231,0.05056455337112942,-0.23137596062612964,0.194488710790493,0.1809621856088719,0.08824832526015755,0.1723592526977165,52,0.9423291646943366,0.9423346218307547,0.972973220912832,0.9759953418431953,0.960663829148409,0.9588592356859055,0.014438929190441128
5.828478097915649,2.3296925911945174,0.016613578796386717,0.012863584490861396,0.06,absolute_error,12,500,0.2,"{'model__learning_rate': 0.06, 'model__loss': 'absolute_error', 'model__max_depth': 12, 'model__n_estimators': 500, 'model__subsample': 0.2}",0.21030604171763756,0.17424217430290156,-0.24102931409171457,-0.15820743200544407,0.109766136637937,0.019015521312263493,0.18327811805044025,204,0.8876172759464127,0.8933463920067717,0.9186637815276989,0.9284761927199976,0.9270838561080019,0.9110374996617765,0.017211832643941924
14.053892850875854,4.614030572685883,0.016208839416503907,0.014658012361700298,0.06,absolute_error,12,500,0.4,"{'model__learning_rate': 0.06, 'model__loss': 'absolute_error', 'model__max_depth': 12, 'model__n_estimators': 500, 'model__subsample': 0.4}",0.24334177284023062,0.14654422345637064,-0.38593129117097336,-0.07068684887317711,0.14586761493068368,0.01582709423662689,0.2256789296640969,214,0.9477783953438041,0.9544220895374139,0.9799665127879622,0.9851326606932886,0.984046357225527,0.970269203117599,0.01588544997412362
21.997031688690186,9.042837223358164,0.008926296234130859,0.0007878860837884091,0.06,absolute_error,12,500,0.6000000000000001,"{'model__learning_rate': 0.06, 'model__loss': 'absolute_error', 'model__max_depth': 12, 'model__n_estimators': 500, 'model__subsample': 0.6000000000000001}",0.24494054861771308,0.19166183289262395,-0.37848468012776193,0.059395568480609895,0.0962892411986348,0.04276050221236396,0.22074325920163287,152,0.9557693286095553,0.9569361844277972,0.9956281505165381,0.9819508069537071,0.9894114051161387,0.9759391751247473,0.01657246399327044
33.326217317581175,9.108862107645194,0.009772300720214844,0.0008405013557444152,0.06,absolute_error,12,500,0.8,"{'model__learning_rate': 0.06, 'model__loss': 'absolute_error', 'model__max_depth': 12, 'model__n_estimators': 500, 'model__subsample': 0.8}",0.2699069947080752,0.11170621497790889,-0.2659376894536378,0.1905983506677914,0.18342520749695013,0.09793981567941756,0.18871270199695905,30,0.9831727864287162,0.977215885806826,0.9961795172906208,0.9928570688213971,0.9852407292129054,0.9869331975120931,0.00681201832019042
9.31209044456482,4.4703877818163775,0.009981775283813476,0.0008808952730862956,0.06,absolute_error,12,1000,0.2,"{'model__learning_rate': 0.06, 'model__loss': 'absolute_error', 'model__max_depth': 12, 'model__n_estimators': 1000, 'model__subsample': 0.2}",0.252970476401856,0.20600465516674094,-0.22302417244437245,-0.20999416741375465,0.10019633876253808,0.025230626094601583,0.2035316661158319,188,0.9566819079758977,0.9608473831478973,0.9708669596357278,0.9776109798179013,0.9808187442934071,0.9693651949741662,0.009325780870086366
25.033603525161745,6.420778943407492,0.023266124725341796,0.01582433940128136,0.06,absolute_error,12,1000,0.4,"{'model__learning_rate': 0.06, 'model__loss': 'absolute_error', 'model__max_depth': 12, 'model__n_estimators': 1000, 'model__subsample': 0.4}",0.2627138365998284,0.1862842880160066,-0.3938372569234787,-0.06438460427644266,0.1535162183216876,0.028858496347520246,0.2376454179411288,174,0.9794558532559903,0.9784314139551311,0.9943384421998188,0.995666111140879,0.9946692305754693,0.9885122102254578,0.007831631144524646
44.02307257652283,12.876164921398525,0.01830883026123047,0.01514186730591985,0.06,absolute_error,12,1000,0.6000000000000001,"{'model__learning_rate': 0.06, 'model__loss': 'absolute_error', 'model__max_depth': 12, 'model__n_estimators': 1000, 'model__subsample': 0.6000000000000001}",0.27702909147835697,0.2003161733703388,-0.39028171778041965,0.04978471291752795,0.10693952001207596,0.048757555999576006,0.23290323669632823,138,0.990060280367536,0.9897410459240361,0.9995342410439516,0.9936372736700371,0.9974974427311579,0.9940940567473436,0.0039142648665036325
70.49386940002441,15.430779865534069,0.019733428955078125,0.013446320640753132,0.06,absolute_error,12,1000,0.8,"{'model__learning_rate': 0.06, 'model__loss': 'absolute_error', 'model__max_depth': 12, 'model__n_estimators': 1000, 'model__subsample': 0.8}",0.2569689427122869,0.13996903853135467,-0.2739930391917338,0.17216480219296504,0.17908387623328903,0.09483872409563236,0.18838067347370363,34,0.9966554106149619,0.9957264284181794,0.9996328558065148,0.9994479289622672,0.99907271214737,0.9981070671898588,0.0016020711065402179
4.519095945358276,0.03680582983436598,0.021660470962524415,0.016935523258119235,0.08,squared_error,6,200,0.2,"{'model__learning_rate': 0.08, 'model__loss': 'squared_error', 'model__max_depth': 6, 'model__n_estimators': 200, 'model__subsample': 0.2}",0.2588091672043423,0.04324888070969701,-0.6620989029440028,-0.24174448980058028,0.10130487101416541,-0.10009609476327566,0.3242944779971269,450,0.9827238901479912,0.9878435959013055,0.9857905560333028,0.9852109222069654,0.9899260253931814,0.9862989979365493,0.0024398741240476965
7.619922924041748,2.2850311044159364,0.022065019607543944,0.015983201688011726,0.08,squared_error,6,200,0.4,"{'model__learning_rate': 0.08, 'model__loss': 'squared_error', 'model__max_depth': 6, 'model__n_estimators': 200, 'model__subsample': 0.4}",0.15358338595964494,0.14329786679188383,-0.7177524959684765,-0.08589255947606311,0.17117843848419045,-0.06711707284176407,0.338658194284418,369,0.9999449672634998,0.9999545041804477,0.9999489468888855,0.9999428176257281,0.999952552584317,0.9999487577085757,4.407059522343965e-06
11.627330636978149,3.4379463546390294,0.014517545700073242,0.013188108281537993,0.08,squared_error,6,200,0.6000000000000001,"{'model__learning_rate': 0.08, 'model__loss': 'squared_error', 'model__max_depth': 6, 'model__n_estimators': 200, 'model__subsample': 0.6000000000000001}",0.17489774836077765,0.21402177313447956,-0.6434150503479181,0.12206134498604493,0.14284033305580268,0.0020812298378373394,0.32424007891394796,229,0.9999998251543152,0.9999998643353114,0.9999998972630333,0.99999988404495,0.9999998672366073,0.9999998676068433,2.434238318518861e-08
11.024388933181763,5.462083667895,0.008412742614746093,0.0009794967590556472,0.08,squared_error,6,200,0.8,"{'model__learning_rate': 0.08, 'model__loss': 'squared_error', 'model__max_depth': 6, 'model__n_estimators': 200, 'model__subsample': 0.8}",0.1905746006626694,0.1642650436642329,-0.8051518048749242,-0.11238492809323031,0.08116672909281808,-0.09630607190968683,0.3699770869721191,444,0.9999999996758115,0.9999999996791703,0.9999999997021518,0.9999999993136993,0.9999999995661828,0.9999999995874032,1.4475399924783518e-10
8.143192386627197,3.2982976848340253,0.017026376724243165,0.014700815446538616,0.08,squared_error,6,500,0.2,"{'model__learning_rate': 0.08, 'model__loss': 'squared_error', 'model__max_depth': 6, 'model__n_estimators': 500, 'model__subsample': 0.2}",0.25807867055862144,0.04584682324466138,-0.7446677780765822,-0.22886417828895755,0.10601800876978762,-0.11271769075849387,0.35308040793626594,471,0.9999150554394587,0.9999596866589832,0.9999464614616618,0.9999552804682748,0.9999646131013891,0.9999482194259535,1.7624124290215167e-05
13.9644145488739,6.455452010562919,0.01695842742919922,0.014785922543468066,0.08,squared_error,6,500,0.4,"{'model__learning_rate': 0.08, 'model__loss': 'squared_error', 'model__max_depth': 6, 'model__n_estimators': 500, 'model__subsample': 0.4}",0.1525333933344205,0.142149728545652,-0.7169359974169958,-0.08515822437238629,0.17218439952599762,-0.06704534007666238,0.33819941108417906,368,0.9999999999453053,0.9999999999364139,0.999999999887742,0.9999999999376302,0.9999999999596557,0.9999999999333493,2.4259907506719712e-11
19.414255952835084,6.680774723976455,0.02930612564086914,0.01630586100931799,0.08,squared_error,6,500,0.6000000000000001,"{'model__learning_rate': 0.08, 'model__loss': 'squared_error', 'model__max_depth': 6, 'model__n_estimators': 500, 'model__subsample': 0.6000000000000001}",0.17481705119815816,0.21406293273197696,-0.6433576878853611,0.12215012577584439,0.14286877471466675,0.002108239307057036,0.3242230626501692,227,0.9999999999999994,0.9999999999999994,0.9999999999999996,0.9999999999999996,0.9999999999999993,0.9999999999999994,8.599750569898517e-17
21.87194356918335,6.386577279294761,0.029109907150268555,0.016021331414200535,0.08,squared_error,6,500,0.8,"{'model__learning_rate': 0.08, 'model__loss': 'squared_error', 'model__max_depth': 6, 'model__n_estimators': 500, 'model__subsample': 0.8}",0.1905741300489725,0.1642659281690213,-0.8051489996698842,-0.11238516090633666,0.08116987068247461,-0.09630484633515049,0.36997636709144976,442,0.9999999999999994,0.9999999999999996,0.9999999999999996,0.9999999999999996,0.9999999999999994,0.9999999999999994,8.599750569898517e-17
14.49256067276001,4.927676657784716,0.012203693389892578,0.0009408018278435568,0.08,squared_error,6,1000,0.2,"{'model__learning_rate': 0.08, 'model__loss': 'squared_error', 'model__max_depth': 6, 'model__n_estimators': 1000, 'model__subsample': 0.2}",0.2591747382430829,0.04752243439770887,-0.7448674507355519,-0.23093959520702256,0.1064046750677331,-0.11254103964680992,0.3537188344904648,470,0.9999999915394621,0.9999999923399743,0.9999999917375202,0.999999993760883,0.9999999932860264,0.9999999925327734,8.639340085381768e-10
24.921865129470824,4.535387591284057,0.030851221084594725,0.016579859578504004,0.08,squared_error,6,1000,0.4,"{'model__learning_rate': 0.08, 'model__loss': 'squared_error', 'model__max_depth': 6, 'model__n_estimators': 1000, 'model__subsample': 0.4}",0.15253377127986012,0.1421479222187947,-0.716934592223655,-0.08515685273398876,0.17218498470427845,-0.0670449533509421,0.33819876474490457,367,0.9999999999999996,0.9999999999999996,0.9999999999999996,0.9999999999999996,0.9999999999999994,0.9999999999999994,9.930136612989092e-17
24.77509117126465,6.30064908717998,0.017663335800170897,0.013564481251562977,0.08,squared_error,6,1000,0.6000000000000001,"{'model__learning_rate': 0.08, 'model__loss': 'squared_error', 'model__max_depth': 6, 'model__n_estimators': 1000, 'model__subsample': 0.6000000000000001}",0.17481705225587396,0.21406293462180093,-0.6433576888775909,0.12215012393446756,0.1428687745588737,0.002108239298685044,0.32422306325513084,228,0.9999999999999996,0.9999999999999996,0.9999999999999996,0.9999999999999996,0.9999999999999994,0.9999999999999994,9.930136612989092e-17
22.519666337966918,5.6934320228737425,0.0371513843536377,0.013982143761951914,0.08,squared_error,6,1000,0.8,"{'model__learning_rate': 0.08, 'model__loss': 'squared_error', 'model__max_depth': 6, 'model__n_estimators': 1000, 'model__subsample': 0.8}",0.19057413000756362,0.16426592825754516,-0.8051489997598145,-0.11238516108272334,0.0811698700697221,-0.09630484650154139,0.369976367074704,443,0.9999999999999994,0.9999999999999996,0.9999999999999996,0.9999999999999996,0.9999999999999994,0.9999999999999994,8.599750569898517e-17
3.0924262046813964,1.554375907916176,0.01766352653503418,0.018794787908875003,0.08,squared_error,9,200,0.2,"{'model__learning_rate': 0.08, 'model__loss': 'squared_error', 'model__max_depth': 9, 'model__n_estimators': 200, 'model__subsample': 0.2}",-0.09505263348317672,-0.16053988121073282,-0.8704485038940224,-0.2575900023612161,0.20827218282588156,-0.2350717676246533,0.35381489123755067,585,0.9860881465012523,0.984108529430459,0.98379817539344,0.987583529671776,0.985598183229601,0.9854353128453057,0.0013789943686730967
8.608459281921387,2.763543421267305,0.02615799903869629,0.021856359773994454,0.08,squared_error,9,200,0.4,"{'model__learning_rate': 0.08, 'model__loss': 'squared_error', 'model__max_depth': 9, 'model__n_estimators': 200, 'model__subsample': 0.4}",0.2275375976715428,0.07538818347622189,-0.8790650315520243,-0.1848102605568711,0.022213368488986474,-0.14774722849442884,0.3887709132039958,516,0.9999631409102107,0.9999715712583248,0.9999629888358843,0.9999747818915029,0.9999741829892866,0.9999693331770418,5.230927434958781e-06
15.65392050743103,3.438180116879111,0.02202596664428711,0.016507786478774527,0.08,squared_error,9,200,0.6000000000000001,"{'model__learning_rate': 0.08, 'model__loss': 'squared_error', 'model__max_depth': 9, 'model__n_estimators': 200, 'model__subsample': 0.6000000000000001}",0.18887262963521367,0.10392210030967519,-0.7006883181024659,0.1101258959056467,0.20790208455247428,-0.017973121539891213,0.34385247316376955,267,0.9999999597565367,0.9999999669996811,0.9999999810859681,0.9999999632623607,0.9999999656639269,0.9999999673536948,7.2939947568793e-09
15.378039216995239,7.159622635070606,0.01769094467163086,0.013052489936153046,0.08,squared_error,9,200,0.8,"{'model__learning_rate': 0.08, 'model__loss': 'squared_error', 'model__max_depth': 9, 'model__n_estimators': 200, 'model__subsample': 0.8}",0.16941081938533098,0.116477635247492,-0.9924743810694991,-0.2832640376051714,0.13820342368238536,-0.17032930807189245,0.44306902344750104,543,0.9999999999628714,0.9999999999684541,0.9999999999807533,0.9999999999744366,0.9999999999748371,0.9999999999722705,6.101564964346225e-12
9.164370059967041,3.8067315822641943,0.016334915161132814,0.012344526575383064,0.08,squared_error,9,500,0.2,"{'model__learning_rate': 0.08, 'model__loss': 'squared_error', 'model__max_depth': 9, 'model__n_estimators': 500, 'model__subsample': 0.2}",-0.10021110208880324,-0.18093103142230937,-0.8779628849913146,-0.20799835103689945,0.23171874481644927,-0.2270769249445755,0.3613127100055086,580,0.9999352082570334,0.9998972530604977,0.9999296700447527,0.999955307124619,0.9999443909951616,0.9999323658964128,1.9591635090513307e-05
16.3498263835907,6.375289284956984,0.025495386123657225,0.01691739007141277,0.08,squared_error,9,500,0.4,"{'model__learning_rate': 0.08, 'model__loss': 'squared_error', 'model__max_depth': 9, 'model__n_estimators': 500, 'model__subsample': 0.4}",0.2277300896228005,0.07558730431395677,-0.8778409294065781,-0.18425929103104233,0.021743193013373574,-0.14740792669749792,0.3883189153625841,515,0.9999999999414374,0.9999999999716218,0.9999999999182557,0.9999999999808038,0.999999999988502,0.9999999999601241,2.633364751904694e-11
29.201559352874757,10.172604440307538,0.0237152099609375,0.01666473275583281,0.08,squared_error,9,500,0.6000000000000001,"{'model__learning_rate': 0.08, 'model__loss': 'squared_error', 'model__max_depth': 9, 'model__n_estimators': 500, 'model__subsample': 0.6000000000000001}",0.1888810495965182,0.10396307642256797,-0.7006921639534793,0.1101538696400618,0.20790562469793028,-0.017957708719280218,0.3438604682272216,266,0.9999999999999994,0.9999999999999996,0.9999999999999996,0.9999999999999996,0.9999999999999994,0.9999999999999994,8.599750569898517e-17
25.677606344223022,9.040968095096028,0.017035484313964844,0.013120971851629712,0.08,squared_error,9,500,0.8,"{'model__learning_rate': 0.08, 'model__loss': 'squared_error', 'model__max_depth': 9, 'model__n_estimators': 500, 'model__subsample': 0.8}",0.1694113151580674,0.11647751880109702,-0.992474850680803,-0.2832634632918438,0.13820328694640205,-0.17032923861341606,0.44306921036092706,542,0.9999999999999994,0.9999999999999996,0.9999999999999996,0.9999999999999996,0.9999999999999994,0.9999999999999994,8.599750569898517e-17
20.538381719589232,6.147245873672989,0.03526568412780762,0.015759350460987104,0.08,squared_error,9,1000,0.2,"{'model__learning_rate': 0.08, 'model__loss': 'squared_error', 'model__max_depth': 9, 'model__n_estimators': 1000, 'model__subsample': 0.2}",-0.09765006788325192,-0.18129179783206983,-0.8839711440055085,-0.20837740474060062,0.23266732606685914,-0.22772461767891433,0.3638873328638102,581,0.9999999761505941,0.9999999808015779,0.9999999902800232,0.999999990864078,0.9999999947688286,0.9999999865730205,6.946406771111876e-09
20.292520380020143,7.713254987467038,0.012901926040649414,0.001196694567648442,0.08,squared_error,9,1000,0.4,"{'model__learning_rate': 0.08, 'model__loss': 'squared_error', 'model__max_depth': 9, 'model__n_estimators': 1000, 'model__subsample': 0.4}",0.22773054256720282,0.07558777253525673,-0.8778343034007501,-0.18426023668192926,0.021743642270363073,-0.14740651654197134,0.38831662102154324,514,0.9999999999999996,0.9999999999999996,0.9999999999999996,0.9999999999999996,0.9999999999999994,0.9999999999999994,9.930136612989092e-17
23.284960985183716,10.062984561864285,0.01867356300354004,0.015239686388965343,0.08,squared_error,9,1000,0.6000000000000001,"{'model__learning_rate': 0.08, 'model__loss': 'squared_error', 'model__max_depth': 9, 'model__n_estimators': 1000, 'model__subsample': 0.6000000000000001}",0.18888104932274474,0.10396307636085922,-0.7006921612312678,0.11015386908772395,0.20790562395485634,-0.0179577085010167,0.3438604669701465,265,0.9999999999999996,0.9999999999999996,0.9999999999999996,0.9999999999999996,0.9999999999999994,0.9999999999999994,9.930136612989092e-17
32.169005918502805,7.0128443265537275,0.03566579818725586,0.013857352618667764,0.08,squared_error,9,1000,0.8,"{'model__learning_rate': 0.08, 'model__loss': 'squared_error', 'model__max_depth': 9, 'model__n_estimators': 1000, 'model__subsample': 0.8}",0.16941131495018424,0.11647751941961937,-0.9924748509319348,-0.28326346333886376,0.13820328689921157,-0.17032923860035667,0.44306921049814596,541,0.9999999999999996,0.9999999999999996,0.9999999999999996,0.9999999999999996,0.9999999999999994,0.9999999999999994,9.930136612989092e-17
3.738821840286255,1.4124812450775777,0.02257814407348633,0.017072572301739704,0.08,squared_error,12,200,0.2,"{'model__learning_rate': 0.08, 'model__loss': 'squared_error', 'model__max_depth': 12, 'model__n_estimators': 200, 'model__subsample': 0.2}",0.16077721100202302,0.13742251320273302,-0.9783294185439437,-0.4353829794491999,0.0890784502015185,-0.20528684471737382,0.4446667462078464,569,0.9884699909268461,0.9854294804947216,0.9877523552886478,0.9842033460573326,0.9910767622841531,0.9873863870103403,0.0024036735514440357
8.270034074783325,2.7941149477594958,0.016098451614379884,0.01392919603292008,0.08,squared_error,12,200,0.4,"{'model__learning_rate': 0.08, 'model__loss': 'squared_error', 'model__max_depth': 12, 'model__n_estimators': 200, 'model__subsample': 0.4}",0.13336897438118323,0.16338336657229402,-0.9487732158458022,-0.03893203399331435,0.06774487792442374,-0.12464160619224311,0.41787066053775807,482,0.9999654254648589,0.9999664238342365,0.9999761992243674,0.9999806123486319,0.9999669485659494,0.9999711218876088,6.128388863298285e-06
9.832048416137695,4.1051361677534315,0.017006969451904295,0.01311261041394579,0.08,squared_error,12,200,0.6000000000000001,"{'model__learning_rate': 0.08, 'model__loss': 'squared_error', 'model__max_depth': 12, 'model__n_estimators': 200, 'model__subsample': 0.6000000000000001}",0.20233177288357018,0.16722176691521418,-1.0015787485427419,0.13257536340628617,0.21530468054180574,-0.05682903295917312,0.47325382041586184,330,0.9999999753427037,0.9999999727659152,0.9999999830952663,0.9999999783849342,0.9999999634400062,0.9999999746057652,6.5567682127967985e-09
19.48629984855652,7.49870450645623,0.01694788932800293,0.012982176449701484,0.08,squared_error,12,200,0.8,"{'model__learning_rate': 0.08, 'model__loss': 'squared_error', 'model__max_depth': 12, 'model__n_estimators': 200, 'model__subsample': 0.8}",0.1463956617434169,0.02826586338996684,-0.9912799706335162,-0.05314809124638509,0.15318896631581191,-0.14331551408614113,0.43092030007991605,513,0.9999999999783737,0.9999999999713617,0.9999999999903104,0.999999999981522,0.9999999999830228,0.999999999980918,6.17752211043381e-12
8.296974849700927,3.4400635596775824,0.02449960708618164,0.014829264790568739,0.08,squared_error,12,500,0.2,"{'model__learning_rate': 0.08, 'model__loss': 'squared_error', 'model__max_depth': 12, 'model__n_estimators': 500, 'model__subsample': 0.2}",0.15875690405248621,0.10224135215448138,-0.9520343260481772,-0.5185739595610375,0.1116509533609592,-0.21959181520825757,0.44323999527065466,578,0.999949765104825,0.9999368163517461,0.9999242284929378,0.9999187868800886,0.9999554078409378,0.9999370009341071,1.4118493978116684e-05
18.94879779815674,4.003918770713339,0.03753561973571777,0.012810704573208832,0.08,squared_error,12,500,0.4,"{'model__learning_rate': 0.08, 'model__loss': 'squared_error', 'model__max_depth': 12, 'model__n_estimators': 500, 'model__subsample': 0.4}",0.1325443286766813,0.1643578470840542,-0.9526854521225618,-0.040030050585616817,0.06793636071494635,-0.12557539324649936,0.41941934355974597,484,0.999999999955484,0.9999999999542419,0.9999999999776308,0.9999999999891611,0.9999999999847016,0.9999999999722439,1.466538358183843e-11
28.2971764087677,10.326477073254928,0.024429893493652342,0.016781128610165355,0.08,squared_error,12,500,0.6000000000000001,"{'model__learning_rate': 0.08, 'model__loss': 'squared_error', 'model__max_depth': 12, 'model__n_estimators': 500, 'model__subsample': 0.6000000000000001}",0.20231729975415935,0.16724646096691853,-1.0016015851238778,0.1326031608638505,0.21533528283487213,-0.05681987614081545,0.47326943583751707,328,0.9999999999999996,0.9999999999999996,0.9999999999999996,0.9999999999999996,0.9999999999999994,0.9999999999999994,9.930136612989092e-17
33.35777502059936,8.052631115483583,0.02329111099243164,0.016709309676532773,0.08,squared_error,12,500,0.8,"{'model__learning_rate': 0.08, 'model__loss': 'squared_error', 'model__max_depth': 12, 'model__n_estimators': 500, 'model__subsample': 0.8}",0.1463965799614233,0.028266645902768617,-0.9912802395221889,-0.05314689957898033,0.15318887644720336,-0.1433150073579548,0.4309206291868895,512,0.9999999999999994,0.9999999999999996,0.9999999999999996,0.9999999999999996,0.9999999999999994,0.9999999999999994,8.599750569898517e-17
16.39280209541321,6.062836172389074,0.027341842651367188,0.014961388204175377,0.08,squared_error,12,1000,0.2,"{'model__learning_rate': 0.08, 'model__loss': 'squared_error', 'model__max_depth': 12, 'model__n_estimators': 1000, 'model__subsample': 0.2}",0.15764664755332025,0.10318498409840582,-0.9538698934400189,-0.5221690820576579,0.11204611099472117,-0.22063224657024588,0.4443398069388498,579,0.9999999878559046,0.9999999894991535,0.9999999903921284,0.9999999853356001,0.9999999978263071,0.9999999901818187,4.1915194441305806e-09
30.651835012435914,9.000800330646438,0.027491664886474608,0.016474786547556578,0.08,squared_error,12,1000,0.4,"{'model__learning_rate': 0.08, 'model__loss': 'squared_error', 'model__max_depth': 12, 'model__n_estimators': 1000, 'model__subsample': 0.4}",0.13254365346524866,0.1643587472962471,-0.9526844564228469,-0.0400301903527589,0.06793716056578603,-0.12557501708966481,0.4194190603051975,483,0.9999999999999996,0.9999999999999996,0.9999999999999996,0.9999999999999996,0.9999999999999994,0.9999999999999994,9.930136612989092e-17
33.02298793792725,9.71686510787908,0.022069787979125975,0.01569638992095436,0.08,squared_error,12,1000,0.6000000000000001,"{'model__learning_rate': 0.08, 'model__loss': 'squared_error', 'model__max_depth': 12, 'model__n_estimators': 1000, 'model__subsample': 0.6000000000000001}",0.20231729990736025,0.1672464609728994,-1.0016015858396439,0.13260315977153636,0.2153352834244736,-0.056819876352674846,0.47326943612100747,329,0.9999999999999996,0.9999999999999996,0.9999999999999996,0.9999999999999996,0.9999999999999994,0.9999999999999994,9.930136612989092e-17
28.50508189201355,9.13143608921407,0.013281774520874024,0.002992097224894211,0.08,squared_error,12,1000,0.8,"{'model__learning_rate': 0.08, 'model__loss': 'squared_error', 'model__max_depth': 12, 'model__n_estimators': 1000, 'model__subsample': 0.8}",0.14639657985450683,0.028266645895797304,-0.9912802393471698,-0.05314689931321026,0.1531888762892203,-0.14331500732417113,0.4309206290924592,511,0.9999999999999996,0.9999999999999996,0.9999999999999996,0.9999999999999996,0.9999999999999994,0.9999999999999994,9.930136612989092e-17
2.647946310043335,0.9492103525468557,0.025921106338500977,0.020255050252667325,0.08,absolute_error,6,200,0.2,"{'model__learning_rate': 0.08, 'model__loss': 'absolute_error', 'model__max_depth': 6, 'model__n_estimators': 200, 'model__subsample': 0.2}",0.16932150240390953,0.2754147085661365,-0.21752138942583565,-0.0017738677684513426,-0.0047667203904491195,0.04413484667706198,0.16859717227921406,148,0.7688595401215434,0.8101599434071362,0.8041073246998248,0.808375561088513,0.8663400762636039,0.8115684891161242,0.03127883900571288
4.927899789810181,2.1828703644150687,0.007421541213989258,0.0005613913725764039,0.08,absolute_error,6,200,0.4,"{'model__learning_rate': 0.08, 'model__loss': 'absolute_error', 'model__max_depth': 6, 'model__n_estimators': 200, 'model__subsample': 0.4}",0.21521400055370288,0.17826219081063632,-0.2636121755784977,0.1982445044572375,0.19233093789187816,0.10408789162699143,0.18423163741402793,24,0.9287145033626315,0.907618387525551,0.9342170150735013,0.9253958819874919,0.8969846162626854,0.9185860808423723,0.014001414271438143
8.134109354019165,3.3132290759212264,0.02301201820373535,0.01846868996984082,0.08,absolute_error,6,200,0.6000000000000001,"{'model__learning_rate': 0.08, 'model__loss': 'absolute_error', 'model__max_depth': 6, 'model__n_estimators': 200, 'model__subsample': 0.6000000000000001}",0.18235143602503612,-0.09807528601744164,-0.41117277815742304,0.10525220930021817,0.11106395599273777,-0.022116092571374524,0.2158246897719049,275,0.9106446828925209,0.9435978450331137,0.9721713511473515,0.944410636243477,0.9556612080802227,0.9452971446793372,0.020169796269889836
15.946978425979614,2.1488412460671125,0.01458725929260254,0.012633136906772816,0.08,absolute_error,6,200,0.8,"{'model__learning_rate': 0.08, 'model__loss': 'absolute_error', 'model__max_depth': 6, 'model__n_estimators': 200, 'model__subsample': 0.8}",0.1918967992323295,0.19214720724251488,-0.270776418784632,0.03248583957823703,0.1288618494478624,0.05492305534326236,0.17299872586326903,124,0.8944016351005152,0.9521684332172303,0.98425067303005,0.9721892353072071,0.9680914330028578,0.9542202819315723,0.03162150249065018
6.3930410861969,2.3957007305069715,0.017795467376708986,0.014851588751078762,0.08,absolute_error,6,500,0.2,"{'model__learning_rate': 0.08, 'model__loss': 'absolute_error', 'model__max_depth': 6, 'model__n_estimators': 500, 'model__subsample': 0.2}",0.16199906607712833,0.3726298463092139,-0.2127909161469015,-0.015875293785211575,-0.005823656365159469,0.06002780921781394,0.1962885245212785,113,0.9303185772839353,0.9314670661874024,0.9206280898054936,0.9226548624070107,0.9506380524152229,0.9311413296198129,0.010615588185551224
12.58206205368042,3.769643463052825,0.017038631439208984,0.014309729887355814,0.08,absolute_error,6,500,0.4,"{'model__learning_rate': 0.08, 'model__loss': 'absolute_error', 'model__max_depth': 6, 'model__n_estimators': 500, 'model__subsample': 0.4}",0.23648291851818948,0.18032942381951267,-0.2702213694258693,0.1658271058214339,0.23428739168927037,0.10934109408450743,0.19187198700802535,17,0.9767315558451617,0.9734547355417444,0.9883445548771833,0.9701359931563902,0.9705748412398202,0.97584833613206,0.006679902610423375
22.385198259353636,6.063667905390177,0.016386938095092774,0.013422733928578165,0.08,absolute_error,6,500,0.6000000000000001,"{'model__learning_rate': 0.08, 'model__loss': 'absolute_error', 'model__max_depth': 6, 'model__n_estimators': 500, 'model__subsample': 0.6000000000000001}",0.1926585813961762,-0.07985722580058185,-0.43795334200282676,0.07602049826766788,0.1259194105019691,-0.024642415527519092,0.22534249761306474,283,0.9708600503991882,0.9742072404666943,0.9983141534820643,0.9822468882493729,0.9870810191887028,0.9825418703572044,0.009750761759703346
33.020847940444945,6.2902342288365585,0.014210367202758789,0.008468518710989362,0.08,absolute_error,6,500,0.8,"{'model__learning_rate': 0.08, 'model__loss': 'absolute_error', 'model__max_depth': 6, 'model__n_estimators': 500, 'model__subsample': 0.8}",0.24968474342792057,0.1938539888982137,-0.2902171611417663,0.012872174187028351,0.1259171457115934,0.05842217821659794,0.19136504730394077,118,0.9795423430449903,0.988331650717793,0.9971041661144031,0.9923878626991693,0.9956077466788967,0.9905947538510504,0.006292776888865528
14.255715799331664,3.3810167704220153,0.023965930938720702,0.01671669212076145,0.08,absolute_error,6,1000,0.2,"{'model__learning_rate': 0.08, 'model__loss': 'absolute_error', 'model__max_depth': 6, 'model__n_estimators': 1000, 'model__subsample': 0.2}",0.16189541441423272,0.38928029715908474,-0.3097559959791689,-0.12487449143731322,-0.017318887553321893,0.019845267320702686,0.2398426406260279,201,0.9713266559978291,0.9824364934298007,0.980170461672752,0.9761912388803453,0.9822884039415576,0.9784826507844568,0.004229046328715663
29.125472450256346,3.652279340348342,0.012191057205200195,0.0022478905921621425,0.08,absolute_error,6,1000,0.4,"{'model__learning_rate': 0.08, 'model__loss': 'absolute_error', 'model__max_depth': 6, 'model__n_estimators': 1000, 'model__subsample': 0.4}",0.25612646051345256,0.1671177015655797,-0.2550218593202851,0.1757478271790428,0.23915073342199178,0.11662417267195635,0.18901831788492165,9,0.9961782989085298,0.9937977139115067,0.9978756380074364,0.9878892933911186,0.9932354979244761,0.9937952884286135,0.0033918178107674012
40.627229642868045,6.623651812013783,0.02170591354370117,0.008214459598602411,0.08,absolute_error,6,1000,0.6000000000000001,"{'model__learning_rate': 0.08, 'model__loss': 'absolute_error', 'model__max_depth': 6, 'model__n_estimators': 1000, 'model__subsample': 0.6000000000000001}",0.2129125211829127,-0.05502014236120645,-0.4460235546381486,0.06571509133058884,0.1397084644916461,-0.016541523998841477,0.2322777592590996,259,0.9946433379045485,0.992293085107001,0.9998717090818452,0.997917215392019,0.9981079543707564,0.9965666603712341,0.0027234370889214835
47.43036937713623,4.13591952238997,0.01829376220703125,0.00497855897900022,0.08,absolute_error,6,1000,0.8,"{'model__learning_rate': 0.08, 'model__loss': 'absolute_error', 'model__max_depth': 6, 'model__n_estimators': 1000, 'model__subsample': 0.8}",0.26088912664537933,0.19013691768590235,-0.29701911808870207,-0.0095640085643931,0.12130867160893088,0.05315031785742348,0.19652888999060278,126,0.9996406090975735,0.9994543216075152,0.9996054293245813,0.9998112630862476,0.9997908676371233,0.9996604981506081,0.00013089170010732127
1.742501974105835,0.5036909066355038,0.013431310653686523,0.006524203441543102,0.08,absolute_error,9,200,0.2,"{'model__learning_rate': 0.08, 'model__loss': 'absolute_error', 'model__max_depth': 9, 'model__n_estimators': 200, 'model__subsample': 0.2}",0.16932150240390953,0.2754147085661365,-0.21752138942583565,-0.0017738677684513426,-0.0047667203904491195,0.04413484667706198,0.16859717227921406,148,0.7688595401215434,0.8101599434071362,0.8041073246998248,0.808375561088513,0.8663400762636039,0.8115684891161242,0.03127883900571288
4.694907522201538,1.2899209203960122,0.013029718399047851,0.009552080970133025,0.08,absolute_error,9,200,0.4,"{'model__learning_rate': 0.08, 'model__loss': 'absolute_error', 'model__max_depth': 9, 'model__n_estimators': 200, 'model__subsample': 0.4}",0.22264362762419576,0.2502622079347703,-0.2717271220262172,0.09116691595580917,0.1952898711025064,0.09752710011821289,0.1923168482060196,31,0.9428536809822503,0.8940158677400897,0.938736619178791,0.9356002023460979,0.9224613601337202,0.9267335460761899,0.01772708749420632
8.12509183883667,1.69693025344346,0.02247276306152344,0.011645746651337123,0.08,absolute_error,9,200,0.6000000000000001,"{'model__learning_rate': 0.08, 'model__loss': 'absolute_error', 'model__max_depth': 9, 'model__n_estimators': 200, 'model__subsample': 0.6000000000000001}",0.20208653123181142,0.021909797520855756,-0.5856576694012932,-0.023835834132454492,0.07272804961197277,-0.06255382503382154,0.2722522808420921,354,0.9320670386865786,0.9424498086472698,0.9630390797439753,0.9572973864779181,0.9635970274716992,0.9516900682054882,0.012429508793830035
9.270534133911132,1.5927315261702637,0.016548871994018555,0.009002569300650645,0.08,absolute_error,9,200,0.8,"{'model__learning_rate': 0.08, 'model__loss': 'absolute_error', 'model__max_depth': 9, 'model__n_estimators': 200, 'model__subsample': 0.8}",0.21341695776009606,0.1942835308589601,-0.43782716412285483,0.15754023441635867,0.11140171010837019,0.04776305380418604,0.24527871240610472,143,0.9320197110181359,0.9574486244641183,0.9799747271493913,0.9806325055958879,0.9622797009219558,0.9624710538298977,0.017825614164078612
4.715294599533081,1.3580975582862174,0.0091094970703125,0.0006634689669332913,0.08,absolute_error,9,500,0.2,"{'model__learning_rate': 0.08, 'model__loss': 'absolute_error', 'model__max_depth': 9, 'model__n_estimators': 500, 'model__subsample': 0.2}",0.16199906607712833,0.3726298463092139,-0.2127909161469015,-0.015875293785211575,-0.005823656365159469,0.06002780921781394,0.1962885245212785,113,0.9303185772839353,0.9314670661874024,0.9206280898054936,0.9226548624070107,0.9506380524152229,0.9311413296198129,0.010615588185551224
11.039857244491577,1.7091843564316274,0.013981342315673828,0.004649134501349698,0.08,absolute_error,9,500,0.4,"{'model__learning_rate': 0.08, 'model__loss': 'absolute_error', 'model__max_depth': 9, 'model__n_estimators': 500, 'model__subsample': 0.4}",0.24767962734843751,0.2806966675926995,-0.37810414177326757,0.06355880474506503,0.20846849095619602,0.0844598897738261,0.2428703471016366,59,0.9812598336166787,0.9658780084919255,0.989189967570917,0.9832457853916602,0.9716354506415908,0.9782418091425544,0.008372788808662268
15.6689444065094,1.7808251855020982,0.010409164428710937,0.002529414774345965,0.08,absolute_error,9,500,0.6000000000000001,"{'model__learning_rate': 0.08, 'model__loss': 'absolute_error', 'model__max_depth': 9, 'model__n_estimators': 500, 'model__subsample': 0.6000000000000001}",0.21562393466987362,0.043249901157340065,-0.6403649132586315,-0.02315464444685511,0.09897383412567073,-0.061134377550520445,0.3000254502851118,346,0.9779357846038988,0.9827276880507653,0.9913374826055661,0.9799051140253224,0.9912377941692999,0.9846287726909704,0.00564639915612901
19.767959928512575,1.1857911171051554,0.010683202743530273,0.0013918193360611876,0.08,absolute_error,9,500,0.8,"{'model__learning_rate': 0.08, 'model__loss': 'absolute_error', 'model__max_depth': 9, 'model__n_estimators': 500, 'model__subsample': 0.8}",0.2672476524727564,0.2410837719134078,-0.485186601695611,0.16204750466386486,0.13065056208203507,0.06316857788729062,0.2786848931233102,104,0.996022013847694,0.9960090390354216,0.9956203440617198,0.9937680092113604,0.9919942882515699,0.9946827388815531,0.001580906712386702
8.185581254959107,0.7196157781642076,0.011537837982177734,0.0023922876763261556,0.08,absolute_error,9,1000,0.2,"{'model__learning_rate': 0.08, 'model__loss': 'absolute_error', 'model__max_depth': 9, 'model__n_estimators': 1000, 'model__subsample': 0.2}",0.16189541441423272,0.38928029715908474,-0.3097559959791689,-0.12487449143731322,-0.017318887553321893,0.019845267320702686,0.2398426406260279,201,0.9713266559978291,0.9824364934298007,0.980170461672752,0.9761912388803453,0.9822884039415576,0.9784826507844568,0.004229046328715663
15.664688396453858,0.4532691651627393,0.01098008155822754,0.000850310286461708,0.08,absolute_error,9,1000,0.4,"{'model__learning_rate': 0.08, 'model__loss': 'absolute_error', 'model__max_depth': 9, 'model__n_estimators': 1000, 'model__subsample': 0.4}",0.24710641564303837,0.27366378500223676,-0.3705058505325711,0.07677188790847278,0.20579286345463843,0.08656582029516305,0.23832937391667974,53,0.9956740434590127,0.9915351191566251,0.9969776288825929,0.9966987905868873,0.9944706322672796,0.9950712428704795,0.0019754235881076984
38.75970296859741,3.018555942755036,0.03191308975219727,0.015671787298129607,0.08,absolute_error,9,1000,0.6000000000000001,"{'model__learning_rate': 0.08, 'model__loss': 'absolute_error', 'model__max_depth': 9, 'model__n_estimators': 1000, 'model__subsample': 0.6000000000000001}",0.22609011551398794,0.05300812894179607,-0.6499517258527401,-0.028070389700241227,0.11344072707678154,-0.05709662880408315,0.30780528528265066,332,0.9973165451037544,0.9979983468225668,0.9987162237900413,0.9947574239557865,0.9983837038649647,0.9974344487074227,0.0014172068713801831
55.959984350204465,14.712415181778969,0.02649979591369629,0.015876762374467536,0.08,absolute_error,9,1000,0.8,"{'model__learning_rate': 0.08, 'model__loss': 'absolute_error', 'model__max_depth': 9, 'model__n_estimators': 1000, 'model__subsample': 0.8}",0.2776760195668304,0.24254775759677194,-0.5020120647378437,0.16612413940261206,0.14103444022477685,0.06507405841062952,0.2878417194680711,103,0.9998264890905257,0.9999260356825235,0.9998744458596798,0.9983663431108359,0.9997938419550856,0.9995574311397302,0.0005972169771048118
1.3267565727233888,0.019575310116397016,0.008718442916870118,0.0011032144249155896,0.08,absolute_error,12,200,0.2,"{'model__learning_rate': 0.08, 'model__loss': 'absolute_error', 'model__max_depth': 12, 'model__n_estimators': 200, 'model__subsample': 0.2}",0.16932150240390953,0.2754147085661365,-0.21752138942583565,-0.0017738677684513426,-0.0047667203904491195,0.04413484667706198,0.16859717227921406,148,0.7688595401215434,0.8101599434071362,0.8041073246998248,0.808375561088513,0.8663400762636039,0.8115684891161242,0.03127883900571288
3.505461502075195,0.6413916321232078,0.008492279052734374,0.0013821006573361415,0.08,absolute_error,12,200,0.4,"{'model__learning_rate': 0.08, 'model__loss': 'absolute_error', 'model__max_depth': 12, 'model__n_estimators': 200, 'model__subsample': 0.4}",0.22264362762419576,0.2502622079347703,-0.2717271220262172,0.09116691595580917,0.1952898711025064,0.09752710011821289,0.1923168482060196,31,0.9428536809822503,0.8940158677400897,0.938736619178791,0.9356002023460979,0.9224613601337202,0.9267335460761899,0.01772708749420632
8.865316343307494,2.753280631180938,0.022709131240844727,0.017597956231369807,0.08,absolute_error,12,200,0.6000000000000001,"{'model__learning_rate': 0.08, 'model__loss': 'absolute_error', 'model__max_depth': 12, 'model__n_estimators': 200, 'model__subsample': 0.6000000000000001}",0.20208653123181142,0.021909797520855756,-0.5856576694012932,-0.047612678151550236,0.09772455474907404,-0.06230989281022044,0.27448801542975504,353,0.9320670386865786,0.9424498086472698,0.9630390797439753,0.9620883951687136,0.9334430304285175,0.946617470535011,0.013503104107868216
11.907456064224244,5.779156524119506,0.021353960037231445,0.015131551594160674,0.08,absolute_error,12,200,0.8,"{'model__learning_rate': 0.08, 'model__loss': 'absolute_error', 'model__max_depth': 12, 'model__n_estimators': 200, 'model__subsample': 0.8}",0.2502548621817201,0.2165738363280254,-0.3852725886841788,0.15518503613774748,0.12586733671655082,0.072521696535973,0.23306423568181853,85,0.9372899680046315,0.9646665596653804,0.9725242722020604,0.9708229914901207,0.9750535565907937,0.9640714695905974,0.013822026727106123
6.45342116355896,2.261948216884092,0.015731382369995116,0.013669917119475558,0.08,absolute_error,12,500,0.2,"{'model__learning_rate': 0.08, 'model__loss': 'absolute_error', 'model__max_depth': 12, 'model__n_estimators': 500, 'model__subsample': 0.2}",0.16199906607712833,0.3726298463092139,-0.2127909161469015,-0.015875293785211575,-0.005823656365159469,0.06002780921781394,0.1962885245212785,113,0.9303185772839353,0.9314670661874024,0.9206280898054936,0.9226548624070107,0.9506380524152229,0.9311413296198129,0.010615588185551224
14.461266946792602,5.671497436672215,0.023460197448730468,0.016601775208193722,0.08,absolute_error,12,500,0.4,"{'model__learning_rate': 0.08, 'model__loss': 'absolute_error', 'model__max_depth': 12, 'model__n_estimators': 500, 'model__subsample': 0.4}",0.24767962734843751,0.2806966675926995,-0.37810414177326757,0.06355880474506503,0.20846849095619602,0.0844598897738261,0.2428703471016366,59,0.9812598336166787,0.9658780084919255,0.989189967570917,0.9832457853916602,0.9716354506415908,0.9782418091425544,0.008372788808662268
25.392021083831786,5.633367562603996,0.01617140769958496,0.013705605226556668,0.08,absolute_error,12,500,0.6000000000000001,"{'model__learning_rate': 0.08, 'model__loss': 'absolute_error', 'model__max_depth': 12, 'model__n_estimators': 500, 'model__subsample': 0.6000000000000001}",0.21083591394407886,0.043249901157340065,-0.6096705273855556,-0.0650388997634983,0.11424126621158559,-0.06127646916720988,0.28862695145859435,347,0.9786910208109925,0.9827276880507653,0.9927139068349748,0.9931680682208016,0.9830180416191922,0.9860637451073453,0.005821661410225702
32.62407732009888,6.969181358903262,0.02415952682495117,0.017110433820659965,0.08,absolute_error,12,500,0.8,"{'model__learning_rate': 0.08, 'model__loss': 'absolute_error', 'model__max_depth': 12, 'model__n_estimators': 500, 'model__subsample': 0.8}",0.24017807996620266,0.22969639159806976,-0.45910057861449927,0.11122937211919814,0.15777452772903444,0.055955558559601146,0.2618506963317683,122,0.9890098279302754,0.9888543600343661,0.993046869160094,0.9975367598128844,0.9980716904868234,0.9933039014848886,0.003973725053905709
13.254847097396851,4.0336870571464045,0.02420506477355957,0.01620489811227928,0.08,absolute_error,12,1000,0.2,"{'model__learning_rate': 0.08, 'model__loss': 'absolute_error', 'model__max_depth': 12, 'model__n_estimators': 1000, 'model__subsample': 0.2}",0.16189541441423272,0.38928029715908474,-0.3097559959791689,-0.12487449143731322,-0.017318887553321893,0.019845267320702686,0.2398426406260279,201,0.9713266559978291,0.9824364934298007,0.980170461672752,0.9761912388803453,0.9822884039415576,0.9784826507844568,0.004229046328715663
25.351601123809814,9.4654011194103,0.017991018295288087,0.0143773504902623,0.08,absolute_error,12,1000,0.4,"{'model__learning_rate': 0.08, 'model__loss': 'absolute_error', 'model__max_depth': 12, 'model__n_estimators': 1000, 'model__subsample': 0.4}",0.24710641564303837,0.27366378500223676,-0.3705058505325711,0.07677188790847278,0.20579286345463843,0.08656582029516305,0.23832937391667974,53,0.9956740434590127,0.9915351191566251,0.9969776288825929,0.9966987905868873,0.9944706322672796,0.9950712428704795,0.0019754235881076984
43.58196392059326,12.648031705184618,0.024801063537597656,0.01791633617430582,0.08,absolute_error,12,1000,0.6000000000000001,"{'model__learning_rate': 0.08, 'model__loss': 'absolute_error', 'model__max_depth': 12, 'model__n_estimators': 1000, 'model__subsample': 0.6000000000000001}",0.2227484748119054,0.08105327669618756,-0.6617962955900576,-0.07276074201893534,0.10085731875432336,-0.06597959346931533,0.31236537711613244,365,0.9973695727286606,0.9963951092774921,0.9991696782693192,0.9990628574604609,0.9989103084018547,0.9981815052275576,0.0011076882827717543
70.55392007827759,13.348680291475796,0.03991546630859375,0.01411859194919905,0.08,absolute_error,12,1000,0.8,"{'model__learning_rate': 0.08, 'model__loss': 'absolute_error', 'model__max_depth': 12, 'model__n_estimators': 1000, 'model__subsample': 0.8}",0.24797871926344273,0.2398129222598504,-0.48394957323423227,0.10776667708807486,0.16333423476935727,0.0549885960292986,0.2743661323107763,123,0.9998376302901332,0.9985546743173364,0.9998488735491432,0.9998831449633148,0.9998337198993705,0.9995916086038596,0.0005187592823370951
2.2163490295410155,1.1385902276703364,0.008090686798095704,0.0005957772677091219,0.1,squared_error,6,200,0.2,"{'model__learning_rate': 0.1, 'model__loss': 'squared_error', 'model__max_depth': 6, 'model__n_estimators': 200, 'model__subsample': 0.2}",-0.26852662940539385,-0.08876671150308679,-0.47384988337007483,-0.26892693747503804,0.09678577049692383,-0.2006568782513339,0.19229823757032224,565,0.9926781368063002,0.9932996066151129,0.9949867199303003,0.9955385181937951,0.9953607089016179,0.9943727380894252,0.001160636717353226
5.4953536033630375,2.7163934650980837,0.015265560150146485,0.01322047894475938,0.1,squared_error,6,200,0.4,"{'model__learning_rate': 0.1, 'model__loss': 'squared_error', 'model__max_depth': 6, 'model__n_estimators': 200, 'model__subsample': 0.4}",0.14898792312642084,0.19949804358392964,-1.0115867091056074,-0.2926651417853732,0.12253142854825094,-0.16664689112647585,0.45762767513737257,538,0.9999932155090043,0.9999914458538245,0.9999931158991829,0.999996371825161,0.9999927250224111,0.9999933748219167,1.6258909760888013e-06
9.727998781204224,3.2139296796975474,0.022861814498901366,0.01819910822060765,0.1,squared_error,6,200,0.6000000000000001,"{'model__learning_rate': 0.1, 'model__loss': 'squared_error', 'model__max_depth': 6, 'model__n_estimators': 200, 'model__subsample': 0.6000000000000001}",0.24473894252765094,0.08097622344177768,-0.6641957096897193,0.17530581991024585,0.1702208934339584,0.0014092339247827157,0.33684049426316315,232,0.9999999944465171,0.9999999974072894,0.9999999976694608,0.9999999972092636,0.9999999965445947,0.999999996655425,1.1654924524888715e-09
13.130940485000611,5.446390385421449,0.007842159271240235,0.0003789609608385145,0.1,squared_error,6,200,0.8,"{'model__learning_rate': 0.1, 'model__loss': 'squared_error', 'model__max_depth': 6, 'model__n_estimators': 200, 'model__subsample': 0.8}",0.15237143090116956,0.05001200464218114,-0.9741128444777332,0.003977259111778486,0.09004615427135854,-0.1355411991102491,0.42210925897155643,487,0.9999999999955892,0.999999999998786,0.999999999996304,0.9999999999943945,0.9999999999960885,0.9999999999962323,1.4379299057226914e-12
7.697661256790161,3.1972268266976474,0.023884105682373046,0.01681764890456425,0.1,squared_error,6,500,0.2,"{'model__learning_rate': 0.1, 'model__loss': 'squared_error', 'model__max_depth': 6, 'model__n_estimators': 500, 'model__subsample': 0.2}",-0.2852934850250468,-0.08856324000776716,-0.513873402599927,-0.2770531178503206,0.11199017505119047,-0.21055861408637422,0.2102033651332648,571,0.9999839277158672,0.9999866274682557,0.9999869119105879,0.9999941781105343,0.9999964778430389,0.9999896246096569,4.826952862777991e-06
15.49897322654724,4.370070159698568,0.02211284637451172,0.01586149292331729,0.1,squared_error,6,500,0.4,"{'model__learning_rate': 0.1, 'model__loss': 'squared_error', 'model__max_depth': 6, 'model__n_estimators': 500, 'model__subsample': 0.4}",0.14927943250944908,0.19971139407512428,-1.0119696924672246,-0.29250986700166304,0.12200082178636207,-0.16669758221959044,0.4577679437414932,539,0.9999999999995243,0.9999999999985284,0.9999999999989381,0.9999999999995652,0.9999999999991128,0.9999999999991338,3.8571066589709785e-13
17.560697555541992,2.3889576005956665,0.015427780151367188,0.012929421385109214,0.1,squared_error,6,500,0.6000000000000001,"{'model__learning_rate': 0.1, 'model__loss': 'squared_error', 'model__max_depth': 6, 'model__n_estimators': 500, 'model__subsample': 0.6000000000000001}",0.24474324269861236,0.08098440952207908,-0.6642084562816406,0.17530969467262592,0.17021887866971042,0.0014095538562774346,0.3368467379446403,231,0.9999999999999994,0.9999999999999996,0.9999999999999996,0.9999999999999996,0.9999999999999994,0.9999999999999994,8.599750569898517e-17
16.572883462905885,4.782872152436996,0.009054803848266601,0.000534904749014468,0.1,squared_error,6,500,0.8,"{'model__learning_rate': 0.1, 'model__loss': 'squared_error', 'model__max_depth': 6, 'model__n_estimators': 500, 'model__subsample': 0.8}",0.15237109422732165,0.05001189372761894,-0.974113290187169,0.0039768126530043135,0.09004616568285706,-0.1355414647792734,0.4221093520901976,488,0.9999999999999994,0.9999999999999996,0.9999999999999996,0.9999999999999996,0.9999999999999994,0.9999999999999994,8.599750569898517e-17
15.786988162994385,4.382642020893028,0.02513542175292969,0.017131019285900412,0.1,squared_error,6,1000,0.2,"{'model__learning_rate': 0.1, 'model__loss': 'squared_error', 'model__max_depth': 6, 'model__n_estimators': 1000, 'model__subsample': 0.2}",-0.28547582634616697,-0.08807186074051554,-0.5134095587464249,-0.277358779039931,0.11200706571840391,-0.2104617918309269,0.21016427911158853,570,0.9999999993738238,0.9999999995594002,0.9999999997312304,0.9999999998824529,0.9999999999408675,0.999999999697555,2.0900282570959893e-10
24.987007904052735,5.319991244174085,0.03018503189086914,0.017488652218810317,0.1,squared_error,6,1000,0.4,"{'model__learning_rate': 0.1, 'model__loss': 'squared_error', 'model__max_depth': 6, 'model__n_estimators': 1000, 'model__subsample': 0.4}",0.14927943427475998,0.19971154281107384,-1.0119696949319992,-0.29250993850501494,0.12200052684683538,-0.16669762590086898,0.4577679354346082,540,0.9999999999999996,0.9999999999999996,0.9999999999999996,0.9999999999999996,0.9999999999999994,0.9999999999999994,9.930136612989092e-17
17.232696294784546,5.779749373012844,0.01624717712402344,0.013500916231861422,0.1,squared_error,6,1000,0.6000000000000001,"{'model__learning_rate': 0.1, 'model__loss': 'squared_error', 'model__max_depth': 6, 'model__n_estimators': 1000, 'model__subsample': 0.6000000000000001}",0.24474324287491467,0.08098440956243824,-0.66420845413307,0.17530969379156924,0.17021887830588778,0.0014095540803479966,0.33684673699545614,230,0.9999999999999996,0.9999999999999996,0.9999999999999996,0.9999999999999996,0.9999999999999994,0.9999999999999994,9.930136612989092e-17
17.17851552963257,6.582356770243187,0.009216022491455079,0.0006666063135722728,0.1,squared_error,6,1000,0.8,"{'model__learning_rate': 0.1, 'model__loss': 'squared_error', 'model__max_depth': 6, 'model__n_estimators': 1000, 'model__subsample': 0.8}",0.1523710942005524,0.050011893482085346,-0.9741132886153849,0.0039768124032563135,0.09004616458228143,-0.1355414647894419,0.42210935130630534,489,0.9999999999999996,0.9999999999999996,0.9999999999999996,0.9999999999999996,0.9999999999999994,0.9999999999999994,9.930136612989092e-17
2.908741664886475,1.4207763088388825,0.009116840362548829,0.0007717474455149991,0.1,squared_error,9,200,0.2,"{'model__learning_rate': 0.1, 'model__loss': 'squared_error', 'model__max_depth': 9, 'model__n_estimators': 200, 'model__subsample': 0.2}",0.22701866106119872,-0.13663968274205973,-0.6654659992696663,-0.1684911909407154,-0.12927456143751392,-0.17457055466575133,0.2848788066640927,547,0.9919663782808692,0.9932033099632841,0.992455875892871,0.9921958165797224,0.9949891881286745,0.9929621137690843,0.0010956444127208844
8.008842468261719,3.2975565232551585,0.008103132247924805,0.00048742773851914104,0.1,squared_error,9,200,0.4,"{'model__learning_rate': 0.1, 'model__loss': 'squared_error', 'model__max_depth': 9, 'model__n_estimators': 200, 'model__subsample': 0.4}",0.2564528301807478,0.07141957223178574,-0.9802433734092393,-0.08980892253752204,-0.029305645503809208,-0.1542971078076074,0.4293325882238607,531,0.9999948822666557,0.9999962362671554,0.9999975153816336,0.9999984320787201,0.9999971455657396,0.9999968423119808,1.2067652540612794e-06
10.704903554916381,5.315941429898279,0.026714611053466796,0.02258634220125036,0.1,squared_error,9,200,0.6000000000000001,"{'model__learning_rate': 0.1, 'model__loss': 'squared_error', 'model__max_depth': 9, 'model__n_estimators': 200, 'model__subsample': 0.6000000000000001}",0.2941804365442986,0.05986824960588211,-0.6718744819241302,-0.02627192331644168,0.15492508987071185,-0.03783452584393587,0.3343879174593785,301,0.9999999993027381,0.9999999992062366,0.9999999992399486,0.9999999992347971,0.999999998737512,0.9999999991442465,2.0579291724733028e-10
20.14573802947998,6.177966425472378,0.030549335479736327,0.018285381181810473,0.1,squared_error,9,200,0.8,"{'model__learning_rate': 0.1, 'model__loss': 'squared_error', 'model__max_depth': 9, 'model__n_estimators': 200, 'model__subsample': 0.8}",0.13190609533151754,0.06223578753068337,-0.9995364998928717,-0.10796890736197673,0.09302950234951168,-0.16406680440862717,0.42569188800664454,537,0.9999999999998701,0.9999999999999489,0.9999999999999348,0.9999999999999092,0.9999999999998892,0.9999999999999105,2.8830805404296176e-14
10.23848237991333,3.598622079188714,0.03965659141540527,0.013658896816717883,0.1,squared_error,9,500,0.2,"{'model__learning_rate': 0.1, 'model__loss': 'squared_error', 'model__max_depth': 9, 'model__n_estimators': 500, 'model__subsample': 0.2}",0.24077465315320734,-0.14077897838101916,-0.7098755394848639,-0.2050859223073329,-0.12576572878243475,-0.1881463031604887,0.30416986471838764,554,0.9999863112186537,0.9999918411546027,0.9999842991516293,0.9999886416307043,0.9999906537179603,0.99998834937471,2.762112427597021e-06
20.06240348815918,6.113018787335535,0.023099279403686522,0.016015133859793487,0.1,squared_error,9,500,0.4,"{'model__learning_rate': 0.1, 'model__loss': 'squared_error', 'model__max_depth': 9, 'model__n_estimators': 500, 'model__subsample': 0.4}",0.25689567798815294,0.07195039203783693,-0.9798312221644228,-0.08985157640586161,-0.029213928997738003,-0.1540101315084065,0.4293186761848446,530,0.9999999999996504,0.9999999999992417,0.9999999999995162,0.999999999999922,0.9999999999998482,0.9999999999996356,2.4365404330375074e-13
23.346139478683472,5.192186819619269,0.024545574188232423,0.016555054998129943,0.1,squared_error,9,500,0.6000000000000001,"{'model__learning_rate': 0.1, 'model__loss': 'squared_error', 'model__max_depth': 9, 'model__n_estimators': 500, 'model__subsample': 0.6000000000000001}",0.2941750627750407,0.05986728884958914,-0.6718732627565995,-0.02626893976641176,0.15492467717687997,-0.0378350347443003,0.33438630491226695,303,0.9999999999999996,0.9999999999999996,0.9999999999999996,0.9999999999999996,0.9999999999999994,0.9999999999999994,9.930136612989092e-17
17.923207139968873,4.893275917249023,0.017182254791259767,0.013901609585243823,0.1,squared_error,9,500,0.8,"{'model__learning_rate': 0.1, 'model__loss': 'squared_error', 'model__max_depth': 9, 'model__n_estimators': 500, 'model__subsample': 0.8}",0.1319061278160495,0.06223582850549647,-0.9995364623017811,-0.10796884600390477,0.09302951518312663,-0.16406676736020265,0.4256918852922704,536,0.9999999999999996,0.9999999999999996,0.9999999999999996,0.9999999999999996,0.9999999999999994,0.9999999999999994,9.930136612989092e-17
18.4287250995636,6.279624686391263,0.025901365280151366,0.016214705778045273,0.1,squared_error,9,1000,0.2,"{'model__learning_rate': 0.1, 'model__loss': 'squared_error', 'model__max_depth': 9, 'model__n_estimators': 1000, 'model__subsample': 0.2}",0.2403368931660642,-0.1405155675170835,-0.7122476808977467,-0.20520008219028485,-0.12514583624966824,-0.18855445473774382,0.30489599798287664,555,0.9999999996632046,0.999999999867627,0.9999999996046572,0.9999999998799906,0.9999999997271305,0.999999999748522,1.0945656663126933e-10
25.31153268814087,7.964653999844136,0.026062440872192384,0.016662689952722444,0.1,squared_error,9,1000,0.4,"{'model__learning_rate': 0.1, 'model__loss': 'squared_error', 'model__max_depth': 9, 'model__n_estimators': 1000, 'model__subsample': 0.4}",0.25689570679283535,0.07195046385543225,-0.9798305860001917,-0.08985159448598967,-0.02921385811570243,-0.15400997359072324,0.4293184480987706,529,0.9999999999999996,0.9999999999999996,0.9999999999999996,0.9999999999999996,0.9999999999999994,0.9999999999999994,9.930136612989092e-17
22.13560152053833,5.411725687237085,0.023701858520507813,0.016962005563992768,0.1,squared_error,9,1000,0.6000000000000001,"{'model__learning_rate': 0.1, 'model__loss': 'squared_error', 'model__max_depth': 9, 'model__n_estimators': 1000, 'model__subsample': 0.6000000000000001}",0.29417506198688426,0.059867288739836155,-0.6718732612185052,-0.026268940099920535,0.1549246775654466,-0.03783503460525175,0.3343863042085497,302,0.9999999999999996,0.9999999999999996,0.9999999999999996,0.9999999999999996,0.9999999999999994,0.9999999999999994,9.930136612989092e-17
17.919596576690672,6.894539935974459,0.009735965728759765,0.0008197852127102717,0.1,squared_error,9,1000,0.8,"{'model__learning_rate': 0.1, 'model__loss': 'squared_error', 'model__max_depth': 9, 'model__n_estimators': 1000, 'model__subsample': 0.8}",0.13190612804300972,0.06223582843972508,-0.9995364625259111,-0.10796884593980405,0.09302951518345581,-0.1640667673599049,0.42569188540654285,535,0.9999999999999996,0.9999999999999996,0.9999999999999996,0.9999999999999996,0.9999999999999994,0.9999999999999994,9.930136612989092e-17
4.457171106338501,1.0521883668010443,0.044348526000976565,0.0037486731331624044,0.1,squared_error,12,200,0.2,"{'model__learning_rate': 0.1, 'model__loss': 'squared_error', 'model__max_depth': 12, 'model__n_estimators': 200, 'model__subsample': 0.2}",0.08777459504023555,0.09132694584945777,-0.48111762301606054,-0.43721156724571175,0.1263472269316005,-0.12257608448809569,0.2755039932900735,481,0.9904970734461418,0.98904464334883,0.995668646715772,0.9949472161196847,0.9946310875133181,0.9929577334287494,0.0026636188782631714
8.8367018699646,3.6589569666205732,0.009095478057861327,0.00018845153474340257,0.1,squared_error,12,200,0.4,"{'model__learning_rate': 0.1, 'model__loss': 'squared_error', 'model__max_depth': 12, 'model__n_estimators': 200, 'model__subsample': 0.4}",0.29668212740306454,0.12828307797888672,-1.1893566917283018,-0.1762477125666042,-0.008720842203385315,-0.18987200822326802,0.5234364497654036,556,0.9999953162881445,0.9999947869404787,0.9999967878960304,0.9999979023309377,0.9999962366834579,0.9999962060278099,1.0974880611376933e-06
15.909730529785156,5.161369175469486,0.016145086288452147,0.013139939405566464,0.1,squared_error,12,200,0.6000000000000001,"{'model__learning_rate': 0.1, 'model__loss': 'squared_error', 'model__max_depth': 12, 'model__n_estimators': 200, 'model__subsample': 0.6000000000000001}",0.18847578285020583,0.09305972836591181,-0.6403452743165228,0.0898413094242585,0.15785525424056657,-0.022222639887116015,0.3113666063201689,278,0.9999999993621003,0.9999999995049915,0.9999999996919625,0.9999999989488042,0.9999999991611828,0.9999999993338082,2.5938631571786026e-10
17.27537512779236,7.473901400068937,0.01604595184326172,0.014230593305029944,0.1,squared_error,12,200,0.8,"{'model__learning_rate': 0.1, 'model__loss': 'squared_error', 'model__max_depth': 12, 'model__n_estimators': 200, 'model__subsample': 0.8}",0.08897842116641674,0.12499070366360665,-1.0578401409798146,-0.11039775217790626,0.2468367323351951,-0.14148640719850047,0.4723536002424323,510,0.9999999999999093,0.999999999999951,0.9999999999999822,0.9999999999999524,0.9999999999999662,0.9999999999999524,2.4256480299906443e-14
9.669091272354127,2.5335216893692327,0.03014822006225586,0.016897249606179644,0.1,squared_error,12,500,0.2,"{'model__learning_rate': 0.1, 'model__loss': 'squared_error', 'model__max_depth': 12, 'model__n_estimators': 500, 'model__subsample': 0.2}",0.07000736146656628,0.09299368442327482,-0.5233535177611122,-0.4289595832770512,0.13061178227627712,-0.13174005457440902,0.2834559268787028,485,0.9999840291472955,0.999983358548866,0.9999967371615492,0.9999927406982728,0.9999928160508906,0.9999899363213748,5.302274902909516e-06
21.119876098632812,6.111547554463253,0.030935049057006836,0.015758733763301534,0.1,squared_error,12,500,0.4,"{'model__learning_rate': 0.1, 'model__loss': 'squared_error', 'model__max_depth': 12, 'model__n_estimators': 500, 'model__subsample': 0.4}",0.2967348714365309,0.12861019499535675,-1.1906302600528207,-0.17608125549883447,-0.008215567113333933,-0.1899164032466203,0.5240082986570004,558,0.9999999999998307,0.9999999999997703,0.9999999999998672,0.9999999999997626,0.9999999999999237,0.9999999999998309,6.044692837242195e-14
24.465499687194825,9.751334294326565,0.01724390983581543,0.013954933134573222,0.1,squared_error,12,500,0.6000000000000001,"{'model__learning_rate': 0.1, 'model__loss': 'squared_error', 'model__max_depth': 12, 'model__n_estimators': 500, 'model__subsample': 0.6000000000000001}",0.1884762072166125,0.09306233721225421,-0.6403457536229658,0.0898416647547794,0.15785596370991073,-0.02222191614588178,0.3113671548817738,277,0.9999999999999996,0.9999999999999996,0.9999999999999996,0.9999999999999996,0.9999999999999994,0.9999999999999994,9.930136612989092e-17
25.960235786437988,8.171613563831848,0.023008966445922853,0.015482923202218883,0.1,squared_error,12,500,0.8,"{'model__learning_rate': 0.1, 'model__loss': 'squared_error', 'model__max_depth': 12, 'model__n_estimators': 500, 'model__subsample': 0.8}",0.08897846325792902,0.12499074527442511,-1.0578401193597005,-0.11039773554018817,0.24683674703172798,-0.1414863798671613,0.47235360329163945,509,0.9999999999999996,0.9999999999999996,0.9999999999999996,0.9999999999999996,0.9999999999999994,0.9999999999999994,9.930136612989092e-17
15.269755840301514,7.533745912877024,0.025643682479858397,0.016060123226917786,0.1,squared_error,12,1000,0.2,"{'model__learning_rate': 0.1, 'model__loss': 'squared_error', 'model__max_depth': 12, 'model__n_estimators': 1000, 'model__subsample': 0.2}",0.07096603010943081,0.09215046865553966,-0.5241756836465032,-0.430636593489939,0.13077722443503592,-0.13218371078728716,0.2840689792023311,486,0.9999999991271237,0.9999999994186856,0.9999999998955705,0.9999999997317015,0.9999999994053137,0.999999999515679,2.6964672081519375e-10
24.71177396774292,8.997197672239395,0.012929010391235351,0.001001267672049445,0.1,squared_error,12,1000,0.4,"{'model__learning_rate': 0.1, 'model__loss': 'squared_error', 'model__max_depth': 12, 'model__n_estimators': 1000, 'model__subsample': 0.4}",0.29673478667911757,0.1286102222330593,-1.1906300880398466,-0.17608134395705743,-0.00821554645055933,-0.1899163939070573,0.5240082214916123,557,0.9999999999999996,0.9999999999999996,0.9999999999999996,0.9999999999999996,0.9999999999999996,0.9999999999999997,1.1102230246251565e-16
25.984916114807127,9.07800190404625,0.03257265090942383,0.01699752776114665,0.1,squared_error,12,1000,0.6000000000000001,"{'model__learning_rate': 0.1, 'model__loss': 'squared_error', 'model__max_depth': 12, 'model__n_estimators': 1000, 'model__subsample': 0.6000000000000001}",0.18847620716928037,0.09306233827180255,-0.6403457534592365,0.08984166358456247,0.15785596491200604,-0.022221915904317012,0.3113671549436323,276,0.9999999999999996,0.9999999999999996,0.9999999999999996,0.9999999999999996,0.9999999999999994,0.9999999999999994,9.930136612989092e-17
28.45839695930481,7.280986429153731,0.018149662017822265,0.014141854516962947,0.1,squared_error,12,1000,0.8,"{'model__learning_rate': 0.1, 'model__loss': 'squared_error', 'model__max_depth': 12, 'model__n_estimators': 1000, 'model__subsample': 0.8}",0.08897846312272162,0.12499074530900145,-1.0578401183620643,-0.11039773592282409,0.24683674787075582,-0.1414863795964819,0.4723536030281859,508,0.9999999999999996,0.9999999999999996,0.9999999999999996,0.9999999999999996,0.9999999999999994,0.9999999999999994,9.930136612989092e-17
2.2909501075744627,1.0648094796266605,0.014767932891845702,0.013538298486311577,0.1,absolute_error,6,200,0.2,"{'model__learning_rate': 0.1, 'model__loss': 'absolute_error', 'model__max_depth': 6, 'model__n_estimators': 200, 'model__subsample': 0.2}",0.04203718239609966,0.0025175361559975906,-0.20020638393653423,-0.034740432249660946,0.16099965521586346,-0.005878488483646893,0.1173124565758479,238,0.8034665826465023,0.8402194201461006,0.838024808249,0.8375034887097759,0.8798512959848388,0.8398131191472435,0.024219099278075525
5.893989562988281,2.372448854197807,0.007800626754760742,0.0007478452338379831,0.1,absolute_error,6,200,0.4,"{'model__learning_rate': 0.1, 'model__loss': 'absolute_error', 'model__max_depth': 6, 'model__n_estimators': 200, 'model__subsample': 0.4}",0.19301125593138402,0.10141648890450383,-0.30207425252018494,0.2355881356434094,0.22292412304597065,0.0901731502010166,0.20165735909181842,51,0.9179023428882874,0.922016615973551,0.96443703787908,0.9555651132928858,0.9438619933292233,0.9407566206726055,0.018238436014403312
4.887638759613037,0.03734625822595299,0.010005331039428711,0.001513741474740997,0.1,absolute_error,6,200,0.6000000000000001,"{'model__learning_rate': 0.1, 'model__loss': 'absolute_error', 'model__max_depth': 6, 'model__n_estimators': 200, 'model__subsample': 0.6000000000000001}",0.24790290724079034,0.0686406873276465,-0.5073646038976596,0.06467353643694951,0.1695528783850846,0.008681081098562271,0.26688584664691617,224,0.9581652440130178,0.9472741082079267,0.9776052648695581,0.9540234370410836,0.9559057515044515,0.9585947611272075,0.010177118419865037
13.19642653465271,5.122196768901944,0.008302259445190429,0.0013345940291476304,0.1,absolute_error,6,200,0.8,"{'model__learning_rate': 0.1, 'model__loss': 'absolute_error', 'model__max_depth': 6, 'model__n_estimators': 200, 'model__subsample': 0.8}",0.2212359487356852,0.06109887964112626,-0.3916140023119754,-0.02827863208183512,0.10740200047086257,-0.006031161109227301,0.20889851178460755,241,0.9219630191176805,0.9434541092063216,0.9689010664835241,0.9758428396832124,0.9772945137351862,0.9574911096451849,0.021533371876436256
3.649977970123291,0.053501082170945215,0.00964975357055664,0.001110853101201253,0.1,absolute_error,6,500,0.2,"{'model__learning_rate': 0.1, 'model__loss': 'absolute_error', 'model__max_depth': 6, 'model__n_estimators': 500, 'model__subsample': 0.2}",-0.10818512355622678,0.02232337828525366,-0.15918391076133864,-0.12823341011879852,0.159642040292983,-0.04272740517162545,0.1186112173095931,314,0.9559186705606623,0.9386500349779889,0.9591955365449606,0.9642139343920373,0.9721529337542598,0.9580262220459819,0.011127420749850124
7.83652696609497,0.1404979159279574,0.01645512580871582,0.0135735172340815,0.1,absolute_error,6,500,0.4,"{'model__learning_rate': 0.1, 'model__loss': 'absolute_error', 'model__max_depth': 6, 'model__n_estimators': 500, 'model__subsample': 0.4}",0.20827199835699017,0.08765371522923637,-0.27635729155401045,0.24129801110034654,0.23963338092374586,0.1000999628112617,0.196459983878661,26,0.975734662107168,0.9778631434686264,0.9941629476699924,0.9884537926710764,0.9888370777925196,0.9850103247418766,0.007034090335216517
20.221730756759644,6.476450645050426,0.03105473518371582,0.017046494409731997,0.1,absolute_error,6,500,0.6000000000000001,"{'model__learning_rate': 0.1, 'model__loss': 'absolute_error', 'model__max_depth': 6, 'model__n_estimators': 500, 'model__subsample': 0.6000000000000001}",0.23223949671464494,0.10008549617778395,-0.5574119989845563,-0.002053570850321762,0.1886335365414118,-0.0077014080802074725,0.2863392033308229,243,0.9907203961256486,0.9942833865631784,0.9971726830540362,0.9934361466195646,0.9890094643535101,0.9929244153431874,0.0028404574343539233
36.15512361526489,9.036377924610019,0.023955583572387695,0.016952716156943697,0.1,absolute_error,6,500,0.8,"{'model__learning_rate': 0.1, 'model__loss': 'absolute_error', 'model__max_depth': 6, 'model__n_estimators': 500, 'model__subsample': 0.8}",0.2599802559226342,0.07195414255143606,-0.43909819420907636,-0.037923311001162086,0.13916655791187482,-0.0011841097648586762,0.23932106218895002,234,0.9916961871192849,0.9919953804126402,0.9943143178305438,0.9975645136018991,0.9974268175498644,0.9945994433028466,0.0025328649213694023
14.103952169418335,4.773813195171267,0.023319005966186523,0.017519684383145644,0.1,absolute_error,6,1000,0.2,"{'model__learning_rate': 0.1, 'model__loss': 'absolute_error', 'model__max_depth': 6, 'model__n_estimators': 1000, 'model__subsample': 0.2}",-0.1287570733849659,0.09672451381312897,-0.16619849019052735,-0.2717640703063764,0.16450406415588392,-0.061098211182571346,0.16480794498166665,343,0.9899884307399083,0.9906498624449424,0.9923940964851206,0.9927930530401147,0.9951184528915573,0.9921887791203285,0.001800004895840254
21.484424209594728,9.052815685686543,0.017250490188598634,0.013772990784450247,0.1,absolute_error,6,1000,0.4,"{'model__learning_rate': 0.1, 'model__loss': 'absolute_error', 'model__max_depth': 6, 'model__n_estimators': 1000, 'model__subsample': 0.4}",0.22966292109590636,0.11769768377290135,-0.2644880800378191,0.265371127728773,0.2397365952844418,0.11759604956884069,0.19763757879185476,5,0.9967825269352005,0.997576826610427,0.9991405371508705,0.9976840833023862,0.9985607135644855,0.997948937512674,0.0008201594414307827
51.790545797348024,7.378462186699968,0.019632673263549803,0.014717820650503761,0.1,absolute_error,6,1000,0.6000000000000001,"{'model__learning_rate': 0.1, 'model__loss': 'absolute_error', 'model__max_depth': 6, 'model__n_estimators': 1000, 'model__subsample': 0.6000000000000001}",0.2387085432662357,0.10680837873508864,-0.572637365834364,-0.011644342182152823,0.1817866166783444,-0.011395633867369614,0.2928603808978074,251,0.9992736935295673,0.9992877056904289,0.999732768149444,0.9997262361385812,0.999188364542238,0.9994417536100519,0.0002374029246055312
61.710427618026735,20.150284687634635,0.030888175964355467,0.015637014442588585,0.1,absolute_error,6,1000,0.8,"{'model__learning_rate': 0.1, 'model__loss': 'absolute_error', 'model__max_depth': 6, 'model__n_estimators': 1000, 'model__subsample': 0.8}",0.26065877609718235,0.08789755409813138,-0.4410763169974521,-0.045052742314107386,0.13864789612569006,0.00021503340188886444,0.24144152603984,233,0.9995276158272428,0.9998048627257432,0.9998889545798207,0.9999634672561578,0.9999037510757268,0.9998177302929383,0.00015365136774738307
3.223977565765381,0.8662833783440992,0.028612709045410155,0.016702846849353917,0.1,absolute_error,9,200,0.2,"{'model__learning_rate': 0.1, 'model__loss': 'absolute_error', 'model__max_depth': 9, 'model__n_estimators': 200, 'model__subsample': 0.2}",0.04203718239609966,0.0025175361559975906,-0.20020638393653423,-0.034740432249660946,0.16099965521586346,-0.005878488483646893,0.1173124565758479,238,0.8034665826465023,0.8402194201461006,0.838024808249,0.8375034887097759,0.8798512959848388,0.8398131191472435,0.024219099278075525
5.812544870376587,2.1825144622170423,0.014576530456542969,0.01361428313137496,0.1,absolute_error,9,200,0.4,"{'model__learning_rate': 0.1, 'model__loss': 'absolute_error', 'model__max_depth': 9, 'model__n_estimators': 200, 'model__subsample': 0.4}",0.24529504670182045,0.16956337195396332,-0.36367503811818613,0.19309147158647344,0.2194881998313336,0.09275261039108093,0.2296192862056415,36,0.9331813673986151,0.9237536528692424,0.9686754666470815,0.94448133318556,0.9529656595374698,0.9446114959275939,0.015585770009750187
8.191748714447021,3.82200489188339,0.015239524841308593,0.013432240830089785,0.1,absolute_error,9,200,0.6000000000000001,"{'model__learning_rate': 0.1, 'model__loss': 'absolute_error', 'model__max_depth': 9, 'model__n_estimators': 200, 'model__subsample': 0.6000000000000001}",0.24511599308405962,0.16979601996313676,-0.39177626426488277,-0.026085644074103076,0.1298556464975017,0.025381150241142448,0.22659351955361903,187,0.9231928691230615,0.940047019571319,0.9708940426983824,0.9589841016542144,0.9533623784405172,0.949296082297499,0.01639382369186569
13.300646018981933,5.191348033300071,0.009534931182861328,0.0016092749665443603,0.1,absolute_error,9,200,0.8,"{'model__learning_rate': 0.1, 'model__loss': 'absolute_error', 'model__max_depth': 9, 'model__n_estimators': 200, 'model__subsample': 0.8}",0.19666310669313458,0.22952904255722428,-0.2778909584672564,0.019444711335847686,0.06738379208697465,0.04702593884118496,0.18024695355248724,144,0.9601015310102907,0.9716165893947802,0.9807729592380348,0.9719445059943591,0.9733871364737379,0.9715645444222405,0.006628189815687456
4.040586805343628,0.3011715523499763,0.017815160751342773,0.01654865820140515,0.1,absolute_error,9,500,0.2,"{'model__learning_rate': 0.1, 'model__loss': 'absolute_error', 'model__max_depth': 9, 'model__n_estimators': 500, 'model__subsample': 0.2}",-0.10818512355622678,0.02232337828525366,-0.15918391076133864,-0.12823341011879852,0.159642040292983,-0.04272740517162545,0.1186112173095931,314,0.9559186705606623,0.9386500349779889,0.9591955365449606,0.9642139343920373,0.9721529337542598,0.9580262220459819,0.011127420749850124
12.751789426803589,5.559923549034467,0.01619429588317871,0.014447381728046192,0.1,absolute_error,9,500,0.4,"{'model__learning_rate': 0.1, 'model__loss': 'absolute_error', 'model__max_depth': 9, 'model__n_estimators': 500, 'model__subsample': 0.4}",0.2953735406033655,0.15446245300730466,-0.38475097765587196,0.1885271001563088,0.19837837697100147,0.0903980986164217,0.24214659174162464,46,0.9819220546681557,0.9807938238708751,0.9938726855904846,0.9915328742929201,0.9903194847308043,0.987688184630648,0.005305353823615007
19.261458158493042,7.86475107071248,0.009317827224731446,0.0007959296712751111,0.1,absolute_error,9,500,0.6000000000000001,"{'model__learning_rate': 0.1, 'model__loss': 'absolute_error', 'model__max_depth': 9, 'model__n_estimators': 500, 'model__subsample': 0.6000000000000001}",0.28766388203761994,0.18160855407145693,-0.40207791371315116,-0.044259550577460116,0.14685766291668423,0.033958526947029964,0.24296460559077634,167,0.9872086969299778,0.991963794125448,0.994803279547853,0.9933259662398127,0.9915721225028469,0.9917747718691876,0.0025496626939543955
33.47132105827332,12.367859769846532,0.024335575103759766,0.01577472555558799,0.1,absolute_error,9,500,0.8,"{'model__learning_rate': 0.1, 'model__loss': 'absolute_error', 'model__max_depth': 9, 'model__n_estimators': 500, 'model__subsample': 0.8}",0.22603912500965007,0.24879650257149644,-0.3287055944687558,0.025648270879633395,0.08656220553560545,0.05166810190552591,0.2077708540752044,129,0.9979906295231797,0.9976380873850476,0.9981146335330848,0.9951968779076198,0.9978658144882467,0.9973612085674357,0.001093566288651217
11.548925113677978,4.215603036715357,0.023619747161865233,0.017174487803441024,0.1,absolute_error,9,1000,0.2,"{'model__learning_rate': 0.1, 'model__loss': 'absolute_error', 'model__max_depth': 9, 'model__n_estimators': 1000, 'model__subsample': 0.2}",-0.1287570733849659,0.09672451381312897,-0.16619849019052735,-0.2717640703063764,0.16450406415588392,-0.061098211182571346,0.16480794498166665,343,0.9899884307399083,0.9906498624449424,0.9923940964851206,0.9927930530401147,0.9951184528915573,0.9921887791203285,0.001800004895840254
26.559379720687865,10.291669742655815,0.026186656951904298,0.015693577094702517,0.1,absolute_error,9,1000,0.4,"{'model__learning_rate': 0.1, 'model__loss': 'absolute_error', 'model__max_depth': 9, 'model__n_estimators': 1000, 'model__subsample': 0.4}",0.28312395740406193,0.14749163017920075,-0.4011619849862651,0.18409772392895063,0.20259505053034266,0.08322927541125817,0.24622959182639784,61,0.9979231775411408,0.995220737685632,0.9992203198375802,0.9972433280671094,0.9990783425746655,0.9977371811412257,0.0014566665759854823
53.44002265930176,11.868851741904084,0.03286027908325195,0.016690660089565865,0.1,absolute_error,9,1000,0.6000000000000001,"{'model__learning_rate': 0.1, 'model__loss': 'absolute_error', 'model__max_depth': 9, 'model__n_estimators': 1000, 'model__subsample': 0.6000000000000001}",0.294980337355379,0.18247630274432292,-0.42023839236027727,-0.047507943260601815,0.17598588317362984,0.03713923753049053,0.2542607825955884,163,0.9990045403242678,0.999639292591559,0.9997324876783373,0.9995226597420099,0.9995054840760482,0.9994808928824443,0.00025205212405780294
66.58295168876649,16.338492499225712,0.03406648635864258,0.01614882634875297,0.1,absolute_error,9,1000,0.8,"{'model__learning_rate': 0.1, 'model__loss': 'absolute_error', 'model__max_depth': 9, 'model__n_estimators': 1000, 'model__subsample': 0.8}",0.22425903387863255,0.26217895384351,-0.3424359665300485,0.020995923686267015,0.08492624937403837,0.049984838850479885,0.21515259020409777,134,0.9999039741383762,0.9999901711192307,0.9999228648499547,0.9998984261124223,0.9999725081846982,0.9999375888809364,3.7053258973203694e-05
1.4887702941894532,0.04588507871469775,0.008990669250488281,0.0008302923042997463,0.1,absolute_error,12,200,0.2,"{'model__learning_rate': 0.1, 'model__loss': 'absolute_error', 'model__max_depth': 12, 'model__n_estimators': 200, 'model__subsample': 0.2}",0.04203718239609966,0.0025175361559975906,-0.20020638393653423,-0.034740432249660946,0.16099965521586346,-0.005878488483646893,0.1173124565758479,238,0.8034665826465023,0.8402194201461006,0.838024808249,0.8375034887097759,0.8798512959848388,0.8398131191472435,0.024219099278075525
4.041497707366943,1.8547903518293567,0.014966440200805665,0.0126042010707612,0.1,absolute_error,12,200,0.4,"{'model__learning_rate': 0.1, 'model__loss': 'absolute_error', 'model__max_depth': 12, 'model__n_estimators': 200, 'model__subsample': 0.4}",0.24529504670182045,0.16956337195396332,-0.36367503811818613,0.19309147158647344,0.2194881998313336,0.09275261039108093,0.2296192862056415,36,0.9331813673986151,0.9237536528692424,0.9686754666470815,0.94448133318556,0.9529656595374698,0.9446114959275939,0.015585770009750187
9.100512886047364,3.4198884221526025,0.016745519638061524,0.015223874901438303,0.1,absolute_error,12,200,0.6000000000000001,"{'model__learning_rate': 0.1, 'model__loss': 'absolute_error', 'model__max_depth': 12, 'model__n_estimators': 200, 'model__subsample': 0.6000000000000001}",0.24511599308405962,0.16979601996313676,-0.38578836498854674,-0.08173021919444334,0.13813219179145775,0.01710512413113281,0.22892907451978192,211,0.9231928691230615,0.940047019571319,0.973695983099958,0.9494977430757062,0.9534695263244888,0.9479806282389067,0.016559494338459286
11.261740398406982,4.938354021468208,0.01472010612487793,0.013164182920204279,0.1,absolute_error,12,200,0.8,"{'model__learning_rate': 0.1, 'model__loss': 'absolute_error', 'model__max_depth': 12, 'model__n_estimators': 200, 'model__subsample': 0.8}",0.17347412498559922,0.1870999963760399,-0.30281191679267727,-0.026432645944959754,0.058842364939508895,0.0180343847127022,0.17851030847465696,208,0.9669659831800881,0.9382581048077813,0.9877946510614836,0.9718606348804821,0.9746249926958924,0.9679008733251454,0.016347621420055955
5.940111970901489,2.7377083648872476,0.01686849594116211,0.016585977552293373,0.1,absolute_error,12,500,0.2,"{'model__learning_rate': 0.1, 'model__loss': 'absolute_error', 'model__max_depth': 12, 'model__n_estimators': 500, 'model__subsample': 0.2}",-0.10818512355622678,0.02232337828525366,-0.15918391076133864,-0.12823341011879852,0.159642040292983,-0.04272740517162545,0.1186112173095931,314,0.9559186705606623,0.9386500349779889,0.9591955365449606,0.9642139343920373,0.9721529337542598,0.9580262220459819,0.011127420749850124
12.14814476966858,4.568153698986415,0.015584945678710938,0.013099210628798224,0.1,absolute_error,12,500,0.4,"{'model__learning_rate': 0.1, 'model__loss': 'absolute_error', 'model__max_depth': 12, 'model__n_estimators': 500, 'model__subsample': 0.4}",0.2953735406033655,0.15446245300730466,-0.38475097765587196,0.1885271001563088,0.19837837697100147,0.0903980986164217,0.24214659174162464,46,0.9819220546681557,0.9807938238708751,0.9938726855904846,0.9915328742929201,0.9903194847308043,0.987688184630648,0.005305353823615007
25.817804527282714,6.9811769674687625,0.01030268669128418,0.0016832987405913183,0.1,absolute_error,12,500,0.6000000000000001,"{'model__learning_rate': 0.1, 'model__loss': 'absolute_error', 'model__max_depth': 12, 'model__n_estimators': 500, 'model__subsample': 0.6000000000000001}",0.2410530795715914,0.18160855407145693,-0.445530091737417,-0.1758561795397393,0.13007005410245198,-0.013730916706331198,0.25941713174536923,255,0.9851936493103587,0.991963794125448,0.9940493262837123,0.9900446896792013,0.9877489149635574,0.9898000748724556,0.0031056100333598747
32.301518774032594,11.133577095847839,0.010566377639770507,0.0022855045777757073,0.1,absolute_error,12,500,0.8,"{'model__learning_rate': 0.1, 'model__loss': 'absolute_error', 'model__max_depth': 12, 'model__n_estimators': 500, 'model__subsample': 0.8}",0.19061558035483928,0.2661661212025541,-0.3465783206097304,-0.047548151428335794,0.07130871194470878,0.0267927882928072,0.21496591704157914,182,0.9950459310240825,0.9930972242467577,0.9982280402633601,0.9987819115837899,0.9969900268733256,0.9964286267982633,0.0021024318637500785
12.185462045669556,4.910815664999389,0.01638660430908203,0.01408263017548076,0.1,absolute_error,12,1000,0.2,"{'model__learning_rate': 0.1, 'model__loss': 'absolute_error', 'model__max_depth': 12, 'model__n_estimators': 1000, 'model__subsample': 0.2}",-0.1287570733849659,0.09672451381312897,-0.16619849019052735,-0.2717640703063764,0.16450406415588392,-0.061098211182571346,0.16480794498166665,343,0.9899884307399083,0.9906498624449424,0.9923940964851206,0.9927930530401147,0.9951184528915573,0.9921887791203285,0.001800004895840254
29.10945830345154,5.895363299560937,0.024377822875976562,0.01746430752077511,0.1,absolute_error,12,1000,0.4,"{'model__learning_rate': 0.1, 'model__loss': 'absolute_error', 'model__max_depth': 12, 'model__n_estimators': 1000, 'model__subsample': 0.4}",0.28312395740406193,0.14749163017920075,-0.4011619849862651,0.18409772392895063,0.20259505053034266,0.08322927541125817,0.24622959182639784,61,0.9979231775411408,0.995220737685632,0.9992203198375802,0.9972433280671094,0.9990783425746655,0.9977371811412257,0.0014566665759854823
44.309233045578004,4.617568941506374,0.023978328704833983,0.015407300313871388,0.1,absolute_error,12,1000,0.6000000000000001,"{'model__learning_rate': 0.1, 'model__loss': 'absolute_error', 'model__max_depth': 12, 'model__n_estimators': 1000, 'model__subsample': 0.6000000000000001}",0.24360110414091596,0.18247630274432292,-0.47484529307387957,-0.17281754402584903,0.13548491579189303,-0.01722010288451934,0.2701320260797765,261,0.9993474025722302,0.999639292591559,0.9997722887633368,0.9984373106574286,0.9987152879893074,0.9991823165147725,0.0005210176899632079
76.43143367767334,8.93057728722017,0.032671546936035155,0.016736083906225583,0.1,absolute_error,12,1000,0.8,"{'model__learning_rate': 0.1, 'model__loss': 'absolute_error', 'model__max_depth': 12, 'model__n_estimators': 1000, 'model__subsample': 0.8}",0.20449872589434592,0.28944704965731194,-0.3613518062384451,-0.046117130196519085,0.07235049453429743,0.03176546673019822,0.22737221056826776,169,0.99995093398144,0.9998348554410381,0.999991003264399,0.9999465645158017,0.9999191924536213,0.9999285099312601,5.2138664471854134e-05
3.8046959400177003,1.0976374161421945,0.029997491836547853,0.01696066170234704,0.12000000000000001,squared_error,6,200,0.2,"{'model__learning_rate': 0.12000000000000001, 'model__loss': 'squared_error', 'model__max_depth': 6, 'model__n_estimators': 200, 'model__subsample': 0.2}",-0.27751973084137393,-0.2254310643497872,-0.989593045867633,-0.5626820507325596,0.12248320030812954,-0.3865485382966448,0.3719261013931887,616,0.994727736777658,0.9974218137925773,0.9969658495869572,0.9964965235083016,0.997771799482933,0.9966767446296855,0.0010647972694640068
5.977590847015381,2.4346650403625265,0.017502880096435545,0.013500168738939998,0.12000000000000001,squared_error,6,200,0.4,"{'model__learning_rate': 0.12000000000000001, 'model__loss': 'squared_error', 'model__max_depth': 6, 'model__n_estimators': 200, 'model__subsample': 0.4}",0.19943794685475102,0.1299716897816494,-0.9076879231403996,-0.07369117200481967,0.070674330437273,-0.11625902561430916,0.4058102870148872,475,0.9999986477068842,0.9999990106213307,0.99999931526634,0.9999993327742649,0.9999992441626521,0.9999991101062943,2.5820660293881743e-07
8.134641027450561,3.8708005430978054,0.01573786735534668,0.014043608959788359,0.12000000000000001,squared_error,6,200,0.6000000000000001,"{'model__learning_rate': 0.12000000000000001, 'model__loss': 'squared_error', 'model__max_depth': 6, 'model__n_estimators': 200, 'model__subsample': 0.6000000000000001}",0.2690222028973922,0.04058672031209287,-0.5887835096351195,0.10652335200799812,0.08487238814304598,-0.017555769254918065,0.29587016421301104,262,0.9999999997592259,0.9999999999482946,0.9999999998615179,0.9999999998614569,0.9999999998954038,0.9999999998651798,6.176576288051278e-11
10.146097946166993,4.020146010892331,0.008617305755615234,0.0014553941738701772,0.12000000000000001,squared_error,6,200,0.8,"{'model__learning_rate': 0.12000000000000001, 'model__loss': 'squared_error', 'model__max_depth': 6, 'model__n_estimators': 200, 'model__subsample': 0.8}",0.141276478511981,0.10222662977723074,-0.9176329286975016,-0.14089540979876047,0.12197218405823995,-0.13861060922976207,0.4027713356924448,498,0.9999999999999202,0.9999999999999878,0.9999999999999898,0.9999999999999526,0.99999999999999,0.999999999999968,2.7839204850624608e-14
6.911720943450928,3.3158853141839972,0.022848081588745118,0.01588307404892033,0.12000000000000001,squared_error,6,500,0.2,"{'model__learning_rate': 0.12000000000000001, 'model__loss': 'squared_error', 'model__max_depth': 6, 'model__n_estimators': 500, 'model__subsample': 0.2}",-0.29434208671538586,-0.20689126536621605,-1.0372810760807396,-0.5710458826586644,0.11245277891416638,-0.3994215063813679,0.38637924873863105,624,0.9999954352882244,0.9999985760774068,0.999998525642516,0.9999972350622617,0.9999990580558215,0.999997766025246,1.3127682706784993e-06
16.17340397834778,6.497549372657675,0.02421283721923828,0.01708352114197967,0.12000000000000001,squared_error,6,500,0.4,"{'model__learning_rate': 0.12000000000000001, 'model__loss': 'squared_error', 'model__max_depth': 6, 'model__n_estimators': 500, 'model__subsample': 0.4}",0.19904046677570064,0.12976055902122752,-0.908024829192289,-0.07409453494072471,0.07064024615876674,-0.11653561843546376,0.4058426525603856,477,0.9999999999999906,0.9999999999999898,0.999999999999985,0.9999999999999973,0.9999999999999964,0.9999999999999918,4.558679027077474e-15
16.057272911071777,6.607504583366381,0.016193962097167967,0.013826807991072835,0.12000000000000001,squared_error,6,500,0.6000000000000001,"{'model__learning_rate': 0.12000000000000001, 'model__loss': 'squared_error', 'model__max_depth': 6, 'model__n_estimators': 500, 'model__subsample': 0.6000000000000001}",0.26902075204363896,0.04058765807659648,-0.5887817083835014,0.10652162660467501,0.08487180600470612,-0.017555973130776968,0.2958690394655804,263,0.9999999999999996,0.9999999999999996,0.9999999999999996,0.9999999999999996,0.9999999999999994,0.9999999999999994,9.930136612989092e-17
10.386375570297242,5.0978198956797485,0.008958864212036132,0.0013368433237414847,0.12000000000000001,squared_error,6,500,0.8,"{'model__learning_rate': 0.12000000000000001, 'model__loss': 'squared_error', 'model__max_depth': 6, 'model__n_estimators': 500, 'model__subsample': 0.8}",0.1412764669095462,0.10222662476786992,-0.9176329174438711,-0.14089541371145753,0.12197219362712097,-0.1386106091701583,0.40277133037021096,497,0.9999999999999994,0.9999999999999996,0.9999999999999996,0.9999999999999996,0.9999999999999994,0.9999999999999994,8.599750569898517e-17
9.919775390625,3.9380994623944185,0.012821578979492187,0.0011884126751673103,0.12000000000000001,squared_error,6,1000,0.2,"{'model__learning_rate': 0.12000000000000001, 'model__loss': 'squared_error', 'model__max_depth': 6, 'model__n_estimators': 1000, 'model__subsample': 0.2}",-0.2936307719648601,-0.20641441597659105,-1.0388914791363244,-0.570590592612497,0.11253263413278791,-0.399398925111497,0.38697833479701305,623,0.9999999999707744,0.9999999999908451,0.999999999996369,0.9999999999868687,0.9999999999957496,0.9999999999881215,9.339377332555746e-12
15.0620623588562,5.914059170284148,0.032525253295898435,0.018752780084518056,0.12000000000000001,squared_error,6,1000,0.4,"{'model__learning_rate': 0.12000000000000001, 'model__loss': 'squared_error', 'model__max_depth': 6, 'model__n_estimators': 1000, 'model__subsample': 0.4}",0.19904045786934765,0.12976053233145624,-0.9080247783624735,-0.07409452998288901,0.07064024129734003,-0.11653561536944372,0.40584262776506336,476,0.9999999999999996,0.9999999999999996,0.9999999999999996,0.9999999999999997,0.9999999999999994,0.9999999999999994,1.3136335981433191e-16
15.869213247299195,6.696034054080059,0.016965293884277345,0.013893785911961153,0.12000000000000001,squared_error,6,1000,0.6000000000000001,"{'model__learning_rate': 0.12000000000000001, 'model__loss': 'squared_error', 'model__max_depth': 6, 'model__n_estimators': 1000, 'model__subsample': 0.6000000000000001}",0.26902075186114904,0.040587658172922425,-0.5887817093777163,0.10652162632276951,0.0848718060992546,-0.01755597338432415,0.295869039800817,264,0.9999999999999996,0.9999999999999996,0.9999999999999996,0.9999999999999996,0.9999999999999994,0.9999999999999994,9.930136612989092e-17
18.63699426651001,5.556921871093704,0.021912336349487305,0.015687876069296374,0.12000000000000001,squared_error,6,1000,0.8,"{'model__learning_rate': 0.12000000000000001, 'model__loss': 'squared_error', 'model__max_depth': 6, 'model__n_estimators': 1000, 'model__subsample': 0.8}",0.14127646691709683,0.10222662471565269,-0.9176329166705541,-0.14089541371406034,0.1219721940004952,-0.13861060895027394,0.4027713301141883,496,0.9999999999999994,0.9999999999999996,0.9999999999999996,0.9999999999999996,0.9999999999999994,0.9999999999999994,8.599750569898517e-17
2.652175045013428,1.2060813452770998,0.010084581375122071,0.0028093439982626285,0.12000000000000001,squared_error,9,200,0.2,"{'model__learning_rate': 0.12000000000000001, 'model__loss': 'squared_error', 'model__max_depth': 9, 'model__n_estimators': 200, 'model__subsample': 0.2}",-0.10900676219245531,-0.3378061823095584,-0.8022539422044526,-0.779780928187672,-0.06207604222917462,-0.4181847714246626,0.3184732624630851,625,0.9933061725937931,0.9970995726555474,0.9971023931680847,0.9967201723114043,0.9950075485963136,0.9958471718650286,0.0014878079559470937
6.757276725769043,2.9907220166609503,0.023457098007202148,0.01789536757027161,0.12000000000000001,squared_error,9,200,0.4,"{'model__learning_rate': 0.12000000000000001, 'model__loss': 'squared_error', 'model__max_depth': 9, 'model__n_estimators': 200, 'model__subsample': 0.4}",0.22475382909973085,0.07225355449838378,-0.7094280068192598,-0.22096256062106923,0.0359152921877125,-0.11949357833090038,0.3279462583380767,480,0.9999996933967517,0.9999996399961282,0.9999996153395248,0.9999996322065317,0.9999995441750972,0.9999996250228065,4.812675075936378e-08
10.841298913955688,5.608769825500829,0.023239278793334962,0.01754481116307427,0.12000000000000001,squared_error,9,200,0.6000000000000001,"{'model__learning_rate': 0.12000000000000001, 'model__loss': 'squared_error', 'model__max_depth': 9, 'model__n_estimators': 200, 'model__subsample': 0.6000000000000001}",0.2594357578799993,0.22977687855573825,-0.8291771223167799,-0.13064560669015735,0.03042696561730407,-0.08803662539077912,0.3967066584498572,411,0.9999999999828745,0.9999999999850996,0.9999999999861724,0.9999999999833935,0.9999999999811995,0.9999999999837478,1.7371308424437402e-12
18.013438844680785,6.694983727796426,0.016259288787841795,0.01178541827291765,0.12000000000000001,squared_error,9,200,0.8,"{'model__learning_rate': 0.12000000000000001, 'model__loss': 'squared_error', 'model__max_depth': 9, 'model__n_estimators': 200, 'model__subsample': 0.8}",0.07878802652250594,0.13726704202371198,-0.7957180277381057,-0.09128276723201934,0.16688649278920942,-0.10081184672693955,0.35877164784392024,451,0.9999999999999991,0.9999999999999992,0.9999999999999993,0.9999999999999994,0.9999999999999993,0.9999999999999993,1.2161883888976234e-16
8.598054790496827,3.4255790478036823,0.01757636070251465,0.014648374443582825,0.12000000000000001,squared_error,9,500,0.2,"{'model__learning_rate': 0.12000000000000001, 'model__loss': 'squared_error', 'model__max_depth': 9, 'model__n_estimators': 500, 'model__subsample': 0.2}",-0.13529402065349094,-0.3382530337733547,-0.8016489935634799,-0.7703260312434246,-0.05645856109012026,-0.4203961280647741,0.31250149978364855,627,0.9999967263060026,0.999997888214127,0.999996894204043,0.9999985636730122,0.9999964766542981,0.9999973098102967,7.891865986718602e-07
18.615887069702147,7.044358485151105,0.02366328239440918,0.01694760278706295,0.12000000000000001,squared_error,9,500,0.4,"{'model__learning_rate': 0.12000000000000001, 'model__loss': 'squared_error', 'model__max_depth': 9, 'model__n_estimators': 500, 'model__subsample': 0.4}",0.22493797097049206,0.0722584277018613,-0.7091244146380715,-0.22088603592552136,0.035861770825102224,-0.11939045621322746,0.32786646943340964,478,0.9999999999999989,0.9999999999999993,0.9999999999999983,0.9999999999999983,0.9999999999999988,0.9999999999999988,3.781283367737842e-16
18.231564474105834,7.534034279190263,0.015347099304199219,0.013187162123296334,0.12000000000000001,squared_error,9,500,0.6000000000000001,"{'model__learning_rate': 0.12000000000000001, 'model__loss': 'squared_error', 'model__max_depth': 9, 'model__n_estimators': 500, 'model__subsample': 0.6000000000000001}",0.25943551367308093,0.22977673989061775,-0.8291778036665889,-0.1306464851749931,0.030426499442044674,-0.08803710716716773,0.39670683906582294,412,0.9999999999999996,0.9999999999999996,0.9999999999999996,0.9999999999999996,0.9999999999999994,0.9999999999999994,9.930136612989092e-17
17.916050481796265,7.401459342451062,0.022555017471313478,0.017628123260083325,0.12000000000000001,squared_error,9,500,0.8,"{'model__learning_rate': 0.12000000000000001, 'model__loss': 'squared_error', 'model__max_depth': 9, 'model__n_estimators': 500, 'model__subsample': 0.8}",0.07878802616782399,0.13726704225629838,-0.7957180278126892,-0.09128276857697659,0.16688649239652353,-0.10081184711380398,0.3587716478024253,453,0.9999999999999996,0.9999999999999996,0.9999999999999996,0.9999999999999996,0.9999999999999994,0.9999999999999994,9.930136612989092e-17
21.2895516872406,6.115470165983641,0.02001180648803711,0.013029053004510235,0.12000000000000001,squared_error,9,1000,0.2,"{'model__learning_rate': 0.12000000000000001, 'model__loss': 'squared_error', 'model__max_depth': 9, 'model__n_estimators': 1000, 'model__subsample': 0.2}",-0.13485456891576209,-0.33714041501686,-0.8014470348613889,-0.770273662749817,-0.05588763157549903,-0.4199206626238654,0.3127122934200431,626,0.9999999999859154,0.9999999999828156,0.999999999964041,0.9999999999924385,0.9999999999884613,0.9999999999827344,9.864443252476913e-12
21.396792697906495,7.01837050983676,0.031607866287231445,0.015895111793012662,0.12000000000000001,squared_error,9,1000,0.4,"{'model__learning_rate': 0.12000000000000001, 'model__loss': 'squared_error', 'model__max_depth': 9, 'model__n_estimators': 1000, 'model__subsample': 0.4}",0.22493797131264792,0.07225842564289742,-0.709124430867309,-0.2208860450702086,0.03586176555077558,-0.11939046268623935,0.32786647516955136,479,0.9999999999999996,0.9999999999999996,0.9999999999999996,0.9999999999999997,0.9999999999999996,0.9999999999999997,9.930136612989092e-17
15.191820335388183,6.255836425816509,0.011752176284790038,0.0014127189906022876,0.12000000000000001,squared_error,9,1000,0.6000000000000001,"{'model__learning_rate': 0.12000000000000001, 'model__loss': 'squared_error', 'model__max_depth': 9, 'model__n_estimators': 1000, 'model__subsample': 0.6000000000000001}",0.2594355136707299,0.2297767393672724,-0.8291778059577868,-0.13064648472529505,0.030426499051557032,-0.0880371077187045,0.3967068398046742,413,0.9999999999999996,0.9999999999999996,0.9999999999999996,0.9999999999999996,0.9999999999999994,0.9999999999999994,9.930136612989092e-17
22.10347294807434,4.276779723981947,0.016271543502807618,0.013141531689901273,0.12000000000000001,squared_error,9,1000,0.8,"{'model__learning_rate': 0.12000000000000001, 'model__loss': 'squared_error', 'model__max_depth': 9, 'model__n_estimators': 1000, 'model__subsample': 0.8}",0.07878802618160496,0.13726704219398256,-0.795718027700695,-0.09128276849449724,0.16688649308042847,-0.10081184694783525,0.3587716478546477,452,0.9999999999999996,0.9999999999999996,0.9999999999999996,0.9999999999999996,0.9999999999999994,0.9999999999999994,9.930136612989092e-17
2.391706943511963,1.2399337816600522,0.016607141494750975,0.013691012500636934,0.12000000000000001,squared_error,12,200,0.2,"{'model__learning_rate': 0.12000000000000001, 'model__loss': 'squared_error', 'model__max_depth': 12, 'model__n_estimators': 200, 'model__subsample': 0.2}",-0.055787850031470354,0.0846467629843436,-1.1042558359787318,-0.6559576093860282,-0.4671576099449235,-0.439702428471362,0.42696224653024517,630,0.9954251484650287,0.9965566437588979,0.9964881471231968,0.9953449438228297,0.9969945635060081,0.9961618893351922,0.0006581502190155861
6.355561208724976,2.5545706836537225,0.01037445068359375,0.0011079604231393296,0.12000000000000001,squared_error,12,200,0.4,"{'model__learning_rate': 0.12000000000000001, 'model__loss': 'squared_error', 'model__max_depth': 12, 'model__n_estimators': 200, 'model__subsample': 0.4}",0.19264160131505403,0.13836621584324837,-0.9458058649269248,-0.047760509143499386,0.14420674477553386,-0.10367036242731757,0.4289857017704721,461,0.9999997803984089,0.9999995371304309,0.9999997414401559,0.9999996953292679,0.9999996637718156,0.9999996836140159,8.330604049233822e-08
13.747366380691528,5.515807119267326,0.015710735321044923,0.012434794397771053,0.12000000000000001,squared_error,12,200,0.6000000000000001,"{'model__learning_rate': 0.12000000000000001, 'model__loss': 'squared_error', 'model__max_depth': 12, 'model__n_estimators': 200, 'model__subsample': 0.6000000000000001}",0.24651425777751423,0.027397908536096582,-0.7451952704771401,0.14227527792767392,0.13993662940331697,-0.03781423936650767,0.360419435459596,298,0.9999999999899257,0.9999999999877002,0.9999999999769096,0.9999999999847444,0.9999999999679801,0.999999999981452,8.047490713849662e-12
18.0739812374115,4.798026308330364,0.009412717819213868,0.0011630338385486899,0.12000000000000001,squared_error,12,200,0.8,"{'model__learning_rate': 0.12000000000000001, 'model__loss': 'squared_error', 'model__max_depth': 12, 'model__n_estimators': 200, 'model__subsample': 0.8}",0.0948115165183121,0.01990798729313048,-1.0582681852705282,-0.16465450010145166,0.08863679651483158,-0.20391327700914114,0.43735147581216177,568,0.9999999999999994,0.9999999999999994,0.9999999999999994,0.9999999999999994,0.9999999999999993,0.9999999999999994,4.965068306494546e-17
9.561982107162475,2.8682403345628003,0.031238842010498046,0.016002074542986303,0.12000000000000001,squared_error,12,500,0.2,"{'model__learning_rate': 0.12000000000000001, 'model__loss': 'squared_error', 'model__max_depth': 12, 'model__n_estimators': 500, 'model__subsample': 0.2}",-0.05139121746435338,0.07953842349702167,-1.0830958202770082,-0.6417583004193974,-0.4524591303046668,-0.4298332089936808,0.418295115183194,629,0.999998753871621,0.9999965131474501,0.9999987119530761,0.9999961535928168,0.9999985579493598,0.9999977381028646,1.1544268305639747e-06
16.945861434936525,7.129815494066939,0.017197561264038087,0.012883022356052147,0.12000000000000001,squared_error,12,500,0.4,"{'model__learning_rate': 0.12000000000000001, 'model__loss': 'squared_error', 'model__max_depth': 12, 'model__n_estimators': 500, 'model__subsample': 0.4}",0.19264059736068884,0.13844853189202433,-0.9459497688985548,-0.04755699432452709,0.1442910702470227,-0.1036253127446692,0.4290664084891361,460,0.9999999999999989,0.9999999999999989,0.9999999999999991,0.9999999999999991,0.9999999999999979,0.9999999999999988,4.550560269027492e-16
25.34517369270325,7.363090190540313,0.029854869842529295,0.01612533282295207,0.12000000000000001,squared_error,12,500,0.6000000000000001,"{'model__learning_rate': 0.12000000000000001, 'model__loss': 'squared_error', 'model__max_depth': 12, 'model__n_estimators': 500, 'model__subsample': 0.6000000000000001}",0.24651460954812776,0.027398255706851393,-0.745198852528161,0.1422757270599211,0.13993633290026153,-0.037814785462599844,0.36042092523154684,300,0.9999999999999996,0.9999999999999996,0.9999999999999996,0.9999999999999996,0.9999999999999994,0.9999999999999994,9.930136612989092e-17
20.79841160774231,6.68478280875671,0.022711849212646483,0.017798852493540372,0.12000000000000001,squared_error,12,500,0.8,"{'model__learning_rate': 0.12000000000000001, 'model__loss': 'squared_error', 'model__max_depth': 12, 'model__n_estimators': 500, 'model__subsample': 0.8}",0.0948115161132248,0.019907987646279435,-1.0582681832143832,-0.16465449846883073,0.08863679577023553,-0.2039132764306948,0.43735147491934123,567,0.9999999999999994,0.9999999999999996,0.9999999999999996,0.9999999999999996,0.9999999999999994,0.9999999999999994,8.599750569898517e-17
16.07565212249756,5.558118787070625,0.014114141464233398,0.0018433016443014055,0.12000000000000001,squared_error,12,1000,0.2,"{'model__learning_rate': 0.12000000000000001, 'model__loss': 'squared_error', 'model__max_depth': 12, 'model__n_estimators': 1000, 'model__subsample': 0.2}",-0.05136118861513972,0.07980195425784942,-1.0816945538602196,-0.642804632204157,-0.45279772213232916,-0.4297712285107992,0.4180374288321875,628,0.9999999999910025,0.9999999999713342,0.9999999999950271,0.9999999999868867,0.9999999999972794,0.999999999988306,9.198088723349817e-12
22.086717414855958,6.173640500298472,0.019831037521362303,0.013696416095472142,0.12000000000000001,squared_error,12,1000,0.4,"{'model__learning_rate': 0.12000000000000001, 'model__loss': 'squared_error', 'model__max_depth': 12, 'model__n_estimators': 1000, 'model__subsample': 0.4}",0.19264059492302354,0.13844852904598537,-0.9459497477830086,-0.04755699767976318,0.14429107650965278,-0.10362530899682201,0.4290664001767615,459,0.9999999999999996,0.9999999999999996,0.9999999999999996,0.9999999999999996,0.9999999999999996,0.9999999999999997,1.1102230246251565e-16
22.25915398597717,9.305166645072791,0.023967409133911134,0.016772644047803875,0.12000000000000001,squared_error,12,1000,0.6000000000000001,"{'model__learning_rate': 0.12000000000000001, 'model__loss': 'squared_error', 'model__max_depth': 12, 'model__n_estimators': 1000, 'model__subsample': 0.6000000000000001}",0.24651460966178562,0.027398256046952896,-0.7451988527386919,0.14227572714717662,0.13993633258303073,-0.03781478545994921,0.36042092532185643,299,0.9999999999999996,0.9999999999999996,0.9999999999999996,0.9999999999999996,0.9999999999999994,0.9999999999999994,9.930136612989092e-17
20.915954446792604,5.130039953939336,0.023561668395996094,0.017411387866035466,0.12000000000000001,squared_error,12,1000,0.8,"{'model__learning_rate': 0.12000000000000001, 'model__loss': 'squared_error', 'model__max_depth': 12, 'model__n_estimators': 1000, 'model__subsample': 0.8}",0.09481151608561733,0.019907987727464493,-1.0582681832262004,-0.16465449796157383,0.08863679602346031,-0.2039132762702464,0.4373514749714802,566,0.9999999999999996,0.9999999999999996,0.9999999999999996,0.9999999999999996,0.9999999999999994,0.9999999999999994,9.930136612989092e-17
2.66384334564209,1.0217472109492272,0.014888954162597657,0.013514545235693004,0.12000000000000001,absolute_error,6,200,0.2,"{'model__learning_rate': 0.12000000000000001, 'model__loss': 'absolute_error', 'model__max_depth': 6, 'model__n_estimators': 200, 'model__subsample': 0.2}",0.23171774827719682,-0.1988203769471999,-0.47026365256979297,-0.3110305477482278,-0.0007571665723793419,-0.14983079911208064,0.24448508879083877,523,0.8040374468131819,0.8445010083497961,0.8573625005807238,0.8876602017961521,0.8883060942607718,0.8563734503601251,0.031239542022246065
4.852823495864868,2.146756136710371,0.023154306411743163,0.016035475863977612,0.12000000000000001,absolute_error,6,200,0.4,"{'model__learning_rate': 0.12000000000000001, 'model__loss': 'absolute_error', 'model__max_depth': 6, 'model__n_estimators': 200, 'model__subsample': 0.4}",0.2629278938043239,0.19231023296455985,-0.6760864377875002,-0.002776829016752469,0.18255421661422677,-0.008214184684228432,0.34531248544943804,245,0.9505992646356349,0.9486286974333477,0.9746465423065326,0.9661990008756716,0.9536994379134383,0.9587545886329248,0.010025676995467437
7.708615016937256,2.739842384298054,0.015811586380004884,0.012912576044737495,0.12000000000000001,absolute_error,6,200,0.6000000000000001,"{'model__learning_rate': 0.12000000000000001, 'model__loss': 'absolute_error', 'model__max_depth': 6, 'model__n_estimators': 200, 'model__subsample': 0.6000000000000001}",0.36265913690591545,0.3141059879283471,-0.16333138156330484,0.2075512295464652,0.0892669050728927,0.16205037557806312,0.18793926334842867,3,0.9495483503943972,0.959727092510107,0.9754869839786714,0.9706298199070483,0.9684593081262596,0.9647703109832968,0.009164406817426179
15.518751001358032,1.8049481445513418,0.01494441032409668,0.014354781533114288,0.12000000000000001,absolute_error,6,200,0.8,"{'model__learning_rate': 0.12000000000000001, 'model__loss': 'absolute_error', 'model__max_depth': 6, 'model__n_estimators': 200, 'model__subsample': 0.8}",0.2243142243708024,0.16834956687945402,-0.3839576243190326,0.0626408467609596,0.1023356347548654,0.03473652968940977,0.21653878661597087,165,0.9766888504102682,0.950755519983471,0.9791235499636805,0.9702140488201167,0.9610398027001601,0.9675643543755392,0.01047853996859279
6.777432441711426,2.5874622572524473,0.008331775665283203,0.0007142190891402344,0.12000000000000001,absolute_error,6,500,0.2,"{'model__learning_rate': 0.12000000000000001, 'model__loss': 'absolute_error', 'model__max_depth': 6, 'model__n_estimators': 500, 'model__subsample': 0.2}",0.21952086130708248,-0.3209394993738204,-0.5321303128374075,-0.38030155473632843,0.061037767114820785,-0.19056254770513062,0.2832450173463391,559,0.9360934119564464,0.9642483148698251,0.9538031495160516,0.9715095609330009,0.9770318416427818,0.960537255783621,0.014485057754581823
10.057997035980225,4.435807414639164,0.016592693328857423,0.012476800509825667,0.12000000000000001,absolute_error,6,500,0.4,"{'model__learning_rate': 0.12000000000000001, 'model__loss': 'absolute_error', 'model__max_depth': 6, 'model__n_estimators': 500, 'model__subsample': 0.4}",0.27191155974355996,0.24882964423038956,-0.763076724149141,-0.020586815761512778,0.1915821388172967,-0.014268039423881506,0.38839356927224816,258,0.9841813302086101,0.9919752800820384,0.9946238742724036,0.9943153802759372,0.9863041793595941,0.9902800088397168,0.00426681228110935
26.027182054519653,2.87317167377569,0.028762674331665038,0.01574230388977705,0.12000000000000001,absolute_error,6,500,0.6000000000000001,"{'model__learning_rate': 0.12000000000000001, 'model__loss': 'absolute_error', 'model__max_depth': 6, 'model__n_estimators': 500, 'model__subsample': 0.6000000000000001}",0.3985906692018011,0.3164151761145553,-0.18967897584608795,0.1940245124367469,0.13528960346352825,0.17092819707410872,0.2024044192131065,1,0.9879114921557945,0.995611482238181,0.996505453393148,0.992362607974342,0.9951369178980982,0.9935055907319127,0.0031207541335072407
33.45041766166687,10.142090080437884,0.02332754135131836,0.018096669971619853,0.12000000000000001,absolute_error,6,500,0.8,"{'model__learning_rate': 0.12000000000000001, 'model__loss': 'absolute_error', 'model__max_depth': 6, 'model__n_estimators': 500, 'model__subsample': 0.8}",0.2279586203066314,0.19409346667168748,-0.3923769830000561,0.03165949671437729,0.12043564795001949,0.036354049728531915,0.22472030951206368,164,0.9988448803752804,0.9933406610808249,0.9971525674578307,0.9981763915729531,0.99538794373512,0.9965804888444019,0.001996010833606421
14.390647506713867,3.8110761260071606,0.009250640869140625,0.00033210747876770235,0.12000000000000001,absolute_error,6,1000,0.2,"{'model__learning_rate': 0.12000000000000001, 'model__loss': 'absolute_error', 'model__max_depth': 6, 'model__n_estimators': 1000, 'model__subsample': 0.2}",0.21179050345899608,-0.40829450907156106,-0.6951547189474105,-0.35435615682708255,0.06277238352621384,-0.23664849957216888,0.3299381163291939,586,0.9898175386575445,0.9934228895561741,0.9936297143714385,0.9945719748608062,0.9970604588931288,0.9937005152678184,0.002332734839029182
21.679048442840575,7.891066768702702,0.017667770385742188,0.013365633142742432,0.12000000000000001,absolute_error,6,1000,0.4,"{'model__learning_rate': 0.12000000000000001, 'model__loss': 'absolute_error', 'model__max_depth': 6, 'model__n_estimators': 1000, 'model__subsample': 0.4}",0.29748660909065394,0.24183088542627362,-0.7432943821684963,-0.016341896160342095,0.21075643926602816,-0.0019124689091765345,0.3857807783892622,235,0.9984354296889485,0.9988670657827134,0.9996618632998913,0.9994573612061497,0.998913312334301,0.9990670064624009,0.0004401633479168921
45.611473894119264,13.408221470766359,0.017160940170288085,0.012805904787913226,0.12000000000000001,absolute_error,6,1000,0.6000000000000001,"{'model__learning_rate': 0.12000000000000001, 'model__loss': 'absolute_error', 'model__max_depth': 6, 'model__n_estimators': 1000, 'model__subsample': 0.6000000000000001}",0.3857508587796522,0.3128108223357774,-0.1746866200036048,0.1797108989756414,0.1317911951766747,0.16707543105282818,0.193527093119902,2,0.9991234704894103,0.9998519265044724,0.999937768068145,0.9997829767962929,0.9999186384239144,0.999722956056447,0.0003046488470578001
73.40028691291809,6.775657916809464,0.02489299774169922,0.016836899377683373,0.12000000000000001,absolute_error,6,1000,0.8,"{'model__learning_rate': 0.12000000000000001, 'model__loss': 'absolute_error', 'model__max_depth': 6, 'model__n_estimators': 1000, 'model__subsample': 0.8}",0.22562175261256368,0.18664787629240465,-0.403865367305849,0.02514719787089914,0.12342032956248894,0.03139435780650148,0.22794155860008342,170,0.9999908681822619,0.9999649624158798,0.9999598767839237,0.9999754641682399,0.9999118099705687,0.9999605963041749,2.6597469700387444e-05
3.066442918777466,0.8586988115720582,0.022391080856323242,0.017408909412004313,0.12000000000000001,absolute_error,9,200,0.2,"{'model__learning_rate': 0.12000000000000001, 'model__loss': 'absolute_error', 'model__max_depth': 9, 'model__n_estimators': 200, 'model__subsample': 0.2}",0.23171774827719682,-0.1988203769471999,-0.47026365256979297,-0.3110305477482278,-0.0007571665723793419,-0.14983079911208064,0.24448508879083877,523,0.8040374468131819,0.8445010083497961,0.8573625005807238,0.8876602017961521,0.8883060942607718,0.8563734503601251,0.031239542022246065
6.7766471862792965,1.8460770264844364,0.03177556991577148,0.020458155837323726,0.12000000000000001,absolute_error,9,200,0.4,"{'model__learning_rate': 0.12000000000000001, 'model__loss': 'absolute_error', 'model__max_depth': 9, 'model__n_estimators': 200, 'model__subsample': 0.4}",0.2629278938043239,0.19231023296455985,-0.5413520898280246,-0.002776829016752469,0.1785221346432545,0.017926268513472232,0.2930691031232456,209,0.9505992646356349,0.9486286974333477,0.9727518044008456,0.9661990008756716,0.9626350134030245,0.9601627561497048,0.009225262300877586
8.533579969406128,3.621382745814786,0.009009981155395507,0.0008351614988361656,0.12000000000000001,absolute_error,9,200,0.6000000000000001,"{'model__learning_rate': 0.12000000000000001, 'model__loss': 'absolute_error', 'model__max_depth': 9, 'model__n_estimators': 200, 'model__subsample': 0.6000000000000001}",0.22287704183370372,0.13329479984529657,-0.3939303061790207,0.15002828276489288,0.10414966367650158,0.04328389638827481,0.22208598569436733,151,0.9289397418888388,0.9598199315296068,0.9857500485937444,0.962889135293261,0.9742643781732467,0.9623326470957394,0.019039172441112234
12.868338489532471,4.903749794179357,0.01589374542236328,0.012813409086961389,0.12000000000000001,absolute_error,9,200,0.8,"{'model__learning_rate': 0.12000000000000001, 'model__loss': 'absolute_error', 'model__max_depth': 9, 'model__n_estimators': 200, 'model__subsample': 0.8}",0.21029907478918364,0.18908597580168696,-0.4196005542537189,0.05992189199115305,0.09488199233899586,0.026917676133460123,0.23022347899377177,181,0.9727316871997767,0.9725792255320138,0.9936081193579233,0.9860158466707927,0.9790032249616613,0.9807876207444336,0.008088997670716988
6.660452938079834,2.3876122866400844,0.014760398864746093,0.013292265429716102,0.12000000000000001,absolute_error,9,500,0.2,"{'model__learning_rate': 0.12000000000000001, 'model__loss': 'absolute_error', 'model__max_depth': 9, 'model__n_estimators': 500, 'model__subsample': 0.2}",0.21952086130708248,-0.3209394993738204,-0.5321303128374075,-0.38030155473632843,0.061037767114820785,-0.19056254770513062,0.2832450173463391,559,0.9360934119564464,0.9642483148698251,0.9538031495160516,0.9715095609330009,0.9770318416427818,0.960537255783621,0.014485057754581823
12.048116683959961,4.16902533265403,0.02291426658630371,0.01767426744780988,0.12000000000000001,absolute_error,9,500,0.4,"{'model__learning_rate': 0.12000000000000001, 'model__loss': 'absolute_error', 'model__max_depth': 9, 'model__n_estimators': 500, 'model__subsample': 0.4}",0.2501660284722651,0.2220049949049394,-0.5021524946518614,-0.020586815761512778,0.187326573673528,0.02735165732747167,0.2813541838480747,178,0.9910280443489917,0.9913331652080433,0.9984464400431489,0.9943153802759372,0.9842999082413091,0.991884587623486,0.004637494032091039
30.894261741638182,1.1467702050269142,0.035309553146362305,0.01245846454710061,0.12000000000000001,absolute_error,9,500,0.6000000000000001,"{'model__learning_rate': 0.12000000000000001, 'model__loss': 'absolute_error', 'model__max_depth': 9, 'model__n_estimators': 500, 'model__subsample': 0.6000000000000001}",0.24654910650926976,0.10312871545828561,-0.41816332871514916,0.11387906600220665,0.1278832493505877,0.03465536172104011,0.2322068732887328,166,0.9871144280835449,0.9876841468750409,0.9990700611197244,0.9968542627828489,0.9957580738680183,0.9932961945458356,0.004934927562647273
40.66995429992676,7.926986114954012,0.01701960563659668,0.013570258795333759,0.12000000000000001,absolute_error,9,500,0.8,"{'model__learning_rate': 0.12000000000000001, 'model__loss': 'absolute_error', 'model__max_depth': 9, 'model__n_estimators': 500, 'model__subsample': 0.8}",0.21282684974552302,0.19874369247058454,-0.4302012110407385,0.0727761976096245,0.09439240652899938,0.02970758706279859,0.23649989554067288,172,0.9983739851401827,0.9977605377246204,0.9997812887556524,0.9994051416578529,0.9995315442580747,0.9989704995072766,0.000772127077931545
12.764534091949463,4.648301004222441,0.015315723419189454,0.012702434442489622,0.12000000000000001,absolute_error,9,1000,0.2,"{'model__learning_rate': 0.12000000000000001, 'model__loss': 'absolute_error', 'model__max_depth': 9, 'model__n_estimators': 1000, 'model__subsample': 0.2}",0.21179050345899608,-0.40829450907156106,-0.6951547189474105,-0.35435615682708255,0.06277238352621384,-0.23664849957216888,0.3299381163291939,586,0.9898175386575445,0.9934228895561741,0.9936297143714385,0.9945719748608062,0.9970604588931288,0.9937005152678184,0.002332734839029182
29.541856813430787,10.281252008610544,0.03136610984802246,0.017304677787900576,0.12000000000000001,absolute_error,9,1000,0.4,"{'model__learning_rate': 0.12000000000000001, 'model__loss': 'absolute_error', 'model__max_depth': 9, 'model__n_estimators': 1000, 'model__subsample': 0.4}",0.25831964700681986,0.22250189443970203,-0.5151742801323731,-0.04032764095414443,0.20694297250932414,0.026452518573865703,0.29072107105275696,184,0.9989047499748455,0.9988002719574439,0.9998732322734234,0.9996368448420839,0.9984491529053999,0.9991328503906394,0.0005352113983607879
51.80514760017395,14.55739237022239,0.025867462158203125,0.01936295363468246,0.12000000000000001,absolute_error,9,1000,0.6000000000000001,"{'model__learning_rate': 0.12000000000000001, 'model__loss': 'absolute_error', 'model__max_depth': 9, 'model__n_estimators': 1000, 'model__subsample': 0.6000000000000001}",0.25757768559714733,0.12153882186261977,-0.42746711163791784,0.12804833866096255,0.1333377475671793,0.04260709640999823,0.24039325677192677,153,0.9996972421700884,0.9995186833785817,0.9999658204101973,0.9998390384899118,0.9994130900381519,0.9996867748973862,0.0002021476314453049
64.03113646507263,18.700124872599616,0.028430080413818358,0.018858703893438956,0.12000000000000001,absolute_error,9,1000,0.8,"{'model__learning_rate': 0.12000000000000001, 'model__loss': 'absolute_error', 'model__max_depth': 9, 'model__n_estimators': 1000, 'model__subsample': 0.8}",0.21543469859243725,0.19633229364874538,-0.438470338944126,0.06818068756603657,0.09334412394019109,0.026964292960656853,0.23955837834547417,180,0.9999937269503315,0.9999970067961019,0.9999983300457155,0.9999977385690029,0.999989918230128,0.9999953441182559,3.1454458782790056e-06
1.8299019813537598,0.8754658939809389,0.008138322830200195,0.0009610991127784272,0.12000000000000001,absolute_error,12,200,0.2,"{'model__learning_rate': 0.12000000000000001, 'model__loss': 'absolute_error', 'model__max_depth': 12, 'model__n_estimators': 200, 'model__subsample': 0.2}",0.23171774827719682,-0.1988203769471999,-0.47026365256979297,-0.3110305477482278,-0.0007571665723793419,-0.14983079911208064,0.24448508879083877,523,0.8040374468131819,0.8445010083497961,0.8573625005807238,0.8876602017961521,0.8883060942607718,0.8563734503601251,0.031239542022246065
3.987636184692383,1.799755626711111,0.00837244987487793,0.0007580810859337242,0.12000000000000001,absolute_error,12,200,0.4,"{'model__learning_rate': 0.12000000000000001, 'model__loss': 'absolute_error', 'model__max_depth': 12, 'model__n_estimators': 200, 'model__subsample': 0.4}",0.2629278938043239,0.19231023296455985,-0.5413520898280246,-0.002776829016752469,0.1785221346432545,0.017926268513472232,0.2930691031232456,209,0.9505992646356349,0.9486286974333477,0.9727518044008456,0.9661990008756716,0.9626350134030245,0.9601627561497048,0.009225262300877586
9.50076208114624,3.8211760475390437,0.015892505645751953,0.013598481358374357,0.12000000000000001,absolute_error,12,200,0.6000000000000001,"{'model__learning_rate': 0.12000000000000001, 'model__loss': 'absolute_error', 'model__max_depth': 12, 'model__n_estimators': 200, 'model__subsample': 0.6000000000000001}",0.22287704183370372,0.0958825989280625,-0.3939303061790207,0.15112120819608355,0.12049753021922727,0.039289614599611264,0.22076577631448535,161,0.9289397418888388,0.9606326533939666,0.9857500485937444,0.9637071332029765,0.9840071938911085,0.964607354194127,0.0205531239405996
15.126719427108764,4.120098759147631,0.01619558334350586,0.014058894442255243,0.12000000000000001,absolute_error,12,200,0.8,"{'model__learning_rate': 0.12000000000000001, 'model__loss': 'absolute_error', 'model__max_depth': 12, 'model__n_estimators': 200, 'model__subsample': 0.8}",0.2432712210463558,0.1810472390823752,-0.35549806840191,-0.04461045737517133,0.08873997173155579,0.022589981216641086,0.21243879383931882,195,0.9647459204566791,0.9547936925715221,0.9938594763422666,0.9835554837881897,0.9866096290402566,0.9767128404397829,0.014576910046515307
5.837326717376709,2.12089315698291,0.008716535568237305,0.0011976456959177544,0.12000000000000001,absolute_error,12,500,0.2,"{'model__learning_rate': 0.12000000000000001, 'model__loss': 'absolute_error', 'model__max_depth': 12, 'model__n_estimators': 500, 'model__subsample': 0.2}",0.21952086130708248,-0.3209394993738204,-0.5321303128374075,-0.38030155473632843,0.061037767114820785,-0.19056254770513062,0.2832450173463391,559,0.9360934119564464,0.9642483148698251,0.9538031495160516,0.9715095609330009,0.9770318416427818,0.960537255783621,0.014485057754581823
14.8999653339386,5.132990401625323,0.02450728416442871,0.017276464037825828,0.12000000000000001,absolute_error,12,500,0.4,"{'model__learning_rate': 0.12000000000000001, 'model__loss': 'absolute_error', 'model__max_depth': 12, 'model__n_estimators': 500, 'model__subsample': 0.4}",0.2501660284722651,0.2220049949049394,-0.5021524946518614,-0.020586815761512778,0.187326573673528,0.02735165732747167,0.2813541838480747,178,0.9910280443489917,0.9913331652080433,0.9984464400431489,0.9943153802759372,0.9842999082413091,0.991884587623486,0.004637494032091039
24.585532855987548,8.216996076166303,0.009008836746215821,0.0007039311095680597,0.12000000000000001,absolute_error,12,500,0.6000000000000001,"{'model__learning_rate': 0.12000000000000001, 'model__loss': 'absolute_error', 'model__max_depth': 12, 'model__n_estimators': 500, 'model__subsample': 0.6000000000000001}",0.25113653806827096,0.13463971407148645,-0.411818690016307,0.13553109720952017,0.1590674352135002,0.05371121890929416,0.23665954401947192,125,0.989660781787488,0.9928731223829836,0.9991095074844446,0.991752044259031,0.9988394181865855,0.9944469748201066,0.003838751764365286
32.292185401916505,12.96824818328871,0.02285876274108887,0.014934308028950067,0.12000000000000001,absolute_error,12,500,0.8,"{'model__learning_rate': 0.12000000000000001, 'model__loss': 'absolute_error', 'model__max_depth': 12, 'model__n_estimators': 500, 'model__subsample': 0.8}",0.24668284534195184,0.2071216206391655,-0.36571434036839756,-0.06545493223076582,0.09008237962889531,0.022543514602169856,0.22242162830675222,196,0.9982523039345584,0.996492844264132,0.9998237671257145,0.9998142207678804,0.9994257833397772,0.9987617838864125,0.0012715332394394215
18.166430711746216,0.09991795098495816,0.029122304916381837,0.01663019342970279,0.12000000000000001,absolute_error,12,1000,0.2,"{'model__learning_rate': 0.12000000000000001, 'model__loss': 'absolute_error', 'model__max_depth': 12, 'model__n_estimators': 1000, 'model__subsample': 0.2}",0.21179050345899608,-0.40829450907156106,-0.6951547189474105,-0.35435615682708255,0.06277238352621384,-0.23664849957216888,0.3299381163291939,586,0.9898175386575445,0.9934228895561741,0.9936297143714385,0.9945719748608062,0.9970604588931288,0.9937005152678184,0.002332734839029182
22.710428142547606,9.384269098471657,0.011511421203613282,0.0015751695562997627,0.12000000000000001,absolute_error,12,1000,0.4,"{'model__learning_rate': 0.12000000000000001, 'model__loss': 'absolute_error', 'model__max_depth': 12, 'model__n_estimators': 1000, 'model__subsample': 0.4}",0.25831964700681986,0.22250189443970203,-0.5151742801323731,-0.04032764095414443,0.20694297250932414,0.026452518573865703,0.29072107105275696,184,0.9989047499748455,0.9988002719574439,0.9998732322734234,0.9996368448420839,0.9984491529053999,0.9991328503906394,0.0005352113983607879
51.85774936676025,13.059647897814738,0.037637519836425784,0.012956329414341135,0.12000000000000001,absolute_error,12,1000,0.6000000000000001,"{'model__learning_rate': 0.12000000000000001, 'model__loss': 'absolute_error', 'model__max_depth': 12, 'model__n_estimators': 1000, 'model__subsample': 0.6000000000000001}",0.243180869028354,0.1367635414799434,-0.41901798215822095,0.12975354041170306,0.16467115052968329,0.05107022385829256,0.23846551153277043,131,0.9997289623166108,0.9993106870663958,0.999984033746852,0.9999324861661579,0.9999077917731051,0.9997727922138242,0.00024650040643514967
67.42278256416321,22.102964606248587,0.026168441772460936,0.01621993016534801,0.12000000000000001,absolute_error,12,1000,0.8,"{'model__learning_rate': 0.12000000000000001, 'model__loss': 'absolute_error', 'model__max_depth': 12, 'model__n_estimators': 1000, 'model__subsample': 0.8}",0.2526229836283299,0.2212518788072323,-0.36525972124976747,-0.0630450724840792,0.08836681690259662,0.026787377120862432,0.22555752584625094,183,0.9999535711662698,0.9999846520309027,0.9999965424027042,0.9999999615586382,0.9999952537998225,0.9999859961916675,1.700086110060696e-05
3.378629732131958,1.431399671042804,0.008265447616577149,0.0010863987495375869,0.13999999999999999,squared_error,6,200,0.2,"{'model__learning_rate': 0.13999999999999999, 'model__loss': 'squared_error', 'model__max_depth': 6, 'model__n_estimators': 200, 'model__subsample': 0.2}",-0.27209038273801367,-0.08576565126480418,-1.0576945232720383,-0.7334767141270431,-0.13927574075586335,-0.45766060243155254,0.37688892658572487,631,0.9980681006192172,0.9985331856312599,0.9978762840925681,0.9976047795283308,0.9988266553953905,0.9981818010533534,0.0004423868186156229
7.728465366363525,2.1841686634092006,0.02797102928161621,0.01670894884999738,0.13999999999999999,squared_error,6,200,0.4,"{'model__learning_rate': 0.13999999999999999, 'model__loss': 'squared_error', 'model__max_depth': 6, 'model__n_estimators': 200, 'model__subsample': 0.4}",0.10434078943872116,0.08699375112936858,-1.198626209586164,-0.11754966893408936,-0.11839772369096013,-0.24864781232862473,0.484534204395481,595,0.999999847716901,0.9999998518301774,0.9999999353136513,0.999999942088349,0.9999998885923405,0.9999998931082839,3.991238724329074e-08
11.407939910888672,3.207112615408509,0.028842353820800783,0.01647325496543243,0.13999999999999999,squared_error,6,200,0.6000000000000001,"{'model__learning_rate': 0.13999999999999999, 'model__loss': 'squared_error', 'model__max_depth': 6, 'model__n_estimators': 200, 'model__subsample': 0.6000000000000001}",0.08293320860788345,0.2190549922100984,-0.48635458221028083,0.041332107331633616,0.19860226728656816,0.011113598645180555,0.25765769137858474,221,0.9999999999977485,0.999999999992009,0.9999999999968356,0.9999999999939431,0.9999999999958926,0.9999999999952858,2.06763945667176e-12
12.196570014953613,4.848355604682731,0.016347312927246095,0.01540735327633697,0.13999999999999999,squared_error,6,200,0.8,"{'model__learning_rate': 0.13999999999999999, 'model__loss': 'squared_error', 'model__max_depth': 6, 'model__n_estimators': 200, 'model__subsample': 0.8}",0.1825290508220847,0.13131106086563982,-0.8688282597120445,-0.005481545946528943,0.10602686566807307,-0.09088856566055517,0.3937994618391765,423,0.9999999999999994,0.9999999999999994,0.9999999999999994,0.9999999999999994,0.9999999999999993,0.9999999999999994,4.965068306494546e-17
9.613109683990478,2.744126693095508,0.02288198471069336,0.01664213185278519,0.13999999999999999,squared_error,6,500,0.2,"{'model__learning_rate': 0.13999999999999999, 'model__loss': 'squared_error', 'model__max_depth': 6, 'model__n_estimators': 500, 'model__subsample': 0.2}",-0.27466636303354064,-0.09609992258640387,-1.0868795880892073,-0.7486468980543199,-0.13333255733228988,-0.46792506581915233,0.38716003352876804,632,0.9999997112005904,0.9999996532604997,0.9999991981336669,0.9999983691030585,0.9999997072084917,0.9999993277812615,5.162914942121117e-07
14.665556478500367,5.835855369360015,0.02256770133972168,0.016375464144486422,0.13999999999999999,squared_error,6,500,0.4,"{'model__learning_rate': 0.13999999999999999, 'model__loss': 'squared_error', 'model__max_depth': 6, 'model__n_estimators': 500, 'model__subsample': 0.4}",0.10429683354584696,0.08688547088250642,-1.1986805931970288,-0.11750866294832196,-0.11837509979052618,-0.24867641030150472,0.4845375617971126,597,0.9999999999999994,0.9999999999999996,0.9999999999999996,0.9999999999999996,0.9999999999999994,0.9999999999999994,8.599750569898517e-17
13.266677904129029,5.302822481639641,0.01762533187866211,0.01865601671513054,0.13999999999999999,squared_error,6,500,0.6000000000000001,"{'model__learning_rate': 0.13999999999999999, 'model__loss': 'squared_error', 'model__max_depth': 6, 'model__n_estimators': 500, 'model__subsample': 0.6000000000000001}",0.08293326235309872,0.219055343328578,-0.48635416937911247,0.04133175667729383,0.19860246944077298,0.011113732484126216,0.2576576128303358,220,0.9999999999999996,0.9999999999999996,0.9999999999999996,0.9999999999999996,0.9999999999999994,0.9999999999999994,9.930136612989092e-17
13.965751218795777,4.6580117051870165,0.01735844612121582,0.013986784250546282,0.13999999999999999,squared_error,6,500,0.8,"{'model__learning_rate': 0.13999999999999999, 'model__loss': 'squared_error', 'model__max_depth': 6, 'model__n_estimators': 500, 'model__subsample': 0.8}",0.18252905035174039,0.1313110603808777,-0.8688282599746069,-0.005481545721701453,0.10602686507775039,-0.09088856597718797,0.39379946177361086,424,0.9999999999999994,0.9999999999999996,0.9999999999999996,0.9999999999999996,0.9999999999999994,0.9999999999999994,8.599750569898517e-17
14.566212558746338,5.589768604860925,0.01331920623779297,0.0022589073502254585,0.13999999999999999,squared_error,6,1000,0.2,"{'model__learning_rate': 0.13999999999999999, 'model__loss': 'squared_error', 'model__max_depth': 6, 'model__n_estimators': 1000, 'model__subsample': 0.2}",-0.2745894202507637,-0.09601593868337899,-1.0874084400164405,-0.7484352466227802,-0.1332685686523536,-0.46794352284514334,0.387333358369305,633,0.9999999999998148,0.9999999999997261,0.9999999999990504,0.9999999999984821,0.9999999999998546,0.9999999999993856,5.382830803421432e-13
18.684163570404053,5.533363343257578,0.009622669219970703,0.00037976757210756313,0.13999999999999999,squared_error,6,1000,0.4,"{'model__learning_rate': 0.13999999999999999, 'model__loss': 'squared_error', 'model__max_depth': 6, 'model__n_estimators': 1000, 'model__subsample': 0.4}",0.10429683280713264,0.0868854697350423,-1.198680591268547,-0.11750865826960188,-0.11837509863103746,-0.2486764091254023,0.4845375610900148,596,0.9999999999999996,0.9999999999999996,0.9999999999999997,0.9999999999999997,0.9999999999999996,0.9999999999999997,8.599750569898517e-17
14.146038722991943,5.714276061048614,0.016845035552978515,0.013607278422426627,0.13999999999999999,squared_error,6,1000,0.6000000000000001,"{'model__learning_rate': 0.13999999999999999, 'model__loss': 'squared_error', 'model__max_depth': 6, 'model__n_estimators': 1000, 'model__subsample': 0.6000000000000001}",0.08293326369159026,0.21905534370956903,-0.4863541686425228,0.041331758345619085,0.1986024694393307,0.011113733308717256,0.2576576127209403,219,0.9999999999999996,0.9999999999999996,0.9999999999999996,0.9999999999999996,0.9999999999999994,0.9999999999999994,9.930136612989092e-17
13.178225564956666,4.858901570386246,0.010690927505493164,0.002512063146824448,0.13999999999999999,squared_error,6,1000,0.8,"{'model__learning_rate': 0.13999999999999999, 'model__loss': 'squared_error', 'model__max_depth': 6, 'model__n_estimators': 1000, 'model__subsample': 0.8}",0.1825290499815676,0.13131106022640038,-0.8688282599527395,-0.0054815457280465996,0.10602686493134006,-0.09088856610829561,0.39379946168121843,425,0.9999999999999996,0.9999999999999996,0.9999999999999996,0.9999999999999996,0.9999999999999994,0.9999999999999994,9.930136612989092e-17
2.3357566356658936,1.0419923001345301,0.01565418243408203,0.013678630078646776,0.13999999999999999,squared_error,9,200,0.2,"{'model__learning_rate': 0.13999999999999999, 'model__loss': 'squared_error', 'model__max_depth': 9, 'model__n_estimators': 200, 'model__subsample': 0.2}",-0.16053290924165275,0.26182274508178094,-0.9923987745198455,-0.11882139320868945,-0.4901728000921468,-0.3000206263961107,0.420357778226809,605,0.9975485821030331,0.9976288188760373,0.9972626495993289,0.9976785753451592,0.9985292127086823,0.9977295677264483,0.00042495905325959366
4.18887996673584,0.11053624646336188,0.010466432571411133,0.0008116052876966683,0.13999999999999999,squared_error,9,200,0.4,"{'model__learning_rate': 0.13999999999999999, 'model__loss': 'squared_error', 'model__max_depth': 9, 'model__n_estimators': 200, 'model__subsample': 0.4}",0.18990972876610235,0.12070183987594552,-1.087483284608655,-0.31657953477784484,0.03925488836554525,-0.21083927247578135,0.47175249602791636,572,0.9999999735212717,0.9999999577501228,0.9999999669688553,0.999999967566997,0.999999924839986,0.9999999581294465,1.7392198576833227e-08
12.684648466110229,4.64663792157788,0.022730493545532228,0.017047599672959345,0.13999999999999999,squared_error,9,200,0.6000000000000001,"{'model__learning_rate': 0.13999999999999999, 'model__loss': 'squared_error', 'model__max_depth': 9, 'model__n_estimators': 200, 'model__subsample': 0.6000000000000001}",0.2175621301896854,-0.08946012746385756,-0.6662107022566259,0.008046499549611896,0.2099501388990701,-0.06402241221642321,0.32336436270822505,358,0.999999999999365,0.999999999999873,0.9999999999995108,0.9999999999993098,0.9999999999988368,0.9999999999993789,3.347705838491275e-13
13.596151876449586,5.731778627241007,0.009411764144897462,0.0005865898387718978,0.13999999999999999,squared_error,9,200,0.8,"{'model__learning_rate': 0.13999999999999999, 'model__loss': 'squared_error', 'model__max_depth': 9, 'model__n_estimators': 200, 'model__subsample': 0.8}",0.1863304212276451,0.09172453274540393,-0.7155176734016961,-0.07291940326962254,0.09569430480976271,-0.08293756357770139,0.3271633838978946,404,0.9999999999999994,0.9999999999999994,0.9999999999999996,0.9999999999999996,0.9999999999999994,0.9999999999999994,7.021666937153402e-17
8.471646595001221,3.1878279391302797,0.027727699279785155,0.02061861714050791,0.13999999999999999,squared_error,9,500,0.2,"{'model__learning_rate': 0.13999999999999999, 'model__loss': 'squared_error', 'model__max_depth': 9, 'model__n_estimators': 500, 'model__subsample': 0.2}",-0.16819355945950631,0.2620877626848863,-1.0032139164325269,-0.09535219155835417,-0.49562888099954905,-0.30006015715301004,0.4261400637065512,606,0.9999983495458831,0.9999996321939826,0.9999981704795031,0.9999996701924088,0.9999994662427609,0.9999990577309077,6.573796365790456e-07
16.082135486602784,5.868922976472929,0.023735523223876953,0.014374982315192065,0.13999999999999999,squared_error,9,500,0.4,"{'model__learning_rate': 0.13999999999999999, 'model__loss': 'squared_error', 'model__max_depth': 9, 'model__n_estimators': 500, 'model__subsample': 0.4}",0.18990346449551,0.12068842392032597,-1.08748069755497,-0.3165765959127316,0.03926252343707026,-0.21084057632295905,0.4717492623747843,574,0.9999999999999994,0.9999999999999996,0.9999999999999996,0.9999999999999996,0.9999999999999994,0.9999999999999994,8.599750569898517e-17
16.63801860809326,5.452149818627357,0.024658823013305665,0.017314395558600544,0.13999999999999999,squared_error,9,500,0.6000000000000001,"{'model__learning_rate': 0.13999999999999999, 'model__loss': 'squared_error', 'model__max_depth': 9, 'model__n_estimators': 500, 'model__subsample': 0.6000000000000001}",0.217562314577888,-0.08946006504316939,-0.666210646589098,0.008046621450178315,0.2099500426828339,-0.06402234658427344,0.3233643622352909,357,0.9999999999999996,0.9999999999999996,0.9999999999999996,0.9999999999999996,0.9999999999999994,0.9999999999999994,9.930136612989092e-17
15.121867465972901,5.403200355619555,0.01571493148803711,0.013874614737413042,0.13999999999999999,squared_error,9,500,0.8,"{'model__learning_rate': 0.13999999999999999, 'model__loss': 'squared_error', 'model__max_depth': 9, 'model__n_estimators': 500, 'model__subsample': 0.8}",0.18633042124541688,0.09172453216040255,-0.7155176724845378,-0.07291940198766178,0.09569430456712824,-0.08293756329985039,0.327163383465042,403,0.9999999999999996,0.9999999999999996,0.9999999999999996,0.9999999999999996,0.9999999999999994,0.9999999999999994,9.930136612989092e-17
18.31026134490967,5.913891255800077,0.031934356689453124,0.015056724448086407,0.13999999999999999,squared_error,9,1000,0.2,"{'model__learning_rate': 0.13999999999999999, 'model__loss': 'squared_error', 'model__max_depth': 9, 'model__n_estimators': 1000, 'model__subsample': 0.2}",-0.16774098776318858,0.26258915565464325,-1.001854671719701,-0.0954553988616933,-0.49554420642225816,-0.29960122182243953,0.4258342917128201,604,0.9999999999964287,0.9999999999997576,0.9999999999981524,0.9999999999996964,0.9999999999997139,0.9999999999987498,1.3103741949884562e-12
11.21417784690857,3.0980547233601725,0.01288609504699707,0.0014534664842681577,0.13999999999999999,squared_error,9,1000,0.4,"{'model__learning_rate': 0.13999999999999999, 'model__loss': 'squared_error', 'model__max_depth': 9, 'model__n_estimators': 1000, 'model__subsample': 0.4}",0.18990346555587956,0.12068842049541972,-1.0874806977778437,-0.31657659277806016,0.0392625248195535,-0.21084057593701022,0.4717492621624583,573,0.9999999999999996,0.9999999999999996,0.9999999999999997,0.9999999999999997,0.9999999999999996,0.9999999999999997,8.599750569898517e-17
18.408867120742798,7.478607588535048,0.029549837112426758,0.015550183731457461,0.13999999999999999,squared_error,9,1000,0.6000000000000001,"{'model__learning_rate': 0.13999999999999999, 'model__loss': 'squared_error', 'model__max_depth': 9, 'model__n_estimators': 1000, 'model__subsample': 0.6000000000000001}",0.21756231444632057,-0.0894600642466945,-0.6662106457590948,0.00804662115365029,0.20995004282809648,-0.0640223463155444,0.32336436190210727,356,0.9999999999999996,0.9999999999999996,0.9999999999999996,0.9999999999999996,0.9999999999999994,0.9999999999999994,9.930136612989092e-17
18.33911681175232,5.613065883918619,0.022178077697753908,0.016148871516409122,0.13999999999999999,squared_error,9,1000,0.8,"{'model__learning_rate': 0.13999999999999999, 'model__loss': 'squared_error', 'model__max_depth': 9, 'model__n_estimators': 1000, 'model__subsample': 0.8}",0.18633042122404098,0.09172453220957766,-0.7155176721076721,-0.07291940186755608,0.09569430456976824,-0.08293756319436826,0.32716338332206163,402,0.9999999999999996,0.9999999999999996,0.9999999999999996,0.9999999999999996,0.9999999999999994,0.9999999999999994,9.930136612989092e-17
2.7763972759246824,1.292773428784995,0.009011936187744141,0.0015158202319714232,0.13999999999999999,squared_error,12,200,0.2,"{'model__learning_rate': 0.13999999999999999, 'model__loss': 'squared_error', 'model__max_depth': 12, 'model__n_estimators': 200, 'model__subsample': 0.2}",-0.5905446890701622,-0.09950195646392967,-1.8431241485274632,-0.5434756785565926,0.03363024037456719,-0.6086032464487161,0.6633637832026749,648,0.9972720943541137,0.9962054012010022,0.9966795394670673,0.9957234173190104,0.9982962018808428,0.9968353308444072,0.0008924506199629972
5.848660945892334,3.238096950838938,0.009131383895874024,0.0007913551235083586,0.13999999999999999,squared_error,12,200,0.4,"{'model__learning_rate': 0.13999999999999999, 'model__loss': 'squared_error', 'model__max_depth': 12, 'model__n_estimators': 200, 'model__subsample': 0.4}",0.2034076629135011,-0.004999454215079302,-1.0161565970689392,-0.13068227763033402,0.09295846014756948,-0.1710944411706564,0.43665237790335476,544,0.9999999369945671,0.9999999583486646,0.999999956822203,0.9999999392150604,0.9999999676660931,0.9999999518093177,1.1810347632702046e-08
15.61468448638916,6.686497844169816,0.028569984436035156,0.01597788988381236,0.13999999999999999,squared_error,12,200,0.6000000000000001,"{'model__learning_rate': 0.13999999999999999, 'model__loss': 'squared_error', 'model__max_depth': 12, 'model__n_estimators': 200, 'model__subsample': 0.6000000000000001}",-0.09514004750088434,-0.06776368072587013,-0.5051831036949448,0.03880905941094659,0.15414089497626293,-0.09502737550689795,0.22314482357457735,434,0.9999999999997065,0.9999999999993086,0.9999999999997817,0.9999999999997524,0.999999999999744,0.9999999999996586,1.7667857038033108e-13
9.248640537261963,1.1147613767593183,0.009468889236450196,0.0006177479141189906,0.13999999999999999,squared_error,12,200,0.8,"{'model__learning_rate': 0.13999999999999999, 'model__loss': 'squared_error', 'model__max_depth': 12, 'model__n_estimators': 200, 'model__subsample': 0.8}",0.1749849047170936,0.04710518156419763,-0.9880708755125449,-0.05545418578420236,0.07470287078136262,-0.14934642084681868,0.4257362067220413,519,0.9999999999999994,0.9999999999999996,0.9999999999999996,0.9999999999999996,0.9999999999999993,0.9999999999999994,9.930136612989092e-17
7.543575811386108,3.654571350660609,0.019100093841552736,0.01165571488331311,0.13999999999999999,squared_error,12,500,0.2,"{'model__learning_rate': 0.13999999999999999, 'model__loss': 'squared_error', 'model__max_depth': 12, 'model__n_estimators': 500, 'model__subsample': 0.2}",-0.5446591581329439,-0.09178318009550135,-1.7836511470811671,-0.4987848590663766,0.02927269278810707,-0.5779211303175764,0.6428325173806472,645,0.9999990756221111,0.9999991166750246,0.9999992028014,0.9999986241965293,0.9999995922478934,0.9999991223085918,3.09078964245672e-07
18.86710720062256,7.621626195066182,0.024634027481079103,0.0176269758662831,0.13999999999999999,squared_error,12,500,0.4,"{'model__learning_rate': 0.13999999999999999, 'model__loss': 'squared_error', 'model__max_depth': 12, 'model__n_estimators': 500, 'model__subsample': 0.4}",0.20337939758711032,-0.005005437848114802,-1.01622310692303,-0.13063333130154398,0.09291754884895387,-0.17111298592732493,0.43666877726291714,546,0.9999999999999996,0.9999999999999996,0.9999999999999996,0.9999999999999996,0.9999999999999994,0.9999999999999994,9.930136612989092e-17
13.63003134727478,4.898826103872359,0.010200405120849609,0.00039990449683463607,0.13999999999999999,squared_error,12,500,0.6000000000000001,"{'model__learning_rate': 0.13999999999999999, 'model__loss': 'squared_error', 'model__max_depth': 12, 'model__n_estimators': 500, 'model__subsample': 0.6000000000000001}",-0.09514004110782248,-0.0677636745305692,-0.5051833550038058,0.038809031907678926,0.15414090494353172,-0.09502742675819738,0.22314491503674633,436,0.9999999999999996,0.9999999999999996,0.9999999999999996,0.9999999999999996,0.9999999999999994,0.9999999999999994,9.930136612989092e-17
18.16332950592041,7.402952736860861,0.029588651657104493,0.016613628598349174,0.13999999999999999,squared_error,12,500,0.8,"{'model__learning_rate': 0.13999999999999999, 'model__loss': 'squared_error', 'model__max_depth': 12, 'model__n_estimators': 500, 'model__subsample': 0.8}",0.17498490437029324,0.047105181328791934,-0.988070874127233,-0.05545418577674699,0.07470287085540539,-0.1493464206698979,0.4257362061097703,517,0.9999999999999996,0.9999999999999996,0.9999999999999996,0.9999999999999996,0.9999999999999994,0.9999999999999994,9.930136612989092e-17
16.431006526947023,7.1502940877226875,0.034502172470092775,0.015665831119429183,0.13999999999999999,squared_error,12,1000,0.2,"{'model__learning_rate': 0.13999999999999999, 'model__loss': 'squared_error', 'model__max_depth': 12, 'model__n_estimators': 1000, 'model__subsample': 0.2}",-0.5444949236471814,-0.09207165361585323,-1.783225532325576,-0.4986120885780505,0.02932394616193945,-0.5778160504009442,0.6426448752779224,644,0.9999999999990365,0.9999999999988486,0.9999999999987975,0.9999999999991979,0.9999999999995184,0.9999999999990798,2.612697399591783e-13
10.997219657897949,1.9186051396791985,0.012424802780151368,0.0008106293201213152,0.13999999999999999,squared_error,12,1000,0.4,"{'model__learning_rate': 0.13999999999999999, 'model__loss': 'squared_error', 'model__max_depth': 12, 'model__n_estimators': 1000, 'model__subsample': 0.4}",0.20337939673683136,-0.005005435400602387,-1.016223104546464,-0.13063332948962159,0.09291754851358736,-0.17111298483725385,0.4366687763764174,545,0.9999999999999996,0.9999999999999997,0.9999999999999997,0.9999999999999997,0.9999999999999996,0.9999999999999997,7.021666937153402e-17
20.19315128326416,6.485364313352767,0.023957252502441406,0.01671844325778929,0.13999999999999999,squared_error,12,1000,0.6000000000000001,"{'model__learning_rate': 0.13999999999999999, 'model__loss': 'squared_error', 'model__max_depth': 12, 'model__n_estimators': 1000, 'model__subsample': 0.6000000000000001}",-0.09514004044850433,-0.06776367565743002,-0.5051833546221054,0.038809032202812066,0.15414090577319273,-0.095027426550407,0.2231449150895115,435,0.9999999999999996,0.9999999999999996,0.9999999999999996,0.9999999999999996,0.9999999999999994,0.9999999999999994,9.930136612989092e-17
16.230611944198607,7.911772785060974,0.02370314598083496,0.016252095391778267,0.13999999999999999,squared_error,12,1000,0.8,"{'model__learning_rate': 0.13999999999999999, 'model__loss': 'squared_error', 'model__max_depth': 12, 'model__n_estimators': 1000, 'model__subsample': 0.8}",0.17498490436359893,0.0471051812869252,-0.9880708744454934,-0.05545418607489516,0.07470287075708404,-0.14934642082255606,0.4257362062067854,518,0.9999999999999996,0.9999999999999996,0.9999999999999996,0.9999999999999996,0.9999999999999994,0.9999999999999994,9.930136612989092e-17
3.310472297668457,0.9562868062577505,0.022261524200439455,0.01793274148478053,0.13999999999999999,absolute_error,6,200,0.2,"{'model__learning_rate': 0.13999999999999999, 'model__loss': 'absolute_error', 'model__max_depth': 6, 'model__n_estimators': 200, 'model__subsample': 0.2}",0.293383057505913,-0.1338710220121344,-0.4921755371474257,-0.2846509662861465,0.223672028519038,-0.07872848788415113,0.29876288365835596,392,0.7748966895489843,0.8876983939330522,0.9260088865315252,0.9404721326620632,0.9029187902389995,0.8863989785829249,0.05865186086898792
6.880578947067261,1.9290446289723036,0.008556985855102539,0.000562504740690031,0.13999999999999999,absolute_error,6,200,0.4,"{'model__learning_rate': 0.13999999999999999, 'model__loss': 'absolute_error', 'model__max_depth': 6, 'model__n_estimators': 200, 'model__subsample': 0.4}",0.14437051347989327,0.4001967915340642,-0.29660104003797594,0.13356820139404801,0.23001071316468402,0.12230903590694271,0.2301827036681752,4,0.9323219696032133,0.9523610641850156,0.9730156425050702,0.9821157658205649,0.9570337801810628,0.9593696444589854,0.01726124256335315
9.644397640228272,3.481989346621829,0.021982145309448243,0.01595230233513059,0.13999999999999999,absolute_error,6,200,0.6000000000000001,"{'model__learning_rate': 0.13999999999999999, 'model__loss': 'absolute_error', 'model__max_depth': 6, 'model__n_estimators': 200, 'model__subsample': 0.6000000000000001}",0.3333811401137464,0.06502286454596129,-0.5261179292753082,-0.03709825488922691,0.13835258685298324,-0.0052919185303688335,0.2872450973640177,236,0.9645451799604717,0.9767207621743131,0.9854890424379561,0.9835925977532443,0.9873458874070086,0.9795386939465989,0.008313113184551774
14.4927894115448,3.909780459570297,0.008905887603759766,0.002010397258938094,0.13999999999999999,absolute_error,6,200,0.8,"{'model__learning_rate': 0.13999999999999999, 'model__loss': 'absolute_error', 'model__max_depth': 6, 'model__n_estimators': 200, 'model__subsample': 0.8}",0.3152410905283236,0.121077691477115,-0.7512134845410907,-0.005239755359328635,0.03045920817714043,-0.05793504994356806,0.36401409869027523,335,0.974314195327792,0.9661090189657069,0.9947175707594541,0.9805984087881695,0.979504107753499,0.9790486603189243,0.009359202788475997
5.814864873886108,2.5133738891593302,0.017700958251953124,0.0124488974710423,0.13999999999999999,absolute_error,6,500,0.2,"{'model__learning_rate': 0.13999999999999999, 'model__loss': 'absolute_error', 'model__max_depth': 6, 'model__n_estimators': 500, 'model__subsample': 0.2}",0.24118487337020833,-0.10094012543200703,-0.4910051248429248,-0.3528835595777835,0.21879737887813666,-0.09696931152087407,0.29489962611943654,445,0.9473573067080082,0.9769269603392219,0.9876401691859041,0.9904015072314328,0.9739865010352682,0.9752624888999671,0.015267577729755974
14.863197612762452,4.518647463360938,0.03659577369689941,0.01360728854349417,0.13999999999999999,absolute_error,6,500,0.4,"{'model__learning_rate': 0.13999999999999999, 'model__loss': 'absolute_error', 'model__max_depth': 6, 'model__n_estimators': 500, 'model__subsample': 0.4}",0.2185085436111227,0.3456914361840955,-0.32135417600091865,0.0636332022495375,0.24300358824692636,0.10989651885815269,0.23376516556536672,16,0.9913578554724757,0.9957754625845205,0.9956969445412371,0.9983976358411006,0.9943710658130819,0.9951197928504832,0.002289979325583463
26.369791793823243,6.392782665532479,0.02900557518005371,0.015593169158298061,0.13999999999999999,absolute_error,6,500,0.6000000000000001,"{'model__learning_rate': 0.13999999999999999, 'model__loss': 'absolute_error', 'model__max_depth': 6, 'model__n_estimators': 500, 'model__subsample': 0.6000000000000001}",0.3320373606928475,0.0838033620852241,-0.6005156406814405,-0.0340014391932022,0.15471754088563705,-0.012791763242186805,0.3169120749944335,254,0.9979824445429339,0.998539782751574,0.9994666220134818,0.9957447005502966,0.9990919571518538,0.9981651014020281,0.001310351663329958
27.85885896682739,9.726144947694838,0.023331546783447267,0.015399352956864872,0.13999999999999999,absolute_error,6,500,0.8,"{'model__learning_rate': 0.13999999999999999, 'model__loss': 'absolute_error', 'model__max_depth': 6, 'model__n_estimators': 500, 'model__subsample': 0.8}",0.3137169003345134,0.11655357095958396,-0.780722592621244,-0.0032660305855938265,0.02327943864693205,-0.06608774265316168,0.3742313310407648,366,0.9991152543688743,0.9988773547770049,0.9996844956916365,0.9992691372848133,0.9990613236767488,0.9992015131598155,0.0002720358342753742
15.809087896347046,2.649656808732477,0.024619674682617186,0.019506177155644108,0.13999999999999999,absolute_error,6,1000,0.2,"{'model__learning_rate': 0.13999999999999999, 'model__loss': 'absolute_error', 'model__max_depth': 6, 'model__n_estimators': 1000, 'model__subsample': 0.2}",0.2135775443753436,-0.07306663537224889,-0.5260370440418289,-0.34865394086419266,0.21886191732114846,-0.10306363171635569,0.2979995371778575,455,0.9912516072845742,0.9955156027132674,0.9992733034423699,0.9994201289361473,0.9895538522607421,0.9950028989274202,0.004044142416103709
20.924500465393066,6.4191535330544305,0.016897010803222656,0.012533780805831177,0.13999999999999999,absolute_error,6,1000,0.4,"{'model__learning_rate': 0.13999999999999999, 'model__loss': 'absolute_error', 'model__max_depth': 6, 'model__n_estimators': 1000, 'model__subsample': 0.4}",0.24149434014127602,0.3531148774762193,-0.325616289921856,0.06189423564042995,0.24642621456062053,0.11546267557933795,0.23955551742603748,10,0.9994006420991861,0.9998154525292373,0.9996302059600654,0.9999030685032851,0.9995289880119763,0.9996556714207501,0.00018356058927780462
54.86413383483887,4.742565894102352,0.02476201057434082,0.016037690361506922,0.13999999999999999,absolute_error,6,1000,0.6000000000000001,"{'model__learning_rate': 0.13999999999999999, 'model__loss': 'absolute_error', 'model__max_depth': 6, 'model__n_estimators': 1000, 'model__subsample': 0.6000000000000001}",0.3256546027535283,0.08786717660381693,-0.6009202393812634,-0.03649296912319522,0.1545218012609002,-0.01387392557724263,0.3159503093597614,256,0.9999573640300808,0.9999761903763573,0.9999992679025369,0.9999329843586361,0.9999871773349902,0.9999705968005201,2.3315386776955884e-05
63.996893310546874,12.442758017000378,0.039258050918579104,0.013247224160788816,0.13999999999999999,absolute_error,6,1000,0.8,"{'model__learning_rate': 0.13999999999999999, 'model__loss': 'absolute_error', 'model__max_depth': 6, 'model__n_estimators': 1000, 'model__subsample': 0.8}",0.30931810779421953,0.1155631892044765,-0.7918866142993872,-0.0009367775484907526,0.02047898890409139,-0.06949262118901811,0.37746287153974756,372,0.9999997202543862,0.9999776796109785,0.99999890946134,0.9999947075819383,0.9999775698788578,0.9999897173575002,1.001921791104277e-05
2.482045793533325,0.963792357376182,0.023600387573242187,0.016428455674783012,0.13999999999999999,absolute_error,9,200,0.2,"{'model__learning_rate': 0.13999999999999999, 'model__loss': 'absolute_error', 'model__max_depth': 9, 'model__n_estimators': 200, 'model__subsample': 0.2}",0.293383057505913,-0.1338710220121344,-0.4921755371474257,-0.2846509662861465,0.223672028519038,-0.07872848788415113,0.29876288365835596,392,0.7748966895489843,0.8876983939330522,0.9260088865315252,0.9404721326620632,0.9029187902389995,0.8863989785829249,0.05865186086898792
5.82868537902832,2.1570007695066242,0.009839010238647462,0.005652452032851881,0.13999999999999999,absolute_error,9,200,0.4,"{'model__learning_rate': 0.13999999999999999, 'model__loss': 'absolute_error', 'model__max_depth': 9, 'model__n_estimators': 200, 'model__subsample': 0.4}",0.19597084392440267,0.2826101193915619,-0.29873561106282787,0.1322271424177236,0.23001071316468402,0.10841664156710887,0.209348571089972,18,0.9348627054738835,0.9428959182749245,0.973176864668455,0.9813467402101141,0.9570337801810628,0.9578632017616879,0.017548305868645326
9.416326904296875,3.4587214497007706,0.015494585037231445,0.01412362925944186,0.13999999999999999,absolute_error,9,200,0.6000000000000001,"{'model__learning_rate': 0.13999999999999999, 'model__loss': 'absolute_error', 'model__max_depth': 9, 'model__n_estimators': 200, 'model__subsample': 0.6000000000000001}",0.2918775347831043,0.03855412164446548,-0.701760261841035,-0.10193452767735867,0.10303990774488647,-0.07404464506918748,0.3384497610901233,388,0.9737629497352497,0.9438320317440919,0.9912242429385609,0.9819379895392817,0.9718056743747899,0.9725125776663948,0.015897180021668775
11.749874019622803,3.998648613802559,0.01584019660949707,0.015435459437069417,0.13999999999999999,absolute_error,9,200,0.8,"{'model__learning_rate': 0.13999999999999999, 'model__loss': 'absolute_error', 'model__max_depth': 9, 'model__n_estimators': 200, 'model__subsample': 0.8}",0.19873152271255934,0.05986975286626095,-0.7227522984820516,0.0925776007917678,0.04475842717079559,-0.06536299898813358,0.33306510209764034,361,0.9810930794197658,0.9808480137726007,0.9893885469535796,0.9815614272409152,0.9846897860709918,0.9835161706915706,0.00324572428388625
5.995691347122192,2.3699526377910645,0.01628847122192383,0.013421594561039158,0.13999999999999999,absolute_error,9,500,0.2,"{'model__learning_rate': 0.13999999999999999, 'model__loss': 'absolute_error', 'model__max_depth': 9, 'model__n_estimators': 500, 'model__subsample': 0.2}",0.24118487337020833,-0.10094012543200703,-0.4910051248429248,-0.3528835595777835,0.21879737887813666,-0.09696931152087407,0.29489962611943654,445,0.9473573067080082,0.9769269603392219,0.9876401691859041,0.9904015072314328,0.9739865010352682,0.9752624888999671,0.015267577729755974
14.661312341690063,5.712114111951515,0.016572237014770508,0.013705068061023428,0.13999999999999999,absolute_error,9,500,0.4,"{'model__learning_rate': 0.13999999999999999, 'model__loss': 'absolute_error', 'model__max_depth': 9, 'model__n_estimators': 500, 'model__subsample': 0.4}",0.1722435691199733,0.3016699448831016,-0.34041558846673126,0.10420899227450264,0.22244251877256094,0.09202988731668145,0.22563158602077615,39,0.9924560121468425,0.9915843291211253,0.9951812039065996,0.998719388540719,0.9944603501506519,0.9944802567731876,0.002487807250299706
17.60733108520508,4.483892815644768,0.024347925186157228,0.016839019135410853,0.13999999999999999,absolute_error,9,500,0.6000000000000001,"{'model__learning_rate': 0.13999999999999999, 'model__loss': 'absolute_error', 'model__max_depth': 9, 'model__n_estimators': 500, 'model__subsample': 0.6000000000000001}",0.31701790553661546,0.07916940245553505,-0.6986087731558643,-0.08508784314781748,0.10314989885421622,-0.056871881891463014,0.34540705047295456,331,0.9979871077226584,0.9976920540331847,0.9995930547035679,0.9969138083620026,0.9978023795510738,0.9979976808744976,0.0008776855293812569
32.037099027633666,11.40449624034719,0.02346663475036621,0.015055414747790886,0.13999999999999999,absolute_error,9,500,0.8,"{'model__learning_rate': 0.13999999999999999, 'model__loss': 'absolute_error', 'model__max_depth': 9, 'model__n_estimators': 500, 'model__subsample': 0.8}",0.20102572944716635,0.041603711060513526,-0.7404005798638755,0.08389293163170752,0.041115081217758864,-0.07455262530134585,0.3380157497872624,390,0.9994682168508756,0.9996793684451638,0.9998125441018945,0.9997689616166481,0.9994375330583328,0.9996333248145829,0.00015377383550595224
14.821623706817627,4.138228778117133,0.023588180541992188,0.016881703359018316,0.13999999999999999,absolute_error,9,1000,0.2,"{'model__learning_rate': 0.13999999999999999, 'model__loss': 'absolute_error', 'model__max_depth': 9, 'model__n_estimators': 1000, 'model__subsample': 0.2}",0.2135775443753436,-0.07306663537224889,-0.5260370440418289,-0.34865394086419266,0.21886191732114846,-0.10306363171635569,0.2979995371778575,455,0.9912516072845742,0.9955156027132674,0.9992733034423699,0.9994201289361473,0.9895538522607421,0.9950028989274202,0.004044142416103709
21.124286508560182,8.302175268068012,0.01910824775695801,0.012953757514292206,0.13999999999999999,absolute_error,9,1000,0.4,"{'model__learning_rate': 0.13999999999999999, 'model__loss': 'absolute_error', 'model__max_depth': 9, 'model__n_estimators': 1000, 'model__subsample': 0.4}",0.18127481641197818,0.307379425620918,-0.36243851813742967,0.10376451046415947,0.22250262914717256,0.09049657270135972,0.235809539690703,44,0.9992807677674179,0.9997063911121101,0.9998634992295297,0.9999490306939434,0.999400435134012,0.9996400247874027,0.0002593448569130938
46.38262548446655,9.291138892086234,0.017792654037475587,0.0133237591686174,0.13999999999999999,absolute_error,9,1000,0.6000000000000001,"{'model__learning_rate': 0.13999999999999999, 'model__loss': 'absolute_error', 'model__max_depth': 9, 'model__n_estimators': 1000, 'model__subsample': 0.6000000000000001}",0.3159329985130741,0.0827566396138617,-0.7008900605772963,-0.08452762140058412,0.09527310415231949,-0.05829098793972502,0.3455841098040245,336,0.9999848756927977,0.9999924324706633,0.9999980499796425,0.9999582051949051,0.9999941456007312,0.9999855417877479,1.4322674080631317e-05
65.10073227882386,23.124199040389485,0.024857044219970703,0.015585063461449916,0.13999999999999999,absolute_error,9,1000,0.8,"{'model__learning_rate': 0.13999999999999999, 'model__loss': 'absolute_error', 'model__max_depth': 9, 'model__n_estimators': 1000, 'model__subsample': 0.8}",0.20304430409259222,0.044662260206164595,-0.7407549881745361,0.0820401785101672,0.039682322486775834,-0.07426518457576725,0.33842823429028085,389,0.9999883941010905,0.9999985657469289,0.9999940661160129,0.9999999138390274,0.9999998227490214,0.9999961525104164,4.426915668451815e-06
2.302802562713623,1.0238714928653003,0.014940786361694335,0.013989516267405189,0.13999999999999999,absolute_error,12,200,0.2,"{'model__learning_rate': 0.13999999999999999, 'model__loss': 'absolute_error', 'model__max_depth': 12, 'model__n_estimators': 200, 'model__subsample': 0.2}",0.293383057505913,-0.1338710220121344,-0.4921755371474257,-0.2846509662861465,0.223672028519038,-0.07872848788415113,0.29876288365835596,392,0.7748966895489843,0.8876983939330522,0.9260088865315252,0.9404721326620632,0.9029187902389995,0.8863989785829249,0.05865186086898792
4.013273096084594,1.217602598062119,0.015053844451904297,0.012596032199586805,0.13999999999999999,absolute_error,12,200,0.4,"{'model__learning_rate': 0.13999999999999999, 'model__loss': 'absolute_error', 'model__max_depth': 12, 'model__n_estimators': 200, 'model__subsample': 0.4}",0.19597084392440267,0.2826101193915619,-0.29873561106282787,0.1322271424177236,0.23001071316468402,0.10841664156710887,0.209348571089972,18,0.9348627054738835,0.9428959182749245,0.973176864668455,0.9813467402101141,0.9570337801810628,0.9578632017616879,0.017548305868645326
8.010295724868774,3.841634657354322,0.008202505111694337,0.00039855213517984067,0.13999999999999999,absolute_error,12,200,0.6000000000000001,"{'model__learning_rate': 0.13999999999999999, 'model__loss': 'absolute_error', 'model__max_depth': 12, 'model__n_estimators': 200, 'model__subsample': 0.6000000000000001}",0.30207596127550185,0.040473521426936054,-0.6296986025184212,-0.1785973315480276,0.10303990774488647,-0.07254130872382489,0.3179972781009901,383,0.9740823268532136,0.956544920408582,0.9778168131894005,0.9789141323518119,0.9718056743747899,0.9718327734355595,0.008058958381686519
12.649638128280639,5.03163601417985,0.022218942642211914,0.016688300910712918,0.13999999999999999,absolute_error,12,200,0.8,"{'model__learning_rate': 0.13999999999999999, 'model__loss': 'absolute_error', 'model__max_depth': 12, 'model__n_estimators': 200, 'model__subsample': 0.8}",0.23619096450548716,0.17477862503985897,-0.636108293774023,0.0003291627493089422,0.11854931619061104,-0.021252045057751377,0.3171003949901823,271,0.9791455245987575,0.9748797021496709,0.9878055450243561,0.9910026315281888,0.9838319437872375,0.9833330694176421,0.005797741740267481
8.651735734939574,0.7772049164770258,0.022875642776489256,0.0177741931837624,0.13999999999999999,absolute_error,12,500,0.2,"{'model__learning_rate': 0.13999999999999999, 'model__loss': 'absolute_error', 'model__max_depth': 12, 'model__n_estimators': 500, 'model__subsample': 0.2}",0.24118487337020833,-0.10094012543200703,-0.4910051248429248,-0.3528835595777835,0.21879737887813666,-0.09696931152087407,0.29489962611943654,445,0.9473573067080082,0.9769269603392219,0.9876401691859041,0.9904015072314328,0.9739865010352682,0.9752624888999671,0.015267577729755974
17.473166704177856,3.13550822945484,0.03656463623046875,0.013012428783596472,0.13999999999999999,absolute_error,12,500,0.4,"{'model__learning_rate': 0.13999999999999999, 'model__loss': 'absolute_error', 'model__max_depth': 12, 'model__n_estimators': 500, 'model__subsample': 0.4}",0.1722435691199733,0.3016699448831016,-0.34041558846673126,0.10420899227450264,0.22244251877256094,0.09202988731668145,0.22563158602077615,39,0.9924560121468425,0.9915843291211253,0.9951812039065996,0.998719388540719,0.9944603501506519,0.9944802567731876,0.002487807250299706
21.449054956436157,6.526859519201608,0.017487478256225587,0.01544809763809096,0.13999999999999999,absolute_error,12,500,0.6000000000000001,"{'model__learning_rate': 0.13999999999999999, 'model__loss': 'absolute_error', 'model__max_depth': 12, 'model__n_estimators': 500, 'model__subsample': 0.6000000000000001}",0.26954173641211066,0.11850089269384012,-0.5926032272770452,-0.2076870673540545,0.10397322476886539,-0.061654888151256707,0.3075098429210703,348,0.9977656669160574,0.9950081573325206,0.9985293687889378,0.9967563493013719,0.9972837421996438,0.9970686569077063,0.0011839728354008181
28.565657329559325,9.757824861025217,0.010408639907836914,0.001163143495464267,0.13999999999999999,absolute_error,12,500,0.8,"{'model__learning_rate': 0.13999999999999999, 'model__loss': 'absolute_error', 'model__max_depth': 12, 'model__n_estimators': 500, 'model__subsample': 0.8}",0.25303910171246,0.17351299443515378,-0.6566812590863798,-0.00439612207036677,0.12093738567589041,-0.022717579866648463,0.3278507456868031,281,0.9981961008286212,0.9996169713511984,0.9998699474153631,0.9995971278983883,0.9987601825468936,0.999208066008093,0.0006294970771448355
14.122621726989745,4.92750026777213,0.016104507446289062,0.013624633257092383,0.13999999999999999,absolute_error,12,1000,0.2,"{'model__learning_rate': 0.13999999999999999, 'model__loss': 'absolute_error', 'model__max_depth': 12, 'model__n_estimators': 1000, 'model__subsample': 0.2}",0.2135775443753436,-0.07306663537224889,-0.5260370440418289,-0.34865394086419266,0.21886191732114846,-0.10306363171635569,0.2979995371778575,455,0.9912516072845742,0.9955156027132674,0.9992733034423699,0.9994201289361473,0.9895538522607421,0.9950028989274202,0.004044142416103709
21.758110523223877,7.857256815869963,0.018694448471069335,0.012671483160898295,0.13999999999999999,absolute_error,12,1000,0.4,"{'model__learning_rate': 0.13999999999999999, 'model__loss': 'absolute_error', 'model__max_depth': 12, 'model__n_estimators': 1000, 'model__subsample': 0.4}",0.18127481641197818,0.307379425620918,-0.36243851813742967,0.10376451046415947,0.22250262914717256,0.09049657270135972,0.235809539690703,44,0.9992807677674179,0.9997063911121101,0.9998634992295297,0.9999490306939434,0.999400435134012,0.9996400247874027,0.0002593448569130938
44.36405463218689,14.235611028160173,0.01784372329711914,0.013474775599863964,0.13999999999999999,absolute_error,12,1000,0.6000000000000001,"{'model__learning_rate': 0.13999999999999999, 'model__loss': 'absolute_error', 'model__max_depth': 12, 'model__n_estimators': 1000, 'model__subsample': 0.6000000000000001}",0.26844012547289553,0.11340545997741591,-0.5860472525165534,-0.21601232415504734,0.10024324171115462,-0.06399414990202694,0.3048298072977788,355,0.9999566077445795,0.9999381703933435,0.9999882614624623,0.9996518005652373,0.9998965158575592,0.9998862712046364,0.00012093320551839302
60.28432931900024,16.536089843824854,0.03374371528625488,0.01747484819799065,0.13999999999999999,absolute_error,12,1000,0.8,"{'model__learning_rate': 0.13999999999999999, 'model__loss': 'absolute_error', 'model__max_depth': 12, 'model__n_estimators': 1000, 'model__subsample': 0.8}",0.2632315709913795,0.17804890324812617,-0.6582832793376201,-0.007032101117204093,0.12367551892091266,-0.02007187745888117,0.3309561393516668,268,0.9999969679420688,0.9999984093709046,0.999997028558985,0.9999988643148296,0.9999997564722057,0.9999982053317987,1.0768337618082367e-06
1.6381834030151368,0.03811974341538406,0.009136962890625,0.0007776154236002488,0.16,squared_error,6,200,0.2,"{'model__learning_rate': 0.16, 'model__loss': 'squared_error', 'model__max_depth': 6, 'model__n_estimators': 200, 'model__subsample': 0.2}",-0.3500461214489716,0.13614590959187522,-0.6856625014788333,-0.6182955395820502,0.07868672692282164,-0.28783430519903164,0.3421809757388967,601,0.9985566691077463,0.9986284860214064,0.9988252884353553,0.9992549686772887,0.9990243584678554,0.9988579541419303,0.00025682923490852105
5.426549196243286,2.782468667838087,0.014859437942504883,0.013734291974887831,0.16,squared_error,6,200,0.4,"{'model__learning_rate': 0.16, 'model__loss': 'squared_error', 'model__max_depth': 6, 'model__n_estimators': 200, 'model__subsample': 0.4}",0.17779512001029685,0.055348277248999045,-1.0171739678445735,-0.3721404045561638,-0.06266062919613447,-0.24376632086751515,0.4276966580563005,591,0.9999999868680108,0.9999999774226475,0.9999999877712921,0.9999999930520561,0.9999999735273772,0.9999999837282768,7.168766646961037e-09
9.167996597290038,3.7059976521351365,0.008607006072998047,0.0011608243947750032,0.16,squared_error,6,200,0.6000000000000001,"{'model__learning_rate': 0.16, 'model__loss': 'squared_error', 'model__max_depth': 6, 'model__n_estimators': 200, 'model__subsample': 0.6000000000000001}",0.17953725457669711,-0.006307494190179952,-0.7021217458190248,0.19978450073610765,0.22276733745310817,-0.021268029448658354,0.3500073839801183,272,0.9999999999997429,0.9999999999998256,0.9999999999997446,0.9999999999997532,0.9999999999998039,0.9999999999997741,3.411789597546251e-14
9.825205993652343,4.246033117065184,0.022281169891357422,0.0152668825567328,0.16,squared_error,6,200,0.8,"{'model__learning_rate': 0.16, 'model__loss': 'squared_error', 'model__max_depth': 6, 'model__n_estimators': 200, 'model__subsample': 0.8}",0.19293136469683525,0.038010236542749154,-1.0854640577302237,-0.0983967684211835,0.07795008835675477,-0.1749938273110136,0.4646597577832096,550,0.9999999999999994,0.9999999999999994,0.9999999999999996,0.9999999999999996,0.9999999999999994,0.9999999999999994,7.021666937153402e-17
6.78773078918457,3.3041446521066,0.01623086929321289,0.013192241846824845,0.16,squared_error,6,500,0.2,"{'model__learning_rate': 0.16, 'model__loss': 'squared_error', 'model__max_depth': 6, 'model__n_estimators': 500, 'model__subsample': 0.2}",-0.34145887261268326,0.1297191764870046,-0.725071615897098,-0.6076403155886954,0.0796002277549005,-0.29297027997131436,0.348010085850692,603,0.9999998920134081,0.9999998301931915,0.9999995806555033,0.999999929474924,0.999999864068213,0.999999819281048,1.2369300878372626e-07
14.22764573097229,4.3826292763598795,0.03029327392578125,0.017273900932724056,0.16,squared_error,6,500,0.4,"{'model__learning_rate': 0.16, 'model__loss': 'squared_error', 'model__max_depth': 6, 'model__n_estimators': 500, 'model__subsample': 0.4}",0.17776890525277655,0.05532384398547363,-1.017144183911547,-0.3721209093585127,-0.0626108893215862,-0.24375664667067914,0.42768034392895854,590,0.9999999999999996,0.9999999999999996,0.9999999999999996,0.9999999999999996,0.9999999999999994,0.9999999999999994,9.930136612989092e-17
11.537586212158203,3.653532084900143,0.02348504066467285,0.015752304291782503,0.16,squared_error,6,500,0.6000000000000001,"{'model__learning_rate': 0.16, 'model__loss': 'squared_error', 'model__max_depth': 6, 'model__n_estimators': 500, 'model__subsample': 0.6000000000000001}",0.17953714991741976,-0.006307543132829885,-0.7021217849539774,0.1997845440950471,0.22276736202799974,-0.021268054409268135,0.35000739568192085,274,0.9999999999999996,0.9999999999999996,0.9999999999999996,0.9999999999999996,0.9999999999999994,0.9999999999999994,9.930136612989092e-17
11.440534687042236,3.644614379247893,0.021566343307495118,0.016010787740288374,0.16,squared_error,6,500,0.8,"{'model__learning_rate': 0.16, 'model__loss': 'squared_error', 'model__max_depth': 6, 'model__n_estimators': 500, 'model__subsample': 0.8}",0.19293136424923796,0.03801023645135038,-1.0854640558643682,-0.09839676786958695,0.07795008866258535,-0.1749938268741563,0.4646597570242251,548,0.9999999999999996,0.9999999999999996,0.9999999999999996,0.9999999999999996,0.9999999999999994,0.9999999999999994,9.930136612989092e-17
21.831455802917482,0.7942030675890138,0.03272709846496582,0.017497632694347166,0.16,squared_error,6,1000,0.2,"{'model__learning_rate': 0.16, 'model__loss': 'squared_error', 'model__max_depth': 6, 'model__n_estimators': 1000, 'model__subsample': 0.2}",-0.34162462754184464,0.1298588507462929,-0.7248174163674208,-0.6076777053975955,0.07964285020063655,-0.29292360967198633,0.3480014270197271,602,0.9999999999999635,0.9999999999997634,0.9999999999999593,0.9999999999999751,0.9999999999999346,0.9999999999999192,7.899403390915394e-14
12.796433401107787,5.705933477259949,0.023575735092163087,0.01586505365828857,0.16,squared_error,6,1000,0.4,"{'model__learning_rate': 0.16, 'model__loss': 'squared_error', 'model__max_depth': 6, 'model__n_estimators': 1000, 'model__subsample': 0.4}",0.17776890783364419,0.055323846179480274,-1.0171441819839004,-0.37212090411850385,-0.06261088858955222,-0.24375664413576642,0.42768034379486003,589,0.9999999999999996,0.9999999999999996,0.9999999999999996,0.9999999999999997,0.9999999999999996,0.9999999999999997,9.930136612989092e-17
16.169114446640016,4.6172742020233954,0.02370114326477051,0.018118977025142913,0.16,squared_error,6,1000,0.6000000000000001,"{'model__learning_rate': 0.16, 'model__loss': 'squared_error', 'model__max_depth': 6, 'model__n_estimators': 1000, 'model__subsample': 0.6000000000000001}",0.17953714997314063,-0.006307542493426466,-0.7021217847128862,0.19978454390668388,0.22276736202911007,-0.021268054259475623,0.35000739557634586,273,0.9999999999999996,0.9999999999999996,0.9999999999999996,0.9999999999999996,0.9999999999999994,0.9999999999999994,9.930136612989092e-17
8.903435611724854,4.787356667647103,0.009392833709716797,0.00026016029968178167,0.16,squared_error,6,1000,0.8,"{'model__learning_rate': 0.16, 'model__loss': 'squared_error', 'model__max_depth': 6, 'model__n_estimators': 1000, 'model__subsample': 0.8}",0.1929313642553918,0.038010236427358346,-1.0854640559836612,-0.09839676788136198,0.07795008865204034,-0.17499382690604653,0.4646597570682131,549,0.9999999999999996,0.9999999999999996,0.9999999999999996,0.9999999999999996,0.9999999999999994,0.9999999999999994,9.930136612989092e-17
4.333691835403442,0.7959699252942393,0.014945125579833985,0.01338491127269803,0.16,squared_error,9,200,0.2,"{'model__learning_rate': 0.16, 'model__loss': 'squared_error', 'model__max_depth': 9, 'model__n_estimators': 200, 'model__subsample': 0.2}",-0.0013120717598527065,-0.10993692261503862,-0.5402695625997833,-0.9730500615038298,-0.08964108681383043,-0.342841941058467,0.36637085382224777,612,0.998762403733935,0.9983552451696127,0.9980234694441869,0.998260286476352,0.9991183369853458,0.9985039483618865,0.0003890029059494032
8.539074659347534,3.5570343343223034,0.023890018463134766,0.017429957856236352,0.16,squared_error,9,200,0.4,"{'model__learning_rate': 0.16, 'model__loss': 'squared_error', 'model__max_depth': 9, 'model__n_estimators': 200, 'model__subsample': 0.4}",0.2046989188675099,0.23531208231135747,-0.748701957327736,-0.21188143989046537,-0.05821260585749943,-0.11575700037936669,0.3575226092823366,472,0.9999999898077969,0.9999999963960147,0.9999999916689183,0.9999999876357504,0.9999999894220435,0.9999999909861048,2.993089742986394e-09
11.249936294555663,3.5799556395971517,0.023635292053222658,0.017504606462101443,0.16,squared_error,9,200,0.6000000000000001,"{'model__learning_rate': 0.16, 'model__loss': 'squared_error', 'model__max_depth': 9, 'model__n_estimators': 200, 'model__subsample': 0.6000000000000001}",0.14597822638083213,-0.025293765769007104,-0.5780385800630672,0.08351153213344231,0.1287232388375159,-0.049023869696056786,0.27114762267872206,322,0.9999999999999725,0.9999999999999903,0.999999999999994,0.9999999999999881,0.9999999999999684,0.9999999999999826,1.0256682314076006e-14
13.046320152282714,5.5734734496646094,0.022685480117797852,0.016643205164800428,0.16,squared_error,9,200,0.8,"{'model__learning_rate': 0.16, 'model__loss': 'squared_error', 'model__max_depth': 9, 'model__n_estimators': 200, 'model__subsample': 0.8}",0.13343458804576191,0.08210879723775,-0.7236534561145525,-0.16096429236542842,-0.008742408548636282,-0.13556335434902106,0.3105864730890422,490,0.9999999999999994,0.9999999999999996,0.9999999999999996,0.9999999999999996,0.9999999999999994,0.9999999999999994,8.599750569898517e-17
7.937066221237183,1.7910139623323036,0.027956485748291016,0.02253785237026452,0.16,squared_error,9,500,0.2,"{'model__learning_rate': 0.16, 'model__loss': 'squared_error', 'model__max_depth': 9, 'model__n_estimators': 500, 'model__subsample': 0.2}",0.00277540764839157,-0.08129757396983717,-0.5275119009324707,-0.9915347826139815,-0.08476360714384712,-0.33646649140234897,0.37660679736105185,610,0.9999997706817713,0.999999819082752,0.9999996771289743,0.9999995073103058,0.9999999066886042,0.9999997361784814,1.3638532409092107e-07
15.500261783599854,4.914671189007465,0.019219064712524415,0.015549241491862022,0.16,squared_error,9,500,0.4,"{'model__learning_rate': 0.16, 'model__loss': 'squared_error', 'model__max_depth': 9, 'model__n_estimators': 500, 'model__subsample': 0.4}",0.20473764233863334,0.23529766216250358,-0.7487066915402312,-0.21190662740037425,-0.05820841557006573,-0.11575728600190685,0.35752988519377865,473,0.9999999999999996,0.9999999999999996,0.9999999999999996,0.9999999999999996,0.9999999999999994,0.9999999999999994,9.930136612989092e-17
15.395746231079102,5.037934902199321,0.03218722343444824,0.016645422457307553,0.16,squared_error,9,500,0.6000000000000001,"{'model__learning_rate': 0.16, 'model__loss': 'squared_error', 'model__max_depth': 9, 'model__n_estimators': 500, 'model__subsample': 0.6000000000000001}",0.1459782000250267,-0.02529377541021538,-0.5780385695420527,0.08351156131088655,0.12872326603440543,-0.049023863516389876,0.27114762103180984,320,0.9999999999999996,0.9999999999999996,0.9999999999999996,0.9999999999999996,0.9999999999999994,0.9999999999999994,9.930136612989092e-17
11.62808599472046,4.224448995260612,0.00891566276550293,0.0010723515356825099,0.16,squared_error,9,500,0.8,"{'model__learning_rate': 0.16, 'model__loss': 'squared_error', 'model__max_depth': 9, 'model__n_estimators': 500, 'model__subsample': 0.8}",0.1334345878957106,0.08210879768617907,-0.7236534556850258,-0.16096429332244888,-0.008742408591443152,-0.13556335440340564,0.3105864729754037,491,0.9999999999999996,0.9999999999999996,0.9999999999999996,0.9999999999999996,0.9999999999999994,0.9999999999999994,9.930136612989092e-17
20.398191118240355,6.061701428216791,0.020316553115844727,0.012225037643318053,0.16,squared_error,9,1000,0.2,"{'model__learning_rate': 0.16, 'model__loss': 'squared_error', 'model__max_depth': 9, 'model__n_estimators': 1000, 'model__subsample': 0.2}",0.0026752748766458723,-0.08108350555871002,-0.5273866857564053,-0.992606202227236,-0.08479118208180125,-0.33663846014950133,0.3769742063542674,611,0.9999999999999784,0.999999999999946,0.9999999999997464,0.9999999999998963,0.9999999999999933,0.9999999999999123,8.926238686725431e-14
14.086996126174927,5.625288590118994,0.02608914375305176,0.018787655220519204,0.16,squared_error,9,1000,0.4,"{'model__learning_rate': 0.16, 'model__loss': 'squared_error', 'model__max_depth': 9, 'model__n_estimators': 1000, 'model__subsample': 0.4}",0.204737641492167,0.23529766152543818,-0.7487066924806993,-0.21190662831179075,-0.058208413485249855,-0.11575728625202694,0.3575298853660421,474,0.9999999999999996,0.9999999999999996,0.9999999999999997,0.9999999999999997,0.9999999999999996,0.9999999999999997,8.599750569898517e-17
13.908929300308227,7.2014100382402955,0.01718130111694336,0.014899720698043286,0.16,squared_error,9,1000,0.6000000000000001,"{'model__learning_rate': 0.16, 'model__loss': 'squared_error', 'model__max_depth': 9, 'model__n_estimators': 1000, 'model__subsample': 0.6000000000000001}",0.14597819978130222,-0.02529377567683988,-0.5780385711557325,0.08351156132581972,0.1287232659338361,-0.04902386395832288,0.2711476216100261,321,0.9999999999999996,0.9999999999999996,0.9999999999999996,0.9999999999999996,0.9999999999999994,0.9999999999999994,9.930136612989092e-17
11.764489364624023,4.654670621586143,0.015750360488891602,0.012958336809764109,0.16,squared_error,9,1000,0.8,"{'model__learning_rate': 0.16, 'model__loss': 'squared_error', 'model__max_depth': 9, 'model__n_estimators': 1000, 'model__subsample': 0.8}",0.13343458753223192,0.08210879768832247,-0.7236534557865497,-0.1609642928712225,-0.008742408667509194,-0.13556335442094541,0.31058647293759684,492,0.9999999999999996,0.9999999999999996,0.9999999999999996,0.9999999999999996,0.9999999999999994,0.9999999999999994,9.930136612989092e-17
2.339308023452759,1.2989679011712518,0.01537914276123047,0.011996709119525398,0.16,squared_error,12,200,0.2,"{'model__learning_rate': 0.16, 'model__loss': 'squared_error', 'model__max_depth': 12, 'model__n_estimators': 200, 'model__subsample': 0.2}",-0.06163624456037842,0.04763568234131654,-0.9889084639871808,-1.2478095854276026,-0.17994483985264398,-0.48613269029729783,0.5275968307367419,634,0.9983272490826378,0.9990702997586447,0.9979572656050534,0.998673461610348,0.9987651738641269,0.9985586899841621,0.00038283909280361744
5.974837875366211,3.115999595014824,0.009089422225952149,0.0004969821733413717,0.16,squared_error,12,200,0.4,"{'model__learning_rate': 0.16, 'model__loss': 'squared_error', 'model__max_depth': 12, 'model__n_estimators': 200, 'model__subsample': 0.4}",0.10938590690513061,0.05200432865148663,-0.8321348521905652,-0.14040470221685086,0.06210121456766626,-0.1498096208566265,0.35170259248618413,520,0.9999999970334678,0.9999999953618668,0.9999999905789633,0.9999999951837618,0.9999999945794167,0.9999999945474952,2.1446846153626005e-09
12.77937092781067,6.516960955976783,0.018142271041870116,0.012039196704082092,0.16,squared_error,12,200,0.6000000000000001,"{'model__learning_rate': 0.16, 'model__loss': 'squared_error', 'model__max_depth': 12, 'model__n_estimators': 200, 'model__subsample': 0.6000000000000001}",0.17601531787663838,0.06921833816270151,-0.6206218031179995,0.06690673845368067,0.14817630527394876,-0.03206102067020604,0.2974011354496576,294,0.999999999999993,0.9999999999999961,0.999999999999997,0.9999999999999961,0.9999999999999958,0.9999999999999956,1.3615517350689903e-15
12.920544099807739,6.119548896914437,0.022417831420898437,0.016779639620933703,0.16,squared_error,12,200,0.8,"{'model__learning_rate': 0.16, 'model__loss': 'squared_error', 'model__max_depth': 12, 'model__n_estimators': 200, 'model__subsample': 0.8}",0.11898689113575323,0.057790220917977586,-0.8240172002201238,-0.2294257866573728,0.16985823524894894,-0.14136152791496337,0.36825929450524086,507,0.9999999999999994,0.9999999999999996,0.9999999999999996,0.9999999999999996,0.9999999999999994,0.9999999999999994,8.599750569898517e-17
8.877684068679809,3.7019526596668526,0.024078226089477538,0.017461641567770664,0.16,squared_error,12,500,0.2,"{'model__learning_rate': 0.16, 'model__loss': 'squared_error', 'model__max_depth': 12, 'model__n_estimators': 500, 'model__subsample': 0.2}",-0.08442669530700275,0.0524574331799883,-1.0065579897789863,-1.2407810393979806,-0.18432923723188677,-0.49272750570717355,0.5258614868936812,636,0.9999998593093672,0.999999812899138,0.9999997611534918,0.9999997920149076,0.9999999430517592,0.9999998336857328,6.33197671457877e-08
18.889469337463378,3.7527367063326826,0.037489891052246094,0.014064323317294767,0.16,squared_error,12,500,0.4,"{'model__learning_rate': 0.16, 'model__loss': 'squared_error', 'model__max_depth': 12, 'model__n_estimators': 500, 'model__subsample': 0.4}",0.10938547005267119,0.051995343374094394,-0.8321296227450343,-0.14042373356022075,0.062101556777845124,-0.14981419722012887,0.35169940736335975,521,0.9999999999999996,0.9999999999999996,0.9999999999999996,0.9999999999999996,0.9999999999999994,0.9999999999999994,9.930136612989092e-17
13.470725059509277,5.209179963696143,0.023160409927368165,0.016952331916699162,0.16,squared_error,12,500,0.6000000000000001,"{'model__learning_rate': 0.16, 'model__loss': 'squared_error', 'model__max_depth': 12, 'model__n_estimators': 500, 'model__subsample': 0.6000000000000001}",0.17601530983502478,0.06921832984662502,-0.6206217907485947,0.06690673474774422,0.1481763074104957,-0.03206102178174099,0.29740112887446707,295,0.9999999999999996,0.9999999999999996,0.9999999999999996,0.9999999999999996,0.9999999999999994,0.9999999999999994,9.930136612989092e-17
16.07834873199463,6.458238475477167,0.010234403610229491,0.002814875168904523,0.16,squared_error,12,500,0.8,"{'model__learning_rate': 0.16, 'model__loss': 'squared_error', 'model__max_depth': 12, 'model__n_estimators': 500, 'model__subsample': 0.8}",0.11898689135472673,0.057790220949154425,-0.824017200074711,-0.22942578579969686,0.1698582352448582,-0.1413615276651337,0.36825929444395133,505,0.9999999999999996,0.9999999999999996,0.9999999999999996,0.9999999999999996,0.9999999999999994,0.9999999999999994,9.930136612989092e-17
22.686135005950927,3.3011309970292757,0.04615187644958496,0.0009222615326036365,0.16,squared_error,12,1000,0.2,"{'model__learning_rate': 0.16, 'model__loss': 'squared_error', 'model__max_depth': 12, 'model__n_estimators': 1000, 'model__subsample': 0.2}",-0.08447743765179094,0.05247678685546642,-1.006215656606297,-1.2407456279920162,-0.1843000749465875,-0.492652402068245,0.5257840779101416,635,0.9999999999999474,0.9999999999998986,0.9999999999999104,0.9999999999999413,0.999999999999995,0.9999999999999385,3.363796218805583e-14
17.812790632247925,7.3997729263139265,0.027616262435913086,0.01969654205160881,0.16,squared_error,12,1000,0.4,"{'model__learning_rate': 0.16, 'model__loss': 'squared_error', 'model__max_depth': 12, 'model__n_estimators': 1000, 'model__subsample': 0.4}",0.10938547006701116,0.05199534232174852,-0.8321296232663857,-0.14042373602366243,0.06210155684620222,-0.14981419801101725,0.3516994074420763,522,0.9999999999999996,0.9999999999999996,0.9999999999999996,0.9999999999999997,0.9999999999999996,0.9999999999999997,9.930136612989092e-17
16.440746212005614,6.639959492961947,0.010632991790771484,0.0009909953291151864,0.16,squared_error,12,1000,0.6000000000000001,"{'model__learning_rate': 0.16, 'model__loss': 'squared_error', 'model__max_depth': 12, 'model__n_estimators': 1000, 'model__subsample': 0.6000000000000001}",0.1760153098373597,0.06921832960755736,-0.6206217912229608,0.0669067343959483,0.14817630744047872,-0.03206102198832335,0.2974011290264867,296,0.9999999999999996,0.9999999999999996,0.9999999999999996,0.9999999999999996,0.9999999999999994,0.9999999999999994,9.930136612989092e-17
18.17597336769104,6.301083494408002,0.017941904067993165,0.014159112190393083,0.16,squared_error,12,1000,0.8,"{'model__learning_rate': 0.16, 'model__loss': 'squared_error', 'model__max_depth': 12, 'model__n_estimators': 1000, 'model__subsample': 0.8}",0.11898689118049166,0.05779022091880759,-0.8240171997091918,-0.22942578683788573,0.16985823524355537,-0.1413615278408446,0.3682592943299515,506,0.9999999999999996,0.9999999999999996,0.9999999999999996,0.9999999999999996,0.9999999999999994,0.9999999999999994,9.930136612989092e-17
2.898907470703125,1.1852336472048723,0.02887139320373535,0.017062741248564772,0.16,absolute_error,6,200,0.2,"{'model__learning_rate': 0.16, 'model__loss': 'absolute_error', 'model__max_depth': 6, 'model__n_estimators': 200, 'model__subsample': 0.2}",-0.2139003873533205,-0.1382578488057733,-0.5383760355703759,-0.5230022675498665,0.1908264639878109,-0.24454201505830503,0.27042909966173656,592,0.874371149306873,0.8416182504164332,0.9451466359738233,0.9119806268236428,0.9514641555382967,0.9049161636118137,0.04189209188643743
6.070981216430664,2.4140077959943476,0.01804523468017578,0.018769655664897713,0.16,absolute_error,6,200,0.4,"{'model__learning_rate': 0.16, 'model__loss': 'absolute_error', 'model__max_depth': 6, 'model__n_estimators': 200, 'model__subsample': 0.4}",0.04498426043802295,0.14809705579917987,-0.4330122654636943,-0.12087776092613312,0.2584723713790573,-0.02046726775471346,0.24115588247921932,269,0.9677298087980525,0.9584556049918193,0.9840460559521566,0.9625381649826703,0.9640247775736611,0.9673588824596718,0.008856898639708474
10.970764780044556,1.6370233234130636,0.022674083709716797,0.01652977925186531,0.16,absolute_error,6,200,0.6000000000000001,"{'model__learning_rate': 0.16, 'model__loss': 'absolute_error', 'model__max_depth': 6, 'model__n_estimators': 200, 'model__subsample': 0.6000000000000001}",0.12604637162232613,0.17566060084425317,-0.3337188635264816,-2.979506223144135e-05,-0.05252842837393157,-0.016914022899213066,0.17857291518230275,260,0.976042699729532,0.9483977544287583,0.9846402531810984,0.9653901339143325,0.9919256267397144,0.9732792935986871,0.015269075857256684
9.4709228515625,4.314390526201053,0.01634659767150879,0.014887658017263553,0.16,absolute_error,6,200,0.8,"{'model__learning_rate': 0.16, 'model__loss': 'absolute_error', 'model__max_depth': 6, 'model__n_estimators': 200, 'model__subsample': 0.8}",0.2525089504670721,0.22680758308751137,-0.2527008476962811,0.029134694578471843,0.14133275368068787,0.07941662682349242,0.18349329298338796,67,0.9831704318697214,0.9848635703403187,0.9810298137039846,0.9800066238991164,0.975762453498342,0.9809665786622965,0.0031000626973790397
8.030673265457153,2.199545002963891,0.022141456604003906,0.016125652517069884,0.16,absolute_error,6,500,0.2,"{'model__learning_rate': 0.16, 'model__loss': 'absolute_error', 'model__max_depth': 6, 'model__n_estimators': 500, 'model__subsample': 0.2}",0.007608060267549677,-0.05870254523868779,-0.5992061550496339,-0.5228497532935186,0.1799637723957518,-0.19863732418370778,0.30692890992788113,562,0.9806492430789897,0.9776945628415695,0.9851437113032292,0.9892655757712957,0.9927782880776349,0.9851062762145437,0.005494717093911659
9.449043416976929,2.550014931487927,0.014975404739379883,0.012675220687232923,0.16,absolute_error,6,500,0.4,"{'model__learning_rate': 0.16, 'model__loss': 'absolute_error', 'model__max_depth': 6, 'model__n_estimators': 500, 'model__subsample': 0.4}",0.02362669392700767,0.12755821114350674,-0.38928198141957404,-0.09111414746092716,0.2668344514841563,-0.0124753544651661,0.2223034048210805,253,0.9981070725648692,0.9919683062639325,0.9979327052688297,0.9961579769306976,0.9935746589000602,0.9955481439856779,0.002421405612636039
26.21581974029541,7.136117374991028,0.03926253318786621,0.016144289455486235,0.16,absolute_error,6,500,0.6000000000000001,"{'model__learning_rate': 0.16, 'model__loss': 'absolute_error', 'model__max_depth': 6, 'model__n_estimators': 500, 'model__subsample': 0.6000000000000001}",0.16871429747643807,0.1768867949190268,-0.3518667747368909,0.017997908879913593,-0.055513404299514235,-0.008756235552205328,0.1931765948706925,247,0.9983768272438853,0.9975689994185171,0.9988160620284031,0.998208784355834,0.9998465994246343,0.9985634544942548,0.0007562847365900561
42.131159734725955,3.4059793211313405,0.023427867889404298,0.016956857879541418,0.16,absolute_error,6,500,0.8,"{'model__learning_rate': 0.16, 'model__loss': 'absolute_error', 'model__max_depth': 6, 'model__n_estimators': 500, 'model__subsample': 0.8}",0.2527150399149951,0.25061896099060255,-0.28088869875599753,0.027321305216388536,0.14123836205849483,0.0782009938848967,0.1978337521803848,69,0.9992434066668179,0.9996412556063529,0.9995130486358769,0.998623926912304,0.9990858309609387,0.9992214937564581,0.0003569803807776788
14.14176902770996,5.449443109891722,0.016388654708862305,0.0132575423769324,0.16,absolute_error,6,1000,0.2,"{'model__learning_rate': 0.16, 'model__loss': 'absolute_error', 'model__max_depth': 6, 'model__n_estimators': 1000, 'model__subsample': 0.2}",-0.06811890371422358,-0.0367129136010933,-0.6794477676735475,-0.5601047338619656,0.1880362788211276,-0.23126960800594049,0.3314465535124025,582,0.9978109779334098,0.9963907247795107,0.9956256279705967,0.9978798693286507,0.9989763452923621,0.997336709060906,0.0011858369002225395
24.47837290763855,11.094269788882876,0.01759204864501953,0.013012549454860309,0.16,absolute_error,6,1000,0.4,"{'model__learning_rate': 0.16, 'model__loss': 'absolute_error', 'model__max_depth': 6, 'model__n_estimators': 1000, 'model__subsample': 0.4}",0.016156390981939772,0.11619345482002641,-0.3628369333466055,-0.08569573321020352,0.26788216212457805,-0.009660131726052956,0.21168401397511977,249,0.9999116213348774,0.9997529050762773,0.9999730984840743,0.9998857828663849,0.999808199070297,0.9998663213663823,7.7554685421349e-05
39.548557949066165,16.58869911840558,0.019528293609619142,0.015631652544969215,0.16,absolute_error,6,1000,0.6000000000000001,"{'model__learning_rate': 0.16, 'model__loss': 'absolute_error', 'model__max_depth': 6, 'model__n_estimators': 1000, 'model__subsample': 0.6000000000000001}",0.16993949949032094,0.19976720272769455,-0.36199858950158426,0.0033000870963730833,-0.05619352982658632,-0.009037066002756399,0.20129063968964347,248,0.9999675423740786,0.9999668541563372,0.9999472838306709,0.9999495655351626,0.999999910871356,0.9999662313535211,1.8831753521958365e-05
55.349202394485474,17.5639331597764,0.028569507598876952,0.022923531170663914,0.16,absolute_error,6,1000,0.8,"{'model__learning_rate': 0.16, 'model__loss': 'absolute_error', 'model__max_depth': 6, 'model__n_estimators': 1000, 'model__subsample': 0.8}",0.256522666062152,0.256885445522123,-0.2888236487581124,0.030445095856757698,0.13672701643754415,0.0783513150240929,0.2020592232303687,68,0.9999993797489459,0.9999920424220057,0.9999986603688029,0.9999975998800605,0.9999972367277485,0.9999969838295126,2.5850415032563716e-06
3.6265217781066896,0.02149274215406985,0.034475851058959964,0.013859028450200516,0.16,absolute_error,9,200,0.2,"{'model__learning_rate': 0.16, 'model__loss': 'absolute_error', 'model__max_depth': 9, 'model__n_estimators': 200, 'model__subsample': 0.2}",-0.2139003873533205,-0.1382578488057733,-0.5383760355703759,-0.5230022675498665,0.1908264639878109,-0.24454201505830503,0.27042909966173656,592,0.874371149306873,0.8416182504164332,0.9451466359738233,0.9119806268236428,0.9514641555382967,0.9049161636118137,0.04189209188643743
6.368233299255371,1.8610460226385348,0.02192530632019043,0.016846159054275302,0.16,absolute_error,9,200,0.4,"{'model__learning_rate': 0.16, 'model__loss': 'absolute_error', 'model__max_depth': 9, 'model__n_estimators': 200, 'model__subsample': 0.4}",-0.10186950014670049,0.08948211273973905,-0.4330122654636943,-0.171654101005841,0.33140590056568897,-0.05712957066216155,0.2564605730728102,333,0.9659782196746123,0.9463895734693505,0.9840460559521566,0.9663121093032352,0.9565937324366605,0.9638639381672028,0.012457856311962986
7.800600194931031,3.364642747131713,0.02498002052307129,0.0206929951233911,0.16,absolute_error,9,200,0.6000000000000001,"{'model__learning_rate': 0.16, 'model__loss': 'absolute_error', 'model__max_depth': 9, 'model__n_estimators': 200, 'model__subsample': 0.6000000000000001}",0.20205273184101402,0.0922604292393212,-0.11393205248195226,-0.012297549669894714,0.052937856730240096,0.04420428313174567,0.10535782742417207,147,0.9826414015223264,0.9711414101705949,0.9899244144835261,0.9758975985932831,0.9852632345040667,0.9809736118547594,0.006689355023267965
14.041046524047852,5.591484965421109,0.022334575653076172,0.01613833907786856,0.16,absolute_error,9,200,0.8,"{'model__learning_rate': 0.16, 'model__loss': 'absolute_error', 'model__max_depth': 9, 'model__n_estimators': 200, 'model__subsample': 0.8}",0.3003885931947151,0.21072668647865844,-0.3721324267467554,0.15985002448554086,0.09944544680127954,0.07965566484268771,0.23530316141611243,66,0.9785370684380462,0.9912180623108622,0.9960508507867444,0.9948808778418406,0.9869361219025974,0.9895245962560182,0.006349418003791826
5.916608667373657,2.835169913457858,0.015314912796020508,0.01308397696446654,0.16,absolute_error,9,500,0.2,"{'model__learning_rate': 0.16, 'model__loss': 'absolute_error', 'model__max_depth': 9, 'model__n_estimators': 500, 'model__subsample': 0.2}",0.007608060267549677,-0.05870254523868779,-0.5992061550496339,-0.5228497532935186,0.1799637723957518,-0.19863732418370778,0.30692890992788113,562,0.9806492430789897,0.9776945628415695,0.9851437113032292,0.9892655757712957,0.9927782880776349,0.9851062762145437,0.005494717093911659
12.712430191040038,4.956632819957523,0.03101949691772461,0.01760968585021247,0.16,absolute_error,9,500,0.4,"{'model__learning_rate': 0.16, 'model__loss': 'absolute_error', 'model__max_depth': 9, 'model__n_estimators': 500, 'model__subsample': 0.4}",-0.13224986031057773,0.0896223327136445,-0.4206771698477283,-0.22242147706298443,0.33713092287891466,-0.06971905032574625,0.2612723912060919,373,0.9935598836959755,0.9916907943317882,0.9979710349739696,0.9954205947571871,0.9947565876231641,0.9946797790764169,0.002077270722638759
27.10940022468567,7.440936077925089,0.032492637634277344,0.02870950624944925,0.16,absolute_error,9,500,0.6000000000000001,"{'model__learning_rate': 0.16, 'model__loss': 'absolute_error', 'model__max_depth': 9, 'model__n_estimators': 500, 'model__subsample': 0.6000000000000001}",0.20475083250960502,0.12969178523503588,-0.13547582872595454,0.001367609371092593,0.04366143424953883,0.048799166527863556,0.11584296324495422,137,0.9984284458122756,0.9941974188811581,0.9994114555874619,0.9991016311358247,0.9996822820662387,0.9981642466965918,0.002027026150690073
42.100903272628784,9.554049224014172,0.018537378311157225,0.013431488444674409,0.16,absolute_error,9,500,0.8,"{'model__learning_rate': 0.16, 'model__loss': 'absolute_error', 'model__max_depth': 9, 'model__n_estimators': 500, 'model__subsample': 0.8}",0.2933110879902391,0.23359562505410347,-0.4090822740936293,0.1716412376539167,0.09186322798688651,0.0762657809183033,0.25169975676754086,79,0.9996929190641487,0.9999511171939336,0.9999956523471671,0.9999058055657374,0.999728673221795,0.9998548334785564,0.00012151654147013237
15.54687042236328,5.570070682698914,0.03808603286743164,0.023115280929840665,0.16,absolute_error,9,1000,0.2,"{'model__learning_rate': 0.16, 'model__loss': 'absolute_error', 'model__max_depth': 9, 'model__n_estimators': 1000, 'model__subsample': 0.2}",-0.06811890371422358,-0.0367129136010933,-0.6794477676735475,-0.5601047338619656,0.1880362788211276,-0.23126960800594049,0.3314465535124025,582,0.9978109779334098,0.9963907247795107,0.9956256279705967,0.9978798693286507,0.9989763452923621,0.997336709060906,0.0011858369002225395
33.13275980949402,4.447319498017575,0.01967763900756836,0.015952959599363353,0.16,absolute_error,9,1000,0.4,"{'model__learning_rate': 0.16, 'model__loss': 'absolute_error', 'model__max_depth': 9, 'model__n_estimators': 1000, 'model__subsample': 0.4}",-0.11973159079381679,0.09803290642317641,-0.42243848833922315,-0.21892137196121841,0.3336172566395187,-0.06588825760631264,0.2607378413591716,362,0.9991167027243544,0.9996181198183124,0.9999417564075482,0.9996139935716569,0.9999420155014122,0.9996465176046568,0.0003023418634927398
58.34811549186706,4.6391200606960314,0.03033437728881836,0.018132920784699285,0.16,absolute_error,9,1000,0.6000000000000001,"{'model__learning_rate': 0.16, 'model__loss': 'absolute_error', 'model__max_depth': 9, 'model__n_estimators': 1000, 'model__subsample': 0.6000000000000001}",0.20443515091414988,0.13551948258458968,-0.135523390705389,-0.000880329633279997,0.04044827628361536,0.04879983788873719,0.11683797983730755,136,0.9999952492124942,0.9999461977692897,0.9999935966665506,0.9999968159939683,0.9999871844755415,0.9999838088235687,1.9088516343738603e-05
73.46385793685913,5.458497328748864,0.020848512649536133,0.01577635609367729,0.16,absolute_error,9,1000,0.8,"{'model__learning_rate': 0.16, 'model__loss': 'absolute_error', 'model__max_depth': 9, 'model__n_estimators': 1000, 'model__subsample': 0.8}",0.2930542449318916,0.2337243494421608,-0.4093770244519932,0.17369339124300698,0.09211393182595762,0.07664177859820476,0.25194522008102577,76,0.9999991243492631,0.9999998505815845,0.9999999864372873,0.9999999891901662,0.9999996494871555,0.9999997200090913,3.22575753908879e-07
3.186958932876587,0.984903217998304,0.017899703979492188,0.013752179789566225,0.16,absolute_error,12,200,0.2,"{'model__learning_rate': 0.16, 'model__loss': 'absolute_error', 'model__max_depth': 12, 'model__n_estimators': 200, 'model__subsample': 0.2}",-0.2139003873533205,-0.1382578488057733,-0.5383760355703759,-0.5230022675498665,0.1908264639878109,-0.24454201505830503,0.27042909966173656,592,0.874371149306873,0.8416182504164332,0.9451466359738233,0.9119806268236428,0.9514641555382967,0.9049161636118137,0.04189209188643743
6.800760412216187,2.4727444258041116,0.010054588317871094,0.0023546241806207597,0.16,absolute_error,12,200,0.4,"{'model__learning_rate': 0.16, 'model__loss': 'absolute_error', 'model__max_depth': 12, 'model__n_estimators': 200, 'model__subsample': 0.4}",-0.10186950014670049,0.08948211273973905,-0.4330122654636943,-0.171654101005841,0.33140590056568897,-0.05712957066216155,0.2564605730728102,333,0.9659782196746123,0.9463895734693505,0.9840460559521566,0.9663121093032352,0.9565937324366605,0.9638639381672028,0.012457856311962986
12.2015380859375,1.53550801014169,0.009956693649291993,0.0011343722443262988,0.16,absolute_error,12,200,0.6000000000000001,"{'model__learning_rate': 0.16, 'model__loss': 'absolute_error', 'model__max_depth': 12, 'model__n_estimators': 200, 'model__subsample': 0.6000000000000001}",0.20088225912820923,0.07678995743326078,-0.11393205248195226,-0.012297549669894714,0.048162403159060396,0.03992100351373669,0.1036661047556296,160,0.9818952341098734,0.9786572996159986,0.9899244144835261,0.9758975985932831,0.9827643196783328,0.9818277732962029,0.004725592956815865
12.663953256607055,2.258668190052926,0.025475168228149415,0.0194811100343943,0.16,absolute_error,12,200,0.8,"{'model__learning_rate': 0.16, 'model__loss': 'absolute_error', 'model__max_depth': 12, 'model__n_estimators': 200, 'model__subsample': 0.8}",0.30515246765953485,0.17473222189418502,-0.36934226097182843,0.15486829244739342,0.09604259393876402,0.07229066299360978,0.23114573398717256,86,0.9867825671237723,0.9824839922723627,0.9983545244628903,0.9930866554965174,0.9969024861244317,0.9915220450959948,0.0060370352981725895
9.51421012878418,0.8617088250596538,0.016638422012329103,0.013640328675087297,0.16,absolute_error,12,500,0.2,"{'model__learning_rate': 0.16, 'model__loss': 'absolute_error', 'model__max_depth': 12, 'model__n_estimators': 500, 'model__subsample': 0.2}",0.007608060267549677,-0.05870254523868779,-0.5992061550496339,-0.5228497532935186,0.1799637723957518,-0.19863732418370778,0.30692890992788113,562,0.9806492430789897,0.9776945628415695,0.9851437113032292,0.9892655757712957,0.9927782880776349,0.9851062762145437,0.005494717093911659
16.67142744064331,1.9811237739414973,0.027590179443359376,0.021624024914678075,0.16,absolute_error,12,500,0.4,"{'model__learning_rate': 0.16, 'model__loss': 'absolute_error', 'model__max_depth': 12, 'model__n_estimators': 500, 'model__subsample': 0.4}",-0.13224986031057773,0.0896223327136445,-0.4206771698477283,-0.22242147706298443,0.33713092287891466,-0.06971905032574625,0.2612723912060919,373,0.9935598836959755,0.9916907943317882,0.9979710349739696,0.9954205947571871,0.9947565876231641,0.9946797790764169,0.002077270722638759
27.761048126220704,4.8685016336357405,0.02178468704223633,0.020862982119793507,0.16,absolute_error,12,500,0.6000000000000001,"{'model__learning_rate': 0.16, 'model__loss': 'absolute_error', 'model__max_depth': 12, 'model__n_estimators': 500, 'model__subsample': 0.6000000000000001}",0.20011558331345647,0.09039050088057787,-0.13762712579169079,0.007303127353377015,0.04341973467183413,0.04072036408551094,0.11027763495817076,159,0.9989089302341655,0.9995473534600383,0.9994262346595114,0.9991398914615315,0.9985235464999166,0.9991091912630328,0.0003678394749266814
32.824367952346805,4.007062514817308,0.020730924606323243,0.014518575348574236,0.16,absolute_error,12,500,0.8,"{'model__learning_rate': 0.16, 'model__loss': 'absolute_error', 'model__max_depth': 12, 'model__n_estimators': 500, 'model__subsample': 0.8}",0.30480709616666,0.2057634888998764,-0.3832346494143424,0.13882579481343937,0.09817155728902527,0.07286665755093173,0.2385276851027766,83,0.9997646903963706,0.9986116645603446,0.99995932676381,0.9999465664769851,0.9999634739913856,0.9996491444377792,0.0005240594198535756
16.08253631591797,2.795068973652761,0.010379362106323241,0.0010323694439165038,0.16,absolute_error,12,1000,0.2,"{'model__learning_rate': 0.16, 'model__loss': 'absolute_error', 'model__max_depth': 12, 'model__n_estimators': 1000, 'model__subsample': 0.2}",-0.06811890371422358,-0.0367129136010933,-0.6794477676735475,-0.5601047338619656,0.1880362788211276,-0.23126960800594049,0.3314465535124025,582,0.9978109779334098,0.9963907247795107,0.9956256279705967,0.9978798693286507,0.9989763452923621,0.997336709060906,0.0011858369002225395
29.837848663330078,7.882621107029794,0.024399995803833008,0.017188544438331583,0.16,absolute_error,12,1000,0.4,"{'model__learning_rate': 0.16, 'model__loss': 'absolute_error', 'model__max_depth': 12, 'model__n_estimators': 1000, 'model__subsample': 0.4}",-0.11973159079381679,0.09803290642317641,-0.42243848833922315,-0.21892137196121841,0.3336172566395187,-0.06588825760631264,0.2607378413591716,362,0.9991167027243544,0.9996181198183124,0.9999417564075482,0.9996139935716569,0.9999420155014122,0.9996465176046568,0.0003023418634927398
43.67431902885437,10.782753395912026,0.025908422470092774,0.016221659829872427,0.16,absolute_error,12,1000,0.6000000000000001,"{'model__learning_rate': 0.16, 'model__loss': 'absolute_error', 'model__max_depth': 12, 'model__n_estimators': 1000, 'model__subsample': 0.6000000000000001}",0.2042190380406017,0.09075760073940764,-0.13478557520223022,0.0016934079760591025,0.04206013012683196,0.04078892033613404,0.11096193125457081,158,0.9999811072330252,0.9999970559353883,0.9999987009999437,0.9999922223767778,0.9999969956184452,0.9999932164327159,6.430013492693751e-06
70.28969407081604,14.327047750427418,0.026116466522216795,0.014746752631507454,0.16,absolute_error,12,1000,0.8,"{'model__learning_rate': 0.16, 'model__loss': 'absolute_error', 'model__max_depth': 12, 'model__n_estimators': 1000, 'model__subsample': 0.8}",0.3042652430873447,0.2076566956717445,-0.3851740779621675,0.13844427486372424,0.09826991416749375,0.07269240996562794,0.23935771250673699,84,0.9999993322315539,0.9999958433095738,0.9999999326931521,0.9999999716586669,0.9999997763990611,0.9999989712584016,1.5803654285017274e-06
3.833045148849487,1.1259508943872896,0.01752810478210449,0.01810800800034609,0.18,squared_error,6,200,0.2,"{'model__learning_rate': 0.18, 'model__loss': 'squared_error', 'model__max_depth': 6, 'model__n_estimators': 200, 'model__subsample': 0.2}",-0.1461105893924124,-0.2430761580060623,-1.7309557151384425,-0.5743445210148532,-0.07334850139621674,-0.5535670969895974,0.613141254169612,642,0.9988690693606322,0.9987810638535176,0.997891555290769,0.9990867996905519,0.9986625261319287,0.99865820286548,0.0004076817224414496
8.872285270690918,0.0502434909189936,0.02210850715637207,0.017546206476948756,0.18,squared_error,6,200,0.4,"{'model__learning_rate': 0.18, 'model__loss': 'squared_error', 'model__max_depth': 6, 'model__n_estimators': 200, 'model__subsample': 0.4}",0.25231289201195517,0.07917412403915458,-1.3449245116481907,-0.3651047917462742,0.08454409885704717,-0.25879963769726155,0.5803990404319083,600,0.9999999989196826,0.9999999978769859,0.9999999980292475,0.9999999910683267,0.9999999957680872,0.999999996332466,2.8280023003241428e-09
9.435348796844483,3.715310634769797,0.022401857376098632,0.016410054350346065,0.18,squared_error,6,200,0.6000000000000001,"{'model__learning_rate': 0.18, 'model__loss': 'squared_error', 'model__max_depth': 6, 'model__n_estimators': 200, 'model__subsample': 0.6000000000000001}",0.170982082626276,0.05417993071494642,-0.6256072303563012,0.28235584256461876,0.23659067665592382,0.023700260441092767,0.33360042042287136,193,0.999999999999996,0.999999999999993,0.9999999999999947,0.9999999999999953,0.9999999999999936,0.9999999999999944,1.1068873445032172e-15
11.183575248718261,3.2409866174381996,0.029044389724731445,0.01635082141673115,0.18,squared_error,6,200,0.8,"{'model__learning_rate': 0.18, 'model__loss': 'squared_error', 'model__max_depth': 6, 'model__n_estimators': 200, 'model__subsample': 0.8}",0.11994328696705203,0.10232203906964399,-0.6379898741062984,-0.04992951878713403,0.065634127338707,-0.08000398790360588,0.2851963801822974,397,0.9999999999999994,0.9999999999999996,0.9999999999999996,0.9999999999999996,0.9999999999999994,0.9999999999999994,8.599750569898517e-17
8.307486820220948,3.3329036517627357,0.017327547073364258,0.01599364431388503,0.18,squared_error,6,500,0.2,"{'model__learning_rate': 0.18, 'model__loss': 'squared_error', 'model__max_depth': 6, 'model__n_estimators': 500, 'model__subsample': 0.2}",-0.1408063489750062,-0.23076488210682866,-1.7443609146389698,-0.5522350795435442,-0.05829002671708561,-0.5452914503962869,0.6224984080561596,639,0.9999999445957686,0.999999917343836,0.999999905035795,0.9999999359128299,0.9999999116243745,0.9999999229025207,1.494777973209696e-08
12.50210680961609,5.231350766110107,0.0232025146484375,0.014846695158688219,0.18,squared_error,6,500,0.4,"{'model__learning_rate': 0.18, 'model__loss': 'squared_error', 'model__max_depth': 6, 'model__n_estimators': 500, 'model__subsample': 0.4}",0.2523152904377888,0.079177885426714,-1.344890612993865,-0.36513667802633654,0.08455516063462509,-0.25879579090421473,0.580389690833621,598,0.9999999999999996,0.9999999999999996,0.9999999999999997,0.9999999999999996,0.9999999999999994,0.9999999999999994,1.3136335981433191e-16
10.924646234512329,4.365765042562435,0.01034097671508789,0.0025173280605285285,0.18,squared_error,6,500,0.6000000000000001,"{'model__learning_rate': 0.18, 'model__loss': 'squared_error', 'model__max_depth': 6, 'model__n_estimators': 500, 'model__subsample': 0.6000000000000001}",0.1709820839855457,0.054179941310830704,-0.6256072214234614,0.2823558318362175,0.23659069301569458,0.02370026574496542,0.3336004176835899,191,0.9999999999999996,0.9999999999999996,0.9999999999999996,0.9999999999999996,0.9999999999999994,0.9999999999999994,9.930136612989092e-17
9.600259160995483,3.7184834303358683,0.0230926513671875,0.017989168690512463,0.18,squared_error,6,500,0.8,"{'model__learning_rate': 0.18, 'model__loss': 'squared_error', 'model__max_depth': 6, 'model__n_estimators': 500, 'model__subsample': 0.8}",0.11994328744948579,0.10232203869618317,-0.6379898753056681,-0.04992951871840168,0.06563412711228944,-0.08000398815322227,0.28519638064983005,398,0.9999999999999996,0.9999999999999996,0.9999999999999996,0.9999999999999996,0.9999999999999994,0.9999999999999994,9.930136612989092e-17
13.535040807723998,6.766695663607789,0.01930556297302246,0.012208675890825435,0.18,squared_error,6,1000,0.2,"{'model__learning_rate': 0.18, 'model__loss': 'squared_error', 'model__max_depth': 6, 'model__n_estimators': 1000, 'model__subsample': 0.2}",-0.14080886869625897,-0.23087669605689531,-1.7443626937095305,-0.5522206045114815,-0.05825055011064717,-0.5453038826169626,0.6224936134838309,640,0.9999999999999926,0.9999999999999921,0.9999999999999929,0.999999999999984,0.9999999999999788,0.9999999999999881,5.697943192986594e-15
11.296165084838867,5.3273222672227085,0.023382043838500975,0.016590918822533662,0.18,squared_error,6,1000,0.4,"{'model__learning_rate': 0.18, 'model__loss': 'squared_error', 'model__max_depth': 6, 'model__n_estimators': 1000, 'model__subsample': 0.4}",0.25231529106732997,0.07917788477585441,-1.344890611501146,-0.36513667910270087,0.08455515932118185,-0.2587957910878961,0.580389690194067,599,0.9999999999999996,0.9999999999999996,0.9999999999999997,0.9999999999999997,0.9999999999999996,0.9999999999999997,8.599750569898517e-17
13.289647769927978,4.034813050697389,0.008896732330322265,0.0008689425605583033,0.18,squared_error,6,1000,0.6000000000000001,"{'model__learning_rate': 0.18, 'model__loss': 'squared_error', 'model__max_depth': 6, 'model__n_estimators': 1000, 'model__subsample': 0.6000000000000001}",0.17098208376891288,0.05417994159968598,-0.6256072223333429,0.28235583191440217,0.23659069252098175,0.02370026549412798,0.3336004179729146,192,0.9999999999999996,0.9999999999999996,0.9999999999999996,0.9999999999999996,0.9999999999999994,0.9999999999999994,9.930136612989092e-17
8.733986806869506,3.3953853664336875,0.009290313720703125,0.0005441180141342779,0.18,squared_error,6,1000,0.8,"{'model__learning_rate': 0.18, 'model__loss': 'squared_error', 'model__max_depth': 6, 'model__n_estimators': 1000, 'model__subsample': 0.8}",0.11994328742537363,0.10232203864212697,-0.6379898754738913,-0.04992951874131579,0.06563412710602867,-0.08000398820833557,0.28519638070424047,399,0.9999999999999996,0.9999999999999996,0.9999999999999996,0.9999999999999996,0.9999999999999994,0.9999999999999994,9.930136612989092e-17
2.5304095268249513,1.1322926492176546,0.015092849731445312,0.012539716627862865,0.18,squared_error,9,200,0.2,"{'model__learning_rate': 0.18, 'model__loss': 'squared_error', 'model__max_depth': 9, 'model__n_estimators': 200, 'model__subsample': 0.2}",-0.3508318184419319,-0.03219667620865474,-1.0758002181323039,-1.1525324924066642,-0.26355851878175307,-0.5749839447942616,0.4530402311370078,643,0.9989320135559345,0.9986642945245626,0.9995313552272452,0.9983732635806986,0.9988831495648968,0.9988768152906676,0.0003821619815555009
7.923907661437989,3.1925870536769976,0.022805547714233397,0.01665116873229211,0.18,squared_error,9,200,0.4,"{'model__learning_rate': 0.18, 'model__loss': 'squared_error', 'model__max_depth': 9, 'model__n_estimators': 200, 'model__subsample': 0.4}",0.12662847465979787,0.08048842505864184,-1.2945260260619644,-0.5843590876423794,0.020471236890854505,-0.33025939541900995,0.5467813206122344,609,0.9999999987106746,0.9999999983384786,0.9999999994707073,0.9999999985837348,0.9999999959109032,0.9999999982028998,1.206800441292081e-09
13.453277969360352,4.536761617326753,0.016028642654418945,0.013827277440865782,0.18,squared_error,9,200,0.6000000000000001,"{'model__learning_rate': 0.18, 'model__loss': 'squared_error', 'model__max_depth': 9, 'model__n_estimators': 200, 'model__subsample': 0.6000000000000001}",0.17301089960275817,0.1186994339508971,-0.8039440999384064,0.0646742974907687,0.25046768014248755,-0.039418357750298984,0.38716824036602604,304,0.9999999999999989,0.999999999999999,0.9999999999999992,0.9999999999999994,0.9999999999999992,0.9999999999999991,1.9860273225978183e-16
10.640994548797607,3.3812255230535224,0.02353205680847168,0.016863831225368733,0.18,squared_error,9,200,0.8,"{'model__learning_rate': 0.18, 'model__loss': 'squared_error', 'model__max_depth': 9, 'model__n_estimators': 200, 'model__subsample': 0.8}",0.05185413412902273,0.0627159356837198,-0.8419247338744134,-0.14252919541765063,0.1767311938689714,-0.13863053312207002,0.36631018555007855,499,0.9999999999999994,0.9999999999999996,0.9999999999999996,0.9999999999999996,0.9999999999999994,0.9999999999999994,8.599750569898517e-17
7.474311780929566,3.6407315018572,0.011394977569580078,0.0014980215636800774,0.18,squared_error,9,500,0.2,"{'model__learning_rate': 0.18, 'model__loss': 'squared_error', 'model__max_depth': 9, 'model__n_estimators': 500, 'model__subsample': 0.2}",-0.3680403448048162,-0.047234562344472986,-1.0958073746337713,-1.112082255831802,-0.26890981120578794,-0.5784148697641301,0.44151992572546134,647,0.9999998694983049,0.9999998306884406,0.9999999543953731,0.9999997041815156,0.9999999506829684,0.9999998618893204,9.202697969612035e-08
13.343631029129028,5.008249496028772,0.023390722274780274,0.014558296490350045,0.18,squared_error,9,500,0.4,"{'model__learning_rate': 0.18, 'model__loss': 'squared_error', 'model__max_depth': 9, 'model__n_estimators': 500, 'model__subsample': 0.4}",0.1266311104680391,0.0804895266530643,-1.2945220307954761,-0.5843596942884111,0.020492137367534524,-0.3302537901190498,0.5467832551965714,608,0.9999999999999996,0.9999999999999996,0.9999999999999996,0.9999999999999996,0.9999999999999994,0.9999999999999994,9.930136612989092e-17
11.804087495803833,5.186543433833523,0.016269636154174805,0.013661264201327895,0.18,squared_error,9,500,0.6000000000000001,"{'model__learning_rate': 0.18, 'model__loss': 'squared_error', 'model__max_depth': 9, 'model__n_estimators': 500, 'model__subsample': 0.6000000000000001}",0.17301090158649246,0.11869941954740904,-0.8039441026066723,0.06467429930040125,0.25046767888665344,-0.039418360657143214,0.3871682403702796,306,0.9999999999999996,0.9999999999999996,0.9999999999999996,0.9999999999999996,0.9999999999999994,0.9999999999999994,9.930136612989092e-17
13.443632173538209,4.032364234741815,0.02373952865600586,0.01968900685065675,0.18,squared_error,9,500,0.8,"{'model__learning_rate': 0.18, 'model__loss': 'squared_error', 'model__max_depth': 9, 'model__n_estimators': 500, 'model__subsample': 0.8}",0.05185413427006336,0.06271593598299419,-0.8419247355037944,-0.14252919585607726,0.1767311937433359,-0.13863053347269566,0.3663101862026113,501,0.9999999999999996,0.9999999999999996,0.9999999999999996,0.9999999999999996,0.9999999999999994,0.9999999999999994,9.930136612989092e-17
14.963913345336914,6.702440648909786,0.019904232025146483,0.014283787406959686,0.18,squared_error,9,1000,0.2,"{'model__learning_rate': 0.18, 'model__loss': 'squared_error', 'model__max_depth': 9, 'model__n_estimators': 1000, 'model__subsample': 0.2}",-0.36797701503761693,-0.04697252138715857,-1.0961195244591915,-1.1118093917578227,-0.26886952629544725,-0.5783495957874474,0.44160189861363247,646,0.9999999999999912,0.999999999999978,0.9999999999999941,0.9999999999999798,0.9999999999999971,0.9999999999999881,7.718565584128187e-15
16.888120031356813,3.7912646228306586,0.029968929290771485,0.01711121948685522,0.18,squared_error,9,1000,0.4,"{'model__learning_rate': 0.18, 'model__loss': 'squared_error', 'model__max_depth': 9, 'model__n_estimators': 1000, 'model__subsample': 0.4}",0.12663111272295602,0.08048952546257271,-1.2945220278362939,-0.5843596956089552,0.02049213630513258,-0.3302537897909176,0.5467832543372658,607,0.9999999999999996,0.9999999999999996,0.9999999999999997,0.9999999999999997,0.9999999999999996,0.9999999999999997,8.599750569898517e-17
14.562823629379272,5.592453304744454,0.02340841293334961,0.016360942534171277,0.18,squared_error,9,1000,0.6000000000000001,"{'model__learning_rate': 0.18, 'model__loss': 'squared_error', 'model__max_depth': 9, 'model__n_estimators': 1000, 'model__subsample': 0.6000000000000001}",0.1730109021938805,0.11869941947979235,-0.8039440990328217,0.06467429928768609,0.25046767803921766,-0.03941836000644903,0.3871682388923957,305,0.9999999999999996,0.9999999999999996,0.9999999999999996,0.9999999999999996,0.9999999999999994,0.9999999999999994,9.930136612989092e-17
14.223988819122315,4.236829672024168,0.029123497009277344,0.01689611323445045,0.18,squared_error,9,1000,0.8,"{'model__learning_rate': 0.18, 'model__loss': 'squared_error', 'model__max_depth': 9, 'model__n_estimators': 1000, 'model__subsample': 0.8}",0.05185413427109353,0.06271593600480352,-0.8419247354035275,-0.14252919545879483,0.17673119374132595,-0.13863053336901987,0.3663101861654229,500,0.9999999999999996,0.9999999999999996,0.9999999999999996,0.9999999999999996,0.9999999999999994,0.9999999999999994,9.930136612989092e-17
2.842547559738159,1.1893886881715119,0.02193751335144043,0.01638655554827097,0.18,squared_error,12,200,0.2,"{'model__learning_rate': 0.18, 'model__loss': 'squared_error', 'model__max_depth': 12, 'model__n_estimators': 200, 'model__subsample': 0.2}",-0.18915301671532525,-0.8990418989282656,-1.0576799175796334,-0.6587626248598324,0.06932615285750521,-0.5470622610451102,0.42547167517840867,641,0.9989424599614403,0.9984285739926503,0.9992422802630696,0.9993507430558414,0.9989637654396074,0.9989855645425217,0.0003199468662796795
9.468868732452393,3.0088682224810244,0.016048240661621093,0.01360564054335597,0.18,squared_error,12,200,0.4,"{'model__learning_rate': 0.18, 'model__loss': 'squared_error', 'model__max_depth': 12, 'model__n_estimators': 200, 'model__subsample': 0.4}",0.3239574688003204,-0.13029116209420555,-0.8566121520800656,-0.16647663639909815,0.034640473683315465,-0.1589564016179467,0.3894322411947277,532,0.9999999995027555,0.9999999991727808,0.9999999984003246,0.9999999995583209,0.9999999975831757,0.9999999988434715,7.535030636709138e-10
15.687173223495483,4.4868973162431045,0.009916257858276368,0.0014442016800669188,0.18,squared_error,12,200,0.6000000000000001,"{'model__learning_rate': 0.18, 'model__loss': 'squared_error', 'model__max_depth': 12, 'model__n_estimators': 200, 'model__subsample': 0.6000000000000001}",-0.08522413362697878,0.19774349355452314,-0.4904823229127342,0.02121045464035254,0.2205465702035776,-0.02724118762825194,0.2578056682011132,287,0.9999999999999994,0.9999999999999994,0.999999999999999,0.999999999999999,0.9999999999999992,0.9999999999999993,2.275280134513746e-16
10.49857954978943,3.343917605122713,0.008561468124389649,0.0010663052917029734,0.18,squared_error,12,200,0.8,"{'model__learning_rate': 0.18, 'model__loss': 'squared_error', 'model__max_depth': 12, 'model__n_estimators': 200, 'model__subsample': 0.8}",0.007709473342407902,0.036243275945615605,-0.9020188098374327,-0.23493999123792086,0.02428922791721555,-0.21374336477402286,0.3584317453803749,577,0.9999999999999994,0.9999999999999996,0.9999999999999996,0.9999999999999996,0.9999999999999994,0.9999999999999994,8.599750569898517e-17
9.73283348083496,2.917906873513931,0.016358041763305665,0.013804052105120824,0.18,squared_error,12,500,0.2,"{'model__learning_rate': 0.18, 'model__loss': 'squared_error', 'model__max_depth': 12, 'model__n_estimators': 500, 'model__subsample': 0.2}",-0.1778817366617247,-0.8918637732855599,-1.066793521617027,-0.649361683560979,0.08232371684658168,-0.5407153996557417,0.4316696406765823,637,0.9999999529564558,0.9999999254234242,0.9999999447812464,0.9999999379694938,0.9999999374375766,0.9999999397136394,9.093795511141876e-09
13.05226035118103,4.853227933182329,0.018744564056396483,0.01267291942952804,0.18,squared_error,12,500,0.4,"{'model__learning_rate': 0.18, 'model__loss': 'squared_error', 'model__max_depth': 12, 'model__n_estimators': 500, 'model__subsample': 0.4}",0.32395895900494676,-0.13029261718686636,-0.8566232166863079,-0.16647341981755526,0.03464394701731677,-0.1589572695336932,0.3894368866611441,534,0.9999999999999996,0.9999999999999996,0.9999999999999996,0.9999999999999996,0.9999999999999994,0.9999999999999994,9.930136612989092e-17
17.08380436897278,3.7898121754806136,0.02334303855895996,0.016074852464282755,0.18,squared_error,12,500,0.6000000000000001,"{'model__learning_rate': 0.18, 'model__loss': 'squared_error', 'model__max_depth': 12, 'model__n_estimators': 500, 'model__subsample': 0.6000000000000001}",-0.08522413506153992,0.19774349450528927,-0.4904823199465256,0.021210451149073495,0.22054656869015565,-0.027241188132709416,0.2578056669434624,289,0.9999999999999996,0.9999999999999996,0.9999999999999996,0.9999999999999996,0.9999999999999994,0.9999999999999994,9.930136612989092e-17
14.046045875549316,5.534035203611788,0.01499643325805664,0.012927174949831552,0.18,squared_error,12,500,0.8,"{'model__learning_rate': 0.18, 'model__loss': 'squared_error', 'model__max_depth': 12, 'model__n_estimators': 500, 'model__subsample': 0.8}",0.007709473430410396,0.036243275842684275,-0.9020188090714052,-0.23493999131576504,0.02428922793141397,-0.21374336463653232,0.3584317450855064,575,0.9999999999999996,0.9999999999999996,0.9999999999999996,0.9999999999999996,0.9999999999999994,0.9999999999999994,9.930136612989092e-17
13.712844371795654,5.653802849823287,0.028099536895751953,0.015182395899840224,0.18,squared_error,12,1000,0.2,"{'model__learning_rate': 0.18, 'model__loss': 'squared_error', 'model__max_depth': 12, 'model__n_estimators': 1000, 'model__subsample': 0.2}",-0.17786587874418358,-0.8916925407070202,-1.0669557166553099,-0.6494599990796468,0.08235533627732805,-0.5407237597817665,0.43169807253048204,638,0.9999999999999987,0.9999999999999939,0.9999999999999917,0.9999999999999928,0.9999999999999917,0.9999999999999938,2.5989654674417885e-15
11.539274454116821,6.3952090184463115,0.01845831871032715,0.012215654642214408,0.18,squared_error,12,1000,0.4,"{'model__learning_rate': 0.18, 'model__loss': 'squared_error', 'model__max_depth': 12, 'model__n_estimators': 1000, 'model__subsample': 0.4}",0.3239589592218538,-0.13029261824519667,-0.8566232135610974,-0.16647342099613183,0.034643945976518764,-0.15895726952081066,0.38943688548067906,533,0.9999999999999996,0.9999999999999996,0.9999999999999997,0.9999999999999997,0.9999999999999996,0.9999999999999997,8.599750569898517e-17
17.433750247955324,5.143243169337936,0.01172337532043457,0.002646874739347154,0.18,squared_error,12,1000,0.6000000000000001,"{'model__learning_rate': 0.18, 'model__loss': 'squared_error', 'model__max_depth': 12, 'model__n_estimators': 1000, 'model__subsample': 0.6000000000000001}",-0.08522413535950113,0.1977434952518644,-0.49048231975986556,0.021210451796888852,0.22054656814089058,-0.02724118798594457,0.2578056669388563,288,0.9999999999999996,0.9999999999999996,0.9999999999999996,0.9999999999999996,0.9999999999999996,0.9999999999999997,1.1102230246251565e-16
13.09184980392456,5.0787651254806665,0.023456859588623046,0.01673176793746043,0.18,squared_error,12,1000,0.8,"{'model__learning_rate': 0.18, 'model__loss': 'squared_error', 'model__max_depth': 12, 'model__n_estimators': 1000, 'model__subsample': 0.8}",0.007709473447518045,0.03624327591935039,-0.9020188098425159,-0.23493999123699072,0.024289227930756385,-0.21374336475637631,0.35843174539343914,576,0.9999999999999996,0.9999999999999996,0.9999999999999996,0.9999999999999996,0.9999999999999994,0.9999999999999994,9.930136612989092e-17
3.0981212139129637,0.829602923318725,0.022878646850585938,0.016977196633469534,0.18,absolute_error,6,200,0.2,"{'model__learning_rate': 0.18, 'model__loss': 'absolute_error', 'model__max_depth': 6, 'model__n_estimators': 200, 'model__subsample': 0.2}",0.09223463392875808,-0.22532222217213982,-0.5182085829795311,-1.2849548967463598,-0.04587741787770927,-0.39642569716939635,0.4889303885496546,617,0.8695264502194111,0.8597006752022434,0.9176419015320757,0.9148161429203366,0.9655235698452962,0.9054417479438726,0.03802289493959293
6.634898376464844,1.2090545509664312,0.015414190292358399,0.013261553843451492,0.18,absolute_error,6,200,0.4,"{'model__learning_rate': 0.18, 'model__loss': 'absolute_error', 'model__max_depth': 6, 'model__n_estimators': 200, 'model__subsample': 0.4}",0.32002795656225513,0.09181323594682544,-0.6263668379791221,0.01782214951010519,0.09044590105027228,-0.021251518981932803,0.3191936508551393,270,0.9730767920162456,0.9679118109318721,0.9719264884135597,0.9725087934789215,0.9759206056398826,0.9722688980960964,0.0025747490484939787
8.569700670242309,3.046935189276552,0.022156524658203124,0.015218541812175837,0.18,absolute_error,6,200,0.6000000000000001,"{'model__learning_rate': 0.18, 'model__loss': 'absolute_error', 'model__max_depth': 6, 'model__n_estimators': 200, 'model__subsample': 0.6000000000000001}",0.3497861283590542,0.15574728352949496,-0.3202347468778708,-0.047169505084092345,0.08376860541981046,0.0443795530692793,0.22295840995032273,146,0.9668004720884796,0.9871311907072299,0.9912422843826201,0.9749370852977152,0.9875039199271903,0.9815229904806471,0.00918493109027149
10.822889375686646,3.092631075723242,0.023201370239257814,0.017365197763571552,0.18,absolute_error,6,200,0.8,"{'model__learning_rate': 0.18, 'model__loss': 'absolute_error', 'model__max_depth': 6, 'model__n_estimators': 200, 'model__subsample': 0.8}",0.2826647331667589,0.18716505075621737,-0.7897171069991948,-0.1119942034537067,0.08161197438532697,-0.07005391042891966,0.3829487382996257,377,0.9845468856805879,0.9801060639665226,0.9903004350609214,0.9861254170126256,0.9960611977221708,0.9874279998885657,0.00541093846810625
6.9104249477386475,2.5691782757197372,0.01775956153869629,0.012658549612357255,0.18,absolute_error,6,500,0.2,"{'model__learning_rate': 0.18, 'model__loss': 'absolute_error', 'model__max_depth': 6, 'model__n_estimators': 500, 'model__subsample': 0.2}",0.080813966049605,-0.12375800318525298,-0.5119027317541462,-1.3479854643812685,-0.08696013574235928,-0.3979584738026844,0.5131595249575184,620,0.9769803306815694,0.9668791355192551,0.9795656216446059,0.9793055540290982,0.9981443852609687,0.9801750054270995,0.010109520357344045
14.911379146575928,4.377978795748334,0.01635599136352539,0.014485504968841293,0.18,absolute_error,6,500,0.4,"{'model__learning_rate': 0.18, 'model__loss': 'absolute_error', 'model__max_depth': 6, 'model__n_estimators': 500, 'model__subsample': 0.4}",0.30788815217065624,0.08692190999372951,-0.6188439000878392,0.06424152691617924,0.1007811094614719,-0.011802240309160461,0.3158815115777364,252,0.9980063788524742,0.9963365166673172,0.9976753800200538,0.9975365267980464,0.9968177316515222,0.9972745067978828,0.0006088447329825077
22.16338300704956,7.51026271840286,0.0260561466217041,0.017347521831124344,0.18,absolute_error,6,500,0.6000000000000001,"{'model__learning_rate': 0.18, 'model__loss': 'absolute_error', 'model__max_depth': 6, 'model__n_estimators': 500, 'model__subsample': 0.6000000000000001}",0.3588625758392582,0.18357612297637582,-0.31628230671572477,0.027150218489044198,0.08339436955505519,0.06734019602880173,0.22250181304337516,96,0.9975257319621212,0.9994828380408328,0.9992855589611511,0.9961903697063322,0.9994374741724883,0.9983843945685852,0.0013174747469483
38.5394971370697,7.8508405370775876,0.02373194694519043,0.018296356305824362,0.18,absolute_error,6,500,0.8,"{'model__learning_rate': 0.18, 'model__loss': 'absolute_error', 'model__max_depth': 6, 'model__n_estimators': 500, 'model__subsample': 0.8}",0.294619031313066,0.22709265673968593,-0.7787602601953958,-0.12648312000537532,0.07862196791998233,-0.06098194484560737,0.38689130171578684,342,0.9996880345885558,0.9990735728580357,0.9991929757063039,0.9998831628006667,0.9998418487768381,0.99953591894608,0.0003372490164314049
13.20518102645874,4.669979176041134,0.01634945869445801,0.014184482668683695,0.18,absolute_error,6,1000,0.2,"{'model__learning_rate': 0.18, 'model__loss': 'absolute_error', 'model__max_depth': 6, 'model__n_estimators': 1000, 'model__subsample': 0.2}",0.0893327284387,-0.13949361779258962,-0.4987171007297162,-1.2620977450597328,-0.07380305405171672,-0.3769557578390111,0.48249703509301045,613,0.9980295955569881,0.9965594242622197,0.9979266988413574,0.9980406513962722,0.9999552209420317,0.9981023181997738,0.0010820077459322193
27.10314984321594,10.175755683914803,0.018956756591796874,0.012821061766695254,0.18,absolute_error,6,1000,0.4,"{'model__learning_rate': 0.18, 'model__loss': 'absolute_error', 'model__max_depth': 6, 'model__n_estimators': 1000, 'model__subsample': 0.4}",0.3092277161571316,0.06771407482522118,-0.6158535402518253,0.06465880184723882,0.10340460326608514,-0.014169668831229698,0.31411842813464513,257,0.9999655042746993,0.9999631288564163,0.9999838996219345,0.9999528221731374,0.9999129866303536,0.9999556683113082,2.357642551541144e-05
38.86598200798035,9.25218958881697,0.024817371368408205,0.016989273650442588,0.18,absolute_error,6,1000,0.6000000000000001,"{'model__learning_rate': 0.18, 'model__loss': 'absolute_error', 'model__max_depth': 6, 'model__n_estimators': 1000, 'model__subsample': 0.6000000000000001}",0.35073791274716026,0.18160058557362757,-0.3254846799647946,0.01934403025197018,0.08843235973193364,0.06292604166797941,0.223755300793009,105,0.9999918204114616,0.9999920768051374,0.9999889529708668,0.9999803073205278,0.9999841316333202,0.9999874578282629,4.578118928227447e-06
56.05675010681152,20.18074676415197,0.01121535301208496,0.0013392998068752831,0.18,absolute_error,6,1000,0.8,"{'model__learning_rate': 0.18, 'model__loss': 'absolute_error', 'model__max_depth': 6, 'model__n_estimators': 1000, 'model__subsample': 0.8}",0.29649807962880825,0.2279300009776396,-0.7841258488846812,-0.12985022498596122,0.08016624296184605,-0.061876350060469695,0.3895794751815997,349,0.9999990346185285,0.9999995083823575,0.9999992093506661,0.9999990960394743,0.999998222705844,0.9999990142193742,4.2799009284476764e-07
3.598749208450317,0.0672314240602052,0.02228074073791504,0.016161018424478646,0.18,absolute_error,9,200,0.2,"{'model__learning_rate': 0.18, 'model__loss': 'absolute_error', 'model__max_depth': 9, 'model__n_estimators': 200, 'model__subsample': 0.2}",0.09223463392875808,-0.22532222217213982,-0.5182085829795311,-1.2849548967463598,-0.04587741787770927,-0.39642569716939635,0.4889303885496546,617,0.8695264502194111,0.8597006752022434,0.9176419015320757,0.9148161429203366,0.9655235698452962,0.9054417479438726,0.03802289493959293
6.743956851959228,1.8866098880829378,0.014586067199707032,0.013939040988807966,0.18,absolute_error,9,200,0.4,"{'model__learning_rate': 0.18, 'model__loss': 'absolute_error', 'model__max_depth': 9, 'model__n_estimators': 200, 'model__subsample': 0.4}",0.32002795656225513,0.0686426672130197,-0.40229179925687,-0.04637854123248264,0.14309505606510786,0.016619067870206016,0.24092098188643377,212,0.9730767920162456,0.9401735426841518,0.9641217470023713,0.98696659647563,0.9629568322927029,0.9654591020942203,0.015284049867727353
10.125059890747071,3.0672758259370627,0.022615861892700196,0.018161093333018984,0.18,absolute_error,9,200,0.6000000000000001,"{'model__learning_rate': 0.18, 'model__loss': 'absolute_error', 'model__max_depth': 9, 'model__n_estimators': 200, 'model__subsample': 0.6000000000000001}",0.1661663923174408,0.20733735902686257,-0.45158140994942464,0.061706659557786425,0.16159285582978022,0.029044371356489074,0.24504199866450427,173,0.9837237973956584,0.9932708176996007,0.9877627663911384,0.9716940132814184,0.9882707928950041,0.9849444375325641,0.007285601271240449
17.24314966201782,1.4547470428372589,0.035518312454223634,0.013829241048693522,0.18,absolute_error,9,200,0.8,"{'model__learning_rate': 0.18, 'model__loss': 'absolute_error', 'model__max_depth': 9, 'model__n_estimators': 200, 'model__subsample': 0.8}",0.10553274508569732,0.21386691295378624,-0.8294658511785116,-0.06618684716110268,0.10048452576382749,-0.09515370290726063,0.3779144130046618,437,0.987807412587811,0.9966254226503581,0.9950974901577265,0.9938505433966899,0.9893233561310472,0.9925408449847266,0.0033968554858050813
4.612731313705444,2.154834930105786,0.015328502655029297,0.012894147069207166,0.18,absolute_error,9,500,0.2,"{'model__learning_rate': 0.18, 'model__loss': 'absolute_error', 'model__max_depth': 9, 'model__n_estimators': 500, 'model__subsample': 0.2}",0.080813966049605,-0.12375800318525298,-0.5119027317541462,-1.3479854643812685,-0.08696013574235928,-0.3979584738026844,0.5131595249575184,620,0.9769803306815694,0.9668791355192551,0.9795656216446059,0.9793055540290982,0.9981443852609687,0.9801750054270995,0.010109520357344045
14.263323116302491,5.6141808406876015,0.02223834991455078,0.015451160037127864,0.18,absolute_error,9,500,0.4,"{'model__learning_rate': 0.18, 'model__loss': 'absolute_error', 'model__max_depth': 9, 'model__n_estimators': 500, 'model__subsample': 0.4}",0.30788815217065624,0.08591885838693658,-0.44876345625477,-0.05837185977678594,0.1583482610345348,0.00900399111211434,0.25754296365850465,222,0.9980063788524742,0.9893589818027496,0.9923696929558333,0.9996438426551143,0.9979549274831587,0.995466764749866,0.003923912323956929
27.23166627883911,7.595822522125755,0.01586127281188965,0.014943787526176325,0.18,absolute_error,9,500,0.6000000000000001,"{'model__learning_rate': 0.18, 'model__loss': 'absolute_error', 'model__max_depth': 9, 'model__n_estimators': 500, 'model__subsample': 0.6000000000000001}",0.1716960555955116,0.20992640621829628,-0.4511852777659362,0.022376594421155582,0.14796086699046884,0.02015492909189922,0.24391753143735848,200,0.9992613733439424,0.9993674887117481,0.9976930338479023,0.9951688264074987,0.9996061417687386,0.9982193728159661,0.0016679286218744304
33.334461784362794,13.234518527374194,0.009756040573120118,0.0009243101729819432,0.18,absolute_error,9,500,0.8,"{'model__learning_rate': 0.18, 'model__loss': 'absolute_error', 'model__max_depth': 9, 'model__n_estimators': 500, 'model__subsample': 0.8}",0.11789957371727622,0.22634358295299206,-0.8126238364344613,-0.06418583130458066,0.09486985790533276,-0.08753933063268819,0.37424421582953515,409,0.9993676370224261,0.9999913504231394,0.9999344581445868,0.9999313603085489,0.9999875346921047,0.999842468118161,0.0002387629818719653
13.422963380813599,5.338181251062867,0.023463916778564454,0.01723128636806026,0.18,absolute_error,9,1000,0.2,"{'model__learning_rate': 0.18, 'model__loss': 'absolute_error', 'model__max_depth': 9, 'model__n_estimators': 1000, 'model__subsample': 0.2}",0.0893327284387,-0.13949361779258962,-0.4987171007297162,-1.2620977450597328,-0.07380305405171672,-0.3769557578390111,0.48249703509301045,613,0.9980295955569881,0.9965594242622197,0.9979266988413574,0.9980406513962722,0.9999552209420317,0.9981023181997738,0.0010820077459322193
19.338500881195067,9.074708619266692,0.010308170318603515,0.0014925625257959287,0.18,absolute_error,9,1000,0.4,"{'model__learning_rate': 0.18, 'model__loss': 'absolute_error', 'model__max_depth': 9, 'model__n_estimators': 1000, 'model__subsample': 0.4}",0.3071852115003383,0.07586806039468885,-0.44304775869079505,-0.05848353394558581,0.15068213153774868,0.006440822159278992,0.2539007840833042,225,0.9999779923525836,0.999329589464167,0.9982126576239233,0.9999964018575277,0.9999773523817674,0.9994987987359938,0.0006912365323757114
47.38957028388977,14.928926730966563,0.031592702865600585,0.01523357929407686,0.18,absolute_error,9,1000,0.6000000000000001,"{'model__learning_rate': 0.18, 'model__loss': 'absolute_error', 'model__max_depth': 9, 'model__n_estimators': 1000, 'model__subsample': 0.6000000000000001}",0.17446364602060893,0.2165432867109226,-0.45900116765479093,0.013046702259347231,0.14933153753235384,0.018876800973688334,0.24847498352045594,207,0.9999995550023824,0.9999985254696645,0.9999965526700636,0.9998887336704946,0.9999901802179799,0.9999747094061169,4.311104232568459e-05
61.81854119300842,13.032104561561974,0.019202518463134765,0.014007339969136069,0.18,absolute_error,9,1000,0.8,"{'model__learning_rate': 0.18, 'model__loss': 'absolute_error', 'model__max_depth': 9, 'model__n_estimators': 1000, 'model__subsample': 0.8}",0.11813248772411278,0.22630629634293253,-0.8130667029380936,-0.06512800340807434,0.0948248698895866,-0.0877862104779072,0.37441917869524444,410,0.9999999441360724,0.9999999995471507,0.9999999616575554,0.9999997613911682,0.9999999984518478,0.9999999330367588,8.843904074532838e-08
1.4108102798461915,0.023113921717322822,0.00860581398010254,0.0008100260274204601,0.18,absolute_error,12,200,0.2,"{'model__learning_rate': 0.18, 'model__loss': 'absolute_error', 'model__max_depth': 12, 'model__n_estimators': 200, 'model__subsample': 0.2}",0.09223463392875808,-0.22532222217213982,-0.5182085829795311,-1.2849548967463598,-0.04587741787770927,-0.39642569716939635,0.4889303885496546,617,0.8695264502194111,0.8597006752022434,0.9176419015320757,0.9148161429203366,0.9655235698452962,0.9054417479438726,0.03802289493959293
3.8506261825561525,1.8049045449345191,0.008112287521362305,0.0010100144543363449,0.18,absolute_error,12,200,0.4,"{'model__learning_rate': 0.18, 'model__loss': 'absolute_error', 'model__max_depth': 12, 'model__n_estimators': 200, 'model__subsample': 0.4}",0.32002795656225513,0.0686426672130197,-0.40229179925687,-0.04637854123248264,0.14309505606510786,0.016619067870206016,0.24092098188643377,212,0.9730767920162456,0.9401735426841518,0.9641217470023713,0.98696659647563,0.9629568322927029,0.9654591020942203,0.015284049867727353
8.270722913742066,2.3874757822646067,0.015060615539550782,0.013639011611893823,0.18,absolute_error,12,200,0.6000000000000001,"{'model__learning_rate': 0.18, 'model__loss': 'absolute_error', 'model__max_depth': 12, 'model__n_estimators': 200, 'model__subsample': 0.6000000000000001}",0.1661663923174408,0.09915896510695088,-0.5383590545023038,0.07421474515208148,0.08069633863728687,-0.023624522657708757,0.2594237379172996,282,0.9837237973956584,0.9788525509447226,0.9817685165950423,0.973284910080972,0.99068107639479,0.981662170282237,0.005721446192380406
12.220912647247314,4.376072261372194,0.022660541534423827,0.016928320697652426,0.18,absolute_error,12,200,0.8,"{'model__learning_rate': 0.18, 'model__loss': 'absolute_error', 'model__max_depth': 12, 'model__n_estimators': 200, 'model__subsample': 0.8}",0.0955630594018343,0.2461943265631289,-0.7740946064462582,-0.0935020146403418,0.06526986555999437,-0.09211387391232848,0.3576434978409755,429,0.9972318746165373,0.9907164330739308,0.9905700779279766,0.9878095031193012,0.9969134403985126,0.9926482658272517,0.0037594055629021086
8.48720211982727,0.6104540495090142,0.02828083038330078,0.016783206337312142,0.18,absolute_error,12,500,0.2,"{'model__learning_rate': 0.18, 'model__loss': 'absolute_error', 'model__max_depth': 12, 'model__n_estimators': 500, 'model__subsample': 0.2}",0.080813966049605,-0.12375800318525298,-0.5119027317541462,-1.3479854643812685,-0.08696013574235928,-0.3979584738026844,0.5131595249575184,620,0.9769803306815694,0.9668791355192551,0.9795656216446059,0.9793055540290982,0.9981443852609687,0.9801750054270995,0.010109520357344045
16.406110525131226,4.4717903035042745,0.00827012062072754,0.0005960360831313206,0.18,absolute_error,12,500,0.4,"{'model__learning_rate': 0.18, 'model__loss': 'absolute_error', 'model__max_depth': 12, 'model__n_estimators': 500, 'model__subsample': 0.4}",0.30788815217065624,0.08591885838693658,-0.44876345625477,-0.05837185977678594,0.1583482610345348,0.00900399111211434,0.25754296365850465,222,0.9980063788524742,0.9893589818027496,0.9923696929558333,0.9996438426551143,0.9979549274831587,0.995466764749866,0.003923912323956929
26.994212913513184,7.397506619664815,0.0369361400604248,0.013834172939474374,0.18,absolute_error,12,500,0.6000000000000001,"{'model__learning_rate': 0.18, 'model__loss': 'absolute_error', 'model__max_depth': 12, 'model__n_estimators': 500, 'model__subsample': 0.6000000000000001}",0.17331283663368058,0.08574798212534174,-0.474514900642818,0.08277199094715304,0.07878219717559276,-0.010779978752209974,0.23453411013339756,250,0.9991908655972389,0.9982505004736858,0.9994870968294813,0.9976361123355628,0.99989096653773,0.9988911083547396,0.0008282712741567804
33.732490634918214,10.116590007668714,0.012718725204467773,0.007879464788929745,0.18,absolute_error,12,500,0.8,"{'model__learning_rate': 0.18, 'model__loss': 'absolute_error', 'model__max_depth': 12, 'model__n_estimators': 500, 'model__subsample': 0.8}",0.10072449502771641,0.25826292772942383,-0.8087239607485579,-0.1333044131738852,0.06528770418687357,-0.10355064939568585,0.3739782010666083,458,0.9999962433166292,0.9999024832797814,0.9999751700062858,0.9999256839591887,0.9999809282478989,0.9999561017619566,3.575326869972189e-05
13.20489330291748,5.150659405909428,0.015979862213134764,0.01299690573614163,0.18,absolute_error,12,1000,0.2,"{'model__learning_rate': 0.18, 'model__loss': 'absolute_error', 'model__max_depth': 12, 'model__n_estimators': 1000, 'model__subsample': 0.2}",0.0893327284387,-0.13949361779258962,-0.4987171007297162,-1.2620977450597328,-0.07380305405171672,-0.3769557578390111,0.48249703509301045,613,0.9980295955569881,0.9965594242622197,0.9979266988413574,0.9980406513962722,0.9999552209420317,0.9981023181997738,0.0010820077459322193
21.558256340026855,7.770998068426966,0.02171502113342285,0.015226177912161904,0.18,absolute_error,12,1000,0.4,"{'model__learning_rate': 0.18, 'model__loss': 'absolute_error', 'model__max_depth': 12, 'model__n_estimators': 1000, 'model__subsample': 0.4}",0.3071852115003383,0.07586806039468885,-0.44304775869079505,-0.05848353394558581,0.15068213153774868,0.006440822159278992,0.2539007840833042,225,0.9999779923525836,0.999329589464167,0.9982126576239233,0.9999964018575277,0.9999773523817674,0.9994987987359938,0.0006912365323757114
42.236588907241824,9.408863751290223,0.0125701904296875,0.004268420885583097,0.18,absolute_error,12,1000,0.6000000000000001,"{'model__learning_rate': 0.18, 'model__loss': 'absolute_error', 'model__max_depth': 12, 'model__n_estimators': 1000, 'model__subsample': 0.6000000000000001}",0.17716538480910382,0.10227940615460829,-0.46992714420739,0.07931604799073266,0.08196811752803768,-0.005839637544981513,0.2347421872129017,237,0.9999986748415995,0.9999765186594874,0.9999955568657299,0.9999125410391627,0.9999998436600084,0.9999766270131977,3.313753929247156e-05
48.04666309356689,8.652448609343905,0.013663434982299804,0.0041393901673993415,0.18,absolute_error,12,1000,0.8,"{'model__learning_rate': 0.18, 'model__loss': 'absolute_error', 'model__max_depth': 12, 'model__n_estimators': 1000, 'model__subsample': 0.8}",0.1004977927502525,0.2581084058679948,-0.8095495300780047,-0.13268130227215025,0.0646876473542155,-0.10378739727553843,0.374171056524583,462,0.9999999985220176,0.9999999924094473,0.9999999389574855,0.9999999129123527,0.9999999989233868,0.999999968344938,3.566845145423501e-08
