mean_fit_time,std_fit_time,mean_score_time,std_score_time,param_model__learning_rate,param_model__loss,param_model__max_depth,param_model__n_estimators,param_model__subsample,params,split0_test_score,split1_test_score,split2_test_score,split3_test_score,split4_test_score,mean_test_score,std_test_score,rank_test_score,split0_train_score,split1_train_score,split2_train_score,split3_train_score,split4_train_score,mean_train_score,std_train_score
4.461375379562378,0.031671934996902074,0.022829437255859376,0.015796364428744488,0.02,squared_error,6,200,0.2,"{'model__learning_rate': 0.02, 'model__loss': 'squared_error', 'model__max_depth': 6, 'model__n_estimators': 200, 'model__subsample': 0.2}",-0.12319793155365044,-0.13258746948255906,-0.23136472975908484,-0.12842459436185383,-0.07906442456769458,-0.13892782994496855,0.05005228382904759,305,0.7519122693264709,0.7459268872944691,0.719992246839736,0.7345467744546961,0.744122290547864,0.7393000936926472,0.011150084699618914
7.872334718704224,2.10590994986283,0.007682275772094726,0.000924422953814049,0.02,squared_error,6,200,0.4,"{'model__learning_rate': 0.02, 'model__loss': 'squared_error', 'model__max_depth': 6, 'model__n_estimators': 200, 'model__subsample': 0.4}",-0.1325292370780622,-0.0694190099151164,-0.23494316866242104,-0.30021520723903694,-0.20137859195432628,-0.18769704296979256,0.0801409987163764,370,0.936021552628692,0.9389403095529563,0.9279802723682189,0.9377806133193362,0.9348079022526377,0.9351061300243682,0.003835585463434402
13.28855528831482,0.04677878375454904,0.022622013092041017,0.016323900312410673,0.02,squared_error,6,200,0.6000000000000001,"{'model__learning_rate': 0.02, 'model__loss': 'squared_error', 'model__max_depth': 6, 'model__n_estimators': 200, 'model__subsample': 0.6000000000000001}",-0.09389775760481678,-0.13211107655189402,0.02374032969481199,-0.3383424780387776,-0.16995376033634546,-0.14211294856740436,0.11765474153658895,308,0.9849117374056899,0.9849778659750013,0.9795407578173874,0.9818131012279437,0.9837043487370496,0.9829895622326144,0.0020706202599656176
17.188024473190307,0.8482538156895097,0.037080907821655275,0.01527414174094506,0.02,squared_error,6,200,0.8,"{'model__learning_rate': 0.02, 'model__loss': 'squared_error', 'model__max_depth': 6, 'model__n_estimators': 200, 'model__subsample': 0.8}",-0.03281321281601768,-0.17244272934153204,0.0724080927567492,-0.27264986562040616,-0.23466775502162696,-0.12803309400856672,0.12922900014889813,294,0.9959965486334942,0.996738045586958,0.9960769910692575,0.9957722333441669,0.9963651825979308,0.9961898002463615,0.0003333965017365598
9.813057613372802,2.566710731114583,0.023155879974365235,0.016089405649699358,0.02,squared_error,6,500,0.2,"{'model__learning_rate': 0.02, 'model__loss': 'squared_error', 'model__max_depth': 6, 'model__n_estimators': 500, 'model__subsample': 0.2}",-0.2924771272394042,-0.30103283708284256,-0.33840978873725014,-0.2773990441201568,-0.18000593043018553,-0.27786494552196783,0.05290094326707764,466,0.9512465846945697,0.9440421132089282,0.9388789913937001,0.946403573184485,0.9479109632570406,0.9456964451477446,0.0041333439091926355
16.23558564186096,4.408695523154783,0.024172306060791016,0.017584224717018097,0.02,squared_error,6,500,0.4,"{'model__learning_rate': 0.02, 'model__loss': 'squared_error', 'model__max_depth': 6, 'model__n_estimators': 500, 'model__subsample': 0.4}",-0.199139963388983,-0.10750819459896799,-0.35425517492373726,-0.3641808704812515,-0.3275375740543094,-0.2705243554894498,0.10070044703147639,459,0.9981385268909003,0.9982429566602153,0.9980502026311885,0.9984684306274496,0.9978016811812477,0.9981403595982001,0.00021954109637749807
29.42298045158386,8.074610712012772,0.02250661849975586,0.01572807953271185,0.02,squared_error,6,500,0.6000000000000001,"{'model__learning_rate': 0.02, 'model__loss': 'squared_error', 'model__max_depth': 6, 'model__n_estimators': 500, 'model__subsample': 0.6000000000000001}",-0.12680381043137356,-0.1400679949402146,0.00828970385728034,-0.35744194834818654,-0.2034122125825133,-0.16388725248900154,0.11883861810137449,333,0.9999608001568806,0.9999397167835886,0.999931330344036,0.9999540221494233,0.9999441406938079,0.9999460020255473,1.0407056631302314e-05
42.828477430343625,3.531863304554179,0.023190069198608398,0.015249523398701842,0.02,squared_error,6,500,0.8,"{'model__learning_rate': 0.02, 'model__loss': 'squared_error', 'model__max_depth': 6, 'model__n_estimators': 500, 'model__subsample': 0.8}",-0.03570210235402338,-0.17326229780543811,0.06131088369326343,-0.2784129903825674,-0.24867491744911896,-0.13494828485957688,0.129113359697553,303,0.999998703868506,0.9999988794858847,0.9999987357526846,0.9999983278415792,0.9999988198981059,0.9999986933693521,1.9295907397927096e-07
15.643626308441162,6.527128002900189,0.0249814510345459,0.01569403799203929,0.02,squared_error,6,1000,0.2,"{'model__learning_rate': 0.02, 'model__loss': 'squared_error', 'model__max_depth': 6, 'model__n_estimators': 1000, 'model__subsample': 0.2}",-0.2674981063037265,-0.33018350380997696,-0.3927979668078909,-0.2872483167963984,-0.2618079857493687,-0.3079071758934723,0.04875961005537898,489,0.9967411208764771,0.9962615426636083,0.9954224171151252,0.9958038719527866,0.9950910010632755,0.9958639907342546,0.0005871148751930496
30.517532539367675,11.25430469033434,0.03174901008605957,0.01659318566146207,0.02,squared_error,6,1000,0.4,"{'model__learning_rate': 0.02, 'model__loss': 'squared_error', 'model__max_depth': 6, 'model__n_estimators': 1000, 'model__subsample': 0.4}",-0.19688903259960888,-0.11626083290567801,-0.3524221226476669,-0.3690784483234939,-0.33654969572480664,-0.27424002644025086,0.09992983854385978,460,0.9999952458571244,0.9999943264153797,0.999994721955567,0.999996393586517,0.9999919864147225,0.9999945348458622,1.451441243609793e-06
49.711703872680665,16.840202900484037,0.02561221122741699,0.016520127484266844,0.02,squared_error,6,1000,0.6000000000000001,"{'model__learning_rate': 0.02, 'model__loss': 'squared_error', 'model__max_depth': 6, 'model__n_estimators': 1000, 'model__subsample': 0.6000000000000001}",-0.12736954644887333,-0.14019242059227555,0.008823529230561289,-0.35848037888784945,-0.20431635962666683,-0.16430703526502077,0.11935168075310996,334,0.9999999978215943,0.9999999955384495,0.9999999959558221,0.9999999964655424,0.9999999965704635,0.9999999964703743,7.705951524046283e-10
78.72757863998413,13.714953397191403,0.024809932708740233,0.015203185325766944,0.02,squared_error,6,1000,0.8,"{'model__learning_rate': 0.02, 'model__loss': 'squared_error', 'model__max_depth': 6, 'model__n_estimators': 1000, 'model__subsample': 0.8}",-0.035703442622071924,-0.1733813939060611,0.061156105491526835,-0.2785644543516337,-0.2488281413362059,-0.13506426534488916,0.12913383219749053,304,0.999999999996889,0.9999999999971411,0.999999999996647,0.9999999999939395,0.999999999996959,0.9999999999963152,1.1983151038657313e-12
5.006580877304077,0.06014498816943121,0.037627220153808594,0.015022501664119108,0.02,squared_error,9,200,0.2,"{'model__learning_rate': 0.02, 'model__loss': 'squared_error', 'model__max_depth': 9, 'model__n_estimators': 200, 'model__subsample': 0.2}",-0.15512945779489162,-0.022254561773715098,-0.1726854813388754,-0.23759716613862336,-0.05720015969166625,-0.12897336534755435,0.0786566163030222,298,0.748733217542922,0.75124690346473,0.713293497103936,0.74731979728756,0.7166533048987251,0.7354493440595746,0.016799431420001402
8.827214527130128,3.3233209220480444,0.03278231620788574,0.017094624822603877,0.02,squared_error,9,200,0.4,"{'model__learning_rate': 0.02, 'model__loss': 'squared_error', 'model__max_depth': 9, 'model__n_estimators': 200, 'model__subsample': 0.4}",-0.20714386933640783,-0.07131654310026092,-0.26426499560259065,-0.20019249182016208,-0.21759747616687086,-0.19210307520525846,0.06440241877917174,378,0.945838702149826,0.9451785863920958,0.9382734464994346,0.9473838020304292,0.9362737512308219,0.9425896576605215,0.004444390062224076
14.468408346176147,4.343444893031695,0.03244791030883789,0.021032751359454874,0.02,squared_error,9,200,0.6000000000000001,"{'model__learning_rate': 0.02, 'model__loss': 'squared_error', 'model__max_depth': 9, 'model__n_estimators': 200, 'model__subsample': 0.6000000000000001}",-0.06288596669198365,-0.11920638712124254,-0.03850192366884064,-0.3738110985938441,-0.2826453453269393,-0.17541014428057006,0.13071093355014754,356,0.9900649518065929,0.9900161492278137,0.9873129922563587,0.9890318591469629,0.988138660556553,0.9889129225988562,0.0010693628947920915
18.354909658432007,7.306604947846506,0.017821121215820312,0.015077716604284593,0.02,squared_error,9,200,0.8,"{'model__learning_rate': 0.02, 'model__loss': 'squared_error', 'model__max_depth': 9, 'model__n_estimators': 200, 'model__subsample': 0.8}",-0.17627267367162314,-0.16702101799139069,-0.008780790634863589,-0.33423316068037034,-0.20682168735120077,-0.1786258660658897,0.10391938619587643,362,0.9979906295758297,0.9981940872228043,0.9976892985505941,0.9978349802127796,0.9980069016705578,0.9979431794465132,0.00017054578992513954
8.469597578048706,3.576164574773673,0.030549335479736327,0.016030842905137205,0.02,squared_error,9,500,0.2,"{'model__learning_rate': 0.02, 'model__loss': 'squared_error', 'model__max_depth': 9, 'model__n_estimators': 500, 'model__subsample': 0.2}",-0.26801900241411536,-0.09913020522139471,-0.5437610001781419,-0.34270507146239293,-0.2006068789122466,-0.2908444316376583,0.1497160494782178,479,0.9501150650204337,0.9468526218814529,0.9317350134232709,0.9480801951581211,0.9432552038120466,0.9440076198590651,0.006529376556895844
20.58225040435791,8.07473865192045,0.03144969940185547,0.014628275636357055,0.02,squared_error,9,500,0.4,"{'model__learning_rate': 0.02, 'model__loss': 'squared_error', 'model__max_depth': 9, 'model__n_estimators': 500, 'model__subsample': 0.4}",-0.3288063236270413,-0.1184144097239812,-0.37084346560823156,-0.2365462083053651,-0.3242454963366026,-0.27577118072024437,0.09000108538318827,461,0.9986020272618144,0.998487565500878,0.9985092090317494,0.998844336088505,0.9979971937322203,0.9984880663230336,0.0002761587973334434
43.90664744377136,3.866408981648461,0.030980348587036133,0.01677943205785072,0.02,squared_error,9,500,0.6000000000000001,"{'model__learning_rate': 0.02, 'model__loss': 'squared_error', 'model__max_depth': 9, 'model__n_estimators': 500, 'model__subsample': 0.6000000000000001}",-0.11585732807778748,-0.1261399149434852,-0.07669161794412149,-0.39578036770754954,-0.32310565291970095,-0.20751497631852894,0.1272343022169353,409,0.9999796898102132,0.999970004976494,0.9999629825439781,0.999973663250159,0.9999673865736679,0.9999707454309025,5.667595584067141e-06
51.787956428527835,14.07551760256287,0.023659944534301758,0.015362950815582045,0.02,squared_error,9,500,0.8,"{'model__learning_rate': 0.02, 'model__loss': 'squared_error', 'model__max_depth': 9, 'model__n_estimators': 500, 'model__subsample': 0.8}",-0.20421962159779472,-0.1670213443253865,-0.024447210359213933,-0.357923850072392,-0.22537542926037313,-0.19579749112303207,0.10716317307240017,386,0.9999997077663368,0.999999702178728,0.9999996195936839,0.9999996697434785,0.99999958253426,0.9999996563632975,4.8421248708200396e-08
19.26412010192871,7.186587325257054,0.04106740951538086,0.01347257790091667,0.02,squared_error,9,1000,0.2,"{'model__learning_rate': 0.02, 'model__loss': 'squared_error', 'model__max_depth': 9, 'model__n_estimators': 1000, 'model__subsample': 0.2}",-0.2524181193888857,-0.11229234209123384,-0.5277851372707838,-0.43207695260799706,-0.31402814550182256,-0.3277201393721446,0.14365468917089644,500,0.9965225366418625,0.9961491775553948,0.9943440951158362,0.9959959911124201,0.9947629064250157,0.9955549413701059,0.0008458546133645862
49.57786302566528,14.429166153542354,0.040828609466552736,0.01343565428961681,0.02,squared_error,9,1000,0.4,"{'model__learning_rate': 0.02, 'model__loss': 'squared_error', 'model__max_depth': 9, 'model__n_estimators': 1000, 'model__subsample': 0.4}",-0.32557956009987965,-0.11594285320916353,-0.3791379016116361,-0.2373727294597947,-0.33712883690449713,-0.27903237625699423,0.09369810453710939,469,0.9999967586548572,0.9999944362321129,0.9999965995805641,0.9999965090000456,0.9999930701467901,0.999995474722874,1.4726822218096552e-06
79.29781947135925,13.384534449477497,0.020650720596313475,0.011851155537789187,0.02,squared_error,9,1000,0.6000000000000001,"{'model__learning_rate': 0.02, 'model__loss': 'squared_error', 'model__max_depth': 9, 'model__n_estimators': 1000, 'model__subsample': 0.6000000000000001}",-0.11419025247426862,-0.12554339509205303,-0.07863148819142896,-0.39573092856074865,-0.32570677489095323,-0.2079605678418905,0.12761923905930964,410,0.9999999992635092,0.9999999987508378,0.999999997868858,0.9999999987505486,0.9999999980058155,0.9999999985279139,5.190959866484034e-10
74.98460183143615,31.936944333539042,0.021471738815307617,0.012454734539735867,0.02,squared_error,9,1000,0.8,"{'model__learning_rate': 0.02, 'model__loss': 'squared_error', 'model__max_depth': 9, 'model__n_estimators': 1000, 'model__subsample': 0.8}",-0.2040597216769069,-0.16702428335215957,-0.024532853060076354,-0.35802502389568436,-0.2255246316020294,-0.19583330271737132,0.10717201784812579,389,0.9999999999998676,0.9999999999997935,0.9999999999998449,0.9999999999998509,0.9999999999997806,0.9999999999998275,3.408261727085461e-14
5.073591852188111,0.2662398277164613,0.0219362735748291,0.016851566288335056,0.02,squared_error,12,200,0.2,"{'model__learning_rate': 0.02, 'model__loss': 'squared_error', 'model__max_depth': 12, 'model__n_estimators': 200, 'model__subsample': 0.2}",-0.16623036272099645,-0.06837134923597832,-0.12770930926576396,-0.22251450113619597,-0.07097690901014064,-0.13116048627381507,0.058569448674964476,299,0.7564512874779117,0.7569628661335807,0.7198166600851299,0.741884829291866,0.7190301457748531,0.7388291577526683,0.016746246786122326
12.03860158920288,0.4847227007124252,0.03642425537109375,0.013000484609827232,0.02,squared_error,12,200,0.4,"{'model__learning_rate': 0.02, 'model__loss': 'squared_error', 'model__max_depth': 12, 'model__n_estimators': 200, 'model__subsample': 0.4}",-0.11806927115893395,-0.13094445291760914,-0.18913732127195604,-0.24509509806143792,-0.13357000928191698,-0.16336323053837082,0.047612094794238495,332,0.9482360025473915,0.9419162582779966,0.9341510304770584,0.9448634740388044,0.9349233189489764,0.9408180168580454,0.005509891841926545
16.060918760299682,4.789919827897638,0.01821103096008301,0.012447741614084455,0.02,squared_error,12,200,0.6000000000000001,"{'model__learning_rate': 0.02, 'model__loss': 'squared_error', 'model__max_depth': 12, 'model__n_estimators': 200, 'model__subsample': 0.6000000000000001}",-0.13040974647097348,-0.09468627141610275,-0.0869362011796595,-0.3490949046293528,-0.2881784827909897,-0.18986112129741564,0.10789620801973669,374,0.9905554045728231,0.9898764213307776,0.9886522167454286,0.9876539617042901,0.9896102492109062,0.989269650712845,0.0010128194888133948
19.258980083465577,7.512870335005576,0.023091459274291994,0.016856609642580008,0.02,squared_error,12,200,0.8,"{'model__learning_rate': 0.02, 'model__loss': 'squared_error', 'model__max_depth': 12, 'model__n_estimators': 200, 'model__subsample': 0.8}",-0.11547594041854503,-0.14029986632075464,0.030532495751381394,-0.37859371914589746,-0.22298465173880877,-0.1653643363745249,0.13437225827293559,337,0.9982227371168955,0.9984588997836928,0.9979374189122844,0.9982512781202892,0.9981868681653463,0.9982114404197017,0.00016651869372167125
6.461540412902832,2.3044308116011614,0.016549015045166017,0.01360122502304154,0.02,squared_error,12,500,0.2,"{'model__learning_rate': 0.02, 'model__loss': 'squared_error', 'model__max_depth': 12, 'model__n_estimators': 500, 'model__subsample': 0.2}",-0.3704543313896569,-0.17904133437721215,-0.49252875361348325,-0.40294130784138016,-0.27409087762622675,-0.3438113209695918,0.1080121926687356,510,0.9551170282460824,0.950774475809953,0.933385864146563,0.9494192817292526,0.9370635856753884,0.945152047121448,0.008402239162658426
19.472861337661744,9.373941934149148,0.027736425399780273,0.01633326692387451,0.02,squared_error,12,500,0.4,"{'model__learning_rate': 0.02, 'model__loss': 'squared_error', 'model__max_depth': 12, 'model__n_estimators': 500, 'model__subsample': 0.4}",-0.2271792213762125,-0.18446661472814108,-0.2958721126145185,-0.31505659420944565,-0.24421820458967702,-0.25335854950359893,0.04717849843384922,439,0.9988375474907756,0.998261321928737,0.99834228354378,0.9986765414399078,0.9980632208342249,0.9984361830474852,0.00028190775559098916
40.057023239135745,16.255940202934745,0.025194358825683594,0.01616583688156623,0.02,squared_error,12,500,0.6000000000000001,"{'model__learning_rate': 0.02, 'model__loss': 'squared_error', 'model__max_depth': 12, 'model__n_estimators': 500, 'model__subsample': 0.6000000000000001}",-0.20460866073883,-0.11331494662003583,-0.11070460280483196,-0.36494598577114434,-0.32658743472608553,-0.22403232613218554,0.10569105879823759,413,0.9999811412767569,0.9999691233258033,0.999971759559368,0.9999692748184451,0.9999743139890378,0.9999731225938822,4.435675405816341e-06
51.83478441238403,19.17023486391902,0.026951026916503907,0.014323601653086526,0.02,squared_error,12,500,0.8,"{'model__learning_rate': 0.02, 'model__loss': 'squared_error', 'model__max_depth': 12, 'model__n_estimators': 500, 'model__subsample': 0.8}",-0.14836419583854088,-0.14040433245936068,0.023664586631856777,-0.40723701372118914,-0.2405350357847793,-0.18257519823440266,0.14093679262244632,368,0.9999997917646104,0.9999998058977742,0.9999996411717237,0.9999997913105756,0.9999997562418949,0.9999997572773157,6.032108395609029e-08
15.173295545578004,7.556468499780577,0.020221614837646486,0.012935201717994664,0.02,squared_error,12,1000,0.2,"{'model__learning_rate': 0.02, 'model__loss': 'squared_error', 'model__max_depth': 12, 'model__n_estimators': 1000, 'model__subsample': 0.2}",-0.3546317834130479,-0.19554398330489575,-0.5818117323488514,-0.43244664652226006,-0.34273135474379557,-0.38143310006657016,0.12611492980066336,543,0.996674038745596,0.9964924497927437,0.9944867154473823,0.9957621356060408,0.9937463264985863,0.9954323332180698,0.0011411626536547898
35.71760029792786,16.688268225170432,0.030751705169677734,0.014496927016618375,0.02,squared_error,12,1000,0.4,"{'model__learning_rate': 0.02, 'model__loss': 'squared_error', 'model__max_depth': 12, 'model__n_estimators': 1000, 'model__subsample': 0.4}",-0.2279847511396378,-0.1914028856971679,-0.29931565331097687,-0.31918552545669776,-0.2523189303943676,-0.25804154919976957,0.04651668185011273,444,0.9999973213677922,0.9999935469996535,0.999995883292883,0.9999944099916515,0.999994188687982,0.9999950700679923,1.361025655520332e-06
78.3674536705017,18.918030098640788,0.02994680404663086,0.015583022773768763,0.02,squared_error,12,1000,0.6000000000000001,"{'model__learning_rate': 0.02, 'model__loss': 'squared_error', 'model__max_depth': 12, 'model__n_estimators': 1000, 'model__subsample': 0.6000000000000001}",-0.20538225675491661,-0.11314867160922071,-0.11318014402293164,-0.36442114693065064,-0.32686511057119283,-0.2245994659777825,0.10508397644661999,414,0.9999999991104666,0.9999999984578074,0.9999999986668373,0.9999999980979348,0.9999999980135644,0.999999998469322,3.989623081559369e-10
96.97286739349366,33.675810955266655,0.03533015251159668,0.016239811155775417,0.02,squared_error,12,1000,0.8,"{'model__learning_rate': 0.02, 'model__loss': 'squared_error', 'model__max_depth': 12, 'model__n_estimators': 1000, 'model__subsample': 0.8}",-0.14853663100461034,-0.140407634456849,0.023537230664370967,-0.4074139580679832,-0.2406576321083851,-0.18269572499469133,0.14095745830233425,369,0.9999999999999247,0.9999999999998882,0.9999999999998268,0.9999999999998977,0.9999999999998341,0.9999999999998744,3.7828965884965026e-14
1.8485783100128175,0.8418343960559763,0.015516567230224609,0.01384860144390537,0.02,absolute_error,6,200,0.2,"{'model__learning_rate': 0.02, 'model__loss': 'absolute_error', 'model__max_depth': 6, 'model__n_estimators': 200, 'model__subsample': 0.2}",0.03448562251827536,-0.00376266753783816,0.07810550015437923,0.18128884115906785,0.10331191090242153,0.07868584143926116,0.06306436653122569,8,0.41869838328451825,0.43409011448340284,0.42807452613975827,0.4753941599393713,0.45496118130760455,0.44224367303093104,0.02040742859298084
5.499247884750366,2.0926053932045607,0.00877828598022461,0.002235434829264487,0.02,absolute_error,6,200,0.4,"{'model__learning_rate': 0.02, 'model__loss': 'absolute_error', 'model__max_depth': 6, 'model__n_estimators': 200, 'model__subsample': 0.4}",0.05369197112634927,-0.036741059798966136,0.09476476661954536,0.17798940491670845,0.08518364050718519,0.07497774467416443,0.06934156635320726,12,0.5655115515509337,0.5142856269376581,0.5820479843147377,0.5993947819352721,0.5674103544709803,0.5657300598419164,0.028456946376861983
10.752763652801514,2.8452736199571205,0.02143721580505371,0.01491446234996258,0.02,absolute_error,6,200,0.6000000000000001,"{'model__learning_rate': 0.02, 'model__loss': 'absolute_error', 'model__max_depth': 6, 'model__n_estimators': 200, 'model__subsample': 0.6000000000000001}",0.10645302002717638,0.017331187934001457,0.22225486157234764,0.10706058185612632,0.028359613741752887,0.09629185302628093,0.07339682571260532,1,0.7206479568437874,0.6670873521621106,0.6740622067439532,0.6266529363624723,0.7528522531593875,0.6882605410543422,0.04396914271419186
15.00934910774231,4.035881412746869,0.025023269653320312,0.019840425398972773,0.02,absolute_error,6,200,0.8,"{'model__learning_rate': 0.02, 'model__loss': 'absolute_error', 'model__max_depth': 6, 'model__n_estimators': 200, 'model__subsample': 0.8}",0.13084453895489523,-0.051803123120436334,0.07824354910734277,0.07585651205763544,0.030593698567188632,0.052747035113325146,0.06116346321718833,54,0.7472625025627835,0.7262993806449667,0.7245418505218646,0.765482998448849,0.8282765991050103,0.7583726662566947,0.03803622518617117
7.9799134731292725,2.1301709742771515,0.01627197265625,0.015757089961041103,0.02,absolute_error,6,500,0.2,"{'model__learning_rate': 0.02, 'model__loss': 'absolute_error', 'model__max_depth': 6, 'model__n_estimators': 500, 'model__subsample': 0.2}",0.1178723967049804,-0.007235512069801331,-0.05764537925630231,0.16983945290711766,0.13779848347191115,0.07212588835158111,0.08842215474406324,18,0.5881842761094986,0.6209685828601041,0.5787980888002093,0.6710543800291975,0.6546096251126745,0.6227229905823368,0.03599466184866044
18.19595351219177,1.5235518823514649,0.029950761795043947,0.016264207391471545,0.02,absolute_error,6,500,0.4,"{'model__learning_rate': 0.02, 'model__loss': 'absolute_error', 'model__max_depth': 6, 'model__n_estimators': 500, 'model__subsample': 0.4}",0.046269779787681764,0.022166272957918953,0.06327778714022114,0.16418563498465188,0.05903217937789196,0.07098633084967314,0.048749850509984836,23,0.7320110958297811,0.752068763777945,0.7417203409932279,0.7720631842237304,0.791768856138889,0.7579264481927147,0.021511446936759996
25.323110628128052,6.689526524113865,0.011498689651489258,0.003891458798811075,0.02,absolute_error,6,500,0.6000000000000001,"{'model__learning_rate': 0.02, 'model__loss': 'absolute_error', 'model__max_depth': 6, 'model__n_estimators': 500, 'model__subsample': 0.6000000000000001}",0.0885813228019684,-0.01763365038684017,0.19740675568917676,0.01992124691307129,-0.00560716399412553,0.05653370220465015,0.0794670025971112,49,0.7869715089295203,0.7534965370666464,0.7943433371383701,0.8718032060256664,0.8888006319884008,0.8190830442297209,0.052124372861136234
34.591786813735965,9.696217724465304,0.02429485321044922,0.01790684910649605,0.02,absolute_error,6,500,0.8,"{'model__learning_rate': 0.02, 'model__loss': 'absolute_error', 'model__max_depth': 6, 'model__n_estimators': 500, 'model__subsample': 0.8}",0.1470649271678175,-0.10614214624205154,0.04801526028240455,0.09072425755255586,-0.005584316974767578,0.03481559635719176,0.08648833445931794,96,0.8441355190380774,0.87379991046516,0.8294180757914704,0.864267468411386,0.9447626747690658,0.8712767296950318,0.03986093960485231
7.489099454879761,0.1186901297045668,0.011870861053466797,0.002686327027968846,0.02,absolute_error,6,1000,0.2,"{'model__learning_rate': 0.02, 'model__loss': 'absolute_error', 'model__max_depth': 6, 'model__n_estimators': 1000, 'model__subsample': 0.2}",0.12230442647987194,-0.016170194118606984,-0.08922062937353226,0.13171777644984872,0.10436192297882751,0.050598660483281786,0.08788632431434594,59,0.7553272627787861,0.7571821337005401,0.7077559654201004,0.7782471500764522,0.7633118298842714,0.7523648683720301,0.023713559500921307
28.053485488891603,10.100234326010414,0.017532873153686523,0.014595781048356895,0.02,absolute_error,6,1000,0.4,"{'model__learning_rate': 0.02, 'model__loss': 'absolute_error', 'model__max_depth': 6, 'model__n_estimators': 1000, 'model__subsample': 0.4}",0.07875896833537332,0.021233198652406138,0.017641535334712688,0.1660875822625545,0.026347300789330896,0.062013717074875505,0.056596479220392404,43,0.8345459480181143,0.8379419713777968,0.8803288979387796,0.8660232116944562,0.8882447089839587,0.8614169476026211,0.02177950156712348
46.61689252853394,14.26899136078147,0.025203990936279296,0.01766197199385293,0.02,absolute_error,6,1000,0.6000000000000001,"{'model__learning_rate': 0.02, 'model__loss': 'absolute_error', 'model__max_depth': 6, 'model__n_estimators': 1000, 'model__subsample': 0.6000000000000001}",0.11695370864193211,0.006833198969100063,0.21623139661326796,0.011933774557636223,-0.03518344370681126,0.06335372701502502,0.09142504635751512,39,0.9194554477402287,0.9159418990307416,0.915479148810769,0.9177345623162743,0.9642932582464058,0.9265808632288838,0.0189086696830356
56.75169878005981,23.69262985864441,0.013329505920410156,0.0024717408544099317,0.02,absolute_error,6,1000,0.8,"{'model__learning_rate': 0.02, 'model__loss': 'absolute_error', 'model__max_depth': 6, 'model__n_estimators': 1000, 'model__subsample': 0.8}",0.08538415039054659,-0.1425066951807923,0.10862019496135356,0.06291415591885241,-0.021315754653725927,0.01861921028724687,0.09173454694448008,139,0.9785074015995999,0.9868845294967258,0.9023345395390014,0.9223566869769368,0.9935601158480916,0.9567286546920712,0.03709554976241566
3.7160410404205324,0.0566559006662203,0.029445362091064454,0.018360908399947872,0.02,absolute_error,9,200,0.2,"{'model__learning_rate': 0.02, 'model__loss': 'absolute_error', 'model__max_depth': 9, 'model__n_estimators': 200, 'model__subsample': 0.2}",0.03448562251827536,-0.00376266753783816,0.07810550015437923,0.18128884115906785,0.10331191090242153,0.07868584143926116,0.06306436653122569,8,0.41869838328451825,0.43409011448340284,0.42807452613975827,0.4753941599393713,0.45496118130760455,0.44224367303093104,0.02040742859298084
7.449210214614868,0.4322392069762009,0.04061832427978516,0.0009895037157546913,0.02,absolute_error,9,200,0.4,"{'model__learning_rate': 0.02, 'model__loss': 'absolute_error', 'model__max_depth': 9, 'model__n_estimators': 200, 'model__subsample': 0.4}",0.06555169771644143,-0.036741059798966136,0.07782736001884005,0.15712672294642493,0.07690325973418255,0.06813359612338457,0.06179969633301503,30,0.5697889826123961,0.5142856269376581,0.5745458053490605,0.577681122790423,0.5342886253048692,0.5541180325988814,0.02528998903766405
12.560296964645385,0.75456046012955,0.014876508712768554,0.01264546748718319,0.02,absolute_error,9,200,0.6000000000000001,"{'model__learning_rate': 0.02, 'model__loss': 'absolute_error', 'model__max_depth': 9, 'model__n_estimators': 200, 'model__subsample': 0.6000000000000001}",0.07267874138006958,-0.0002343162537810084,0.15143174806385962,0.09630882050644407,0.06367759919924765,0.07677251857916798,0.049140525387002316,11,0.6963279368732396,0.6892489713226737,0.7173871155085978,0.6306200627307899,0.703968682996339,0.6875105538863281,0.029935848977472833
14.29773964881897,4.790754368367077,0.02897634506225586,0.016544155594107417,0.02,absolute_error,9,200,0.8,"{'model__learning_rate': 0.02, 'model__loss': 'absolute_error', 'model__max_depth': 9, 'model__n_estimators': 200, 'model__subsample': 0.8}",0.09164075303763031,-0.06667765167409878,0.11129962201304922,0.0489641118433326,-0.007139571733830508,0.03561745269721657,0.06532531784887177,92,0.7607882035312586,0.7200466373811087,0.7690358412394738,0.7536975083248383,0.8335829896000277,0.7674302360153413,0.03703153953009021
8.134919214248658,2.167368940812826,0.03151535987854004,0.015589590468704144,0.02,absolute_error,9,500,0.2,"{'model__learning_rate': 0.02, 'model__loss': 'absolute_error', 'model__max_depth': 9, 'model__n_estimators': 500, 'model__subsample': 0.2}",0.1178723967049804,-0.007235512069801331,-0.05764537925630231,0.16983945290711766,0.13779848347191115,0.07212588835158111,0.08842215474406324,18,0.5881842761094986,0.6209685828601041,0.5787980888002093,0.6710543800291975,0.6546096251126745,0.6227229905823368,0.03599466184866044
10.38739218711853,4.5637937793775185,0.016446542739868165,0.01239096853383766,0.02,absolute_error,9,500,0.4,"{'model__learning_rate': 0.02, 'model__loss': 'absolute_error', 'model__max_depth': 9, 'model__n_estimators': 500, 'model__subsample': 0.4}",0.10984472345935914,-0.01050778836288635,0.1229978333464059,0.12480261743717558,0.07402907216551147,0.08423329160911315,0.050763182848161885,2,0.7327338617802357,0.7337730863698642,0.7699643120168619,0.8223060072652678,0.7776301883688039,0.7672814911602066,0.03304040653996118
28.02453980445862,6.557093238595981,0.024564218521118165,0.018324060444930082,0.02,absolute_error,9,500,0.6000000000000001,"{'model__learning_rate': 0.02, 'model__loss': 'absolute_error', 'model__max_depth': 9, 'model__n_estimators': 500, 'model__subsample': 0.6000000000000001}",0.06509832689457529,-0.012244017639371219,0.09359096671066314,0.123320969772031,0.054208587004995756,0.06479496654857879,0.045390904865838105,38,0.7603036372851228,0.8262441824265434,0.7954777877334812,0.7671607121957817,0.9225283876886929,0.8143429414659245,0.05890336746132003
33.0229820728302,11.682478472908363,0.02457871437072754,0.016813884697932883,0.02,absolute_error,9,500,0.8,"{'model__learning_rate': 0.02, 'model__loss': 'absolute_error', 'model__max_depth': 9, 'model__n_estimators': 500, 'model__subsample': 0.8}",0.10464576778174761,-0.08062524428299422,0.12403087079596553,0.030567672280669922,-0.008393620790784206,0.03404508915692093,0.07489234756749702,99,0.8471969094831435,0.8766896284554946,0.9043436547648219,0.88812521124762,0.8829986548393964,0.8798708117580952,0.01873255121537716
16.06363501548767,4.224482950473003,0.023155832290649415,0.015703460610451893,0.02,absolute_error,9,1000,0.2,"{'model__learning_rate': 0.02, 'model__loss': 'absolute_error', 'model__max_depth': 9, 'model__n_estimators': 1000, 'model__subsample': 0.2}",0.12230442647987194,-0.016170194118606984,-0.08922062937353226,0.13171777644984872,0.10436192297882751,0.050598660483281786,0.08788632431434594,59,0.7553272627787861,0.7571821337005401,0.7077559654201004,0.7782471500764522,0.7633118298842714,0.7523648683720301,0.023713559500921307
29.697881603240965,9.098086717406572,0.032052469253540036,0.01809594001403128,0.02,absolute_error,9,1000,0.4,"{'model__learning_rate': 0.02, 'model__loss': 'absolute_error', 'model__max_depth': 9, 'model__n_estimators': 1000, 'model__subsample': 0.4}",0.10271238153797779,-0.012270920554175557,0.1063104151723927,0.11879777355129395,0.05511145857328059,0.0741322216561539,0.048320938763665985,14,0.8117426963138183,0.8450277083101769,0.8757354177669233,0.8915350391725592,0.8637895981223999,0.8575660919371755,0.027494510204976702
55.949973344802856,10.50137237742656,0.019236421585083006,0.012717018729350521,0.02,absolute_error,9,1000,0.6000000000000001,"{'model__learning_rate': 0.02, 'model__loss': 'absolute_error', 'model__max_depth': 9, 'model__n_estimators': 1000, 'model__subsample': 0.6000000000000001}",0.02805816033979025,0.0099904740037553,0.094941795541019,0.07425479671569124,0.04117032954724387,0.049683111229499935,0.03087953249687801,65,0.8911420925861774,0.899675425913894,0.9253021229967606,0.8571407588267279,0.9568149569598308,0.9060150714566781,0.033474509004267204
67.55816450119019,22.918540155866843,0.013985109329223634,0.0038264150131806954,0.02,absolute_error,9,1000,0.8,"{'model__learning_rate': 0.02, 'model__loss': 'absolute_error', 'model__max_depth': 9, 'model__n_estimators': 1000, 'model__subsample': 0.8}",0.1117928211843503,-0.08432330575610947,0.11400109626886668,-0.018542627761375385,-0.08890662057838727,0.006804272671468969,0.09013437779951176,161,0.9341085668248994,0.9346822184753356,0.9571024304673041,0.9637363190210665,0.991113266443089,0.9561485602463389,0.021107248850068396
2.37469277381897,1.1019315138087697,0.014645195007324219,0.012650325224086536,0.02,absolute_error,12,200,0.2,"{'model__learning_rate': 0.02, 'model__loss': 'absolute_error', 'model__max_depth': 12, 'model__n_estimators': 200, 'model__subsample': 0.2}",0.03448562251827536,-0.00376266753783816,0.07810550015437923,0.18128884115906785,0.10331191090242153,0.07868584143926116,0.06306436653122569,8,0.41869838328451825,0.43409011448340284,0.42807452613975827,0.4753941599393713,0.45496118130760455,0.44224367303093104,0.02040742859298084
5.879040288925171,2.266407542266205,0.01519184112548828,0.014660832525997591,0.02,absolute_error,12,200,0.4,"{'model__learning_rate': 0.02, 'model__loss': 'absolute_error', 'model__max_depth': 12, 'model__n_estimators': 200, 'model__subsample': 0.4}",0.06555169771644143,-0.036741059798966136,0.07782736001884005,0.15712672294642493,0.07690325973418255,0.06813359612338457,0.06179969633301503,30,0.5697889826123961,0.5142856269376581,0.5745458053490605,0.577681122790423,0.5342886253048692,0.5541180325988814,0.02528998903766405
9.737892723083496,3.747485786904891,0.01607069969177246,0.013672124540284708,0.02,absolute_error,12,200,0.6000000000000001,"{'model__learning_rate': 0.02, 'model__loss': 'absolute_error', 'model__max_depth': 12, 'model__n_estimators': 200, 'model__subsample': 0.6000000000000001}",0.047354446668638195,-0.0065943244104298415,0.1519015763537247,0.08962940260652386,0.06367759919924765,0.06919374008354091,0.05197964168808522,25,0.6973737554859735,0.6997501554228291,0.7173306803667334,0.6700214520073442,0.703968682996339,0.6976889452558439,0.015460083950968954
14.0056706905365,5.29003509933247,0.02907223701477051,0.01685473758406791,0.02,absolute_error,12,200,0.8,"{'model__learning_rate': 0.02, 'model__loss': 'absolute_error', 'model__max_depth': 12, 'model__n_estimators': 200, 'model__subsample': 0.8}",0.0783693969573116,-0.0593422002998758,0.1310928225919732,0.03221452005518999,-0.013360744081741815,0.03379475904457143,0.06686470420395896,102,0.729648219328489,0.7560625013124068,0.7380125691960178,0.7783979177820445,0.8137266947822934,0.7631695804802503,0.030314984770066694
5.942193269729614,2.590533348879076,0.014809274673461914,0.012873921981728707,0.02,absolute_error,12,500,0.2,"{'model__learning_rate': 0.02, 'model__loss': 'absolute_error', 'model__max_depth': 12, 'model__n_estimators': 500, 'model__subsample': 0.2}",0.1178723967049804,-0.007235512069801331,-0.05764537925630231,0.16983945290711766,0.13779848347191115,0.07212588835158111,0.08842215474406324,18,0.5881842761094986,0.6209685828601041,0.5787980888002093,0.6710543800291975,0.6546096251126745,0.6227229905823368,0.03599466184866044
8.0714195728302,0.10443209101542845,0.0093902587890625,0.0005033970263077234,0.02,absolute_error,12,500,0.4,"{'model__learning_rate': 0.02, 'model__loss': 'absolute_error', 'model__max_depth': 12, 'model__n_estimators': 500, 'model__subsample': 0.4}",0.10984472345935914,-0.01050778836288635,0.1229978333464059,0.12480261743717558,0.07402907216551147,0.08423329160911315,0.050763182848161885,2,0.7327338617802357,0.7337730863698642,0.7699643120168619,0.8223060072652678,0.7776301883688039,0.7672814911602066,0.03304040653996118
27.662554931640624,6.344927360080436,0.01706995964050293,0.015325747657739225,0.02,absolute_error,12,500,0.6000000000000001,"{'model__learning_rate': 0.02, 'model__loss': 'absolute_error', 'model__max_depth': 12, 'model__n_estimators': 500, 'model__subsample': 0.6000000000000001}",0.030824774725834447,-0.02107386301132519,0.09537849712888802,0.0246094123744508,0.051111027309516666,0.03616996970547295,0.03786280206550915,89,0.770702099984226,0.7963083249619621,0.8091808292067125,0.8951825482755125,0.9199612308404433,0.8382670066537713,0.05845490303579179
36.33182878494263,9.173316529347755,0.030925941467285157,0.017355213050186766,0.02,absolute_error,12,500,0.8,"{'model__learning_rate': 0.02, 'model__loss': 'absolute_error', 'model__max_depth': 12, 'model__n_estimators': 500, 'model__subsample': 0.8}",0.09255215155480168,-0.07306320011265854,0.07663321313619953,0.04224739504246522,-0.03756247956065595,0.020161416012030385,0.06471499069654817,136,0.8693832944832175,0.8782949950070729,0.8969099685371177,0.8452863906872268,0.9030746990142897,0.8785898695457849,0.020635418971335143
13.799962472915649,5.150660367184329,0.010753536224365234,0.0014995877914381387,0.02,absolute_error,12,1000,0.2,"{'model__learning_rate': 0.02, 'model__loss': 'absolute_error', 'model__max_depth': 12, 'model__n_estimators': 1000, 'model__subsample': 0.2}",0.12230442647987194,-0.016170194118606984,-0.08922062937353226,0.13171777644984872,0.10436192297882751,0.050598660483281786,0.08788632431434594,59,0.7553272627787861,0.7571821337005401,0.7077559654201004,0.7782471500764522,0.7633118298842714,0.7523648683720301,0.023713559500921307
29.997645330429076,8.243626441136769,0.024440670013427736,0.017483456623746514,0.02,absolute_error,12,1000,0.4,"{'model__learning_rate': 0.02, 'model__loss': 'absolute_error', 'model__max_depth': 12, 'model__n_estimators': 1000, 'model__subsample': 0.4}",0.10271238153797779,-0.012270920554175557,0.1063104151723927,0.11879777355129395,0.05511145857328059,0.0741322216561539,0.048320938763665985,14,0.8117426963138183,0.8450277083101769,0.8757354177669233,0.8915350391725592,0.8637895981223999,0.8575660919371755,0.027494510204976702
57.046374225616454,10.154876832293887,0.01738109588623047,0.013078390037432752,0.02,absolute_error,12,1000,0.6000000000000001,"{'model__learning_rate': 0.02, 'model__loss': 'absolute_error', 'model__max_depth': 12, 'model__n_estimators': 1000, 'model__subsample': 0.6000000000000001}",0.10400137055617342,-0.02374476721697749,0.0510808732477156,-0.011413379168686566,0.041760777271817484,0.03233697493800849,0.046119806290113016,107,0.9188047633203437,0.9302864071042074,0.9110207032148772,0.9514854724583415,0.9542779452154535,0.9331750582626446,0.017241045418346354
60.858969116210936,22.587260467896677,0.033089208602905276,0.01658256501346475,0.02,absolute_error,12,1000,0.8,"{'model__learning_rate': 0.02, 'model__loss': 'absolute_error', 'model__max_depth': 12, 'model__n_estimators': 1000, 'model__subsample': 0.8}",0.12418563586526077,-0.0752489814640338,0.02311774803544342,0.02813748103249869,-0.06855710088908085,0.006326956516017645,0.07336287026589927,164,0.9350899238186439,0.9374051134320126,0.9462323755374965,0.9258917722183783,0.9770980834451009,0.9443434536903265,0.01761060320310219
2.850597286224365,1.3835064044065404,0.022490549087524413,0.016513084104285383,0.04,squared_error,6,200,0.2,"{'model__learning_rate': 0.04, 'model__loss': 'squared_error', 'model__max_depth': 6, 'model__n_estimators': 200, 'model__subsample': 0.2}",-0.5540134244972734,-0.0603660601295013,-0.6354148215103907,-0.31955250694644266,-0.28211188596618,-0.3702917398099576,0.20515749519603754,523,0.9103529207383608,0.8980692995186732,0.8812175029976402,0.8951436232342463,0.8979486576743213,0.8965464008326485,0.009293529258483504
6.580795621871948,2.755679352503732,0.007957935333251953,0.0005885212796672147,0.04,squared_error,6,200,0.4,"{'model__learning_rate': 0.04, 'model__loss': 'squared_error', 'model__max_depth': 6, 'model__n_estimators': 200, 'model__subsample': 0.4}",-0.2674505236874669,-0.09978882271943967,-0.1282577263298288,-0.38576636291863076,-0.331580298517713,-0.24256874683461582,0.11180414352224519,430,0.9932635763297162,0.9938764019314675,0.9932880766684763,0.9939118289342572,0.9919969955985941,0.9932673758925021,0.0006928984758416496
10.040067291259765,4.034335986777227,0.022524118423461914,0.01672456829102466,0.04,squared_error,6,200,0.6000000000000001,"{'model__learning_rate': 0.04, 'model__loss': 'squared_error', 'model__max_depth': 6, 'model__n_estimators': 200, 'model__subsample': 0.6000000000000001}",0.0007853392637015011,-0.09317910254608064,-0.1459475279524043,-0.34644870299754293,-0.24413117860913092,-0.16578423456829144,0.12015682822483426,338,0.9996624390941992,0.9996523173079078,0.9994940962605212,0.9994813610367416,0.9995215751520706,0.9995623577702881,7.873031984449192e-05
11.72640266418457,5.083395764589265,0.022718048095703124,0.016416557059685807,0.04,squared_error,6,200,0.8,"{'model__learning_rate': 0.04, 'model__loss': 'squared_error', 'model__max_depth': 6, 'model__n_estimators': 200, 'model__subsample': 0.8}",-0.11274359461945993,-0.15392242399706868,0.07713572010589886,-0.22142943290958828,-0.2080499238683311,-0.12380193105770983,0.10773516043084226,282,0.9999774495412606,0.9999793327433046,0.9999762713947501,0.9999666467314128,0.9999791096453172,0.9999757620112091,4.693662468725149e-06
8.692162990570068,3.075299459458723,0.029637527465820313,0.015970382413926003,0.04,squared_error,6,500,0.2,"{'model__learning_rate': 0.04, 'model__loss': 'squared_error', 'model__max_depth': 6, 'model__n_estimators': 500, 'model__subsample': 0.2}",-0.6333661428484205,-0.13550772171029557,-0.7382187981044734,-0.3471050206117283,-0.49058968712936535,-0.4689574740808567,0.21262012199915808,581,0.9950470531346493,0.9957566310594128,0.9933658397536687,0.994659352069558,0.9943168362114714,0.9946291424457521,0.0007924974971563535
20.65182456970215,2.1676999577258678,0.02888660430908203,0.015853532808177424,0.04,squared_error,6,500,0.4,"{'model__learning_rate': 0.04, 'model__loss': 'squared_error', 'model__max_depth': 6, 'model__n_estimators': 500, 'model__subsample': 0.4}",-0.2509583679318339,-0.11057986776136275,-0.14271069458214303,-0.3817845445429455,-0.37024125839579236,-0.2512549466428155,0.11204208026022347,438,0.9999960208079824,0.9999932418776832,0.9999954761046519,0.9999961006945808,0.9999913765648082,0.9999944432099414,1.8520504290872915e-06
25.40710301399231,7.625665624095097,0.010074520111083984,0.0016247472311767225,0.04,squared_error,6,500,0.6000000000000001,"{'model__learning_rate': 0.04, 'model__loss': 'squared_error', 'model__max_depth': 6, 'model__n_estimators': 500, 'model__subsample': 0.6000000000000001}",-0.00016273382490239463,-0.09325685525406757,-0.14880169264326026,-0.3438898545030902,-0.24842690939765588,-0.16690760912459526,0.11960286174858815,345,0.9999999964803448,0.9999999952128248,0.9999999949278222,0.9999999948347844,0.999999995813947,0.9999999954539446,6.166687825220817e-10
32.30982151031494,11.544140718182517,0.02021946907043457,0.016815640800664503,0.04,squared_error,6,500,0.8,"{'model__learning_rate': 0.04, 'model__loss': 'squared_error', 'model__max_depth': 6, 'model__n_estimators': 500, 'model__subsample': 0.8}",-0.11284060588253375,-0.15458362342422682,0.07733536133333341,-0.22189154377174858,-0.20875465802056392,-0.12414701395314794,0.1080387117238396,283,0.999999999995202,0.9999999999950963,0.9999999999941991,0.9999999999916067,0.9999999999962208,0.9999999999944649,1.5662008074803461e-12
17.955541038513182,5.505529742557943,0.03468070030212402,0.017332644526234463,0.04,squared_error,6,1000,0.2,"{'model__learning_rate': 0.04, 'model__loss': 'squared_error', 'model__max_depth': 6, 'model__n_estimators': 1000, 'model__subsample': 0.2}",-0.6340322285507343,-0.14640483547983085,-0.7242122327883018,-0.3621564318529078,-0.5092942285709388,-0.4752199914485427,0.20458850986281552,582,0.999961543700498,0.9999727939182586,0.9999639950587759,0.9999500258576673,0.9999382798558828,0.9999573276782165,1.1979728773456277e-05
35.90242853164673,6.102944324784264,0.02603039741516113,0.01879622872533575,0.04,squared_error,6,1000,0.4,"{'model__learning_rate': 0.04, 'model__loss': 'squared_error', 'model__max_depth': 6, 'model__n_estimators': 1000, 'model__subsample': 0.4}",-0.2506406737413165,-0.11043583001400337,-0.14246857758391496,-0.38176259873311325,-0.37006516692304836,-0.2510745693990793,0.11208285154272726,437,0.9999999999608247,0.9999999999237925,0.9999999999263912,0.9999999999577747,0.9999999998046679,0.9999999999146902,5.71127470097983e-11
53.82600154876709,9.911561023543184,0.01702718734741211,0.01402052415625055,0.04,squared_error,6,1000,0.6000000000000001,"{'model__learning_rate': 0.04, 'model__loss': 'squared_error', 'model__max_depth': 6, 'model__n_estimators': 1000, 'model__subsample': 0.6000000000000001}",-0.00015127258178515568,-0.09326460143241544,-0.14880998019248048,-0.3438943564364121,-0.24843067287852172,-0.16691017670432298,0.11960669809586355,346,0.9999999999999993,0.9999999999999992,0.9999999999999993,0.9999999999999992,0.9999999999999992,0.9999999999999993,8.599750569898517e-17
48.27618517875671,11.987820154592875,0.02379293441772461,0.015606847326108309,0.04,squared_error,6,1000,0.8,"{'model__learning_rate': 0.04, 'model__loss': 'squared_error', 'model__max_depth': 6, 'model__n_estimators': 1000, 'model__subsample': 0.8}",-0.11284017305596405,-0.15458363437922396,0.07733516260428819,-0.22189159347982312,-0.20875507940173055,-0.1241470635424907,0.10803872227136249,284,0.9999999999999993,0.9999999999999993,0.9999999999999994,0.9999999999999993,0.9999999999999992,0.9999999999999993,7.021666937153402e-17
5.167688512802124,0.04635772593303474,0.023120689392089843,0.01830848192787854,0.04,squared_error,9,200,0.2,"{'model__learning_rate': 0.04, 'model__loss': 'squared_error', 'model__max_depth': 9, 'model__n_estimators': 200, 'model__subsample': 0.2}",-0.4652728161387032,-0.19179192614596863,-0.4087315105346436,-0.27543339017647717,-0.30069738261070733,-0.3283854051213,0.09738786467110543,501,0.9106262382642227,0.8952381766961396,0.8820430948397103,0.8936716552869362,0.8818006344694284,0.8926759599112873,0.010593388317042245
9.880392026901244,2.3249394698164134,0.016213130950927735,0.014752311070569782,0.04,squared_error,9,200,0.4,"{'model__learning_rate': 0.04, 'model__loss': 'squared_error', 'model__max_depth': 9, 'model__n_estimators': 200, 'model__subsample': 0.4}",-0.04281837683533607,-0.2679347855339125,-0.32217227830631834,-0.2617359133541426,-0.37394354288902965,-0.2537209793837478,0.11303559113260409,440,0.9951362046054427,0.9948814809873442,0.9936995393941116,0.9949316068096867,0.9938419827614023,0.9944981629115975,0.0006017101420553763
13.528410482406617,5.5747362748490445,0.015383005142211914,0.013055122745693945,0.04,squared_error,9,200,0.6000000000000001,"{'model__learning_rate': 0.04, 'model__loss': 'squared_error', 'model__max_depth': 9, 'model__n_estimators': 200, 'model__subsample': 0.6000000000000001}",-0.13614404655614254,-0.13617783820523988,0.07898242215750484,-0.3180965276040679,-0.26937742630598827,-0.15616268330278676,0.13793731071481075,324,0.9998223691896582,0.9997796574455378,0.9996926484076148,0.9997341358737072,0.9997520687472466,0.999756175932753,4.352311645109858e-05
15.2118745803833,7.480676538760296,0.00865035057067871,0.0003693040344845839,0.04,squared_error,9,200,0.8,"{'model__learning_rate': 0.04, 'model__loss': 'squared_error', 'model__max_depth': 9, 'model__n_estimators': 200, 'model__subsample': 0.8}",-0.12320790751176736,-0.08520136370344256,0.05520173041497911,-0.4196795718360995,-0.2117766988401355,-0.15693276229529315,0.15705256805997464,325,0.9999934880475715,0.9999938946352759,0.9999907721314628,0.9999928528547625,0.9999939200526148,0.9999929855443375,1.1720976607669955e-06
6.003948068618774,3.0062510970395784,0.017296504974365235,0.013114593694632914,0.04,squared_error,9,500,0.2,"{'model__learning_rate': 0.04, 'model__loss': 'squared_error', 'model__max_depth': 9, 'model__n_estimators': 500, 'model__subsample': 0.2}",-0.6064056292171096,-0.27661719336492196,-0.3674078579091453,-0.3132387119887774,-0.3816223436185422,-0.3890583472196993,0.11502652650180165,547,0.9963422077187335,0.9950877527076774,0.9943861937544213,0.9944821579132153,0.9936071094534509,0.9947810843094997,0.0009115551885452909
14.103681612014771,7.232124389580897,0.01803107261657715,0.013964915090266724,0.04,squared_error,9,500,0.4,"{'model__learning_rate': 0.04, 'model__loss': 'squared_error', 'model__max_depth': 9, 'model__n_estimators': 500, 'model__subsample': 0.4}",-0.05251068115196933,-0.2768431624433294,-0.32260768428957265,-0.2509769663631276,-0.40939566342804845,-0.2624668315352095,0.11800447854824686,446,0.9999966739619888,0.9999944654863983,0.9999954070549234,0.9999977136533315,0.9999932233581031,0.999995496702949,1.5836886673956026e-06
29.3124240398407,12.845398534888702,0.019120264053344726,0.012971801005799187,0.04,squared_error,9,500,0.6000000000000001,"{'model__learning_rate': 0.04, 'model__loss': 'squared_error', 'model__max_depth': 9, 'model__n_estimators': 500, 'model__subsample': 0.6000000000000001}",-0.13458841475452799,-0.1358983111939298,0.07873860320687742,-0.3185514505684508,-0.2756342386557453,-0.1571867623931553,0.13906331567085142,327,0.9999999985519425,0.9999999965423239,0.9999999984304535,0.9999999982813765,0.9999999976919183,0.999999997899603,7.400594303918117e-10
47.71573095321655,15.11745157640185,0.023618793487548827,0.01617673974295976,0.04,squared_error,9,500,0.8,"{'model__learning_rate': 0.04, 'model__loss': 'squared_error', 'model__max_depth': 9, 'model__n_estimators': 500, 'model__subsample': 0.8}",-0.12321595718063372,-0.08523854941793618,0.05476959961996808,-0.4202280975480295,-0.21245857326525952,-0.15727431555837817,0.15716344301669496,328,0.9999999999998767,0.9999999999997898,0.9999999999998055,0.9999999999998231,0.9999999999998122,0.9999999999998215,2.963488687056032e-14
19.598877716064454,6.1287431544613495,0.03184199333190918,0.016305444662046864,0.04,squared_error,9,1000,0.2,"{'model__learning_rate': 0.04, 'model__loss': 'squared_error', 'model__max_depth': 9, 'model__n_estimators': 1000, 'model__subsample': 0.2}",-0.6071651290989888,-0.2894988525413589,-0.39014324030090775,-0.3385773400938312,-0.38894931143877765,-0.4028667746947729,0.1087003393719778,555,0.9999773304216711,0.9999637086208458,0.9999382650018805,0.99995761625019,0.9999397644779824,0.999955336954514,1.4784763613861472e-05
29.548134756088256,10.479647867437214,0.021101045608520507,0.01251241388437057,0.04,squared_error,9,1000,0.4,"{'model__learning_rate': 0.04, 'model__loss': 'squared_error', 'model__max_depth': 9, 'model__n_estimators': 1000, 'model__subsample': 0.4}",-0.051941102190264044,-0.276754276974821,-0.3227682181185525,-0.251164589853466,-0.4094163513650062,-0.26240890770042197,0.11822297264632797,445,0.9999999999716197,0.9999999999292659,0.9999999999153537,0.999999999985193,0.9999999999381464,0.9999999999479158,2.628692085309172e-11
54.25175881385803,21.92920596529644,0.021175622940063477,0.01309256995882249,0.04,squared_error,9,1000,0.6000000000000001,"{'model__learning_rate': 0.04, 'model__loss': 'squared_error', 'model__max_depth': 9, 'model__n_estimators': 1000, 'model__subsample': 0.6000000000000001}",-0.13457973745560992,-0.13588839899643212,0.07874230913294655,-0.31855538872740374,-0.2756467050527831,-0.15718558421985646,0.13906819638152954,326,0.9999999999999993,0.9999999999999992,0.9999999999999994,0.9999999999999993,0.9999999999999992,0.9999999999999993,8.599750569898517e-17
54.09880304336548,21.867937009612312,0.022128582000732422,0.015128096393062132,0.04,squared_error,9,1000,0.8,"{'model__learning_rate': 0.04, 'model__loss': 'squared_error', 'model__max_depth': 9, 'model__n_estimators': 1000, 'model__subsample': 0.8}",-0.12321593287540011,-0.0852385415333421,0.05476954481368346,-0.4202281362354905,-0.21245860464543576,-0.157274334095197,0.15716344515349986,329,0.9999999999999993,0.9999999999999993,0.9999999999999994,0.9999999999999993,0.9999999999999992,0.9999999999999993,7.021666937153402e-17
3.1188937187194825,1.5206784980328487,0.02284970283508301,0.01625734982634961,0.04,squared_error,12,200,0.2,"{'model__learning_rate': 0.04, 'model__loss': 'squared_error', 'model__max_depth': 12, 'model__n_estimators': 200, 'model__subsample': 0.2}",-0.43555213066349574,-0.2702961293497652,-0.5144145813421803,-0.3808146188693049,-0.34610171676465984,-0.3894358353978812,0.082332059850604,548,0.9141689746508224,0.9082276431331788,0.8931891526989989,0.9086343543828921,0.9043388850135349,0.9057118019758853,0.007001373934472408
6.890913391113282,2.7837904062073036,0.016837024688720705,0.012414045554755004,0.04,squared_error,12,200,0.4,"{'model__learning_rate': 0.04, 'model__loss': 'squared_error', 'model__max_depth': 12, 'model__n_estimators': 200, 'model__subsample': 0.4}",-0.45555660952627486,-0.18125923839581448,-0.24097403811845686,-0.26733659577319147,-0.4374554801879784,-0.31651639240034324,0.10988925546155492,493,0.9953145262119174,0.9947647475166154,0.994122091760444,0.9944943253226443,0.9932860331973785,0.9943963448018,0.0006776997025585114
15.978298950195313,6.743146991565591,0.01644902229309082,0.012868065462770722,0.04,squared_error,12,200,0.6000000000000001,"{'model__learning_rate': 0.04, 'model__loss': 'squared_error', 'model__max_depth': 12, 'model__n_estimators': 200, 'model__subsample': 0.6000000000000001}",-0.31387877212665494,-0.14771263766021425,-0.06362680810689847,-0.3427723336604813,-0.31501697334165213,-0.23660150497918023,0.11064762360798237,424,0.9998328331821089,0.9998473674090012,0.9997493526829915,0.9997175735799331,0.9998111194399751,0.999791649258802,4.9911766710201665e-05
21.387370777130126,8.726028430585771,0.031536436080932616,0.01608780493324757,0.04,squared_error,12,200,0.8,"{'model__learning_rate': 0.04, 'model__loss': 'squared_error', 'model__max_depth': 12, 'model__n_estimators': 200, 'model__subsample': 0.8}",-0.14276531417419047,-0.1757437009391778,0.01338865600298944,-0.42583696779683566,-0.2670362268508575,-0.1995987107516144,0.1448407970050107,394,0.9999951990587127,0.999995890272732,0.9999922345925578,0.9999948950968097,0.9999955444291758,0.9999947526899977,1.3024043035877609e-06
4.687185907363892,0.056154510567755826,0.011471128463745118,0.001533425330946982,0.04,squared_error,12,500,0.2,"{'model__learning_rate': 0.04, 'model__loss': 'squared_error', 'model__max_depth': 12, 'model__n_estimators': 500, 'model__subsample': 0.2}",-0.5217602102419772,-0.3797378072599602,-0.4385746839482645,-0.4003008024585506,-0.5082927710242617,-0.4497332549866028,0.05671779786792408,579,0.9958513849332339,0.9959147418701106,0.9941565871433862,0.9952570808267962,0.9942128390956939,0.9950785267738442,0.0007652234719211134
18.563246393203734,8.80143662245322,0.01932663917541504,0.013139680080577443,0.04,squared_error,12,500,0.4,"{'model__learning_rate': 0.04, 'model__loss': 'squared_error', 'model__max_depth': 12, 'model__n_estimators': 500, 'model__subsample': 0.4}",-0.45722043218307684,-0.17619748344229458,-0.2501415994795675,-0.2720263579220421,-0.4612951435556847,-0.32337620331653316,0.11541022578834634,498,0.9999964172711785,0.9999927552596815,0.9999959419582072,0.9999964123698298,0.9999905821854935,0.9999944218088782,2.3569111412090476e-06
40.569957160949706,16.677820190112094,0.025332307815551756,0.01696809607512515,0.04,squared_error,12,500,0.6000000000000001,"{'model__learning_rate': 0.04, 'model__loss': 'squared_error', 'model__max_depth': 12, 'model__n_estimators': 500, 'model__subsample': 0.6000000000000001}",-0.31365620800395266,-0.14744595164069074,-0.06573365605032722,-0.34041128880358684,-0.31824098351899766,-0.23709761760351103,0.1100201861315865,425,0.9999999986375874,0.999999997356419,0.9999999982971262,0.9999999985137334,0.9999999981381208,0.9999999981885972,4.5036712735969574e-10
59.50030131340027,13.089675626648111,0.03238511085510254,0.016264047754706315,0.04,squared_error,12,500,0.8,"{'model__learning_rate': 0.04, 'model__loss': 'squared_error', 'model__max_depth': 12, 'model__n_estimators': 500, 'model__subsample': 0.8}",-0.14342990626910312,-0.17595279736659375,0.01344477192888438,-0.42636214509136616,-0.267738773018696,-0.20000776996337494,0.14502791174223637,395,0.9999999999999291,0.9999999999998624,0.9999999999996917,0.999999999999913,0.9999999999999095,0.9999999999998611,8.758173612366933e-14
16.530869340896608,4.809914304955146,0.0259521484375,0.016429362973276074,0.04,squared_error,12,1000,0.2,"{'model__learning_rate': 0.04, 'model__loss': 'squared_error', 'model__max_depth': 12, 'model__n_estimators': 1000, 'model__subsample': 0.2}",-0.5011894993919839,-0.390978952880511,-0.46312378123121345,-0.4141098843551847,-0.5287902174470918,-0.459638467061197,0.051589884696124175,580,0.9999758141544143,0.9999748607023623,0.9999276223316437,0.9999588295249257,0.999944637767902,0.9999563528962495,1.8385335030033712e-05
48.74824209213257,14.625673047910258,0.03704943656921387,0.014188647320661489,0.04,squared_error,12,1000,0.4,"{'model__learning_rate': 0.04, 'model__loss': 'squared_error', 'model__max_depth': 12, 'model__n_estimators': 1000, 'model__subsample': 0.4}",-0.45626406223515303,-0.17602714954416898,-0.2504951931414321,-0.2720054998673185,-0.461418327043871,-0.3232420463663887,0.11521897017879801,497,0.9999999999514774,0.9999999999109385,0.9999999999327194,0.9999999999648588,0.9999999998645581,0.9999999999249105,3.521439889858835e-11
73.62090845108033,19.908972112101317,0.02900390625,0.01784705635827805,0.04,squared_error,12,1000,0.6000000000000001,"{'model__learning_rate': 0.04, 'model__loss': 'squared_error', 'model__max_depth': 12, 'model__n_estimators': 1000, 'model__subsample': 0.6000000000000001}",-0.31364316659379643,-0.1474348071156406,-0.0657458061965619,-0.34041793726801806,-0.3182577058361893,-0.23709988460204126,0.11002011841392122,426,0.9999999999999993,0.9999999999999993,0.9999999999999993,0.9999999999999993,0.9999999999999992,0.9999999999999993,4.965068306494546e-17
57.518597507476805,17.17438955641858,0.0205172061920166,0.01275962627785892,0.04,squared_error,12,1000,0.8,"{'model__learning_rate': 0.04, 'model__loss': 'squared_error', 'model__max_depth': 12, 'model__n_estimators': 1000, 'model__subsample': 0.8}",-0.14342980512231196,-0.17595281768710036,0.013444652867111495,-0.42636215920280107,-0.2677387622202194,-0.20000777827306426,0.14502788730918284,396,0.9999999999999993,0.9999999999999993,0.9999999999999994,0.9999999999999993,0.9999999999999992,0.9999999999999993,7.021666937153402e-17
3.7192373752593992,0.03039504241073896,0.028827428817749023,0.01705382885487261,0.04,absolute_error,6,200,0.2,"{'model__learning_rate': 0.04, 'model__loss': 'absolute_error', 'model__max_depth': 6, 'model__n_estimators': 200, 'model__subsample': 0.2}",0.0987546676759854,-0.015301287801209762,0.07500509285051915,0.13220514914579484,0.051164487890379085,0.06836562195229375,0.04967714304750552,27,0.6047784238604792,0.5710191679347889,0.555849850597959,0.5793865188865834,0.5862599912947182,0.5794587905149058,0.016223160365888493
7.283838558197021,0.6972061161737307,0.027443790435791017,0.01613260356343488,0.04,absolute_error,6,200,0.4,"{'model__learning_rate': 0.04, 'model__loss': 'absolute_error', 'model__max_depth': 6, 'model__n_estimators': 200, 'model__subsample': 0.4}",0.03490811508697145,0.03951943228615151,0.14120849232287924,0.09883578010737559,0.10150610620553013,0.08319558520178158,0.04045905182367222,4,0.6962315688527553,0.6520983284572374,0.6335813406957992,0.7353366454960659,0.700747899030815,0.6835991565065346,0.036399200664462214
12.612280654907227,0.06551119898713498,0.028619766235351562,0.016639206707670884,0.04,absolute_error,6,200,0.6000000000000001,"{'model__learning_rate': 0.04, 'model__loss': 'absolute_error', 'model__max_depth': 6, 'model__n_estimators': 200, 'model__subsample': 0.6000000000000001}",0.05682404259357532,-0.042486878207571355,0.08870672351628395,0.10168972917657992,0.04518238157311949,0.049983199730397464,0.05058386458481997,64,0.7807427329042181,0.6402197518669857,0.7135526609894822,0.7399492440673321,0.8220913531932722,0.7393111486042582,0.06172868086516641
17.368135976791383,0.07419001432702751,0.02152867317199707,0.01677286577175929,0.04,absolute_error,6,200,0.8,"{'model__learning_rate': 0.04, 'model__loss': 'absolute_error', 'model__max_depth': 6, 'model__n_estimators': 200, 'model__subsample': 0.8}",0.05337752380825367,-0.0674639563117665,0.07898594386172142,0.09229575555370617,-0.00012080371378719867,0.03141489263962551,0.0586913425742407,109,0.6742542878083371,0.7327351502159565,0.8266468999151677,0.7385896079623191,0.8716599529886415,0.7687771797780842,0.07082183847607049
5.865601825714111,2.539776497475466,0.01636672019958496,0.014493408365383622,0.04,absolute_error,6,500,0.2,"{'model__learning_rate': 0.04, 'model__loss': 'absolute_error', 'model__max_depth': 6, 'model__n_estimators': 500, 'model__subsample': 0.2}",0.045606679551985496,-0.03654486543190627,-0.07381643497430912,0.10162098201057446,-0.02733167077446752,0.0019069380763754086,0.06311897437299145,174,0.7816303331735575,0.7785095598831567,0.6966842725077644,0.7852300228719273,0.7527386898422637,0.7589585756557339,0.0331759380399077
14.803189277648926,3.343058875086974,0.02351555824279785,0.01634830051383865,0.04,absolute_error,6,500,0.4,"{'model__learning_rate': 0.04, 'model__loss': 'absolute_error', 'model__max_depth': 6, 'model__n_estimators': 500, 'model__subsample': 0.4}",-0.005325832802111519,0.032234598009960536,0.0998763332061281,0.08425369787237913,0.12119266746193014,0.06644629274965727,0.046375672263469475,37,0.8414261186361139,0.8334265306013501,0.8131615509579662,0.8488145506687496,0.8873681375111638,0.8448393776750688,0.02437164555232091
29.74658842086792,3.8185223259472862,0.029622316360473633,0.016556914588819114,0.04,absolute_error,6,500,0.6000000000000001,"{'model__learning_rate': 0.04, 'model__loss': 'absolute_error', 'model__max_depth': 6, 'model__n_estimators': 500, 'model__subsample': 0.6000000000000001}",0.05500707462595489,-0.04361045713093836,0.1240275857734825,0.0977169604327649,0.019018149917784943,0.05043186272380977,0.059167428128018645,62,0.8708576983264464,0.8476961497977052,0.8652460907694943,0.9151695246550626,0.939834244345357,0.8877607415788132,0.03423648628858374
34.3047417640686,2.878943437978053,0.035419130325317384,0.012973916128263218,0.04,absolute_error,6,500,0.8,"{'model__learning_rate': 0.04, 'model__loss': 'absolute_error', 'model__max_depth': 6, 'model__n_estimators': 500, 'model__subsample': 0.8}",0.1315363878456589,-0.04505863218102646,0.10497673712186062,0.03885957763135439,-0.009242042849439747,0.04421440551368154,0.0665929889002403,74,0.9007100289297256,0.8979750362541407,0.908494631782931,0.9097790128100653,0.9370764174902242,0.9108070254534173,0.01387871909129545
16.378004217147826,2.605370711086461,0.030342864990234374,0.016032128507523526,0.04,absolute_error,6,1000,0.2,"{'model__learning_rate': 0.04, 'model__loss': 'absolute_error', 'model__max_depth': 6, 'model__n_estimators': 1000, 'model__subsample': 0.2}",0.008643570618877772,-0.03094126686037213,-0.06099001042242724,0.08668570921717267,-0.015151193340105173,-0.002350638157370821,0.04993635553917626,183,0.8822792580409544,0.869021108533248,0.7983645143980218,0.8723961767836967,0.8195551169377324,0.8483232349387306,0.033119173832414646
31.05798144340515,9.181567468233467,0.016874361038208007,0.01247513558660911,0.04,absolute_error,6,1000,0.4,"{'model__learning_rate': 0.04, 'model__loss': 'absolute_error', 'model__max_depth': 6, 'model__n_estimators': 1000, 'model__subsample': 0.4}",-0.0559407921729822,0.021720436205677096,0.11499516032645685,0.08035660293160896,0.12164286572170102,0.05655485460249234,0.066463447091712,48,0.9121199216064763,0.9249489098499796,0.9018168327193484,0.9071281719240504,0.9442006780219201,0.918042902824355,0.015161929590328036
48.832808542251584,12.570642718962116,0.011641883850097656,0.0014301172953163261,0.04,absolute_error,6,1000,0.6000000000000001,"{'model__learning_rate': 0.04, 'model__loss': 'absolute_error', 'model__max_depth': 6, 'model__n_estimators': 1000, 'model__subsample': 0.6000000000000001}",0.0523915476577802,-0.05577581393719311,0.168129376925803,0.07232238112071987,0.00502731125717415,0.04841896060485682,0.0743735504207865,67,0.9464165624040098,0.9381310623909304,0.9465210496891739,0.9732841122690374,0.9638710377550936,0.953644764901649,0.01291471886536017
70.04297151565552,17.860253155788076,0.020652294158935547,0.015207960965984238,0.04,absolute_error,6,1000,0.8,"{'model__learning_rate': 0.04, 'model__loss': 'absolute_error', 'model__max_depth': 6, 'model__n_estimators': 1000, 'model__subsample': 0.8}",0.12694664668230926,-0.04353649629518719,0.06557998318365432,0.007824913463733374,-0.02650934625894852,0.02606114015511225,0.06273702477290743,124,0.9729767433638179,0.9678512964462926,0.9632625597558343,0.969805660405187,0.9689088067880819,0.9685610133518427,0.0031542379965825685
2.2938639163970946,1.0337464816268551,0.014502859115600586,0.013092776294860699,0.04,absolute_error,9,200,0.2,"{'model__learning_rate': 0.04, 'model__loss': 'absolute_error', 'model__max_depth': 9, 'model__n_estimators': 200, 'model__subsample': 0.2}",0.0987546676759854,-0.015301287801209762,0.07500509285051915,0.13220514914579484,0.051164487890379085,0.06836562195229375,0.04967714304750552,27,0.6047784238604792,0.5710191679347889,0.555849850597959,0.5793865188865834,0.5862599912947182,0.5794587905149058,0.016223160365888493
4.961049795150757,2.2389710661720272,0.014707040786743165,0.012454032037495278,0.04,absolute_error,9,200,0.4,"{'model__learning_rate': 0.04, 'model__loss': 'absolute_error', 'model__max_depth': 9, 'model__n_estimators': 200, 'model__subsample': 0.4}",0.02754299738481447,0.025497037235679865,0.129081898490348,0.07558319929755952,0.1003293799307734,0.07160690246783505,0.04052632285013759,21,0.704306112336745,0.638469022874665,0.65356828346016,0.7434839081180793,0.7063147018044873,0.6892284057188274,0.038238978954991495
9.162077522277832,3.581198139718953,0.016116809844970704,0.014829466797643544,0.04,absolute_error,9,200,0.6000000000000001,"{'model__learning_rate': 0.04, 'model__loss': 'absolute_error', 'model__max_depth': 9, 'model__n_estimators': 200, 'model__subsample': 0.6000000000000001}",0.028078429602157784,-0.04620692102415047,0.006237819753841967,0.13625028926428784,0.08030611917645547,0.040933147354518515,0.06260669212598342,82,0.769228898178459,0.748406923562151,0.7139648857694142,0.7511106553807027,0.7669866844256165,0.7499396094632687,0.019801922347950317
14.369042825698852,5.843885787510881,0.029965019226074217,0.01760884452488949,0.04,absolute_error,9,200,0.8,"{'model__learning_rate': 0.04, 'model__loss': 'absolute_error', 'model__max_depth': 9, 'model__n_estimators': 200, 'model__subsample': 0.8}",0.04999947249699921,-0.03945263557520273,0.06218043063904066,0.07330575639864989,0.043217551765443174,0.03785011514498604,0.04000299558182595,86,0.7962492542183606,0.7807626248241346,0.8032680402854186,0.831958317658133,0.8931876927295928,0.821085185943128,0.039691761355234265
6.099367237091064,2.23519195979629,0.022570228576660155,0.016084062293532778,0.04,absolute_error,9,500,0.2,"{'model__learning_rate': 0.04, 'model__loss': 'absolute_error', 'model__max_depth': 9, 'model__n_estimators': 500, 'model__subsample': 0.2}",0.045606679551985496,-0.03654486543190627,-0.07381643497430912,0.10162098201057446,-0.02733167077446752,0.0019069380763754086,0.06311897437299145,174,0.7816303331735575,0.7785095598831567,0.6966842725077644,0.7852300228719273,0.7527386898422637,0.7589585756557339,0.0331759380399077
9.595576238632201,3.3007101324867896,0.008928442001342773,0.0005883522979556094,0.04,absolute_error,9,500,0.4,"{'model__learning_rate': 0.04, 'model__loss': 'absolute_error', 'model__max_depth': 9, 'model__n_estimators': 500, 'model__subsample': 0.4}",0.09359518512756804,0.011674242655272615,0.1823744188016082,0.04283130939766033,0.06783948711946142,0.07966292862031413,0.05807336971346792,5,0.838018366698109,0.8144155933298509,0.8120735121602088,0.8812073672701767,0.8628324066386466,0.8417094492193984,0.026993081651993597
22.869368267059325,8.11092613391323,0.022496891021728516,0.016026513505136536,0.04,absolute_error,9,500,0.6000000000000001,"{'model__learning_rate': 0.04, 'model__loss': 'absolute_error', 'model__max_depth': 9, 'model__n_estimators': 500, 'model__subsample': 0.6000000000000001}",0.007825735369107023,-0.02319338757746925,-0.04198636057798555,0.07578061411210535,0.027855376774870044,0.009256395620125524,0.041115080024407134,156,0.8733810002438087,0.8795133740029831,0.8460866739025001,0.9133246527849692,0.9419198573735326,0.8908451116615588,0.033318705362807184
31.40855665206909,10.984291461584103,0.023029279708862305,0.015162747190729348,0.04,absolute_error,9,500,0.8,"{'model__learning_rate': 0.04, 'model__loss': 'absolute_error', 'model__max_depth': 9, 'model__n_estimators': 500, 'model__subsample': 0.8}",-0.03263839706350935,0.018066495426340867,0.059532617613626715,0.02477705609229719,0.029602166773507355,0.019867987768452555,0.029840582689505485,137,0.9357648776969287,0.9240565593464622,0.9075687168223547,0.9678730975016339,0.9593220160480613,0.9389170534830882,0.022218477409796284
12.293230295181274,4.289535700064389,0.009729909896850585,0.000619985726844098,0.04,absolute_error,9,1000,0.2,"{'model__learning_rate': 0.04, 'model__loss': 'absolute_error', 'model__max_depth': 9, 'model__n_estimators': 1000, 'model__subsample': 0.2}",0.008643570618877772,-0.03094126686037213,-0.06099001042242724,0.08668570921717267,-0.015151193340105173,-0.002350638157370821,0.04993635553917626,183,0.8822792580409544,0.869021108533248,0.7983645143980218,0.8723961767836967,0.8195551169377324,0.8483232349387306,0.033119173832414646
25.827416801452635,7.466020479878375,0.017913055419921876,0.01394403800252269,0.04,absolute_error,9,1000,0.4,"{'model__learning_rate': 0.04, 'model__loss': 'absolute_error', 'model__max_depth': 9, 'model__n_estimators': 1000, 'model__subsample': 0.4}",0.08588546932680263,0.01277372341636862,0.1901375393585336,0.0022000038593994464,0.046226771228020214,0.06744470143782491,0.06795525198199671,33,0.9131441324607366,0.9068399063802162,0.9071326183710465,0.9417200761106351,0.938975587850758,0.9215624642346786,0.015526678085752275
60.08880567550659,3.3414816720895804,0.03282709121704101,0.017554744015201604,0.04,absolute_error,9,1000,0.6000000000000001,"{'model__learning_rate': 0.04, 'model__loss': 'absolute_error', 'model__max_depth': 9, 'model__n_estimators': 1000, 'model__subsample': 0.6000000000000001}",-0.022857493072224067,-0.010616127712509194,-0.005067544999106222,0.06776780735881116,0.03069931562641781,0.011985191440277898,0.03309847970624588,152,0.9576192782474688,0.9598683322118249,0.9213491147096734,0.9502959802696658,0.9762544499917996,0.9530774310860866,0.01799078346164293
52.766914176940915,14.935954537278285,0.03059377670288086,0.021726366638704028,0.04,absolute_error,9,1000,0.8,"{'model__learning_rate': 0.04, 'model__loss': 'absolute_error', 'model__max_depth': 9, 'model__n_estimators': 1000, 'model__subsample': 0.8}",-0.028856715002129496,0.00600184857953312,0.06187813306936851,0.019214522172693038,0.03487199866969937,0.01862195749783291,0.03016290167581759,138,0.9753896833786257,0.9710100453486958,0.9945924592487703,0.9877139071801816,0.9826630501300788,0.9822738290572705,0.008435151189874176
2.1870317459106445,0.8957173795226419,0.008002614974975586,0.0010968063635635207,0.04,absolute_error,12,200,0.2,"{'model__learning_rate': 0.04, 'model__loss': 'absolute_error', 'model__max_depth': 12, 'model__n_estimators': 200, 'model__subsample': 0.2}",0.0987546676759854,-0.015301287801209762,0.07500509285051915,0.13220514914579484,0.051164487890379085,0.06836562195229375,0.04967714304750552,27,0.6047784238604792,0.5710191679347889,0.555849850597959,0.5793865188865834,0.5862599912947182,0.5794587905149058,0.016223160365888493
5.885670804977417,2.133854347522598,0.007899665832519531,0.0008016674823848595,0.04,absolute_error,12,200,0.4,"{'model__learning_rate': 0.04, 'model__loss': 'absolute_error', 'model__max_depth': 12, 'model__n_estimators': 200, 'model__subsample': 0.4}",0.02754299738481447,0.025497037235679865,0.129081898490348,0.07558319929755952,0.1003293799307734,0.07160690246783505,0.04052632285013759,21,0.704306112336745,0.638469022874665,0.65356828346016,0.7434839081180793,0.7063147018044873,0.6892284057188274,0.038238978954991495
11.503219175338746,3.1024429562463083,0.021751880645751953,0.016808591134300804,0.04,absolute_error,12,200,0.6000000000000001,"{'model__learning_rate': 0.04, 'model__loss': 'absolute_error', 'model__max_depth': 12, 'model__n_estimators': 200, 'model__subsample': 0.6000000000000001}",-0.005670120115806476,-0.04620692102415047,0.006237819753841967,0.13625028926428784,0.06264097587719797,0.030650408751074165,0.06324070778913114,110,0.7662077673990443,0.748406923562151,0.7139648857694142,0.7511106553807027,0.7683858817873606,0.7496152227797346,0.01950534804168859
14.859701347351074,6.122856284457814,0.022196626663208006,0.016653341310335114,0.04,absolute_error,12,200,0.8,"{'model__learning_rate': 0.04, 'model__loss': 'absolute_error', 'model__max_depth': 12, 'model__n_estimators': 200, 'model__subsample': 0.8}",0.02760761405797507,-0.05814146989048541,0.09703414520210507,0.10274086531979076,0.02671881593105707,0.03919199412408851,0.05856236799243638,84,0.7610441133086527,0.7907057576411242,0.8053574647332442,0.8361335889947574,0.9121614140755964,0.8210804677506749,0.05156846892325923
4.920240211486816,2.0769824492922755,0.009281778335571289,0.0006252389589036417,0.04,absolute_error,12,500,0.2,"{'model__learning_rate': 0.04, 'model__loss': 'absolute_error', 'model__max_depth': 12, 'model__n_estimators': 500, 'model__subsample': 0.2}",0.045606679551985496,-0.03654486543190627,-0.07381643497430912,0.10162098201057446,-0.02733167077446752,0.0019069380763754086,0.06311897437299145,174,0.7816303331735575,0.7785095598831567,0.6966842725077644,0.7852300228719273,0.7527386898422637,0.7589585756557339,0.0331759380399077
12.778263378143311,4.698562827508397,0.016228628158569337,0.013135987210500534,0.04,absolute_error,12,500,0.4,"{'model__learning_rate': 0.04, 'model__loss': 'absolute_error', 'model__max_depth': 12, 'model__n_estimators': 500, 'model__subsample': 0.4}",0.09359518512756804,0.011674242655272615,0.1823744188016082,0.04283130939766033,0.06783948711946142,0.07966292862031413,0.05807336971346792,5,0.838018366698109,0.8144155933298509,0.8120735121602088,0.8812073672701767,0.8628324066386466,0.8417094492193984,0.026993081651993597
22.57171058654785,8.801553485834011,0.02387518882751465,0.016457222929579247,0.04,absolute_error,12,500,0.6000000000000001,"{'model__learning_rate': 0.04, 'model__loss': 'absolute_error', 'model__max_depth': 12, 'model__n_estimators': 500, 'model__subsample': 0.6000000000000001}",0.04502843131435408,-0.03969540704979324,-0.04198636057798555,0.0437467334255186,0.04437902551400996,0.010294484525220771,0.04176010530360617,155,0.8601030722717395,0.8660615526592752,0.8460866740418949,0.9137674948838919,0.9120216570671247,0.8796080901847851,0.027946892458290806
32.99212546348572,4.79792581407469,0.01714797019958496,0.013372365410278256,0.04,absolute_error,12,500,0.8,"{'model__learning_rate': 0.04, 'model__loss': 'absolute_error', 'model__max_depth': 12, 'model__n_estimators': 500, 'model__subsample': 0.8}",0.07457355490689266,-0.033263841688106366,0.13407913795091875,0.054894003411723125,0.015561876638571226,0.04916894624399988,0.05623612847683927,66,0.9396989104421114,0.9260878954204317,0.9676688692959817,0.9654080620896506,0.9711855459681007,0.9540098566432551,0.017865783596193504
14.490879535675049,3.718210558001387,0.010111427307128907,0.001968266289321936,0.04,absolute_error,12,1000,0.2,"{'model__learning_rate': 0.04, 'model__loss': 'absolute_error', 'model__max_depth': 12, 'model__n_estimators': 1000, 'model__subsample': 0.2}",0.008643570618877772,-0.03094126686037213,-0.06099001042242724,0.08668570921717267,-0.015151193340105173,-0.002350638157370821,0.04993635553917626,183,0.8822792580409544,0.869021108533248,0.7983645143980218,0.8723961767836967,0.8195551169377324,0.8483232349387306,0.033119173832414646
28.91003212928772,5.543491984059613,0.011561870574951172,0.0016790001398429887,0.04,absolute_error,12,1000,0.4,"{'model__learning_rate': 0.04, 'model__loss': 'absolute_error', 'model__max_depth': 12, 'model__n_estimators': 1000, 'model__subsample': 0.4}",0.08588546932680263,0.01277372341636862,0.1901375393585336,0.0022000038593994464,0.046226771228020214,0.06744470143782491,0.06795525198199671,33,0.9131441324607366,0.9068399063802162,0.9071326183710465,0.9417200761106351,0.938975587850758,0.9215624642346786,0.015526678085752275
43.18761649131775,9.314748801424026,0.0257082462310791,0.017410903460077586,0.04,absolute_error,12,1000,0.6000000000000001,"{'model__learning_rate': 0.04, 'model__loss': 'absolute_error', 'model__max_depth': 12, 'model__n_estimators': 1000, 'model__subsample': 0.6000000000000001}",0.0818049626865609,-0.03897557171429611,-0.04118326410593354,0.009836873826398862,0.033592243805828814,0.009015048899711785,0.04631642419334786,157,0.9350798244687152,0.9499834734196646,0.9247429035868514,0.9646782661849264,0.980601060151295,0.9510171055622905,0.020036150788960476
69.32593026161194,9.156246063731531,0.033557796478271486,0.015572760964692463,0.04,absolute_error,12,1000,0.8,"{'model__learning_rate': 0.04, 'model__loss': 'absolute_error', 'model__max_depth': 12, 'model__n_estimators': 1000, 'model__subsample': 0.8}",0.09298782584021192,-0.04993721171165655,0.13152801170248474,0.05324159119330274,0.011108627745741062,0.04778576895401678,0.0632151070567601,69,0.9874261928862866,0.9775466756118736,0.990627201043338,0.9868250457726541,0.9881931482037501,0.9861236527035805,0.00447923784745416
2.013067865371704,0.36541007122108604,0.00989389419555664,0.0020801907651094953,0.06,squared_error,6,200,0.2,"{'model__learning_rate': 0.06, 'model__loss': 'squared_error', 'model__max_depth': 6, 'model__n_estimators': 200, 'model__subsample': 0.2}",-0.15091956993164923,-0.2521572722420464,-0.877686196416102,-0.32268937210991533,-0.45538990950401304,-0.4117684640407452,0.2531541532626554,565,0.9719460570231108,0.9660968551345501,0.9443132473575008,0.9627224538448188,0.9634616437121805,0.9617080514144322,0.009281828088836692
5.587034034729004,2.2159634414913474,0.015896940231323244,0.012856724826262397,0.06,squared_error,6,200,0.4,"{'model__learning_rate': 0.06, 'model__loss': 'squared_error', 'model__max_depth': 6, 'model__n_estimators': 200, 'model__subsample': 0.4}",-0.06274509663239924,-0.5678105354743088,-0.35588400776939455,-0.17084626219105203,-0.22240868941645187,-0.2759389182967213,0.17374798739082487,462,0.9993067207527172,0.9993840505858848,0.9991927967862679,0.9993287957840322,0.9988713599494499,0.9992167447716703,0.00018357915101215478
8.341790914535522,3.620807338200587,0.021475839614868163,0.017118861478747627,0.06,squared_error,6,200,0.6000000000000001,"{'model__learning_rate': 0.06, 'model__loss': 'squared_error', 'model__max_depth': 6, 'model__n_estimators': 200, 'model__subsample': 0.6000000000000001}",-0.07262996562819701,-0.12986261329909432,-0.21872849975466724,-0.39935932073159774,-0.20580097116763452,-0.20527627411623817,0.11057280864522759,402,0.9999923688295637,0.9999912502785137,0.9999903448908938,0.9999863238398528,0.9999895338686162,0.999989964341488,2.050296263458233e-06
12.421220684051514,4.361542011338052,0.016258668899536134,0.014650007260517543,0.06,squared_error,6,200,0.8,"{'model__learning_rate': 0.06, 'model__loss': 'squared_error', 'model__max_depth': 6, 'model__n_estimators': 200, 'model__subsample': 0.8}",-0.020964061874238382,-0.11998882880911532,0.04237253057680468,-0.33131628841050165,-0.17808457563509217,-0.12159624483042857,0.12976024625259175,278,0.9999998278273466,0.9999998248944446,0.9999998720597861,0.9999998394301438,0.9999999018414257,0.9999998532106293,2.9516992424369574e-08
7.163365507125855,2.9530871674516823,0.024972152709960938,0.016381879700580797,0.06,squared_error,6,500,0.2,"{'model__learning_rate': 0.06, 'model__loss': 'squared_error', 'model__max_depth': 6, 'model__n_estimators': 500, 'model__subsample': 0.2}",-0.16486230541378988,-0.26905320135699795,-0.8948964055584121,-0.41733088523102846,-0.4822474291876431,-0.4456780453495742,0.25059602222736244,578,0.9996664633845743,0.9996201051456154,0.9993450535755269,0.9994500299250343,0.9993563073913112,0.9994875918844125,0.00013305522641814178
16.679387187957765,5.160766359018532,0.016111469268798827,0.013451472051447604,0.06,squared_error,6,500,0.4,"{'model__learning_rate': 0.06, 'model__loss': 'squared_error', 'model__max_depth': 6, 'model__n_estimators': 500, 'model__subsample': 0.4}",-0.05491036203205413,-0.5648519750784871,-0.36340287042974495,-0.17889532942806619,-0.22782948924843782,-0.27797800524335803,0.17417548961443197,467,0.9999999797874071,0.9999999829870361,0.999999974961256,0.9999999869228646,0.9999999118523778,0.9999999673021882,2.8000745990040122e-08
23.14673991203308,7.258832459995603,0.036230278015136716,0.012877298307383742,0.06,squared_error,6,500,0.6000000000000001,"{'model__learning_rate': 0.06, 'model__loss': 'squared_error', 'model__max_depth': 6, 'model__n_estimators': 500, 'model__subsample': 0.6000000000000001}",-0.07199673681707264,-0.1298793002629428,-0.21880664026421193,-0.3994950467905003,-0.20609075757388462,-0.20525369634172247,0.1107725616121902,400,0.9999999999994583,0.9999999999993988,0.9999999999995083,0.9999999999994158,0.999999999999553,0.9999999999994669,5.735896101228097e-14
33.227347469329835,8.842627451372199,0.015670156478881835,0.012936800069047773,0.06,squared_error,6,500,0.8,"{'model__learning_rate': 0.06, 'model__loss': 'squared_error', 'model__max_depth': 6, 'model__n_estimators': 500, 'model__subsample': 0.8}",-0.020971236218381373,-0.12003245340455004,0.04236796324225256,-0.3314006785378847,-0.1781336580856856,-0.12163401260084983,0.1297894230664266,279,0.9999999999999993,0.9999999999999992,0.9999999999999993,0.9999999999999992,0.9999999999999992,0.9999999999999993,8.599750569898517e-17
17.953234148025512,5.364176442715789,0.024349737167358398,0.016973818159476305,0.06,squared_error,6,1000,0.2,"{'model__learning_rate': 0.06, 'model__loss': 'squared_error', 'model__max_depth': 6, 'model__n_estimators': 1000, 'model__subsample': 0.2}",-0.16647877121099985,-0.2681519295680732,-0.8815900254900859,-0.4118838632389681,-0.4894749541201595,-0.4435159087256573,0.24597717482826612,575,0.9999997992781652,0.9999996966559599,0.999999412463801,0.9999994486915247,0.9999994612848645,0.9999995636748631,1.5476598676119267e-07
27.50688853263855,9.716399841421845,0.03153038024902344,0.01571481950065922,0.06,squared_error,6,1000,0.4,"{'model__learning_rate': 0.06, 'model__loss': 'squared_error', 'model__max_depth': 6, 'model__n_estimators': 1000, 'model__subsample': 0.4}",-0.05488076233404571,-0.5648854909482641,-0.3634144865010134,-0.17888601975914353,-0.22783369911249696,-0.27798009173099275,0.17419606796923945,468,0.9999999999999979,0.9999999999999981,0.9999999999999983,0.9999999999999991,0.9999999999999971,0.999999999999998,6.568167990716596e-16
36.44357943534851,10.521751984748832,0.023757028579711913,0.017076153414822274,0.06,squared_error,6,1000,0.6000000000000001,"{'model__learning_rate': 0.06, 'model__loss': 'squared_error', 'model__max_depth': 6, 'model__n_estimators': 1000, 'model__subsample': 0.6000000000000001}",-0.0719967786426361,-0.12987938574663227,-0.2188067334078736,-0.3994951964526354,-0.20609083679543305,-0.20525378620904208,0.1107725948016921,401,0.9999999999999993,0.9999999999999993,0.9999999999999994,0.9999999999999993,0.9999999999999992,0.9999999999999993,7.021666937153402e-17
26.358071708679198,8.596565067921672,0.010228204727172851,0.0006758107484173319,0.06,squared_error,6,1000,0.8,"{'model__learning_rate': 0.06, 'model__loss': 'squared_error', 'model__max_depth': 6, 'model__n_estimators': 1000, 'model__subsample': 0.8}",-0.020971237078044824,-0.12003245272327745,0.042367962448075724,-0.33140067941935536,-0.1781336579967281,-0.121634012953866,0.129789423011238,280,0.9999999999999993,0.9999999999999993,0.9999999999999994,0.9999999999999993,0.9999999999999992,0.9999999999999993,7.021666937153402e-17
4.96307373046875,0.07307148320152036,0.01534256935119629,0.013659345192168833,0.06,squared_error,9,200,0.2,"{'model__learning_rate': 0.06, 'model__loss': 'squared_error', 'model__max_depth': 9, 'model__n_estimators': 200, 'model__subsample': 0.2}",-0.5494504350192619,-0.5382951734224519,-0.2787302236954192,-0.6451095124166537,-0.4310649928485304,-0.48853006748046346,0.12491852447230369,586,0.9692738655606417,0.9687083333914385,0.954073580418087,0.9554510007270773,0.9488531852998979,0.9592719930794285,0.008237196172432001
8.70904507637024,3.2734809361533967,0.01584310531616211,0.012842802628584393,0.06,squared_error,9,200,0.4,"{'model__learning_rate': 0.06, 'model__loss': 'squared_error', 'model__max_depth': 9, 'model__n_estimators': 200, 'model__subsample': 0.4}",-0.12432703569621628,-0.2212268481121602,-0.3241930115486349,-0.37879531362135466,-0.37043628421385044,-0.2837956986384433,0.097476742172558,478,0.999505726867033,0.9993825531279377,0.9994978851981118,0.9994651854572432,0.9992809744240017,0.9994264650148654,8.48272624636063e-05
13.553885746002198,5.578622298296699,0.022615909576416016,0.01753309399535776,0.06,squared_error,9,200,0.6000000000000001,"{'model__learning_rate': 0.06, 'model__loss': 'squared_error', 'model__max_depth': 9, 'model__n_estimators': 200, 'model__subsample': 0.6000000000000001}",-0.22739555441386994,-0.05783246474961379,-0.24530625106751325,-0.4611298361309566,-0.33079656710016425,-0.26449213469242355,0.1322990075273773,449,0.9999973929111805,0.9999945984862608,0.9999931414129656,0.9999913664067854,0.9999944270225852,0.9999941852479555,1.9775632107151356e-06
14.720856952667237,4.676966605368779,0.01640744209289551,0.014057425895634202,0.06,squared_error,9,200,0.8,"{'model__learning_rate': 0.06, 'model__loss': 'squared_error', 'model__max_depth': 9, 'model__n_estimators': 200, 'model__subsample': 0.8}",-0.267102735989337,-0.1699029736996125,-0.06629169474413543,-0.3133948452081954,-0.22004421457969525,-0.20734729284419512,0.08517836223007813,406,0.9999999796835143,0.9999999776295825,0.9999999339590075,0.9999999757275297,0.9999999785840081,0.9999999691167284,1.7626815163218233e-08
10.696771478652954,3.051195063800889,0.024930858612060548,0.015814064532888108,0.06,squared_error,9,500,0.2,"{'model__learning_rate': 0.06, 'model__loss': 'squared_error', 'model__max_depth': 9, 'model__n_estimators': 500, 'model__subsample': 0.2}",-0.5908272930689829,-0.5436338932617406,-0.25708796449176985,-0.6419169150999335,-0.4590839805694211,-0.49851000929836964,0.1348800962916605,588,0.9996176933020848,0.9996355749216022,0.9992741569400412,0.9993839408063356,0.9993730518470685,0.9994568835634265,0.0001438942631986203
24.509802961349486,4.074534892958689,0.04673013687133789,0.019918379471782894,0.06,squared_error,9,500,0.4,"{'model__learning_rate': 0.06, 'model__loss': 'squared_error', 'model__max_depth': 9, 'model__n_estimators': 500, 'model__subsample': 0.4}",-0.11612856900529867,-0.22404708843565002,-0.3263796287669629,-0.3729393353692456,-0.3753194699960922,-0.28296281831464987,0.09981510319658578,476,0.9999999928848575,0.9999999835113919,0.9999999785851338,0.9999999862971656,0.9999999637881439,0.9999999810133385,9.774411175940576e-09
29.656906127929688,10.321865691214278,0.020531082153320314,0.014602441461729737,0.06,squared_error,9,500,0.6000000000000001,"{'model__learning_rate': 0.06, 'model__loss': 'squared_error', 'model__max_depth': 9, 'model__n_estimators': 500, 'model__subsample': 0.6000000000000001}",-0.2271481703875009,-0.057832182191533965,-0.24516831841392372,-0.4608023794605234,-0.3314639825405592,-0.26448300659880825,0.13228700442729596,447,0.999999999999955,0.999999999999847,0.9999999999999117,0.9999999999998596,0.9999999999999089,0.9999999999998964,3.9051485329014994e-14
35.35666069984436,11.703254304131312,0.016462421417236327,0.013375557963442343,0.06,squared_error,9,500,0.8,"{'model__learning_rate': 0.06, 'model__loss': 'squared_error', 'model__max_depth': 9, 'model__n_estimators': 500, 'model__subsample': 0.8}",-0.2671091586232308,-0.16990596198943297,-0.06626491185484373,-0.31342902273388695,-0.22007559096592266,-0.20735692923346344,0.08519731757321572,407,0.9999999999999993,0.9999999999999993,0.9999999999999993,0.9999999999999993,0.9999999999999992,0.9999999999999993,4.965068306494546e-17
18.57106432914734,7.498716973286869,0.026519918441772462,0.015233511531445783,0.06,squared_error,9,1000,0.2,"{'model__learning_rate': 0.06, 'model__loss': 'squared_error', 'model__max_depth': 9, 'model__n_estimators': 1000, 'model__subsample': 0.2}",-0.5877183160110473,-0.544299305275951,-0.25308760379401773,-0.63529455041588,-0.4620747200298758,-0.4964948991053545,0.13439060710002393,587,0.9999995562864902,0.9999995156085549,0.9999990275290538,0.9999994878119056,0.9999993866550712,0.9999993947782151,1.919781724404497e-07
41.308570337295535,5.407082780456577,0.032888269424438475,0.0155359624362647,0.06,squared_error,9,1000,0.4,"{'model__learning_rate': 0.06, 'model__loss': 'squared_error', 'model__max_depth': 9, 'model__n_estimators': 1000, 'model__subsample': 0.4}",-0.11609520445363297,-0.22403971776752862,-0.326402049354954,-0.3729434948943082,-0.3753421803880477,-0.2829645293716943,0.09983403007723463,477,0.9999999999999988,0.9999999999999983,0.9999999999999973,0.999999999999999,0.9999999999999982,0.9999999999999984,5.853729202016241e-16
35.08808188438415,10.560271038016817,0.0182401180267334,0.013687023518031997,0.06,squared_error,9,1000,0.6000000000000001,"{'model__learning_rate': 0.06, 'model__loss': 'squared_error', 'model__max_depth': 9, 'model__n_estimators': 1000, 'model__subsample': 0.6000000000000001}",-0.22714814996763333,-0.057832175876075365,-0.24516847178792034,-0.4608023446129419,-0.3314639694438224,-0.2644830223376787,0.13228699140503467,448,0.9999999999999994,0.9999999999999993,0.9999999999999994,0.9999999999999993,0.9999999999999992,0.9999999999999993,8.599750569898517e-17
33.69700293540954,10.532793777135916,0.017683029174804688,0.014010506861250917,0.06,squared_error,9,1000,0.8,"{'model__learning_rate': 0.06, 'model__loss': 'squared_error', 'model__max_depth': 9, 'model__n_estimators': 1000, 'model__subsample': 0.8}",-0.26710915858402906,-0.1699059620028165,-0.06626491225982845,-0.3134290227578185,-0.2200755908551124,-0.20735692929192098,0.08519731743505499,408,0.9999999999999993,0.9999999999999993,0.9999999999999994,0.9999999999999993,0.9999999999999992,0.9999999999999993,7.021666937153402e-17
4.274542903900146,1.215770664154305,0.029213714599609374,0.0169609454621084,0.06,squared_error,12,200,0.2,"{'model__learning_rate': 0.06, 'model__loss': 'squared_error', 'model__max_depth': 12, 'model__n_estimators': 200, 'model__subsample': 0.2}",-0.502287056144876,-0.1134547391917724,-0.8207827670809775,-0.21827750253096045,-0.23447137600814183,-0.37785468819134566,0.2559686241281438,537,0.9680218055417471,0.9610028426356584,0.960479598338916,0.9621566019553147,0.9458903052968779,0.9595102307537029,0.007322842605219322
8.093213510513305,3.3504770095783756,0.023454952239990234,0.01650384653020955,0.06,squared_error,12,200,0.4,"{'model__learning_rate': 0.06, 'model__loss': 'squared_error', 'model__max_depth': 12, 'model__n_estimators': 200, 'model__subsample': 0.4}",-0.31500126120087013,-0.20192539944296373,-0.40648992790734706,-0.3912493856001593,-0.30602509444443626,-0.3241382137191553,0.0729839094396344,499,0.9995764764646612,0.9993932747997297,0.9994288143365753,0.999472887551568,0.99897159079891,0.9993686087902889,0.00020781695571189625
11.591529750823975,5.018486180065351,0.02168588638305664,0.015712651843405062,0.06,squared_error,12,200,0.6000000000000001,"{'model__learning_rate': 0.06, 'model__loss': 'squared_error', 'model__max_depth': 12, 'model__n_estimators': 200, 'model__subsample': 0.6000000000000001}",-0.03835719697453843,-0.10031121877353422,-0.3173774735703767,-0.36755747857211185,-0.15613081111950233,-0.19594683580201272,0.1263024891540211,390,0.9999974975922558,0.999995533370586,0.9999952655372144,0.9999938704837006,0.9999951757966666,0.9999954685560846,1.1663574740588676e-06
21.621981382369995,8.682504709173411,0.02315688133239746,0.01569225507959268,0.06,squared_error,12,200,0.8,"{'model__learning_rate': 0.06, 'model__loss': 'squared_error', 'model__max_depth': 12, 'model__n_estimators': 200, 'model__subsample': 0.8}",-0.032399858081179955,-0.21857138122886854,0.00959320460296853,-0.37792530378504363,-0.25316985472359743,-0.1744946386431442,0.14394154721713115,352,0.9999999887126965,0.9999999887712571,0.9999999735056647,0.9999999817309688,0.9999999889272891,0.9999999843295753,6.066119954066607e-09
10.456701469421386,2.966575758085273,0.03110947608947754,0.016960504051068234,0.06,squared_error,12,500,0.2,"{'model__learning_rate': 0.06, 'model__loss': 'squared_error', 'model__max_depth': 12, 'model__n_estimators': 500, 'model__subsample': 0.2}",-0.57525350910416,-0.13675141988032524,-0.8781807059148163,-0.24566063793907955,-0.3208239091916205,-0.4313340364060004,0.26602660684493373,573,0.9995763509681832,0.9995918886668974,0.999516242783643,0.9994040995745688,0.9992095683009011,0.9994596300588388,0.00014137583114499282
20.85188407897949,8.03601184332408,0.03212747573852539,0.015569254547784126,0.06,squared_error,12,500,0.4,"{'model__learning_rate': 0.06, 'model__loss': 'squared_error', 'model__max_depth': 12, 'model__n_estimators': 500, 'model__subsample': 0.4}",-0.3177503752782591,-0.2042015974977165,-0.40682402255881134,-0.38891232391260644,-0.3249747573708228,-0.32853261532364325,0.07122130398046739,502,0.999999994535614,0.9999999675072215,0.9999999856606244,0.99999999160596,0.999999914357428,0.9999999707333697,2.9710905836668775e-08
40.21435317993164,8.212234239810813,0.038119268417358396,0.01332345115211916,0.06,squared_error,12,500,0.6000000000000001,"{'model__learning_rate': 0.06, 'model__loss': 'squared_error', 'model__max_depth': 12, 'model__n_estimators': 500, 'model__subsample': 0.6000000000000001}",-0.03810182760194425,-0.10026664260542062,-0.31708338804154,-0.3674753702561626,-0.156219765285732,-0.1958293987581599,0.12628857397151516,387,0.9999999999999462,0.9999999999998682,0.999999999999929,0.9999999999997872,0.9999999999998868,0.9999999999998834,5.570361890079211e-14
42.84138669967651,11.837643072632588,0.025638866424560546,0.014961090254134871,0.06,squared_error,12,500,0.8,"{'model__learning_rate': 0.06, 'model__loss': 'squared_error', 'model__max_depth': 12, 'model__n_estimators': 500, 'model__subsample': 0.8}",-0.03240774271824365,-0.218567946583623,0.00962328707867599,-0.37793802915871155,-0.2531943216303729,-0.17449695060245501,0.14395374691791085,353,0.9999999999999993,0.9999999999999993,0.9999999999999993,0.9999999999999993,0.9999999999999992,0.9999999999999993,4.965068306494546e-17
21.322674417495726,5.158387141806944,0.04360151290893555,0.010575425677784914,0.06,squared_error,12,1000,0.2,"{'model__learning_rate': 0.06, 'model__loss': 'squared_error', 'model__max_depth': 12, 'model__n_estimators': 1000, 'model__subsample': 0.2}",-0.5805846942444137,-0.13854125932352868,-0.8624044093360133,-0.24791602403641178,-0.3197776687262244,-0.4298448111333183,0.26073010453986223,571,0.9999997294309177,0.999999574818667,0.9999995406680787,0.999999468674117,0.9999990205351059,0.9999994668253773,2.3885367454112344e-07
41.42382607460022,11.310363191074,0.030144643783569337,0.016615171118625517,0.06,squared_error,12,1000,0.4,"{'model__learning_rate': 0.06, 'model__loss': 'squared_error', 'model__max_depth': 12, 'model__n_estimators': 1000, 'model__subsample': 0.4}",-0.3177645951584338,-0.20423087354815328,-0.40678331741005613,-0.388941621938907,-0.32500256604557376,-0.3285445948202248,0.07120639613731673,503,0.999999999999999,0.9999999999999922,0.999999999999996,0.9999999999999991,0.9999999999999949,0.9999999999999962,2.60133570547882e-15
44.245613145828244,12.226132100881806,0.03394417762756348,0.014904271585013985,0.06,squared_error,12,1000,0.6000000000000001,"{'model__learning_rate': 0.06, 'model__loss': 'squared_error', 'model__max_depth': 12, 'model__n_estimators': 1000, 'model__subsample': 0.6000000000000001}",-0.0381017920362674,-0.10026670692875994,-0.317083433320565,-0.3674754412538055,-0.15621984901981345,-0.19582944451184225,0.12628859586236504,388,0.9999999999999994,0.9999999999999993,0.9999999999999994,0.9999999999999993,0.9999999999999993,0.9999999999999993,7.021666937153402e-17
36.74217567443848,11.70937485059607,0.03171262741088867,0.01652626941294882,0.06,squared_error,12,1000,0.8,"{'model__learning_rate': 0.06, 'model__loss': 'squared_error', 'model__max_depth': 12, 'model__n_estimators': 1000, 'model__subsample': 0.8}",-0.03240774313589956,-0.2185679462934842,0.009623287504268219,-0.37793802934926224,-0.2531943220112918,-0.17449695065713391,0.14395374702207236,354,0.9999999999999993,0.9999999999999993,0.9999999999999994,0.9999999999999993,0.9999999999999992,0.9999999999999993,7.021666937153402e-17
3.1690139770507812,0.8428019590242529,0.02782778739929199,0.01623697134813771,0.06,absolute_error,6,200,0.2,"{'model__learning_rate': 0.06, 'model__loss': 'absolute_error', 'model__max_depth': 6, 'model__n_estimators': 200, 'model__subsample': 0.2}",-0.15714168693996822,0.07779466495799114,0.11528546317315203,0.1743388347488174,0.06822440965604304,0.05570033711920708,0.11275834274042672,50,0.6435260764924189,0.6586016381758607,0.6370844623301126,0.6419117741155376,0.6437726424324053,0.644979318709267,0.007223214731819918
5.033314561843872,2.2833255565112993,0.022664213180541994,0.016592257796458662,0.06,absolute_error,6,200,0.4,"{'model__learning_rate': 0.06, 'model__loss': 'absolute_error', 'model__max_depth': 6, 'model__n_estimators': 200, 'model__subsample': 0.4}",-0.11904808903147512,0.05592669279170681,0.1013628115214723,0.18331167792011427,0.09469661411926333,0.06324994146421632,0.10014240514348347,40,0.743790913694258,0.6515788311356456,0.6879208846179843,0.7985323771733127,0.7981998264066019,0.7360045666055605,0.058784946917080416
6.755320739746094,1.9297870904385144,0.01495828628540039,0.013129018321095984,0.06,absolute_error,6,200,0.6000000000000001,"{'model__learning_rate': 0.06, 'model__loss': 'absolute_error', 'model__max_depth': 6, 'model__n_estimators': 200, 'model__subsample': 0.6000000000000001}",0.10318252757616408,-0.03327796462224786,0.10700911245428113,0.07531447113007483,0.08047923471490392,0.06654147625063522,0.05141078398252383,36,0.8334798089075091,0.7502340844126145,0.7651413588254063,0.835293750681779,0.8850060491468924,0.8138310103948403,0.04965453012427716
11.134403610229493,5.315208672474283,0.00885477066040039,0.0006115711700466284,0.06,absolute_error,6,200,0.8,"{'model__learning_rate': 0.06, 'model__loss': 'absolute_error', 'model__max_depth': 6, 'model__n_estimators': 200, 'model__subsample': 0.8}",0.06939405369113472,-0.061324969358499404,0.037580091711684194,0.014073206112607095,-0.06508100563736474,-0.001071724696087628,0.05369618106253959,182,0.8578146665676296,0.8511237766171776,0.8405774277571734,0.8603759143156334,0.9012541280084958,0.8622291826532219,0.0206784789048283
6.901661825180054,2.601069425106716,0.02277674674987793,0.01704896466331337,0.06,absolute_error,6,500,0.2,"{'model__learning_rate': 0.06, 'model__loss': 'absolute_error', 'model__max_depth': 6, 'model__n_estimators': 500, 'model__subsample': 0.2}",-0.18325250642642787,0.07964886663029469,0.06591150142768054,0.13987739377209485,0.04948227050522047,0.030333505181772535,0.11107053775621326,112,0.8375629584938213,0.7759917907172256,0.7793969297032172,0.7956150017360604,0.820208912564589,0.8017551186429828,0.023765868883722504
8.804398202896119,2.4443621071982595,0.009652233123779297,0.00089421261725524,0.06,absolute_error,6,500,0.4,"{'model__learning_rate': 0.06, 'model__loss': 'absolute_error', 'model__max_depth': 6, 'model__n_estimators': 500, 'model__subsample': 0.4}",-0.16802493667859175,0.04384642983360476,0.025202124449366647,0.1799589727657671,0.128250961764373,0.04184671042690395,0.11905279588181907,79,0.8638576497576114,0.83975788157364,0.8523614030038549,0.9040345343677081,0.9045473336501826,0.8729117604705994,0.026731667902245054
20.525573921203613,7.433436450127231,0.017887258529663087,0.013385704281522812,0.06,absolute_error,6,500,0.6000000000000001,"{'model__learning_rate': 0.06, 'model__loss': 'absolute_error', 'model__max_depth': 6, 'model__n_estimators': 500, 'model__subsample': 0.6000000000000001}",0.13897950633830092,-0.015222636502389086,0.10392919726472649,0.06449964300318078,0.0609632761614447,0.07062979725305277,0.051540651094160166,24,0.9406464026285504,0.8802252901793628,0.8748944642029376,0.9335144644819021,0.9433221433617535,0.9145205529709013,0.030394908339560635
33.21408009529114,11.096644146794658,0.029641437530517577,0.017059473812954182,0.06,absolute_error,6,500,0.8,"{'model__learning_rate': 0.06, 'model__loss': 'absolute_error', 'model__max_depth': 6, 'model__n_estimators': 500, 'model__subsample': 0.8}",0.10769687359112456,-0.06756288110857556,0.05222481959904346,-0.0100328474374618,-0.048551401531899296,0.006754912622446274,0.06499314373513178,162,0.945960071385669,0.9480121691441388,0.9492901102671025,0.9497981301891152,0.9474212719061423,0.9480963505784337,0.001367305566047629
18.27200150489807,0.08569764799009924,0.03571128845214844,0.01248511521810713,0.06,absolute_error,6,1000,0.2,"{'model__learning_rate': 0.06, 'model__loss': 'absolute_error', 'model__max_depth': 6, 'model__n_estimators': 1000, 'model__subsample': 0.2}",-0.19367749908702958,0.11667553219178217,0.11660945438962,0.03584800068297345,0.06536331659828243,0.028163760955125693,0.11516368652652038,117,0.9094522830694041,0.8837438451210473,0.8907142509086593,0.8903974229362868,0.8965985481772875,0.894181270042537,0.008652452045950589
19.66933341026306,8.717262038777704,0.024153661727905274,0.016177034671456925,0.06,absolute_error,6,1000,0.4,"{'model__learning_rate': 0.06, 'model__loss': 'absolute_error', 'model__max_depth': 6, 'model__n_estimators': 1000, 'model__subsample': 0.4}",-0.21644518118738332,0.03954180406951657,-0.014213030659700587,0.15629634536938075,0.1169360230560964,0.016423192129581966,0.13066602912327263,142,0.9355447252468148,0.9148936075639039,0.9409162483998011,0.9664403461774633,0.9557455596519141,0.9427080974079795,0.017671250789303684
46.87248945236206,10.911456362078978,0.010594940185546875,0.001475464025144485,0.06,absolute_error,6,1000,0.6000000000000001,"{'model__learning_rate': 0.06, 'model__loss': 'absolute_error', 'model__max_depth': 6, 'model__n_estimators': 1000, 'model__subsample': 0.6000000000000001}",0.15242175971933702,0.004575474398628487,0.11941403602115463,0.04674538589799837,0.04900098600316194,0.07443152840805609,0.05366377815065202,13,0.9872796535163284,0.9817195749124255,0.9574831447684358,0.9690251796855639,0.9765553417333593,0.9744125789232226,0.01038436365675306
66.35166125297546,15.645892794892397,0.019536209106445313,0.014535205469925034,0.06,absolute_error,6,1000,0.8,"{'model__learning_rate': 0.06, 'model__loss': 'absolute_error', 'model__max_depth': 6, 'model__n_estimators': 1000, 'model__subsample': 0.8}",0.12802232622234333,-0.06342616089578179,0.03892614856521248,-0.04115402943035251,-0.06525998696981006,-0.0005783405016777099,0.0746708598965532,180,0.9895751875714174,0.989488529352426,0.9916115263871336,0.9939082150790673,0.992454016184545,0.9914074949149179,0.0016988358355000436
1.8596429347991943,0.851499884939491,0.007863616943359375,0.000491184251343122,0.06,absolute_error,9,200,0.2,"{'model__learning_rate': 0.06, 'model__loss': 'absolute_error', 'model__max_depth': 9, 'model__n_estimators': 200, 'model__subsample': 0.2}",-0.15714168693996822,0.07779466495799114,0.11528546317315203,0.1743388347488174,0.06822440965604304,0.05570033711920708,0.11275834274042672,50,0.6435260764924189,0.6586016381758607,0.6370844623301126,0.6419117741155376,0.6437726424324053,0.644979318709267,0.007223214731819918
5.025827550888062,2.1201401289255717,0.008345699310302735,0.0007626774546659062,0.06,absolute_error,9,200,0.4,"{'model__learning_rate': 0.06, 'model__loss': 'absolute_error', 'model__max_depth': 9, 'model__n_estimators': 200, 'model__subsample': 0.4}",-0.09996547114507814,0.01321921550687577,0.060765912670261324,0.13655360683027784,0.06389747313655714,0.03489414739977879,0.07810519345130924,94,0.7639576270865018,0.7310936199214338,0.7317340183868288,0.7872262259922143,0.8100492446423248,0.7648121472058607,0.03092124772822242
9.58060688972473,3.6341216330481654,0.02187809944152832,0.016390292275117183,0.06,absolute_error,9,200,0.6000000000000001,"{'model__learning_rate': 0.06, 'model__loss': 'absolute_error', 'model__max_depth': 9, 'model__n_estimators': 200, 'model__subsample': 0.6000000000000001}",0.002807185491625064,-0.07507191655990741,0.13741366624826568,0.05805186184599875,0.08785971533153658,0.04221210247150373,0.07308382705462783,78,0.8228585804370006,0.7653932131231965,0.7120563414539615,0.8874303207144154,0.8550820589521558,0.808564102936146,0.0628738520835543
9.11785159111023,3.657754774268625,0.008710336685180665,0.0010289520685721127,0.06,absolute_error,9,200,0.8,"{'model__learning_rate': 0.06, 'model__loss': 'absolute_error', 'model__max_depth': 9, 'model__n_estimators': 200, 'model__subsample': 0.8}",0.1273122016746997,-0.04303552963231794,0.1139332119867138,0.07421034060281884,-0.038718985391913874,0.046740247848000106,0.07365366377486761,71,0.8859358002621971,0.806926710760826,0.8821438515869378,0.8805220162424254,0.9128919887632185,0.8736840735231208,0.035389931376203144
8.084076166152954,2.2695867523614837,0.015248727798461915,0.014729717455713595,0.06,absolute_error,9,500,0.2,"{'model__learning_rate': 0.06, 'model__loss': 'absolute_error', 'model__max_depth': 9, 'model__n_estimators': 500, 'model__subsample': 0.2}",-0.18325250642642787,0.07964886663029469,0.06591150142768054,0.13987739377209485,0.04948227050522047,0.030333505181772535,0.11107053775621326,112,0.8375629584938213,0.7759917907172256,0.7793969297032172,0.7956150017360604,0.820208912564589,0.8017551186429828,0.023765868883722504
11.252922582626343,4.382179255981634,0.009466218948364257,0.001328948268674589,0.06,absolute_error,9,500,0.4,"{'model__learning_rate': 0.06, 'model__loss': 'absolute_error', 'model__max_depth': 9, 'model__n_estimators': 500, 'model__subsample': 0.4}",-0.11878165811987285,0.04681598814616372,0.009430562500676976,0.1206611281727914,0.044813663809871174,0.020587936901926084,0.07853382856768638,134,0.8820681166268801,0.8744341664668633,0.8764240420170445,0.9000524915439867,0.9302221745068162,0.8926401982323181,0.0208496487133481
24.9707462310791,8.273430510531213,0.023187541961669923,0.01707895617478841,0.06,absolute_error,9,500,0.6000000000000001,"{'model__learning_rate': 0.06, 'model__loss': 'absolute_error', 'model__max_depth': 9, 'model__n_estimators': 500, 'model__subsample': 0.6000000000000001}",0.04016223522462292,-0.059179789927671145,0.17500677104807272,0.0725381743632727,0.058824144454009186,0.057470307032461275,0.07476698247952718,47,0.9001369085015015,0.8745327839065028,0.8870047339083111,0.9429952593910473,0.9422653575831367,0.9093870086580997,0.028326128942310864
29.89529094696045,7.310521448990953,0.018802070617675783,0.013788036902585463,0.06,absolute_error,9,500,0.8,"{'model__learning_rate': 0.06, 'model__loss': 'absolute_error', 'model__max_depth': 9, 'model__n_estimators': 500, 'model__subsample': 0.8}",0.11253964662585625,-0.019123147615849545,0.14708295319857156,0.0547032403351565,-0.04366939843221984,0.05030665882230299,0.07336201089433583,63,0.9746142054682404,0.9274830049491518,0.9548268256523278,0.9616249982191942,0.9635911045007378,0.9564280277579303,0.015807804551507286
12.191395282745361,2.8745562136743423,0.01776876449584961,0.013339615194746171,0.06,absolute_error,9,1000,0.2,"{'model__learning_rate': 0.06, 'model__loss': 'absolute_error', 'model__max_depth': 9, 'model__n_estimators': 1000, 'model__subsample': 0.2}",-0.19367749908702958,0.11667553219178217,0.11660945438962,0.03584800068297345,0.06536331659828243,0.028163760955125693,0.11516368652652038,117,0.9094522830694041,0.8837438451210473,0.8907142509086593,0.8903974229362868,0.8965985481772875,0.894181270042537,0.008652452045950589
26.167309045791626,9.088924235336009,0.01768350601196289,0.014156014539341009,0.06,absolute_error,9,1000,0.4,"{'model__learning_rate': 0.06, 'model__loss': 'absolute_error', 'model__max_depth': 9, 'model__n_estimators': 1000, 'model__subsample': 0.4}",-0.14062327149508924,0.028313791356450735,-0.01764681347831476,0.09236974804723408,0.035553219595873875,-0.0004066651947690625,0.0783369136332743,178,0.9332363578138647,0.9503765078715433,0.9450266441780186,0.9504074628297277,0.9728017268814153,0.9503697399149139,0.012847544219523116
52.315642786026004,8.965074215791352,0.04562568664550781,0.0005640536151080188,0.06,absolute_error,9,1000,0.6000000000000001,"{'model__learning_rate': 0.06, 'model__loss': 'absolute_error', 'model__max_depth': 9, 'model__n_estimators': 1000, 'model__subsample': 0.6000000000000001}",0.04691727907471266,-0.05006156110783011,0.17540496039990705,0.06544077996309794,0.022562914687596303,0.052052874603496765,0.07310042836832353,56,0.9811863967081984,0.9604073094498313,0.9606675560545025,0.9865588141098516,0.9904582987143227,0.9758556750073414,0.012849446333219262
66.80980763435363,19.787584243117248,0.03324856758117676,0.01724217535430829,0.06,absolute_error,9,1000,0.8,"{'model__learning_rate': 0.06, 'model__loss': 'absolute_error', 'model__max_depth': 9, 'model__n_estimators': 1000, 'model__subsample': 0.8}",0.12435420585307089,-0.008716722544387379,0.13618823257728663,0.025456002696534696,-0.1032633776954921,0.03480366817740255,0.08870404851092537,97,0.9963447582741084,0.9820192624394584,0.9912079625967697,0.9947296339395704,0.998430545033744,0.9925464324567302,0.0057693888530273045
1.974343490600586,0.9762088451063164,0.014342784881591797,0.013181916140729227,0.06,absolute_error,12,200,0.2,"{'model__learning_rate': 0.06, 'model__loss': 'absolute_error', 'model__max_depth': 12, 'model__n_estimators': 200, 'model__subsample': 0.2}",-0.15714168693996822,0.07779466495799114,0.11528546317315203,0.1743388347488174,0.06822440965604304,0.05570033711920708,0.11275834274042672,50,0.6435260764924189,0.6586016381758607,0.6370844623301126,0.6419117741155376,0.6437726424324053,0.644979318709267,0.007223214731819918
5.662160158157349,2.3053505309763085,0.02852144241333008,0.01553517206680739,0.06,absolute_error,12,200,0.4,"{'model__learning_rate': 0.06, 'model__loss': 'absolute_error', 'model__max_depth': 12, 'model__n_estimators': 200, 'model__subsample': 0.4}",-0.09996547114507814,0.01321921550687577,0.060765912670261324,0.13655360683027784,0.06389747313655714,0.03489414739977879,0.07810519345130924,94,0.7639576270865018,0.7310936199214338,0.7317340183868288,0.7872262259922143,0.8100492446423248,0.7648121472058607,0.03092124772822242
10.754933547973632,2.8930018814237513,0.029830121994018556,0.017030488396910397,0.06,absolute_error,12,200,0.6000000000000001,"{'model__learning_rate': 0.06, 'model__loss': 'absolute_error', 'model__max_depth': 12, 'model__n_estimators': 200, 'model__subsample': 0.6000000000000001}",0.055715164234825365,-0.02680981113618275,0.13162641161137367,0.062352838629918805,0.08785971533153658,0.06214886373429433,0.0518522082048316,41,0.7662869230653923,0.8152987209631517,0.7163580001317305,0.8959069114442536,0.8550820589521558,0.8097865229113367,0.06343484104052731
14.960413217544556,4.022650061120163,0.016139507293701172,0.014809514977108938,0.06,absolute_error,12,200,0.8,"{'model__learning_rate': 0.06, 'model__loss': 'absolute_error', 'model__max_depth': 12, 'model__n_estimators': 200, 'model__subsample': 0.8}",0.0743843631703115,0.0621436385917139,0.08313478979706113,0.04484748700485941,-0.04045403029638539,0.04481124965351211,0.04452829158320997,72,0.8702191720099848,0.8568628294109745,0.8536221772434731,0.8823550708007343,0.9122539594763951,0.8750626417883124,0.021216783555664094
7.17395658493042,2.088537982441434,0.022772789001464844,0.016869264678695508,0.06,absolute_error,12,500,0.2,"{'model__learning_rate': 0.06, 'model__loss': 'absolute_error', 'model__max_depth': 12, 'model__n_estimators': 500, 'model__subsample': 0.2}",-0.18325250642642787,0.07964886663029469,0.06591150142768054,0.13987739377209485,0.04948227050522047,0.030333505181772535,0.11107053775621326,112,0.8375629584938213,0.7759917907172256,0.7793969297032172,0.7956150017360604,0.820208912564589,0.8017551186429828,0.023765868883722504
15.41269817352295,5.112734740463634,0.02330937385559082,0.017753211859946643,0.06,absolute_error,12,500,0.4,"{'model__learning_rate': 0.06, 'model__loss': 'absolute_error', 'model__max_depth': 12, 'model__n_estimators': 500, 'model__subsample': 0.4}",-0.11878165811987285,0.04681598814616372,0.009430562500676976,0.1206611281727914,0.044813663809871174,0.020587936901926084,0.07853382856768638,134,0.8820681166268801,0.8744341664668633,0.8764240420170445,0.9000524915439867,0.9302221745068162,0.8926401982323181,0.0208496487133481
21.871264934539795,8.862576250546402,0.023358917236328124,0.017148967968874915,0.06,absolute_error,12,500,0.6000000000000001,"{'model__learning_rate': 0.06, 'model__loss': 'absolute_error', 'model__max_depth': 12, 'model__n_estimators': 500, 'model__subsample': 0.6000000000000001}",0.036162553320512214,-0.019155042738359107,0.07497471407020939,0.05588742991464213,0.068350823197172,0.04324409555283533,0.03388461163465873,75,0.8797288291471503,0.9137539930615378,0.8679874236580831,0.957388414856126,0.9296975435983902,0.9097112408642575,0.032645768475526186
31.426144647598267,8.381057347243246,0.009589290618896485,0.001289051878857273,0.06,absolute_error,12,500,0.8,"{'model__learning_rate': 0.06, 'model__loss': 'absolute_error', 'model__max_depth': 12, 'model__n_estimators': 500, 'model__subsample': 0.8}",0.09438326310520062,0.08734022294906596,0.07739978735850606,0.022600807180660265,-0.1036016880227335,0.03562447851413988,0.07406190772816366,91,0.9644965543247852,0.9578233698277951,0.9571181463332956,0.9489097917321556,0.9824034655918242,0.9621502655619713,0.011269885361189926
9.285634756088257,2.8398107085515205,0.009821462631225585,0.0014559386586806703,0.06,absolute_error,12,1000,0.2,"{'model__learning_rate': 0.06, 'model__loss': 'absolute_error', 'model__max_depth': 12, 'model__n_estimators': 1000, 'model__subsample': 0.2}",-0.19367749908702958,0.11667553219178217,0.11660945438962,0.03584800068297345,0.06536331659828243,0.028163760955125693,0.11516368652652038,117,0.9094522830694041,0.8837438451210473,0.8907142509086593,0.8903974229362868,0.8965985481772875,0.894181270042537,0.008652452045950589
28.042297649383546,10.167307993820899,0.02342357635498047,0.016075571133990992,0.06,absolute_error,12,1000,0.4,"{'model__learning_rate': 0.06, 'model__loss': 'absolute_error', 'model__max_depth': 12, 'model__n_estimators': 1000, 'model__subsample': 0.4}",-0.14062327149508924,0.028313791356450735,-0.01764681347831476,0.09236974804723408,0.035553219595873875,-0.0004066651947690625,0.0783369136332743,178,0.9332363578138647,0.9503765078715433,0.9450266441780186,0.9504074628297277,0.9728017268814153,0.9503697399149139,0.012847544219523116
45.84975028038025,11.359076578869331,0.018228578567504882,0.012785266915061896,0.06,absolute_error,12,1000,0.6000000000000001,"{'model__learning_rate': 0.06, 'model__loss': 'absolute_error', 'model__max_depth': 12, 'model__n_estimators': 1000, 'model__subsample': 0.6000000000000001}",0.0074780261546126825,-0.011538031665704107,0.12477003878908588,0.03288662997115366,0.051713150379820605,0.041061962725793745,0.047078585509573265,81,0.9658806902929129,0.9812692704539511,0.9630264877133206,0.9875621961288946,0.9818948429525077,0.9759266975083174,0.009663170779809004
71.2460684299469,20.995491860231187,0.019382381439208986,0.01362779636468775,0.06,absolute_error,12,1000,0.8,"{'model__learning_rate': 0.06, 'model__loss': 'absolute_error', 'model__max_depth': 12, 'model__n_estimators': 1000, 'model__subsample': 0.8}",0.09013537356729295,0.08984258840567516,0.0889662577455077,-0.0025204716312823283,-0.12882511778820205,0.02751972605979829,0.08593795251824848,120,0.9971457646773274,0.9923979195666968,0.9930120560255141,0.9980234661457625,0.9968342491048117,0.9954826911040225,0.002309455073436266
4.392776346206665,0.2258947116332194,0.022640180587768555,0.01786836925699301,0.08,squared_error,6,200,0.2,"{'model__learning_rate': 0.08, 'model__loss': 'squared_error', 'model__max_depth': 6, 'model__n_estimators': 200, 'model__subsample': 0.2}",-0.4012674569264254,-0.23333604790287654,-0.5043848843276351,-0.4111418005520737,-0.5591252423363597,-0.42185108640907404,0.11111463992980372,566,0.9827151183695969,0.9868204179973398,0.9794459587489809,0.9855031344922198,0.9743121105923758,0.9817593480401026,0.004502376675689147
6.292462968826294,2.4781509990528328,0.021501779556274414,0.015980374890441806,0.08,squared_error,6,200,0.4,"{'model__learning_rate': 0.08, 'model__loss': 'squared_error', 'model__max_depth': 6, 'model__n_estimators': 200, 'model__subsample': 0.4}",-0.2888708481233324,-0.348094501513569,-0.5579137227457336,-0.314639851677323,-0.5201312631386443,-0.4059300374397205,0.1109257964462207,559,0.9999180508767176,0.999909362950578,0.9999253627266522,0.9999107597485859,0.9998518429039237,0.9999030758412916,2.6246298752075815e-05
10.193474817276002,2.5113459131790004,0.015374517440795899,0.01401606191155048,0.08,squared_error,6,200,0.6000000000000001,"{'model__learning_rate': 0.08, 'model__loss': 'squared_error', 'model__max_depth': 6, 'model__n_estimators': 200, 'model__subsample': 0.6000000000000001}",0.029199198800362258,-0.028467953859696582,-0.28146683725811994,-0.3181753334156763,-0.2329617804947075,-0.1663745412455676,0.13999349426005875,341,0.9999997805201423,0.9999997753172016,0.9999996096870835,0.9999996295653548,0.9999995769394028,0.999999674405837,8.618844585749614e-08
12.632794952392578,4.723478571574915,0.03635110855102539,0.011216137491078474,0.08,squared_error,6,200,0.8,"{'model__learning_rate': 0.08, 'model__loss': 'squared_error', 'model__max_depth': 6, 'model__n_estimators': 200, 'model__subsample': 0.8}",-0.20728197287685846,-0.19731717638059676,-0.12195549307373654,-0.23006064906510604,-0.22876268441391123,-0.19707559516204182,0.03959632218159677,391,0.9999999990393987,0.9999999990444681,0.9999999992503373,0.9999999987565897,0.9999999991658831,0.9999999990513354,1.6720502285529068e-10
7.512666893005371,2.8377485220728382,0.03759450912475586,0.013859667915419554,0.08,squared_error,6,500,0.2,"{'model__learning_rate': 0.08, 'model__loss': 'squared_error', 'model__max_depth': 6, 'model__n_estimators': 500, 'model__subsample': 0.2}",-0.33837874177850935,-0.22965730713336918,-0.45922493191521596,-0.4713869793237546,-0.6432549804496663,-0.42838058812010316,0.13896992657301072,570,0.9999548685951432,0.999946095911787,0.9998900139687138,0.9999519765569571,0.9998578183997845,0.9999201546864771,3.920436091102261e-05
14.142581748962403,5.820332209874842,0.018034076690673827,0.012813696118719367,0.08,squared_error,6,500,0.4,"{'model__learning_rate': 0.08, 'model__loss': 'squared_error', 'model__max_depth': 6, 'model__n_estimators': 500, 'model__subsample': 0.4}",-0.28727046749967533,-0.34798140066091743,-0.5626315010492493,-0.3144923577065877,-0.5270228407232445,-0.40787971352793484,0.11401648726218767,563,0.9999999998699123,0.9999999998326012,0.9999999997974188,0.99999999983211,0.9999999995728706,0.9999999997809826,1.0655303982256409e-10
28.568047046661377,3.951109794025208,0.029497098922729493,0.0169131024784741,0.08,squared_error,6,500,0.6000000000000001,"{'model__learning_rate': 0.08, 'model__loss': 'squared_error', 'model__max_depth': 6, 'model__n_estimators': 500, 'model__subsample': 0.6000000000000001}",0.029176508226897768,-0.028467890768220983,-0.2814815535115083,-0.3180899071890726,-0.2329517940750201,-0.16636292746338482,0.13997011370413603,339,0.9999999999999993,0.9999999999999992,0.9999999999999993,0.9999999999999992,0.9999999999999991,0.9999999999999993,1.2161883888976234e-16
15.298373079299926,3.112930740023272,0.009598207473754884,0.0004894643054356384,0.08,squared_error,6,500,0.8,"{'model__learning_rate': 0.08, 'model__loss': 'squared_error', 'model__max_depth': 6, 'model__n_estimators': 500, 'model__subsample': 0.8}",-0.20727884817121356,-0.19732070976681504,-0.12195751249300213,-0.2300609725471341,-0.22876505450505746,-0.19707661949664446,0.03959583247377082,392,0.9999999999999993,0.9999999999999993,0.9999999999999993,0.9999999999999993,0.9999999999999992,0.9999999999999993,4.965068306494546e-17
16.493307971954344,6.70811179756801,0.026830720901489257,0.01492732825493778,0.08,squared_error,6,1000,0.2,"{'model__learning_rate': 0.08, 'model__loss': 'squared_error', 'model__max_depth': 6, 'model__n_estimators': 1000, 'model__subsample': 0.2}",-0.33605017768274403,-0.2317364737040868,-0.4637624337787005,-0.4741582643462505,-0.6445926628397003,-0.4300600024702964,0.13948106836457755,572,0.9999999954405252,0.9999999960991932,0.999999986653846,0.9999999934187374,0.9999999692062352,0.9999999881637074,1.005191309396011e-08
23.408414363861084,8.997570475387903,0.025943183898925783,0.01604498695415339,0.08,squared_error,6,1000,0.4,"{'model__learning_rate': 0.08, 'model__loss': 'squared_error', 'model__max_depth': 6, 'model__n_estimators': 1000, 'model__subsample': 0.4}",-0.28727100130617145,-0.34797836013664774,-0.562635472828354,-0.3144910794035016,-0.5270228702548385,-0.4078797567859027,0.11401798754321066,564,0.9999999999999994,0.9999999999999993,0.9999999999999994,0.9999999999999993,0.9999999999999993,0.9999999999999993,7.021666937153402e-17
26.110060453414917,8.445408294297339,0.023123979568481445,0.01661416426732594,0.08,squared_error,6,1000,0.6000000000000001,"{'model__learning_rate': 0.08, 'model__loss': 'squared_error', 'model__max_depth': 6, 'model__n_estimators': 1000, 'model__subsample': 0.6000000000000001}",0.02917650825102336,-0.02846789086652257,-0.2814815546991891,-0.3180899100240471,-0.23295179291507395,-0.16636292805076186,0.13997011439112414,340,0.9999999999999994,0.9999999999999993,0.9999999999999994,0.9999999999999993,0.9999999999999993,0.9999999999999993,7.021666937153402e-17
25.961455869674683,7.51227921970313,0.02996797561645508,0.015898140338292625,0.08,squared_error,6,1000,0.8,"{'model__learning_rate': 0.08, 'model__loss': 'squared_error', 'model__max_depth': 6, 'model__n_estimators': 1000, 'model__subsample': 0.8}",-0.20727884763759552,-0.19732070970444449,-0.12195751285384127,-0.2300609729457206,-0.2287650550807001,-0.19707661964446038,0.03959583246782626,393,0.9999999999999993,0.9999999999999993,0.9999999999999994,0.9999999999999993,0.9999999999999992,0.9999999999999993,7.021666937153402e-17
3.7685092449188233,1.6407309369940803,0.01583409309387207,0.013182700044986362,0.08,squared_error,9,200,0.2,"{'model__learning_rate': 0.08, 'model__loss': 'squared_error', 'model__max_depth': 9, 'model__n_estimators': 200, 'model__subsample': 0.2}",-0.7186649164617636,-0.3851166425619075,-0.3475761304813614,-0.7979115050226397,-0.46014345082850716,-0.5418825290712359,0.18210691674739476,604,0.9843550968501785,0.9857445160643188,0.9816784840335642,0.9774953329798953,0.97949070335776,0.9817528266571433,0.003031645610555971
8.404919147491455,3.5549716186915505,0.015727138519287108,0.014047579481676111,0.08,squared_error,9,200,0.4,"{'model__learning_rate': 0.08, 'model__loss': 'squared_error', 'model__max_depth': 9, 'model__n_estimators': 200, 'model__subsample': 0.4}",-0.41294678766028126,-0.22207485595732823,-0.6133802589216875,-0.5017394245291504,-0.46690817513746485,-0.44340990044118245,0.12865584185181314,574,0.9999512989115995,0.999964263107483,0.9999510548999612,0.9999407089442861,0.9998881162752169,0.9999390884277094,2.6558777382928326e-05
12.376163148880005,5.322085369306307,0.016100454330444335,0.014070015484461558,0.08,squared_error,9,200,0.6000000000000001,"{'model__learning_rate': 0.08, 'model__loss': 'squared_error', 'model__max_depth': 9, 'model__n_estimators': 200, 'model__subsample': 0.6000000000000001}",-0.14449801462007228,-0.046329998124754246,-0.22945024793493807,-0.43180384086484613,-0.16822574364484555,-0.20406156903789124,0.1282360317946959,397,0.9999999221238015,0.9999999154342111,0.9999998263415892,0.9999998519363733,0.999999813875889,0.9999998659423728,4.490234694242807e-08
18.638976764678954,5.758777662745945,0.01749553680419922,0.01407711391483196,0.08,squared_error,9,200,0.8,"{'model__learning_rate': 0.08, 'model__loss': 'squared_error', 'model__max_depth': 9, 'model__n_estimators': 200, 'model__subsample': 0.8}",-0.12147855921934259,-0.1140789839845393,0.12716438360382898,-0.36259016120760723,-0.15271009992795448,-0.12473868414712293,0.15552179165961263,288,0.9999999999045325,0.99999999992478,0.9999999999400521,0.9999999999133775,0.9999999999565545,0.9999999999278593,1.8630217327601867e-11
10.784178638458252,3.1016752244094454,0.02320556640625,0.015773830948064303,0.08,squared_error,9,500,0.2,"{'model__learning_rate': 0.08, 'model__loss': 'squared_error', 'model__max_depth': 9, 'model__n_estimators': 500, 'model__subsample': 0.2}",-0.7509720681526157,-0.38842628812420066,-0.36702956344902193,-0.83170083185432,-0.4508504349315805,-0.5577958373023477,0.19434821158064108,609,0.9999337894579705,0.9999591769548036,0.9999469275536993,0.9999479194304762,0.9998699389862187,0.9999315504766336,3.1838995692832006e-05
14.669548749923706,4.317943400654718,0.01880183219909668,0.011344834473073084,0.08,squared_error,9,500,0.4,"{'model__learning_rate': 0.08, 'model__loss': 'squared_error', 'model__max_depth': 9, 'model__n_estimators': 500, 'model__subsample': 0.4}",-0.4123591437390024,-0.22201284856897718,-0.613985841935746,-0.500125297031708,-0.4741099019163513,-0.444518606638357,0.12901932881555103,577,0.9999999999678548,0.9999999999592524,0.999999999952136,0.9999999999366369,0.9999999997147951,0.999999999906135,9.621661816117158e-11
34.10276098251343,3.7300050962178863,0.014355087280273437,0.007671373229823569,0.08,squared_error,9,500,0.6000000000000001,"{'model__learning_rate': 0.08, 'model__loss': 'squared_error', 'model__max_depth': 9, 'model__n_estimators': 500, 'model__subsample': 0.6000000000000001}",-0.14445044118776984,-0.04635171561415885,-0.2295065286723823,-0.4318407084374487,-0.16836945335945974,-0.20410376945424388,0.1282424149524091,399,0.9999999999999993,0.9999999999999992,0.9999999999999993,0.9999999999999993,0.9999999999999991,0.9999999999999993,1.1102230246251565e-16
21.49256157875061,5.873142919603235,0.015286874771118165,0.011503210299008514,0.08,squared_error,9,500,0.8,"{'model__learning_rate': 0.08, 'model__loss': 'squared_error', 'model__max_depth': 9, 'model__n_estimators': 500, 'model__subsample': 0.8}",-0.1214783333861178,-0.11407942868133869,0.1271628432895625,-0.3625898191772501,-0.15270985933630166,-0.12473891945828915,0.15552117425959172,289,0.9999999999999993,0.9999999999999993,0.9999999999999994,0.9999999999999993,0.9999999999999992,0.9999999999999993,7.021666937153402e-17
18.052113008499145,4.8819488878814035,0.02156801223754883,0.009177085745478613,0.08,squared_error,9,1000,0.2,"{'model__learning_rate': 0.08, 'model__loss': 'squared_error', 'model__max_depth': 9, 'model__n_estimators': 1000, 'model__subsample': 0.2}",-0.7474341737548589,-0.387256274565726,-0.3679148426119663,-0.8349925694288798,-0.44984849136128924,-0.557489270344544,0.19472617756035346,608,0.9999999939754606,0.999999995637266,0.9999999935156844,0.999999994949122,0.9999999836778489,0.9999999923510764,4.3992884328968335e-09
23.330050945281982,4.1030446889760785,0.020026302337646483,0.00912647113403613,0.08,squared_error,9,1000,0.4,"{'model__learning_rate': 0.08, 'model__loss': 'squared_error', 'model__max_depth': 9, 'model__n_estimators': 1000, 'model__subsample': 0.4}",-0.41235623482135875,-0.22201236256921364,-0.613984660098077,-0.5001271691509872,-0.4741089258411495,-0.4445178704961572,0.12901944760259937,576,0.9999999999999994,0.9999999999999993,0.9999999999999994,0.9999999999999993,0.9999999999999992,0.9999999999999993,8.599750569898517e-17
19.70611443519592,4.885418592437224,0.011287403106689454,0.0023261719879504234,0.08,squared_error,9,1000,0.6000000000000001,"{'model__learning_rate': 0.08, 'model__loss': 'squared_error', 'model__max_depth': 9, 'model__n_estimators': 1000, 'model__subsample': 0.6000000000000001}",-0.14445044065985146,-0.046351714662057786,-0.22950652906254265,-0.43184070953147047,-0.16836945302285167,-0.20410376938775482,0.1282424156585355,398,0.9999999999999994,0.9999999999999993,0.9999999999999994,0.9999999999999993,0.9999999999999992,0.9999999999999993,8.599750569898517e-17
21.240304946899414,3.630404668806796,0.015547752380371094,0.00562229768494411,0.08,squared_error,9,1000,0.8,"{'model__learning_rate': 0.08, 'model__loss': 'squared_error', 'model__max_depth': 9, 'model__n_estimators': 1000, 'model__subsample': 0.8}",-0.12147833338334202,-0.11407942892317924,0.12716284346542783,-0.36258981938044443,-0.15270985942608784,-0.12473891952952514,0.15552117437864085,290,0.9999999999999993,0.9999999999999993,0.9999999999999994,0.9999999999999993,0.9999999999999992,0.9999999999999993,7.021666937153402e-17
2.8826714038848875,0.9337034677191061,0.012306976318359374,0.008145897146954762,0.08,squared_error,12,200,0.2,"{'model__learning_rate': 0.08, 'model__loss': 'squared_error', 'model__max_depth': 12, 'model__n_estimators': 200, 'model__subsample': 0.2}",-0.8598365608566729,-0.2800009234451464,-0.7546330655135638,-0.5191289750661816,-0.40964626300184603,-0.5646491575766821,0.21464020586400961,610,0.98604156860601,0.9825191238213549,0.9742312883205868,0.9779980705934908,0.9745455023859435,0.9790671107454771,0.004594179453460979
6.262146091461181,1.503800695036127,0.009593343734741211,0.0008456846286582726,0.08,squared_error,12,200,0.4,"{'model__learning_rate': 0.08, 'model__loss': 'squared_error', 'model__max_depth': 12, 'model__n_estimators': 200, 'model__subsample': 0.4}",-0.14436944938426,-0.2420825142359111,0.021520248798859498,-0.37707394266593286,-0.2278451573245206,-0.193970162962353,0.13106155506350226,382,0.9999616103844904,0.9999368767017264,0.9999564217503817,0.9999305754445131,0.9998977122020798,0.9999366392966383,2.2658535076939447e-05
8.454260158538819,1.3985048398531528,0.009473419189453125,0.00034306342874414273,0.08,squared_error,12,200,0.6000000000000001,"{'model__learning_rate': 0.08, 'model__loss': 'squared_error', 'model__max_depth': 12, 'model__n_estimators': 200, 'model__subsample': 0.6000000000000001}",-0.2333576414442402,-0.22296811869256294,-0.2982709872554463,-0.3927815375688475,-0.25377636843281137,-0.2802309306787817,0.061917786614948254,473,0.999999943577377,0.9999999273133361,0.999999925227049,0.9999998678953975,0.9999998780817668,0.9999999084189855,2.9793046142826142e-08
14.071059846878052,1.929718821020822,0.012885808944702148,0.006613026645355108,0.08,squared_error,12,200,0.8,"{'model__learning_rate': 0.08, 'model__loss': 'squared_error', 'model__max_depth': 12, 'model__n_estimators': 200, 'model__subsample': 0.8}",-0.28942378782922473,-0.2012210760852533,0.08271548353522107,-0.3940425336323523,-0.22800744429825182,-0.20599587166197222,0.15886051674140686,403,0.9999999999604022,0.999999999953656,0.9999999998805665,0.9999999999562734,0.9999999999536557,0.9999999999409107,3.0272854747352664e-11
5.24023289680481,1.0519695654027468,0.013265562057495118,0.004098535177023253,0.08,squared_error,12,500,0.2,"{'model__learning_rate': 0.08, 'model__loss': 'squared_error', 'model__max_depth': 12, 'model__n_estimators': 500, 'model__subsample': 0.2}",-0.8998496499500765,-0.27985066015312055,-0.8753691199991112,-0.5168951090112277,-0.4585002234612996,-0.606092952514967,0.24288950324938735,614,0.9999523194595357,0.9999279138108706,0.99991737596525,0.9999345083587832,0.9999090575406063,0.9999282350270091,1.4867501259448901e-05
12.837260723114014,1.5888819474657836,0.013703584671020508,0.003194171998594253,0.08,squared_error,12,500,0.4,"{'model__learning_rate': 0.08, 'model__loss': 'squared_error', 'model__max_depth': 12, 'model__n_estimators': 500, 'model__subsample': 0.4}",-0.14333629109056,-0.24146648605946064,0.020750415232342556,-0.37872668978529145,-0.23272585710003968,-0.19510098176060184,0.13157142597443802,384,0.999999999970421,0.9999999999609337,0.9999999999265073,0.9999999999516499,0.9999999996550328,0.999999999892909,1.1983311763076735e-10
18.877129793167114,1.018291351499467,0.01193099021911621,0.001543339284538192,0.08,squared_error,12,500,0.6000000000000001,"{'model__learning_rate': 0.08, 'model__loss': 'squared_error', 'model__max_depth': 12, 'model__n_estimators': 500, 'model__subsample': 0.6000000000000001}",-0.2333216903250166,-0.2229210722883812,-0.29829200835132785,-0.3927887926391811,-0.253890223046062,-0.28024275732999376,0.06192609093803541,474,0.9999999999999993,0.9999999999999993,0.9999999999999994,0.9999999999999993,0.9999999999999992,0.9999999999999993,7.021666937153402e-17
17.71217393875122,0.8926900401211403,0.011865711212158203,0.0027168782343120414,0.08,squared_error,12,500,0.8,"{'model__learning_rate': 0.08, 'model__loss': 'squared_error', 'model__max_depth': 12, 'model__n_estimators': 500, 'model__subsample': 0.8}",-0.2894236262686125,-0.20122091956389787,0.08271584579403324,-0.3940429095767868,-0.2280098524545815,-0.20599629241396905,0.15886078812635226,404,0.9999999999999993,0.9999999999999993,0.9999999999999993,0.9999999999999993,0.9999999999999992,0.9999999999999993,4.965068306494546e-17
9.013281011581421,0.22038842052294277,0.012636470794677734,0.0008506992122417075,0.08,squared_error,12,1000,0.2,"{'model__learning_rate': 0.08, 'model__loss': 'squared_error', 'model__max_depth': 12, 'model__n_estimators': 1000, 'model__subsample': 0.2}",-0.9001780701000943,-0.284250188754245,-0.87654041956191,-0.5192995467597505,-0.4564569938174534,-0.6073450437986907,0.24212675612468157,615,0.9999999902749976,0.9999999959798993,0.9999999766447212,0.9999999907086932,0.9999999886108805,0.9999999884438383,6.395654704244598e-09
17.141385126113892,1.2540927955219625,0.015057182312011719,0.0030039230777988385,0.08,squared_error,12,1000,0.4,"{'model__learning_rate': 0.08, 'model__loss': 'squared_error', 'model__max_depth': 12, 'model__n_estimators': 1000, 'model__subsample': 0.4}",-0.14333297976881454,-0.24146807323941188,0.02074769986753633,-0.3787252361364766,-0.23272772351792437,-0.19510126255901822,0.1315706084602525,385,0.9999999999999994,0.9999999999999993,0.9999999999999994,0.9999999999999994,0.9999999999999993,0.9999999999999994,7.021666937153402e-17
17.4444326877594,0.2248102293847956,0.012720775604248048,0.0017817877203055985,0.08,squared_error,12,1000,0.6000000000000001,"{'model__learning_rate': 0.08, 'model__loss': 'squared_error', 'model__max_depth': 12, 'model__n_estimators': 1000, 'model__subsample': 0.6000000000000001}",-0.23332169151006132,-0.2229210735243774,-0.2982920099912738,-0.3927887920006614,-0.2538902223891175,-0.28024275788309827,0.06192609044905297,475,0.9999999999999994,0.9999999999999993,0.9999999999999994,0.9999999999999993,0.9999999999999992,0.9999999999999993,8.599750569898517e-17
17.702815341949464,0.7475684379747763,0.01983304023742676,0.014806571400533415,0.08,squared_error,12,1000,0.8,"{'model__learning_rate': 0.08, 'model__loss': 'squared_error', 'model__max_depth': 12, 'model__n_estimators': 1000, 'model__subsample': 0.8}",-0.2894236266124608,-0.2012209202101105,0.08271584517134745,-0.39404290889682136,-0.22800985238895444,-0.20599629258739993,0.15886078776945314,405,0.9999999999999993,0.9999999999999993,0.9999999999999994,0.9999999999999993,0.9999999999999992,0.9999999999999993,7.021666937153402e-17
1.3381640434265136,0.06888984871605366,0.008261728286743163,0.0024744826124925624,0.08,absolute_error,6,200,0.2,"{'model__learning_rate': 0.08, 'model__loss': 'absolute_error', 'model__max_depth': 6, 'model__n_estimators': 200, 'model__subsample': 0.2}",-0.2672082838666239,0.01105020770660392,0.07972749929214151,-0.14604453232120806,-0.09621989048517565,-0.08373899993485243,0.12116519334869832,246,0.7113024782903684,0.6910180289738297,0.6286699459296641,0.6990045871332096,0.713667904542428,0.6887325889739,0.031142986812112774
2.9676565647125246,0.07110252849220701,0.010227727890014648,0.003175736201775957,0.08,absolute_error,6,200,0.4,"{'model__learning_rate': 0.08, 'model__loss': 'absolute_error', 'model__max_depth': 6, 'model__n_estimators': 200, 'model__subsample': 0.4}",-0.1536732747174796,-0.036727270008774626,-0.027639231309024126,0.28967606614028996,-0.004125036222475842,0.013502250776507152,0.14747608631248463,150,0.7943161553405628,0.7860257257881006,0.7708397999789358,0.8211088737076104,0.7713175085371577,0.7887216126704735,0.01849412586242553
4.78692774772644,0.19784823775827,0.00990591049194336,0.001388595273772055,0.08,absolute_error,6,200,0.6000000000000001,"{'model__learning_rate': 0.08, 'model__loss': 'absolute_error', 'model__max_depth': 6, 'model__n_estimators': 200, 'model__subsample': 0.6000000000000001}",-0.06950089313557228,0.11185409547027969,0.0500473458738645,0.14094521973691188,0.05439351661565062,0.05754785691222688,0.07226600873119761,46,0.7883389383904266,0.8408994500453306,0.8336694386459013,0.8003205601963126,0.9042878863194204,0.8335032547194784,0.04051197866908862
7.463626384735107,0.7900452772497648,0.02112717628479004,0.015460494566208979,0.08,absolute_error,6,200,0.8,"{'model__learning_rate': 0.08, 'model__loss': 'absolute_error', 'model__max_depth': 6, 'model__n_estimators': 200, 'model__subsample': 0.8}",-0.025276549715134378,-0.09639210886755056,0.04338819136564109,0.017241645411240847,-0.01822409106662337,-0.015852582574485276,0.04729851525725527,201,0.8786182079911555,0.8986887484445965,0.89282743541266,0.891449905848576,0.9139366469748635,0.8951041889343703,0.011470270283293891
4.086705875396729,0.8726366363089397,0.014666938781738281,0.012906274535180286,0.08,absolute_error,6,500,0.2,"{'model__learning_rate': 0.08, 'model__loss': 'absolute_error', 'model__max_depth': 6, 'model__n_estimators': 500, 'model__subsample': 0.2}",-0.16039829856079546,0.018066158737488736,0.09094636696095992,-0.2789323194240052,-0.20028949031714682,-0.10612151652069976,0.13851749300620175,255,0.9242959811567932,0.81453550831925,0.7882281734508759,0.8687659700292709,0.8291406030005606,0.84499324719135,0.04744537858912021
8.613113498687744,1.2829323955899732,0.00960245132446289,0.0011753161999476323,0.08,absolute_error,6,500,0.4,"{'model__learning_rate': 0.08, 'model__loss': 'absolute_error', 'model__max_depth': 6, 'model__n_estimators': 500, 'model__subsample': 0.4}",-0.21619020963931956,-0.0827242303288176,-0.047722966567019354,0.2991981239757219,-0.03405904380379887,-0.0162996652726467,0.1704172098003978,202,0.9204821083276138,0.9096749944814775,0.9144404917442149,0.9512690456860001,0.9042168828435041,0.9200167046165622,0.01652032027238566
22.235625219345092,5.545471392058681,0.016697072982788087,0.012915923005434418,0.08,absolute_error,6,500,0.6000000000000001,"{'model__learning_rate': 0.08, 'model__loss': 'absolute_error', 'model__max_depth': 6, 'model__n_estimators': 500, 'model__subsample': 0.6000000000000001}",-0.10070096444144738,0.11651972863689342,0.048414370420794994,0.10264419145327763,0.012088536564323848,0.0357931725267685,0.07789440213777099,90,0.9261839086891603,0.9282941665852977,0.955677670624331,0.9485146303592428,0.9713751667155083,0.9460091085947081,0.017029699687972993
32.24614353179932,12.039111800973222,0.024222755432128908,0.018102971797275394,0.08,absolute_error,6,500,0.8,"{'model__learning_rate': 0.08, 'model__loss': 'absolute_error', 'model__max_depth': 6, 'model__n_estimators': 500, 'model__subsample': 0.8}",-0.01019428879108042,-0.11516548459802034,-0.03661117456210761,0.013699735889676434,-0.035425305056761,-0.03673930342365859,0.04336160373188042,215,0.9770377127046823,0.9776237041169968,0.9666147442168541,0.9449733118126025,0.9830103336979896,0.9698519613098251,0.013524825681596107
11.852089309692383,3.9100239756624178,0.028949165344238283,0.016493757154686605,0.08,absolute_error,6,1000,0.2,"{'model__learning_rate': 0.08, 'model__loss': 'absolute_error', 'model__max_depth': 6, 'model__n_estimators': 1000, 'model__subsample': 0.2}",-0.15573490566531412,0.05355888591096081,0.04881673535763342,-0.3107319499181218,-0.28044159336091257,-0.12890656553515084,0.1559630132755646,295,0.9748687074116394,0.9586994382427562,0.9131152478691275,0.9347834883991614,0.9168397623756572,0.9396613288596682,0.023880204160278303
29.729006433486937,9.240403703975792,0.017668867111206056,0.013566013412106339,0.08,absolute_error,6,1000,0.4,"{'model__learning_rate': 0.08, 'model__loss': 'absolute_error', 'model__max_depth': 6, 'model__n_estimators': 1000, 'model__subsample': 0.4}",-0.17856722836289163,-0.05439871024378018,-0.15888167939968434,0.30964152048953464,-0.0871157569567893,-0.03386437089472216,0.17766367721681586,213,0.9834515880967998,0.974186692806171,0.9746922385899095,0.9807427347969574,0.9762413868345162,0.9778629282248706,0.003625569780112623
45.75688171386719,14.078306832153894,0.033740568161010745,0.016962670593939324,0.08,absolute_error,6,1000,0.6000000000000001,"{'model__learning_rate': 0.08, 'model__loss': 'absolute_error', 'model__max_depth': 6, 'model__n_estimators': 1000, 'model__subsample': 0.6000000000000001}",-0.13359467476932685,0.15268835277137383,0.054238558733490816,0.06583205810244186,-0.004582340293252551,0.02691639090894542,0.09469476085929433,122,0.9885394831522848,0.9857266087002837,0.9948474548324112,0.9968832060326882,0.9950573401738362,0.9922108185783008,0.004299056222166671
65.29983983039855,9.72887100748549,0.019078397750854494,0.013030907168122129,0.08,absolute_error,6,1000,0.8,"{'model__learning_rate': 0.08, 'model__loss': 'absolute_error', 'model__max_depth': 6, 'model__n_estimators': 1000, 'model__subsample': 0.8}",-0.0034541328616264355,-0.11513981767564907,-0.05925359693959842,-0.029591654772588072,-0.03282083028538052,-0.0480520065069685,0.037915679301737254,225,0.9995127025309128,0.9984405875640344,0.9975681724336843,0.9949658570790755,0.9996223911688668,0.9980219421553148,0.0017032105256929307
1.4326927661895752,0.023199951784300534,0.008610248565673828,0.0004945607565665628,0.08,absolute_error,9,200,0.2,"{'model__learning_rate': 0.08, 'model__loss': 'absolute_error', 'model__max_depth': 9, 'model__n_estimators': 200, 'model__subsample': 0.2}",-0.2672082838666239,0.01105020770660392,0.07972749929214151,-0.14604453232120806,-0.09621989048517565,-0.08373899993485243,0.12116519334869832,246,0.7113024782903684,0.6910180289738297,0.6286699459296641,0.6990045871332096,0.713667904542428,0.6887325889739,0.031142986812112774
5.700225925445556,2.3389216266064983,0.023786020278930665,0.018846978215547056,0.08,absolute_error,9,200,0.4,"{'model__learning_rate': 0.08, 'model__loss': 'absolute_error', 'model__max_depth': 9, 'model__n_estimators': 200, 'model__subsample': 0.4}",-0.2068221866838622,-0.05088553199370072,-0.06395659446130475,0.11193285161949162,-0.01924646566696886,-0.045795585437268985,0.10185127562352277,223,0.767033115092859,0.777117292302492,0.7643240416723025,0.8343296155062055,0.8059730096684952,0.7897554148484709,0.026730692229416982
8.110795736312866,3.9451789067347582,0.008470821380615234,0.00045198982481173196,0.08,absolute_error,9,200,0.6000000000000001,"{'model__learning_rate': 0.08, 'model__loss': 'absolute_error', 'model__max_depth': 9, 'model__n_estimators': 200, 'model__subsample': 0.6000000000000001}",-0.06048806253793404,-0.07030201012202641,0.07748077699071043,0.0761790160671515,0.04574802959231983,0.01372354999804426,0.06566413742320798,147,0.8347722243474187,0.8147556875804374,0.8004708881424659,0.8326303209736543,0.9134752385253571,0.8392208719138667,0.03918429091993911
14.794137620925904,4.681987900005169,0.030099773406982423,0.018922842614449792,0.08,absolute_error,9,200,0.8,"{'model__learning_rate': 0.08, 'model__loss': 'absolute_error', 'model__max_depth': 9, 'model__n_estimators': 200, 'model__subsample': 0.8}",0.10261468675250085,-0.13889557058894808,-0.04434503531293599,0.0746144795642707,-0.01981826922425589,-0.0051659417618736825,0.08673509694201717,192,0.8594010456709955,0.8335872193057283,0.8773753079629714,0.8369351611103137,0.9457556266169825,0.8706108721333983,0.04079940271479936
5.870274925231934,1.929796336310957,0.022319650650024413,0.015920460484219693,0.08,absolute_error,9,500,0.2,"{'model__learning_rate': 0.08, 'model__loss': 'absolute_error', 'model__max_depth': 9, 'model__n_estimators': 500, 'model__subsample': 0.2}",-0.16039829856079546,0.018066158737488736,0.09094636696095992,-0.2789323194240052,-0.20028949031714682,-0.10612151652069976,0.13851749300620175,255,0.9242959811567932,0.81453550831925,0.7882281734508759,0.8687659700292709,0.8291406030005606,0.84499324719135,0.04744537858912021
14.597868394851684,5.199700829171126,0.023054838180541992,0.015771083859831298,0.08,absolute_error,9,500,0.4,"{'model__learning_rate': 0.08, 'model__loss': 'absolute_error', 'model__max_depth': 9, 'model__n_estimators': 500, 'model__subsample': 0.4}",-0.23263214484956984,-0.013360077408008042,-0.21472107597436785,0.04969997615980326,0.019982983078058347,-0.07820606779881682,0.12057347054262539,241,0.905361632073977,0.9036081184492383,0.9325489656917232,0.9670780606770099,0.9270861307921998,0.9271365815368297,0.023031956941593837
23.19389386177063,7.545145018357373,0.016220617294311523,0.012193751024839024,0.08,absolute_error,9,500,0.6000000000000001,"{'model__learning_rate': 0.08, 'model__loss': 'absolute_error', 'model__max_depth': 9, 'model__n_estimators': 500, 'model__subsample': 0.6000000000000001}",-0.08517789815254084,-0.0730817418624341,0.0754159554843088,0.05008064031871651,0.047851196210661806,0.0030176303997424326,0.06787644468638585,170,0.9300597728766776,0.9708174235744911,0.943904447166627,0.9616601818574064,0.9815975143239852,0.9576078679598374,0.018509986624979137
35.886458015441896,10.393651741036491,0.024568462371826173,0.014679635224941066,0.08,absolute_error,9,500,0.8,"{'model__learning_rate': 0.08, 'model__loss': 'absolute_error', 'model__max_depth': 9, 'model__n_estimators': 500, 'model__subsample': 0.8}",0.10838050715411496,-0.09695999313781134,-0.02125402403097776,0.011832943629698556,-0.026734677322420408,-0.004947048741479198,0.06683068637684589,191,0.9712503651638082,0.9690120338861692,0.9802772879462764,0.9770296852642048,0.9897878119070145,0.9774714368334946,0.007348799504848162
14.990582752227784,4.040431228213767,0.01578807830810547,0.013052812843615366,0.08,absolute_error,9,1000,0.2,"{'model__learning_rate': 0.08, 'model__loss': 'absolute_error', 'model__max_depth': 9, 'model__n_estimators': 1000, 'model__subsample': 0.2}",-0.15573490566531412,0.05355888591096081,0.04881673535763342,-0.3107319499181218,-0.28044159336091257,-0.12890656553515084,0.1559630132755646,295,0.9748687074116394,0.9586994382427562,0.9131152478691275,0.9347834883991614,0.9168397623756572,0.9396613288596682,0.023880204160278303
19.56385464668274,6.57565809880681,0.017852592468261718,0.013886675490313399,0.08,absolute_error,9,1000,0.4,"{'model__learning_rate': 0.08, 'model__loss': 'absolute_error', 'model__max_depth': 9, 'model__n_estimators': 1000, 'model__subsample': 0.4}",-0.3031182086456108,-0.012066269418813613,-0.2908169117990138,0.02538471478074722,0.030490583083843115,-0.11002521839976957,0.15339298252543007,262,0.9752396251522476,0.960881821115156,0.9846916102094159,0.9908032001166323,0.9802385694507545,0.9783709652088411,0.010135821775365955
47.34904880523682,10.086460500582564,0.030821847915649413,0.016696180192960562,0.08,absolute_error,9,1000,0.6000000000000001,"{'model__learning_rate': 0.08, 'model__loss': 'absolute_error', 'model__max_depth': 9, 'model__n_estimators': 1000, 'model__subsample': 0.6000000000000001}",-0.037201942551635225,-0.0844130518891677,0.08488085912758492,0.02271667866923588,0.039837013619074324,0.005163911395018439,0.059471023775390014,165,0.9926096322155036,0.9953305936768904,0.9920878704719559,0.9941991947934722,0.9968216861263676,0.9942097954568379,0.0017401932038768988
69.6333300113678,16.028489038578503,0.012310171127319336,0.00039690593159119055,0.08,absolute_error,9,1000,0.8,"{'model__learning_rate': 0.08, 'model__loss': 'absolute_error', 'model__max_depth': 9, 'model__n_estimators': 1000, 'model__subsample': 0.8}",0.1108365773195622,-0.07515293714377669,0.0014868629335428318,-0.010082632768473099,-0.044972879304433944,-0.003577001792715739,0.06323790989902259,186,0.9993365136392015,0.9988264104715018,0.9992619494998162,0.9991102858983493,0.9996808105325741,0.9992431940082886,0.0002799791515552663
1.886871576309204,0.8122997482473585,0.01511540412902832,0.01249396579332705,0.08,absolute_error,12,200,0.2,"{'model__learning_rate': 0.08, 'model__loss': 'absolute_error', 'model__max_depth': 12, 'model__n_estimators': 200, 'model__subsample': 0.2}",-0.2672082838666239,0.01105020770660392,0.07972749929214151,-0.14604453232120806,-0.09621989048517565,-0.08373899993485243,0.12116519334869832,246,0.7113024782903684,0.6910180289738297,0.6286699459296641,0.6990045871332096,0.713667904542428,0.6887325889739,0.031142986812112774
4.940380859375,2.038547380667269,0.020914030075073243,0.015787007409733593,0.08,absolute_error,12,200,0.4,"{'model__learning_rate': 0.08, 'model__loss': 'absolute_error', 'model__max_depth': 12, 'model__n_estimators': 200, 'model__subsample': 0.4}",-0.2068221866838622,-0.05088553199370072,-0.06395659446130475,0.11193285161949162,-0.01924646566696886,-0.045795585437268985,0.10185127562352277,223,0.767033115092859,0.777117292302492,0.7643240416723025,0.8343296155062055,0.8059730096684952,0.7897554148484709,0.026730692229416982
9.706716728210449,3.4733457561518635,0.022309303283691406,0.01686436177893073,0.08,absolute_error,12,200,0.6000000000000001,"{'model__learning_rate': 0.08, 'model__loss': 'absolute_error', 'model__max_depth': 12, 'model__n_estimators': 200, 'model__subsample': 0.6000000000000001}",-0.06048806253793404,-0.07030201012202641,0.07748077699071043,0.12303557382089747,0.04574802959231983,0.023094861548793456,0.07637829616730438,130,0.8347722243474187,0.8147556875804374,0.8004708881424659,0.8531795118961881,0.9134752385253571,0.8433307100983735,0.03935479054305458
12.659779024124145,5.01090009309288,0.023951005935668946,0.018582002822502365,0.08,absolute_error,12,200,0.8,"{'model__learning_rate': 0.08, 'model__loss': 'absolute_error', 'model__max_depth': 12, 'model__n_estimators': 200, 'model__subsample': 0.8}",0.12862450660691915,-0.10588304079733901,0.14847662313829857,0.009699017807541566,-0.010833324701020164,0.03401675641088002,0.09404947946037734,100,0.8264148882339564,0.7723480870482977,0.872772885960321,0.9123711544715366,0.9245658836942822,0.8616945798816789,0.05634021182994251
8.229794645309449,1.160906246087988,0.031022024154663087,0.018893914038665197,0.08,absolute_error,12,500,0.2,"{'model__learning_rate': 0.08, 'model__loss': 'absolute_error', 'model__max_depth': 12, 'model__n_estimators': 500, 'model__subsample': 0.2}",-0.16039829856079546,0.018066158737488736,0.09094636696095992,-0.2789323194240052,-0.20028949031714682,-0.10612151652069976,0.13851749300620175,255,0.9242959811567932,0.81453550831925,0.7882281734508759,0.8687659700292709,0.8291406030005606,0.84499324719135,0.04744537858912021
19.5518816947937,0.10531888724634082,0.00838165283203125,0.0008282246000009728,0.08,absolute_error,12,500,0.4,"{'model__learning_rate': 0.08, 'model__loss': 'absolute_error', 'model__max_depth': 12, 'model__n_estimators': 500, 'model__subsample': 0.4}",-0.23263214484956984,-0.013360077408008042,-0.21472107597436785,0.04969997615980326,0.019982983078058347,-0.07820606779881682,0.12057347054262539,241,0.905361632073977,0.9036081184492383,0.9325489656917232,0.9670780606770099,0.9270861307921998,0.9271365815368297,0.023031956941593837
21.316886234283448,6.641591047092648,0.010172605514526367,0.0010576690276754353,0.08,absolute_error,12,500,0.6000000000000001,"{'model__learning_rate': 0.08, 'model__loss': 'absolute_error', 'model__max_depth': 12, 'model__n_estimators': 500, 'model__subsample': 0.6000000000000001}",-0.10593814931572676,-0.08635949510958252,0.0754159554843088,0.08054094712520221,0.04831044013921615,0.0023939396646835754,0.08143771641237633,172,0.9366280528239967,0.9415720922256268,0.943904447166627,0.9726854643192632,0.9620909455507615,0.951376200417255,0.013699240729510375
32.57690291404724,9.679580936177517,0.02344827651977539,0.01532204651188347,0.08,absolute_error,12,500,0.8,"{'model__learning_rate': 0.08, 'model__loss': 'absolute_error', 'model__max_depth': 12, 'model__n_estimators': 500, 'model__subsample': 0.8}",0.14256529622909342,-0.12421968174176001,0.15566564209722755,-0.06013800536467406,-0.059473558499495205,0.010879938544078338,0.11536810970686422,154,0.9571751909730499,0.9705983813818316,0.9758808408741075,0.9865453115702626,0.9854031578395669,0.9751205765277637,0.01076402492329602
13.691821336746216,5.257176221225596,0.03078465461730957,0.01742770686285524,0.08,absolute_error,12,1000,0.2,"{'model__learning_rate': 0.08, 'model__loss': 'absolute_error', 'model__max_depth': 12, 'model__n_estimators': 1000, 'model__subsample': 0.2}",-0.15573490566531412,0.05355888591096081,0.04881673535763342,-0.3107319499181218,-0.28044159336091257,-0.12890656553515084,0.1559630132755646,295,0.9748687074116394,0.9586994382427562,0.9131152478691275,0.9347834883991614,0.9168397623756572,0.9396613288596682,0.023880204160278303
26.152268409729004,6.324562767082633,0.017314815521240236,0.013878046582536503,0.08,absolute_error,12,1000,0.4,"{'model__learning_rate': 0.08, 'model__loss': 'absolute_error', 'model__max_depth': 12, 'model__n_estimators': 1000, 'model__subsample': 0.4}",-0.3031182086456108,-0.012066269418813613,-0.2908169117990138,0.02538471478074722,0.030490583083843115,-0.11002521839976957,0.15339298252543007,262,0.9752396251522476,0.960881821115156,0.9846916102094159,0.9908032001166323,0.9802385694507545,0.9783709652088411,0.010135821775365955
49.641570520401004,8.977349102650933,0.038196229934692384,0.013203304334160608,0.08,absolute_error,12,1000,0.6000000000000001,"{'model__learning_rate': 0.08, 'model__loss': 'absolute_error', 'model__max_depth': 12, 'model__n_estimators': 1000, 'model__subsample': 0.6000000000000001}",-0.06943749649973996,-0.09054238638489798,0.030919755653624037,0.0376344383078453,0.029625755833180722,-0.012359986617997577,0.05568789985544837,199,0.9882602211343058,0.9945435020340357,0.9946284341754363,0.9975858259905233,0.9932210097603561,0.9936477986189315,0.003048938509205028
58.67646470069885,18.37917367775812,0.012885951995849609,0.0009127144467013102,0.08,absolute_error,12,1000,0.8,"{'model__learning_rate': 0.08, 'model__loss': 'absolute_error', 'model__max_depth': 12, 'model__n_estimators': 1000, 'model__subsample': 0.8}",0.11446857645520725,-0.09063006710736166,0.19269750804128516,-0.06492961433608202,-0.07303086382073243,0.01571510784646326,0.1155540847222568,144,0.9987750537527132,0.9981891036764927,0.9987011540944638,0.9990625481875766,0.9991513116253113,0.9987758342673116,0.00033853172438235693
2.6086852073669435,1.154548580894095,0.024765157699584962,0.019187425825007095,0.1,squared_error,6,200,0.2,"{'model__learning_rate': 0.1, 'model__loss': 'squared_error', 'model__max_depth': 6, 'model__n_estimators': 200, 'model__subsample': 0.2}",-0.5731105393969587,-0.45906806849035076,-0.9356293307239021,-0.581485579406275,-0.11125082125167829,-0.5321088678538329,0.2643499250725735,602,0.9918982380554834,0.990978581381786,0.9926599008825222,0.9927168172511154,0.9895587976322248,0.9915624670406263,0.0011836588343755417
7.625663471221924,1.717810623968796,0.02460479736328125,0.02078410452551758,0.1,squared_error,6,200,0.4,"{'model__learning_rate': 0.1, 'model__loss': 'squared_error', 'model__max_depth': 6, 'model__n_estimators': 200, 'model__subsample': 0.4}",-0.4029620265050924,-0.2881060213465476,-0.21415053631095837,-0.4284345155200171,-0.5469251281219358,-0.37611564556091026,0.11542292859312274,528,0.9999881632630994,0.9999939406219255,0.9999931681587124,0.9999909353061858,0.9999789206111519,0.999989025592215,5.437272027035089e-06
8.647382640838623,3.7440239914258284,0.014782190322875977,0.013292104945857404,0.1,squared_error,6,200,0.6000000000000001,"{'model__learning_rate': 0.1, 'model__loss': 'squared_error', 'model__max_depth': 6, 'model__n_estimators': 200, 'model__subsample': 0.6000000000000001}",-0.3082630831988191,-0.1367834377606576,-0.2795138289316752,-0.4014976787568545,-0.2024372799602201,-0.2656990617216453,0.090625712950501,450,0.9999999943205276,0.9999999925436408,0.9999999933571616,0.999999990467475,0.9999999880139064,0.9999999917405423,2.254917483045178e-09
14.684325456619263,4.25492289279633,0.015465068817138671,0.013667992694963276,0.1,squared_error,6,200,0.8,"{'model__learning_rate': 0.1, 'model__loss': 'squared_error', 'model__max_depth': 6, 'model__n_estimators': 200, 'model__subsample': 0.8}",-0.2744869735097113,-0.08523441049500358,-0.008279908068254516,-0.2942184943729016,-0.1895750684125479,-0.1703589709716838,0.10960738504188013,348,0.9999999999935978,0.9999999999874455,0.9999999999912585,0.9999999999884092,0.9999999999955748,0.9999999999912571,3.0581098698917656e-12
6.827483463287353,3.392029538582526,0.009307575225830079,0.0009927653258164607,0.1,squared_error,6,500,0.2,"{'model__learning_rate': 0.1, 'model__loss': 'squared_error', 'model__max_depth': 6, 'model__n_estimators': 500, 'model__subsample': 0.2}",-0.5713382268608549,-0.44089350190980525,-0.8889319884049232,-0.6050858974535414,-0.12917275068628564,-0.5270844730630821,0.24687602702749897,595,0.9999880656306748,0.9999792290395958,0.9999844376728604,0.9999914863304216,0.9999932363439047,0.9999872910034915,5.0335801473305695e-06
16.28967480659485,5.3486368111569345,0.029752111434936522,0.016480384854361128,0.1,squared_error,6,500,0.4,"{'model__learning_rate': 0.1, 'model__loss': 'squared_error', 'model__max_depth': 6, 'model__n_estimators': 500, 'model__subsample': 0.4}",-0.40185281618305346,-0.28768139019104266,-0.21369443411744515,-0.4285389667363575,-0.5494673019299341,-0.3762469818315666,0.1163293467050231,530,0.9999999999993664,0.9999999999995642,0.9999999999996861,0.9999999999994839,0.9999999999962906,0.9999999999988782,1.2980037570382412e-12
15.709317302703857,6.32370670564504,0.00926985740661621,0.0007997715837352253,0.1,squared_error,6,500,0.6000000000000001,"{'model__learning_rate': 0.1, 'model__loss': 'squared_error', 'model__max_depth': 6, 'model__n_estimators': 500, 'model__subsample': 0.6000000000000001}",-0.30825023425604736,-0.1367945861299249,-0.2795367056374831,-0.40149101758767625,-0.20243309595937875,-0.26570112791410205,0.09062062036995669,452,0.9999999999999993,0.9999999999999993,0.9999999999999994,0.9999999999999993,0.9999999999999992,0.9999999999999993,7.021666937153402e-17
23.198903465270995,2.082847479481384,0.02895493507385254,0.01653618416442216,0.1,squared_error,6,500,0.8,"{'model__learning_rate': 0.1, 'model__loss': 'squared_error', 'model__max_depth': 6, 'model__n_estimators': 500, 'model__subsample': 0.8}",-0.2744868948823962,-0.08523456100354632,-0.008281007992990697,-0.2942186694119686,-0.18957511502326296,-0.17035924966283295,0.10960706262211597,349,0.9999999999999993,0.9999999999999993,0.9999999999999993,0.9999999999999993,0.9999999999999992,0.9999999999999993,4.965068306494546e-17
16.93931941986084,5.0386867711252314,0.024741268157958983,0.017613481551233382,0.1,squared_error,6,1000,0.2,"{'model__learning_rate': 0.1, 'model__loss': 'squared_error', 'model__max_depth': 6, 'model__n_estimators': 1000, 'model__subsample': 0.2}",-0.5723326533858255,-0.44072969024460873,-0.8878372614967256,-0.6060967574594278,-0.12879903052644726,-0.5271590786226069,0.2467878958510643,596,0.9999999997714353,0.9999999996595884,0.9999999996478891,0.9999999998650079,0.9999999998191957,0.9999999997526233,8.607068519429155e-11
21.555171728134155,6.046381762504131,0.009956026077270507,0.0018088314738988753,0.1,squared_error,6,1000,0.4,"{'model__learning_rate': 0.1, 'model__loss': 'squared_error', 'model__max_depth': 6, 'model__n_estimators': 1000, 'model__subsample': 0.4}",-0.40185264947932353,-0.2876813995343348,-0.21369431409098127,-0.4285389074179773,-0.5494676285349147,-0.37624697981150634,0.11632946342073197,529,0.9999999999999994,0.9999999999999994,0.9999999999999994,0.9999999999999993,0.9999999999999993,0.9999999999999993,8.599750569898517e-17
19.778354358673095,6.102577402941429,0.029015827178955077,0.0165885666353994,0.1,squared_error,6,1000,0.6000000000000001,"{'model__learning_rate': 0.1, 'model__loss': 'squared_error', 'model__max_depth': 6, 'model__n_estimators': 1000, 'model__subsample': 0.6000000000000001}",-0.3082502336499575,-0.13679458527270372,-0.27953670577184275,-0.4014910179411053,-0.20243309510956742,-0.26570112754903535,0.09062062078560108,451,0.9999999999999994,0.9999999999999993,0.9999999999999994,0.9999999999999993,0.9999999999999992,0.9999999999999993,8.599750569898517e-17
23.975258541107177,4.30371678653125,0.028892374038696288,0.016252957227338685,0.1,squared_error,6,1000,0.8,"{'model__learning_rate': 0.1, 'model__loss': 'squared_error', 'model__max_depth': 6, 'model__n_estimators': 1000, 'model__subsample': 0.8}",-0.27448689488608125,-0.08523456110159122,-0.008281007687249486,-0.29421866961213383,-0.18957511542760463,-0.1703592497429321,0.10960706275742439,350,0.9999999999999993,0.9999999999999993,0.9999999999999994,0.9999999999999993,0.9999999999999992,0.9999999999999993,7.021666937153402e-17
2.9760836124420167,1.4543596645282857,0.021961402893066407,0.016476267824678238,0.1,squared_error,9,200,0.2,"{'model__learning_rate': 0.1, 'model__loss': 'squared_error', 'model__max_depth': 9, 'model__n_estimators': 200, 'model__subsample': 0.2}",-0.2393238444862924,-0.363204296250756,-0.3919542934710323,-0.39532424758455353,-0.4759025883717469,-0.37314185403287625,0.07669647934141738,524,0.9959943459386501,0.9911635979724517,0.9928272070965871,0.9930790663317335,0.9903736653517168,0.9926875765382279,0.0019382559411399733
8.822913026809692,2.618343427531586,0.021317195892333985,0.01551135251111677,0.1,squared_error,9,200,0.4,"{'model__learning_rate': 0.1, 'model__loss': 'squared_error', 'model__max_depth': 9, 'model__n_estimators': 200, 'model__subsample': 0.4}",-0.2505489418664153,-0.1960992075752146,-0.7406945468069057,-0.43694534845582456,-0.39741363501196014,-0.4043403359432641,0.19040030547692832,556,0.9999957110246043,0.9999896725908269,0.9999946356506315,0.9999927413690604,0.9999858640583269,0.9999917249386898,3.576487271102328e-06
11.580468320846558,5.01586509313953,0.008904647827148438,0.0017396419164540631,0.1,squared_error,9,200,0.6000000000000001,"{'model__learning_rate': 0.1, 'model__loss': 'squared_error', 'model__max_depth': 9, 'model__n_estimators': 200, 'model__subsample': 0.6000000000000001}",-0.28675189916128674,-0.2162233991019109,-0.3004589427883051,-0.3773087509737809,-0.3036877907351889,-0.2968861565520945,0.05125622759215831,486,0.9999999987837876,0.9999999977692242,0.999999998128159,0.9999999919433944,0.9999999978443128,0.9999999968937757,2.500881973412943e-09
18.02807035446167,5.684866479487471,0.008402156829833984,0.0007364008898024163,0.1,squared_error,9,200,0.8,"{'model__learning_rate': 0.1, 'model__loss': 'squared_error', 'model__max_depth': 9, 'model__n_estimators': 200, 'model__subsample': 0.8}",0.11560948944148974,-0.1128071329287661,-0.035729251782491644,-0.3031541433332101,-0.21410355985171292,-0.1100369196909382,0.14461655037193047,264,0.9999999999995779,0.9999999999993228,0.9999999999993859,0.9999999999997644,0.9999999999998656,0.9999999999995834,2.0944130635071591e-13
8.881505489349365,3.6625431178714787,0.02384033203125,0.016801219955999428,0.1,squared_error,9,500,0.2,"{'model__learning_rate': 0.1, 'model__loss': 'squared_error', 'model__max_depth': 9, 'model__n_estimators': 500, 'model__subsample': 0.2}",-0.24219782789877975,-0.3586872345269243,-0.3926417427190272,-0.4094568171677182,-0.49999761405843723,-0.38059624727417735,0.0835090895294745,541,0.999992875532319,0.9999910630989338,0.9999880966812363,0.999987290883852,0.9999829730214577,0.9999884598435598,3.402317334182901e-06
20.844957637786866,8.74078941554198,0.017186546325683595,0.01324392943414028,0.1,squared_error,9,500,0.4,"{'model__learning_rate': 0.1, 'model__loss': 'squared_error', 'model__max_depth': 9, 'model__n_estimators': 500, 'model__subsample': 0.4}",-0.25026313652915344,-0.1957491828675888,-0.7401270750330411,-0.43648882815078305,-0.40059716034909076,-0.4046450765859314,0.19028917953984176,557,0.9999999999997863,0.9999999999996001,0.9999999999999357,0.9999999999998933,0.9999999999974558,0.9999999999993342,9.463448716531186e-13
23.704591941833495,9.770155140747228,0.023375701904296876,0.01648443645436417,0.1,squared_error,9,500,0.6000000000000001,"{'model__learning_rate': 0.1, 'model__loss': 'squared_error', 'model__max_depth': 9, 'model__n_estimators': 500, 'model__subsample': 0.6000000000000001}",-0.2867461675145404,-0.21621902454467534,-0.30046945152655713,-0.3772962381253999,-0.303700825135669,-0.29688634136936837,0.05125439784685196,488,0.9999999999999994,0.9999999999999993,0.9999999999999994,0.9999999999999993,0.9999999999999992,0.9999999999999993,8.599750569898517e-17
20.900693702697755,8.753569564364367,0.024451351165771483,0.017021303160665722,0.1,squared_error,9,500,0.8,"{'model__learning_rate': 0.1, 'model__loss': 'squared_error', 'model__max_depth': 9, 'model__n_estimators': 500, 'model__subsample': 0.8}",0.11560956441984793,-0.11280737118339679,-0.035729195714933715,-0.30315407876949196,-0.21410354457139302,-0.1100369251638735,0.14461656100191705,265,0.9999999999999993,0.9999999999999993,0.9999999999999994,0.9999999999999993,0.9999999999999992,0.9999999999999993,7.021666937153402e-17
16.436094093322755,6.784564468777518,0.03278074264526367,0.01680802225839658,0.1,squared_error,9,1000,0.2,"{'model__learning_rate': 0.1, 'model__loss': 'squared_error', 'model__max_depth': 9, 'model__n_estimators': 1000, 'model__subsample': 0.2}",-0.2433444357432597,-0.3588217661353392,-0.39275593677822873,-0.4079672188388621,-0.5015907365516503,-0.380896018809468,0.0834846489496884,542,0.9999999999331939,0.9999999998327084,0.9999999997166759,0.9999999998209811,0.9999999996434288,0.9999999997893976,1.0014595203149055e-10
18.22890386581421,9.990996120717526,0.02486867904663086,0.015314139076166593,0.1,squared_error,9,1000,0.4,"{'model__learning_rate': 0.1, 'model__loss': 'squared_error', 'model__max_depth': 9, 'model__n_estimators': 1000, 'model__subsample': 0.4}",-0.25026302676040535,-0.19574931933297246,-0.740126987194053,-0.4364887444311667,-0.400597413638371,-0.4046450982713937,0.19028913253733984,558,0.9999999999999994,0.9999999999999993,0.9999999999999994,0.9999999999999994,0.9999999999999993,0.9999999999999994,7.021666937153402e-17
22.592180013656616,8.964212207386806,0.016360044479370117,0.012906664479708778,0.1,squared_error,9,1000,0.6000000000000001,"{'model__learning_rate': 0.1, 'model__loss': 'squared_error', 'model__max_depth': 9, 'model__n_estimators': 1000, 'model__subsample': 0.6000000000000001}",-0.28674616775583783,-0.21621902632944878,-0.300469452292186,-0.37729623700361814,-0.3037008231997187,-0.2968863413161619,0.051254396882754384,487,0.9999999999999994,0.9999999999999993,0.9999999999999994,0.9999999999999993,0.9999999999999993,0.9999999999999993,7.021666937153402e-17
23.260067319869997,6.209447207362323,0.023499202728271485,0.01716504885571401,0.1,squared_error,9,1000,0.8,"{'model__learning_rate': 0.1, 'model__loss': 'squared_error', 'model__max_depth': 9, 'model__n_estimators': 1000, 'model__subsample': 0.8}",0.11560956441775827,-0.11280737140440378,-0.0357291956800756,-0.30315407969108676,-0.21410354426485712,-0.11003692532453299,0.14461656120771174,266,0.9999999999999993,0.9999999999999993,0.9999999999999994,0.9999999999999993,0.9999999999999992,0.9999999999999993,7.021666937153402e-17
4.513256502151489,0.7265522927536858,0.015808582305908203,0.012829876289501226,0.1,squared_error,12,200,0.2,"{'model__learning_rate': 0.1, 'model__loss': 'squared_error', 'model__max_depth': 12, 'model__n_estimators': 200, 'model__subsample': 0.2}",-0.6454726614785036,-0.31748615779309475,-1.529561354998835,-0.45689461004787923,-0.5104540178306858,-0.6919737604297996,0.4317795546817245,628,0.9950079232952189,0.995171155323272,0.9901861594602893,0.9942884631703331,0.9885607223600591,0.9926428847218345,0.0027347042500593297
7.491401481628418,2.85666026359044,0.01609339714050293,0.013692873809000024,0.1,squared_error,12,200,0.4,"{'model__learning_rate': 0.1, 'model__loss': 'squared_error', 'model__max_depth': 12, 'model__n_estimators': 200, 'model__subsample': 0.4}",-0.17340360735780158,-0.28962372654099666,-0.5090448635510092,-0.28229829991742905,-0.43839940034917846,-0.338553979543283,0.11989142268542799,507,0.9999962454935653,0.9999924207858367,0.9999951973601422,0.9999926464535372,0.9999846575793377,0.9999922335344837,4.061545021134927e-06
12.444305181503296,3.9694580317552743,0.01725492477416992,0.0151015174409851,0.1,squared_error,12,200,0.6000000000000001,"{'model__learning_rate': 0.1, 'model__loss': 'squared_error', 'model__max_depth': 12, 'model__n_estimators': 200, 'model__subsample': 0.6000000000000001}",-0.20075838094859577,-0.11733502813688457,-0.5599266776508818,-0.355611546663245,-0.11586981538249996,-0.26990028975642144,0.1692594900607574,456,0.9999999986727919,0.9999999974242358,0.9999999987268667,0.9999999960627348,0.9999999958445112,0.999999997346228,1.2308150536258006e-09
22.983875131607057,6.8139534019977726,0.01575312614440918,0.013517494680733787,0.1,squared_error,12,200,0.8,"{'model__learning_rate': 0.1, 'model__loss': 'squared_error', 'model__max_depth': 12, 'model__n_estimators': 200, 'model__subsample': 0.8}",-0.049806458415107224,-0.1038848396313461,0.05079048701817035,-0.37515099828736154,-0.1570563048455973,-0.12702162283224835,0.1418343455230055,291,0.9999999999998582,0.9999999999998382,0.999999999999537,0.9999999999998439,0.9999999999999069,0.9999999999997968,1.321342183495721e-13
6.351496648788452,2.906117575603245,0.017850065231323244,0.014705006086649328,0.1,squared_error,12,500,0.2,"{'model__learning_rate': 0.1, 'model__loss': 'squared_error', 'model__max_depth': 12, 'model__n_estimators': 500, 'model__subsample': 0.2}",-0.6553244840958132,-0.3178178258900992,-1.4866693740904213,-0.47274348432056756,-0.5492862256871545,-0.6963682788168111,0.4101711932237827,629,0.9999947855762701,0.9999906052730544,0.9999858914638801,0.9999889491032796,0.9999777759971457,0.999987601482726,5.690595204134993e-06
23.40486660003662,7.932787213310537,0.032683372497558594,0.016400328689432562,0.1,squared_error,12,500,0.4,"{'model__learning_rate': 0.1, 'model__loss': 'squared_error', 'model__max_depth': 12, 'model__n_estimators': 500, 'model__subsample': 0.4}",-0.17315175433059582,-0.28898491230839096,-0.5088739853999116,-0.2825886456518243,-0.4429403764269857,-0.33930793482354166,0.12070599747814433,509,0.9999999999998924,0.9999999999984159,0.9999999999998554,0.9999999999997753,0.9999999999970406,0.999999999998996,1.1233540416489957e-12
20.584486055374146,8.192282356971074,0.01817631721496582,0.014084755108602532,0.1,squared_error,12,500,0.6000000000000001,"{'model__learning_rate': 0.1, 'model__loss': 'squared_error', 'model__max_depth': 12, 'model__n_estimators': 500, 'model__subsample': 0.6000000000000001}",-0.2007556699443671,-0.11732910865404755,-0.5599375476836077,-0.35560695940143616,-0.11587616767123032,-0.26990109067093776,0.16926288319675659,458,0.9999999999999993,0.9999999999999993,0.9999999999999994,0.9999999999999993,0.9999999999999992,0.9999999999999993,7.021666937153402e-17
24.964858531951904,6.81192909874808,0.016802120208740234,0.013189339514819296,0.1,squared_error,12,500,0.8,"{'model__learning_rate': 0.1, 'model__loss': 'squared_error', 'model__max_depth': 12, 'model__n_estimators': 500, 'model__subsample': 0.8}",-0.04980641990318668,-0.10388491161316837,0.05079043603410116,-0.37515103707313346,-0.157056366194825,-0.12702165975004248,0.1418343507533173,293,0.9999999999999993,0.9999999999999993,0.9999999999999994,0.9999999999999993,0.9999999999999992,0.9999999999999993,7.021666937153402e-17
22.85991334915161,1.1611666368485518,0.04549002647399902,0.001385038548842804,0.1,squared_error,12,1000,0.2,"{'model__learning_rate': 0.1, 'model__loss': 'squared_error', 'model__max_depth': 12, 'model__n_estimators': 1000, 'model__subsample': 0.2}",-0.6531075276088831,-0.31866035370241685,-1.4890999312383943,-0.4721160451311217,-0.5496937838947524,-0.6965355283151137,0.41103785080015137,630,0.9999999997957598,0.9999999997604881,0.9999999995897915,0.9999999998827227,0.999999999618857,0.9999999997295239,1.1008012656327999e-10
22.54324164390564,6.7213421113076794,0.020247697830200195,0.013906546814287856,0.1,squared_error,12,1000,0.4,"{'model__learning_rate': 0.1, 'model__loss': 'squared_error', 'model__max_depth': 12, 'model__n_estimators': 1000, 'model__subsample': 0.4}",-0.17315174013409895,-0.28898479233211627,-0.5088738439056506,-0.2825886354248497,-0.4429403561296341,-0.3393078735852699,0.1207059691123463,508,0.9999999999999994,0.9999999999999993,0.9999999999999994,0.9999999999999993,0.9999999999999993,0.9999999999999993,7.021666937153402e-17
32.63772978782654,9.353374646786042,0.01768045425415039,0.01362186800311189,0.1,squared_error,12,1000,0.6000000000000001,"{'model__learning_rate': 0.1, 'model__loss': 'squared_error', 'model__max_depth': 12, 'model__n_estimators': 1000, 'model__subsample': 0.6000000000000001}",-0.20075567001326733,-0.11732910898651827,-0.5599375471873775,-0.35560695864150893,-0.11587616782079002,-0.2699010905298924,0.1692628828569528,457,0.9999999999999994,0.9999999999999993,0.9999999999999994,0.9999999999999993,0.9999999999999993,0.9999999999999993,7.021666937153402e-17
27.344251585006713,10.700349336452563,0.025205707550048827,0.01878733562424518,0.1,squared_error,12,1000,0.8,"{'model__learning_rate': 0.1, 'model__loss': 'squared_error', 'model__max_depth': 12, 'model__n_estimators': 1000, 'model__subsample': 0.8}",-0.049806419802505664,-0.10388491139213474,0.05079043662372651,-0.3751510370306712,-0.15705636616498353,-0.12702165955331374,0.14183435090320795,292,0.9999999999999993,0.9999999999999993,0.9999999999999994,0.9999999999999993,0.9999999999999992,0.9999999999999993,7.021666937153402e-17
3.606685256958008,0.02938214875589227,0.03510408401489258,0.014107270054077971,0.1,absolute_error,6,200,0.2,"{'model__learning_rate': 0.1, 'model__loss': 'absolute_error', 'model__max_depth': 6, 'model__n_estimators': 200, 'model__subsample': 0.2}",-0.22514640334420233,0.07215634032345886,-0.12377800816470486,-0.20529369060559177,0.06774912900385988,-0.08286252655743605,0.12932353849068925,243,0.7329243244889617,0.6873937034361053,0.6926649790162873,0.6989685498806899,0.7164685935249253,0.7056840300693938,0.016777782105104236
5.815746927261353,2.196750856277555,0.015084552764892577,0.012597917430030513,0.1,absolute_error,6,200,0.4,"{'model__learning_rate': 0.1, 'model__loss': 'absolute_error', 'model__max_depth': 6, 'model__n_estimators': 200, 'model__subsample': 0.4}",-0.033870787608521136,0.13202494972284784,0.15083637354864532,-0.11461915054819127,0.08174318945389225,0.0432229149137346,0.10179177374830706,76,0.8301611713986976,0.8350744682903755,0.7468950389021645,0.8394120037964089,0.8920467388667429,0.8287178842508778,0.046609817161652134
6.344630527496338,2.4760257170301965,0.009954738616943359,0.0012203002000212276,0.1,absolute_error,6,200,0.6000000000000001,"{'model__learning_rate': 0.1, 'model__loss': 'absolute_error', 'model__max_depth': 6, 'model__n_estimators': 200, 'model__subsample': 0.6000000000000001}",0.00014191255331674757,0.03302518959899048,0.09123731504358712,0.13486797483121526,0.07559269029858451,0.06697301646513883,0.04667254381975997,35,0.9012723200826946,0.8433096607679865,0.8628213437544583,0.8859169472099924,0.8964226065947389,0.8779485756819743,0.021805822103519924
13.5718364238739,3.865843564587716,0.016151285171508788,0.014803443458464289,0.1,absolute_error,6,200,0.8,"{'model__learning_rate': 0.1, 'model__loss': 'absolute_error', 'model__max_depth': 6, 'model__n_estimators': 200, 'model__subsample': 0.8}",-0.0010932576553970286,0.03380910989298924,0.3085474748832857,0.0023177038376882564,-0.08057018596093601,0.052602168999526036,0.13342247268020083,55,0.887409337290176,0.9204933397105791,0.8076472427653106,0.8301282360527039,0.9633771754084505,0.881811066245444,0.05718754538015643
4.962861394882202,2.0640008918917743,0.00829782485961914,0.0005865730972456513,0.1,absolute_error,6,500,0.2,"{'model__learning_rate': 0.1, 'model__loss': 'absolute_error', 'model__max_depth': 6, 'model__n_estimators': 500, 'model__subsample': 0.2}",-0.20925424578865925,-0.02134530484739372,-0.20833751931348887,-0.28773071022787744,0.003714356969224397,-0.144590684641639,0.11481978139985398,315,0.8951060200066686,0.8416124394233827,0.8523141455739134,0.8720328475575927,0.8492482590657302,0.8620627423254575,0.019332471165798386
16.503835439682007,3.118564479222644,0.03152046203613281,0.017872470307528376,0.1,absolute_error,6,500,0.4,"{'model__learning_rate': 0.1, 'model__loss': 'absolute_error', 'model__max_depth': 6, 'model__n_estimators': 500, 'model__subsample': 0.4}",0.05826478826666526,0.08283086900738623,0.23807139069176642,-0.20571990427998887,0.0937951430481534,0.053448457346796485,0.14406126848727907,53,0.9449208273186274,0.9465632537586693,0.9311276042026015,0.9531262025399934,0.9827493813948776,0.9516974538429537,0.017097747917849206
24.72682433128357,8.710226517585793,0.02404050827026367,0.017683307916355355,0.1,absolute_error,6,500,0.6000000000000001,"{'model__learning_rate': 0.1, 'model__loss': 'absolute_error', 'model__max_depth': 6, 'model__n_estimators': 500, 'model__subsample': 0.6000000000000001}",0.027926079853112018,0.04824067338181137,0.12574606964820267,0.04022935174821507,0.11910150787147955,0.07224873650056414,0.041528960559988996,17,0.9804948871194488,0.9773837342854198,0.9696491997863246,0.978516865766493,0.9866013933344295,0.978529216058423,0.005462433133872788
40.174684572219846,5.902341876960579,0.044121313095092776,0.0027470628305985003,0.1,absolute_error,6,500,0.8,"{'model__learning_rate': 0.1, 'model__loss': 'absolute_error', 'model__max_depth': 6, 'model__n_estimators': 500, 'model__subsample': 0.8}",0.0785245654872535,0.037733788117507605,0.23753045051527666,-0.08835934168496173,-0.09261728252931034,0.03456243598115314,0.12200261099993441,98,0.9868760256583093,0.9810921294889465,0.9791445464153851,0.9832433422867329,0.9956570052535849,0.9852026098205918,0.005822879261720823
14.08126449584961,4.191348899933505,0.023969316482543947,0.01802258058123503,0.1,absolute_error,6,1000,0.2,"{'model__learning_rate': 0.1, 'model__loss': 'absolute_error', 'model__max_depth': 6, 'model__n_estimators': 1000, 'model__subsample': 0.2}",-0.3102111910006484,-0.009532588784350704,-0.3273234868678121,-0.2695583928764065,-0.0428465828363056,-0.19189444847310466,0.13699830537867938,375,0.9690618780942603,0.9317024130011207,0.9601788737457844,0.9495335683898113,0.9279083100965715,0.9476770086655097,0.015893679465311086
28.87757725715637,10.674217324757263,0.018094730377197266,0.013899597888988084,0.1,absolute_error,6,1000,0.4,"{'model__learning_rate': 0.1, 'model__loss': 'absolute_error', 'model__max_depth': 6, 'model__n_estimators': 1000, 'model__subsample': 0.4}",0.0631239177628321,0.1307300303060165,0.2910077899633141,-0.21067035172150517,0.09072804587538985,0.07298388643720947,0.1623211881685846,16,0.9876521584150937,0.9877862604129538,0.9850593958542534,0.9917202153310829,0.9947665491622807,0.9893969158351329,0.0034258765752491287
53.474773263931276,13.45956829490056,0.02636609077453613,0.01589003669292953,0.1,absolute_error,6,1000,0.6000000000000001,"{'model__learning_rate': 0.1, 'model__loss': 'absolute_error', 'model__max_depth': 6, 'model__n_estimators': 1000, 'model__subsample': 0.6000000000000001}",0.016175942130151166,0.04106558197759569,0.1422086657475905,-0.00026303503562186137,0.10465420455454533,0.06076827187485216,0.054147954948938544,44,0.9986908097423953,0.9983298211712144,0.9981327479738819,0.9966972699154542,0.9992136463997755,0.9982128590405444,0.0008422731778824546
65.07943286895753,15.180703312045301,0.026023292541503908,0.01700975104627656,0.1,absolute_error,6,1000,0.8,"{'model__learning_rate': 0.1, 'model__loss': 'absolute_error', 'model__max_depth': 6, 'model__n_estimators': 1000, 'model__subsample': 0.8}",0.06075424119782291,0.024373994432816737,0.21896972563894335,-0.13416947380594713,-0.10664710005947575,0.012656277480832024,0.12712753834526164,151,0.9997147577836979,0.9990563191298111,0.9995543859209811,0.9996174978041359,0.9998490606195515,0.9995584042516356,0.0002700093389808228
3.2364823818206787,0.8614021992209991,0.023546648025512696,0.0183523218748869,0.1,absolute_error,9,200,0.2,"{'model__learning_rate': 0.1, 'model__loss': 'absolute_error', 'model__max_depth': 9, 'model__n_estimators': 200, 'model__subsample': 0.2}",-0.22514640334420233,0.07215634032345886,-0.12377800816470486,-0.20529369060559177,0.06774912900385988,-0.08286252655743605,0.12932353849068925,243,0.7329243244889617,0.6873937034361053,0.6926649790162873,0.6989685498806899,0.7164685935249253,0.7056840300693938,0.016777782105104236
5.4983906745910645,2.2697515488672604,0.008838701248168945,0.0009307120197916954,0.1,absolute_error,9,200,0.4,"{'model__learning_rate': 0.1, 'model__loss': 'absolute_error', 'model__max_depth': 9, 'model__n_estimators': 200, 'model__subsample': 0.4}",-0.033870787608521136,0.006739155200614189,0.004152051563198533,-0.053671482671382664,0.03327201723831308,-0.0086758092555556,0.031052191066912444,195,0.8301611713986976,0.8195230124437238,0.7692746679108946,0.8523705307215379,0.8562872176624345,0.8255233200274577,0.031268560379777426
9.786286067962646,3.773465147513334,0.018089485168457032,0.02017083658745462,0.1,absolute_error,9,200,0.6000000000000001,"{'model__learning_rate': 0.1, 'model__loss': 'absolute_error', 'model__max_depth': 9, 'model__n_estimators': 200, 'model__subsample': 0.6000000000000001}",-0.08106990006629022,0.0017546642542177748,0.06157851857304042,0.10216796094533387,0.06833579192957928,0.030553407127176226,0.06451021742333334,111,0.8876567323268296,0.8300722406846888,0.8604818301137157,0.8154379267184501,0.939890507275342,0.8667078474238054,0.04428113192647186
13.352914571762085,4.660033519356413,0.015761852264404297,0.013035700149006088,0.1,absolute_error,9,200,0.8,"{'model__learning_rate': 0.1, 'model__loss': 'absolute_error', 'model__max_depth': 9, 'model__n_estimators': 200, 'model__subsample': 0.8}",0.011992583734632634,0.052528167026416384,0.023853551163251385,-0.1354930757304038,0.024718769737900104,-0.004480000813640661,0.06684468776301418,190,0.9000224239014635,0.9113263486225247,0.9114664933744974,0.9328050926428462,0.9531380223975845,0.9217516761877832,0.018941560595678197
6.9516809463500975,2.722106117624219,0.023163270950317384,0.017692938953522336,0.1,absolute_error,9,500,0.2,"{'model__learning_rate': 0.1, 'model__loss': 'absolute_error', 'model__max_depth': 9, 'model__n_estimators': 500, 'model__subsample': 0.2}",-0.20925424578865925,-0.02134530484739372,-0.20833751931348887,-0.28773071022787744,0.003714356969224397,-0.144590684641639,0.11481978139985398,315,0.8951060200066686,0.8416124394233827,0.8523141455739134,0.8720328475575927,0.8492482590657302,0.8620627423254575,0.019332471165798386
16.873575019836426,4.591000432449036,0.036913394927978516,0.013016862407631795,0.1,absolute_error,9,500,0.4,"{'model__learning_rate': 0.1, 'model__loss': 'absolute_error', 'model__max_depth': 9, 'model__n_estimators': 500, 'model__subsample': 0.4}",-0.08965212810705214,-0.009175972469426252,0.06753971258918257,-0.1047195559291878,0.007578595090794615,-0.025685869765137804,0.06388758297370585,205,0.943372315250245,0.9756365763206902,0.9211623083350013,0.9281290263584389,0.954244753811521,0.9445089960151792,0.019382334793816465
20.500477743148803,9.218544131960765,0.0244295597076416,0.01721468930751133,0.1,absolute_error,9,500,0.6000000000000001,"{'model__learning_rate': 0.1, 'model__loss': 'absolute_error', 'model__max_depth': 9, 'model__n_estimators': 500, 'model__subsample': 0.6000000000000001}",-0.08052988197758193,0.0736360961059831,0.09501810207620709,0.06819111868385475,0.032725266914712,0.037808140360635,0.06246514330018732,87,0.979738545398348,0.9665042047793416,0.975798615608707,0.974000979082727,0.9799529103921816,0.975199051052261,0.004911240033904586
37.56519923210144,11.389980336812641,0.023723316192626954,0.01624194794783245,0.1,absolute_error,9,500,0.8,"{'model__learning_rate': 0.1, 'model__loss': 'absolute_error', 'model__max_depth': 9, 'model__n_estimators': 500, 'model__subsample': 0.8}",0.08040391525074675,0.055448325280455624,-0.019926388052722288,-0.15404974384388792,-0.01636982043274804,-0.010898742359631175,0.08165996446134906,198,0.9847118967385636,0.9949402096260599,0.9933309042233309,0.9780838260099806,0.9984848058353442,0.9899103284866559,0.007448644949524866
12.629488515853883,4.759683108612813,0.016128110885620116,0.012666108886042676,0.1,absolute_error,9,1000,0.2,"{'model__learning_rate': 0.1, 'model__loss': 'absolute_error', 'model__max_depth': 9, 'model__n_estimators': 1000, 'model__subsample': 0.2}",-0.3102111910006484,-0.009532588784350704,-0.3273234868678121,-0.2695583928764065,-0.0428465828363056,-0.19189444847310466,0.13699830537867938,375,0.9690618780942603,0.9317024130011207,0.9601788737457844,0.9495335683898113,0.9279083100965715,0.9476770086655097,0.015893679465311086
29.619957733154298,10.150350160069962,0.016667604446411133,0.013228665152311383,0.1,absolute_error,9,1000,0.4,"{'model__learning_rate': 0.1, 'model__loss': 'absolute_error', 'model__max_depth': 9, 'model__n_estimators': 1000, 'model__subsample': 0.4}",-0.09356301372221743,0.011229675810489947,0.08434943825659458,-0.15333954868438382,0.007440341137846751,-0.028776621440333994,0.0841699198635382,208,0.9917132426233016,0.996889527365781,0.9929979737807626,0.9939113832117636,0.9937357796745966,0.9938495813312411,0.001705709276370288
38.034526014328,13.428037544503056,0.024989223480224608,0.015697296784784324,0.1,absolute_error,9,1000,0.6000000000000001,"{'model__learning_rate': 0.1, 'model__loss': 'absolute_error', 'model__max_depth': 9, 'model__n_estimators': 1000, 'model__subsample': 0.6000000000000001}",-0.09903327637949455,0.06867393150978784,0.07699829446455675,0.023103967502270284,0.0018280603720897126,0.014314195493842007,0.06319033186462833,146,0.9992187737791878,0.9978573662689632,0.998335370579569,0.9987731193652677,0.9980330115854421,0.998443528315686,0.0004966777255635386
57.10048580169678,24.863237830174214,0.02643580436706543,0.017506005708482323,0.1,absolute_error,9,1000,0.8,"{'model__learning_rate': 0.1, 'model__loss': 'absolute_error', 'model__max_depth': 9, 'model__n_estimators': 1000, 'model__subsample': 0.8}",0.08629342992203448,0.054724893472201885,-0.0286407210938735,-0.18088100942390373,-0.02037838631895572,-0.017776358688499316,0.09253635445174399,203,0.9990353229427863,0.9997905809147477,0.9999425801183011,0.9993090443699857,0.9999872762048464,0.9996129609101334,0.00037585649202443984
3.680820369720459,0.09241650066038155,0.021210765838623045,0.017470928084425862,0.1,absolute_error,12,200,0.2,"{'model__learning_rate': 0.1, 'model__loss': 'absolute_error', 'model__max_depth': 12, 'model__n_estimators': 200, 'model__subsample': 0.2}",-0.22514640334420233,0.07215634032345886,-0.12377800816470486,-0.20529369060559177,0.06774912900385988,-0.08286252655743605,0.12932353849068925,243,0.7329243244889617,0.6873937034361053,0.6926649790162873,0.6989685498806899,0.7164685935249253,0.7056840300693938,0.016777782105104236
7.0536846160888675,1.3307843051126234,0.02057337760925293,0.01581596103656353,0.1,absolute_error,12,200,0.4,"{'model__learning_rate': 0.1, 'model__loss': 'absolute_error', 'model__max_depth': 12, 'model__n_estimators': 200, 'model__subsample': 0.4}",-0.033870787608521136,0.006739155200614189,0.004152051563198533,-0.053671482671382664,0.03327201723831308,-0.0086758092555556,0.031052191066912444,195,0.8301611713986976,0.8195230124437238,0.7692746679108946,0.8523705307215379,0.8562872176624345,0.8255233200274577,0.031268560379777426
9.55317268371582,3.669628367921998,0.015314483642578125,0.01391418099760226,0.1,absolute_error,12,200,0.6000000000000001,"{'model__learning_rate': 0.1, 'model__loss': 'absolute_error', 'model__max_depth': 12, 'model__n_estimators': 200, 'model__subsample': 0.6000000000000001}",0.07293867229691164,0.0017546642542177748,0.06157851857304042,0.10607036780574297,0.06833579192957928,0.06213560297189842,0.03385728965647714,42,0.9364889180924096,0.8300722406846888,0.8604818301137157,0.8484340755861564,0.939890507275342,0.8830735143504624,0.04604516471182235
14.08562741279602,5.550717123200276,0.02883176803588867,0.016629323879579244,0.1,absolute_error,12,200,0.8,"{'model__learning_rate': 0.1, 'model__loss': 'absolute_error', 'model__max_depth': 12, 'model__n_estimators': 200, 'model__subsample': 0.8}",-0.04240210186480442,-0.05913340233433084,0.1887290361563022,-0.11481968617726723,-0.00398044889668725,-0.006321320623357507,0.10383925600448297,193,0.8925330902163894,0.9175433753223177,0.9283449781434543,0.95237350117887,0.9338032361992323,0.9249196362120529,0.019736583310888053
5.728539896011353,2.597003084709557,0.00898289680480957,0.0007278377310993804,0.1,absolute_error,12,500,0.2,"{'model__learning_rate': 0.1, 'model__loss': 'absolute_error', 'model__max_depth': 12, 'model__n_estimators': 500, 'model__subsample': 0.2}",-0.20925424578865925,-0.02134530484739372,-0.20833751931348887,-0.28773071022787744,0.003714356969224397,-0.144590684641639,0.11481978139985398,315,0.8951060200066686,0.8416124394233827,0.8523141455739134,0.8720328475575927,0.8492482590657302,0.8620627423254575,0.019332471165798386
14.755628156661988,5.685124230172865,0.02330169677734375,0.015730228005739682,0.1,absolute_error,12,500,0.4,"{'model__learning_rate': 0.1, 'model__loss': 'absolute_error', 'model__max_depth': 12, 'model__n_estimators': 500, 'model__subsample': 0.4}",-0.08965212810705214,-0.009175972469426252,0.06753971258918257,-0.1047195559291878,0.007578595090794615,-0.025685869765137804,0.06388758297370585,205,0.943372315250245,0.9756365763206902,0.9211623083350013,0.9281290263584389,0.954244753811521,0.9445089960151792,0.019382334793816465
20.27588939666748,9.401071043991788,0.023775339126586914,0.016075445230523334,0.1,absolute_error,12,500,0.6000000000000001,"{'model__learning_rate': 0.1, 'model__loss': 'absolute_error', 'model__max_depth': 12, 'model__n_estimators': 500, 'model__subsample': 0.6000000000000001}",0.09656229808803407,0.0736172514962582,0.09501810207620709,0.0448161157575071,0.032725266914712,0.06854780686654369,0.025913838184393818,26,0.9890656303637221,0.96650425536249,0.975798615608707,0.9461135588396773,0.9799529103921816,0.9714869941133555,0.014614439255947425
34.87643179893494,10.685009092852614,0.009816646575927734,0.00040932888736380704,0.1,absolute_error,12,500,0.8,"{'model__learning_rate': 0.1, 'model__loss': 'absolute_error', 'model__max_depth': 12, 'model__n_estimators': 500, 'model__subsample': 0.8}",0.025233906602437628,-0.0736619085067256,0.23487279009006945,-0.16556000461435416,-0.02168309370552679,-0.00015966202681989562,0.13349771425211832,177,0.987430398386104,0.9918251739910463,0.9951692014413496,0.9936448430017449,0.9957111709145476,0.9927561575469586,0.0029858026625094224
7.643948984146118,1.0452671305368282,0.016250181198120116,0.01341918725730798,0.1,absolute_error,12,1000,0.2,"{'model__learning_rate': 0.1, 'model__loss': 'absolute_error', 'model__max_depth': 12, 'model__n_estimators': 1000, 'model__subsample': 0.2}",-0.3102111910006484,-0.009532588784350704,-0.3273234868678121,-0.2695583928764065,-0.0428465828363056,-0.19189444847310466,0.13699830537867938,375,0.9690618780942603,0.9317024130011207,0.9601788737457844,0.9495335683898113,0.9279083100965715,0.9476770086655097,0.015893679465311086
32.770272970199585,8.766775553304841,0.0307891845703125,0.017176444846412425,0.1,absolute_error,12,1000,0.4,"{'model__learning_rate': 0.1, 'model__loss': 'absolute_error', 'model__max_depth': 12, 'model__n_estimators': 1000, 'model__subsample': 0.4}",-0.09356301372221743,0.011229675810489947,0.08434943825659458,-0.15333954868438382,0.007440341137846751,-0.028776621440333994,0.0841699198635382,208,0.9917132426233016,0.996889527365781,0.9929979737807626,0.9939113832117636,0.9937357796745966,0.9938495813312411,0.001705709276370288
39.42773609161377,10.366479049110263,0.033598899841308594,0.017472843814755508,0.1,absolute_error,12,1000,0.6000000000000001,"{'model__learning_rate': 0.1, 'model__loss': 'absolute_error', 'model__max_depth': 12, 'model__n_estimators': 1000, 'model__subsample': 0.6000000000000001}",0.09096197545098683,0.0888541535601467,0.07242510176855721,-0.005183608159754716,-0.007364982685457155,0.047938527986895775,0.04473284561657338,68,0.9997611847196352,0.9988878678650852,0.9986023379050497,0.9988029781802479,0.9987169941079428,0.9989542725555921,0.0004143828836677547
63.29995579719544,20.993635057228417,0.017917585372924805,0.012336197301823651,0.1,absolute_error,12,1000,0.8,"{'model__learning_rate': 0.1, 'model__loss': 'absolute_error', 'model__max_depth': 12, 'model__n_estimators': 1000, 'model__subsample': 0.8}",0.020360013039549485,-0.0682746466619184,0.23692433948113667,-0.1764992396395062,-0.03367073216040639,-0.004232053188228968,0.1366786366430065,189,0.9992986453474191,0.9972615978640544,0.9999246329688039,0.9999136519904335,0.9999450659748721,0.9992687188291166,0.00103276694056977
4.415379285812378,0.11010207765395857,0.01367340087890625,0.013356161317158693,0.12000000000000001,squared_error,6,200,0.2,"{'model__learning_rate': 0.12000000000000001, 'model__loss': 'squared_error', 'model__max_depth': 6, 'model__n_estimators': 200, 'model__subsample': 0.2}",-0.8008052643610712,-0.09319267292853217,-1.3046726441659486,-0.7698842056415665,-0.3348701007790833,-0.6606849775752404,0.4182059613814938,624,0.9964955575385714,0.9961586179872381,0.996407780155522,0.9962812398493666,0.9950467324013145,0.9960779855864026,0.0005280961662975201
8.78148946762085,0.05765665676185027,0.014635419845581055,0.01300116233721569,0.12000000000000001,squared_error,6,200,0.4,"{'model__learning_rate': 0.12000000000000001, 'model__loss': 'squared_error', 'model__max_depth': 6, 'model__n_estimators': 200, 'model__subsample': 0.4}",-0.35514387565893757,-0.2669125826753216,-0.9475103343507802,-0.3521360051308655,-0.508697080142726,-0.4860799755917261,0.2435360774131763,585,0.9999992736003872,0.9999991639384284,0.9999986963693634,0.99999758707393,0.9999975862924698,0.9999984614549158,7.400945297666484e-07
11.749121761322021,2.8101440085721214,0.021816205978393555,0.015528229807860089,0.12000000000000001,squared_error,6,200,0.6000000000000001,"{'model__learning_rate': 0.12000000000000001, 'model__loss': 'squared_error', 'model__max_depth': 6, 'model__n_estimators': 200, 'model__subsample': 0.6000000000000001}",-0.6054839518181234,-0.20200828380901004,-0.02716912071712274,-0.3091326799445435,-0.3363051194563469,-0.2960198311490293,0.18904061403414818,483,0.9999999998516977,0.9999999998342708,0.9999999998298849,0.999999999573933,0.9999999997649621,0.9999999997709498,1.0281495469034466e-10
11.216297245025634,5.234914662598686,0.015006351470947265,0.013054345803697062,0.12000000000000001,squared_error,6,200,0.8,"{'model__learning_rate': 0.12000000000000001, 'model__loss': 'squared_error', 'model__max_depth': 6, 'model__n_estimators': 200, 'model__subsample': 0.8}",-0.040503728405530515,-0.21615462784684292,0.08788980633191712,-0.2901940673395993,-0.19841923831186015,-0.13147637111438315,0.1365581218791044,300,0.999999999999952,0.9999999999999498,0.9999999999999662,0.9999999999999424,0.9999999999999383,0.9999999999999497,9.628648808950269e-15
8.2673104763031,3.373409821284715,0.023694992065429688,0.017404736112945757,0.12000000000000001,squared_error,6,500,0.2,"{'model__learning_rate': 0.12000000000000001, 'model__loss': 'squared_error', 'model__max_depth': 6, 'model__n_estimators': 500, 'model__subsample': 0.2}",-0.8209607350568897,-0.09501594105683142,-1.259027188356432,-0.7384626633545242,-0.34838958450961965,-0.6523712224668593,0.40172512165153085,623,0.9999983364670749,0.9999982745157132,0.9999977840638214,0.9999986405835478,0.9999980330806745,0.9999982137421665,2.89209421297834e-07
16.647620582580565,5.3368139877305705,0.023083829879760744,0.016697161981382255,0.12000000000000001,squared_error,6,500,0.4,"{'model__learning_rate': 0.12000000000000001, 'model__loss': 'squared_error', 'model__max_depth': 6, 'model__n_estimators': 500, 'model__subsample': 0.4}",-0.3551854292298944,-0.2667975517554506,-0.9475946852929864,-0.351767078878217,-0.5090013974425518,-0.48606922851982004,0.2436305958483703,584,0.9999999999999908,0.9999999999999977,0.9999999999999958,0.9999999999999926,0.9999999999999934,0.999999999999994,2.42222067173519e-15
18.867294311523438,3.5108816349062653,0.022568225860595703,0.018633070489298412,0.12000000000000001,squared_error,6,500,0.6000000000000001,"{'model__learning_rate': 0.12000000000000001, 'model__loss': 'squared_error', 'model__max_depth': 6, 'model__n_estimators': 500, 'model__subsample': 0.6000000000000001}",-0.6054830879263444,-0.20200853479386027,-0.02717150414543923,-0.3091339274192364,-0.3363062875368068,-0.29602066836433744,0.18903969538485565,484,0.9999999999999993,0.9999999999999993,0.9999999999999994,0.9999999999999993,0.9999999999999992,0.9999999999999993,7.021666937153402e-17
12.05378155708313,4.711260571281107,0.009931135177612304,0.0016889703966570828,0.12000000000000001,squared_error,6,500,0.8,"{'model__learning_rate': 0.12000000000000001, 'model__loss': 'squared_error', 'model__max_depth': 6, 'model__n_estimators': 500, 'model__subsample': 0.8}",-0.0405037268891435,-0.21615468969447482,0.08788975671215549,-0.29019411414830576,-0.19841928800732855,-0.13147641240541943,0.13655812956276342,301,0.9999999999999993,0.9999999999999993,0.9999999999999993,0.9999999999999993,0.9999999999999992,0.9999999999999993,4.965068306494546e-17
14.00209994316101,4.947419217958593,0.02587728500366211,0.015231895369751594,0.12000000000000001,squared_error,6,1000,0.2,"{'model__learning_rate': 0.12000000000000001, 'model__loss': 'squared_error', 'model__max_depth': 6, 'model__n_estimators': 1000, 'model__subsample': 0.2}",-0.8207442650177488,-0.09488053340883096,-1.258907458140103,-0.7381032285626619,-0.3481168793132903,-0.652150472888527,0.40173423891275345,622,0.9999999999948179,0.9999999999953483,0.9999999999924455,0.9999999999969947,0.9999999999893101,0.9999999999937833,2.6695365767241114e-12
13.479917001724242,5.211037936342907,0.010372304916381836,0.0010381690307766653,0.12000000000000001,squared_error,6,1000,0.4,"{'model__learning_rate': 0.12000000000000001, 'model__loss': 'squared_error', 'model__max_depth': 6, 'model__n_estimators': 1000, 'model__subsample': 0.4}",-0.3551853925961703,-0.266797551072788,-0.9475947076276894,-0.351767073292266,-0.5090013925888657,-0.4860692234355559,0.24363060889384483,583,0.9999999999999994,0.9999999999999993,0.9999999999999994,0.9999999999999994,0.9999999999999993,0.9999999999999994,7.021666937153402e-17
17.610061264038087,5.873832953405725,0.022409820556640626,0.01523898698604245,0.12000000000000001,squared_error,6,1000,0.6000000000000001,"{'model__learning_rate': 0.12000000000000001, 'model__loss': 'squared_error', 'model__max_depth': 6, 'model__n_estimators': 1000, 'model__subsample': 0.6000000000000001}",-0.6054830894980769,-0.20200853577711464,-0.027171504231618293,-0.30913392855740285,-0.33630628675813123,-0.29602066896446877,0.18903969575974072,485,0.9999999999999994,0.9999999999999993,0.9999999999999994,0.9999999999999993,0.9999999999999993,0.9999999999999993,7.021666937153402e-17
14.399829149246216,5.41774414683034,0.017282676696777344,0.012086253227489194,0.12000000000000001,squared_error,6,1000,0.8,"{'model__learning_rate': 0.12000000000000001, 'model__loss': 'squared_error', 'model__max_depth': 6, 'model__n_estimators': 1000, 'model__subsample': 0.8}",-0.04050372691194215,-0.2161546899297837,0.08788975576578306,-0.29019411345559587,-0.19841928802393127,-0.131476412511094,0.1365581291254632,302,0.9999999999999993,0.9999999999999993,0.9999999999999994,0.9999999999999993,0.9999999999999992,0.9999999999999993,7.021666937153402e-17
2.9863863945007325,1.4460775831803738,0.022263383865356444,0.016887082474026482,0.12000000000000001,squared_error,9,200,0.2,"{'model__learning_rate': 0.12000000000000001, 'model__loss': 'squared_error', 'model__max_depth': 9, 'model__n_estimators': 200, 'model__subsample': 0.2}",-0.2512580311746637,-0.16472726051268172,-0.9714049582589674,-0.6601816340706603,-0.6263419128810579,-0.5347827593796062,0.2939640265962039,603,0.9957452836294122,0.996484575784929,0.9957709203355691,0.9948992729804779,0.9950742523122861,0.9955948610085349,0.0005657017507887874
8.132311391830445,3.3764927070376207,0.01592388153076172,0.012738963915211078,0.12000000000000001,squared_error,9,200,0.4,"{'model__learning_rate': 0.12000000000000001, 'model__loss': 'squared_error', 'model__max_depth': 9, 'model__n_estimators': 200, 'model__subsample': 0.4}",-0.5447993672872555,-0.09901265377613933,-1.1080500326421046,-0.38829972956510583,-0.5108624357442018,-0.5302048438029614,0.3288026634067237,597,0.9999994089968613,0.9999994625544257,0.9999995399274891,0.999999018927667,0.9999973997278326,0.999998966026855,8.035191492734734e-07
9.017600727081298,3.3363793026171984,0.009101676940917968,0.0007993764081749709,0.12000000000000001,squared_error,9,200,0.6000000000000001,"{'model__learning_rate': 0.12000000000000001, 'model__loss': 'squared_error', 'model__max_depth': 9, 'model__n_estimators': 200, 'model__subsample': 0.6000000000000001}",-0.6873371662391385,-0.1351796232267526,-0.1912593130319462,-0.44371935598432644,-0.3457256272761482,-0.3606442171516624,0.1966610560618357,519,0.9999999999650279,0.9999999999374678,0.9999999999465727,0.9999999998795712,0.9999999998985868,0.9999999999254452,3.157055300873194e-11
19.030453586578368,3.827118665483769,0.015839767456054688,0.014714582981527445,0.12000000000000001,squared_error,9,200,0.8,"{'model__learning_rate': 0.12000000000000001, 'model__loss': 'squared_error', 'model__max_depth': 9, 'model__n_estimators': 200, 'model__subsample': 0.8}",-0.21081697222918172,-0.12147373527283589,0.050016236415314164,-0.27935351495342675,-0.15416182510052123,-0.1431579622281303,0.11048486949331245,309,0.9999999999999984,0.9999999999999991,0.9999999999999987,0.9999999999999989,0.9999999999999977,0.9999999999999986,4.965068306494546e-16
8.80077428817749,3.116205198289754,0.01760210990905762,0.012517194568531818,0.12000000000000001,squared_error,9,500,0.2,"{'model__learning_rate': 0.12000000000000001, 'model__loss': 'squared_error', 'model__max_depth': 9, 'model__n_estimators': 500, 'model__subsample': 0.2}",-0.24500586335430818,-0.16844255624500648,-0.9541278716241475,-0.6722616956209293,-0.6172181613049912,-0.5314112296298765,0.2897120413108582,601,0.9999983186841807,0.9999970193138396,0.9999968207796386,0.9999948899937846,0.9999970419259242,0.9999968181394735,1.1009031462672345e-06
21.255589962005615,6.166136256557363,0.03211984634399414,0.017778725059215413,0.12000000000000001,squared_error,9,500,0.4,"{'model__learning_rate': 0.12000000000000001, 'model__loss': 'squared_error', 'model__max_depth': 9, 'model__n_estimators': 500, 'model__subsample': 0.4}",-0.5450799544248974,-0.0990183190703291,-1.1082750024031132,-0.388069307288992,-0.5124509301117768,-0.5305787026598217,0.3288845419384341,599,0.9999999999999979,0.9999999999999982,0.9999999999999983,0.999999999999998,0.9999999999999931,0.999999999999997,2.007631985104244e-15
17.287618160247803,6.073337296217949,0.01603727340698242,0.012604872038979831,0.12000000000000001,squared_error,9,500,0.6000000000000001,"{'model__learning_rate': 0.12000000000000001, 'model__loss': 'squared_error', 'model__max_depth': 9, 'model__n_estimators': 500, 'model__subsample': 0.6000000000000001}",-0.6873358187795124,-0.13517744830469236,-0.19125829407566886,-0.44372104864667516,-0.345726389600143,-0.3606437998813384,0.19666141404658227,518,0.9999999999999994,0.9999999999999993,0.9999999999999994,0.9999999999999993,0.9999999999999992,0.9999999999999993,8.599750569898517e-17
12.27434515953064,4.2610413746934075,0.009102296829223634,0.0011273011666204846,0.12000000000000001,squared_error,9,500,0.8,"{'model__learning_rate': 0.12000000000000001, 'model__loss': 'squared_error', 'model__max_depth': 9, 'model__n_estimators': 500, 'model__subsample': 0.8}",-0.21081696545885875,-0.12147373387409788,0.05001623802452315,-0.2793535183769478,-0.15416183235032044,-0.14315796240714035,0.11048487027017728,310,0.9999999999999994,0.9999999999999993,0.9999999999999994,0.9999999999999993,0.9999999999999992,0.9999999999999993,8.599750569898517e-17
20.529415798187255,2.6456858613892327,0.027417993545532225,0.016472974934613808,0.12000000000000001,squared_error,9,1000,0.2,"{'model__learning_rate': 0.12000000000000001, 'model__loss': 'squared_error', 'model__max_depth': 9, 'model__n_estimators': 1000, 'model__subsample': 0.2}",-0.24482821624652762,-0.16884941373491813,-0.9534107975033501,-0.6717638640643195,-0.6174759256033395,-0.531265643430491,0.2894029775587372,600,0.999999999993872,0.9999999999689982,0.9999999999900169,0.99999999998209,0.9999999999868572,0.9999999999843668,8.600590597655718e-12
19.131465482711793,7.546722637541927,0.017624807357788087,0.013741010619130299,0.12000000000000001,squared_error,9,1000,0.4,"{'model__learning_rate': 0.12000000000000001, 'model__loss': 'squared_error', 'model__max_depth': 9, 'model__n_estimators': 1000, 'model__subsample': 0.4}",-0.5450799492969627,-0.09901832315478032,-1.1082749888963335,-0.38806930347513613,-0.5124509079945951,-0.5305786945635615,0.32888453665060896,598,0.9999999999999994,0.9999999999999994,0.9999999999999994,0.9999999999999994,0.9999999999999993,0.9999999999999994,4.965068306494546e-17
25.67503390312195,3.437698928371454,0.024037599563598633,0.016460178221954946,0.12000000000000001,squared_error,9,1000,0.6000000000000001,"{'model__learning_rate': 0.12000000000000001, 'model__loss': 'squared_error', 'model__max_depth': 9, 'model__n_estimators': 1000, 'model__subsample': 0.6000000000000001}",-0.6873358174260678,-0.1351774474128833,-0.19125829397504002,-0.4437210476690385,-0.34572638897793473,-0.36064379909219285,0.19666141374557844,517,0.9999999999999994,0.9999999999999993,0.9999999999999994,0.9999999999999993,0.9999999999999992,0.9999999999999993,8.599750569898517e-17
16.404854679107665,6.643901891572627,0.009109115600585938,0.000737911404599941,0.12000000000000001,squared_error,9,1000,0.8,"{'model__learning_rate': 0.12000000000000001, 'model__loss': 'squared_error', 'model__max_depth': 9, 'model__n_estimators': 1000, 'model__subsample': 0.8}",-0.2108169654600356,-0.12147373373141379,0.05001623847667114,-0.27935351879426085,-0.154161832687151,-0.143157962439238,0.11048487054362573,311,0.9999999999999994,0.9999999999999993,0.9999999999999994,0.9999999999999993,0.9999999999999992,0.9999999999999993,8.599750569898517e-17
2.0758583545684814,0.45925701982270767,0.022476959228515624,0.015831879204949967,0.12000000000000001,squared_error,12,200,0.2,"{'model__learning_rate': 0.12000000000000001, 'model__loss': 'squared_error', 'model__max_depth': 12, 'model__n_estimators': 200, 'model__subsample': 0.2}",-0.8021750152061862,-0.21972085849635925,-0.583483742940218,-0.44986379828947,-0.46139233847842087,-0.5033271506821309,0.19014968467183999,591,0.9955097934889453,0.9963133227953287,0.9953283498354335,0.9961488750787718,0.9953166950674742,0.9957234072531908,0.0004233530968520319
6.985388278961182,2.801905795766671,0.024561119079589844,0.014053764795020365,0.12000000000000001,squared_error,12,200,0.4,"{'model__learning_rate': 0.12000000000000001, 'model__loss': 'squared_error', 'model__max_depth': 12, 'model__n_estimators': 200, 'model__subsample': 0.4}",0.00020539791817064668,-0.3939564842537877,-0.8119297867690283,-0.4125573956849069,-0.36199810552865874,-0.3960472748636422,0.25745319800801597,549,0.999999534254056,0.9999995337514173,0.9999987020971097,0.9999993140755022,0.9999981150629068,0.9999990398481984,5.536933789030983e-07
17.642596340179445,4.994185033269295,0.00813155174255371,0.0003930211614993274,0.12000000000000001,squared_error,12,200,0.6000000000000001,"{'model__learning_rate': 0.12000000000000001, 'model__loss': 'squared_error', 'model__max_depth': 12, 'model__n_estimators': 200, 'model__subsample': 0.6000000000000001}",-0.481153402020984,-0.14149725813648706,-0.2632858401529512,-0.3228578738330763,-0.19174891341778255,-0.2801086575122562,0.11794071085751372,470,0.9999999999906497,0.9999999999662029,0.9999999999629088,0.9999999999353938,0.9999999999119978,0.9999999999534307,2.7130167275412955e-11
19.462914562225343,5.671951214494772,0.024163293838500976,0.01735294226501317,0.12000000000000001,squared_error,12,200,0.8,"{'model__learning_rate': 0.12000000000000001, 'model__loss': 'squared_error', 'model__max_depth': 12, 'model__n_estimators': 200, 'model__subsample': 0.8}",-0.016773100035702093,-0.18947211478163206,-0.061009727994830065,-0.35704396826935314,-0.2581377922991783,-0.17648734067613914,0.12512378996064447,361,0.9999999999999989,0.999999999999999,0.999999999999999,0.999999999999999,0.9999999999999989,0.9999999999999989,8.599750569898517e-17
11.059267902374268,0.9871667890841518,0.03732695579528809,0.013899484189562926,0.12000000000000001,squared_error,12,500,0.2,"{'model__learning_rate': 0.12000000000000001, 'model__loss': 'squared_error', 'model__max_depth': 12, 'model__n_estimators': 500, 'model__subsample': 0.2}",-0.7654714156213074,-0.23904838487587443,-0.5813447495594193,-0.45428202473084767,-0.47544736170485646,-0.503118787298461,0.1719488978549459,589,0.9999984534692827,0.9999974232766026,0.9999980359600443,0.9999982959508759,0.9999977405492417,0.9999979898412095,3.725380528412145e-07
25.853250169754027,3.363159040866857,0.018390321731567384,0.01488917581774872,0.12000000000000001,squared_error,12,500,0.4,"{'model__learning_rate': 0.12000000000000001, 'model__loss': 'squared_error', 'model__max_depth': 12, 'model__n_estimators': 500, 'model__subsample': 0.4}",0.000191909203740237,-0.3939449414781313,-0.8126221535144673,-0.41236980817951263,-0.36295714526367484,-0.3963404278464092,0.2576452958609694,551,0.9999999999999983,0.9999999999999983,0.9999999999999876,0.9999999999999987,0.9999999999999936,0.9999999999999952,4.304173012443819e-15
23.73883981704712,7.339882961597907,0.03043394088745117,0.014801502152050875,0.12000000000000001,squared_error,12,500,0.6000000000000001,"{'model__learning_rate': 0.12000000000000001, 'model__loss': 'squared_error', 'model__max_depth': 12, 'model__n_estimators': 500, 'model__subsample': 0.6000000000000001}",-0.4811529843354241,-0.14149682581004086,-0.26328725401034125,-0.3228598861794236,-0.1917484754919947,-0.2801090851654449,0.11794084124652494,471,0.9999999999999994,0.9999999999999993,0.9999999999999994,0.9999999999999993,0.9999999999999992,0.9999999999999993,8.599750569898517e-17
19.473807859420777,6.7332468236113785,0.01056685447692871,0.003855882017753173,0.12000000000000001,squared_error,12,500,0.8,"{'model__learning_rate': 0.12000000000000001, 'model__loss': 'squared_error', 'model__max_depth': 12, 'model__n_estimators': 500, 'model__subsample': 0.8}",-0.016773093895373847,-0.18947211185471535,-0.061009733183125636,-0.35704396334284594,-0.2581377929551316,-0.17648733904623848,0.12512378917359337,360,0.9999999999999993,0.9999999999999993,0.9999999999999994,0.9999999999999993,0.9999999999999992,0.9999999999999993,7.021666937153402e-17
15.18111891746521,5.948777025055434,0.019113492965698243,0.012972991038938966,0.12000000000000001,squared_error,12,1000,0.2,"{'model__learning_rate': 0.12000000000000001, 'model__loss': 'squared_error', 'model__max_depth': 12, 'model__n_estimators': 1000, 'model__subsample': 0.2}",-0.7653219624022665,-0.23957656043684206,-0.5807443232336764,-0.45497911550570125,-0.4758311830859001,-0.5032906289328772,0.1716348612020103,590,0.9999999999952397,0.9999999999907373,0.9999999999903281,0.9999999999962794,0.9999999999907667,0.9999999999926702,2.5484782765390094e-12
18.42662706375122,5.8198247232606075,0.03911733627319336,0.013090633227410902,0.12000000000000001,squared_error,12,1000,0.4,"{'model__learning_rate': 0.12000000000000001, 'model__loss': 'squared_error', 'model__max_depth': 12, 'model__n_estimators': 1000, 'model__subsample': 0.4}",0.00019191436331500444,-0.39394494128344193,-0.8126221624225767,-0.4123697985314272,-0.36295712555690063,-0.3963404226862063,0.2576453007187425,550,0.9999999999999994,0.9999999999999994,0.9999999999999994,0.9999999999999994,0.9999999999999993,0.9999999999999994,4.965068306494546e-17
26.587914562225343,4.4672349351102625,0.019098997116088867,0.01559306930420752,0.12000000000000001,squared_error,12,1000,0.6000000000000001,"{'model__learning_rate': 0.12000000000000001, 'model__loss': 'squared_error', 'model__max_depth': 12, 'model__n_estimators': 1000, 'model__subsample': 0.6000000000000001}",-0.4811529847476501,-0.1414968266517036,-0.2632872542902145,-0.3228598857725469,-0.19174847574277099,-0.28010908544097723,0.11794084111416998,472,0.9999999999999994,0.9999999999999993,0.9999999999999994,0.9999999999999993,0.9999999999999993,0.9999999999999993,7.021666937153402e-17
28.837718343734743,4.4263822295071185,0.022426795959472657,0.016252685172505565,0.12000000000000001,squared_error,12,1000,0.8,"{'model__learning_rate': 0.12000000000000001, 'model__loss': 'squared_error', 'model__max_depth': 12, 'model__n_estimators': 1000, 'model__subsample': 0.8}",-0.01677309384325154,-0.1894721118617726,-0.06100973315983649,-0.3570439633473108,-0.2581377925594974,-0.17648733895433377,0.12512378914099867,359,0.9999999999999993,0.9999999999999993,0.9999999999999994,0.9999999999999993,0.9999999999999992,0.9999999999999993,7.021666937153402e-17
2.6395201683044434,0.9638958127426953,0.022977542877197266,0.017328462807787305,0.12000000000000001,absolute_error,6,200,0.2,"{'model__learning_rate': 0.12000000000000001, 'model__loss': 'absolute_error', 'model__max_depth': 6, 'model__n_estimators': 200, 'model__subsample': 0.2}",-0.14697992946208527,0.05672704799416739,-0.30106313993241485,-0.15635143751188751,-0.17257913223211663,-0.14404931822886738,0.11483759867551521,312,0.7009340808636961,0.7634314845500068,0.7237722837589216,0.8121169956694354,0.7580460048920838,0.7516601699468287,0.03790841811943157
6.262100744247436,1.6635054510557628,0.007902050018310547,0.0006615718812472962,0.12000000000000001,absolute_error,6,200,0.4,"{'model__learning_rate': 0.12000000000000001, 'model__loss': 'absolute_error', 'model__max_depth': 6, 'model__n_estimators': 200, 'model__subsample': 0.4}",-0.024506207504815247,-0.03543243246008676,-0.07796911797319472,0.13022938402120166,-0.011448637436272557,-0.0038254022706335268,0.07064388166409548,188,0.8644152343007879,0.8525090343237275,0.856213897856026,0.8043519544369457,0.8533268606242834,0.8461633963083542,0.02132567084832602
8.350056838989257,3.478846008370859,0.008325290679931641,0.0008866635262550041,0.12000000000000001,absolute_error,6,200,0.6000000000000001,"{'model__learning_rate': 0.12000000000000001, 'model__loss': 'absolute_error', 'model__max_depth': 6, 'model__n_estimators': 200, 'model__subsample': 0.6000000000000001}",0.09044308648734634,0.04106535201178996,-0.23915956689908624,0.16642695393517948,-0.013986134443871645,0.008957938218271577,0.13751795019980548,158,0.8984649981673938,0.7990239635203749,0.945279299052211,0.9371526074403265,0.9057149886924178,0.8971271713745448,0.052192801630557326
11.303558111190796,5.135231614698339,0.008302068710327149,0.0008753010039573916,0.12000000000000001,absolute_error,6,200,0.8,"{'model__learning_rate': 0.12000000000000001, 'model__loss': 'absolute_error', 'model__max_depth': 6, 'model__n_estimators': 200, 'model__subsample': 0.8}",0.05749689158118587,-0.11019932741158667,0.21408042574604946,0.03547120072987264,-0.03585945667206136,0.03219794679469199,0.10829661196560103,108,0.8827460633703063,0.9072790315494828,0.9521625705191359,0.9077646249037726,0.9562184484261443,0.9212341477537682,0.028418214517730286
5.122296571731567,2.1745735443234477,0.008846092224121093,0.0008511450230065853,0.12000000000000001,absolute_error,6,500,0.2,"{'model__learning_rate': 0.12000000000000001, 'model__loss': 'absolute_error', 'model__max_depth': 6, 'model__n_estimators': 500, 'model__subsample': 0.2}",-0.30629389829903975,0.12473690619171263,-0.555454345214824,-0.13437328571147877,-0.2775303684714545,-0.22978299830101684,0.2231514872526311,415,0.9358505885168298,0.8950234414467778,0.8971946767142803,0.9369641109687685,0.9103422641627633,0.9150750163618839,0.018193009684725422
8.9163498878479,1.8056907536230982,0.00933699607849121,0.00047487387366066926,0.12000000000000001,absolute_error,6,500,0.4,"{'model__learning_rate': 0.12000000000000001, 'model__loss': 'absolute_error', 'model__max_depth': 6, 'model__n_estimators': 500, 'model__subsample': 0.4}",-0.09625237171113987,-0.04694939365319195,-0.15287878669248745,0.10899782563327631,-0.017706358145325618,-0.04095781691377372,0.08791702374947698,218,0.9775725195375655,0.9735585029005982,0.9587758247844146,0.9284954050870301,0.9617735138178987,0.9600351532255014,0.017261539455728715
26.89221863746643,3.4301491732696245,0.029971837997436523,0.016733655671258514,0.12000000000000001,absolute_error,6,500,0.6000000000000001,"{'model__learning_rate': 0.12000000000000001, 'model__loss': 'absolute_error', 'model__max_depth': 6, 'model__n_estimators': 500, 'model__subsample': 0.6000000000000001}",0.0691019288245508,0.07033965762823957,-0.2854288544849217,0.15732037741594085,-0.029874324635670968,-0.0037082430503722953,0.15281740481060016,187,0.9869185449123199,0.9418762752149096,0.9916605355508102,0.9904995501249106,0.9898120510393432,0.9801533913684588,0.01920235401397138
30.14397268295288,9.164701734121602,0.018672847747802736,0.012689928525745721,0.12000000000000001,absolute_error,6,500,0.8,"{'model__learning_rate': 0.12000000000000001, 'model__loss': 'absolute_error', 'model__max_depth': 6, 'model__n_estimators': 500, 'model__subsample': 0.8}",0.03427014963192154,-0.10653202097688186,0.17116931612848885,-0.00227103579979282,-0.06294334647184718,0.006738612502377705,0.09545933941684341,163,0.9926099502368068,0.9715683332396555,0.9986187843542929,0.9948609289850253,0.9973812845378793,0.991007856270732,0.009938357452447819
14.810712671279907,4.1632262658166175,0.02284970283508301,0.016152307257863,0.12000000000000001,absolute_error,6,1000,0.2,"{'model__learning_rate': 0.12000000000000001, 'model__loss': 'absolute_error', 'model__max_depth': 6, 'model__n_estimators': 1000, 'model__subsample': 0.2}",-0.4276562770732355,0.08582409211216135,-0.44381179088121336,-0.12343283018255757,-0.28896488148638366,-0.23960833750224575,0.19944932244987543,427,0.9846034476463027,0.9756405551490575,0.947285827045094,0.9760560574570694,0.9693930964192617,0.9705957967433572,0.01261966317819861
26.481422996520998,8.233781804841684,0.024718236923217774,0.01642265113324176,0.12000000000000001,absolute_error,6,1000,0.4,"{'model__learning_rate': 0.12000000000000001, 'model__loss': 'absolute_error', 'model__max_depth': 6, 'model__n_estimators': 1000, 'model__subsample': 0.4}",-0.1562520350424501,-0.046863028815204544,-0.16386906427393266,0.003627168141114079,0.03281381376047654,-0.06610862924599933,0.0808728144297726,231,0.9974875527548345,0.9978939582063043,0.9942435824559303,0.982148482428704,0.9928957168346124,0.9929338585360771,0.0057162905645121494
51.10163698196411,13.807599645405547,0.026580238342285158,0.01846043890971158,0.12000000000000001,absolute_error,6,1000,0.6000000000000001,"{'model__learning_rate': 0.12000000000000001, 'model__loss': 'absolute_error', 'model__max_depth': 6, 'model__n_estimators': 1000, 'model__subsample': 0.6000000000000001}",0.06331438624475016,0.07172308850248565,-0.299171636798788,0.1555383800870338,-0.03194282071148957,-0.00810772053520159,0.1571880638015947,194,0.9996944227668202,0.9973776971078617,0.9995528863312734,0.9992328298757133,0.9989663988522038,0.9989648469867743,0.0008329385409129594
76.99250864982605,9.82433830135389,0.01814866065979004,0.013125977478854032,0.12000000000000001,absolute_error,6,1000,0.8,"{'model__learning_rate': 0.12000000000000001, 'model__loss': 'absolute_error', 'model__max_depth': 6, 'model__n_estimators': 1000, 'model__subsample': 0.8}",0.04653460348252236,-0.11861419311147392,0.1781695080514436,-0.01596263023508393,-0.07394239225045096,0.003236979187391431,0.10358480824184459,169,0.9997899157668082,0.9993920338363057,0.9999970602366527,0.9994534996772756,0.9998921671038793,0.9997049353241844,0.0002403088034567243
1.4829625129699706,0.02879834770622325,0.008910083770751953,0.0008070593865355452,0.12000000000000001,absolute_error,9,200,0.2,"{'model__learning_rate': 0.12000000000000001, 'model__loss': 'absolute_error', 'model__max_depth': 9, 'model__n_estimators': 200, 'model__subsample': 0.2}",-0.14697992946208527,0.05672704799416739,-0.30106313993241485,-0.15635143751188751,-0.17257913223211663,-0.14404931822886738,0.11483759867551521,312,0.7009340808636961,0.7634314845500068,0.7237722837589216,0.8121169956694354,0.7580460048920838,0.7516601699468287,0.03790841811943157
4.414155530929565,1.7588493167926755,0.008762454986572266,0.001096950441587799,0.12000000000000001,absolute_error,9,200,0.4,"{'model__learning_rate': 0.12000000000000001, 'model__loss': 'absolute_error', 'model__max_depth': 9, 'model__n_estimators': 200, 'model__subsample': 0.4}",0.06949538961647961,-0.006233810063457357,-0.14563758137124672,0.030124320404257277,0.07761856233327391,0.005073376183861345,0.08109524627560839,166,0.8463256555869187,0.8955915726864216,0.867950227427132,0.8110487035332439,0.8711009822509953,0.8584034282969423,0.028367833488871386
9.922618389129639,3.7889496868731585,0.00810246467590332,0.0006674356219044795,0.12000000000000001,absolute_error,9,200,0.6000000000000001,"{'model__learning_rate': 0.12000000000000001, 'model__loss': 'absolute_error', 'model__max_depth': 9, 'model__n_estimators': 200, 'model__subsample': 0.6000000000000001}",0.04222717586421787,0.038583653567174636,0.02494916964587124,0.13324234823883607,-0.02643671134562986,0.04251312719409399,0.05159435419102199,77,0.9004110273853807,0.8854941747580116,0.8851667142557756,0.9139465353109913,0.8995589199226239,0.8969154743265566,0.010749355153656246
10.99369411468506,4.869346516157163,0.016831111907958985,0.015607904243700971,0.12000000000000001,absolute_error,9,200,0.8,"{'model__learning_rate': 0.12000000000000001, 'model__loss': 'absolute_error', 'model__max_depth': 9, 'model__n_estimators': 200, 'model__subsample': 0.8}",-0.007758512938648154,-0.03660788406840676,0.11159016814244438,0.119998198760503,0.0692240230684642,0.05128919859287133,0.0630734824456325,58,0.9491940998895031,0.8987406510259218,0.9668993821457609,0.9498649243339585,0.9581858584371659,0.944576983166462,0.023806471452307187
6.666481065750122,2.921147192092582,0.023396682739257813,0.018472020741015123,0.12000000000000001,absolute_error,9,500,0.2,"{'model__learning_rate': 0.12000000000000001, 'model__loss': 'absolute_error', 'model__max_depth': 9, 'model__n_estimators': 500, 'model__subsample': 0.2}",-0.30629389829903975,0.12473690619171263,-0.555454345214824,-0.13437328571147877,-0.2775303684714545,-0.22978299830101684,0.2231514872526311,415,0.9358505885168298,0.8950234414467778,0.8971946767142803,0.9369641109687685,0.9103422641627633,0.9150750163618839,0.018193009684725422
13.44015531539917,4.7324265480432866,0.017523717880249024,0.016508459537853567,0.12000000000000001,absolute_error,9,500,0.4,"{'model__learning_rate': 0.12000000000000001, 'model__loss': 'absolute_error', 'model__max_depth': 9, 'model__n_estimators': 500, 'model__subsample': 0.4}",0.12955502883066128,-0.0191976851519311,-0.033575485016808404,0.005265953499980269,0.04283209303130031,0.02497598103864047,0.05835013302489267,127,0.9576238931847098,0.9827700366560839,0.97562484966261,0.9393422133873616,0.9710825901792025,0.9652887166139935,0.015349082810344326
28.608730363845826,4.507660146519237,0.02978854179382324,0.017828702447050256,0.12000000000000001,absolute_error,9,500,0.6000000000000001,"{'model__learning_rate': 0.12000000000000001, 'model__loss': 'absolute_error', 'model__max_depth': 9, 'model__n_estimators': 500, 'model__subsample': 0.6000000000000001}",0.07129359777560051,0.03096193341245812,0.07540948096777378,0.09540399602147265,-0.06867858397531834,0.040878084840397344,0.058637171618150276,83,0.9894269000587816,0.9870991494194501,0.9827457458320944,0.9942260338293234,0.9574133173406765,0.9821822292960652,0.012926957383200528
33.76191210746765,12.380339046761925,0.02653217315673828,0.017539903756662027,0.12000000000000001,absolute_error,9,500,0.8,"{'model__learning_rate': 0.12000000000000001, 'model__loss': 'absolute_error', 'model__max_depth': 9, 'model__n_estimators': 500, 'model__subsample': 0.8}",-0.07003447400924623,0.0012099902586144573,0.1051376356141358,0.09536435628888973,0.05102775684896721,0.036541053000272196,0.06477987912353131,88,0.996362607838407,0.9812202240456446,0.9945597049436793,0.9964175717420072,0.9987584856229542,0.9934637188385385,0.006265264719012652
11.811922311782837,5.636117249988771,0.010321426391601562,0.000928107365786247,0.12000000000000001,absolute_error,9,1000,0.2,"{'model__learning_rate': 0.12000000000000001, 'model__loss': 'absolute_error', 'model__max_depth': 9, 'model__n_estimators': 1000, 'model__subsample': 0.2}",-0.4276562770732355,0.08582409211216135,-0.44381179088121336,-0.12343283018255757,-0.28896488148638366,-0.23960833750224575,0.19944932244987543,427,0.9846034476463027,0.9756405551490575,0.947285827045094,0.9760560574570694,0.9693930964192617,0.9705957967433572,0.01261966317819861
26.358998012542724,6.445623041977606,0.018898773193359374,0.015973360188887512,0.12000000000000001,absolute_error,9,1000,0.4,"{'model__learning_rate': 0.12000000000000001, 'model__loss': 'absolute_error', 'model__max_depth': 9, 'model__n_estimators': 1000, 'model__subsample': 0.4}",0.12196561700645636,-0.021786131081641402,-0.06251301448516466,-0.007765487506238289,0.03852088807286158,0.013684374401254718,0.06303328536520583,148,0.9940248069626869,0.999053974004331,0.9960509023658176,0.994918423908249,0.9967031723778523,0.9961502559237874,0.0017194248937759124
48.175553512573245,14.638441527193944,0.02590765953063965,0.015126253036879053,0.12000000000000001,absolute_error,9,1000,0.6000000000000001,"{'model__learning_rate': 0.12000000000000001, 'model__loss': 'absolute_error', 'model__max_depth': 9, 'model__n_estimators': 1000, 'model__subsample': 0.6000000000000001}",0.0672190632722427,0.02445500068120432,0.07482365346363196,0.09885247179914058,-0.09922508997781931,0.033225019847680046,0.07044565080354316,104,0.999511081268634,0.9997948683727536,0.9989395050731579,0.9998994614189054,0.9965992249734839,0.998948828221387,0.0012211747005843852
80.98268427848816,11.38551711315457,0.017828369140625,0.012954287826567453,0.12000000000000001,absolute_error,9,1000,0.8,"{'model__learning_rate': 0.12000000000000001, 'model__loss': 'absolute_error', 'model__max_depth': 9, 'model__n_estimators': 1000, 'model__subsample': 0.8}",-0.06832023771934148,0.010274075722366716,0.09096402929375969,0.09058950936668253,0.042048820317861835,0.033111239396265854,0.059229144456033084,105,0.9999666235658123,0.9999429343519834,0.9997049871759032,0.9998223818391561,0.9999977439965113,0.9998869341858733,0.00010866181474357794
1.484130859375,0.055125648646373746,0.008615827560424805,0.0005794746884076959,0.12000000000000001,absolute_error,12,200,0.2,"{'model__learning_rate': 0.12000000000000001, 'model__loss': 'absolute_error', 'model__max_depth': 12, 'model__n_estimators': 200, 'model__subsample': 0.2}",-0.14697992946208527,0.05672704799416739,-0.30106313993241485,-0.15635143751188751,-0.17257913223211663,-0.14404931822886738,0.11483759867551521,312,0.7009340808636961,0.7634314845500068,0.7237722837589216,0.8121169956694354,0.7580460048920838,0.7516601699468287,0.03790841811943157
6.062297630310058,2.4082256500045496,0.022318649291992187,0.017337476193980298,0.12000000000000001,absolute_error,12,200,0.4,"{'model__learning_rate': 0.12000000000000001, 'model__loss': 'absolute_error', 'model__max_depth': 12, 'model__n_estimators': 200, 'model__subsample': 0.4}",0.06949538961647961,-0.006233810063457357,-0.14563758137124672,0.030124320404257277,0.07761856233327391,0.005073376183861345,0.08109524627560839,166,0.8463256555869187,0.8955915726864216,0.867950227427132,0.8110487035332439,0.8711009822509953,0.8584034282969423,0.028367833488871386
6.901763963699341,2.8568004759651933,0.022331428527832032,0.016277755405994673,0.12000000000000001,absolute_error,12,200,0.6000000000000001,"{'model__learning_rate': 0.12000000000000001, 'model__loss': 'absolute_error', 'model__max_depth': 12, 'model__n_estimators': 200, 'model__subsample': 0.6000000000000001}",0.07716681847686746,-0.05510386848307647,0.09512654362004047,0.13324234823883607,-0.02643671134562986,0.044799026101407534,0.07274320981306216,73,0.9390174906092158,0.8826730493434863,0.8994957311141135,0.9139465353109913,0.8995589199226239,0.9069383452600862,0.018851203164134432
17.008154582977294,2.1475948994567733,0.022301387786865235,0.01581317518827798,0.12000000000000001,absolute_error,12,200,0.8,"{'model__learning_rate': 0.12000000000000001, 'model__loss': 'absolute_error', 'model__max_depth': 12, 'model__n_estimators': 200, 'model__subsample': 0.8}",-0.0336086970063576,-0.08678765418652001,0.05368134085011689,0.08827625887118651,0.018564393746873797,0.008025128455059916,0.06222322548857653,159,0.9075517881283903,0.9429878490484461,0.9708233823856574,0.9206399204655796,0.9640144675797829,0.9412034815215712,0.024315263071368706
5.643740653991699,2.3755411535504996,0.015064382553100586,0.013861363330925686,0.12000000000000001,absolute_error,12,500,0.2,"{'model__learning_rate': 0.12000000000000001, 'model__loss': 'absolute_error', 'model__max_depth': 12, 'model__n_estimators': 500, 'model__subsample': 0.2}",-0.30629389829903975,0.12473690619171263,-0.555454345214824,-0.13437328571147877,-0.2775303684714545,-0.22978299830101684,0.2231514872526311,415,0.9358505885168298,0.8950234414467778,0.8971946767142803,0.9369641109687685,0.9103422641627633,0.9150750163618839,0.018193009684725422
12.494938135147095,3.802161381424496,0.016580867767333984,0.013292085709723976,0.12000000000000001,absolute_error,12,500,0.4,"{'model__learning_rate': 0.12000000000000001, 'model__loss': 'absolute_error', 'model__max_depth': 12, 'model__n_estimators': 500, 'model__subsample': 0.4}",0.12955502883066128,-0.0191976851519311,-0.033575485016808404,0.005265953499980269,0.04283209303130031,0.02497598103864047,0.05835013302489267,127,0.9576238931847098,0.9827700366560839,0.97562484966261,0.9393422133873616,0.9710825901792025,0.9652887166139935,0.015349082810344326
21.740833902359007,8.239794903060686,0.01739845275878906,0.012823572938792884,0.12000000000000001,absolute_error,12,500,0.6000000000000001,"{'model__learning_rate': 0.12000000000000001, 'model__loss': 'absolute_error', 'model__max_depth': 12, 'model__n_estimators': 500, 'model__subsample': 0.6000000000000001}",0.07512189439215244,-0.10154280885395317,0.0891252407536054,0.09540399602147265,-0.06867858397531834,0.017885947667591794,0.08499021628432907,140,0.994120775948813,0.9939127466369464,0.9901637823554893,0.9942260338293234,0.9574133173406765,0.9859673312222496,0.014357968983362881
35.395698928833006,13.855864023043683,0.024007797241210938,0.01702354592483513,0.12000000000000001,absolute_error,12,500,0.8,"{'model__learning_rate': 0.12000000000000001, 'model__loss': 'absolute_error', 'model__max_depth': 12, 'model__n_estimators': 500, 'model__subsample': 0.8}",-0.1248057406819647,-0.10031971937220518,0.042244803817681364,0.07370771671013199,-0.022311347513192636,-0.026296857407909834,0.07732805782444302,207,0.9981166802460923,0.9947000734077361,0.9976597203025536,0.994683140858426,0.9970796872743714,0.9964478604178358,0.0014711739347912961
9.59562668800354,4.415685008911794,0.0170438289642334,0.013972767302594084,0.12000000000000001,absolute_error,12,1000,0.2,"{'model__learning_rate': 0.12000000000000001, 'model__loss': 'absolute_error', 'model__max_depth': 12, 'model__n_estimators': 1000, 'model__subsample': 0.2}",-0.4276562770732355,0.08582409211216135,-0.44381179088121336,-0.12343283018255757,-0.28896488148638366,-0.23960833750224575,0.19944932244987543,427,0.9846034476463027,0.9756405551490575,0.947285827045094,0.9760560574570694,0.9693930964192617,0.9705957967433572,0.01261966317819861
21.844158315658568,9.36318020697299,0.01754317283630371,0.012745710801468945,0.12000000000000001,absolute_error,12,1000,0.4,"{'model__learning_rate': 0.12000000000000001, 'model__loss': 'absolute_error', 'model__max_depth': 12, 'model__n_estimators': 1000, 'model__subsample': 0.4}",0.12196561700645636,-0.021786131081641402,-0.06251301448516466,-0.007765487506238289,0.03852088807286158,0.013684374401254718,0.06303328536520583,148,0.9940248069626869,0.999053974004331,0.9960509023658176,0.994918423908249,0.9967031723778523,0.9961502559237874,0.0017194248937759124
43.70622229576111,11.569921675097554,0.030887937545776366,0.017344641566438283,0.12000000000000001,absolute_error,12,1000,0.6000000000000001,"{'model__learning_rate': 0.12000000000000001, 'model__loss': 'absolute_error', 'model__max_depth': 12, 'model__n_estimators': 1000, 'model__subsample': 0.6000000000000001}",0.09745744471568141,-0.10254223895065273,0.07185597025145418,0.09255424278154822,-0.13795927919179207,0.004273227921247802,0.10264881192488363,168,0.9996755542161866,0.9994939594120769,0.999588425587076,0.9997955655319358,0.9977720424425093,0.999265109437957,0.0007531272507944811
60.048077917099,24.588310559296186,0.026138830184936523,0.016078008806807986,0.12000000000000001,absolute_error,12,1000,0.8,"{'model__learning_rate': 0.12000000000000001, 'model__loss': 'absolute_error', 'model__max_depth': 12, 'model__n_estimators': 1000, 'model__subsample': 0.8}",-0.1172782976964617,-0.10390162475265252,0.04307225172792728,0.05217680734755681,-0.03022566432860785,-0.031231305540447597,0.07094223479144228,211,0.9999723953295862,0.9999407104429441,0.9999694204968351,0.999935160027624,0.9999901027423759,0.999961557807873,2.0618159311288277e-05
2.867462635040283,1.4527561030113016,0.01588473320007324,0.016228648438626404,0.13999999999999999,squared_error,6,200,0.2,"{'model__learning_rate': 0.13999999999999999, 'model__loss': 'squared_error', 'model__max_depth': 6, 'model__n_estimators': 200, 'model__subsample': 0.2}",-0.5494074771095212,-0.5629771629550651,-1.3030734765787453,-0.3795699496433633,-0.5158232534437961,-0.6621702639460981,0.3269838009654858,625,0.9972610087382822,0.9943298895542714,0.9979820747965877,0.9974101549690543,0.996587284086199,0.996714082428879,0.0012721559257187936
7.965573501586914,2.3817921380670963,0.015253734588623048,0.013814195649402025,0.13999999999999999,squared_error,6,200,0.4,"{'model__learning_rate': 0.13999999999999999, 'model__loss': 'squared_error', 'model__max_depth': 6, 'model__n_estimators': 200, 'model__subsample': 0.4}",-0.3196980486654546,-0.2720325582915015,-0.6812928977719059,-0.32514076731912933,-0.28815617525576864,-0.377264089460752,0.1532828115433777,534,0.9999999007745415,0.9999998222776932,0.999999846546727,0.9999998155261316,0.9999993328510196,0.9999997435952226,2.0754765124921706e-07
8.970323181152343,3.8336033958273488,0.008518028259277343,0.00045852437490879463,0.13999999999999999,squared_error,6,200,0.6000000000000001,"{'model__learning_rate': 0.13999999999999999, 'model__loss': 'squared_error', 'model__max_depth': 6, 'model__n_estimators': 200, 'model__subsample': 0.6000000000000001}",-0.08410957582508982,-0.20202736327220117,-0.434109659292395,-0.25987792771310736,-0.36681465711029837,-0.26938783664261834,0.12294809463802879,455,0.9999999999963971,0.9999999999936511,0.9999999999932648,0.9999999999728837,0.9999999999855615,0.9999999999883518,8.532233674347785e-12
15.401439905166626,4.4620146985690745,0.015490245819091798,0.01422219084445382,0.13999999999999999,squared_error,6,200,0.8,"{'model__learning_rate': 0.13999999999999999, 'model__loss': 'squared_error', 'model__max_depth': 6, 'model__n_estimators': 200, 'model__subsample': 0.8}",-0.3195936031735336,-0.2065753656818674,0.04425858618643197,-0.2233326088975962,-0.2614928744096032,-0.1933471731952337,0.12499008440538462,381,0.9999999999999987,0.999999999999999,0.9999999999999992,0.9999999999999989,0.999999999999999,0.9999999999999989,1.9229626863835638e-16
7.139453554153443,3.5193231385899995,0.02476639747619629,0.016787060238896253,0.13999999999999999,squared_error,6,500,0.2,"{'model__learning_rate': 0.13999999999999999, 'model__loss': 'squared_error', 'model__max_depth': 6, 'model__n_estimators': 500, 'model__subsample': 0.2}",-0.5585890483220806,-0.5834992856716681,-1.285230921171916,-0.3844940079166068,-0.5151000172923947,-0.6653826560749332,0.3174287122907639,627,0.9999996340414752,0.999999227258484,0.999999208818577,0.9999993563898595,0.9999992967836444,0.999999344658408,1.53887869156328e-07
14.699746465682983,6.286493684861236,0.018458223342895506,0.012767232625359547,0.13999999999999999,squared_error,6,500,0.4,"{'model__learning_rate': 0.13999999999999999, 'model__loss': 'squared_error', 'model__max_depth': 6, 'model__n_estimators': 500, 'model__subsample': 0.4}",-0.3195705302818077,-0.27199302235459677,-0.681448855847669,-0.3252015212469983,-0.2886945798645566,-0.3773817019191257,0.15329312855959118,535,0.9999999999999993,0.9999999999999992,0.9999999999999994,0.9999999999999993,0.9999999999999988,0.9999999999999993,2.579925170969555e-16
11.435873413085938,4.608923143265051,0.018245124816894533,0.014030963566763014,0.13999999999999999,squared_error,6,500,0.6000000000000001,"{'model__learning_rate': 0.13999999999999999, 'model__loss': 'squared_error', 'model__max_depth': 6, 'model__n_estimators': 500, 'model__subsample': 0.6000000000000001}",-0.08410911466810278,-0.20202718569834333,-0.4341103818417682,-0.25987730933408426,-0.366814979982937,-0.2693877943050471,0.12294850743149725,454,0.9999999999999994,0.9999999999999993,0.9999999999999994,0.9999999999999993,0.9999999999999992,0.9999999999999993,8.599750569898517e-17
13.812498855590821,5.407288851237478,0.021266841888427736,0.015131221842085653,0.13999999999999999,squared_error,6,500,0.8,"{'model__learning_rate': 0.13999999999999999, 'model__loss': 'squared_error', 'model__max_depth': 6, 'model__n_estimators': 500, 'model__subsample': 0.8}",-0.3195936013828615,-0.20657537010421434,0.0442585852529217,-0.22333260171253833,-0.26149287469361715,-0.19334717252806194,0.124990083468564,380,0.9999999999999993,0.9999999999999993,0.9999999999999994,0.9999999999999993,0.9999999999999992,0.9999999999999993,7.021666937153402e-17
11.38436574935913,5.419777023666277,0.025604820251464842,0.01556112385966708,0.13999999999999999,squared_error,6,1000,0.2,"{'model__learning_rate': 0.13999999999999999, 'model__loss': 'squared_error', 'model__max_depth': 6, 'model__n_estimators': 1000, 'model__subsample': 0.2}",-0.5586302365233158,-0.583488992068546,-1.2856421643001932,-0.38392847539138564,-0.5151177111020913,-0.6653615158771065,0.31768554141029315,626,0.9999999999997351,0.9999999999995333,0.9999999999995779,0.9999999999997461,0.9999999999996453,0.9999999999996476,8.401737715950946e-14
14.235501050949097,3.218191483296697,0.02473869323730469,0.015269318925688538,0.13999999999999999,squared_error,6,1000,0.4,"{'model__learning_rate': 0.13999999999999999, 'model__loss': 'squared_error', 'model__max_depth': 6, 'model__n_estimators': 1000, 'model__subsample': 0.4}",-0.31957053117013134,-0.271993023269667,-0.6814488555385758,-0.325201518615714,-0.28869458525359804,-0.37738170276953725,0.1532931277997191,536,0.9999999999999994,0.9999999999999993,0.9999999999999994,0.9999999999999994,0.9999999999999993,0.9999999999999994,7.021666937153402e-17
14.515124607086182,5.523786674090581,0.030225706100463868,0.01696377241833519,0.13999999999999999,squared_error,6,1000,0.6000000000000001,"{'model__learning_rate': 0.13999999999999999, 'model__loss': 'squared_error', 'model__max_depth': 6, 'model__n_estimators': 1000, 'model__subsample': 0.6000000000000001}",-0.08410911463087922,-0.20202718715425294,-0.434110381340149,-0.2598773079977654,-0.3668149797017537,-0.26938779416496006,0.12294850712488418,453,0.9999999999999994,0.9999999999999993,0.9999999999999994,0.9999999999999993,0.9999999999999993,0.9999999999999993,7.021666937153402e-17
16.938568687438966,3.5699284226718184,0.023969459533691406,0.017219859170195546,0.13999999999999999,squared_error,6,1000,0.8,"{'model__learning_rate': 0.13999999999999999, 'model__loss': 'squared_error', 'model__max_depth': 6, 'model__n_estimators': 1000, 'model__subsample': 0.8}",-0.31959360145555427,-0.20657537011467508,0.044258585441312226,-0.2233326014911725,-0.26149287473212324,-0.19334717247044259,0.1249900835486736,379,0.9999999999999993,0.9999999999999993,0.9999999999999994,0.9999999999999993,0.9999999999999992,0.9999999999999993,7.021666937153402e-17
2.8680633544921874,1.2907915492717632,0.0224916934967041,0.016726624265087534,0.13999999999999999,squared_error,9,200,0.2,"{'model__learning_rate': 0.13999999999999999, 'model__loss': 'squared_error', 'model__max_depth': 9, 'model__n_estimators': 200, 'model__subsample': 0.2}",-0.565213741773027,-0.12915162660316493,-1.8035520303867818,-0.41115803697046394,-0.21068308425276783,-0.6239517039972411,0.6092300536916991,617,0.9976478607662083,0.9977037460009758,0.9981067748370165,0.9980174783803166,0.9973278074912929,0.9977607334951619,0.00027895350816459246
8.887995052337647,3.12351604366148,0.025120925903320313,0.019993479090014102,0.13999999999999999,squared_error,9,200,0.4,"{'model__learning_rate': 0.13999999999999999, 'model__loss': 'squared_error', 'model__max_depth': 9, 'model__n_estimators': 200, 'model__subsample': 0.4}",-0.5454083925429767,-0.4162463439427373,-1.1001273973711463,-0.23622765142583635,-0.25140880468103166,-0.5098837179927457,0.31626396726386774,592,0.9999999207199614,0.9999999618236752,0.9999999197918903,0.9999997408250165,0.9999997721834162,0.999999863068792,8.887900353852701e-08
13.084676122665405,4.896515619476036,0.014581584930419922,0.013196509807972979,0.13999999999999999,squared_error,9,200,0.6000000000000001,"{'model__learning_rate': 0.13999999999999999, 'model__loss': 'squared_error', 'model__max_depth': 9, 'model__n_estimators': 200, 'model__subsample': 0.6000000000000001}",-0.11161683213581797,-0.07296300493477292,-0.5225681054133153,-0.23856296231930774,-0.28346576710795435,-0.24583533438223365,0.15871320805714323,433,0.9999999999991858,0.9999999999983609,0.999999999998832,0.9999999999975598,0.99999999999687,0.9999999999981617,8.448184778089341e-13
14.146300220489502,6.813803643987811,0.023794794082641603,0.015602460903060812,0.13999999999999999,squared_error,9,200,0.8,"{'model__learning_rate': 0.13999999999999999, 'model__loss': 'squared_error', 'model__max_depth': 9, 'model__n_estimators': 200, 'model__subsample': 0.8}",0.020171356505834015,-0.05975255177591099,-0.04908412949042473,-0.38458383765275794,-0.2743883432388936,-0.14952750113043065,0.15348473927554115,322,0.9999999999999993,0.9999999999999992,0.9999999999999993,0.9999999999999993,0.9999999999999991,0.9999999999999993,1.1102230246251565e-16
9.987119960784913,2.9131978192534382,0.024161100387573242,0.017708410277031406,0.13999999999999999,squared_error,9,500,0.2,"{'model__learning_rate': 0.13999999999999999, 'model__loss': 'squared_error', 'model__max_depth': 9, 'model__n_estimators': 500, 'model__subsample': 0.2}",-0.5591826495400185,-0.13553298698429495,-1.8132607210176102,-0.41983563369730126,-0.20259745420188247,-0.6260818890882215,0.6125983834524055,619,0.9999992403242943,0.9999996770092217,0.9999993633865691,0.9999991892571504,0.999999250561311,0.9999993441077093,1.758952602116629e-07
16.62291316986084,7.400028685051606,0.01763806343078613,0.012772701600414186,0.13999999999999999,squared_error,9,500,0.4,"{'model__learning_rate': 0.13999999999999999, 'model__loss': 'squared_error', 'model__max_depth': 9, 'model__n_estimators': 500, 'model__subsample': 0.4}",-0.5453210689982664,-0.416195009516769,-1.1001097237170927,-0.23633726245425524,-0.25170806608169016,-0.5099342261536147,0.31619058670286193,594,0.9999999999999993,0.9999999999999993,0.9999999999999993,0.9999999999999993,0.9999999999999991,0.9999999999999993,9.930136612989092e-17
17.952695608139038,5.664595863729577,0.02357335090637207,0.017510179782902435,0.13999999999999999,squared_error,9,500,0.6000000000000001,"{'model__learning_rate': 0.13999999999999999, 'model__loss': 'squared_error', 'model__max_depth': 9, 'model__n_estimators': 500, 'model__subsample': 0.6000000000000001}",-0.11161669586640866,-0.07296302248595965,-0.5225674143426611,-0.23856304287423757,-0.28346550293683226,-0.24583513570121984,0.15871297302593518,432,0.9999999999999994,0.9999999999999993,0.9999999999999994,0.9999999999999993,0.9999999999999992,0.9999999999999993,8.599750569898517e-17
18.8990948677063,5.467710771748364,0.021929168701171876,0.016010872025513816,0.13999999999999999,squared_error,9,500,0.8,"{'model__learning_rate': 0.13999999999999999, 'model__loss': 'squared_error', 'model__max_depth': 9, 'model__n_estimators': 500, 'model__subsample': 0.8}",0.02017135677708215,-0.05975255162524795,-0.04908413033191028,-0.38458383734841317,-0.27438834303500514,-0.14952750111269889,0.15348473911661822,321,0.9999999999999993,0.9999999999999993,0.9999999999999994,0.9999999999999993,0.9999999999999992,0.9999999999999993,7.021666937153402e-17
16.23116445541382,6.758668900099947,0.02532229423522949,0.01540427650058485,0.13999999999999999,squared_error,9,1000,0.2,"{'model__learning_rate': 0.13999999999999999, 'model__loss': 'squared_error', 'model__max_depth': 9, 'model__n_estimators': 1000, 'model__subsample': 0.2}",-0.5592447584709417,-0.13554290598546892,-1.8122037263678945,-0.4202393495450374,-0.20274575712588305,-0.6259952994990451,0.6121381058333124,618,0.9999999999984948,0.9999999999998567,0.9999999999994634,0.9999999999992544,0.9999999999997379,0.9999999999993614,4.816548633916936e-13
16.27171936035156,8.452272942571463,0.017158985137939453,0.013581705079907145,0.13999999999999999,squared_error,9,1000,0.4,"{'model__learning_rate': 0.13999999999999999, 'model__loss': 'squared_error', 'model__max_depth': 9, 'model__n_estimators': 1000, 'model__subsample': 0.4}",-0.5453210651668943,-0.41619500897397077,-1.1001097172218604,-0.23633726430631596,-0.25170806685035507,-0.5099342245038793,0.31619058377852866,593,0.9999999999999994,0.9999999999999994,0.9999999999999994,0.9999999999999994,0.9999999999999993,0.9999999999999994,4.965068306494546e-17
18.645358514785766,7.804214025888474,0.030019569396972656,0.01625618262735557,0.13999999999999999,squared_error,9,1000,0.6000000000000001,"{'model__learning_rate': 0.13999999999999999, 'model__loss': 'squared_error', 'model__max_depth': 9, 'model__n_estimators': 1000, 'model__subsample': 0.6000000000000001}",-0.11161669627596171,-0.07296302251777842,-0.5225674138814527,-0.23856304303911435,-0.28346550276488136,-0.2458351356958377,0.15871297277923704,431,0.9999999999999994,0.9999999999999993,0.9999999999999994,0.9999999999999993,0.9999999999999993,0.9999999999999993,7.021666937153402e-17
16.12524104118347,4.306889367117073,0.023424768447875978,0.017127652129483015,0.13999999999999999,squared_error,9,1000,0.8,"{'model__learning_rate': 0.13999999999999999, 'model__loss': 'squared_error', 'model__max_depth': 9, 'model__n_estimators': 1000, 'model__subsample': 0.8}",0.02017135782431345,-0.05975255254118328,-0.04908413036227466,-0.3845838376234336,-0.27438834326516015,-0.14952750119354766,0.1534847393587513,323,0.9999999999999994,0.9999999999999993,0.9999999999999994,0.9999999999999993,0.9999999999999992,0.9999999999999993,8.599750569898517e-17
2.4069478511810303,0.7284532652697905,0.01660146713256836,0.012912400473361044,0.13999999999999999,squared_error,12,200,0.2,"{'model__learning_rate': 0.13999999999999999, 'model__loss': 'squared_error', 'model__max_depth': 12, 'model__n_estimators': 200, 'model__subsample': 0.2}",-0.5937027872151093,-0.5025858721215759,-0.8078603423276358,-0.6326855895480996,-0.5578165306956497,-0.618930224381614,0.10372185399683205,616,0.9980282428272611,0.9983108154204327,0.9981267716653353,0.9959292478618061,0.9972740745928905,0.9975338304735452,0.00087657137935801
9.076380491256714,3.7020095362887124,0.022883033752441405,0.017409751352949157,0.13999999999999999,squared_error,12,200,0.4,"{'model__learning_rate': 0.13999999999999999, 'model__loss': 'squared_error', 'model__max_depth': 12, 'model__n_estimators': 200, 'model__subsample': 0.4}",-0.5538852358273383,-0.1025580263140018,-1.2016408698466359,-0.3594013706457577,-0.5543649999090181,-0.5543701005085504,0.36362250754637926,605,0.9999999668286087,0.9999999588123017,0.999999917197543,0.9999999032771903,0.999999850780565,0.9999999193792417,4.189563931845167e-08
9.762259149551392,2.063828781002246,0.010547733306884766,0.0015232230303885248,0.13999999999999999,squared_error,12,200,0.6000000000000001,"{'model__learning_rate': 0.13999999999999999, 'model__loss': 'squared_error', 'model__max_depth': 12, 'model__n_estimators': 200, 'model__subsample': 0.6000000000000001}",-0.7022872102439757,-0.13316911684080024,-0.4411268195527114,-0.40229008170924097,-0.3319750293839636,-0.40216965154613843,0.1837807373657613,554,0.9999999999997253,0.9999999999990988,0.9999999999992328,0.9999999999989323,0.9999999999970401,0.999999999998806,9.216617915145452e-13
22.50987615585327,5.134413937700183,0.017876434326171874,0.019472833408592325,0.13999999999999999,squared_error,12,200,0.8,"{'model__learning_rate': 0.13999999999999999, 'model__loss': 'squared_error', 'model__max_depth': 12, 'model__n_estimators': 200, 'model__subsample': 0.8}",-0.41349103190432746,-0.16596324077665003,0.11899725259680027,-0.5060423035413855,-0.2708820556166427,-0.24747627584844106,0.21721525838185568,434,0.9999999999999993,0.9999999999999993,0.9999999999999993,0.9999999999999993,0.9999999999999991,0.9999999999999993,9.930136612989092e-17
9.06661057472229,3.6752333825074586,0.016933345794677736,0.014862970712681894,0.13999999999999999,squared_error,12,500,0.2,"{'model__learning_rate': 0.13999999999999999, 'model__loss': 'squared_error', 'model__max_depth': 12, 'model__n_estimators': 500, 'model__subsample': 0.2}",-0.6095321736848507,-0.4904835985246896,-0.8333938108105028,-0.67498764958748,-0.5748754121112789,-0.6366545289437604,0.11497303640305949,620,0.9999998427376634,0.9999996115321012,0.9999994609248034,0.9999994615631993,0.9999995304352978,0.9999995814386129,1.4189985415610883e-07
21.066187191009522,6.037379799336275,0.0245694637298584,0.016049968697225428,0.13999999999999999,squared_error,12,500,0.4,"{'model__learning_rate': 0.13999999999999999, 'model__loss': 'squared_error', 'model__max_depth': 12, 'model__n_estimators': 500, 'model__subsample': 0.4}",-0.553837573950196,-0.10248548001604463,-1.2016166913841935,-0.35936521051188897,-0.5547339976461987,-0.5544077907017043,0.3636358551252384,606,0.9999999999999994,0.9999999999999993,0.9999999999999993,0.9999999999999993,0.9999999999999992,0.9999999999999993,7.021666937153402e-17
24.5907922744751,1.6083250423276223,0.02387228012084961,0.017360541266824153,0.13999999999999999,squared_error,12,500,0.6000000000000001,"{'model__learning_rate': 0.13999999999999999, 'model__loss': 'squared_error', 'model__max_depth': 12, 'model__n_estimators': 500, 'model__subsample': 0.6000000000000001}",-0.7022871659450638,-0.13316924534940822,-0.44112671490470134,-0.4022901683952982,-0.3319749609455034,-0.402169651107995,0.18378068608063686,553,0.9999999999999994,0.9999999999999993,0.9999999999999994,0.9999999999999993,0.9999999999999992,0.9999999999999993,8.599750569898517e-17
20.03082585334778,8.686973864694203,0.01482095718383789,0.012575253258997294,0.13999999999999999,squared_error,12,500,0.8,"{'model__learning_rate': 0.13999999999999999, 'model__loss': 'squared_error', 'model__max_depth': 12, 'model__n_estimators': 500, 'model__subsample': 0.8}",-0.4134910326247372,-0.16596324074449398,0.11899725189123911,-0.5060423049560803,-0.27088205626061224,-0.2474762765389369,0.21721525860699176,436,0.9999999999999994,0.9999999999999993,0.9999999999999994,0.9999999999999993,0.9999999999999992,0.9999999999999993,8.599750569898517e-17
18.869574451446532,6.454636390747463,0.033710145950317384,0.016419368356406488,0.13999999999999999,squared_error,12,1000,0.2,"{'model__learning_rate': 0.13999999999999999, 'model__loss': 'squared_error', 'model__max_depth': 12, 'model__n_estimators': 1000, 'model__subsample': 0.2}",-0.6094724381932022,-0.4904653445216447,-0.8338393445454726,-0.6755281766559422,-0.574530581716149,-0.6367671771264822,0.11520631672003119,621,0.9999999999997038,0.9999999999997369,0.9999999999997521,0.9999999999995577,0.9999999999997193,0.9999999999996939,7.0045060777051e-14
26.94157991409302,1.9657924804817681,0.0309145450592041,0.0160556386142206,0.13999999999999999,squared_error,12,1000,0.4,"{'model__learning_rate': 0.13999999999999999, 'model__loss': 'squared_error', 'model__max_depth': 12, 'model__n_estimators': 1000, 'model__subsample': 0.4}",-0.5538375798274455,-0.10248547956904042,-1.2016166905766408,-0.3593652079805565,-0.5547339956471597,-0.5544077907201685,0.3636358552182271,607,0.9999999999999994,0.9999999999999993,0.9999999999999994,0.9999999999999994,0.9999999999999993,0.9999999999999994,7.021666937153402e-17
13.503303480148315,3.6347945667012724,0.010586166381835937,0.00040028292850122736,0.13999999999999999,squared_error,12,1000,0.6000000000000001,"{'model__learning_rate': 0.13999999999999999, 'model__loss': 'squared_error', 'model__max_depth': 12, 'model__n_estimators': 1000, 'model__subsample': 0.6000000000000001}",-0.7022871658784549,-0.13316924497413352,-0.44112671497359135,-0.40229016761583547,-0.33197496139929106,-0.4021696509682613,0.18378068613689397,552,0.9999999999999994,0.9999999999999993,0.9999999999999994,0.9999999999999994,0.9999999999999993,0.9999999999999994,7.021666937153402e-17
16.60218210220337,6.8390596486064865,0.01583714485168457,0.012802336505661366,0.13999999999999999,squared_error,12,1000,0.8,"{'model__learning_rate': 0.13999999999999999, 'model__loss': 'squared_error', 'model__max_depth': 12, 'model__n_estimators': 1000, 'model__subsample': 0.8}",-0.41349103259277364,-0.16596324076417823,0.11899725192126198,-0.5060423048519853,-0.27088205611959615,-0.24747627648145426,0.21721525858293786,435,0.9999999999999994,0.9999999999999993,0.9999999999999994,0.9999999999999993,0.9999999999999992,0.9999999999999993,8.599750569898517e-17
2.7535587310791017,1.0567991573250746,0.021460723876953126,0.016325809817528934,0.13999999999999999,absolute_error,6,200,0.2,"{'model__learning_rate': 0.13999999999999999, 'model__loss': 'absolute_error', 'model__max_depth': 6, 'model__n_estimators': 200, 'model__subsample': 0.2}",-0.5054778593193037,-0.1985489208487432,-0.4744635024834791,-0.22534067236030908,-0.2536038553748128,-0.3314869620773296,0.13093544926076903,504,0.8172933464985629,0.7612615595512136,0.762199298181476,0.7661759840596478,0.786545136094086,0.7786950648769972,0.02137388955515388
4.571266126632691,1.8735757253243754,0.015200519561767578,0.013431253065837477,0.13999999999999999,absolute_error,6,200,0.4,"{'model__learning_rate': 0.13999999999999999, 'model__loss': 'absolute_error', 'model__max_depth': 6, 'model__n_estimators': 200, 'model__subsample': 0.4}",-0.02604864441047461,-0.04402094901019682,-0.17602459292764183,0.005877922174156058,0.2519724167898365,0.002351230523135861,0.13935425397873982,173,0.8945897453432823,0.8074868530322237,0.8872000198493446,0.9093499364509567,0.8432210478344798,0.8683695205020575,0.03757825771238369
10.513332319259643,2.84691726841734,0.015363264083862304,0.014717036045518727,0.13999999999999999,absolute_error,6,200,0.6000000000000001,"{'model__learning_rate': 0.13999999999999999, 'model__loss': 'absolute_error', 'model__max_depth': 6, 'model__n_estimators': 200, 'model__subsample': 0.6000000000000001}",0.0525507018626159,0.002564120725466301,-0.25857706329917884,0.11869489389436438,-0.09120814317307224,-0.0351950979979609,0.1310299028832881,214,0.8952440013790607,0.8880661463764127,0.9465522157502588,0.8832590595304207,0.9641052732240738,0.9154453392520454,0.033253865328215663
10.285642051696778,3.7772404482909105,0.016462087631225586,0.013931286719347845,0.13999999999999999,absolute_error,6,200,0.8,"{'model__learning_rate': 0.13999999999999999, 'model__loss': 'absolute_error', 'model__max_depth': 6, 'model__n_estimators': 200, 'model__subsample': 0.8}",-0.015281856402840521,-0.004318706890231061,0.003782880870258687,0.1275916875311136,0.03277836002097856,0.028910473025855855,0.05184877802187407,116,0.8887490547830769,0.9076464801922072,0.9486931107517391,0.9569255089138652,0.9553070939074628,0.9314642497096702,0.02794803969839099
6.4934155464172365,2.3724399240275416,0.008486413955688476,0.000852004177234284,0.13999999999999999,absolute_error,6,500,0.2,"{'model__learning_rate': 0.13999999999999999, 'model__loss': 'absolute_error', 'model__max_depth': 6, 'model__n_estimators': 500, 'model__subsample': 0.2}",-0.4907869954081747,-0.2223686763322108,-0.33037517207336053,-0.4550969056151295,-0.2872940145719425,-0.3571843528001636,0.10120789720273482,514,0.9585207887956387,0.9188933964158364,0.9172364711941113,0.911519427438707,0.9162630846125698,0.9244866336913727,0.017192719799781736
10.517562675476075,2.3537774052611216,0.01639385223388672,0.015122069900378479,0.13999999999999999,absolute_error,6,500,0.4,"{'model__learning_rate': 0.13999999999999999, 'model__loss': 'absolute_error', 'model__max_depth': 6, 'model__n_estimators': 500, 'model__subsample': 0.4}",-0.0017170977015110722,-0.15855843694018623,-0.19767000185740247,-0.04983185918202593,0.23983788339797274,-0.03358790245663059,0.1540011977413898,212,0.9865196944512661,0.9847745688622175,0.9550012561055633,0.981427407948353,0.9717036040953195,0.9758853062925439,0.011631459725974966
24.14379472732544,6.810673302296107,0.011401987075805664,0.0032976156166672353,0.13999999999999999,absolute_error,6,500,0.6000000000000001,"{'model__learning_rate': 0.13999999999999999, 'model__loss': 'absolute_error', 'model__max_depth': 6, 'model__n_estimators': 500, 'model__subsample': 0.6000000000000001}",0.04426794028902992,-0.006621564484773579,-0.34060654217500286,0.029901086577984626,-0.07886165288102998,-0.07038414653475837,0.14167562040281426,234,0.9905001643874898,0.9724644844347785,0.9958235234583999,0.9793563694426461,0.9957483007934009,0.986778568503343,0.0093391608299435
30.126606607437132,10.802969713558506,0.023137235641479494,0.01586388289198762,0.13999999999999999,absolute_error,6,500,0.8,"{'model__learning_rate': 0.13999999999999999, 'model__loss': 'absolute_error', 'model__max_depth': 6, 'model__n_estimators': 500, 'model__subsample': 0.8}",-0.033597839513890504,-0.0028486672632190846,-0.011758686024860632,0.10211309312833217,0.033845922393053285,0.017550764543883046,0.047555609538112,141,0.9984272457063395,0.9873573436393894,0.998173211288302,0.9985770304099965,0.9957909360977454,0.9956651534283545,0.004276308228056252
15.54833688735962,3.6956223770061603,0.022673845291137695,0.016877148420418767,0.13999999999999999,absolute_error,6,1000,0.2,"{'model__learning_rate': 0.13999999999999999, 'model__loss': 'absolute_error', 'model__max_depth': 6, 'model__n_estimators': 1000, 'model__subsample': 0.2}",-0.43771508497216427,-0.2717157482646946,-0.4248913315262326,-0.43566976014368985,-0.3259281077322582,-0.3791840065278079,0.06795778741918279,538,0.9796948997489395,0.9848316728663034,0.9704236398922472,0.9736710110077773,0.947684060104329,0.9712610567239194,0.0127880823179634
26.379552173614503,8.522986759075865,0.018369770050048827,0.013047825504509713,0.13999999999999999,absolute_error,6,1000,0.4,"{'model__learning_rate': 0.13999999999999999, 'model__loss': 'absolute_error', 'model__max_depth': 6, 'model__n_estimators': 1000, 'model__subsample': 0.4}",-0.04405950075837639,-0.20046068969336228,-0.23586956053144936,-0.07496410808430753,0.1826692693422558,-0.07453691794504795,0.1476272983454552,239,0.998293655339277,0.9985123446599677,0.9984881827440178,0.9995209113524524,0.9992334696367047,0.998809712746484,0.0004782254547884733
49.27427759170532,9.754380268708806,0.032933807373046874,0.017455193683033547,0.13999999999999999,absolute_error,6,1000,0.6000000000000001,"{'model__learning_rate': 0.13999999999999999, 'model__loss': 'absolute_error', 'model__max_depth': 6, 'model__n_estimators': 1000, 'model__subsample': 0.6000000000000001}",0.04872814667833192,0.020682781775646752,-0.34243932479454164,0.019584152114329845,-0.09004945862004776,-0.06869874056925618,0.14488737704797938,232,0.9991868340320174,0.9983501519109976,0.9999689111740961,0.9995464970778104,0.9998902248192605,0.9993885238028364,0.0005886261828390975
54.97303133010864,18.14055358471027,0.012174224853515625,0.0005057824256998719,0.13999999999999999,absolute_error,6,1000,0.8,"{'model__learning_rate': 0.13999999999999999, 'model__loss': 'absolute_error', 'model__max_depth': 6, 'model__n_estimators': 1000, 'model__subsample': 0.8}",-0.04072682185013554,-0.007097760340625037,-0.008774133896611858,0.09074702120658917,0.023192001816421115,0.011468061387127571,0.04450021638538108,153,0.9999920756000846,0.9989929999534288,0.9999956475419687,0.9999722779186347,0.9999337106116893,0.9997773423251612,0.0003927878383489217
3.5694228172302247,0.05529879286371928,0.029566431045532228,0.016966091869089175,0.13999999999999999,absolute_error,9,200,0.2,"{'model__learning_rate': 0.13999999999999999, 'model__loss': 'absolute_error', 'model__max_depth': 9, 'model__n_estimators': 200, 'model__subsample': 0.2}",-0.5054778593193037,-0.1985489208487432,-0.4744635024834791,-0.22534067236030908,-0.2536038553748128,-0.3314869620773296,0.13093544926076903,504,0.8172933464985629,0.7612615595512136,0.762199298181476,0.7661759840596478,0.786545136094086,0.7786950648769972,0.02137388955515388
6.658194351196289,1.7300030321676814,0.021974992752075196,0.016002802000177917,0.13999999999999999,absolute_error,9,200,0.4,"{'model__learning_rate': 0.13999999999999999, 'model__loss': 'absolute_error', 'model__max_depth': 9, 'model__n_estimators': 200, 'model__subsample': 0.4}",-0.01676360762894258,-0.12212964034982021,-0.1603218229590273,0.032233126847538984,0.041207262340392736,-0.045154936349971676,0.08178254833609527,221,0.8940544476969101,0.8757389643998423,0.8971865758517875,0.85115349445132,0.892142571580185,0.882055210796009,0.01714354562994492
9.590344667434692,3.671084910901957,0.014767932891845702,0.013226678544486342,0.13999999999999999,absolute_error,9,200,0.6000000000000001,"{'model__learning_rate': 0.13999999999999999, 'model__loss': 'absolute_error', 'model__max_depth': 9, 'model__n_estimators': 200, 'model__subsample': 0.6000000000000001}",0.14112407355452627,0.056003282536761456,0.08007956360813573,0.07603225911324385,-0.013526982370382301,0.067942439288457,0.049695304999102054,32,0.8618795541320141,0.930970401578059,0.9142784760635081,0.9565849403426365,0.9538698897396392,0.9235166523711713,0.03451047622442921
11.695185422897339,5.331416621818078,0.02143106460571289,0.015248228576577184,0.13999999999999999,absolute_error,9,200,0.8,"{'model__learning_rate': 0.13999999999999999, 'model__loss': 'absolute_error', 'model__max_depth': 9, 'model__n_estimators': 200, 'model__subsample': 0.8}",0.015090586736999034,-0.15326251301817462,0.18308834351908598,0.09477443652531459,0.06791850672417621,0.04152187209748024,0.11154662997976333,80,0.9588197376656636,0.965859580915985,0.9170744060348127,0.9390299263214299,0.9449051819774409,0.9451377665830665,0.01697941068161496
7.856978893280029,2.1199380570452893,0.021438169479370116,0.015855897809343374,0.13999999999999999,absolute_error,9,500,0.2,"{'model__learning_rate': 0.13999999999999999, 'model__loss': 'absolute_error', 'model__max_depth': 9, 'model__n_estimators': 500, 'model__subsample': 0.2}",-0.4907869954081747,-0.2223686763322108,-0.33037517207336053,-0.4550969056151295,-0.2872940145719425,-0.3571843528001636,0.10120789720273482,514,0.9585207887956387,0.9188933964158364,0.9172364711941113,0.911519427438707,0.9162630846125698,0.9244866336913727,0.017192719799781736
12.434205532073975,5.515894153634823,0.01780214309692383,0.014773042791712591,0.13999999999999999,absolute_error,9,500,0.4,"{'model__learning_rate': 0.13999999999999999, 'model__loss': 'absolute_error', 'model__max_depth': 9, 'model__n_estimators': 500, 'model__subsample': 0.4}",-0.025621496851585546,-0.17785315691009962,-0.23747712811879307,0.0724576955477243,-0.003188776481592548,-0.0743365725628693,0.11516444654572572,237,0.9824043897055721,0.9788610974142871,0.9801512400917739,0.9744159470523428,0.978555600014591,0.9788776548557134,0.0026103910836092798
21.22268056869507,6.83006901087067,0.02427678108215332,0.01878905430221519,0.13999999999999999,absolute_error,9,500,0.6000000000000001,"{'model__learning_rate': 0.13999999999999999, 'model__loss': 'absolute_error', 'model__max_depth': 9, 'model__n_estimators': 500, 'model__subsample': 0.6000000000000001}",0.07423682482422911,0.03315160503292047,0.004723164244955558,0.04360022391284457,-0.021349672704133793,0.026872429062163184,0.0327981529603291,123,0.9808920713585307,0.9973970838818977,0.9902432615768643,0.9969866255287714,0.9959136513223128,0.9922865387336752,0.0062509727503307615
31.42616739273071,11.865307554260523,0.022408246994018555,0.01618766696247738,0.13999999999999999,absolute_error,9,500,0.8,"{'model__learning_rate': 0.13999999999999999, 'model__loss': 'absolute_error', 'model__max_depth': 9, 'model__n_estimators': 500, 'model__subsample': 0.8}",0.060745766898208764,-0.1791337888937652,0.14662340150817954,0.042176707559154925,0.052929091223523184,0.024668235659060244,0.10845749259036024,129,0.9953680355699555,0.9995660810592969,0.9994012910954824,0.9971911299212924,0.9950742467459543,0.9973201568783961,0.0019103315386295725
16.68146095275879,2.638992725340397,0.016548681259155273,0.014753307543612145,0.13999999999999999,absolute_error,9,1000,0.2,"{'model__learning_rate': 0.13999999999999999, 'model__loss': 'absolute_error', 'model__max_depth': 9, 'model__n_estimators': 1000, 'model__subsample': 0.2}",-0.43771508497216427,-0.2717157482646946,-0.4248913315262326,-0.43566976014368985,-0.3259281077322582,-0.3791840065278079,0.06795778741918279,538,0.9796948997489395,0.9848316728663034,0.9704236398922472,0.9736710110077773,0.947684060104329,0.9712610567239194,0.0127880823179634
22.200120306015016,7.791794894106174,0.035701751708984375,0.012858574529501116,0.13999999999999999,absolute_error,9,1000,0.4,"{'model__learning_rate': 0.13999999999999999, 'model__loss': 'absolute_error', 'model__max_depth': 9, 'model__n_estimators': 1000, 'model__subsample': 0.4}",-0.0184785590630292,-0.17175112777700474,-0.21447188615173696,0.0008220657367881135,-0.023276419212478583,-0.08543118529349228,0.08931755411718133,249,0.997863149920717,0.9977172820996625,0.9990169001749297,0.9993166499569243,0.9979461491245832,0.9983720262553634,0.0006598776664801705
56.210733795166014,11.197268597771414,0.026029062271118165,0.01742450803206746,0.13999999999999999,absolute_error,9,1000,0.6000000000000001,"{'model__learning_rate': 0.13999999999999999, 'model__loss': 'absolute_error', 'model__max_depth': 9, 'model__n_estimators': 1000, 'model__subsample': 0.6000000000000001}",0.06508874440007006,0.026983770771518145,-0.008691778312795995,0.03726230126875507,-0.013065601317854059,0.021515487361938646,0.029273959740349947,132,0.9999693282638826,0.9999686495712119,0.9998421755056838,0.9999689300378398,0.9999213127604653,0.9999340792278166,4.9520619898843446e-05
79.93134617805481,10.855534591650082,0.02505326271057129,0.017050982834097055,0.13999999999999999,absolute_error,9,1000,0.8,"{'model__learning_rate': 0.13999999999999999, 'model__loss': 'absolute_error', 'model__max_depth': 9, 'model__n_estimators': 1000, 'model__subsample': 0.8}",0.058083499563447716,-0.18014320589289978,0.15242452337049361,0.04597088256368009,0.03648794077913209,0.022564728076770745,0.10950557974434266,131,0.9999959006670611,0.9999933949170303,0.9999990324275632,0.9999940775939627,0.9999893571478377,0.9999943525506909,3.170003941061373e-06
2.3099207878112793,1.0121593761415402,0.01029343605041504,0.0036344917148139447,0.13999999999999999,absolute_error,12,200,0.2,"{'model__learning_rate': 0.13999999999999999, 'model__loss': 'absolute_error', 'model__max_depth': 12, 'model__n_estimators': 200, 'model__subsample': 0.2}",-0.5054778593193037,-0.1985489208487432,-0.4744635024834791,-0.22534067236030908,-0.2536038553748128,-0.3314869620773296,0.13093544926076903,504,0.8172933464985629,0.7612615595512136,0.762199298181476,0.7661759840596478,0.786545136094086,0.7786950648769972,0.02137388955515388
5.168167161941528,2.0350398004920423,0.014079666137695313,0.01267467102090886,0.13999999999999999,absolute_error,12,200,0.4,"{'model__learning_rate': 0.13999999999999999, 'model__loss': 'absolute_error', 'model__max_depth': 12, 'model__n_estimators': 200, 'model__subsample': 0.4}",-0.01676360762894258,-0.12212964034982021,-0.1603218229590273,0.032233126847538984,0.041207262340392736,-0.045154936349971676,0.08178254833609527,221,0.8940544476969101,0.8757389643998423,0.8971865758517875,0.85115349445132,0.892142571580185,0.882055210796009,0.01714354562994492
8.204465961456298,3.406045196505428,0.022616147994995117,0.016492479301457315,0.13999999999999999,absolute_error,12,200,0.6000000000000001,"{'model__learning_rate': 0.13999999999999999, 'model__loss': 'absolute_error', 'model__max_depth': 12, 'model__n_estimators': 200, 'model__subsample': 0.6000000000000001}",0.14112407355452627,0.051643490319549734,0.08694789726106888,0.1284618454810903,-0.013526982370382301,0.07893006484917058,0.05599757205114334,7,0.8618795541320141,0.9122202588042909,0.9191002731114446,0.9355051596232555,0.9538698897396392,0.9165150270821287,0.030874501888018054
9.524799585342407,4.20800613340165,0.01727452278137207,0.012569857607357765,0.13999999999999999,absolute_error,12,200,0.8,"{'model__learning_rate': 0.13999999999999999, 'model__loss': 'absolute_error', 'model__max_depth': 12, 'model__n_estimators': 200, 'model__subsample': 0.8}",-0.006039308069595295,-0.16865090831473384,0.1791825828716731,0.09967214626959564,0.02566313684110988,0.025965529919609896,0.1164543599324565,125,0.947295533093812,0.961520643655335,0.9320443745651761,0.9012583641294447,0.9277041548004479,0.9339646140488431,0.02024661761244563
5.776413059234619,2.4895659149207,0.015961933135986327,0.014668273384639519,0.13999999999999999,absolute_error,12,500,0.2,"{'model__learning_rate': 0.13999999999999999, 'model__loss': 'absolute_error', 'model__max_depth': 12, 'model__n_estimators': 500, 'model__subsample': 0.2}",-0.4907869954081747,-0.2223686763322108,-0.33037517207336053,-0.4550969056151295,-0.2872940145719425,-0.3571843528001636,0.10120789720273482,514,0.9585207887956387,0.9188933964158364,0.9172364711941113,0.911519427438707,0.9162630846125698,0.9244866336913727,0.017192719799781736
10.103617095947266,4.446770265911647,0.010731840133666992,0.0034488377620166327,0.13999999999999999,absolute_error,12,500,0.4,"{'model__learning_rate': 0.13999999999999999, 'model__loss': 'absolute_error', 'model__max_depth': 12, 'model__n_estimators': 500, 'model__subsample': 0.4}",-0.025621496851585546,-0.17785315691009962,-0.23747712811879307,0.0724576955477243,-0.003188776481592548,-0.0743365725628693,0.11516444654572572,237,0.9824043897055721,0.9788610974142871,0.9801512400917739,0.9744159470523428,0.978555600014591,0.9788776548557134,0.0026103910836092798
20.05065326690674,7.329288102551326,0.017296981811523438,0.014531515307645846,0.13999999999999999,absolute_error,12,500,0.6000000000000001,"{'model__learning_rate': 0.13999999999999999, 'model__loss': 'absolute_error', 'model__max_depth': 12, 'model__n_estimators': 500, 'model__subsample': 0.6000000000000001}",0.06942481970804326,0.037143652893291246,0.11177336122259629,0.0489996217114641,-0.030141843146341607,0.04743992247781066,0.04636702111063515,70,0.9814647661687299,0.9711512420470324,0.9936834558385401,0.9958288940814816,0.9976200720416111,0.987949686035479,0.010126364670555933
30.409056091308592,10.494174470250588,0.02458820343017578,0.016852534866657762,0.13999999999999999,absolute_error,12,500,0.8,"{'model__learning_rate': 0.13999999999999999, 'model__loss': 'absolute_error', 'model__max_depth': 12, 'model__n_estimators': 500, 'model__subsample': 0.8}",-0.01881316964574542,-0.17899892335969847,0.1481282140614939,0.04405594813263847,-0.0402080809735299,-0.009167202356968284,0.10721375477360189,197,0.9994007154215554,0.9998073601978307,0.9929517929286176,0.9716214829062265,0.9993467295318533,0.9926256161972168,0.010806782938625253
13.942443656921387,5.252216636043789,0.02927708625793457,0.015486602303707938,0.13999999999999999,absolute_error,12,1000,0.2,"{'model__learning_rate': 0.13999999999999999, 'model__loss': 'absolute_error', 'model__max_depth': 12, 'model__n_estimators': 1000, 'model__subsample': 0.2}",-0.43771508497216427,-0.2717157482646946,-0.4248913315262326,-0.43566976014368985,-0.3259281077322582,-0.3791840065278079,0.06795778741918279,538,0.9796948997489395,0.9848316728663034,0.9704236398922472,0.9736710110077773,0.947684060104329,0.9712610567239194,0.0127880823179634
30.902684497833253,8.563526493980964,0.026504325866699218,0.014458064317897293,0.13999999999999999,absolute_error,12,1000,0.4,"{'model__learning_rate': 0.13999999999999999, 'model__loss': 'absolute_error', 'model__max_depth': 12, 'model__n_estimators': 1000, 'model__subsample': 0.4}",-0.0184785590630292,-0.17175112777700474,-0.21447188615173696,0.0008220657367881135,-0.023276419212478583,-0.08543118529349228,0.08931755411718133,249,0.997863149920717,0.9977172820996625,0.9990169001749297,0.9993166499569243,0.9979461491245832,0.9983720262553634,0.0006598776664801705
42.25997619628906,13.666304057137353,0.017365503311157226,0.012883709011062004,0.13999999999999999,absolute_error,12,1000,0.6000000000000001,"{'model__learning_rate': 0.13999999999999999, 'model__loss': 'absolute_error', 'model__max_depth': 12, 'model__n_estimators': 1000, 'model__subsample': 0.6000000000000001}",0.051750561445011556,0.025194295524103905,0.1175768149394445,0.036122625064546,-0.037770873656693515,0.03857468466328249,0.04985705968490208,85,0.9998832854120525,0.9962041978538042,0.9995400511584634,0.9999496172667336,0.9998082171606829,0.9990770737703473,0.0014431662492795936
68.75077366828918,20.14911994543215,0.025263023376464844,0.016806743345301793,0.13999999999999999,absolute_error,12,1000,0.8,"{'model__learning_rate': 0.13999999999999999, 'model__loss': 'absolute_error', 'model__max_depth': 12, 'model__n_estimators': 1000, 'model__subsample': 0.8}",-0.019385686725903906,-0.18102394344868022,0.17809327243604556,-0.02101748876398757,-0.046060589864155954,-0.01787888727333642,0.11474120999923294,204,0.9999983028718475,0.9999994880597255,0.999993416720325,0.9998420145445382,0.9999898757993115,0.9999646195991495,6.139954666517026e-05
4.50197172164917,0.036339668297086125,0.02176637649536133,0.016498426714763995,0.16,squared_error,6,200,0.2,"{'model__learning_rate': 0.16, 'model__loss': 'squared_error', 'model__max_depth': 6, 'model__n_estimators': 200, 'model__subsample': 0.2}",-0.9732204519833139,0.018839327015262808,-3.5641358532752507,-0.201365889132606,-0.5111413483940017,-1.0462048431539819,1.3022801679479772,644,0.99809850274427,0.9979004334056532,0.9971316656656845,0.9976705479059417,0.9975689645965465,0.9976740228636192,0.00032761121701927625
7.527241611480713,2.1474397077207175,0.022283363342285156,0.01578682802527048,0.16,squared_error,6,200,0.4,"{'model__learning_rate': 0.16, 'model__loss': 'squared_error', 'model__max_depth': 6, 'model__n_estimators': 200, 'model__subsample': 0.4}",-0.2408204228962738,-0.3514597246668154,-0.8458964788956225,-0.30505535183931776,-0.366732582194625,-0.42199291209853096,0.2164350860543555,567,0.9999999760931525,0.9999999658707475,0.9999999639663589,0.9999999711396613,0.9999998477593449,0.9999999449658532,4.8787531333429754e-08
8.118807077407837,3.7917527873218475,0.02488999366760254,0.017933943020591838,0.16,squared_error,6,200,0.6000000000000001,"{'model__learning_rate': 0.16, 'model__loss': 'squared_error', 'model__max_depth': 6, 'model__n_estimators': 200, 'model__subsample': 0.6000000000000001}",-0.02708133430830917,-0.2506238147163782,-0.195972683300353,-0.2784819344610554,-0.19559709902065658,-0.18955137316135046,0.08730725674369655,371,0.9999999999997725,0.9999999999996979,0.99999999999965,0.9999999999994862,0.9999999999986813,0.9999999999994575,3.9935236407513027e-13
13.325592517852783,3.800982230598097,0.015880060195922852,0.013256053002946168,0.16,squared_error,6,200,0.8,"{'model__learning_rate': 0.16, 'model__loss': 'squared_error', 'model__max_depth': 6, 'model__n_estimators': 200, 'model__subsample': 0.8}",-0.15461734413890382,-0.17436005293171486,0.1662465142156031,-0.2007632852669845,-0.25808330594588047,-0.12431549481357611,0.14939011541677283,285,0.9999999999999993,0.9999999999999992,0.9999999999999993,0.9999999999999993,0.9999999999999992,0.9999999999999993,7.021666937153402e-17
4.156111717224121,0.02887167368624169,0.010078811645507812,0.00033931715425441095,0.16,squared_error,6,500,0.2,"{'model__learning_rate': 0.16, 'model__loss': 'squared_error', 'model__max_depth': 6, 'model__n_estimators': 500, 'model__subsample': 0.2}",-0.9899657343175821,0.010525555517099439,-3.6254261461603816,-0.19671831023987907,-0.5229923109390675,-1.0649153892279621,1.3240734725473147,648,0.9999997624846305,0.9999998270282331,0.9999995704010323,0.9999995025094798,0.9999995327646358,0.9999996390376023,1.3055611546758102e-07
14.644067764282227,4.267783529136602,0.008969497680664063,0.0004996431943845007,0.16,squared_error,6,500,0.4,"{'model__learning_rate': 0.16, 'model__loss': 'squared_error', 'model__max_depth': 6, 'model__n_estimators': 500, 'model__subsample': 0.4}",-0.24079085774583198,-0.35140065338367643,-0.8460255406215265,-0.3050968400387062,-0.3669768085632956,-0.4220581400706074,0.21647751087907396,568,0.9999999999999994,0.9999999999999993,0.9999999999999994,0.9999999999999993,0.9999999999999992,0.9999999999999993,8.599750569898517e-17
12.957886743545533,5.590742000125261,0.022639083862304687,0.016200186009306894,0.16,squared_error,6,500,0.6000000000000001,"{'model__learning_rate': 0.16, 'model__loss': 'squared_error', 'model__max_depth': 6, 'model__n_estimators': 500, 'model__subsample': 0.6000000000000001}",-0.027081283407288215,-0.25062378981155,-0.19597278916532268,-0.27848185321803864,-0.1955971840134425,-0.1895513799231284,0.08730725838744077,373,0.9999999999999994,0.9999999999999993,0.9999999999999994,0.9999999999999993,0.9999999999999992,0.9999999999999993,8.599750569898517e-17
6.637694835662842,1.229038616708067,0.015796661376953125,0.013612271051763965,0.16,squared_error,6,500,0.8,"{'model__learning_rate': 0.16, 'model__loss': 'squared_error', 'model__max_depth': 6, 'model__n_estimators': 500, 'model__subsample': 0.8}",-0.15461734284394257,-0.17436005398890275,0.16624651381771283,-0.2007632859729791,-0.25808330549202263,-0.12431549489602685,0.14939011527126808,287,0.9999999999999993,0.9999999999999993,0.9999999999999994,0.9999999999999993,0.9999999999999992,0.9999999999999993,7.021666937153402e-17
18.314875030517577,5.11984605184922,0.020069408416748046,0.01274619415410903,0.16,squared_error,6,1000,0.2,"{'model__learning_rate': 0.16, 'model__loss': 'squared_error', 'model__max_depth': 6, 'model__n_estimators': 1000, 'model__subsample': 0.2}",-0.9899378963231225,0.010547672161376087,-3.6248404108711805,-0.19653431848656133,-0.5230058828426727,-1.0647541672724323,1.3238738613977084,647,0.9999999999999225,0.9999999999999686,0.9999999999997257,0.9999999999997794,0.9999999999999373,0.9999999999998666,9.590337576888978e-14
15.12588062286377,5.981521005703918,0.024236536026000975,0.016600072200985142,0.16,squared_error,6,1000,0.4,"{'model__learning_rate': 0.16, 'model__loss': 'squared_error', 'model__max_depth': 6, 'model__n_estimators': 1000, 'model__subsample': 0.4}",-0.24079085441061499,-0.3514006530364968,-0.8460255452707257,-0.30509683847013713,-0.36697681034241647,-0.42205814030607824,0.2164775133603211,569,0.9999999999999994,0.9999999999999994,0.9999999999999994,0.9999999999999994,0.9999999999999993,0.9999999999999994,4.965068306494546e-17
12.059108543395997,3.638302585735239,0.017473506927490234,0.012423067616132155,0.16,squared_error,6,1000,0.6000000000000001,"{'model__learning_rate': 0.16, 'model__loss': 'squared_error', 'model__max_depth': 6, 'model__n_estimators': 1000, 'model__subsample': 0.6000000000000001}",-0.02708128296665424,-0.25062378976327526,-0.19597278921540262,-0.2784818529323263,-0.19559718416152716,-0.18955137980783712,0.08730725848926492,372,0.9999999999999994,0.9999999999999993,0.9999999999999994,0.9999999999999993,0.9999999999999993,0.9999999999999993,7.021666937153402e-17
11.668887853622437,4.559177745438033,0.009604167938232423,0.0011567257312528724,0.16,squared_error,6,1000,0.8,"{'model__learning_rate': 0.16, 'model__loss': 'squared_error', 'model__max_depth': 6, 'model__n_estimators': 1000, 'model__subsample': 0.8}",-0.1546173428298525,-0.17436005400931087,0.16624651379408162,-0.20076328578935843,-0.2580833056125018,-0.1243154948893884,0.14939011526565443,286,0.9999999999999993,0.9999999999999993,0.9999999999999994,0.9999999999999993,0.9999999999999992,0.9999999999999993,7.021666937153402e-17
4.025046300888062,1.179121594988845,0.02227926254272461,0.016338620686249274,0.16,squared_error,9,200,0.2,"{'model__learning_rate': 0.16, 'model__loss': 'squared_error', 'model__max_depth': 9, 'model__n_estimators': 200, 'model__subsample': 0.2}",-1.2793267885974897,-0.6579066236590614,-1.6847371810646412,-0.8054883910220372,-0.19572354604770825,-0.9246365060781876,0.5138508420593731,636,0.998370377647281,0.99856599317435,0.9989729651365404,0.9967941755567735,0.995356440904595,0.997611990483908,0.0013486177655533608
7.927912902832031,3.136377373083064,0.022638607025146484,0.016770900925938307,0.16,squared_error,9,200,0.4,"{'model__learning_rate': 0.16, 'model__loss': 'squared_error', 'model__max_depth': 9, 'model__n_estimators': 200, 'model__subsample': 0.4}",-0.21152144373246173,-0.441065589598594,-0.7164803533309565,-0.24883972053925985,-0.1548235316551172,-0.35454612777127786,0.204939513554637,511,0.9999999881236903,0.9999999959708636,0.9999999907591413,0.999999970065485,0.9999999904613875,0.9999999870761137,8.883695765044354e-09
11.731521368026733,5.134741805436811,0.023436594009399413,0.016458769825233005,0.16,squared_error,9,200,0.6000000000000001,"{'model__learning_rate': 0.16, 'model__loss': 'squared_error', 'model__max_depth': 9, 'model__n_estimators': 200, 'model__subsample': 0.6000000000000001}",-0.4063322623474206,-0.06329779479519959,-0.49084063181916493,-0.44656261970194633,-0.1608240608140843,-0.31357147389556317,0.16951946775610374,490,0.9999999999999805,0.9999999999999596,0.9999999999999902,0.9999999999998617,0.9999999999999728,0.9999999999999529,4.672772949748631e-14
15.116509914398193,4.608827631655552,0.036794090270996095,0.01434964114183861,0.16,squared_error,9,200,0.8,"{'model__learning_rate': 0.16, 'model__loss': 'squared_error', 'model__max_depth': 9, 'model__n_estimators': 200, 'model__subsample': 0.8}",-0.16949614888991937,-0.09500496553142934,0.13563394307779364,-0.32111771336699046,-0.3823901880574456,-0.16647501455359823,0.1827132419320075,344,0.9999999999999993,0.9999999999999993,0.9999999999999994,0.9999999999999993,0.9999999999999992,0.9999999999999993,7.021666937153402e-17
8.778148078918457,2.8451569122814977,0.03121213912963867,0.016951464652339085,0.16,squared_error,9,500,0.2,"{'model__learning_rate': 0.16, 'model__loss': 'squared_error', 'model__max_depth': 9, 'model__n_estimators': 500, 'model__subsample': 0.2}",-1.281467707919996,-0.6521263788921503,-1.6633999890677562,-0.8344690826558787,-0.19701306169378396,-0.9256952440459131,0.5069363266248964,637,0.9999999396334123,0.9999997720391685,0.9999997175333699,0.9999997638801303,0.999999698115421,0.9999997782403005,8.53202587773053e-08
13.794406366348266,5.7996846497566175,0.010712671279907226,0.001126350710843219,0.16,squared_error,9,500,0.4,"{'model__learning_rate': 0.16, 'model__loss': 'squared_error', 'model__max_depth': 9, 'model__n_estimators': 500, 'model__subsample': 0.4}",-0.21149783210549522,-0.4410768623100889,-0.7165108850871642,-0.24883331240841433,-0.1548734020535354,-0.3545584587929396,0.2049454875905713,513,0.9999999999999994,0.9999999999999993,0.9999999999999994,0.9999999999999993,0.9999999999999992,0.9999999999999993,8.599750569898517e-17
17.33491721153259,4.725451029598549,0.009255647659301758,0.0016629478528369405,0.16,squared_error,9,500,0.6000000000000001,"{'model__learning_rate': 0.16, 'model__loss': 'squared_error', 'model__max_depth': 9, 'model__n_estimators': 500, 'model__subsample': 0.6000000000000001}",-0.40633224892207775,-0.06329772865774519,-0.4908405995684375,-0.4465627379181383,-0.16082408080207755,-0.31357147917369527,0.16951949401699332,492,0.9999999999999994,0.9999999999999993,0.9999999999999994,0.9999999999999993,0.9999999999999992,0.9999999999999993,8.599750569898517e-17
18.99077296257019,0.9704071805981656,0.03806009292602539,0.015377628305403802,0.16,squared_error,9,500,0.8,"{'model__learning_rate': 0.16, 'model__loss': 'squared_error', 'model__max_depth': 9, 'model__n_estimators': 500, 'model__subsample': 0.8}",-0.16949614852547268,-0.09500496547385207,0.13563394273379448,-0.32111771258453303,-0.38239018767285304,-0.16647501430458328,0.18271324159820365,342,0.9999999999999993,0.9999999999999993,0.9999999999999994,0.9999999999999993,0.9999999999999992,0.9999999999999993,7.021666937153402e-17
22.059615230560304,2.3109530308085837,0.03180646896362305,0.016077630005476795,0.16,squared_error,9,1000,0.2,"{'model__learning_rate': 0.16, 'model__loss': 'squared_error', 'model__max_depth': 9, 'model__n_estimators': 1000, 'model__subsample': 0.2}",-1.2814979147749295,-0.6519659049092326,-1.6635964273059285,-0.8345293645819423,-0.19691556080201056,-0.9257010344748087,0.5070409237879152,638,0.9999999999999907,0.9999999999999587,0.9999999999999694,0.999999999999924,0.9999999999998229,0.9999999999999332,5.917474140443928e-14
17.47972183227539,7.0353986259449615,0.01746792793273926,0.013726424822874759,0.16,squared_error,9,1000,0.4,"{'model__learning_rate': 0.16, 'model__loss': 'squared_error', 'model__max_depth': 9, 'model__n_estimators': 1000, 'model__subsample': 0.4}",-0.21149783198226202,-0.4410768629410029,-0.7165108845705126,-0.24883331182168922,-0.1548734008401842,-0.3545584584311302,0.20494548777552962,512,0.9999999999999994,0.9999999999999994,0.9999999999999994,0.9999999999999994,0.9999999999999993,0.9999999999999994,4.965068306494546e-17
20.294680690765382,2.918626581612096,0.029841279983520506,0.016696988851619986,0.16,squared_error,9,1000,0.6000000000000001,"{'model__learning_rate': 0.16, 'model__loss': 'squared_error', 'model__max_depth': 9, 'model__n_estimators': 1000, 'model__subsample': 0.6000000000000001}",-0.40633224865481843,-0.06329772759529373,-0.49084060174786726,-0.44656273687779136,-0.1608240802217209,-0.31357147901949833,0.1695194946986247,491,0.9999999999999994,0.9999999999999993,0.9999999999999994,0.9999999999999993,0.9999999999999993,0.9999999999999993,7.021666937153402e-17
16.932554721832275,4.822939429022894,0.03003535270690918,0.016790738550663976,0.16,squared_error,9,1000,0.8,"{'model__learning_rate': 0.16, 'model__loss': 'squared_error', 'model__max_depth': 9, 'model__n_estimators': 1000, 'model__subsample': 0.8}",-0.16949614849995354,-0.09500496553014348,0.13563394285659225,-0.3211177130357077,-0.3823901878998994,-0.1664750144218224,0.18271324176435658,343,0.9999999999999993,0.9999999999999993,0.9999999999999994,0.9999999999999993,0.9999999999999992,0.9999999999999993,7.021666937153402e-17
2.448789882659912,1.2376205998135021,0.016824865341186525,0.014208415806394639,0.16,squared_error,12,200,0.2,"{'model__learning_rate': 0.16, 'model__loss': 'squared_error', 'model__max_depth': 12, 'model__n_estimators': 200, 'model__subsample': 0.2}",-0.5539592974001322,-0.5270191945041154,-1.9881577442495768,-0.6810179030369508,-0.898046119990163,-0.9296400518361876,0.5452541496527403,639,0.9977042406468627,0.998131571873282,0.9990302200878778,0.9982205073016581,0.9980288339949815,0.9982230747809323,0.00043972292689486146
7.313474893569946,3.2834995679160777,0.01610598564147949,0.01323822554704625,0.16,squared_error,12,200,0.4,"{'model__learning_rate': 0.16, 'model__loss': 'squared_error', 'model__max_depth': 12, 'model__n_estimators': 200, 'model__subsample': 0.4}",-0.6548328806439703,-0.43560356857375737,-0.9045003862009084,-0.4845917061074412,-0.4220592385888813,-0.5803175560229917,0.18209794756016398,611,0.9999999752282623,0.999999991238437,0.9999999925532927,0.9999999589899516,0.9999997639931686,0.9999999364006225,8.706606898508581e-08
10.657529830932617,5.521925008686443,0.009009027481079101,0.0003211631042918624,0.16,squared_error,12,200,0.6000000000000001,"{'model__learning_rate': 0.16, 'model__loss': 'squared_error', 'model__max_depth': 12, 'model__n_estimators': 200, 'model__subsample': 0.6000000000000001}",-0.324695819954131,-0.08563291821443042,-0.4502598875146786,-0.3317386539342393,-0.4126319957946889,-0.32099185508243366,0.1269891190642998,496,0.9999999999999839,0.9999999999999934,0.9999999999999916,0.9999999999999157,0.9999999999999701,0.9999999999999709,2.880390139449114e-14
14.999645328521728,4.301027376023331,0.015450143814086914,0.013657404316107074,0.16,squared_error,12,200,0.8,"{'model__learning_rate': 0.16, 'model__loss': 'squared_error', 'model__max_depth': 12, 'model__n_estimators': 200, 'model__subsample': 0.8}",-0.10468667455209801,-0.04220448215071948,0.015506343087215102,-0.3108300435891176,-0.07035401876788394,-0.10251377519452079,0.11135582449927485,254,0.9999999999999993,0.9999999999999993,0.9999999999999993,0.9999999999999993,0.9999999999999992,0.9999999999999993,4.965068306494546e-17
9.060246515274049,3.711785818716037,0.030356216430664062,0.01606953047983373,0.16,squared_error,12,500,0.2,"{'model__learning_rate': 0.16, 'model__loss': 'squared_error', 'model__max_depth': 12, 'model__n_estimators': 500, 'model__subsample': 0.2}",-0.5179920193780547,-0.5173292150061171,-1.9977172874637326,-0.6748831262792636,-0.8827215310198615,-0.918128635829406,0.5561803997413691,634,0.9999998194251308,0.9999997074844644,0.9999999132090167,0.9999998416922811,0.9999998327915536,0.9999998229204893,6.624127056009773e-08
13.850811195373534,5.938809377327205,0.010581111907958985,0.0010331911926185278,0.16,squared_error,12,500,0.4,"{'model__learning_rate': 0.16, 'model__loss': 'squared_error', 'model__max_depth': 12, 'model__n_estimators': 500, 'model__subsample': 0.4}",-0.6547502510712122,-0.43560401944900784,-0.9044921546420586,-0.48454753204942014,-0.4225086810852441,-0.5803805276593886,0.18201479215910196,613,0.9999999999999994,0.9999999999999993,0.9999999999999994,0.9999999999999993,0.9999999999999992,0.9999999999999993,8.599750569898517e-17
12.535989904403687,5.393164792420061,0.023728275299072267,0.016041640069985055,0.16,squared_error,12,500,0.6000000000000001,"{'model__learning_rate': 0.16, 'model__loss': 'squared_error', 'model__max_depth': 12, 'model__n_estimators': 500, 'model__subsample': 0.6000000000000001}",-0.3246958103700901,-0.08563289832407439,-0.45025984176373957,-0.33173870445837395,-0.4126320050727752,-0.32099185199781066,0.1269891192611051,495,0.9999999999999994,0.9999999999999993,0.9999999999999994,0.9999999999999993,0.9999999999999992,0.9999999999999993,8.599750569898517e-17
16.832753705978394,5.387211469871653,0.023079299926757814,0.015924496808983578,0.16,squared_error,12,500,0.8,"{'model__learning_rate': 0.16, 'model__loss': 'squared_error', 'model__max_depth': 12, 'model__n_estimators': 500, 'model__subsample': 0.8}",-0.10468667495664263,-0.0422044821360783,0.015506343908822329,-0.3108300438555651,-0.07035401811878139,-0.10251377503164902,0.11135582481377755,253,0.9999999999999993,0.9999999999999993,0.9999999999999994,0.9999999999999993,0.9999999999999992,0.9999999999999993,7.021666937153402e-17
17.317979049682616,6.630849876624387,0.01878776550292969,0.012646632680957691,0.16,squared_error,12,1000,0.2,"{'model__learning_rate': 0.16, 'model__loss': 'squared_error', 'model__max_depth': 12, 'model__n_estimators': 1000, 'model__subsample': 0.2}",-0.5177558010403225,-0.5174770446139108,-1.997747653651412,-0.6749841570870201,-0.8827901860712792,-0.9181509684927889,0.5561951760135974,635,0.9999999999999089,0.999999999999935,0.9999999999999524,0.9999999999999503,0.9999999999999938,0.9999999999999482,2.7642814354939972e-14
17.568251276016234,6.400237928364913,0.024901056289672853,0.017266667819399444,0.16,squared_error,12,1000,0.4,"{'model__learning_rate': 0.16, 'model__loss': 'squared_error', 'model__max_depth': 12, 'model__n_estimators': 1000, 'model__subsample': 0.4}",-0.6547502532993568,-0.4356040188575159,-0.9044921498239866,-0.4845475339605916,-0.42250868134210484,-0.5803805274567111,0.1820147904735721,612,0.9999999999999994,0.9999999999999994,0.9999999999999994,0.9999999999999994,0.9999999999999993,0.9999999999999994,4.965068306494546e-17
22.15496892929077,6.517901032995123,0.031168079376220702,0.017844450536758667,0.16,squared_error,12,1000,0.6000000000000001,"{'model__learning_rate': 0.16, 'model__loss': 'squared_error', 'model__max_depth': 12, 'model__n_estimators': 1000, 'model__subsample': 0.6000000000000001}",-0.32469581095002975,-0.08563289814890296,-0.45025984203112035,-0.33173870400440575,-0.4126320048060752,-0.3209918519881068,0.12698911933767992,494,0.9999999999999994,0.9999999999999993,0.9999999999999994,0.9999999999999993,0.9999999999999992,0.9999999999999993,8.599750569898517e-17
18.505744171142577,5.062681523802847,0.03691887855529785,0.01293421777909426,0.16,squared_error,12,1000,0.8,"{'model__learning_rate': 0.16, 'model__loss': 'squared_error', 'model__max_depth': 12, 'model__n_estimators': 1000, 'model__subsample': 0.8}",-0.10468667493123363,-0.04220448175601743,0.01550634421904562,-0.31083004390981595,-0.07035401821784903,-0.10251377491917409,0.11135582493517925,252,0.9999999999999993,0.9999999999999993,0.9999999999999994,0.9999999999999993,0.9999999999999992,0.9999999999999993,7.021666937153402e-17
1.9289066314697265,0.8573564860410832,0.008884954452514648,0.0018210980632931777,0.16,absolute_error,6,200,0.2,"{'model__learning_rate': 0.16, 'model__loss': 'absolute_error', 'model__max_depth': 6, 'model__n_estimators': 200, 'model__subsample': 0.2}",-0.04663165825074622,-0.2087779701342587,0.0767832202875266,-0.3135974939922592,-0.08599158139254048,-0.1156430966964556,0.13455833420729071,269,0.7993659799200414,0.8809539273502808,0.8328564934554161,0.8759661454919663,0.7832242708383642,0.8344733634112137,0.03935404914995461
4.984461164474487,2.2003688151099494,0.021512222290039063,0.016010552961590332,0.16,absolute_error,6,200,0.4,"{'model__learning_rate': 0.16, 'model__loss': 'absolute_error', 'model__max_depth': 6, 'model__n_estimators': 200, 'model__subsample': 0.4}",-0.24242779909732737,-0.11223887698961565,-0.4915460430887837,0.02835333197475509,-0.021753010121458916,-0.1679224794644861,0.1861577960200516,347,0.9267637077936618,0.9207888418845478,0.9015288513582962,0.8918803737657578,0.9109522997625052,0.9103828149129537,0.012630727302331383
7.93770956993103,3.5672026708399454,0.01563725471496582,0.013042810122475412,0.16,absolute_error,6,200,0.6000000000000001,"{'model__learning_rate': 0.16, 'model__loss': 'absolute_error', 'model__max_depth': 6, 'model__n_estimators': 200, 'model__subsample': 0.6000000000000001}",0.01170983995967978,-0.10719115875401553,0.032103658778341204,-0.06398086806566061,-0.16693305509342538,-0.0588583166350161,0.0738869392377124,227,0.9355722328105307,0.919218132928665,0.9457180259343092,0.9593136242177921,0.9807660660523683,0.948117616388733,0.020926522331621223
12.662076616287232,3.409540205629053,0.0228395938873291,0.015565159403109891,0.16,absolute_error,6,200,0.8,"{'model__learning_rate': 0.16, 'model__loss': 'absolute_error', 'model__max_depth': 6, 'model__n_estimators': 200, 'model__subsample': 0.8}",0.03772507712246609,-0.15248592463684085,0.17441461253443813,-0.06007352179151404,-0.0639577736366268,-0.012875506081615496,0.11132486448811642,200,0.9498095607756124,0.9440366193784084,0.9560756130434334,0.9754568872781725,0.919593409155292,0.9489944179261839,0.018111152086738466
6.829589462280273,2.5532188907970657,0.01586756706237793,0.012851423699965631,0.16,absolute_error,6,500,0.2,"{'model__learning_rate': 0.16, 'model__loss': 'absolute_error', 'model__max_depth': 6, 'model__n_estimators': 500, 'model__subsample': 0.2}",-0.12137274896336714,-0.23702560532271266,0.11085948682447155,-0.28796532979458367,-0.05754780391311676,-0.11861040023386174,0.1407806472987318,274,0.968290166801696,0.9681942722808994,0.9688073845013716,0.979442838467103,0.902949157869061,0.9575367639840262,0.02762581359063905
16.984702920913698,4.61980979092108,0.024058008193969728,0.019049396278497627,0.16,absolute_error,6,500,0.4,"{'model__learning_rate': 0.16, 'model__loss': 'absolute_error', 'model__max_depth': 6, 'model__n_estimators': 500, 'model__subsample': 0.4}",-0.25816514429058657,-0.0835265005645125,-0.41509474570226024,-0.06934804164892783,-0.05082896259134251,-0.17539267895952593,0.14107398136326474,355,0.994396190573437,0.9798416258065695,0.9893881366646132,0.9722957072926008,0.9786861341595806,0.9829215588993602,0.007922339717546394
24.824363660812377,8.203855837930488,0.016087150573730467,0.014402753790207242,0.16,absolute_error,6,500,0.6000000000000001,"{'model__learning_rate': 0.16, 'model__loss': 'absolute_error', 'model__max_depth': 6, 'model__n_estimators': 500, 'model__subsample': 0.6000000000000001}",-0.1214060613743928,-0.08327502489367467,-0.030889719394329385,-0.08475362900660288,-0.18045535026786497,-0.10015595698737294,0.049435956031110784,251,0.9980343123926603,0.9928331955595155,0.9929501435367147,0.9991222981648499,0.9956742473782806,0.9957228394064043,0.0025666893987943387
36.515413188934325,10.144953042956992,0.016602373123168944,0.012338867544712142,0.16,absolute_error,6,500,0.8,"{'model__learning_rate': 0.16, 'model__loss': 'absolute_error', 'model__max_depth': 6, 'model__n_estimators': 500, 'model__subsample': 0.8}",0.01451958413527421,-0.1840012180897841,0.17841992967749798,-0.09118955701181575,-0.12744888008869637,-0.041940028275504804,0.12780051672292433,219,0.9964059977425568,0.9942929229032808,0.9986317218168883,0.9994904015475089,0.998286230198473,0.9974214548417415,0.0018607519044891723
12.90683355331421,4.971299938362754,0.01728377342224121,0.015180937185698413,0.16,absolute_error,6,1000,0.2,"{'model__learning_rate': 0.16, 'model__loss': 'absolute_error', 'model__max_depth': 6, 'model__n_estimators': 1000, 'model__subsample': 0.2}",-0.08658059766940096,-0.2897086026439648,0.05285701441571444,-0.3423480353616437,-0.06959483069452554,-0.14707501039076412,0.14704520575646965,318,0.9960845694929852,0.9909826874233267,0.9947287422243615,0.995356523335084,0.9490523250018221,0.9852409694955158,0.018179720772300317
28.833625268936157,6.748561867362358,0.024258184432983398,0.01624043864195013,0.16,absolute_error,6,1000,0.4,"{'model__learning_rate': 0.16, 'model__loss': 'absolute_error', 'model__max_depth': 6, 'model__n_estimators': 1000, 'model__subsample': 0.4}",-0.2604840587333479,-0.0713273669616139,-0.43077559872752125,-0.1089210438949213,-0.10380193471909505,-0.1950620006072999,0.134833133643704,383,0.999780022583814,0.9994627800956334,0.9997068572561952,0.9991264610898463,0.9974730226189086,0.9991098287288794,0.0008496573909504614
43.6102216720581,9.716822650718653,0.025724267959594725,0.01786682062187754,0.16,absolute_error,6,1000,0.6000000000000001,"{'model__learning_rate': 0.16, 'model__loss': 'absolute_error', 'model__max_depth': 6, 'model__n_estimators': 1000, 'model__subsample': 0.6000000000000001}",-0.12171433153268385,-0.09598784011718098,-0.0630581741813121,-0.09337047197718329,-0.18346524662577757,-0.11151921288682756,0.040495048645733965,267,0.9999553364582929,0.9999641104302289,0.9996620468044614,0.9999727198352493,0.9999597268190428,0.9999027880694552,0.00012050775480674477
65.25605168342591,14.420556316103779,0.024379682540893555,0.01638777697374849,0.16,absolute_error,6,1000,0.8,"{'model__learning_rate': 0.16, 'model__loss': 'absolute_error', 'model__max_depth': 6, 'model__n_estimators': 1000, 'model__subsample': 0.8}",-0.0024359064827594867,-0.200509773466504,0.1801444763066924,-0.09314373663572084,-0.13631524069991996,-0.05045203619564238,0.13205506122818889,226,0.9999848510606054,0.9999478579824145,0.9999939852675647,0.9999962918055114,0.9999941104381573,0.9999834193108507,1.8211527946151202e-05
3.155134677886963,0.8203706014168933,0.02213397026062012,0.017901613199660958,0.16,absolute_error,9,200,0.2,"{'model__learning_rate': 0.16, 'model__loss': 'absolute_error', 'model__max_depth': 9, 'model__n_estimators': 200, 'model__subsample': 0.2}",-0.04663165825074622,-0.2087779701342587,0.0767832202875266,-0.3135974939922592,-0.08599158139254048,-0.1156430966964556,0.13455833420729071,269,0.7993659799200414,0.8809539273502808,0.8328564934554161,0.8759661454919663,0.7832242708383642,0.8344733634112137,0.03935404914995461
6.062656736373901,2.105538914241704,0.03706316947937012,0.014382811641530753,0.16,absolute_error,9,200,0.4,"{'model__learning_rate': 0.16, 'model__loss': 'absolute_error', 'model__max_depth': 9, 'model__n_estimators': 200, 'model__subsample': 0.4}",0.066651059260745,-0.07396364538115519,-0.4368068560866949,-0.06498200285172828,-0.0704412304494717,-0.11590853510166102,0.16895200452068268,272,0.9614938969362563,0.8734412798520352,0.9253208775128229,0.8785804825437208,0.8638374145668323,0.9005347902823335,0.03712979968802637
10.62115969657898,3.20281400925902,0.015531444549560547,0.013560262229200024,0.16,absolute_error,9,200,0.6000000000000001,"{'model__learning_rate': 0.16, 'model__loss': 'absolute_error', 'model__max_depth': 9, 'model__n_estimators': 200, 'model__subsample': 0.6000000000000001}",-0.11618623646064363,-0.020290173344589713,-0.14472569487290032,-0.02127214479956141,-0.0019316126062680627,-0.060881172416792625,0.05793118146750329,230,0.9290865595913755,0.8444821563043032,0.9266351864008657,0.9114552806557485,0.9438675935356836,0.9111053552975953,0.03486154531335665
15.56131420135498,4.403607685309291,0.014422082901000976,0.012842924850269059,0.16,absolute_error,9,200,0.8,"{'model__learning_rate': 0.16, 'model__loss': 'absolute_error', 'model__max_depth': 9, 'model__n_estimators': 200, 'model__subsample': 0.8}",0.04259098306820586,0.06412256605054012,0.0644452458593272,-0.03790949316792713,0.036128188058326294,0.03387549797369447,0.03763911226181941,101,0.9765160026412741,0.9163840074406756,0.9853804204146821,0.9544794923162156,0.9740103502119882,0.9613540546049671,0.02464507045796682
5.3423350811004635,1.5387298491189727,0.010438156127929688,0.004836729860537326,0.16,absolute_error,9,500,0.2,"{'model__learning_rate': 0.16, 'model__loss': 'absolute_error', 'model__max_depth': 9, 'model__n_estimators': 500, 'model__subsample': 0.2}",-0.12137274896336714,-0.23702560532271266,0.11085948682447155,-0.28796532979458367,-0.05754780391311676,-0.11861040023386174,0.1407806472987318,274,0.968290166801696,0.9681942722808994,0.9688073845013716,0.979442838467103,0.902949157869061,0.9575367639840262,0.02762581359063905
11.477741956710815,4.658970315970789,0.017855501174926756,0.014157520519653364,0.16,absolute_error,9,500,0.4,"{'model__learning_rate': 0.16, 'model__loss': 'absolute_error', 'model__max_depth': 9, 'model__n_estimators': 500, 'model__subsample': 0.4}",0.07906429461767606,-0.056107916056005847,-0.5266902015025536,-0.2317615643653208,-0.08877611172044642,-0.16485429980533012,0.20616098039836375,335,0.9978230746807852,0.9749818556464129,0.9829292531045084,0.990754153304422,0.9429464504542966,0.9778869574380851,0.01906681352753597
22.515672540664674,5.8220806100006195,0.017053794860839844,0.012306883043997588,0.16,absolute_error,9,500,0.6000000000000001,"{'model__learning_rate': 0.16, 'model__loss': 'absolute_error', 'model__max_depth': 9, 'model__n_estimators': 500, 'model__subsample': 0.6000000000000001}",-0.16639528533116077,-0.08455030190021251,-0.18115722544239876,-0.0947762886553607,-0.014297372524325835,-0.10823529477069171,0.06044278194083152,258,0.9964523914755014,0.9820755275489294,0.9988543095006827,0.9969440085744868,0.991817198604891,0.9932286871408984,0.006037032030690835
31.596229982376098,8.157400673392772,0.016336441040039062,0.012872750031461676,0.16,absolute_error,9,500,0.8,"{'model__learning_rate': 0.16, 'model__loss': 'absolute_error', 'model__max_depth': 9, 'model__n_estimators': 500, 'model__subsample': 0.8}",0.07962988841231988,0.09408966000750607,0.06122140750767269,-0.043668335344000164,-0.013831527207401884,0.03548821867521932,0.05430103188524386,93,0.998803445614305,0.9993588423554131,0.9987225571777852,0.9992867821442762,0.9995697157511564,0.9991482686085872,0.0003290222229887452
13.531172227859496,5.095382397876248,0.009998130798339843,0.001077550638548448,0.16,absolute_error,9,1000,0.2,"{'model__learning_rate': 0.16, 'model__loss': 'absolute_error', 'model__max_depth': 9, 'model__n_estimators': 1000, 'model__subsample': 0.2}",-0.08658059766940096,-0.2897086026439648,0.05285701441571444,-0.3423480353616437,-0.06959483069452554,-0.14707501039076412,0.14704520575646965,318,0.9960845694929852,0.9909826874233267,0.9947287422243615,0.995356523335084,0.9490523250018221,0.9852409694955158,0.018179720772300317
24.387389039993288,10.715852943168015,0.028947925567626952,0.021556527418145045,0.16,absolute_error,9,1000,0.4,"{'model__learning_rate': 0.16, 'model__loss': 'absolute_error', 'model__max_depth': 9, 'model__n_estimators': 1000, 'model__subsample': 0.4}",0.07345517076425234,-0.08494234578972026,-0.5765354777369986,-0.24668720661504118,-0.22688617437719527,-0.2123192067509406,0.2153781361067102,411,0.9999130692614744,0.9997465428764836,0.9980049569685698,0.9997059500683271,0.9976933452676924,0.9990127728885094,0.0009577085915980923
46.350398254394534,13.754047224875922,0.018503427505493164,0.012601454414607244,0.16,absolute_error,9,1000,0.6000000000000001,"{'model__learning_rate': 0.16, 'model__loss': 'absolute_error', 'model__max_depth': 9, 'model__n_estimators': 1000, 'model__subsample': 0.6000000000000001}",-0.19824864748903215,-0.08000572090206148,-0.17807375696269645,-0.11377429393735539,-0.04200124905058833,-0.12242073366834676,0.058631423742512706,281,0.9999877786922594,0.9993343851003931,0.999972099454677,0.9999823543539746,0.9999833280781179,0.9998519891358845,0.00025885294577910885
70.20422701835632,13.959359119068791,0.033686065673828126,0.01819023410680036,0.16,absolute_error,9,1000,0.8,"{'model__learning_rate': 0.16, 'model__loss': 'absolute_error', 'model__max_depth': 9, 'model__n_estimators': 1000, 'model__subsample': 0.8}",0.07563292025655799,0.09513635861917258,0.06273977930800234,-0.048153021687564745,-0.018376712706558607,0.03339586475792191,0.056191713656664595,103,0.999998411775345,0.9999998354352646,0.9999907491639168,0.9999960267491522,0.9999998562364462,0.999996975872025,3.4119832225917334e-06
1.4846524238586425,0.018622630867376377,0.008118438720703124,0.0006101829586505139,0.16,absolute_error,12,200,0.2,"{'model__learning_rate': 0.16, 'model__loss': 'absolute_error', 'model__max_depth': 12, 'model__n_estimators': 200, 'model__subsample': 0.2}",-0.04663165825074622,-0.2087779701342587,0.0767832202875266,-0.3135974939922592,-0.08599158139254048,-0.1156430966964556,0.13455833420729071,269,0.7993659799200414,0.8809539273502808,0.8328564934554161,0.8759661454919663,0.7832242708383642,0.8344733634112137,0.03935404914995461
4.952979993820191,2.240421734843915,0.010964012145996094,0.00307777197069378,0.16,absolute_error,12,200,0.4,"{'model__learning_rate': 0.16, 'model__loss': 'absolute_error', 'model__max_depth': 12, 'model__n_estimators': 200, 'model__subsample': 0.4}",0.066651059260745,-0.07396364538115519,-0.4368068560866949,-0.06498200285172828,-0.0704412304494717,-0.11590853510166102,0.16895200452068268,272,0.9614938969362563,0.8734412798520352,0.9253208775128229,0.8785804825437208,0.8638374145668323,0.9005347902823335,0.03712979968802637
7.540424823760986,3.5527555364190873,0.024426078796386717,0.01771618917535383,0.16,absolute_error,12,200,0.6000000000000001,"{'model__learning_rate': 0.16, 'model__loss': 'absolute_error', 'model__max_depth': 12, 'model__n_estimators': 200, 'model__subsample': 0.6000000000000001}",-0.10889391566495044,-0.020290173344589713,-0.14472569487290032,-0.02681210964292724,-0.0019316126062680627,-0.06053070122632716,0.05588898667117397,229,0.9441470840563112,0.8444821563043032,0.9266351864008657,0.8928838574267021,0.9438675935356836,0.910403175544773,0.03788008472683847
14.58861494064331,6.175493175628694,0.008730125427246094,0.0008346605126421797,0.16,absolute_error,12,200,0.8,"{'model__learning_rate': 0.16, 'model__loss': 'absolute_error', 'model__max_depth': 12, 'model__n_estimators': 200, 'model__subsample': 0.8}",0.10505077110212968,0.067010596449262,0.07227986516097273,0.011231281390949976,0.003915287048111837,0.051897560230285245,0.03853608910721917,57,0.9812459168105419,0.9762213964487528,0.971838649259546,0.962983416705973,0.9497740696509133,0.9684126897751455,0.011084042409160099
7.209908771514892,2.1061514152452943,0.0177919864654541,0.01824739213784474,0.16,absolute_error,12,500,0.2,"{'model__learning_rate': 0.16, 'model__loss': 'absolute_error', 'model__max_depth': 12, 'model__n_estimators': 500, 'model__subsample': 0.2}",-0.12137274896336714,-0.23702560532271266,0.11085948682447155,-0.28796532979458367,-0.05754780391311676,-0.11861040023386174,0.1407806472987318,274,0.968290166801696,0.9681942722808994,0.9688073845013716,0.979442838467103,0.902949157869061,0.9575367639840262,0.02762581359063905
11.427655458450317,4.293813425794119,0.015297794342041015,0.013821525384994954,0.16,absolute_error,12,500,0.4,"{'model__learning_rate': 0.16, 'model__loss': 'absolute_error', 'model__max_depth': 12, 'model__n_estimators': 500, 'model__subsample': 0.4}",0.07906429461767606,-0.056107916056005847,-0.5266902015025536,-0.2317615643653208,-0.08877611172044642,-0.16485429980533012,0.20616098039836375,335,0.9978230746807852,0.9749818556464129,0.9829292531045084,0.990754153304422,0.9429464504542966,0.9778869574380851,0.01906681352753597
28.647215604782104,4.58635130918439,0.02927851676940918,0.016556285989869007,0.16,absolute_error,12,500,0.6000000000000001,"{'model__learning_rate': 0.16, 'model__loss': 'absolute_error', 'model__max_depth': 12, 'model__n_estimators': 500, 'model__subsample': 0.6000000000000001}",-0.2006312150667846,-0.08636057032367295,-0.18115722544239876,-0.08871464740514368,-0.014297372524325835,-0.11423220615246517,0.06835011603328021,268,0.998902545860445,0.9870988186079838,0.9988543095006827,0.9965448220207668,0.991817198604891,0.9946435389189539,0.004569367802979387
28.253705167770384,10.157429688954787,0.016586732864379884,0.012989747807515896,0.16,absolute_error,12,500,0.8,"{'model__learning_rate': 0.16, 'model__loss': 'absolute_error', 'model__max_depth': 12, 'model__n_estimators': 500, 'model__subsample': 0.8}",0.11980208252109481,0.06020753259837208,0.054238810714133834,-0.0431673171473681,-0.027255839914611224,0.03276505375432428,0.06026257360450591,106,0.9995171281213128,0.9997084730329734,0.9993421987644588,0.9986482971232774,0.9995790235882174,0.9993590241260479,0.0003744134454008623
15.539020919799805,4.021833145925731,0.024795722961425782,0.01897309991314397,0.16,absolute_error,12,1000,0.2,"{'model__learning_rate': 0.16, 'model__loss': 'absolute_error', 'model__max_depth': 12, 'model__n_estimators': 1000, 'model__subsample': 0.2}",-0.08658059766940096,-0.2897086026439648,0.05285701441571444,-0.3423480353616437,-0.06959483069452554,-0.14707501039076412,0.14704520575646965,318,0.9960845694929852,0.9909826874233267,0.9947287422243615,0.995356523335084,0.9490523250018221,0.9852409694955158,0.018179720772300317
25.62040786743164,10.978931061985568,0.018217754364013673,0.01467700496853876,0.16,absolute_error,12,1000,0.4,"{'model__learning_rate': 0.16, 'model__loss': 'absolute_error', 'model__max_depth': 12, 'model__n_estimators': 1000, 'model__subsample': 0.4}",0.07345517076425234,-0.08494234578972026,-0.5765354777369986,-0.24668720661504118,-0.22688617437719527,-0.2123192067509406,0.2153781361067102,411,0.9999130692614744,0.9997465428764836,0.9980049569685698,0.9997059500683271,0.9976933452676924,0.9990127728885094,0.0009577085915980923
49.0178946018219,14.741224811820155,0.032324600219726565,0.017040274401398547,0.16,absolute_error,12,1000,0.6000000000000001,"{'model__learning_rate': 0.16, 'model__loss': 'absolute_error', 'model__max_depth': 12, 'model__n_estimators': 1000, 'model__subsample': 0.6000000000000001}",-0.20704151697521067,-0.09167521346246899,-0.18399906138805244,-0.08152688600944757,-0.04228332026648851,-0.12130519962033363,0.06322332504223568,277,0.9999880530561128,0.9999123748134608,0.9999919349138071,0.9999387678959214,0.9999777408577424,0.999961774307409,3.106371038095558e-05
73.81251730918885,22.2888197454328,0.026828908920288087,0.015937241535705377,0.16,absolute_error,12,1000,0.8,"{'model__learning_rate': 0.16, 'model__loss': 'absolute_error', 'model__max_depth': 12, 'model__n_estimators': 1000, 'model__subsample': 0.8}",0.11840479060078113,0.0599336501408374,0.04914531054447446,-0.052419914795792666,-0.029191485200623868,0.029174470257935292,0.062243457658122774,115,0.9999875992816857,0.9999963732401406,0.9999999076945812,0.9999980743684433,0.9999993731839387,0.999996265553758,4.501338327006625e-06
2.5086505889892576,1.196017581340736,0.015032005310058594,0.013482728729872814,0.18,squared_error,6,200,0.2,"{'model__learning_rate': 0.18, 'model__loss': 'squared_error', 'model__max_depth': 6, 'model__n_estimators': 200, 'model__subsample': 0.2}",-1.0568767645674866,-0.06004049219083374,-1.5499117307224397,-0.7841372801808628,-0.9275870368095225,-0.8757106608942291,0.48244438150395297,631,0.9993277201732799,0.9990489173658054,0.9994695409820915,0.9991317238663473,0.9987577139566395,0.9991471232688326,0.000244167801779045
6.596340942382812,2.6689802918104544,0.022651863098144532,0.015081555429515373,0.18,squared_error,6,200,0.4,"{'model__learning_rate': 0.18, 'model__loss': 'squared_error', 'model__max_depth': 6, 'model__n_estimators': 200, 'model__subsample': 0.4}",-0.12988039459294676,-0.29902046278093497,-0.7983209370427884,-0.33844471975154433,-0.279813904526508,-0.3690960837389445,0.22595553851108022,520,0.9999999920236465,0.9999999977795697,0.9999999972215612,0.9999999939481162,0.9999999938986448,0.9999999949743076,2.1833993745885057e-09
9.300042724609375,3.832301071590052,0.023090219497680663,0.01706168139945582,0.18,squared_error,6,200,0.6000000000000001,"{'model__learning_rate': 0.18, 'model__loss': 'squared_error', 'model__max_depth': 6, 'model__n_estimators': 200, 'model__subsample': 0.6000000000000001}",0.016716111847983606,-0.07596673916368735,-0.2676405474142809,-0.4978623095786734,-0.34236969143127816,-0.23342463514798723,0.18456999751563014,423,0.9999999999999877,0.9999999999999903,0.999999999999991,0.999999999999986,0.9999999999999849,0.9999999999999879,2.375981029593432e-15
9.227596998214722,3.8039248400263994,0.015774250030517578,0.013275708415823782,0.18,squared_error,6,200,0.8,"{'model__learning_rate': 0.18, 'model__loss': 'squared_error', 'model__max_depth': 6, 'model__n_estimators': 200, 'model__subsample': 0.8}",-0.030742749790978685,-0.21354114465309149,0.12665141595074358,-0.17016464346485716,-0.25720758982764313,-0.10900094235716537,0.14020787514509173,261,0.9999999999999993,0.9999999999999993,0.9999999999999993,0.9999999999999993,0.9999999999999992,0.9999999999999993,4.965068306494546e-17
8.256700468063354,3.349708601493517,0.016090583801269532,0.01342845132641595,0.18,squared_error,6,500,0.2,"{'model__learning_rate': 0.18, 'model__loss': 'squared_error', 'model__max_depth': 6, 'model__n_estimators': 500, 'model__subsample': 0.2}",-1.0626808983402904,-0.06353953625118036,-1.5531839906396527,-0.7769225926716161,-0.9365840249030328,-0.8785822085611545,0.48310937433459716,633,0.9999999677718625,0.9999998958626334,0.9999999472501763,0.9999999336698885,0.9999998897560864,0.9999999268621295,2.9911374020436346e-08
11.168527936935424,4.714722296014998,0.023319196701049805,0.015817657433551607,0.18,squared_error,6,500,0.4,"{'model__learning_rate': 0.18, 'model__loss': 'squared_error', 'model__max_depth': 6, 'model__n_estimators': 500, 'model__subsample': 0.4}",-0.12989355304753492,-0.2990165055696776,-0.7983161651886048,-0.33846968514154585,-0.2798450564748671,-0.3691081930844461,0.22594804611271538,521,0.9999999999999994,0.9999999999999994,0.9999999999999994,0.9999999999999993,0.9999999999999992,0.9999999999999993,9.930136612989092e-17
10.137146711349487,3.0779841128112664,0.009485387802124023,0.0015462911627437451,0.18,squared_error,6,500,0.6000000000000001,"{'model__learning_rate': 0.18, 'model__loss': 'squared_error', 'model__max_depth': 6, 'model__n_estimators': 500, 'model__subsample': 0.6000000000000001}",0.01671609559683429,-0.07596673469137305,-0.2676405194138236,-0.49786229991693265,-0.34236965522941065,-0.23342462273094117,0.18456998579338166,421,0.9999999999999994,0.9999999999999993,0.9999999999999994,0.9999999999999993,0.9999999999999992,0.9999999999999993,8.599750569898517e-17
9.26995882987976,4.472467317923407,0.008746004104614258,0.0007494287558265383,0.18,squared_error,6,500,0.8,"{'model__learning_rate': 0.18, 'model__loss': 'squared_error', 'model__max_depth': 6, 'model__n_estimators': 500, 'model__subsample': 0.8}",-0.03074275022815165,-0.21354114460237628,0.12665141656128043,-0.17016464278224297,-0.2572075899312152,-0.10900094219654113,0.14020787525629683,260,0.9999999999999993,0.9999999999999993,0.9999999999999994,0.9999999999999993,0.9999999999999992,0.9999999999999993,7.021666937153402e-17
15.377713060379028,5.960813491689323,0.025224733352661132,0.015356813237514057,0.18,squared_error,6,1000,0.2,"{'model__learning_rate': 0.18, 'model__loss': 'squared_error', 'model__max_depth': 6, 'model__n_estimators': 1000, 'model__subsample': 0.2}",-1.0627129775955129,-0.06352719561511977,-1.553045342318784,-0.7769782790861439,-0.9365264326331073,-0.8785580454497335,0.48307353926717844,632,0.9999999999999957,0.9999999999999811,0.9999999999999968,0.999999999999996,0.9999999999999902,0.999999999999992,5.8944374196633844e-15
13.416283702850341,5.2922700642530085,0.009732294082641601,0.0006834025659807215,0.18,squared_error,6,1000,0.4,"{'model__learning_rate': 0.18, 'model__loss': 'squared_error', 'model__max_depth': 6, 'model__n_estimators': 1000, 'model__subsample': 0.4}",-0.12989355252157608,-0.29901650435864013,-0.7983161704498987,-0.3384696868804511,-0.27984505526034065,-0.3691081938941813,0.2259480483468794,522,0.9999999999999994,0.9999999999999994,0.9999999999999996,0.9999999999999994,0.9999999999999993,0.9999999999999994,7.021666937153402e-17
10.006101846694946,3.794472893385809,0.011138343811035156,0.0025227304063118452,0.18,squared_error,6,1000,0.6000000000000001,"{'model__learning_rate': 0.18, 'model__loss': 'squared_error', 'model__max_depth': 6, 'model__n_estimators': 1000, 'model__subsample': 0.6000000000000001}",0.01671609551655906,-0.07596673456014869,-0.26764052038965014,-0.4978622994625006,-0.34236965574565126,-0.2334246229282783,0.18456998576092123,422,0.9999999999999994,0.9999999999999993,0.9999999999999994,0.9999999999999993,0.9999999999999992,0.9999999999999993,8.599750569898517e-17
10.336014747619629,3.7916920408610744,0.008931303024291992,0.0012250884975309178,0.18,squared_error,6,1000,0.8,"{'model__learning_rate': 0.18, 'model__loss': 'squared_error', 'model__max_depth': 6, 'model__n_estimators': 1000, 'model__subsample': 0.8}",-0.03074275026500284,-0.21354114460652251,0.12665141651088863,-0.17016464288354527,-0.25720758971071733,-0.10900094219097986,0.14020787519808522,259,0.9999999999999993,0.9999999999999993,0.9999999999999994,0.9999999999999993,0.9999999999999992,0.9999999999999993,7.021666937153402e-17
2.3402191162109376,0.9873219597324466,0.009504461288452148,0.001554418329662369,0.18,squared_error,9,200,0.2,"{'model__learning_rate': 0.18, 'model__loss': 'squared_error', 'model__max_depth': 9, 'model__n_estimators': 200, 'model__subsample': 0.2}",-0.8334724112608225,-0.2748819991300928,-2.5615458451795265,-0.5644930463524458,-0.945915171180487,-1.0360616946206749,0.7972505535756663,643,0.9990144433439272,0.999170540064548,0.9978605464669463,0.9984863103779951,0.9987781881335217,0.9986620056773876,0.00046249834574051834
8.433361959457397,3.4366515721436035,0.02495565414428711,0.016341553826204763,0.18,squared_error,9,200,0.4,"{'model__learning_rate': 0.18, 'model__loss': 'squared_error', 'model__max_depth': 9, 'model__n_estimators': 200, 'model__subsample': 0.4}",-0.5664842150380325,-0.2857654536125851,-0.8511905084293809,-0.08424206543898904,-0.08881061461133344,-0.3752985714260642,0.29591569890452823,525,0.9999999992371256,0.999999998973421,0.9999999966013935,0.999999996322088,0.9999999895093006,0.9999999961286659,3.516590211708503e-09
9.096096181869507,4.455719937055363,0.009311294555664063,0.001024989212922517,0.18,squared_error,9,200,0.6000000000000001,"{'model__learning_rate': 0.18, 'model__loss': 'squared_error', 'model__max_depth': 9, 'model__n_estimators': 200, 'model__subsample': 0.6000000000000001}",-0.35552698568215235,-0.12130576783967184,-0.35937521272335404,-0.1796695166663118,-0.27129212317811535,-0.2574339212179211,0.09464090313261757,443,0.9999999999999991,0.9999999999999986,0.9999999999999992,0.9999999999999988,0.9999999999999986,0.9999999999999988,2.8522145930998397e-16
12.828598499298096,3.9038538532499167,0.015592241287231445,0.013714663930580512,0.18,squared_error,9,200,0.8,"{'model__learning_rate': 0.18, 'model__loss': 'squared_error', 'model__max_depth': 9, 'model__n_estimators': 200, 'model__subsample': 0.8}",-0.32733357515350625,-0.1759576586627125,-0.0062975721653875105,-0.1732242415492382,-0.21935806781845546,-0.18043422306985998,0.10343121577478726,363,0.9999999999999993,0.9999999999999993,0.9999999999999994,0.9999999999999993,0.9999999999999992,0.9999999999999993,7.021666937153402e-17
7.017344379425049,3.3892033508493764,0.024747276306152345,0.01703097079095225,0.18,squared_error,9,500,0.2,"{'model__learning_rate': 0.18, 'model__loss': 'squared_error', 'model__max_depth': 9, 'model__n_estimators': 500, 'model__subsample': 0.2}",-0.8510182824095847,-0.2829286145275278,-2.5892176302576333,-0.5691857314237487,-0.963312238873884,-1.0511324994984759,0.804471735197927,645,0.9999999611831785,0.999999939546283,0.9999998595348984,0.9999999206612445,0.9999999544333276,0.9999999270717863,3.652445851484004e-08
16.112233924865723,4.896630515529462,0.023212909698486328,0.016056335285122732,0.18,squared_error,9,500,0.4,"{'model__learning_rate': 0.18, 'model__loss': 'squared_error', 'model__max_depth': 9, 'model__n_estimators': 500, 'model__subsample': 0.4}",-0.5664871286170459,-0.2857616668903331,-0.8512430938681337,-0.08424267678481656,-0.08887411537317136,-0.3753217363067001,0.29592080368394974,527,0.9999999999999994,0.9999999999999993,0.9999999999999994,0.9999999999999994,0.9999999999999993,0.9999999999999994,7.021666937153402e-17
8.481898927688599,3.0338669829713845,0.008901739120483398,0.00019428505166541296,0.18,squared_error,9,500,0.6000000000000001,"{'model__learning_rate': 0.18, 'model__loss': 'squared_error', 'model__max_depth': 9, 'model__n_estimators': 500, 'model__subsample': 0.6000000000000001}",-0.35552698432450724,-0.12130576266582915,-0.35937520727953687,-0.17966952100872158,-0.2712921210666899,-0.25743391926905695,0.0946409023913628,442,0.9999999999999994,0.9999999999999993,0.9999999999999994,0.9999999999999993,0.9999999999999992,0.9999999999999993,8.599750569898517e-17
12.559131193161011,5.092152772938715,0.02894172668457031,0.015482760604076353,0.18,squared_error,9,500,0.8,"{'model__learning_rate': 0.18, 'model__loss': 'squared_error', 'model__max_depth': 9, 'model__n_estimators': 500, 'model__subsample': 0.8}",-0.32733357501544136,-0.17595765865968138,-0.006297572045812272,-0.17322424185068575,-0.2193580685443337,-0.1804342232231909,0.10343121582628988,364,0.9999999999999993,0.9999999999999993,0.9999999999999994,0.9999999999999993,0.9999999999999992,0.9999999999999993,7.021666937153402e-17
18.973508739471434,5.649398503922053,0.025791025161743163,0.016135520944291343,0.18,squared_error,9,1000,0.2,"{'model__learning_rate': 0.18, 'model__loss': 'squared_error', 'model__max_depth': 9, 'model__n_estimators': 1000, 'model__subsample': 0.2}",-0.8510871373519442,-0.28294428189525433,-2.5891303156453267,-0.5693419938365425,-0.9631797407012459,-1.051136693886063,0.8044161045244301,646,0.9999999999999939,0.9999999999999972,0.9999999999999909,0.9999999999999833,0.999999999999998,0.9999999999999927,5.3054258240425176e-15
14.049250507354737,5.278679976959198,0.03127140998840332,0.015946538571532682,0.18,squared_error,9,1000,0.4,"{'model__learning_rate': 0.18, 'model__loss': 'squared_error', 'model__max_depth': 9, 'model__n_estimators': 1000, 'model__subsample': 0.4}",-0.5664871288084179,-0.28576166639526424,-0.8512430932175117,-0.08424267660001306,-0.08887411539430934,-0.37532173608310326,0.29592080356162964,526,0.9999999999999994,0.9999999999999994,0.9999999999999994,0.9999999999999994,0.9999999999999993,0.9999999999999994,4.965068306494546e-17
14.442214298248292,3.8746598539681183,0.009398365020751953,0.0005983313177913014,0.18,squared_error,9,1000,0.6000000000000001,"{'model__learning_rate': 0.18, 'model__loss': 'squared_error', 'model__max_depth': 9, 'model__n_estimators': 1000, 'model__subsample': 0.6000000000000001}",-0.3555269843547504,-0.12130576376712399,-0.35937520591105687,-0.17966952103588762,-0.2712921208949808,-0.25743391919275993,0.09464090177651799,441,0.9999999999999994,0.9999999999999993,0.9999999999999994,0.9999999999999993,0.9999999999999992,0.9999999999999993,8.599750569898517e-17
16.088251495361327,4.399188626076838,0.030222225189208984,0.016563097264997027,0.18,squared_error,9,1000,0.8,"{'model__learning_rate': 0.18, 'model__loss': 'squared_error', 'model__max_depth': 9, 'model__n_estimators': 1000, 'model__subsample': 0.8}",-0.32733357486049686,-0.17595765853801026,-0.006297571899802179,-0.17322424391305113,-0.21935806850381034,-0.18043422354303415,0.10343121580069256,365,0.9999999999999993,0.9999999999999993,0.9999999999999994,0.9999999999999993,0.9999999999999992,0.9999999999999993,7.021666937153402e-17
3.0391048908233644,1.488310395786791,0.0091400146484375,0.0009532570999185817,0.18,squared_error,12,200,0.2,"{'model__learning_rate': 0.18, 'model__loss': 'squared_error', 'model__max_depth': 12, 'model__n_estimators': 200, 'model__subsample': 0.2}",-1.1826067280072108,-0.5455124595643006,-1.949923724952972,-0.5676248038075946,-0.6381400453287787,-0.9767615523321712,0.5398981449459421,640,0.9993496360869302,0.9989904801609653,0.9985949672179132,0.9992105397893567,0.9992884200349895,0.999086808658031,0.0002743071195299555
9.611034440994263,3.035100185487792,0.023773813247680665,0.015139588605773031,0.18,squared_error,12,200,0.4,"{'model__learning_rate': 0.18, 'model__loss': 'squared_error', 'model__max_depth': 12, 'model__n_estimators': 200, 'model__subsample': 0.4}",-0.1941258318777408,-0.4138673505062951,-0.5952086275166795,-0.22766317881687348,-0.6031338197225002,-0.4067997616880178,0.17402013080246284,562,0.9999999969465495,0.9999999988301482,0.9999999982807058,0.9999999988293413,0.9999999927426229,0.9999999971258736,2.2971737424368157e-09
15.984426879882813,3.1744564817191043,0.016578197479248047,0.015223936967039007,0.18,squared_error,12,200,0.6000000000000001,"{'model__learning_rate': 0.18, 'model__loss': 'squared_error', 'model__max_depth': 12, 'model__n_estimators': 200, 'model__subsample': 0.6000000000000001}",-0.1834108448283729,-0.06984319372025327,-0.33908251603796025,-0.2965510082353213,-0.2657420651151119,-0.23092592558740394,0.09531211099054493,419,0.9999999999999993,0.9999999999999991,0.9999999999999993,0.9999999999999986,0.9999999999999986,0.9999999999999989,3.648565166692871e-16
15.8467125415802,2.998573002192977,0.022184228897094725,0.01726401498999313,0.18,squared_error,12,200,0.8,"{'model__learning_rate': 0.18, 'model__loss': 'squared_error', 'model__max_depth': 12, 'model__n_estimators': 200, 'model__subsample': 0.8}",-0.6485979211162001,-0.15178556995558812,-0.1089758263275511,-0.16431309036535469,-0.3813923293828152,-0.29101294742950184,0.20229190590144966,480,0.9999999999999993,0.9999999999999993,0.9999999999999994,0.9999999999999993,0.9999999999999992,0.9999999999999993,7.021666937153402e-17
10.44901237487793,2.77843524814758,0.01837005615234375,0.01742088211552791,0.18,squared_error,12,500,0.2,"{'model__learning_rate': 0.18, 'model__loss': 'squared_error', 'model__max_depth': 12, 'model__n_estimators': 500, 'model__subsample': 0.2}",-1.1983151516981407,-0.5441247702048821,-1.9718422916727851,-0.5391226854565174,-0.6349992246136933,-0.9776808247292038,0.5540345298963222,642,0.99999996447418,0.999999893844281,0.999999856763856,0.999999941244134,0.999999966143336,0.9999999244939575,4.275611452758434e-08
18.65380573272705,5.476127782270868,0.00970149040222168,0.0010786465363886656,0.18,squared_error,12,500,0.4,"{'model__learning_rate': 0.18, 'model__loss': 'squared_error', 'model__max_depth': 12, 'model__n_estimators': 500, 'model__subsample': 0.4}",-0.1941087891241169,-0.41387292501060413,-0.5951938642483108,-0.2276599221898432,-0.6031525276006562,-0.4067976056347062,0.17402603717995563,561,0.9999999999999994,0.9999999999999994,0.9999999999999994,0.9999999999999993,0.9999999999999993,0.9999999999999993,8.599750569898517e-17
14.35911030769348,4.298838454358421,0.017424488067626955,0.014340814356137559,0.18,squared_error,12,500,0.6000000000000001,"{'model__learning_rate': 0.18, 'model__loss': 'squared_error', 'model__max_depth': 12, 'model__n_estimators': 500, 'model__subsample': 0.6000000000000001}",-0.18341084470516678,-0.06984319594083588,-0.3390825172850467,-0.29655100922068045,-0.2657420614543886,-0.23092592572122367,0.09531211040352465,420,0.9999999999999994,0.9999999999999993,0.9999999999999994,0.9999999999999994,0.9999999999999993,0.9999999999999994,7.021666937153402e-17
15.12070050239563,5.823419128123196,0.01626138687133789,0.014493732571041971,0.18,squared_error,12,500,0.8,"{'model__learning_rate': 0.18, 'model__loss': 'squared_error', 'model__max_depth': 12, 'model__n_estimators': 500, 'model__subsample': 0.8}",-0.6485979209219854,-0.15178557056190511,-0.10897582733491062,-0.16431309034945407,-0.38139232955028013,-0.29101294774370706,0.20229190558498517,481,0.9999999999999993,0.9999999999999993,0.9999999999999994,0.9999999999999993,0.9999999999999992,0.9999999999999993,7.021666937153402e-17
19.79184226989746,5.228569404465795,0.03898744583129883,0.012881911230588463,0.18,squared_error,12,1000,0.2,"{'model__learning_rate': 0.18, 'model__loss': 'squared_error', 'model__max_depth': 12, 'model__n_estimators': 1000, 'model__subsample': 0.2}",-1.1981977060534112,-0.5443615257616565,-1.9714776717143283,-0.5390996235653087,-0.6349723518350263,-0.9776217757859463,0.5538642492268645,641,0.9999999999999927,0.9999999999999946,0.9999999999999714,0.9999999999999953,0.9999999999999906,0.9999999999999888,8.925392174895067e-15
12.413557386398315,4.807065177593948,0.018255138397216798,0.013520811417781843,0.18,squared_error,12,1000,0.4,"{'model__learning_rate': 0.18, 'model__loss': 'squared_error', 'model__max_depth': 12, 'model__n_estimators': 1000, 'model__subsample': 0.4}",-0.19410878664385933,-0.41387292365134254,-0.5951938621397268,-0.22765992379308497,-0.6031525256098627,-0.4067976043675753,0.17402603653930826,560,0.9999999999999994,0.9999999999999994,0.9999999999999996,0.9999999999999994,0.9999999999999993,0.9999999999999994,7.021666937153402e-17
14.727124166488647,3.2337916807027063,0.018783044815063477,0.014512073642247039,0.18,squared_error,12,1000,0.6000000000000001,"{'model__learning_rate': 0.18, 'model__loss': 'squared_error', 'model__max_depth': 12, 'model__n_estimators': 1000, 'model__subsample': 0.6000000000000001}",-0.1834108444089637,-0.06984319713947884,-0.3390825164658793,-0.2965510082156757,-0.26574206063094796,-0.2309259253721891,0.09531210964343768,418,0.9999999999999994,0.9999999999999993,0.9999999999999994,0.9999999999999994,0.9999999999999993,0.9999999999999994,7.021666937153402e-17
20.01242299079895,1.6150120856409247,0.023340940475463867,0.017734503781915427,0.18,squared_error,12,1000,0.8,"{'model__learning_rate': 0.18, 'model__loss': 'squared_error', 'model__max_depth': 12, 'model__n_estimators': 1000, 'model__subsample': 0.8}",-0.6485979209402803,-0.1517855704760318,-0.10897582730661393,-0.1643130905882495,-0.3813923296232653,-0.2910129477868882,0.20229190558497526,482,0.9999999999999993,0.9999999999999993,0.9999999999999994,0.9999999999999993,0.9999999999999992,0.9999999999999993,7.021666937153402e-17
2.2051942348480225,0.8579890216923247,0.015468931198120118,0.014133740486544,0.18,absolute_error,6,200,0.2,"{'model__learning_rate': 0.18, 'model__loss': 'absolute_error', 'model__max_depth': 6, 'model__n_estimators': 200, 'model__subsample': 0.2}",-0.2984948445397726,-0.1428493348189801,-0.4910884364359578,-0.0698791713488045,-0.37841932111438137,-0.27614622165157926,0.15327984837871608,463,0.8651263994163453,0.8632089175976461,0.8485034798709276,0.8427939963615508,0.8641503193958235,0.8567566225284586,0.009267376364232987
6.502070093154908,1.743467111788511,0.02872333526611328,0.01693418584702599,0.18,absolute_error,6,200,0.4,"{'model__learning_rate': 0.18, 'model__loss': 'absolute_error', 'model__max_depth': 6, 'model__n_estimators': 200, 'model__subsample': 0.4}",-0.4056744215562733,0.027347851006729207,-0.18940750185001565,-0.20810299817627786,-0.0923288025169029,-0.1736331746185481,0.143027208600568,351,0.9525986013540273,0.9192240954136541,0.9551059943203806,0.9395181711234809,0.9655530612574998,0.9463999846938085,0.015918204108233344
9.65214695930481,3.6176613530681347,0.008399772644042968,0.0010192086722658898,0.18,absolute_error,6,200,0.6000000000000001,"{'model__learning_rate': 0.18, 'model__loss': 'absolute_error', 'model__max_depth': 6, 'model__n_estimators': 200, 'model__subsample': 0.6000000000000001}",-0.18051054507757014,-0.10467857669298963,-0.2678135874345744,0.1161020192468154,0.08236297409633142,-0.07090754317239747,0.1485864858583726,235,0.8674111124085655,0.9313802978514792,0.9829184495879185,0.9846342239432874,0.9753715510634758,0.9483431269709452,0.04490158330239784
12.768299579620361,4.986054776274319,0.015534353256225587,0.013526369798753964,0.18,absolute_error,6,200,0.8,"{'model__learning_rate': 0.18, 'model__loss': 'absolute_error', 'model__max_depth': 6, 'model__n_estimators': 200, 'model__subsample': 0.8}",0.1822509420902243,0.1266253776177022,0.02566715778169948,-0.041218795806766684,-0.005426893097154606,0.05757955771714094,0.08373721765156837,45,0.9011397126322669,0.9494397764138753,0.9843238318327167,0.9024234367363693,0.9834571659857251,0.9441567847201906,0.03681837168465806
7.109161806106568,2.875556463294651,0.01585230827331543,0.014009267306546825,0.18,absolute_error,6,500,0.2,"{'model__learning_rate': 0.18, 'model__loss': 'absolute_error', 'model__max_depth': 6, 'model__n_estimators': 500, 'model__subsample': 0.2}",-0.36240194711829155,-0.0643319167017613,-0.629990533803988,-0.43469590373935385,-0.425976893310424,-0.3834794389347637,0.18302802047656697,544,0.9716630211928706,0.9748587218799932,0.9741656430140655,0.9715555683469997,0.9771202381922783,0.9738726385252414,0.002090757689295355
16.113500833511353,3.397280002910472,0.009609127044677734,0.0016508532253511508,0.18,absolute_error,6,500,0.4,"{'model__learning_rate': 0.18, 'model__loss': 'absolute_error', 'model__max_depth': 6, 'model__n_estimators': 500, 'model__subsample': 0.4}",-0.39814388033366255,0.01433554888375499,-0.18533121251797624,-0.20767417348650596,-0.12993968830896274,-0.1813506811526705,0.133149729928959,366,0.9941957735665687,0.9898527508909628,0.9962606064283902,0.9945766109730624,0.9956879239008687,0.9941147331519705,0.002256727396671125
18.968259716033934,4.010441550918524,0.010032367706298829,0.0009264666748943551,0.18,absolute_error,6,500,0.6000000000000001,"{'model__learning_rate': 0.18, 'model__loss': 'absolute_error', 'model__max_depth': 6, 'model__n_estimators': 500, 'model__subsample': 0.6000000000000001}",-0.07587489360985145,-0.10483671183711318,-0.279221090995436,0.08775676043642833,0.0734535867857411,-0.059744469844046244,0.1341356204108827,228,0.9907697165781225,0.9990848809742876,0.9996572856180339,0.9983468212913095,0.9998702755381332,0.9975457959999773,0.0034289144036342427
34.27537956237793,5.014099251754596,0.0178926944732666,0.014117855144053329,0.18,absolute_error,6,500,0.8,"{'model__learning_rate': 0.18, 'model__loss': 'absolute_error', 'model__max_depth': 6, 'model__n_estimators': 500, 'model__subsample': 0.8}",0.18010084575263674,0.12199497678641846,0.02230379162008589,-0.15749978578390023,-0.03947204968373552,0.02548555573830107,0.11910768706874089,126,0.9951283278346886,0.994077633721067,0.9993279681689525,0.9986858559125751,0.9998685330322148,0.9974176637338996,0.0023520711766483095
13.316963005065919,3.92602476462406,0.01807746887207031,0.012655394441831162,0.18,absolute_error,6,1000,0.2,"{'model__learning_rate': 0.18, 'model__loss': 'absolute_error', 'model__max_depth': 6, 'model__n_estimators': 1000, 'model__subsample': 0.2}",-0.36729417764630856,-0.03465537850458,-0.6518983735202406,-0.4164899862741609,-0.4156698238623,-0.377201547961518,0.19794836185432213,531,0.9924554460551311,0.9988355142032399,0.997960230303784,0.9918143292969905,0.988097495540966,0.9938326030800223,0.004023130005957389
28.659798431396485,7.598113327128338,0.031368255615234375,0.017012676501392994,0.18,absolute_error,6,1000,0.4,"{'model__learning_rate': 0.18, 'model__loss': 'absolute_error', 'model__max_depth': 6, 'model__n_estimators': 1000, 'model__subsample': 0.4}",-0.39076118073807353,0.0065254354307172635,-0.1687988839610648,-0.2155784424190581,-0.14134307759457276,-0.1819912298564104,0.1281232505069735,367,0.9998411989705719,0.9996843996751402,0.9999157139165964,0.9998814271051137,0.9999385698733249,0.9998522619081495,9.013983448101635e-05
50.29441809654236,11.112462021788314,0.031206226348876952,0.016854526546337806,0.18,absolute_error,6,1000,0.6000000000000001,"{'model__learning_rate': 0.18, 'model__loss': 'absolute_error', 'model__max_depth': 6, 'model__n_estimators': 1000, 'model__subsample': 0.6000000000000001}",-0.11657520487336526,-0.10298631817506965,-0.28383754450027143,0.07950025380244918,0.07459735646587684,-0.06986029145607606,0.13582523044352163,233,0.9997906534221239,0.999966398788565,0.9999968779180208,0.9999659067777779,0.999999468611899,0.9999438611036773,7.793526832875138e-05
59.37067952156067,6.7605556962176045,0.03193621635437012,0.01752559260516894,0.18,absolute_error,6,1000,0.8,"{'model__learning_rate': 0.18, 'model__loss': 'absolute_error', 'model__max_depth': 6, 'model__n_estimators': 1000, 'model__subsample': 0.8}",0.18145668615796096,0.11783984525563107,0.014660201441353715,-0.16905438878022583,-0.0407534412872379,0.020829780557496402,0.1225548939372408,133,0.9999394312650948,0.9999193769919451,0.9999982674929377,0.9999653137397407,0.9999988469507517,0.999964247288094,3.1574758231026996e-05
1.4063208103179932,0.01521549606407476,0.009038639068603516,0.0012860628543891316,0.18,absolute_error,9,200,0.2,"{'model__learning_rate': 0.18, 'model__loss': 'absolute_error', 'model__max_depth': 9, 'model__n_estimators': 200, 'model__subsample': 0.2}",-0.2984948445397726,-0.1428493348189801,-0.4910884364359578,-0.0698791713488045,-0.37841932111438137,-0.27614622165157926,0.15327984837871608,463,0.8651263994163453,0.8632089175976461,0.8485034798709276,0.8427939963615508,0.8641503193958235,0.8567566225284586,0.009267376364232987
6.021544742584228,2.3321587593992956,0.02212491035461426,0.017893315758473177,0.18,absolute_error,9,200,0.4,"{'model__learning_rate': 0.18, 'model__loss': 'absolute_error', 'model__max_depth': 9, 'model__n_estimators': 200, 'model__subsample': 0.4}",-0.21271330409060996,-0.0274210094316929,-0.23094747700267693,-0.1501639658861147,-0.07812219673799237,-0.13987359062981736,0.07767211356043612,306,0.9542564711558335,0.926104504305496,0.9193858955615742,0.9247061071720173,0.8810979150740779,0.9211101786537998,0.023411557343367695
12.1496018409729,1.1858308469088774,0.014243221282958985,0.01286610458691458,0.18,absolute_error,9,200,0.6000000000000001,"{'model__learning_rate': 0.18, 'model__loss': 'absolute_error', 'model__max_depth': 9, 'model__n_estimators': 200, 'model__subsample': 0.6000000000000001}",0.006832282836251369,-0.05476012042701872,-0.20409198032417186,0.07616879496374906,0.02095836582809052,-0.030978531424619926,0.09606401895492525,210,0.9076603173298885,0.9591274321625642,0.9587811285204988,0.9321518366804826,0.9743297908116781,0.9464101011010225,0.023660624458696152
13.865931844711303,5.1695704993901215,0.022055292129516603,0.016803109975368602,0.18,absolute_error,9,200,0.8,"{'model__learning_rate': 0.18, 'model__loss': 'absolute_error', 'model__max_depth': 9, 'model__n_estimators': 200, 'model__subsample': 0.8}",-0.04843736144676014,-0.05697079037750763,0.21195099141861284,0.03128463930423531,-0.0011931071796853487,0.027326874343779006,0.09773580056215818,121,0.9732048780786111,0.9719675556220602,0.9669757936982459,0.9798163820241416,0.9803868813736013,0.9744702981593321,0.005052111933177073
6.948126602172851,2.609368792239031,0.008227825164794922,0.0008251095583642785,0.18,absolute_error,9,500,0.2,"{'model__learning_rate': 0.18, 'model__loss': 'absolute_error', 'model__max_depth': 9, 'model__n_estimators': 500, 'model__subsample': 0.2}",-0.36240194711829155,-0.0643319167017613,-0.629990533803988,-0.43469590373935385,-0.425976893310424,-0.3834794389347637,0.18302802047656697,544,0.9716630211928706,0.9748587218799932,0.9741656430140655,0.9715555683469997,0.9771202381922783,0.9738726385252414,0.002090757689295355
14.096479082107544,4.768715648469517,0.03893809318542481,0.010060052819589244,0.18,absolute_error,9,500,0.4,"{'model__learning_rate': 0.18, 'model__loss': 'absolute_error', 'model__max_depth': 9, 'model__n_estimators': 500, 'model__subsample': 0.4}",-0.30485097864521893,-0.040276785806120374,-0.18397185124652493,-0.1721806501322629,-0.10900384995311119,-0.16205682315664766,0.08788393099234643,330,0.9976468090763154,0.9962684414746916,0.9971398341211959,0.9895965933596593,0.9950346314643475,0.9951372618992419,0.002908512700391757
19.52324366569519,7.180089721672671,0.010582971572875976,0.002075415495058912,0.18,absolute_error,9,500,0.6000000000000001,"{'model__learning_rate': 0.18, 'model__loss': 'absolute_error', 'model__max_depth': 9, 'model__n_estimators': 500, 'model__subsample': 0.6000000000000001}",0.021344014265970657,-0.043236713972234275,-0.161066725334998,0.019567447840159957,-0.02362963124210582,-0.037404321688641495,0.06665327969863274,216,0.9946902608105473,0.9773190909952839,0.9981438306996473,0.9978676580513802,0.9991677020214424,0.9934377085156603,0.008197360337273906
42.55848846435547,5.910215275688709,0.037762689590454104,0.014686739955116232,0.18,absolute_error,9,500,0.8,"{'model__learning_rate': 0.18, 'model__loss': 'absolute_error', 'model__max_depth': 9, 'model__n_estimators': 500, 'model__subsample': 0.8}",-0.06135561911995513,-0.06740274608314367,0.23463809025249738,-0.013540204412625823,-0.011428630822919228,0.016182177962770706,0.11168465596885653,143,0.9999899967161437,0.9988118378934978,0.9997442123380352,0.9998642134001772,0.999687893380245,0.9996196307456199,0.0004170614533678677
13.604038715362549,5.043316437355682,0.01683831214904785,0.013877039116198078,0.18,absolute_error,9,1000,0.2,"{'model__learning_rate': 0.18, 'model__loss': 'absolute_error', 'model__max_depth': 9, 'model__n_estimators': 1000, 'model__subsample': 0.2}",-0.36729417764630856,-0.03465537850458,-0.6518983735202406,-0.4164899862741609,-0.4156698238623,-0.377201547961518,0.19794836185432213,531,0.9924554460551311,0.9988355142032399,0.997960230303784,0.9918143292969905,0.988097495540966,0.9938326030800223,0.004023130005957389
27.35773868560791,9.209421093921076,0.01732921600341797,0.012413492750606317,0.18,absolute_error,9,1000,0.4,"{'model__learning_rate': 0.18, 'model__loss': 'absolute_error', 'model__max_depth': 9, 'model__n_estimators': 1000, 'model__subsample': 0.4}",-0.31082630370792197,-0.030853772948839175,-0.17996104969956273,-0.22416937368682666,-0.1361691031526744,-0.17639592063916498,0.09291636503085042,357,0.9999648759028589,0.999978682570033,0.9999342342499168,0.9999137393590163,0.9997965868344981,0.9999176237832647,6.465582350975039e-05
45.863520574569705,9.558016132213137,0.01797771453857422,0.0132419505010574,0.18,absolute_error,9,1000,0.6000000000000001,"{'model__learning_rate': 0.18, 'model__loss': 'absolute_error', 'model__max_depth': 9, 'model__n_estimators': 1000, 'model__subsample': 0.6000000000000001}",0.015429421823186518,-0.03434972743253284,-0.15985897003041427,0.01442065696707362,-0.025026995875432778,-0.03787712290962395,0.06423983935538624,217,0.9999986392598033,0.9997656410347321,0.9999913745575141,0.9999976516813451,0.999998251261819,0.9999503115590427,9.237341753481253e-05
64.6946768283844,19.03908093377782,0.01881895065307617,0.012880573496975922,0.18,absolute_error,9,1000,0.8,"{'model__learning_rate': 0.18, 'model__loss': 'absolute_error', 'model__max_depth': 9, 'model__n_estimators': 1000, 'model__subsample': 0.8}",-0.061776886822340504,-0.06840734866246567,0.23677387958251384,-0.015375845953776057,-0.015823386044541365,0.015078082419878047,0.11305562567731765,145,0.9999999999363168,0.9999911842542044,0.9999994931836914,0.9999999153474985,0.9999999958551734,0.9999981177153769,3.471784639672467e-06
2.126121473312378,0.8809393652913384,0.015721225738525392,0.013520112954605201,0.18,absolute_error,12,200,0.2,"{'model__learning_rate': 0.18, 'model__loss': 'absolute_error', 'model__max_depth': 12, 'model__n_estimators': 200, 'model__subsample': 0.2}",-0.2984948445397726,-0.1428493348189801,-0.4910884364359578,-0.0698791713488045,-0.37841932111438137,-0.27614622165157926,0.15327984837871608,463,0.8651263994163453,0.8632089175976461,0.8485034798709276,0.8427939963615508,0.8641503193958235,0.8567566225284586,0.009267376364232987
6.264357566833496,1.7990736181356783,0.02274179458618164,0.01628927909450353,0.18,absolute_error,12,200,0.4,"{'model__learning_rate': 0.18, 'model__loss': 'absolute_error', 'model__max_depth': 12, 'model__n_estimators': 200, 'model__subsample': 0.4}",-0.21271330409060996,-0.0274210094316929,-0.23094747700267693,-0.1501639658861147,-0.07812219673799237,-0.13987359062981736,0.07767211356043612,306,0.9542564711558335,0.926104504305496,0.9193858955615742,0.9247061071720173,0.8810979150740779,0.9211101786537998,0.023411557343367695
7.372771310806274,2.88531895680738,0.01647605895996094,0.012480021434113078,0.18,absolute_error,12,200,0.6000000000000001,"{'model__learning_rate': 0.18, 'model__loss': 'absolute_error', 'model__max_depth': 12, 'model__n_estimators': 200, 'model__subsample': 0.6000000000000001}",0.006832282836251369,-0.05284161317599945,-0.30562945907351247,0.12053035828200087,0.02095836582809052,-0.04203001306063383,0.1430961165103726,220,0.9076603173298885,0.96108223500453,0.9604580332870968,0.9064372231428548,0.9743297908116781,0.9419935199152096,0.02896194314351203
12.60950951576233,3.2978466245616866,0.022151470184326172,0.016641801326871125,0.18,absolute_error,12,200,0.8,"{'model__learning_rate': 0.18, 'model__loss': 'absolute_error', 'model__max_depth': 12, 'model__n_estimators': 200, 'model__subsample': 0.8}",-0.08861791917029516,0.004320932755645601,0.07789964009299077,0.02097115663532456,0.022063204666987968,0.007327402996130749,0.05403384165878169,160,0.9837630522155734,0.9742472659187502,0.9643374190168632,0.9787395335974495,0.976648331161943,0.9755471203821158,0.006422658787996502
6.150745439529419,2.079058078507382,0.025316238403320312,0.018871748264550417,0.18,absolute_error,12,500,0.2,"{'model__learning_rate': 0.18, 'model__loss': 'absolute_error', 'model__max_depth': 12, 'model__n_estimators': 500, 'model__subsample': 0.2}",-0.36240194711829155,-0.0643319167017613,-0.629990533803988,-0.43469590373935385,-0.425976893310424,-0.3834794389347637,0.18302802047656697,544,0.9716630211928706,0.9748587218799932,0.9741656430140655,0.9715555683469997,0.9771202381922783,0.9738726385252414,0.002090757689295355
15.739792490005494,4.27056330769767,0.02203817367553711,0.016578458245006488,0.18,absolute_error,12,500,0.4,"{'model__learning_rate': 0.18, 'model__loss': 'absolute_error', 'model__max_depth': 12, 'model__n_estimators': 500, 'model__subsample': 0.4}",-0.30485097864521893,-0.040276785806120374,-0.18397185124652493,-0.1721806501322629,-0.10900384995311119,-0.16205682315664766,0.08788393099234643,330,0.9976468090763154,0.9962684414746916,0.9971398341211959,0.9895965933596593,0.9950346314643475,0.9951372618992419,0.002908512700391757
24.48377251625061,8.146841807752173,0.017192268371582033,0.012788062758307413,0.18,absolute_error,12,500,0.6000000000000001,"{'model__learning_rate': 0.18, 'model__loss': 'absolute_error', 'model__max_depth': 12, 'model__n_estimators': 500, 'model__subsample': 0.6000000000000001}",-0.030475155226532102,-0.045688903671953884,-0.3325825304836434,0.06177694015498192,-0.02362963124210582,-0.07411985609385066,0.13456101594326225,236,0.9970284089595738,0.9993812403969276,0.9993054381526589,0.9984493864073127,0.9991677020214424,0.9986664351875831,0.0008832643785495166
30.069758892059326,9.702883503220638,0.027484798431396486,0.014251849709193567,0.18,absolute_error,12,500,0.8,"{'model__learning_rate': 0.18, 'model__loss': 'absolute_error', 'model__max_depth': 12, 'model__n_estimators': 500, 'model__subsample': 0.8}",-0.08291335705932901,-0.00011009681000295757,0.09002331471457292,-0.006685178834881622,-0.003526152038494823,-0.0006422940056270976,0.05483410754021443,181,0.9998538290258514,0.9998806284174294,0.9933411005262303,0.9999300437789898,0.9999825647500585,0.9985976332997119,0.0026286343899672854
13.972869443893433,4.500158824553002,0.01728057861328125,0.012857604466926706,0.18,absolute_error,12,1000,0.2,"{'model__learning_rate': 0.18, 'model__loss': 'absolute_error', 'model__max_depth': 12, 'model__n_estimators': 1000, 'model__subsample': 0.2}",-0.36729417764630856,-0.03465537850458,-0.6518983735202406,-0.4164899862741609,-0.4156698238623,-0.377201547961518,0.19794836185432213,531,0.9924554460551311,0.9988355142032399,0.997960230303784,0.9918143292969905,0.988097495540966,0.9938326030800223,0.004023130005957389
18.778296995162965,4.422076815713202,0.011024188995361329,0.000782292702688827,0.18,absolute_error,12,1000,0.4,"{'model__learning_rate': 0.18, 'model__loss': 'absolute_error', 'model__max_depth': 12, 'model__n_estimators': 1000, 'model__subsample': 0.4}",-0.31082630370792197,-0.030853772948839175,-0.17996104969956273,-0.22416937368682666,-0.1361691031526744,-0.17639592063916498,0.09291636503085042,357,0.9999648759028589,0.999978682570033,0.9999342342499168,0.9999137393590163,0.9997965868344981,0.9999176237832647,6.465582350975039e-05
40.07623190879822,5.1932664295494515,0.01536860466003418,0.007499868079822607,0.18,absolute_error,12,1000,0.6000000000000001,"{'model__learning_rate': 0.18, 'model__loss': 'absolute_error', 'model__max_depth': 12, 'model__n_estimators': 1000, 'model__subsample': 0.6000000000000001}",-0.03158295833305691,-0.046853758160620096,-0.33809188794776723,0.05236290776586394,-0.025026995875432778,-0.07783853851020262,0.13459042822738243,240,0.9999828649923601,0.9999977805449648,0.999999831840203,0.9999975068993213,0.999998251261819,0.9999952471077336,6.243179589464807e-06
49.75961575508118,5.227519620108463,0.01577301025390625,0.004552202399160062,0.18,absolute_error,12,1000,0.8,"{'model__learning_rate': 0.18, 'model__loss': 'absolute_error', 'model__max_depth': 12, 'model__n_estimators': 1000, 'model__subsample': 0.8}",-0.08109710467996756,0.0006096967598575587,0.10572063740967419,-0.008209465796124471,-0.003822493972852392,0.0026402539441174656,0.05966760825825598,171,0.999999662795293,0.9999993152608111,0.9999219247936307,0.9999999293723819,0.9999999714835391,0.9999841607411313,3.1118854793369926e-05
