mean_fit_time,std_fit_time,mean_score_time,std_score_time,param_model__learning_rate,param_model__loss,param_model__max_depth,param_model__n_estimators,param_model__subsample,params,split0_test_score,split1_test_score,split2_test_score,split3_test_score,split4_test_score,mean_test_score,std_test_score,rank_test_score,split0_train_score,split1_train_score,split2_train_score,split3_train_score,split4_train_score,mean_train_score,std_train_score
1.251196527481079,0.02056906122349159,0.006483030319213867,0.0009500355610234752,0.02,squared_error,6,200,0.2,"{'model__learning_rate': 0.02, 'model__loss': 'squared_error', 'model__max_depth': 6, 'model__n_estimators': 200, 'model__subsample': 0.2}",0.3210181398272579,0.1486966324783522,-0.13980185506236098,0.24421546517034942,0.29426698365126824,0.17367907321297335,0.1674037287651811,196,0.8055401348070849,0.8294839187011909,0.8191499719616312,0.8179941804771181,0.7971246772652651,0.813858576642458,0.011300205846690859
2.6098278999328612,0.06454733187157177,0.010915708541870118,0.006066305541384257,0.02,squared_error,6,200,0.4,"{'model__learning_rate': 0.02, 'model__loss': 'squared_error', 'model__max_depth': 6, 'model__n_estimators': 200, 'model__subsample': 0.4}",0.4300897657973063,0.18013636120514565,-0.123978323330447,0.25644987522537455,0.3240451716422065,0.2133485701079172,0.1876063377713633,72,0.9575262472109929,0.9651357593250343,0.9601875694031065,0.9589894954281001,0.9586200054199701,0.9600918153574408,0.002661353536011754
4.0306014060974125,0.06051227476981939,0.008942270278930664,0.0024738928376147797,0.02,squared_error,6,200,0.6000000000000001,"{'model__learning_rate': 0.02, 'model__loss': 'squared_error', 'model__max_depth': 6, 'model__n_estimators': 200, 'model__subsample': 0.6000000000000001}",0.40574151061493546,0.08319531481167985,-0.25529257434269237,0.3195107569800737,0.397267460080054,0.19008449362881014,0.2513841353113019,158,0.9899973375606202,0.9908219242399218,0.9906129304261816,0.9892151021690271,0.9902012769305447,0.990169714265259,0.0005592517502461517
6.129460620880127,0.22052331682854673,0.01149749755859375,0.004876296426225148,0.02,squared_error,6,200,0.8,"{'model__learning_rate': 0.02, 'model__loss': 'squared_error', 'model__max_depth': 6, 'model__n_estimators': 200, 'model__subsample': 0.8}",0.4396146608400535,-0.09346687934042319,-0.29453764505657265,0.39788001492349534,0.33340869187456557,0.1565797686482237,0.2951722460726949,240,0.9971108535705056,0.9977519901878917,0.997512226105775,0.9969032364344332,0.997354873687494,0.99732663599722,0.0002973201939035595
4.144117403030395,0.16517326982706781,0.009626817703247071,0.0017701923017820291,0.02,squared_error,6,500,0.2,"{'model__learning_rate': 0.02, 'model__loss': 'squared_error', 'model__max_depth': 6, 'model__n_estimators': 500, 'model__subsample': 0.2}",0.3367052191539559,0.18804889334035646,-0.18459620175573943,0.23409586840167274,0.2905394963083109,0.1729586550897113,0.18571437276651667,199,0.9649172903119805,0.9674025871317558,0.9683000255245141,0.967660242729177,0.964926688942949,0.9666413669280752,0.0014339646583472012
7.855191087722778,0.3111473781973016,0.008332204818725587,0.000637842760624981,0.02,squared_error,6,500,0.4,"{'model__learning_rate': 0.02, 'model__loss': 'squared_error', 'model__max_depth': 6, 'model__n_estimators': 500, 'model__subsample': 0.4}",0.4397988470314965,0.1908657312861115,-0.15205984156232732,0.2463903406650284,0.32989525549672527,0.21097806658340684,0.19997765141209753,86,0.9990392861293771,0.9991958076026691,0.9990346766701459,0.9991475173964666,0.9991498929185301,0.9991134361434378,6.477185310373537e-05
12.37063283920288,0.2567627829054144,0.014718294143676758,0.004194450246692,0.02,squared_error,6,500,0.6000000000000001,"{'model__learning_rate': 0.02, 'model__loss': 'squared_error', 'model__max_depth': 6, 'model__n_estimators': 500, 'model__subsample': 0.6000000000000001}",0.3988471317435496,0.08492876053075515,-0.31081039499274987,0.32700351227705504,0.39690915389311454,0.1793756326903449,0.27073422981635203,182,0.9999708127860512,0.9999754149245383,0.999968576662671,0.9999747058037093,0.9999795491356335,0.9999738118625207,3.8127947384506134e-06
16.202921199798585,0.39309333320434875,0.010535955429077148,0.0012965706166238621,0.02,squared_error,6,500,0.8,"{'model__learning_rate': 0.02, 'model__loss': 'squared_error', 'model__max_depth': 6, 'model__n_estimators': 500, 'model__subsample': 0.8}",0.4410121882620712,-0.09045792359633387,-0.317976539142637,0.40053052351107876,0.33568973912945566,0.15375959763272695,0.30288139509786993,252,0.9999987557566312,0.9999990655998162,0.9999990694970244,0.9999989859321253,0.9999991547798801,0.9999990063130955,1.3619356519236673e-07
8.475427913665772,0.3469929057518171,0.009732961654663086,0.0007396907118555615,0.02,squared_error,6,1000,0.2,"{'model__learning_rate': 0.02, 'model__loss': 'squared_error', 'model__max_depth': 6, 'model__n_estimators': 1000, 'model__subsample': 0.2}",0.3089048722832374,0.1913213495376318,-0.22060434520967243,0.2519919579158233,0.2859390578819708,0.16351057848179817,0.1960994142439135,224,0.997369190013764,0.9975846720361021,0.9978567650547161,0.9977274869017488,0.9974804114017711,0.9976037050816204,0.00017316015381239978
15.995578479766845,0.8015232650778987,0.012156295776367187,0.002935139482219284,0.02,squared_error,6,1000,0.4,"{'model__learning_rate': 0.02, 'model__loss': 'squared_error', 'model__max_depth': 6, 'model__n_estimators': 1000, 'model__subsample': 0.4}",0.4385998087661911,0.1933406380076942,-0.15138124048812984,0.2461318803769208,0.3315664478760372,0.2116515069077427,0.1996006435561304,81,0.9999979456906513,0.9999974000654359,0.9999972852773068,0.9999980192781635,0.9999980383509048,0.9999977377324925,3.2607383416352124e-07
24.296105766296385,0.3458054078944184,0.013256406784057618,0.0018686532632024267,0.02,squared_error,6,1000,0.6000000000000001,"{'model__learning_rate': 0.02, 'model__loss': 'squared_error', 'model__max_depth': 6, 'model__n_estimators': 1000, 'model__subsample': 0.6000000000000001}",0.3987179035948504,0.08515313615409059,-0.31121569499875035,0.32659329374289414,0.3967896646423448,0.1792076606270859,0.27078054634894194,183,0.9999999981323979,0.999999997908738,0.999999997058793,0.9999999976401366,0.9999999987899155,0.9999999979059961,5.693879402064534e-10
36.47517261505127,0.7414660279768226,0.020978498458862304,0.004105487147033763,0.02,squared_error,6,1000,0.8,"{'model__learning_rate': 0.02, 'model__loss': 'squared_error', 'model__max_depth': 6, 'model__n_estimators': 1000, 'model__subsample': 0.8}",0.4409565017828223,-0.09044362195288835,-0.3181853340241667,0.4005088266731648,0.3357005275882702,0.15370738001344045,0.3029313331822078,253,0.9999999999955348,0.9999999999961977,0.9999999999969097,0.9999999999962557,0.999999999998075,0.9999999999965945,8.58651613434114e-13
1.6181816577911377,0.06177617683704453,0.00946636199951172,0.0009076071221301896,0.02,squared_error,9,200,0.2,"{'model__learning_rate': 0.02, 'model__loss': 'squared_error', 'model__max_depth': 9, 'model__n_estimators': 200, 'model__subsample': 0.2}",0.3228064463979379,0.05338372862605312,-0.206802169704571,0.279250431072269,0.2295392549232328,0.13563553826298436,0.19416747323788117,315,0.8141475638984836,0.838308638790281,0.8207257585100864,0.8185712419092446,0.8107885765871998,0.8205083559390591,0.009545507113382444
3.781795310974121,0.15110427298627427,0.009416770935058594,0.0011666810365833697,0.02,squared_error,9,200,0.4,"{'model__learning_rate': 0.02, 'model__loss': 'squared_error', 'model__max_depth': 9, 'model__n_estimators': 200, 'model__subsample': 0.4}",0.407744533177282,0.14627334712889284,-0.1867476159035153,0.24616024235844536,0.347301269821486,0.1921463553165182,0.2093504698310338,146,0.9606481715815949,0.9626194347203036,0.9654877554217577,0.9615522652364882,0.9632562347000235,0.9627127723320335,0.00165008771772671
6.4515563488006595,0.21394806918895962,0.011055564880371094,0.003211687165292728,0.02,squared_error,9,200,0.6000000000000001,"{'model__learning_rate': 0.02, 'model__loss': 'squared_error', 'model__max_depth': 9, 'model__n_estimators': 200, 'model__subsample': 0.6000000000000001}",0.44625800308331387,0.06761333146490434,-0.27221725845619305,0.33439138853613604,0.33467837162562897,0.18214476725075804,0.25913843238162854,175,0.9926814902178722,0.9934995078752742,0.9930746621126929,0.9924861974398234,0.9925606784936934,0.9928605072278712,0.00037848020270827025
9.745874691009522,0.6020542611337941,0.015414237976074219,0.0029483285202186924,0.02,squared_error,9,200,0.8,"{'model__learning_rate': 0.02, 'model__loss': 'squared_error', 'model__max_depth': 9, 'model__n_estimators': 200, 'model__subsample': 0.8}",0.4462238680961951,-0.0748998901431881,-0.4617336006338344,0.39603732474308495,0.316051415431838,0.12433582349881911,0.3456474292445867,346,0.9985201716046519,0.998707954196351,0.9986735700732173,0.9985087228644266,0.9985192454452906,0.9985859328367874,8.637433075563994e-05
4.897480487823486,0.1454721165425637,0.01921710968017578,0.003419979551184537,0.02,squared_error,9,500,0.2,"{'model__learning_rate': 0.02, 'model__loss': 'squared_error', 'model__max_depth': 9, 'model__n_estimators': 500, 'model__subsample': 0.2}",0.24327632777310249,0.0840771976076643,-0.3551957713898428,0.2969216617748426,0.21447260084020592,0.09671040332119449,0.23656408941980417,446,0.9673266654934969,0.9729041900922031,0.9692235146329631,0.9669875881328998,0.9674738708277694,0.9687831658358664,0.0022016581904265287
14.659902715682984,0.46948404195178867,0.015183401107788087,0.0017105392384795751,0.02,squared_error,9,500,0.4,"{'model__learning_rate': 0.02, 'model__loss': 'squared_error', 'model__max_depth': 9, 'model__n_estimators': 500, 'model__subsample': 0.4}",0.40169054319182285,0.17388443628562522,-0.277123338295461,0.2316921227505736,0.34984827410603014,0.17599840760771818,0.24066004717755052,191,0.9992709408581398,0.9991710203756906,0.9993556179928986,0.9993066056981967,0.9994157327149418,0.9993039835279734,8.237947854604739e-05
22.20995178222656,0.33700616227159574,0.013203287124633789,0.003075326776595926,0.02,squared_error,9,500,0.6000000000000001,"{'model__learning_rate': 0.02, 'model__loss': 'squared_error', 'model__max_depth': 9, 'model__n_estimators': 500, 'model__subsample': 0.6000000000000001}",0.4476139413503356,0.08638691504425366,-0.3361863674944019,0.3324098950330483,0.34172816674035067,0.17439051013471726,0.2814450004549714,194,0.99998882560728,0.9999893163847461,0.9999870356248903,0.9999880231944965,0.9999896750651509,0.9999885751753128,9.483420875398984e-07
25.16135835647583,0.8005368172595145,0.01160602569580078,0.003800723940271493,0.02,squared_error,9,500,0.8,"{'model__learning_rate': 0.02, 'model__loss': 'squared_error', 'model__max_depth': 9, 'model__n_estimators': 500, 'model__subsample': 0.8}",0.44650804797774446,-0.07158923090009117,-0.49586246482411966,0.3971221723025016,0.32110976769708865,0.11945765845062477,0.35772639845094434,360,0.9999998499274212,0.9999998479492012,0.9999998487607697,0.9999998469976545,0.9999998541784536,0.9999998495627,2.500565206146565e-09
11.131661462783814,0.5009743002178282,0.014267587661743164,0.0023470923899688665,0.02,squared_error,9,1000,0.2,"{'model__learning_rate': 0.02, 'model__loss': 'squared_error', 'model__max_depth': 9, 'model__n_estimators': 1000, 'model__subsample': 0.2}",0.22735748993197535,0.08850250816514338,-0.3726486958955779,0.3063609206969903,0.20242540911062545,0.09039952640183131,0.24181143928602683,459,0.9978446066907047,0.9981348165896625,0.9978625322341148,0.997465722240961,0.9976666673968849,0.9977948690304655,0.00022243639759357762
19.854360151290894,0.8812524634799265,0.01624269485473633,0.002558418226216043,0.02,squared_error,9,1000,0.4,"{'model__learning_rate': 0.02, 'model__loss': 'squared_error', 'model__max_depth': 9, 'model__n_estimators': 1000, 'model__subsample': 0.4}",0.40044327646838374,0.17905142360306503,-0.2809959821705317,0.23054159675355557,0.3493860986824564,0.1756852826673858,0.24177115337261817,193,0.9999986762364748,0.9999976719481327,0.9999987501791322,0.9999985559591761,0.9999989630322403,0.9999985234710312,4.458911585996557e-07
31.293360424041747,0.8821561679275173,0.018823671340942382,0.004367690545931083,0.02,squared_error,9,1000,0.6000000000000001,"{'model__learning_rate': 0.02, 'model__loss': 'squared_error', 'model__max_depth': 9, 'model__n_estimators': 1000, 'model__subsample': 0.6000000000000001}",0.44748880626096954,0.08715765743923576,-0.3376434401656665,0.3323444017845404,0.34182405880375466,0.17423429682456676,0.281905771239579,195,0.9999999996946521,0.9999999995920678,0.999999999436932,0.999999999135203,0.9999999997343659,0.9999999995186443,2.1753608042164156e-10
45.4261293888092,0.9980651857976622,0.01298971176147461,0.002139295070006961,0.02,squared_error,9,1000,0.8,"{'model__learning_rate': 0.02, 'model__loss': 'squared_error', 'model__max_depth': 9, 'model__n_estimators': 1000, 'model__subsample': 0.8}",0.44650846333662597,-0.07154266367935547,-0.49599582819278853,0.3970915825174107,0.32112751831019204,0.11943781445841695,0.3577646356059947,361,0.9999999999999467,0.9999999999999338,0.9999999999999021,0.9999999999999281,0.9999999999999343,0.999999999999929,1.476788603726559e-14
1.5664337635040284,0.04762087848433954,0.008632802963256836,0.0010158887532000789,0.02,squared_error,12,200,0.2,"{'model__learning_rate': 0.02, 'model__loss': 'squared_error', 'model__max_depth': 12, 'model__n_estimators': 200, 'model__subsample': 0.2}",0.271574818529002,0.09472165302312885,-0.08108257949408926,0.27375814667989296,0.28229368282982525,0.16825314431355196,0.1430993373081516,213,0.7957463682805006,0.842551367918436,0.8158372742884841,0.8243471904047506,0.8022095912240875,0.8161383584232518,0.016582921711326703
3.9716370582580565,0.07755354873098554,0.009682035446166993,0.0008391387111176801,0.02,squared_error,12,200,0.4,"{'model__learning_rate': 0.02, 'model__loss': 'squared_error', 'model__max_depth': 12, 'model__n_estimators': 200, 'model__subsample': 0.4}",0.44904432919248327,0.16070186781264328,-0.27989655789698387,0.2586458382259158,0.37136017029756385,0.19197112952632447,0.25547972752370673,147,0.9616696840290135,0.9657334975004362,0.9654540934939446,0.9606277147666769,0.9617753421994315,0.9630520663979005,0.0021155752623037917
6.413190412521362,0.21500335266329806,0.008590269088745116,0.0010162543022619772,0.02,squared_error,12,200,0.6000000000000001,"{'model__learning_rate': 0.02, 'model__loss': 'squared_error', 'model__max_depth': 12, 'model__n_estimators': 200, 'model__subsample': 0.6000000000000001}",0.3995698124327388,0.10350443443238111,-0.28603322800159425,0.33255185839790957,0.3449673131749159,0.17891203808727024,0.25366505841208514,184,0.9932218193998253,0.9935385868328659,0.9934933834252573,0.992811609627499,0.9928504329071898,0.9931831664385274,0.0003075120660015049
10.665305948257446,0.7030714213729796,0.012894439697265624,0.0027468151972067935,0.02,squared_error,12,200,0.8,"{'model__learning_rate': 0.02, 'model__loss': 'squared_error', 'model__max_depth': 12, 'model__n_estimators': 200, 'model__subsample': 0.8}",0.41967182077508136,-0.11170779603784164,-0.41093310642200076,0.39154227999837554,0.31594169411154627,0.12090297848503215,0.32787373998952063,358,0.9986058691280996,0.9988111562605881,0.9987402952481447,0.9985173647647572,0.9986028331584691,0.9986555037120117,0.00010558169193315332
6.214541435241699,0.4569643085638806,0.017267894744873048,0.002681944907854934,0.02,squared_error,12,500,0.2,"{'model__learning_rate': 0.02, 'model__loss': 'squared_error', 'model__max_depth': 12, 'model__n_estimators': 500, 'model__subsample': 0.2}",0.2151205280044689,0.12685207025730694,-0.1337528419455436,0.24243783791598683,0.3027591400495101,0.15068334685634582,0.15308165080357855,263,0.9647132958460104,0.9718796506845113,0.9678682555597128,0.9676447866586613,0.964061403808074,0.967233478511394,0.002777495661406977
12.651928901672363,0.5700883248838937,0.017597723007202148,0.012736980503787833,0.02,squared_error,12,500,0.4,"{'model__learning_rate': 0.02, 'model__loss': 'squared_error', 'model__max_depth': 12, 'model__n_estimators': 500, 'model__subsample': 0.4}",0.4523664838510447,0.17412879216031296,-0.34386300189018826,0.25500904215198616,0.37933678638909096,0.18339562053244932,0.2806970883264606,173,0.9992633485172919,0.9992673725460501,0.999313403011172,0.9992872737067661,0.999374263665076,0.9993011322892713,4.064028233034794e-05
19.17637300491333,0.5557711374207605,0.013055658340454102,0.0016943833418000492,0.02,squared_error,12,500,0.6000000000000001,"{'model__learning_rate': 0.02, 'model__loss': 'squared_error', 'model__max_depth': 12, 'model__n_estimators': 500, 'model__subsample': 0.6000000000000001}",0.3971036837273737,0.11672013544904003,-0.35023163982781047,0.3365230052607342,0.34848572691517465,0.16972018230490243,0.2773598603658563,204,0.9999907872652639,0.9999891585903676,0.9999888887444864,0.9999895088560018,0.9999915049145907,0.9999899696741421,1.0063833907096572e-06
27.91296534538269,0.157268049725906,0.014664793014526367,0.004525073378695696,0.02,squared_error,12,500,0.8,"{'model__learning_rate': 0.02, 'model__loss': 'squared_error', 'model__max_depth': 12, 'model__n_estimators': 500, 'model__subsample': 0.8}",0.42096768019353514,-0.10882610749718347,-0.445456354485392,0.39158611264464016,0.3199000734469768,0.11563428086051533,0.339501864280245,396,0.9999998781619652,0.9999998880249639,0.9999998946945519,0.999999869832761,0.9999998908798149,0.9999998843188115,9.079545513267864e-09
9.803093004226685,1.0753441690069396,0.01711716651916504,0.0034177926909070267,0.02,squared_error,12,1000,0.2,"{'model__learning_rate': 0.02, 'model__loss': 'squared_error', 'model__max_depth': 12, 'model__n_estimators': 1000, 'model__subsample': 0.2}",0.17754095050884355,0.14483565609322757,-0.11645206115049689,0.23299993348893255,0.2957561514280447,0.1469361260737103,0.1413285415727251,273,0.9976939505208304,0.9981091795011201,0.9979326879715931,0.9978036135899093,0.9975206728295812,0.9978120208826068,0.0002008774610669134
24.947349309921265,0.235181874514282,0.0176393985748291,0.0022895744336577303,0.02,squared_error,12,1000,0.4,"{'model__learning_rate': 0.02, 'model__loss': 'squared_error', 'model__max_depth': 12, 'model__n_estimators': 1000, 'model__subsample': 0.4}",0.4508095677737649,0.1766023434924967,-0.34500510328296374,0.25779100860782866,0.38101579592901513,0.18424272250402834,0.28119335422540825,170,0.9999985418527866,0.9999980152808104,0.9999984088332138,0.9999985734629699,0.9999989113779373,0.9999984901615436,2.8953769028873487e-07
41.16556601524353,1.053541538832136,0.02314748764038086,0.003099817402129506,0.02,squared_error,12,1000,0.6000000000000001,"{'model__learning_rate': 0.02, 'model__loss': 'squared_error', 'model__max_depth': 12, 'model__n_estimators': 1000, 'model__subsample': 0.6000000000000001}",0.39689112126146675,0.11754300202678092,-0.3511012424583235,0.3365306039769663,0.34854942300519887,0.16968258156241786,0.2776291256980638,205,0.9999999997738955,0.9999999995826181,0.9999999995630026,0.9999999995551964,0.9999999997708339,0.9999999996491094,1.0103817628835006e-10
54.7670973777771,0.7276363311147516,0.017236661911010743,0.0014948396387018342,0.02,squared_error,12,1000,0.8,"{'model__learning_rate': 0.02, 'model__loss': 'squared_error', 'model__max_depth': 12, 'model__n_estimators': 1000, 'model__subsample': 0.8}",0.4209748935894235,-0.10873713914249228,-0.4455660739469054,0.39156529325025724,0.3199014214431535,0.11562767903868731,0.3395244469059985,397,0.999999999999954,0.9999999999999639,0.9999999999999666,0.9999999999999503,0.9999999999999685,0.9999999999999606,7.192840150514559e-15
1.4816089153289795,0.12971742297909888,0.01052088737487793,0.0024697843437030214,0.02,absolute_error,6,200,0.2,"{'model__learning_rate': 0.02, 'model__loss': 'absolute_error', 'model__max_depth': 6, 'model__n_estimators': 200, 'model__subsample': 0.2}",0.43934695729670403,0.08294694965376725,0.05992793622428794,0.2510926525450784,0.28876827578845343,0.22441655430165822,0.14008425387862336,44,0.607124722188437,0.6191360706519288,0.6208496499623954,0.6260619026442591,0.5841866660122554,0.6114718022918552,0.014986205870347324
3.1037415981292726,0.14541860856489253,0.009404850006103516,0.0009470400412211746,0.02,absolute_error,6,200,0.4,"{'model__learning_rate': 0.02, 'model__loss': 'absolute_error', 'model__max_depth': 6, 'model__n_estimators': 200, 'model__subsample': 0.4}",0.3727568844127107,0.09559709979830389,-0.0031979198021099275,0.2565591470472507,0.3157717949277947,0.20749740127679,0.14025355024412503,98,0.7535175991798564,0.7298141495461004,0.7603267723906796,0.7710692915912187,0.7866004900477137,0.7602656605511138,0.01888425946486308
5.085916662216187,0.06235452004032107,0.008176469802856445,0.0008479520198046636,0.02,absolute_error,6,200,0.6000000000000001,"{'model__learning_rate': 0.02, 'model__loss': 'absolute_error', 'model__max_depth': 6, 'model__n_estimators': 200, 'model__subsample': 0.6000000000000001}",0.4243625761260119,0.04362587147821162,-0.0023563673113204953,0.29883401648417884,0.3409164010225282,0.221076499559922,0.16920049276011184,54,0.8251548367788972,0.8033585995031349,0.8435387245460519,0.8365081182054954,0.8496081256888185,0.8316336809444795,0.016309669020987426
6.589306259155274,0.2489805810893025,0.008667755126953124,0.0007713130358851407,0.02,absolute_error,6,200,0.8,"{'model__learning_rate': 0.02, 'model__loss': 'absolute_error', 'model__max_depth': 6, 'model__n_estimators': 200, 'model__subsample': 0.8}",0.427473756503592,0.024952397001878568,-0.012270295173138823,0.31005948996760446,0.318319975984902,0.21370706485696767,0.1747100119284332,71,0.8182510159482846,0.8579759039985331,0.8830235198728109,0.8862509812944103,0.8825688264252172,0.865614049507851,0.025760571760173698
3.8141627311706543,0.12120028356346517,0.011379289627075195,0.0026162466729590136,0.02,absolute_error,6,500,0.2,"{'model__learning_rate': 0.02, 'model__loss': 'absolute_error', 'model__max_depth': 6, 'model__n_estimators': 500, 'model__subsample': 0.2}",0.49745306587993143,0.019769291955724633,0.06488438434115751,0.26955615893930285,0.3639197613477937,0.24311653249278203,0.1797944574529934,13,0.7695819764815015,0.7853091488922501,0.7867853247292644,0.8105850218731839,0.7874393630050949,0.7879401669962589,0.013102055815298212
9.39083390235901,0.4897203968323845,0.014508676528930665,0.0011355389453020835,0.02,absolute_error,6,500,0.4,"{'model__learning_rate': 0.02, 'model__loss': 'absolute_error', 'model__max_depth': 6, 'model__n_estimators': 500, 'model__subsample': 0.4}",0.42306172968010014,0.12664634022967336,-0.025977189929400568,0.28519333672554836,0.3658612627397896,0.23495709588914218,0.1642320646847162,27,0.8999975573677627,0.9044015186070747,0.8941559711614293,0.9240620193646575,0.9248168071402958,0.9094867747282439,0.012636346496535037
14.411958837509156,0.33482180834818503,0.009998750686645509,0.0020311199752818046,0.02,absolute_error,6,500,0.6000000000000001,"{'model__learning_rate': 0.02, 'model__loss': 'absolute_error', 'model__max_depth': 6, 'model__n_estimators': 500, 'model__subsample': 0.6000000000000001}",0.48854610728351355,0.11305605324495493,-0.0003659413387888666,0.3121519583766129,0.37690982116799965,0.25805959974685844,0.17775554974963123,3,0.9198137980023322,0.9481570726289026,0.9474844105096217,0.9635707848878401,0.9484785849071775,0.9455009301871747,0.014185937567017332
16.66475486755371,0.8664683783903562,0.009327316284179687,0.0010709681111481975,0.02,absolute_error,6,500,0.8,"{'model__learning_rate': 0.02, 'model__loss': 'absolute_error', 'model__max_depth': 6, 'model__n_estimators': 500, 'model__subsample': 0.8}",0.48441706304200216,0.015059764888164295,-0.04537038531379545,0.3252362347915533,0.37583431333066,0.23103539814771684,0.20836910656812493,32,0.976796983686506,0.960435963101036,0.9640854238949206,0.9685583881517068,0.9643611796245678,0.9668475876917475,0.00560067893533576
6.205134057998658,0.6580918189876974,0.00889272689819336,0.0005857769800887735,0.02,absolute_error,6,1000,0.2,"{'model__learning_rate': 0.02, 'model__loss': 'absolute_error', 'model__max_depth': 6, 'model__n_estimators': 1000, 'model__subsample': 0.2}",0.5081970127449962,0.09994339729270729,0.0058544673632050515,0.24780707203337304,0.38085018357050027,0.2485304266009564,0.18215680264904896,7,0.9076442396523843,0.9088629877747181,0.9013290472064173,0.9181007217117069,0.8850585671919075,0.9041991127074267,0.010967890606947235
13.0604736328125,0.9815389716331256,0.011681270599365235,0.001737953532632061,0.02,absolute_error,6,1000,0.4,"{'model__learning_rate': 0.02, 'model__loss': 'absolute_error', 'model__max_depth': 6, 'model__n_estimators': 1000, 'model__subsample': 0.4}",0.4497371334571513,0.1256218354732591,-0.07675240557081908,0.28340727095000307,0.3693998034603493,0.23028272755398876,0.1873822240737812,33,0.9607289185508452,0.9584955792838564,0.9643986682672525,0.9712771721569573,0.9668505167881168,0.9643501710094057,0.004508373088749845
21.043617677688598,1.1676942076500716,0.010644483566284179,0.0006723548231537808,0.02,absolute_error,6,1000,0.6000000000000001,"{'model__learning_rate': 0.02, 'model__loss': 'absolute_error', 'model__max_depth': 6, 'model__n_estimators': 1000, 'model__subsample': 0.6000000000000001}",0.4996950540923344,0.11134316042614656,-0.028059749453636318,0.31364405918216964,0.3915545317174689,0.2576354111928966,0.19114775314583976,4,0.9709658382577244,0.9796593581517002,0.9808107576838653,0.9909133755388063,0.9777955603145413,0.9800289779893274,0.00642411962271671
30.664764070510863,1.172104739396981,0.013428115844726562,0.004949808437914619,0.02,absolute_error,6,1000,0.8,"{'model__learning_rate': 0.02, 'model__loss': 'absolute_error', 'model__max_depth': 6, 'model__n_estimators': 1000, 'model__subsample': 0.8}",0.4936899533354884,-0.0020462781465129254,-0.09790495667913168,0.3336427576363701,0.38752636824742637,0.22298156887872805,0.2307421129023218,49,0.992632871032759,0.9849243037078879,0.9900090162605092,0.9922592520571136,0.9826806691944293,0.9885012224505397,0.00400349688654742
1.250178623199463,0.10317697357155664,0.00800180435180664,0.0010059649780909089,0.02,absolute_error,9,200,0.2,"{'model__learning_rate': 0.02, 'model__loss': 'absolute_error', 'model__max_depth': 9, 'model__n_estimators': 200, 'model__subsample': 0.2}",0.43934695729670403,0.08294694965376725,0.05992793622428794,0.2510926525450784,0.28876827578845343,0.22441655430165822,0.14008425387862336,44,0.607124722188437,0.6191360706519288,0.6208496499623954,0.6260619026442591,0.5841866660122554,0.6114718022918552,0.014986205870347324
2.491753673553467,0.16359536012239836,0.008188533782958984,0.0010920781418283392,0.02,absolute_error,9,200,0.4,"{'model__learning_rate': 0.02, 'model__loss': 'absolute_error', 'model__max_depth': 9, 'model__n_estimators': 200, 'model__subsample': 0.4}",0.35787129560239916,0.09559709979830389,0.02355929329381845,0.2565591470472507,0.2790396837330438,0.2025253038949632,0.12358718173759342,112,0.7674270188349609,0.7298141495461004,0.7594902035755028,0.7710692915912187,0.7766636831846343,0.7608928693464835,0.01650955810465155
4.1263140678405765,0.2556830501092511,0.00875682830810547,0.0010551159781200382,0.02,absolute_error,9,200,0.6000000000000001,"{'model__learning_rate': 0.02, 'model__loss': 'absolute_error', 'model__max_depth': 9, 'model__n_estimators': 200, 'model__subsample': 0.6000000000000001}",0.3545728014534538,0.04006560745255072,0.04774546672952229,0.33364339594529513,0.32773548370713557,0.22075255105759153,0.14469054770149886,55,0.8385748390282971,0.8257659578577089,0.8480253393050762,0.82827906679366,0.8507366250660211,0.8382763656101527,0.01006822651663994
6.307116317749023,0.46429945009671353,0.009442329406738281,0.0011843554974272068,0.02,absolute_error,9,200,0.8,"{'model__learning_rate': 0.02, 'model__loss': 'absolute_error', 'model__max_depth': 9, 'model__n_estimators': 200, 'model__subsample': 0.8}",0.38888727033908466,0.0743061772461191,0.0002153648995847357,0.3255137495708832,0.33288406208504695,0.2243613248281437,0.15609980329743783,47,0.8430162799327675,0.8814823310972472,0.8803168866853094,0.8681341495639786,0.8819168185507883,0.8709732931660181,0.014880582591135427
2.954317092895508,0.27418360974003253,0.00840301513671875,0.001302615344143805,0.02,absolute_error,9,500,0.2,"{'model__learning_rate': 0.02, 'model__loss': 'absolute_error', 'model__max_depth': 9, 'model__n_estimators': 500, 'model__subsample': 0.2}",0.49745306587993143,0.019769291955724633,0.06488438434115751,0.26955615893930285,0.3639197613477937,0.24311653249278203,0.1797944574529934,13,0.7695819764815015,0.7853091488922501,0.7867853247292644,0.8105850218731839,0.7874393630050949,0.7879401669962589,0.013102055815298212
6.400395822525025,0.38965046923889585,0.009487676620483398,0.000998165529658733,0.02,absolute_error,9,500,0.4,"{'model__learning_rate': 0.02, 'model__loss': 'absolute_error', 'model__max_depth': 9, 'model__n_estimators': 500, 'model__subsample': 0.4}",0.4152027395051274,0.16638771036681155,-0.14002894368878493,0.27872684518493074,0.3221333034258548,0.2084843309587879,0.19173743935413382,94,0.8840339182322228,0.9101633320452713,0.9176935801935993,0.9210865356933535,0.9186227033023927,0.9103200138933678,0.013639688393688483
11.597321176528931,0.8029636024115204,0.010166215896606445,0.0007804376215019723,0.02,absolute_error,9,500,0.6000000000000001,"{'model__learning_rate': 0.02, 'model__loss': 'absolute_error', 'model__max_depth': 9, 'model__n_estimators': 500, 'model__subsample': 0.6000000000000001}",0.4040636699826442,0.10043003691774133,-0.003123620546071848,0.3280962719570353,0.36411968214762724,0.23871720809179525,0.16041457422824432,21,0.9439274896951375,0.9508634619807429,0.9479410793148326,0.9663256067407475,0.9492223146411753,0.9516559904745272,0.0076847746888885045
15.26710023880005,0.32528976217366284,0.008772802352905274,0.0001801838470195586,0.02,absolute_error,9,500,0.8,"{'model__learning_rate': 0.02, 'model__loss': 'absolute_error', 'model__max_depth': 9, 'model__n_estimators': 500, 'model__subsample': 0.8}",0.4487574667157004,0.059363699335169495,-0.024012448951546972,0.3324527084674036,0.3806737038106096,0.2394470258754672,0.1866798283552172,20,0.9709685766364268,0.9619751278662912,0.9624434844099382,0.9791874780916536,0.9685706786312519,0.9686290691271123,0.0063165353999553725
6.323671531677246,0.6458620415742501,0.010001039505004883,0.0009993022137758157,0.02,absolute_error,9,1000,0.2,"{'model__learning_rate': 0.02, 'model__loss': 'absolute_error', 'model__max_depth': 9, 'model__n_estimators': 1000, 'model__subsample': 0.2}",0.5081970127449962,0.09994339729270729,0.0058544673632050515,0.24780707203337304,0.38085018357050027,0.2485304266009564,0.18215680264904896,7,0.9076442396523843,0.9088629877747181,0.9013290472064173,0.9181007217117069,0.8850585671919075,0.9041991127074267,0.010967890606947235
14.860483694076539,0.24597589612707363,0.01345653533935547,0.0049625178634325005,0.02,absolute_error,9,1000,0.4,"{'model__learning_rate': 0.02, 'model__loss': 'absolute_error', 'model__max_depth': 9, 'model__n_estimators': 1000, 'model__subsample': 0.4}",0.4296355032543133,0.1717112022135726,-0.20803141817782356,0.287253167852519,0.32573807734496896,0.2012613064975101,0.22065247951454114,117,0.9637131408202493,0.9647775680335647,0.9719084863368694,0.9758336725482106,0.9640051340031804,0.9680476003484149,0.004926490552312056
22.227876377105712,1.2914810689188343,0.010979127883911134,0.001386025500096767,0.02,absolute_error,9,1000,0.6000000000000001,"{'model__learning_rate': 0.02, 'model__loss': 'absolute_error', 'model__max_depth': 9, 'model__n_estimators': 1000, 'model__subsample': 0.6000000000000001}",0.42139532875841546,0.11183178524454318,-0.02389937979875234,0.32997206520142763,0.36810157246406605,0.24148027437393998,0.16939201194295217,18,0.9776062952014702,0.9924937274805757,0.9822391198135367,0.9899360427444889,0.9728799006351617,0.9830310171750467,0.0073528517103109295
33.34643287658692,1.4027473337537788,0.011599588394165038,0.0010488794309578575,0.02,absolute_error,9,1000,0.8,"{'model__learning_rate': 0.02, 'model__loss': 'absolute_error', 'model__max_depth': 9, 'model__n_estimators': 1000, 'model__subsample': 0.8}",0.4260989121262797,0.07477237484943666,-0.14133108865131727,0.34328718229214406,0.3885804785334789,0.2182815718300044,0.21805151794733763,61,0.9898721034629658,0.9908118966592436,0.9949794644328875,0.9968155778777358,0.9879908481130095,0.9920939781091684,0.003287420607466086
1.1324700832366943,0.03254115387817602,0.007979869842529297,0.001223856793593247,0.02,absolute_error,12,200,0.2,"{'model__learning_rate': 0.02, 'model__loss': 'absolute_error', 'model__max_depth': 12, 'model__n_estimators': 200, 'model__subsample': 0.2}",0.43934695729670403,0.08294694965376725,0.05992793622428794,0.2510926525450784,0.28876827578845343,0.22441655430165822,0.14008425387862336,44,0.607124722188437,0.6191360706519288,0.6208496499623954,0.6260619026442591,0.5841866660122554,0.6114718022918552,0.014986205870347324
2.6654485702514648,0.21855166010436228,0.00774078369140625,0.0008765016488453767,0.02,absolute_error,12,200,0.4,"{'model__learning_rate': 0.02, 'model__loss': 'absolute_error', 'model__max_depth': 12, 'model__n_estimators': 200, 'model__subsample': 0.4}",0.35787129560239916,0.09559709979830389,0.02355929329381845,0.2565591470472507,0.2790396837330438,0.2025253038949632,0.12358718173759342,112,0.7674270188349609,0.7298141495461004,0.7594902035755028,0.7710692915912187,0.7766636831846343,0.7608928693464835,0.01650955810465155
4.474224853515625,0.21857589859507962,0.009218788146972657,0.0011237454452583805,0.02,absolute_error,12,200,0.6000000000000001,"{'model__learning_rate': 0.02, 'model__loss': 'absolute_error', 'model__max_depth': 12, 'model__n_estimators': 200, 'model__subsample': 0.6000000000000001}",0.34703785916355057,0.04006560745255072,0.010275988232427924,0.3315500098210573,0.32809216300462163,0.21140432553484162,0.15248413470961705,84,0.8410312903198414,0.8257659578577089,0.8437504816701332,0.8292029585939406,0.8508892357894444,0.8381279848462138,0.009331312702000445
6.601881980895996,0.44139347974085513,0.008561038970947265,0.001022878331487847,0.02,absolute_error,12,200,0.8,"{'model__learning_rate': 0.02, 'model__loss': 'absolute_error', 'model__max_depth': 12, 'model__n_estimators': 200, 'model__subsample': 0.8}",0.40253740385151593,0.008335255445364509,-0.06132008353872198,0.2905763112212403,0.31924135080115534,0.19187404755611082,0.1833779554387712,148,0.8029631182123675,0.8261600073991566,0.8765040885920218,0.8908951787482966,0.8834362926401687,0.8559917371184023,0.03491182306755018
2.7888015270233155,0.03236748898476204,0.008510112762451172,0.0011035675596818267,0.02,absolute_error,12,500,0.2,"{'model__learning_rate': 0.02, 'model__loss': 'absolute_error', 'model__max_depth': 12, 'model__n_estimators': 500, 'model__subsample': 0.2}",0.49745306587993143,0.019769291955724633,0.06488438434115751,0.26955615893930285,0.3639197613477937,0.24311653249278203,0.1797944574529934,13,0.7695819764815015,0.7853091488922501,0.7867853247292644,0.8105850218731839,0.7874393630050949,0.7879401669962589,0.013102055815298212
6.312299108505249,0.38529082899947115,0.008485364913940429,0.0003735155706923697,0.02,absolute_error,12,500,0.4,"{'model__learning_rate': 0.02, 'model__loss': 'absolute_error', 'model__max_depth': 12, 'model__n_estimators': 500, 'model__subsample': 0.4}",0.4152027395051274,0.16638771036681155,-0.14002894368878493,0.27872684518493074,0.3221333034258548,0.2084843309587879,0.19173743935413382,94,0.8840339182322228,0.9101633320452713,0.9176935801935993,0.9210865356933535,0.9186227033023927,0.9103200138933678,0.013639688393688483
11.13257327079773,0.7000204038141556,0.009001493453979492,0.0007422280465941227,0.02,absolute_error,12,500,0.6000000000000001,"{'model__learning_rate': 0.02, 'model__loss': 'absolute_error', 'model__max_depth': 12, 'model__n_estimators': 500, 'model__subsample': 0.6000000000000001}",0.4153213502587384,0.09574645622830336,-0.07075973003906122,0.34022647346813184,0.36765421193026315,0.2296377523692751,0.1865059427947445,34,0.9381061742649383,0.9468544246629684,0.955257493817393,0.964726638375619,0.9426609731508241,0.9495211408543485,0.00947193368419768
15.983983564376832,0.9809569845216352,0.009772396087646485,0.0013182533655328333,0.02,absolute_error,12,500,0.8,"{'model__learning_rate': 0.02, 'model__loss': 'absolute_error', 'model__max_depth': 12, 'model__n_estimators': 500, 'model__subsample': 0.8}",0.4400305367152878,0.07422813365646952,-0.14907418528333283,0.31734544843072543,0.3737065596759328,0.21124729863901653,0.2184478987122865,85,0.9795936983110013,0.9665935766402755,0.9632498184575052,0.9721115876484239,0.968838908906006,0.9700775179926424,0.005567487907026563
6.2509430885314945,0.5066724074275748,0.009972190856933594,0.0008372731181208956,0.02,absolute_error,12,1000,0.2,"{'model__learning_rate': 0.02, 'model__loss': 'absolute_error', 'model__max_depth': 12, 'model__n_estimators': 1000, 'model__subsample': 0.2}",0.5081970127449962,0.09994339729270729,0.0058544673632050515,0.24780707203337304,0.38085018357050027,0.2485304266009564,0.18215680264904896,7,0.9076442396523843,0.9088629877747181,0.9013290472064173,0.9181007217117069,0.8850585671919075,0.9041991127074267,0.010967890606947235
13.469703435897827,0.7946924900212213,0.01012277603149414,0.0008755138747131217,0.02,absolute_error,12,1000,0.4,"{'model__learning_rate': 0.02, 'model__loss': 'absolute_error', 'model__max_depth': 12, 'model__n_estimators': 1000, 'model__subsample': 0.4}",0.4296355032543133,0.1717112022135726,-0.20803141817782356,0.287253167852519,0.32573807734496896,0.2012613064975101,0.22065247951454114,117,0.9637131408202493,0.9647775680335647,0.9719084863368694,0.9758336725482106,0.9640051340031804,0.9680476003484149,0.004926490552312056
22.301923418045043,1.3964696453979049,0.012204980850219727,0.0015977607344024,0.02,absolute_error,12,1000,0.6000000000000001,"{'model__learning_rate': 0.02, 'model__loss': 'absolute_error', 'model__max_depth': 12, 'model__n_estimators': 1000, 'model__subsample': 0.6000000000000001}",0.42251611406667466,0.07904749882988316,-0.10008891695335431,0.34667322688274127,0.37614274322240804,0.22485813320967055,0.2018147438507109,43,0.9854527245375324,0.9745191241953034,0.9826188127016107,0.9901138248843355,0.981269555673842,0.9827948083985248,0.005127900933374184
32.58323631286621,1.1410721410903473,0.010951566696166991,0.0011408322422978364,0.02,absolute_error,12,1000,0.8,"{'model__learning_rate': 0.02, 'model__loss': 'absolute_error', 'model__max_depth': 12, 'model__n_estimators': 1000, 'model__subsample': 0.8}",0.43838346513964144,0.08055315031115051,-0.19272291485248982,0.30760581777497653,0.38527934564881705,0.20381977280441915,0.23287765406946953,109,0.9905633246470034,0.9837166844234934,0.9911873807479895,0.9909533078655943,0.9892584389499375,0.9891358273268036,0.0027904121188335393
1.416433620452881,0.00870562477741341,0.00833892822265625,0.000392538969384458,0.04,squared_error,6,200,0.2,"{'model__learning_rate': 0.04, 'model__loss': 'squared_error', 'model__max_depth': 6, 'model__n_estimators': 200, 'model__subsample': 0.2}",0.27215685357347075,0.0820102240574867,-0.055582406975774434,0.28373613855873225,0.40596279733447793,0.19765672130967865,0.16361877979717734,134,0.9304964809749667,0.9313838562516442,0.9335030059707897,0.9403303493298666,0.9303549781174528,0.933213734128944,0.0037318706783154953
3.036011981964111,0.11716540350508044,0.009122753143310547,0.0004924919878268994,0.04,squared_error,6,200,0.4,"{'model__learning_rate': 0.04, 'model__loss': 'squared_error', 'model__max_depth': 6, 'model__n_estimators': 200, 'model__subsample': 0.4}",0.4034923500833075,0.13618690812204992,-0.39517325112295953,0.3695301760221743,0.3365968628078234,0.17012660918247913,0.2975397560683586,203,0.9964578088183008,0.9965254108204382,0.9970107596227276,0.996317489492653,0.996212751704319,0.9965048440916877,0.00027532001030060636
4.38195538520813,0.14024672306323152,0.008500194549560547,0.001095579083083618,0.04,squared_error,6,200,0.6000000000000001,"{'model__learning_rate': 0.04, 'model__loss': 'squared_error', 'model__max_depth': 6, 'model__n_estimators': 200, 'model__subsample': 0.6000000000000001}",0.3570820075306578,0.024371595427573944,-0.43882195524470324,0.3712696337638861,0.27170024225372424,0.11712030474622777,0.30454640922107445,377,0.9998153958313858,0.99984051410346,0.9997981761788938,0.999805713525139,0.9998177680203945,0.9998155135318546,1.4330032043829252e-05
6.083746719360351,0.06184168182837698,0.007820320129394532,0.0007846752270887379,0.04,squared_error,6,200,0.8,"{'model__learning_rate': 0.04, 'model__loss': 'squared_error', 'model__max_depth': 6, 'model__n_estimators': 200, 'model__subsample': 0.8}",0.441875144905737,-0.07866721594422499,-0.4129954782433729,0.3975100334207161,0.30344681847617727,0.1302338605230065,0.3278101114301318,326,0.999984811883729,0.9999884100411368,0.9999867353606352,0.9999865220610004,0.9999832201380957,0.9999859398969194,1.7744177530603435e-06
3.894217681884766,0.10229263765456514,0.010607242584228516,0.002048624689744863,0.04,squared_error,6,500,0.2,"{'model__learning_rate': 0.04, 'model__loss': 'squared_error', 'model__max_depth': 6, 'model__n_estimators': 500, 'model__subsample': 0.2}",0.21993491400177534,0.08434348881507414,-0.0788197182413124,0.27658773831774686,0.3799347527552187,0.17639623512970054,0.15935543478986797,189,0.9973465974598666,0.9970505233900825,0.9965877935360946,0.9970909349179577,0.9961983331029408,0.9968548364813884,0.00040943212343022057
7.5327033519744875,0.07162322569399195,0.008648204803466796,0.0007314588348455516,0.04,squared_error,6,500,0.4,"{'model__learning_rate': 0.04, 'model__loss': 'squared_error', 'model__max_depth': 6, 'model__n_estimators': 500, 'model__subsample': 0.4}",0.38877832695568204,0.14047022340420967,-0.41509836629692853,0.37660673247699616,0.32980506753898864,0.1641123968157896,0.30302697716683497,220,0.9999971716056725,0.9999963877568978,0.9999973956102045,0.9999959447776751,0.9999972612299547,0.9999968321960809,5.659932905760148e-07
10.948885869979858,0.0746171864975541,0.008807516098022461,0.0009332065935837503,0.04,squared_error,6,500,0.6000000000000001,"{'model__learning_rate': 0.04, 'model__loss': 'squared_error', 'model__max_depth': 6, 'model__n_estimators': 500, 'model__subsample': 0.6000000000000001}",0.3571134853971566,0.024003875470115177,-0.44355748869546496,0.371603953786542,0.27111532521315973,0.1160558302343017,0.3062997592706465,387,0.9999999978883135,0.9999999978610422,0.9999999966675588,0.9999999971793223,0.9999999979655187,0.9999999975123511,5.085029730666612e-10
14.957438421249389,0.40019934820747854,0.009308576583862305,0.0008745857622268498,0.04,squared_error,6,500,0.8,"{'model__learning_rate': 0.04, 'model__loss': 'squared_error', 'model__max_depth': 6, 'model__n_estimators': 500, 'model__subsample': 0.8}",0.44182164911148436,-0.0783857079925212,-0.4145634218298144,0.39746658320996797,0.30323645371149666,0.12991511124212268,0.32825473965906127,329,0.9999999999964154,0.999999999996105,0.9999999999972561,0.9999999999976898,0.9999999999956798,0.9999999999966291,7.402458819080454e-13
7.14004487991333,0.21813729002515056,0.010994625091552735,0.0013960445481131123,0.04,squared_error,6,1000,0.2,"{'model__learning_rate': 0.04, 'model__loss': 'squared_error', 'model__max_depth': 6, 'model__n_estimators': 1000, 'model__subsample': 0.2}",0.21433531806327022,0.09607598078280077,-0.08929508184620727,0.2791638494525972,0.3801431556302709,0.17608464441654637,0.1615896642188516,190,0.9999795227022114,0.9999785861978271,0.9999782770748761,0.9999783691741745,0.999971279709476,0.999977206971713,2.9964360624730763e-06
14.375316095352172,0.32919569515872465,0.01064438819885254,0.000501856201113557,0.04,squared_error,6,1000,0.4,"{'model__learning_rate': 0.04, 'model__loss': 'squared_error', 'model__max_depth': 6, 'model__n_estimators': 1000, 'model__subsample': 0.4}",0.3886816281858001,0.14069452893702417,-0.4154802428387634,0.37655153803476915,0.32975173251341794,0.16403983696644958,0.3031415893879913,222,0.999999999974747,0.9999999999430773,0.9999999999478965,0.9999999998947615,0.9999999999661046,0.9999999999453173,2.780565770104134e-11
20.385244369506836,0.6964672688436803,0.011447477340698241,0.0011981720832339436,0.04,squared_error,6,1000,0.6000000000000001,"{'model__learning_rate': 0.04, 'model__loss': 'squared_error', 'model__max_depth': 6, 'model__n_estimators': 1000, 'model__subsample': 0.6000000000000001}",0.3571144442583438,0.02400300105290354,-0.4435662995684535,0.3715954249759419,0.27111577038958923,0.116052468221665,0.3063018042342,388,0.9999999999999996,0.9999999999999996,0.9999999999999996,0.9999999999999994,0.9999999999999996,0.9999999999999997,1.4043333874306804e-16
20.424572896957397,0.6450711061075879,0.010476922988891602,0.001450978526855728,0.04,squared_error,6,1000,0.8,"{'model__learning_rate': 0.04, 'model__loss': 'squared_error', 'model__max_depth': 6, 'model__n_estimators': 1000, 'model__subsample': 0.8}",0.44182160369104084,-0.07838554533737496,-0.41456346333196015,0.39746648894763337,0.30323616927713437,0.1299150506492947,0.3282546787492712,330,0.9999999999999996,0.9999999999999996,0.9999999999999996,0.9999999999999996,0.9999999999999996,0.9999999999999997,1.1102230246251565e-16
1.5769765377044678,0.06623464253822905,0.008726024627685547,0.00120319048046686,0.04,squared_error,9,200,0.2,"{'model__learning_rate': 0.04, 'model__loss': 'squared_error', 'model__max_depth': 9, 'model__n_estimators': 200, 'model__subsample': 0.2}",0.26601698003447005,0.029923470708436373,-0.381876595634832,0.21433056079898605,0.2958941787503758,0.08485771893148726,0.2509888340381054,476,0.927313736108424,0.9368789144012363,0.9445913119731627,0.9409755164711231,0.927103410813751,0.9353725779535396,0.00709888841327121
3.646200656890869,0.1654543810580778,0.008627939224243163,0.0004444606646148907,0.04,squared_error,9,200,0.4,"{'model__learning_rate': 0.04, 'model__loss': 'squared_error', 'model__max_depth': 9, 'model__n_estimators': 200, 'model__subsample': 0.4}",0.39174901358925507,0.17181418366106083,-0.2931048062161068,0.32150219057304685,0.2713553359992803,0.17266318352130725,0.2436523478164081,200,0.9970392784532917,0.9971466609843492,0.9977509818148731,0.9973566096735845,0.9973181549881749,0.9973223371828548,0.0002432746127463894
5.780310487747192,0.14157377340167618,0.008909463882446289,0.0008789344427517687,0.04,squared_error,9,200,0.6000000000000001,"{'model__learning_rate': 0.04, 'model__loss': 'squared_error', 'model__max_depth': 9, 'model__n_estimators': 200, 'model__subsample': 0.6000000000000001}",0.40204023778447784,0.11784197074315272,-0.43134646131742493,0.3486893041856809,0.3377032684886766,0.15498566397691263,0.3089038040449167,246,0.9999109885372264,0.999897746344568,0.9999154800029264,0.9999062181140589,0.9998978510171473,0.9999056568031854,7.053273880152217e-06
7.742047834396362,0.2078030817542625,0.008361911773681641,0.0011307533990110353,0.04,squared_error,9,200,0.8,"{'model__learning_rate': 0.04, 'model__loss': 'squared_error', 'model__max_depth': 9, 'model__n_estimators': 200, 'model__subsample': 0.8}",0.3695058372810167,-0.13132832663744942,-0.5382284935204851,0.38341124371770485,0.36980641159744554,0.09063333448764652,0.3704485285881042,456,0.9999967194202769,0.9999972240673874,0.9999971026873083,0.9999963587569209,0.9999968074537514,0.999996842477129,3.0452432687219755e-07
3.8811594009399415,0.15060726773666114,0.010898399353027343,0.0009199178171810235,0.04,squared_error,9,500,0.2,"{'model__learning_rate': 0.04, 'model__loss': 'squared_error', 'model__max_depth': 9, 'model__n_estimators': 500, 'model__subsample': 0.2}",0.25410051584676785,0.07019425159396431,-0.5087838901038011,0.1953042377324885,0.3121753688590765,0.06459809678569921,0.29768707986625254,510,0.9970350381926144,0.9965647854462216,0.9976864294842845,0.9965133227351577,0.9966570839542107,0.9968913319624978,0.00043754480510196643
9.124832963943481,0.3228811382753305,0.011728906631469726,0.003486586368654983,0.04,squared_error,9,500,0.4,"{'model__learning_rate': 0.04, 'model__loss': 'squared_error', 'model__max_depth': 9, 'model__n_estimators': 500, 'model__subsample': 0.4}",0.3815097663251973,0.17947396624440137,-0.31070906042721225,0.32577801096184533,0.2710435345431921,0.16941924352948476,0.24915145443925177,207,0.9999982193431646,0.9999978090548453,0.9999987009238507,0.9999973834047436,0.9999984855658164,0.9999981196584841,4.733368416944238e-07
14.810096311569215,0.29569880385147074,0.010962200164794923,0.001401266513884358,0.04,squared_error,9,500,0.6000000000000001,"{'model__learning_rate': 0.04, 'model__loss': 'squared_error', 'model__max_depth': 9, 'model__n_estimators': 500, 'model__subsample': 0.6000000000000001}",0.40200890904497,0.1183610616465498,-0.4338395845469345,0.34835393495183054,0.3379463271021492,0.154566129639713,0.30981995766081183,247,0.999999999561066,0.9999999994983098,0.9999999995202672,0.9999999995383526,0.9999999995346145,0.999999999530522,2.075472352011441e-11
19.88488883972168,0.3980499781698028,0.010715913772583009,0.001809821513226325,0.04,squared_error,9,500,0.8,"{'model__learning_rate': 0.04, 'model__loss': 'squared_error', 'model__max_depth': 9, 'model__n_estimators': 500, 'model__subsample': 0.8}",0.3694736955114384,-0.13118685036956879,-0.5387924946857181,0.3833787124156315,0.36977790448048464,0.09053019347045352,0.3706088260797046,457,0.9999999999999158,0.9999999999999432,0.9999999999999118,0.9999999999998951,0.9999999999999513,0.9999999999999234,2.0779270586140966e-14
7.682613325119019,0.19537267675591255,0.012038373947143554,0.0008200671814460121,0.04,squared_error,9,1000,0.2,"{'model__learning_rate': 0.04, 'model__loss': 'squared_error', 'model__max_depth': 9, 'model__n_estimators': 1000, 'model__subsample': 0.2}",0.2528490440543716,0.07233228606491615,-0.5041529138612144,0.18437481963733482,0.31361075116882187,0.063802797412846,0.29506831474009154,512,0.9999836577906205,0.9999602427400353,0.9999791538145374,0.9999701276424225,0.9999724980467658,0.9999731360068763,8.032627488298757e-06
18.343574380874635,0.36434977484298375,0.012759780883789063,0.001517035095066182,0.04,squared_error,9,1000,0.4,"{'model__learning_rate': 0.04, 'model__loss': 'squared_error', 'model__max_depth': 9, 'model__n_estimators': 1000, 'model__subsample': 0.4}",0.3814515391570429,0.17950650280156732,-0.3109461390853754,0.32573385563450286,0.2710647673029155,0.16936210516213063,0.2492293731245126,208,0.9999999999856639,0.9999999999811917,0.9999999999892134,0.9999999998984352,0.9999999999875698,0.9999999999684148,3.509249764350198e-11
25.39449076652527,0.5067705586574065,0.012596893310546874,0.0015779209209299586,0.04,squared_error,9,1000,0.6000000000000001,"{'model__learning_rate': 0.04, 'model__loss': 'squared_error', 'model__max_depth': 9, 'model__n_estimators': 1000, 'model__subsample': 0.6000000000000001}",0.40200871638898217,0.11836091574775043,-0.4338479702504554,0.34835159537750293,0.33794686864462253,0.15456402518168053,0.30982288693598625,248,0.9999999999999996,0.9999999999999996,0.9999999999999996,0.9999999999999996,0.9999999999999996,0.9999999999999997,1.1102230246251565e-16
24.180494785308838,0.9911521567509645,0.011718845367431641,0.0016177869071448494,0.04,squared_error,9,1000,0.8,"{'model__learning_rate': 0.04, 'model__loss': 'squared_error', 'model__max_depth': 9, 'model__n_estimators': 1000, 'model__subsample': 0.8}",0.36947366794119896,-0.13118683327641367,-0.5387926113944257,0.383378679930382,0.36977791107223945,0.09053016285459621,0.3706088553798882,458,0.9999999999999996,0.9999999999999996,0.9999999999999996,0.9999999999999996,0.9999999999999996,0.9999999999999997,1.1102230246251565e-16
1.515479564666748,0.01280093122937616,0.008156442642211914,0.00024627107109133383,0.04,squared_error,12,200,0.2,"{'model__learning_rate': 0.04, 'model__loss': 'squared_error', 'model__max_depth': 12, 'model__n_estimators': 200, 'model__subsample': 0.2}",0.27152338862764014,0.13037282455247334,-0.4137562393069154,0.2341757463508719,0.36737508929365326,0.11793816190354464,0.2764676964007195,374,0.9358770416411634,0.9434698506556477,0.9441895365408894,0.9341848871136639,0.9315284072533335,0.9378499446409396,0.005080562900697715
3.7941072940826417,0.11420764360664247,0.008762311935424805,0.0010631357441006455,0.04,squared_error,12,200,0.4,"{'model__learning_rate': 0.04, 'model__loss': 'squared_error', 'model__max_depth': 12, 'model__n_estimators': 200, 'model__subsample': 0.4}",0.34216448391536247,0.11084269684302095,-0.38535182188683703,0.3183549261165135,0.25400295860061517,0.128002648717735,0.2689991210746764,338,0.997099691279162,0.9971699068150678,0.9976151906167486,0.9973974880455226,0.9974244318688668,0.9973413417250736,0.00018592173791419098
6.255748510360718,0.10304188314311034,0.00865635871887207,0.0009223251572611067,0.04,squared_error,12,200,0.6000000000000001,"{'model__learning_rate': 0.04, 'model__loss': 'squared_error', 'model__max_depth': 12, 'model__n_estimators': 200, 'model__subsample': 0.6000000000000001}",0.37207410483482517,0.1339472215035289,-0.3990748996084965,0.3100074728522694,0.30692496520501755,0.14477577295742888,0.28324873113499743,285,0.9999176436328303,0.9999091907203664,0.9999171943715114,0.9999129250429543,0.9999040987321961,0.9999122104999717,5.0948665373483035e-06
9.266585779190063,0.33325754722546463,0.010109949111938476,0.0007710202265389586,0.04,squared_error,12,200,0.8,"{'model__learning_rate': 0.04, 'model__loss': 'squared_error', 'model__max_depth': 12, 'model__n_estimators': 200, 'model__subsample': 0.8}",0.4595401022709118,-0.08189601647372502,-0.5279267799757843,0.4083536072999585,0.333524908848559,0.118319164393984,0.375389173586,365,0.9999974308536813,0.9999977284760023,0.9999976964808972,0.9999975188347762,0.9999975839883246,0.9999975917267363,1.10387550632046e-07
3.8530413150787353,0.13662134930462555,0.00976095199584961,0.0017511050003075766,0.04,squared_error,12,500,0.2,"{'model__learning_rate': 0.04, 'model__loss': 'squared_error', 'model__max_depth': 12, 'model__n_estimators': 500, 'model__subsample': 0.2}",0.2522947595401729,0.13755484942970786,-0.45820336120979865,0.23721501826636782,0.3541958433245963,0.10461142187020925,0.28966608876705646,420,0.9968929059354557,0.9975441381499769,0.9973673807191578,0.9964709847842573,0.9966496004927886,0.9969850020163273,0.00041086160037165283
9.724925422668457,0.245003912204141,0.010497570037841797,0.0014912963008328684,0.04,squared_error,12,500,0.4,"{'model__learning_rate': 0.04, 'model__loss': 'squared_error', 'model__max_depth': 12, 'model__n_estimators': 500, 'model__subsample': 0.4}",0.33508453633280066,0.11380116676864982,-0.41270011919575644,0.32306462547272585,0.25361240246047223,0.12257252236777842,0.2789708325782726,354,0.999998331735963,0.9999973969393545,0.999998410674316,0.9999980898148901,0.999998529892742,0.9999981518114531,4.039811211153324e-07
16.463878870010376,0.6033380011586983,0.011030054092407227,0.0008294451622893321,0.04,squared_error,12,500,0.6000000000000001,"{'model__learning_rate': 0.04, 'model__loss': 'squared_error', 'model__max_depth': 12, 'model__n_estimators': 500, 'model__subsample': 0.6000000000000001}",0.3715424497505061,0.13508208533966404,-0.4020391178914564,0.30944411698840646,0.3070853437302907,0.14422297558348218,0.28424712857060735,287,0.9999999996403376,0.9999999995411598,0.9999999996741429,0.9999999994868563,0.9999999996694725,0.9999999996023938,7.508094457728812e-11
23.951274871826172,0.44285097202209667,0.011851358413696288,0.0007658264463351224,0.04,squared_error,12,500,0.8,"{'model__learning_rate': 0.04, 'model__loss': 'squared_error', 'model__max_depth': 12, 'model__n_estimators': 500, 'model__subsample': 0.8}",0.45973038122555965,-0.08184553268350259,-0.5292262288392799,0.4082774889600209,0.3334985847450842,0.11808693868157645,0.3758511153411767,366,0.9999999999999503,0.9999999999999696,0.9999999999999614,0.9999999999999574,0.9999999999999695,0.9999999999999616,7.377262831786825e-15
7.870424413681031,0.25356857085116813,0.01207594871520996,0.0007442410972018257,0.04,squared_error,12,1000,0.2,"{'model__learning_rate': 0.04, 'model__loss': 'squared_error', 'model__max_depth': 12, 'model__n_estimators': 1000, 'model__subsample': 0.2}",0.24064108942952267,0.14066988342036757,-0.45301655533003804,0.23502054999680455,0.36803827177761284,0.10627064785885391,0.28883896027321887,418,0.9999794156126762,0.999976441618686,0.9999821951834555,0.9999732822314312,0.9999700604496791,0.9999762790191855,4.301557869989307e-06
20.01775665283203,0.8505948820382048,0.014217662811279296,0.0015255659453001088,0.04,squared_error,12,1000,0.4,"{'model__learning_rate': 0.04, 'model__loss': 'squared_error', 'model__max_depth': 12, 'model__n_estimators': 1000, 'model__subsample': 0.4}",0.3348547125595458,0.11377017233479303,-0.4129395378516074,0.32293513845276267,0.25369508693424525,0.12246311448594786,0.2790170680412261,355,0.9999999999854526,0.9999999999806801,0.9999999999872367,0.9999999999461379,0.9999999999844692,0.9999999999767952,1.5477922260360833e-11
28.56201329231262,1.736019926281674,0.014641237258911134,0.00221313387188391,0.04,squared_error,12,1000,0.6000000000000001,"{'model__learning_rate': 0.04, 'model__loss': 'squared_error', 'model__max_depth': 12, 'model__n_estimators': 1000, 'model__subsample': 0.6000000000000001}",0.3715459459707333,0.13508199905673746,-0.4020498742345495,0.3094421305320548,0.3070845023859804,0.1442209407421913,0.2842514952711833,288,0.9999999999999996,0.9999999999999996,0.9999999999999996,0.9999999999999996,0.9999999999999996,0.9999999999999997,1.1102230246251565e-16
28.91361927986145,0.7087044735300708,0.01369938850402832,0.0009229684546079997,0.04,squared_error,12,1000,0.8,"{'model__learning_rate': 0.04, 'model__loss': 'squared_error', 'model__max_depth': 12, 'model__n_estimators': 1000, 'model__subsample': 0.8}",0.4597303614948446,-0.08184551710086385,-0.5292262875764759,0.40827746140512966,0.33349857336511723,0.11808691831755033,0.3758511247690962,367,0.9999999999999996,0.9999999999999996,0.9999999999999996,0.9999999999999996,0.9999999999999996,0.9999999999999997,1.1102230246251565e-16
1.0938350200653075,0.011728124823300115,0.00797410011291504,0.0005651461325730048,0.04,absolute_error,6,200,0.2,"{'model__learning_rate': 0.04, 'model__loss': 'absolute_error', 'model__max_depth': 6, 'model__n_estimators': 200, 'model__subsample': 0.2}",0.35236647492769646,0.021577054052455913,-0.016593273248472817,0.2643382367597714,0.3307118882481789,0.19048007614792598,0.15667469357046437,155,0.7135188227851789,0.7457922101400196,0.7384480558821925,0.7717100076571882,0.7480005251143169,0.7434939243157792,0.018685322730076087
2.6337018966674806,0.16658117887800564,0.007823944091796875,0.0011258340192890457,0.04,absolute_error,6,200,0.4,"{'model__learning_rate': 0.04, 'model__loss': 'absolute_error', 'model__max_depth': 6, 'model__n_estimators': 200, 'model__subsample': 0.4}",0.40010698358718566,0.1246605811439283,0.06541450292879858,0.2684041932107414,0.3049105394262557,0.2326993600593819,0.12179589740700632,29,0.869572165430433,0.8591770405059924,0.8874019945762694,0.8529142353320783,0.8493377848850646,0.8636806441459676,0.013706408030949259
4.172333478927612,0.36258571251024047,0.0069602012634277345,0.001170985596737336,0.04,absolute_error,6,200,0.6000000000000001,"{'model__learning_rate': 0.04, 'model__loss': 'absolute_error', 'model__max_depth': 6, 'model__n_estimators': 200, 'model__subsample': 0.6000000000000001}",0.3912812027522322,0.050864034390531,-0.09051107728920571,0.3643883488487163,0.39607750595923796,0.22242000293230238,0.2030681440873108,51,0.9086318887655828,0.9171558935486974,0.9033801463784519,0.9177378430744623,0.9202245662875888,0.9134260676109566,0.006365960691691743
6.162582063674927,0.4125554535371631,0.008666086196899413,0.0007386130221105221,0.04,absolute_error,6,200,0.8,"{'model__learning_rate': 0.04, 'model__loss': 'absolute_error', 'model__max_depth': 6, 'model__n_estimators': 200, 'model__subsample': 0.8}",0.4016307000593824,0.031933193742124666,-0.0031142441373732677,0.30379412616914003,0.3294485607995704,0.21273846732656887,0.1654542804008409,75,0.8935499321364603,0.9089113125286526,0.9296934365951077,0.9255694454089491,0.9207095287511788,0.9156867310840697,0.013076914791745097
3.0731911182403566,0.22432143716218875,0.009375619888305663,0.0027381706972850065,0.04,absolute_error,6,500,0.2,"{'model__learning_rate': 0.04, 'model__loss': 'absolute_error', 'model__max_depth': 6, 'model__n_estimators': 500, 'model__subsample': 0.2}",0.34995818629773,0.09721394230442948,-0.014592703662341888,0.2820621885916429,0.31801578486532067,0.20653147967935626,0.14110356969207713,101,0.8788648802178186,0.8932996052013313,0.8870648967866254,0.9115609972557068,0.8855098118954703,0.8912600382713904,0.01114085299758646
6.746353578567505,0.5426295501998213,0.009106636047363281,0.0009197907347103803,0.04,absolute_error,6,500,0.4,"{'model__learning_rate': 0.04, 'model__loss': 'absolute_error', 'model__max_depth': 6, 'model__n_estimators': 500, 'model__subsample': 0.4}",0.39972976915934877,0.1298439802055833,-0.007551852929455594,0.2726471772595297,0.3851354789590684,0.23596091053081492,0.15554963320975496,25,0.9464998170168306,0.9555103998865303,0.9649399166094351,0.9640196886149781,0.9713015747145674,0.9604542793684683,0.008598440146135219
10.579643154144287,0.7578359505128724,0.00945744514465332,0.0006311785339013813,0.04,absolute_error,6,500,0.6000000000000001,"{'model__learning_rate': 0.04, 'model__loss': 'absolute_error', 'model__max_depth': 6, 'model__n_estimators': 500, 'model__subsample': 0.6000000000000001}",0.3993138172756734,0.02480176772827114,-0.11188619169269143,0.3891031788979209,0.4088254868683645,0.22203161181550773,0.22119428182295847,53,0.9673597241659487,0.9736589755488038,0.9719633945024968,0.9769281074882473,0.9701304738587844,0.9720081351128563,0.003226971960155787
14.921072864532471,0.9037089197241774,0.00858898162841797,0.0012622483166629657,0.04,absolute_error,6,500,0.8,"{'model__learning_rate': 0.04, 'model__loss': 'absolute_error', 'model__max_depth': 6, 'model__n_estimators': 500, 'model__subsample': 0.8}",0.44034990592836876,0.047284930811460346,-0.07786002957770966,0.31859096409983356,0.354421367031846,0.2165574276587598,0.19740070870323573,68,0.9769108811882549,0.9729015141662882,0.9838190065304192,0.986565116642639,0.9800029129927766,0.9800398863040755,0.00484992324629138
6.86430401802063,0.06489799711199715,0.009950399398803711,0.000758691120536052,0.04,absolute_error,6,1000,0.2,"{'model__learning_rate': 0.04, 'model__loss': 'absolute_error', 'model__max_depth': 6, 'model__n_estimators': 1000, 'model__subsample': 0.2}",0.36512577390007395,0.10936922434112428,-0.12372595497868288,0.2812539782688752,0.32562030893429306,0.19152866609313673,0.18016814709595383,151,0.9486114475570597,0.967259731263475,0.9529311091762732,0.9683363364415813,0.9464936154067158,0.9567264479690211,0.009281252693387391
13.025832796096802,0.8198660804420438,0.009653139114379882,0.0007425263520093209,0.04,absolute_error,6,1000,0.4,"{'model__learning_rate': 0.04, 'model__loss': 'absolute_error', 'model__max_depth': 6, 'model__n_estimators': 1000, 'model__subsample': 0.4}",0.40472502052172543,0.15092248123714735,-0.03672593411323999,0.28043094070873753,0.39053460777026516,0.23797742322492707,0.16487647155659307,23,0.9799258149740192,0.9860783336998024,0.9846463680640162,0.987011023313668,0.9894217960440205,0.9854166672191053,0.0031547947621933057
23.102692985534667,1.3022009297477795,0.011604785919189453,0.0013293999081066808,0.04,absolute_error,6,1000,0.6000000000000001,"{'model__learning_rate': 0.04, 'model__loss': 'absolute_error', 'model__max_depth': 6, 'model__n_estimators': 1000, 'model__subsample': 0.6000000000000001}",0.3896982922326502,0.03935253572895836,-0.14250338595458545,0.3893339196226824,0.40989315462017384,0.21715490324997586,0.22695049468620757,65,0.9909791313854058,0.9903662243299692,0.9917414864064941,0.9949342670941835,0.9858677763176328,0.9907777771067371,0.0029162706188825853
31.41542763710022,1.4123852751456993,0.010990762710571289,0.0013019355166774623,0.04,absolute_error,6,1000,0.8,"{'model__learning_rate': 0.04, 'model__loss': 'absolute_error', 'model__max_depth': 6, 'model__n_estimators': 1000, 'model__subsample': 0.8}",0.4273763297421146,0.06809570352906213,-0.07754981656454585,0.3145116835334556,0.3531946285391554,0.21712570575584839,0.1903931250440717,66,0.9926525405999619,0.9929640345236633,0.994942344126295,0.9971615907554516,0.992157998199991,0.9939757016410725,0.0018527038856890326
1.1394034385681153,0.01706417905279378,0.008284187316894532,0.0014695899241960006,0.04,absolute_error,9,200,0.2,"{'model__learning_rate': 0.04, 'model__loss': 'absolute_error', 'model__max_depth': 9, 'model__n_estimators': 200, 'model__subsample': 0.2}",0.35236647492769646,0.021577054052455913,-0.016593273248472817,0.2643382367597714,0.3307118882481789,0.19048007614792598,0.15667469357046437,155,0.7135188227851789,0.7457922101400196,0.7384480558821925,0.7717100076571882,0.7480005251143169,0.7434939243157792,0.018685322730076087
2.4938759326934816,0.031051483642111296,0.008876562118530273,0.003246359419881746,0.04,absolute_error,9,200,0.4,"{'model__learning_rate': 0.04, 'model__loss': 'absolute_error', 'model__max_depth': 9, 'model__n_estimators': 200, 'model__subsample': 0.4}",0.3552212286820161,0.13900588579273632,-0.020564823055844617,0.2609575368269407,0.28154847900763513,0.2032336614506967,0.13173947461844338,110,0.8526685844522894,0.8482890263287814,0.866540699666307,0.8574291630026347,0.8617369252438057,0.8573328797387637,0.006445708186322422
4.46706805229187,0.19636076689485524,0.007854270935058593,0.0005959533122730993,0.04,absolute_error,9,200,0.6000000000000001,"{'model__learning_rate': 0.04, 'model__loss': 'absolute_error', 'model__max_depth': 9, 'model__n_estimators': 200, 'model__subsample': 0.6000000000000001}",0.44648665864922166,0.0744094228051364,-0.1069922328337638,0.2781947484409675,0.35619387780243494,0.20965849497279931,0.20040828850796913,90,0.8813240680264893,0.8980826606379111,0.9142252355065684,0.920784485016038,0.9119109192731232,0.905265473692026,0.014071692860715981
6.317641639709473,0.3228158633073134,0.00787491798400879,0.0009631896063804446,0.04,absolute_error,9,200,0.8,"{'model__learning_rate': 0.04, 'model__loss': 'absolute_error', 'model__max_depth': 9, 'model__n_estimators': 200, 'model__subsample': 0.8}",0.48880810523357665,0.07273636408828843,-0.03004672089350957,0.33642379235480246,0.30927452226711427,0.23543921261005446,0.18804272485422177,26,0.9488659851105578,0.9404735468433661,0.9384948256790407,0.9484803922427696,0.9416353975918653,0.9435900294935198,0.004271896707153868
2.912350606918335,0.2269634966759535,0.008063316345214844,0.001023238890362193,0.04,absolute_error,9,500,0.2,"{'model__learning_rate': 0.04, 'model__loss': 'absolute_error', 'model__max_depth': 9, 'model__n_estimators': 500, 'model__subsample': 0.2}",0.34995818629773,0.09721394230442948,-0.014592703662341888,0.2820621885916429,0.31801578486532067,0.20653147967935626,0.14110356969207713,101,0.8788648802178186,0.8932996052013313,0.8870648967866254,0.9115609972557068,0.8855098118954703,0.8912600382713904,0.01114085299758646
6.214734649658203,0.04560411072560738,0.008665227890014648,0.0007395604530110231,0.04,absolute_error,9,500,0.4,"{'model__learning_rate': 0.04, 'model__loss': 'absolute_error', 'model__max_depth': 9, 'model__n_estimators': 500, 'model__subsample': 0.4}",0.37348725043415243,0.18013031443808303,-0.10629572020598932,0.2628447867675817,0.3017647848519479,0.20238628325715516,0.16648529400817755,114,0.9557015050339089,0.9584123509172743,0.9525250319800813,0.9652343443073018,0.9632907774812135,0.959032801943956,0.004699426599966535
11.886278533935547,0.6736193513694636,0.009998035430908204,0.0009993424498032579,0.04,absolute_error,9,500,0.6000000000000001,"{'model__learning_rate': 0.04, 'model__loss': 'absolute_error', 'model__max_depth': 9, 'model__n_estimators': 500, 'model__subsample': 0.6000000000000001}",0.4956868497410557,0.07871501684674698,-0.19991026135193057,0.29335223630521334,0.37965272931796046,0.2094993141718092,0.2460111931228931,91,0.9658876306114189,0.9721370366399452,0.9786964166023013,0.9831917382186893,0.9615176828214933,0.9722861009787696,0.00796174029758508
16.134267330169678,0.8216601661286106,0.012129783630371094,0.005223113667048937,0.04,absolute_error,9,500,0.8,"{'model__learning_rate': 0.04, 'model__loss': 'absolute_error', 'model__max_depth': 9, 'model__n_estimators': 500, 'model__subsample': 0.8}",0.5154201665484033,0.07749589011362523,-0.09998591023322612,0.32883864113764294,0.33986627990038043,0.23232701349336518,0.21699100324174617,30,0.9811504007273109,0.9822408485473464,0.9849529234652407,0.9925100071107961,0.9792572880895021,0.9840222935880393,0.004626747134874138
5.650249338150024,0.04362557642908256,0.008951902389526367,0.0009297924522205398,0.04,absolute_error,9,1000,0.2,"{'model__learning_rate': 0.04, 'model__loss': 'absolute_error', 'model__max_depth': 9, 'model__n_estimators': 1000, 'model__subsample': 0.2}",0.36512577390007395,0.10936922434112428,-0.12372595497868288,0.2812539782688752,0.32562030893429306,0.19152866609313673,0.18016814709595383,151,0.9486114475570597,0.967259731263475,0.9529311091762732,0.9683363364415813,0.9464936154067158,0.9567264479690211,0.009281252693387391
14.577063035964965,0.1490560153074579,0.011001348495483398,0.0015637980853483288,0.04,absolute_error,9,1000,0.4,"{'model__learning_rate': 0.04, 'model__loss': 'absolute_error', 'model__max_depth': 9, 'model__n_estimators': 1000, 'model__subsample': 0.4}",0.40157788784553217,0.16811061491891888,-0.12683309708467871,0.25541705612152654,0.3046323162235455,0.20058095560496886,0.18027076039085438,120,0.9850491939769819,0.982022452698258,0.9816960159177487,0.9899114804698816,0.987275150333621,0.9851908586792983,0.0031273417806993633
23.13385992050171,1.086639572860974,0.010089349746704102,0.00024724544180873017,0.04,absolute_error,9,1000,0.6000000000000001,"{'model__learning_rate': 0.04, 'model__loss': 'absolute_error', 'model__max_depth': 9, 'model__n_estimators': 1000, 'model__subsample': 0.6000000000000001}",0.4878920644311596,0.10423462245510495,-0.1880700807474669,0.2915982548734627,0.3897950891330102,0.2170899900290541,0.2389992942370341,67,0.990337584069735,0.9899421388377523,0.9918492287171302,0.9946858831999746,0.9870185219026266,0.9907666713454437,0.0025077777419776903
34.298699903488156,1.869196886882486,0.0120880126953125,0.0006643075382153613,0.04,absolute_error,9,1000,0.8,"{'model__learning_rate': 0.04, 'model__loss': 'absolute_error', 'model__max_depth': 9, 'model__n_estimators': 1000, 'model__subsample': 0.8}",0.5157599477363508,0.08828835400758828,-0.14671826811847644,0.33036725375322107,0.35409814142762663,0.22835908576126207,0.23199916517453467,39,0.9951061141558214,0.9938885163243464,0.9978293521668756,0.9979878563989403,0.995382093398576,0.996038786488912,0.0016080910569807774
1.2954037189483643,0.06485954373517785,0.011109733581542968,0.004081627830098457,0.04,absolute_error,12,200,0.2,"{'model__learning_rate': 0.04, 'model__loss': 'absolute_error', 'model__max_depth': 12, 'model__n_estimators': 200, 'model__subsample': 0.2}",0.35236647492769646,0.021577054052455913,-0.016593273248472817,0.2643382367597714,0.3307118882481789,0.19048007614792598,0.15667469357046437,155,0.7135188227851789,0.7457922101400196,0.7384480558821925,0.7717100076571882,0.7480005251143169,0.7434939243157792,0.018685322730076087
2.6594089031219483,0.20580635866971855,0.008890962600708008,0.00039955825842557537,0.04,absolute_error,12,200,0.4,"{'model__learning_rate': 0.04, 'model__loss': 'absolute_error', 'model__max_depth': 12, 'model__n_estimators': 200, 'model__subsample': 0.4}",0.3552212286820161,0.13900588579273632,-0.020564823055844617,0.2609575368269407,0.28154847900763513,0.2032336614506967,0.13173947461844338,110,0.8526685844522894,0.8482890263287814,0.866540699666307,0.8574291630026347,0.8617369252438057,0.8573328797387637,0.006445708186322422
4.380902528762817,0.3572220548088575,0.00857686996459961,0.0013029539792290675,0.04,absolute_error,12,200,0.6000000000000001,"{'model__learning_rate': 0.04, 'model__loss': 'absolute_error', 'model__max_depth': 12, 'model__n_estimators': 200, 'model__subsample': 0.6000000000000001}",0.45707548828814115,0.0744094228051364,-0.06648118539050651,0.2781947484409675,0.3364983796256107,0.21593937075386985,0.18780251891275132,69,0.88616078896764,0.8980826606379111,0.9135801501021371,0.920784485016038,0.9122795325343298,0.9061775234516112,0.012422505268195534
6.444064140319824,0.41532675750708425,0.008825159072875977,0.0014786612299008532,0.04,absolute_error,12,200,0.8,"{'model__learning_rate': 0.04, 'model__loss': 'absolute_error', 'model__max_depth': 12, 'model__n_estimators': 200, 'model__subsample': 0.8}",0.43149083522812426,0.15228828238055492,-0.016467799227908975,0.31545139533017463,0.3525258556616919,0.24705771387452735,0.16015226632734092,11,0.9438655504137684,0.9467244149070693,0.9299133169554236,0.9537479195420643,0.9466475077254437,0.9441797419087539,0.007845315153153338
3.1360405921936034,0.2735865536742371,0.008451366424560547,0.001436154643903332,0.04,absolute_error,12,500,0.2,"{'model__learning_rate': 0.04, 'model__loss': 'absolute_error', 'model__max_depth': 12, 'model__n_estimators': 500, 'model__subsample': 0.2}",0.34995818629773,0.09721394230442948,-0.014592703662341888,0.2820621885916429,0.31801578486532067,0.20653147967935626,0.14110356969207713,101,0.8788648802178186,0.8932996052013313,0.8870648967866254,0.9115609972557068,0.8855098118954703,0.8912600382713904,0.01114085299758646
6.393792724609375,0.4749930845579458,0.009090757369995118,0.0011051704573108831,0.04,absolute_error,12,500,0.4,"{'model__learning_rate': 0.04, 'model__loss': 'absolute_error', 'model__max_depth': 12, 'model__n_estimators': 500, 'model__subsample': 0.4}",0.37348725043415243,0.18013031443808303,-0.10629572020598932,0.2628447867675817,0.3017647848519479,0.20238628325715516,0.16648529400817755,114,0.9557015050339089,0.9584123509172743,0.9525250319800813,0.9652343443073018,0.9632907774812135,0.959032801943956,0.004699426599966535
11.348669719696044,0.8350116432983623,0.009261035919189453,0.0009595984351341912,0.04,absolute_error,12,500,0.6000000000000001,"{'model__learning_rate': 0.04, 'model__loss': 'absolute_error', 'model__max_depth': 12, 'model__n_estimators': 500, 'model__subsample': 0.6000000000000001}",0.4720530329467788,0.08186029020083596,-0.15603232873759154,0.29335223630521334,0.3739168448728625,0.2130300151176198,0.22487403823348437,73,0.972638815554317,0.9746101530544133,0.9765024565744147,0.9831917382186893,0.9763856098185131,0.9766657546440694,0.003553458746827396
16.41932029724121,1.2444786730551942,0.010152006149291992,0.0007314353839769178,0.04,absolute_error,12,500,0.8,"{'model__learning_rate': 0.04, 'model__loss': 'absolute_error', 'model__max_depth': 12, 'model__n_estimators': 500, 'model__subsample': 0.8}",0.44070307673240794,0.1230645710118744,-0.0810500690421947,0.30542028598724325,0.3566471161489615,0.22895699616765847,0.18671121565176863,36,0.9773188619409768,0.9901276961271007,0.9836853284527528,0.9922469217783085,0.9874143752017953,0.9861586367001868,0.0052660497261546365
5.957550048828125,0.4775832610520645,0.010270166397094726,0.0002545287519723327,0.04,absolute_error,12,1000,0.2,"{'model__learning_rate': 0.04, 'model__loss': 'absolute_error', 'model__max_depth': 12, 'model__n_estimators': 1000, 'model__subsample': 0.2}",0.36512577390007395,0.10936922434112428,-0.12372595497868288,0.2812539782688752,0.32562030893429306,0.19152866609313673,0.18016814709595383,151,0.9486114475570597,0.967259731263475,0.9529311091762732,0.9683363364415813,0.9464936154067158,0.9567264479690211,0.009281252693387391
13.358220672607422,1.0329955922360872,0.010481834411621094,0.00021000446560415738,0.04,absolute_error,12,1000,0.4,"{'model__learning_rate': 0.04, 'model__loss': 'absolute_error', 'model__max_depth': 12, 'model__n_estimators': 1000, 'model__subsample': 0.4}",0.40157788784553217,0.16811061491891888,-0.12683309708467871,0.25541705612152654,0.3046323162235455,0.20058095560496886,0.18027076039085438,120,0.9850491939769819,0.982022452698258,0.9816960159177487,0.9899114804698816,0.987275150333621,0.9851908586792983,0.0031273417806993633
22.82777581214905,1.3108393023980525,0.01618499755859375,0.009994936329816979,0.04,absolute_error,12,1000,0.6000000000000001,"{'model__learning_rate': 0.04, 'model__loss': 'absolute_error', 'model__max_depth': 12, 'model__n_estimators': 1000, 'model__subsample': 0.6000000000000001}",0.46334500442718995,0.08224166684958967,-0.1338351088709746,0.2997480576961564,0.37721282718418303,0.2177424894572289,0.2165380233446693,64,0.9921446982680905,0.9910847304549154,0.9937145059631545,0.9960069120351581,0.990183852603036,0.9926269398648708,0.0020584777910296953
32.97432088851929,1.9601395367486125,0.011249494552612305,0.0016351534495423908,0.04,absolute_error,12,1000,0.8,"{'model__learning_rate': 0.04, 'model__loss': 'absolute_error', 'model__max_depth': 12, 'model__n_estimators': 1000, 'model__subsample': 0.8}",0.4313373798026041,0.12759277839773675,-0.1046393856781096,0.3036712801498592,0.3595846883035627,0.22350934819513063,0.19236242052255734,48,0.991139506532591,0.9966180172432091,0.9957124324736167,0.998758577936177,0.994141363861675,0.9952739796094537,0.0025502074279973837
1.507883405685425,0.06364756208523147,0.009067296981811523,0.0007811250094223772,0.06,squared_error,6,200,0.2,"{'model__learning_rate': 0.06, 'model__loss': 'squared_error', 'model__max_depth': 6, 'model__n_estimators': 200, 'model__subsample': 0.2}",0.0696317365421717,0.12001120621423744,-0.3212348710555786,0.31913265786908185,0.34598598623364407,0.1067053431607113,0.2396100646577246,417,0.9650287081322648,0.9729381108754169,0.975806725531867,0.9773165270359211,0.9755511471784722,0.9733282437507883,0.004382352571256744
2.9937230587005614,0.12791986346710243,0.007813358306884765,0.0013483172528891408,0.06,squared_error,6,200,0.4,"{'model__learning_rate': 0.06, 'model__loss': 'squared_error', 'model__max_depth': 6, 'model__n_estimators': 200, 'model__subsample': 0.4}",0.22397892181882972,0.11905828045074662,-0.4339132892881803,0.37448347896983125,0.4138347940765762,0.1394884372055607,0.3055598685768156,299,0.9996851245425927,0.999644004514574,0.999603159861233,0.9996918071602505,0.9995589393015165,0.9996366070760334,5.0212977072032236e-05
4.4436756610870365,0.16581240662196534,0.008268022537231445,0.0014368226434437498,0.06,squared_error,6,200,0.6000000000000001,"{'model__learning_rate': 0.06, 'model__loss': 'squared_error', 'model__max_depth': 6, 'model__n_estimators': 200, 'model__subsample': 0.6000000000000001}",0.350522506166997,0.0824963478464299,-0.37805685511233,0.35509932925819443,0.3710791078251716,0.15622808719689257,0.28787421634907234,241,0.9999943321217682,0.9999958884366589,0.9999947958879393,0.9999956515620682,0.9999949363023508,0.9999951208621571,5.714184065511885e-07
5.879797697067261,0.20391096766699754,0.008007574081420898,0.0012146541115828462,0.06,squared_error,6,200,0.8,"{'model__learning_rate': 0.06, 'model__loss': 'squared_error', 'model__max_depth': 6, 'model__n_estimators': 200, 'model__subsample': 0.8}",0.42501109184532926,-0.08584891750780854,-0.41759472567349465,0.3966117202819015,0.3309120871993576,0.12981825122905705,0.3301301543627587,331,0.9999998932285359,0.9999999373743436,0.999999917099326,0.9999999096615967,0.9999999210140289,0.9999999156755661,1.4431910575242131e-08
3.651190757751465,0.16081228002525352,0.009637689590454102,0.0008144592454324255,0.06,squared_error,6,500,0.2,"{'model__learning_rate': 0.06, 'model__loss': 'squared_error', 'model__max_depth': 6, 'model__n_estimators': 500, 'model__subsample': 0.2}",0.0971969932812935,0.13174860159165025,-0.337231220606683,0.2980219626670354,0.3274857621036886,0.10344441980739696,0.23794542245744216,424,0.9996447694560642,0.9996280061944186,0.9996242335691201,0.9996182008742786,0.9995959960284022,0.9996222412244566,1.5810504614212306e-05
7.274887752532959,0.21637865845327067,0.008378982543945312,0.0002875472376730332,0.06,squared_error,6,500,0.4,"{'model__learning_rate': 0.06, 'model__loss': 'squared_error', 'model__max_depth': 6, 'model__n_estimators': 500, 'model__subsample': 0.4}",0.2221183021641172,0.1192369655385852,-0.4381393247303069,0.37302342476488126,0.41318749633861096,0.13788537281517754,0.30670134148850325,307,0.9999999882278714,0.9999999822586818,0.9999999857055331,0.999999992724573,0.999999974952408,0.9999999847738135,5.979951282750993e-09
11.309328174591064,0.4687152273729408,0.009616422653198241,0.0009782689429260365,0.06,squared_error,6,500,0.6000000000000001,"{'model__learning_rate': 0.06, 'model__loss': 'squared_error', 'model__max_depth': 6, 'model__n_estimators': 500, 'model__subsample': 0.6000000000000001}",0.35045432605203886,0.08254084321749278,-0.3788210057718766,0.3552486858618017,0.37105241948494716,0.15609505376888078,0.288163071061606,242,0.9999999999994259,0.9999999999997388,0.9999999999995661,0.9999999999996215,0.9999999999997291,0.9999999999996163,1.1534146489470986e-13
13.34378957748413,0.4919723136458663,0.009121894836425781,0.001320178136895641,0.06,squared_error,6,500,0.8,"{'model__learning_rate': 0.06, 'model__loss': 'squared_error', 'model__max_depth': 6, 'model__n_estimators': 500, 'model__subsample': 0.8}",0.42504023754393583,-0.08585515709976077,-0.4176684533671422,0.39662826269499574,0.330902818555983,0.12980954166560232,0.33016217743094267,332,0.9999999999999996,0.9999999999999996,0.9999999999999996,0.9999999999999996,0.9999999999999994,0.9999999999999994,9.930136612989092e-17
7.227722883224487,0.2576402067406706,0.010950422286987305,0.0020994910731244503,0.06,squared_error,6,1000,0.2,"{'model__learning_rate': 0.06, 'model__loss': 'squared_error', 'model__max_depth': 6, 'model__n_estimators': 1000, 'model__subsample': 0.2}",0.09557522002208307,0.132071392823509,-0.3260823394041801,0.2987791787143751,0.3293798393503349,0.10594465830122439,0.23432707510946618,419,0.9999997262415112,0.9999996457497871,0.9999995206455824,0.9999992428250829,0.9999996939888213,0.999999565890157,1.7602130481205417e-07
14.763936948776244,0.5497738909357837,0.010202360153198243,0.00020023603350466886,0.06,squared_error,6,1000,0.4,"{'model__learning_rate': 0.06, 'model__loss': 'squared_error', 'model__max_depth': 6, 'model__n_estimators': 1000, 'model__subsample': 0.4}",0.22210817260668214,0.1192241105390931,-0.4381456892271891,0.37302455735894313,0.4131759694036561,0.13787742413623708,0.30670143642120545,308,0.9999999999999992,0.999999999999998,0.9999999999999991,0.9999999999999991,0.9999999999999971,0.9999999999999986,8.308148362110449e-16
14.168134784698486,0.6217774657801047,0.010604143142700195,0.0010680565966961486,0.06,squared_error,6,1000,0.6000000000000001,"{'model__learning_rate': 0.06, 'model__loss': 'squared_error', 'model__max_depth': 6, 'model__n_estimators': 1000, 'model__subsample': 0.6000000000000001}",0.35045427972850696,0.08254085071597539,-0.37882106196396337,0.3552486114033635,0.37105232220060613,0.15609500041689772,0.288163060485959,243,0.9999999999999996,0.9999999999999996,0.9999999999999997,0.9999999999999996,0.9999999999999996,0.9999999999999997,9.930136612989092e-17
14.135063552856446,0.2326818559411725,0.010253238677978515,0.0008439291960554036,0.06,squared_error,6,1000,0.8,"{'model__learning_rate': 0.06, 'model__loss': 'squared_error', 'model__max_depth': 6, 'model__n_estimators': 1000, 'model__subsample': 0.8}",0.4250402378645941,-0.08585515767352181,-0.4176684529450163,0.39662826226971426,0.33090281869248106,0.12980954164165026,0.33016217737114134,333,0.9999999999999996,0.9999999999999996,0.9999999999999996,0.9999999999999996,0.9999999999999996,0.9999999999999997,1.1102230246251565e-16
1.5088871002197266,0.017791520439383292,0.007912540435791015,0.0010094806681522279,0.06,squared_error,9,200,0.2,"{'model__learning_rate': 0.06, 'model__loss': 'squared_error', 'model__max_depth': 9, 'model__n_estimators': 200, 'model__subsample': 0.2}",0.11930057457820109,0.030587647924060324,-0.15691925198214896,0.04040177255939037,0.36388703453744686,0.07945155552338994,0.16868622451037224,486,0.9763415019206719,0.973327219742635,0.980138944016409,0.9769878795454787,0.978088804068961,0.9769768698588311,0.0022342278427398563
3.6971216678619383,0.15464589507322982,0.009362506866455077,0.0011231053342161787,0.06,squared_error,9,200,0.4,"{'model__learning_rate': 0.06, 'model__loss': 'squared_error', 'model__max_depth': 9, 'model__n_estimators': 200, 'model__subsample': 0.4}",0.3291515450641388,0.16353033883637347,-0.4053662651478911,0.34324376605933105,0.30081481503110663,0.14627483996861176,0.283100304521057,276,0.9996661253036001,0.9996914250793796,0.9997515975786098,0.9997944157597035,0.9997406637507217,0.999728845494403,4.536716434740407e-05
5.878837728500367,0.25157236991287113,0.00806431770324707,7.31253374824234e-05,0.06,squared_error,9,200,0.6000000000000001,"{'model__learning_rate': 0.06, 'model__loss': 'squared_error', 'model__max_depth': 9, 'model__n_estimators': 200, 'model__subsample': 0.6000000000000001}",0.372631543199635,0.06189822363220454,-0.5425321164418839,0.2885500958200925,0.3984791556355973,0.11580538036912909,0.34986257848152996,393,0.9999984370190499,0.9999981911428815,0.9999981945028654,0.9999987510885439,0.9999979492557957,0.9999983046018273,2.713485673079289e-07
7.980591344833374,0.23283529954441637,0.008165359497070312,0.0002395857850240924,0.06,squared_error,9,200,0.8,"{'model__learning_rate': 0.06, 'model__loss': 'squared_error', 'model__max_depth': 9, 'model__n_estimators': 200, 'model__subsample': 0.8}",0.34744901576009957,-0.06202541472511047,-0.5471266415398655,0.35910812586383334,0.395549640522885,0.09859094517636839,0.36351968979205135,443,0.9999999906847307,0.999999991414601,0.999999991174298,0.99999998900318,0.9999999909785157,0.999999990651065,8.579793064750554e-10
4.003366851806641,0.11268825555995358,0.010015344619750977,0.0006723873920111203,0.06,squared_error,9,500,0.2,"{'model__learning_rate': 0.06, 'model__loss': 'squared_error', 'model__max_depth': 9, 'model__n_estimators': 500, 'model__subsample': 0.2}",0.07386191318925373,0.0798847999976009,-0.17506817773851568,0.01698708717705888,0.3753661255755444,0.07420634964018843,0.17671525574950508,493,0.9996481373181891,0.9997563919310788,0.9997296631186499,0.9996296029966589,0.99971754068165,0.9996962672092453,4.887419200662875e-05
9.172978973388672,0.2677060236168947,0.010821914672851563,0.0009642970412245817,0.06,squared_error,9,500,0.4,"{'model__learning_rate': 0.06, 'model__loss': 'squared_error', 'model__max_depth': 9, 'model__n_estimators': 500, 'model__subsample': 0.4}",0.3293990446089654,0.16177137845551226,-0.40483227646330655,0.3430903857310197,0.30172694004149403,0.14623109447473698,0.2829824643735455,277,0.9999999909675283,0.9999999851638647,0.9999999949120634,0.9999999965359213,0.9999999944591214,0.9999999924076997,4.051410154836339e-09
15.180578136444092,0.28198239943107656,0.01065826416015625,0.0012111413288529048,0.06,squared_error,9,500,0.6000000000000001,"{'model__learning_rate': 0.06, 'model__loss': 'squared_error', 'model__max_depth': 9, 'model__n_estimators': 500, 'model__subsample': 0.6000000000000001}",0.37252493365777817,0.06199912101182614,-0.5428994840760744,0.2884649910622178,0.39857163249666894,0.11573223883048334,0.3499886308979318,394,0.99999999999996,0.9999999999999694,0.9999999999999709,0.9999999999999631,0.9999999999998858,0.9999999999999499,3.228714860013093e-14
15.774505949020385,0.3503768504513026,0.010227537155151368,0.001350253867766766,0.06,squared_error,9,500,0.8,"{'model__learning_rate': 0.06, 'model__loss': 'squared_error', 'model__max_depth': 9, 'model__n_estimators': 500, 'model__subsample': 0.8}",0.34744566229911356,-0.06202693598687503,-0.5471493355945127,0.3591057318399473,0.3955555565059734,0.0985861358127293,0.36352805078302586,444,0.9999999999999996,0.9999999999999996,0.9999999999999996,0.9999999999999996,0.9999999999999994,0.9999999999999994,9.930136612989092e-17
7.781436109542847,0.19074159351846318,0.011733531951904297,0.0009685936397903721,0.06,squared_error,9,1000,0.2,"{'model__learning_rate': 0.06, 'model__loss': 'squared_error', 'model__max_depth': 9, 'model__n_estimators': 1000, 'model__subsample': 0.2}",0.07474736171874952,0.07679066167835802,-0.18022677119959862,0.014974151074759967,0.3735432437034656,0.0719657293951469,0.1776677302956195,494,0.9999996830721698,0.9999995798315283,0.9999996807568066,0.9999996367313719,0.9999998273098044,0.9999996815403362,8.19807577120636e-08
17.925399255752563,0.5129732897529633,0.013093090057373047,0.0007465518640095868,0.06,squared_error,9,1000,0.4,"{'model__learning_rate': 0.06, 'model__loss': 'squared_error', 'model__max_depth': 9, 'model__n_estimators': 1000, 'model__subsample': 0.4}",0.3293955644046457,0.1617658048831787,-0.4048468598185697,0.3430837656533835,0.30173226587977064,0.14622610820048176,0.2829872966457914,278,0.9999999999999981,0.9999999999999967,0.9999999999999993,0.9999999999999994,0.9999999999999991,0.9999999999999986,1.0450259880334738e-15
17.314836406707762,0.8213828277586964,0.01155405044555664,0.0017926078238679666,0.06,squared_error,9,1000,0.6000000000000001,"{'model__learning_rate': 0.06, 'model__loss': 'squared_error', 'model__max_depth': 9, 'model__n_estimators': 1000, 'model__subsample': 0.6000000000000001}",0.3725249277470395,0.061999087633407224,-0.5428995299537447,0.28846497604723786,0.3985716028562786,0.1157322128660437,0.3499886420497983,395,0.9999999999999996,0.9999999999999996,0.9999999999999997,0.9999999999999996,0.9999999999999996,0.9999999999999997,9.930136612989092e-17
16.73183627128601,0.3261251976824375,0.010029935836791992,0.0010395970172581235,0.06,squared_error,9,1000,0.8,"{'model__learning_rate': 0.06, 'model__loss': 'squared_error', 'model__max_depth': 9, 'model__n_estimators': 1000, 'model__subsample': 0.8}",0.3474456622230505,-0.062026935762589996,-0.5471493359302713,0.3591057316127887,0.39555555675266185,0.09858613577912796,0.3635280508798211,445,0.9999999999999996,0.9999999999999996,0.9999999999999996,0.9999999999999996,0.9999999999999996,0.9999999999999997,1.1102230246251565e-16
1.6064321517944335,0.03829505512487845,0.008513307571411133,0.00042224576816962765,0.06,squared_error,12,200,0.2,"{'model__learning_rate': 0.06, 'model__loss': 'squared_error', 'model__max_depth': 12, 'model__n_estimators': 200, 'model__subsample': 0.2}",0.17808473618714404,-0.022908703551895115,-0.3067032366657785,0.1394162563734841,0.33497950337054905,0.06457371114270072,0.21776372365865249,511,0.977533022615299,0.9785501598931314,0.9768822465746223,0.9730373435290681,0.9759355664756979,0.9763876678175638,0.001879461954811658
3.8915753841400145,0.18507559962503453,0.009335041046142578,0.0011798082619697788,0.06,squared_error,12,200,0.4,"{'model__learning_rate': 0.06, 'model__loss': 'squared_error', 'model__max_depth': 12, 'model__n_estimators': 200, 'model__subsample': 0.4}",0.40921337286474,0.19435126545715486,-0.38260949032407443,0.2517176788977621,0.3725315298282227,0.16904087134476103,0.28666547425981903,209,0.999606089558017,0.9996618336130756,0.9997590940952972,0.999776646697273,0.9997526383468778,0.9997112604621081,6.599920913728493e-05
6.473941516876221,0.11452012028323127,0.009399986267089844,0.001025075567824744,0.06,squared_error,12,200,0.6000000000000001,"{'model__learning_rate': 0.06, 'model__loss': 'squared_error', 'model__max_depth': 12, 'model__n_estimators': 200, 'model__subsample': 0.6000000000000001}",0.4312000989550522,0.15201145879850686,-0.38319200896937544,0.40669131429973415,0.35781869432206703,0.19290591148119696,0.30438321714382344,145,0.999998160914835,0.9999967122727307,0.9999987406033274,0.9999979539320577,0.9999985555534862,0.9999980246552875,7.127904191415963e-07
9.417770290374756,0.2817843416851496,0.009001970291137695,0.0011011568705883287,0.06,squared_error,12,200,0.8,"{'model__learning_rate': 0.06, 'model__loss': 'squared_error', 'model__max_depth': 12, 'model__n_estimators': 200, 'model__subsample': 0.8}",0.3891293092000784,-0.12147475060381563,-0.5864756626567553,0.3657281086416412,0.3486133841477346,0.07910407774577663,0.38317946257046404,487,0.99999999388086,0.99999999481609,0.999999994659934,0.9999999942701626,0.999999994366668,0.999999994398743,3.25011940522914e-10
4.00760555267334,0.12425428119455914,0.00972437858581543,0.0012230171031023794,0.06,squared_error,12,500,0.2,"{'model__learning_rate': 0.06, 'model__loss': 'squared_error', 'model__max_depth': 12, 'model__n_estimators': 500, 'model__subsample': 0.2}",0.19724118957975822,-0.01951357021298472,-0.3302347775052952,0.11617545418199271,0.3164230590821946,0.056018271025133126,0.22193239042256405,524,0.9997286202374809,0.999743280338413,0.999632290746122,0.9995506218542638,0.9997070866903874,0.9996723799733335,7.187012033694725e-05
10.070438194274903,0.5666030573038231,0.011003828048706055,0.001450606182476892,0.06,squared_error,12,500,0.4,"{'model__learning_rate': 0.06, 'model__loss': 'squared_error', 'model__max_depth': 12, 'model__n_estimators': 500, 'model__subsample': 0.4}",0.40861887090622573,0.1941648888079841,-0.38831572721198726,0.25322361196246645,0.3734912045086626,0.16823656979467033,0.28898396153625366,214,0.9999999837028628,0.9999999849856682,0.9999999911505958,0.9999999937185646,0.9999999939919233,0.999999989509923,4.351634810756029e-09
17.631063508987427,0.7776155354551889,0.01146078109741211,0.0008428323046656175,0.06,squared_error,12,500,0.6000000000000001,"{'model__learning_rate': 0.06, 'model__loss': 'squared_error', 'model__max_depth': 12, 'model__n_estimators': 500, 'model__subsample': 0.6000000000000001}",0.43136976112783354,0.15269903212605296,-0.3830782084685165,0.40663897470785926,0.35790051607164997,0.19310601511297584,0.3043498476500075,144,0.9999999999998387,0.9999999999994917,0.9999999999999836,0.999999999999935,0.9999999999999891,0.9999999999998476,1.8594574562074064e-13
18.159284162521363,0.8822934430616682,0.010706901550292969,0.001229770149337561,0.06,squared_error,12,500,0.8,"{'model__learning_rate': 0.06, 'model__loss': 'squared_error', 'model__max_depth': 12, 'model__n_estimators': 500, 'model__subsample': 0.8}",0.38913458802462964,-0.12146883411859322,-0.5865193715990251,0.365720953011085,0.3486169204373092,0.07909685115108109,0.38319430890778944,488,0.9999999999999996,0.9999999999999996,0.9999999999999996,0.9999999999999996,0.9999999999999994,0.9999999999999994,9.930136612989092e-17
7.802315139770508,0.23454764489750932,0.012288665771484375,0.0009501578780011776,0.06,squared_error,12,1000,0.2,"{'model__learning_rate': 0.06, 'model__loss': 'squared_error', 'model__max_depth': 12, 'model__n_estimators': 1000, 'model__subsample': 0.2}",0.2007576079209611,-0.023161914344290047,-0.3321007410850263,0.11611901591623486,0.31633843550429575,0.05559048078243507,0.22326357405990396,525,0.9999997242204484,0.9999997199020365,0.9999997106211986,0.9999996231144905,0.9999997453918554,0.999999704650006,4.233017922971692e-08
19.873298120498657,1.220245300085659,0.015031576156616211,0.0016439588789264252,0.06,squared_error,12,1000,0.4,"{'model__learning_rate': 0.06, 'model__loss': 'squared_error', 'model__max_depth': 12, 'model__n_estimators': 1000, 'model__subsample': 0.4}",0.408593796575103,0.19417231720297723,-0.38832421086829405,0.2532219681447453,0.3734982770127735,0.168232429613461,0.2889840993302164,215,0.9999999999999984,0.9999999999999979,0.9999999999999993,0.9999999999999986,0.9999999999999992,0.9999999999999988,5.393444713726544e-16
21.164095211029053,2.052540695190147,0.012691020965576172,0.0016722358456341322,0.06,squared_error,12,1000,0.6000000000000001,"{'model__learning_rate': 0.06, 'model__loss': 'squared_error', 'model__max_depth': 12, 'model__n_estimators': 1000, 'model__subsample': 0.6000000000000001}",0.43136974152078933,0.15269954231146265,-0.38307816237763026,0.40663897517953906,0.35790051878340234,0.19310612308351263,0.3043498139415352,143,0.9999999999999996,0.9999999999999996,0.9999999999999997,0.9999999999999996,0.9999999999999996,0.9999999999999997,9.930136612989092e-17
18.599609375,0.7543522568957058,0.011673212051391602,0.0011557556278701479,0.06,squared_error,12,1000,0.8,"{'model__learning_rate': 0.06, 'model__loss': 'squared_error', 'model__max_depth': 12, 'model__n_estimators': 1000, 'model__subsample': 0.8}",0.3891345879168998,-0.1214688349175237,-0.586519371710666,0.3657209528569392,0.3486169205154812,0.0790968509322261,0.38319430900071083,489,0.9999999999999996,0.9999999999999996,0.9999999999999996,0.9999999999999996,0.9999999999999996,0.9999999999999997,1.1102230246251565e-16
1.3096612453460694,0.019527981393459487,0.007994127273559571,0.0003696801782687572,0.06,absolute_error,6,200,0.2,"{'model__learning_rate': 0.06, 'model__loss': 'absolute_error', 'model__max_depth': 6, 'model__n_estimators': 200, 'model__subsample': 0.2}",0.29728129716709006,0.01983810292302357,-0.11739973981984675,0.29846692540143727,0.17194817445018618,0.13402695202437806,0.1621018073886371,319,0.8194680673725367,0.798139516002813,0.7948969140949681,0.8237472742793777,0.8043265039103664,0.8081156551320123,0.011505137238270282
2.6291744709014893,0.23079235551765045,0.008850908279418946,0.0006410521965338735,0.06,absolute_error,6,200,0.4,"{'model__learning_rate': 0.06, 'model__loss': 'absolute_error', 'model__max_depth': 6, 'model__n_estimators': 200, 'model__subsample': 0.4}",0.3796780641530748,0.1930354468240021,-0.19776572081777943,0.2789735473367009,0.3251835015381416,0.19582096780682798,0.20609254672712432,140,0.9229118290351207,0.9314536370892905,0.9157842189829948,0.9309505162069094,0.8912613986372373,0.9184723199903105,0.014775583527643382
4.262067556381226,0.29647891965093265,0.00813298225402832,0.0007540501969020409,0.06,absolute_error,6,200,0.6000000000000001,"{'model__learning_rate': 0.06, 'model__loss': 'absolute_error', 'model__max_depth': 6, 'model__n_estimators': 200, 'model__subsample': 0.6000000000000001}",0.3917884262851349,0.011802864054768603,-0.14317347740704944,0.28923036875899066,0.3692668382711942,0.18378300399260777,0.2122580337609092,172,0.9319966380318877,0.9459923624312604,0.9433898441190557,0.9508135269193855,0.9463024887153488,0.9436989720433877,0.006319731181090879
6.29164719581604,0.43761581967008484,0.008782625198364258,0.0014394336298425656,0.06,absolute_error,6,200,0.8,"{'model__learning_rate': 0.06, 'model__loss': 'absolute_error', 'model__max_depth': 6, 'model__n_estimators': 200, 'model__subsample': 0.8}",0.4205602393505159,-0.012658848457351768,0.027638619775174456,0.31139512406948844,0.31371767400197925,0.21213056174796127,0.17215335071257967,80,0.958484950892757,0.9458403979449208,0.9557162617318109,0.9665254417244704,0.9571322506628258,0.9567398605913571,0.006615178740552589
3.1437806606292726,0.28937184241802316,0.010002708435058594,0.0015438975350493492,0.06,absolute_error,6,500,0.2,"{'model__learning_rate': 0.06, 'model__loss': 'absolute_error', 'model__max_depth': 6, 'model__n_estimators': 500, 'model__subsample': 0.2}",0.26742400771390196,0.08786743272293851,-0.2301660871794058,0.28085362269479064,0.18382770909378798,0.11796133700920267,0.18724834428588563,371,0.9385086985955875,0.932486604626832,0.9364680232940042,0.9356769396835619,0.9176962452336255,0.9321673022867222,0.007490534149234532
6.714085340499878,0.5580012445963135,0.009231138229370116,0.0010185348228011787,0.06,absolute_error,6,500,0.4,"{'model__learning_rate': 0.06, 'model__loss': 'absolute_error', 'model__max_depth': 6, 'model__n_estimators': 500, 'model__subsample': 0.4}",0.4063096971566522,0.18784814368382963,-0.2308306448027877,0.2839126488709798,0.35880183344619265,0.20120833567097335,0.22828861461970992,119,0.9701065542769349,0.97204068379465,0.9652189892766418,0.9832237828787087,0.9702537680210831,0.9721687556496038,0.005974096319843859
10.640788698196411,0.7145794216112702,0.008682966232299805,0.0007304191838389102,0.06,absolute_error,6,500,0.6000000000000001,"{'model__learning_rate': 0.06, 'model__loss': 'absolute_error', 'model__max_depth': 6, 'model__n_estimators': 500, 'model__subsample': 0.6000000000000001}",0.3969478851003083,0.038429148222888676,-0.1792489792890246,0.29781124123146807,0.3781831800123333,0.18642449505559475,0.2232121012666216,167,0.9738414382744832,0.9764741575757377,0.9772954055497426,0.9816169387550818,0.9860853108509561,0.9790626502012003,0.0043110707331703805
16.18250651359558,0.9033772769523412,0.010817527770996094,0.0009846186567417238,0.06,absolute_error,6,500,0.8,"{'model__learning_rate': 0.06, 'model__loss': 'absolute_error', 'model__max_depth': 6, 'model__n_estimators': 500, 'model__subsample': 0.8}",0.41259081403663667,-0.007003896047933722,-0.05192426886268975,0.31606551671902205,0.3201971417442405,0.19798506151785517,0.18942521564094306,133,0.996346181072374,0.9837515572106392,0.9948328504993418,0.9918181421554803,0.9876198794955504,0.990873722086677,0.0046438595700938196
6.1880292892456055,0.5735451026759536,0.00979475975036621,0.0006832916320446556,0.06,absolute_error,6,1000,0.2,"{'model__learning_rate': 0.06, 'model__loss': 'absolute_error', 'model__max_depth': 6, 'model__n_estimators': 1000, 'model__subsample': 0.2}",0.28679930753799243,0.07992638946982622,-0.26679669375717485,0.29071424614515207,0.16335899749982108,0.1108004493791234,0.20476317217728693,405,0.9769096836523048,0.9775911950269668,0.9757927193294321,0.9833982674688805,0.9613448928597154,0.9750073516674599,0.007320958468825642
12.886965990066528,0.84867321128319,0.011393404006958008,0.0008827250453974186,0.06,absolute_error,6,1000,0.4,"{'model__learning_rate': 0.06, 'model__loss': 'absolute_error', 'model__max_depth': 6, 'model__n_estimators': 1000, 'model__subsample': 0.4}",0.40579272862273197,0.17925585459250148,-0.23377165434369873,0.2940645430568585,0.3640391071845823,0.2018761158225951,0.23094509422295925,116,0.9890729893673232,0.9899872752072197,0.9862645718423955,0.9953479477626397,0.990811549295863,0.9902968666950882,0.002954029197971726
22.393530225753786,1.6072833023772655,0.010921192169189454,0.0013387213483621358,0.06,absolute_error,6,1000,0.6000000000000001,"{'model__learning_rate': 0.06, 'model__loss': 'absolute_error', 'model__max_depth': 6, 'model__n_estimators': 1000, 'model__subsample': 0.6000000000000001}",0.397326884238675,0.034875078293577055,-0.160510080209052,0.29610668924416583,0.3853639113114271,0.1906324965757586,0.21878262347652852,154,0.9906581712613587,0.9955741659172921,0.9943198647087058,0.9957679354672231,0.995976356264621,0.9944592987238401,0.0019861991037060994
32.81628603935242,1.738710443609796,0.0122711181640625,0.0008778926323162154,0.06,absolute_error,6,1000,0.8,"{'model__learning_rate': 0.06, 'model__loss': 'absolute_error', 'model__max_depth': 6, 'model__n_estimators': 1000, 'model__subsample': 0.8}",0.40671968651089985,0.00933834978112047,-0.08917243259533914,0.312144162986957,0.331188962377732,0.19404374581227404,0.1961198927954552,142,0.9995641264618044,0.9972891264729155,0.9996084022723576,0.9982272373152848,0.9989879439371757,0.9987353672919076,0.0008789351944454042
1.385748815536499,0.027879479208370438,0.009036064147949219,0.0010349181231413757,0.06,absolute_error,9,200,0.2,"{'model__learning_rate': 0.06, 'model__loss': 'absolute_error', 'model__max_depth': 9, 'model__n_estimators': 200, 'model__subsample': 0.2}",0.29728129716709006,0.01983810292302357,-0.11739973981984675,0.29846692540143727,0.17194817445018618,0.13402695202437806,0.1621018073886371,319,0.8194680673725367,0.798139516002813,0.7948969140949681,0.8237472742793777,0.8043265039103664,0.8081156551320123,0.011505137238270282
2.573808431625366,0.16231947435977095,0.008285188674926757,0.0003036686667438413,0.06,absolute_error,9,200,0.4,"{'model__learning_rate': 0.06, 'model__loss': 'absolute_error', 'model__max_depth': 9, 'model__n_estimators': 200, 'model__subsample': 0.4}",0.41403135577058825,0.21026295877235668,-0.13990886291084625,0.2770460342231491,0.3291950055286801,0.21812529827678556,0.19101706380114936,62,0.916254053901461,0.9320029757055827,0.9235802765598038,0.9072142349631046,0.8949899476030998,0.9148082977466103,0.012846256771852124
4.3629265308380125,0.2729163560998632,0.008515119552612305,0.0013713128193632207,0.06,absolute_error,9,200,0.6000000000000001,"{'model__learning_rate': 0.06, 'model__loss': 'absolute_error', 'model__max_depth': 9, 'model__n_estimators': 200, 'model__subsample': 0.6000000000000001}",0.42415895165704576,0.1072158088053412,-0.12189190758361357,0.37173804461076076,0.28086360505339003,0.21241690050858483,0.19886302995238117,76,0.9232618275238011,0.9290481101545692,0.9480783429497213,0.9649025223772817,0.9421589017810299,0.9414899409572808,0.01469058740291197
6.655526351928711,0.4105090381538672,0.008238697052001953,0.00032493713288661547,0.06,absolute_error,9,200,0.8,"{'model__learning_rate': 0.06, 'model__loss': 'absolute_error', 'model__max_depth': 9, 'model__n_estimators': 200, 'model__subsample': 0.8}",0.42789533796814294,0.02724015151218817,-0.11333832718932046,0.3509561897428185,0.2897566072094734,0.19650199184866052,0.20530270190975997,137,0.9470292046071624,0.9493403098190846,0.9680496303108406,0.9763333338729256,0.9522584730761893,0.9586021903372405,0.011520475261613051
3.101577806472778,0.22091426518217738,0.007851600646972656,0.00022163486521543436,0.06,absolute_error,9,500,0.2,"{'model__learning_rate': 0.06, 'model__loss': 'absolute_error', 'model__max_depth': 9, 'model__n_estimators': 500, 'model__subsample': 0.2}",0.26742400771390196,0.08786743272293851,-0.2301660871794058,0.28085362269479064,0.18382770909378798,0.11796133700920267,0.18724834428588563,371,0.9385086985955875,0.932486604626832,0.9364680232940042,0.9356769396835619,0.9176962452336255,0.9321673022867222,0.007490534149234532
7.589964723587036,0.43505374399007996,0.009848785400390626,0.0006950238368542235,0.06,absolute_error,9,500,0.4,"{'model__learning_rate': 0.06, 'model__loss': 'absolute_error', 'model__max_depth': 9, 'model__n_estimators': 500, 'model__subsample': 0.4}",0.40411402494086024,0.20616686241138238,-0.19288098296728262,0.27767056010570723,0.36654047367375864,0.21232218763288518,0.21403985417917445,77,0.9641999285898223,0.9821362448498264,0.9766744294689638,0.9658637774653354,0.9680363497674493,0.9713821460282794,0.0068831663793473994
12.37433352470398,0.6237493159015114,0.010150527954101563,0.000988325087014504,0.06,absolute_error,9,500,0.6000000000000001,"{'model__learning_rate': 0.06, 'model__loss': 'absolute_error', 'model__max_depth': 9, 'model__n_estimators': 500, 'model__subsample': 0.6000000000000001}",0.42477026181984,0.12444611194932209,-0.11203881252245762,0.3751516638528256,0.2830707802254876,0.21908000106500353,0.19460570844301617,59,0.9693758416369945,0.9686272517104827,0.9880733030627585,0.99375697441084,0.9846546816674101,0.9808976104976972,0.010141816900926907
18.004673862457274,0.5416218965259224,0.009797477722167968,0.0006302910251759754,0.06,absolute_error,9,500,0.8,"{'model__learning_rate': 0.06, 'model__loss': 'absolute_error', 'model__max_depth': 9, 'model__n_estimators': 500, 'model__subsample': 0.8}",0.4355865286218752,0.08585387469181194,-0.15575620684692382,0.36158290557095085,0.30577826550287335,0.2066090735081175,0.21548666161201632,100,0.9917787855346238,0.9919362551268996,0.9985416884269398,0.9943831812169851,0.9906683738117632,0.9934616568234423,0.002814862852584742
6.943182039260864,0.4586480913238238,0.010623025894165038,0.0018161032958951395,0.06,absolute_error,9,1000,0.2,"{'model__learning_rate': 0.06, 'model__loss': 'absolute_error', 'model__max_depth': 9, 'model__n_estimators': 1000, 'model__subsample': 0.2}",0.28679930753799243,0.07992638946982622,-0.26679669375717485,0.29071424614515207,0.16335899749982108,0.1108004493791234,0.20476317217728693,405,0.9769096836523048,0.9775911950269668,0.9757927193294321,0.9833982674688805,0.9613448928597154,0.9750073516674599,0.007320958468825642
15.086362552642822,0.48287363540520284,0.01143503189086914,0.0015514124879911027,0.06,absolute_error,9,1000,0.4,"{'model__learning_rate': 0.06, 'model__loss': 'absolute_error', 'model__max_depth': 9, 'model__n_estimators': 1000, 'model__subsample': 0.4}",0.4345237612918075,0.21245411321732088,-0.2283920322060662,0.27647813593634873,0.36273872132556173,0.21156053991299456,0.2325256110985229,82,0.9887340055906643,0.9951100461507384,0.992516063379484,0.988311231272531,0.9871241909390699,0.9903591074664975,0.0029840682010992873
24.12528076171875,1.1122112007720548,0.010525274276733398,0.0007843328206102464,0.06,absolute_error,9,1000,0.6000000000000001,"{'model__learning_rate': 0.06, 'model__loss': 'absolute_error', 'model__max_depth': 9, 'model__n_estimators': 1000, 'model__subsample': 0.6000000000000001}",0.4146251340793037,0.13027646631366463,-0.10839512514028549,0.37411163887479815,0.2814710187235111,0.21841782657019843,0.1904149051646043,60,0.9912451023560044,0.9931981428112767,0.9965329082780863,0.9987916185477304,0.9963277895322357,0.9952191123050668,0.0026681491216464007
35.691353464126585,0.5659877566824831,0.013283300399780273,0.004177561254745088,0.06,absolute_error,9,1000,0.8,"{'model__learning_rate': 0.06, 'model__loss': 'absolute_error', 'model__max_depth': 9, 'model__n_estimators': 1000, 'model__subsample': 0.8}",0.4366478120698474,0.10355161953097414,-0.1776205325740321,0.36406045273474374,0.3025664944113793,0.20584116923458246,0.22143480544452485,104,0.9983152126531343,0.9991553064546135,0.9998803705203871,0.9995190943794204,0.9994094329387043,0.9992558833892519,0.0005249416767614093
1.3370105266571044,0.09742546276179048,0.008472156524658204,0.0006758989923846105,0.06,absolute_error,12,200,0.2,"{'model__learning_rate': 0.06, 'model__loss': 'absolute_error', 'model__max_depth': 12, 'model__n_estimators': 200, 'model__subsample': 0.2}",0.29728129716709006,0.01983810292302357,-0.11739973981984675,0.29846692540143727,0.17194817445018618,0.13402695202437806,0.1621018073886371,319,0.8194680673725367,0.798139516002813,0.7948969140949681,0.8237472742793777,0.8043265039103664,0.8081156551320123,0.011505137238270282
2.720135545730591,0.18191442131143284,0.00830373764038086,0.00052475977138929,0.06,absolute_error,12,200,0.4,"{'model__learning_rate': 0.06, 'model__loss': 'absolute_error', 'model__max_depth': 12, 'model__n_estimators': 200, 'model__subsample': 0.4}",0.41403135577058825,0.21026295877235668,-0.13990886291084625,0.2770460342231491,0.3291950055286801,0.21812529827678556,0.19101706380114936,62,0.916254053901461,0.9320029757055827,0.9235802765598038,0.9072142349631046,0.8949899476030998,0.9148082977466103,0.012846256771852124
4.3757106304168705,0.08795353954972736,0.0075893402099609375,0.0007603401669155988,0.06,absolute_error,12,200,0.6000000000000001,"{'model__learning_rate': 0.06, 'model__loss': 'absolute_error', 'model__max_depth': 12, 'model__n_estimators': 200, 'model__subsample': 0.6000000000000001}",0.42415895165704576,0.055256888409453975,-0.11441045658911353,0.3786651885087221,0.28086360505339003,0.20490683540789964,0.2041526518132746,105,0.9232618275238011,0.949390742640589,0.9447958795715468,0.9680554871146733,0.9421589017810299,0.945532567726328,0.014353240832364212
6.867061042785645,0.47388880366578934,0.009056758880615235,0.0005911571509776181,0.06,absolute_error,12,200,0.8,"{'model__learning_rate': 0.06, 'model__loss': 'absolute_error', 'model__max_depth': 12, 'model__n_estimators': 200, 'model__subsample': 0.8}",0.4221395727471797,0.03584562518515544,-0.09794935983476005,0.34638474440287714,0.29310847101735804,0.19990581070356206,0.19756725740266956,128,0.9578502500471905,0.9607581820257981,0.9719302850296496,0.968139325412538,0.9509322129002127,0.9619220510830777,0.007450234156870287
3.2343903541564942,0.20576208053209133,0.009068584442138672,0.0005671728669050679,0.06,absolute_error,12,500,0.2,"{'model__learning_rate': 0.06, 'model__loss': 'absolute_error', 'model__max_depth': 12, 'model__n_estimators': 500, 'model__subsample': 0.2}",0.26742400771390196,0.08786743272293851,-0.2301660871794058,0.28085362269479064,0.18382770909378798,0.11796133700920267,0.18724834428588563,371,0.9385086985955875,0.932486604626832,0.9364680232940042,0.9356769396835619,0.9176962452336255,0.9321673022867222,0.007490534149234532
7.5142923355102536,0.6919040997681207,0.01070542335510254,0.0034229217611292818,0.06,absolute_error,12,500,0.4,"{'model__learning_rate': 0.06, 'model__loss': 'absolute_error', 'model__max_depth': 12, 'model__n_estimators': 500, 'model__subsample': 0.4}",0.40411402494086024,0.20616686241138238,-0.19288098296728262,0.27767056010570723,0.36654047367375864,0.21232218763288518,0.21403985417917445,77,0.9641999285898223,0.9821362448498264,0.9766744294689638,0.9658637774653354,0.9680363497674493,0.9713821460282794,0.0068831663793473994
12.831164503097535,0.4450727533169614,0.010173797607421875,0.001066336971565595,0.06,absolute_error,12,500,0.6000000000000001,"{'model__learning_rate': 0.06, 'model__loss': 'absolute_error', 'model__max_depth': 12, 'model__n_estimators': 500, 'model__subsample': 0.6000000000000001}",0.42147668079389866,0.07009588309651826,-0.1667578016170561,0.382180437920457,0.2900507653694554,0.19940919311265465,0.21987969065448285,129,0.9792308706591847,0.9867647979199067,0.9782162052939487,0.9917522595402151,0.9863631528440546,0.984465457251462,0.005068328136330938
19.179405832290648,0.3892977016387529,0.011753463745117187,0.002811991637968953,0.06,absolute_error,12,500,0.8,"{'model__learning_rate': 0.06, 'model__loss': 'absolute_error', 'model__max_depth': 12, 'model__n_estimators': 500, 'model__subsample': 0.8}",0.4357153013310069,0.05096294252350875,-0.13674798822912182,0.3342876166050941,0.28777001205692054,0.19439757685748169,0.20820795307758477,141,0.9842533686194294,0.9902324639668438,0.9941973937690578,0.9952026202005785,0.9878757282773625,0.9903523149666544,0.004041165284840166
6.9180694103240965,0.6229698588899764,0.009892129898071289,0.0005011652583538223,0.06,absolute_error,12,1000,0.2,"{'model__learning_rate': 0.06, 'model__loss': 'absolute_error', 'model__max_depth': 12, 'model__n_estimators': 1000, 'model__subsample': 0.2}",0.28679930753799243,0.07992638946982622,-0.26679669375717485,0.29071424614515207,0.16335899749982108,0.1108004493791234,0.20476317217728693,405,0.9769096836523048,0.9775911950269668,0.9757927193294321,0.9833982674688805,0.9613448928597154,0.9750073516674599,0.007320958468825642
15.616222763061524,0.5607689121069539,0.012351608276367188,0.0037714285407681636,0.06,absolute_error,12,1000,0.4,"{'model__learning_rate': 0.06, 'model__loss': 'absolute_error', 'model__max_depth': 12, 'model__n_estimators': 1000, 'model__subsample': 0.4}",0.4345237612918075,0.21245411321732088,-0.2283920322060662,0.27647813593634873,0.36273872132556173,0.21156053991299456,0.2325256110985229,82,0.9887340055906643,0.9951100461507384,0.992516063379484,0.988311231272531,0.9871241909390699,0.9903591074664975,0.0029840682010992873
25.068911170959474,0.5973486170215523,0.011487674713134766,0.0007813364452354103,0.06,absolute_error,12,1000,0.6000000000000001,"{'model__learning_rate': 0.06, 'model__loss': 'absolute_error', 'model__max_depth': 12, 'model__n_estimators': 1000, 'model__subsample': 0.6000000000000001}",0.43350672408655555,0.07902746120214554,-0.16023789968990032,0.37725433622653715,0.2900063770953534,0.20391139978413825,0.21834598329138474,108,0.9949033786097637,0.9942432665569201,0.9957130007251171,0.9987402364571759,0.9973579588175457,0.9961915682333045,0.0016456315200354876
36.78366346359253,1.1849667133432644,0.014252567291259765,0.0018427919207440813,0.06,absolute_error,12,1000,0.8,"{'model__learning_rate': 0.06, 'model__loss': 'absolute_error', 'model__max_depth': 12, 'model__n_estimators': 1000, 'model__subsample': 0.8}",0.42989370316583686,0.06835213381076277,-0.15370800189336808,0.3338905587397236,0.2792973604371668,0.1915451508520244,0.209355657555387,150,0.9976828250754993,0.9992828897013751,0.9995174744699961,0.9994944254773692,0.9984204763643483,0.9988796182177175,0.0007198057406548679
1.8047842025756835,0.1155527457551851,0.008534574508666992,0.0008684542310433358,0.08,squared_error,6,200,0.2,"{'model__learning_rate': 0.08, 'model__loss': 'squared_error', 'model__max_depth': 6, 'model__n_estimators': 200, 'model__subsample': 0.2}",0.27103114271870643,0.07565509422333705,-0.28776822742584396,0.2331079794457469,0.4734220373338255,0.15308960525915438,0.25427455462304216,254,0.9886593241698473,0.9908535797050128,0.9908312960057214,0.9893583450773409,0.9859186702134943,0.9891242430342834,0.0018139065904548921
3.232748603820801,0.061192266322020954,0.008906841278076172,0.0009740767446999854,0.08,squared_error,6,200,0.4,"{'model__learning_rate': 0.08, 'model__loss': 'squared_error', 'model__max_depth': 6, 'model__n_estimators': 200, 'model__subsample': 0.4}",0.39837292393674784,0.15541574202922648,-0.6137889365312414,0.195177198207246,0.3848059414458368,0.10399657381756314,0.37193687971150413,421,0.9999533527480504,0.9999566332941786,0.9999535921808037,0.999972021508987,0.9999639370156174,0.9999599073495273,7.163164987170715e-06
4.897954320907592,0.07486795292180445,0.008267879486083984,0.0007323815786680947,0.08,squared_error,6,200,0.6000000000000001,"{'model__learning_rate': 0.08, 'model__loss': 'squared_error', 'model__max_depth': 6, 'model__n_estimators': 200, 'model__subsample': 0.6000000000000001}",0.3472819624147715,0.06150755966166965,-0.36257528795092386,0.38321118373524443,0.30785003486071627,0.1474550905442956,0.27883909963032927,265,0.9999998457262637,0.9999999227909844,0.9999998685007659,0.9999998285036757,0.9999999157823967,0.9999998762608172,3.741746548308041e-08
6.467035913467408,0.24749353545743155,0.008982992172241211,0.0013871707673945655,0.08,squared_error,6,200,0.8,"{'model__learning_rate': 0.08, 'model__loss': 'squared_error', 'model__max_depth': 6, 'model__n_estimators': 200, 'model__subsample': 0.8}",0.3684882296148263,-0.06261974849199947,-0.4538563381182956,0.4426944179365888,0.29539641436525177,0.11802059506127435,0.3344498374689379,368,0.9999999992724613,0.9999999996468882,0.9999999995950458,0.9999999995446766,0.999999999449978,0.9999999995018101,1.3180708475236663e-10
3.930682373046875,0.25182440220145935,0.00968308448791504,0.0013171176908315023,0.08,squared_error,6,500,0.2,"{'model__learning_rate': 0.08, 'model__loss': 'squared_error', 'model__max_depth': 6, 'model__n_estimators': 500, 'model__subsample': 0.2}",0.2510155585865559,0.037267817474710196,-0.26646815364182164,0.22196638437978322,0.48723902943317265,0.14620412724648008,0.25107596111743535,279,0.999949571768831,0.9999532861373569,0.9999533939928424,0.99995628250634,0.9999329765779317,0.9999491021966606,8.339517956373664e-06
8.120918893814087,0.2283685868787932,0.011499929428100585,0.003034413775013392,0.08,squared_error,6,500,0.4,"{'model__learning_rate': 0.08, 'model__loss': 'squared_error', 'model__max_depth': 6, 'model__n_estimators': 500, 'model__subsample': 0.4}",0.39888454362914927,0.1553157441039087,-0.616271095248641,0.19532766467474938,0.3855231425249048,0.10375599993681424,0.37308882983731195,422,0.9999999999488717,0.9999999997675525,0.999999999830814,0.9999999999582906,0.9999999999525615,0.999999999891618,7.813667977470671e-11
11.848497295379639,0.31045643267983236,0.011966896057128907,0.0028680447812623926,0.08,squared_error,6,500,0.6000000000000001,"{'model__learning_rate': 0.08, 'model__loss': 'squared_error', 'model__max_depth': 6, 'model__n_estimators': 500, 'model__subsample': 0.6000000000000001}",0.34728356855992226,0.06148503058726629,-0.36265460966117735,0.38324453469187303,0.3078488107299777,0.1474414669815724,0.27887523540005976,266,0.9999999999999996,0.9999999999999996,0.9999999999999996,0.9999999999999996,0.9999999999999996,0.9999999999999997,1.1102230246251565e-16
11.89838490486145,0.33081909859625913,0.017975282669067384,0.013989374751344236,0.08,squared_error,6,500,0.8,"{'model__learning_rate': 0.08, 'model__loss': 'squared_error', 'model__max_depth': 6, 'model__n_estimators': 500, 'model__subsample': 0.8}",0.3684871747417018,-0.06261910035389318,-0.4538615170520459,0.44269391345920217,0.2953958603086828,0.11801926622072953,0.3344512238410768,369,0.9999999999999996,0.9999999999999996,0.9999999999999996,0.9999999999999996,0.9999999999999996,0.9999999999999997,1.1102230246251565e-16
8.827961587905884,0.32515687577340624,0.012615299224853516,0.0018965004374495457,0.08,squared_error,6,1000,0.2,"{'model__learning_rate': 0.08, 'model__loss': 'squared_error', 'model__max_depth': 6, 'model__n_estimators': 1000, 'model__subsample': 0.2}",0.2527803255591867,0.03534300719693717,-0.26231568722028364,0.2227033685746822,0.4869515903404512,0.14709252089019473,0.24999765363291887,272,0.9999999943822097,0.9999999942845142,0.9999999944796971,0.999999995233631,0.9999999898091164,0.9999999936378338,1.943536491203329e-09
14.78999376296997,0.643982244130093,0.016155481338500977,0.004163705494283642,0.08,squared_error,6,1000,0.4,"{'model__learning_rate': 0.08, 'model__loss': 'squared_error', 'model__max_depth': 6, 'model__n_estimators': 1000, 'model__subsample': 0.4}",0.39888497277572077,0.1553156237465505,-0.6162737993156582,0.19532824753984646,0.38552357352312916,0.10375572365391775,0.37309003183770917,423,0.9999999999999996,0.9999999999999996,0.9999999999999997,0.9999999999999996,0.9999999999999996,0.9999999999999997,9.930136612989092e-17
14.76286177635193,0.42721130622078435,0.015505838394165038,0.007034702570498027,0.08,squared_error,6,1000,0.6000000000000001,"{'model__learning_rate': 0.08, 'model__loss': 'squared_error', 'model__max_depth': 6, 'model__n_estimators': 1000, 'model__subsample': 0.6000000000000001}",0.34728357025489276,0.061485030604536695,-0.3626546109583999,0.38324453376398704,0.30784881040764844,0.14744146681453302,0.27887523592247804,267,0.9999999999999997,0.9999999999999996,0.9999999999999997,0.9999999999999996,0.9999999999999996,0.9999999999999997,8.599750569898517e-17
14.723505544662476,0.29521443026185007,0.010665464401245116,0.0012919245288025073,0.08,squared_error,6,1000,0.8,"{'model__learning_rate': 0.08, 'model__loss': 'squared_error', 'model__max_depth': 6, 'model__n_estimators': 1000, 'model__subsample': 0.8}",0.36848717429279276,-0.06261910031130102,-0.45386151706758815,0.4426939134578134,0.2953958599271198,0.11801926605976736,0.3344512237338121,370,0.9999999999999996,0.9999999999999996,0.9999999999999996,0.9999999999999996,0.9999999999999996,0.9999999999999997,1.1102230246251565e-16
2.070766830444336,0.11235827208710628,0.01250162124633789,0.005455783067457548,0.08,squared_error,9,200,0.2,"{'model__learning_rate': 0.08, 'model__loss': 'squared_error', 'model__max_depth': 9, 'model__n_estimators': 200, 'model__subsample': 0.2}",0.34565231878442326,-0.06451122397500053,-0.2182711001840043,0.16146599343768941,0.3769085214550908,0.12024890190363972,0.2311327779491536,359,0.9907220703561578,0.9881933425897167,0.9898516656533998,0.9877793052839362,0.9863527040546811,0.9885798175875783,0.0015464192179152803
5.674699354171753,0.3129987653470631,0.0147308349609375,0.008042902756552216,0.08,squared_error,9,200,0.4,"{'model__learning_rate': 0.08, 'model__loss': 'squared_error', 'model__max_depth': 9, 'model__n_estimators': 200, 'model__subsample': 0.4}",0.15334751638250477,0.12754123414963003,-0.5467592420700758,0.2635506404419756,0.26558610343476596,0.05265325046776013,0.30491342721142056,526,0.9999644775709042,0.999962942446296,0.9999746325943571,0.9999690461336166,0.999962972948213,0.9999668143386774,4.501429672073087e-06
8.106425142288208,0.23211523344950924,0.011986064910888671,0.004384716555786554,0.08,squared_error,9,200,0.6000000000000001,"{'model__learning_rate': 0.08, 'model__loss': 'squared_error', 'model__max_depth': 9, 'model__n_estimators': 200, 'model__subsample': 0.6000000000000001}",0.3982241461745606,0.14269941026629096,-0.31278938631387554,0.36677077560443816,0.34797379584693844,0.18857574831567053,0.2663025695133069,162,0.9999999508019543,0.9999998964810921,0.9999999618238132,0.9999999698243471,0.9999999682143759,0.9999999494291165,2.7305156580925502e-08
10.798199272155761,0.2765071220006485,0.012001991271972656,0.004453793317927578,0.08,squared_error,9,200,0.8,"{'model__learning_rate': 0.08, 'model__loss': 'squared_error', 'model__max_depth': 9, 'model__n_estimators': 200, 'model__subsample': 0.8}",0.3933339864662472,-0.07340135955950378,-0.49025879187339694,0.35688606576748605,0.396187657096275,0.1165495115794215,0.3512453409886593,378,0.9999999999760673,0.9999999999729381,0.9999999999764956,0.9999999999613939,0.999999999978334,0.9999999999730458,6.0790460731983225e-12
5.044818115234375,0.0800468741068946,0.010777807235717774,0.0007969382948615873,0.08,squared_error,9,500,0.2,"{'model__learning_rate': 0.08, 'model__loss': 'squared_error', 'model__max_depth': 9, 'model__n_estimators': 500, 'model__subsample': 0.2}",0.32908661932980154,-0.03792974623365786,-0.28493695042313893,0.17816123829532793,0.39033524315426715,0.11494328082451996,0.2485835771861886,398,0.9999569230137911,0.9999477180154779,0.9999697654913887,0.9999164536395089,0.9999565765133316,0.9999494873346997,1.795051489177432e-05
12.587699794769287,0.1782169505936462,0.01301403045654297,0.003295379361585859,0.08,squared_error,9,500,0.4,"{'model__learning_rate': 0.08, 'model__loss': 'squared_error', 'model__max_depth': 9, 'model__n_estimators': 500, 'model__subsample': 0.4}",0.15195954135636458,0.12759840077974605,-0.5475082848271102,0.2632355584293127,0.2654115495599191,0.05213935305964643,0.3050514924464742,530,0.9999999999522584,0.9999999999203094,0.9999999999463347,0.9999999999628607,0.9999999999287809,0.9999999999421088,1.552006389397165e-11
17.089073419570923,0.6414210689079605,0.010404729843139648,0.0014829983400516961,0.08,squared_error,9,500,0.6000000000000001,"{'model__learning_rate': 0.08, 'model__loss': 'squared_error', 'model__max_depth': 9, 'model__n_estimators': 500, 'model__subsample': 0.6000000000000001}",0.3982312215641486,0.14286328119908998,-0.3128297085308571,0.36676092704498253,0.3479834422886743,0.18860183271320766,0.26631306640231217,161,0.9999999999999996,0.9999999999999996,0.9999999999999996,0.9999999999999996,0.9999999999999994,0.9999999999999994,9.930136612989092e-17
15.424413156509399,0.46502773504972117,0.012348031997680664,0.003133392893458164,0.08,squared_error,9,500,0.8,"{'model__learning_rate': 0.08, 'model__loss': 'squared_error', 'model__max_depth': 9, 'model__n_estimators': 500, 'model__subsample': 0.8}",0.3933348918858762,-0.0734018869458326,-0.4902603471758784,0.35688630140906263,0.3961880620216186,0.11654940423896928,0.3512461748331755,379,0.9999999999999996,0.9999999999999996,0.9999999999999996,0.9999999999999996,0.9999999999999996,0.9999999999999997,1.1102230246251565e-16
9.90820369720459,0.6836996180049116,0.01818113327026367,0.004074930904154514,0.08,squared_error,9,1000,0.2,"{'model__learning_rate': 0.08, 'model__loss': 'squared_error', 'model__max_depth': 9, 'model__n_estimators': 1000, 'model__subsample': 0.2}",0.33076549051990456,-0.03988215177743326,-0.2882304185734861,0.1801930601750451,0.38806313975196216,0.11418182401919849,0.24977920835328168,402,0.9999999927533432,0.9999999944754724,0.9999999935032549,0.999999987774164,0.9999999949295004,0.9999999926871471,2.570372447577129e-09
16.04969220161438,0.31735390270578656,0.015764236450195312,0.004210276445246969,0.08,squared_error,9,1000,0.4,"{'model__learning_rate': 0.08, 'model__loss': 'squared_error', 'model__max_depth': 9, 'model__n_estimators': 1000, 'model__subsample': 0.4}",0.15195492343611072,0.12759849365821085,-0.5475109706629209,0.2632353368367325,0.2654118369044999,0.05213792403452662,0.30505226026108745,531,0.9999999999999997,0.9999999999999996,0.9999999999999997,0.9999999999999996,0.9999999999999996,0.9999999999999997,8.599750569898517e-17
15.401099443435669,0.9121073856534369,0.01816115379333496,0.00898201735251719,0.08,squared_error,9,1000,0.6000000000000001,"{'model__learning_rate': 0.08, 'model__loss': 'squared_error', 'model__max_depth': 9, 'model__n_estimators': 1000, 'model__subsample': 0.6000000000000001}",0.3982312223226152,0.142863281814969,-0.31282970790825004,0.3667609273813379,0.34798344226725064,0.18860183317558454,0.266313066308545,160,0.9999999999999996,0.9999999999999996,0.9999999999999997,0.9999999999999996,0.9999999999999996,0.9999999999999997,9.930136612989092e-17
14.243358993530274,0.45145413139319374,0.011926937103271484,0.001858447277806203,0.08,squared_error,9,1000,0.8,"{'model__learning_rate': 0.08, 'model__loss': 'squared_error', 'model__max_depth': 9, 'model__n_estimators': 1000, 'model__subsample': 0.8}",0.39333489182103,-0.07340188686968863,-0.4902603475747991,0.3568863014264758,0.39618806189509637,0.11654940413962289,0.3512461749347916,380,0.9999999999999996,0.9999999999999996,0.9999999999999996,0.9999999999999996,0.9999999999999996,0.9999999999999997,1.1102230246251565e-16
1.7004547119140625,0.11261946664339893,0.00917367935180664,0.0012921232923049715,0.08,squared_error,12,200,0.2,"{'model__learning_rate': 0.08, 'model__loss': 'squared_error', 'model__max_depth': 12, 'model__n_estimators': 200, 'model__subsample': 0.2}",0.1213697976568141,-0.059440306132141796,0.021782069080846123,0.17387388693962125,0.32392842018388013,0.11630277354580396,0.1313531960782571,384,0.9871900919030953,0.9915057592130201,0.9845742404627891,0.9885259199120724,0.9885255537415191,0.9880643130464992,0.002245628858083526
4.503828668594361,0.21597902892295306,0.010017919540405273,0.001999197658799823,0.08,squared_error,12,200,0.4,"{'model__learning_rate': 0.08, 'model__loss': 'squared_error', 'model__max_depth': 12, 'model__n_estimators': 200, 'model__subsample': 0.4}",0.2989131471853711,0.17968845227425356,-0.6754153734859731,0.20187508198457282,0.4000250883520978,0.08101727926206444,0.386206566107937,480,0.9999770355001912,0.9999704917153687,0.9999719788144562,0.9999768724473559,0.999980280674151,0.9999753318303046,3.5898878887816672e-06
7.670504903793335,0.338832495680891,0.012422323226928711,0.0014401421216322344,0.08,squared_error,12,200,0.6000000000000001,"{'model__learning_rate': 0.08, 'model__loss': 'squared_error', 'model__max_depth': 12, 'model__n_estimators': 200, 'model__subsample': 0.6000000000000001}",0.32752408409933154,0.10964946305816325,-0.5345700147288501,0.3856082712809432,0.34282761250525473,0.12620788324296853,0.3439890965929674,345,0.9999999682538304,0.9999999268810441,0.9999999700605561,0.999999962503454,0.9999999689242149,0.9999999593246199,1.6430666130504126e-08
11.085649919509887,0.38873543536758604,0.010131072998046876,0.0011902364905623604,0.08,squared_error,12,200,0.8,"{'model__learning_rate': 0.08, 'model__loss': 'squared_error', 'model__max_depth': 12, 'model__n_estimators': 200, 'model__subsample': 0.8}",0.34835032072084604,-0.09567899296596316,-0.6222658704384927,0.3347664919788733,0.3462653151519427,0.06228745288944124,0.38217453286311887,516,0.999999999987636,0.9999999999845718,0.9999999999904216,0.9999999999810654,0.9999999999837319,0.9999999999854854,3.238419275947488e-12
4.382555055618286,0.13268921646691914,0.010259723663330078,0.0009649198147788717,0.08,squared_error,12,500,0.2,"{'model__learning_rate': 0.08, 'model__loss': 'squared_error', 'model__max_depth': 12, 'model__n_estimators': 500, 'model__subsample': 0.2}",0.15338931873706585,-0.04025866941586065,-0.01746952728138318,0.17154313197268012,0.31456524159945165,0.11635389912239076,0.13125655495539415,381,0.9999404666976623,0.9999710011933547,0.9999195018683631,0.9999535949875241,0.999925837728022,0.9999420804949853,1.8682700731789683e-05
12.62350344657898,0.5385125500841598,0.020026540756225585,0.008797833133910391,0.08,squared_error,12,500,0.4,"{'model__learning_rate': 0.08, 'model__loss': 'squared_error', 'model__max_depth': 12, 'model__n_estimators': 500, 'model__subsample': 0.4}",0.3003030652505956,0.17957303758793186,-0.6757087501088628,0.20079551686589103,0.4000872635505528,0.0810100266292217,0.3864159048946137,482,0.9999999999736229,0.9999999999727488,0.9999999999388994,0.9999999999633044,0.9999999999781279,0.9999999999653408,1.4073203738270428e-11
23.647246742248534,2.1704006630816646,0.042789268493652347,0.03600598634099003,0.08,squared_error,12,500,0.6000000000000001,"{'model__learning_rate': 0.08, 'model__loss': 'squared_error', 'model__max_depth': 12, 'model__n_estimators': 500, 'model__subsample': 0.6000000000000001}",0.32755344127791464,0.10979558735679784,-0.5346603736732101,0.3856289004477519,0.3428114952481477,0.1262258101314804,0.34402692844906063,344,0.9999999999999996,0.9999999999999996,0.9999999999999996,0.9999999999999996,0.9999999999999996,0.9999999999999997,1.1102230246251565e-16
24.47191438674927,4.36481128936227,0.04153928756713867,0.03278299889370985,0.08,squared_error,12,500,0.8,"{'model__learning_rate': 0.08, 'model__loss': 'squared_error', 'model__max_depth': 12, 'model__n_estimators': 500, 'model__subsample': 0.8}",0.34835049939693685,-0.09567901952747992,-0.6222670012292932,0.3347670849500234,0.346265142507561,0.06228734121954962,0.3821750258003385,517,0.9999999999999996,0.9999999999999996,0.9999999999999996,0.9999999999999996,0.9999999999999996,0.9999999999999997,1.1102230246251565e-16
14.920528411865234,2.312084847070611,0.029270505905151366,0.025550525723887912,0.08,squared_error,12,1000,0.2,"{'model__learning_rate': 0.08, 'model__loss': 'squared_error', 'model__max_depth': 12, 'model__n_estimators': 1000, 'model__subsample': 0.2}",0.15708799008966046,-0.03809178411649161,-0.014482274298800224,0.17318685067365458,0.31672252306353665,0.11888466108231197,0.13113076341969698,363,0.9999999968660451,0.9999999948730108,0.9999999911455695,0.999999994956819,0.9999999879542492,0.9999999931591388,3.1954812974886704e-09
31.344370889663697,10.35657546650001,0.02783679962158203,0.026065829751276047,0.08,squared_error,12,1000,0.4,"{'model__learning_rate': 0.08, 'model__loss': 'squared_error', 'model__max_depth': 12, 'model__n_estimators': 1000, 'model__subsample': 0.4}",0.30030397117038565,0.1795725746059732,-0.6757061990539075,0.20079487377983507,0.4000862353408964,0.08101029116863656,0.3864147752766644,481,0.9999999999999997,0.9999999999999996,0.9999999999999997,0.9999999999999996,0.9999999999999996,0.9999999999999997,8.599750569898517e-17
42.090598487854,13.157958612891473,0.03749251365661621,0.03213798399917206,0.08,squared_error,12,1000,0.6000000000000001,"{'model__learning_rate': 0.08, 'model__loss': 'squared_error', 'model__max_depth': 12, 'model__n_estimators': 1000, 'model__subsample': 0.6000000000000001}",0.3275534414711452,0.10979558931282729,-0.534660375209917,0.3856289001163843,0.34281149565524405,0.12622581026913676,0.3440269290446922,343,0.9999999999999996,0.9999999999999996,0.9999999999999997,0.9999999999999996,0.9999999999999996,0.9999999999999997,9.930136612989092e-17
35.898646640777585,11.495236049405044,0.03698859214782715,0.03213712835774513,0.08,squared_error,12,1000,0.8,"{'model__learning_rate': 0.08, 'model__loss': 'squared_error', 'model__max_depth': 12, 'model__n_estimators': 1000, 'model__subsample': 0.8}",0.34835049955621156,-0.0956790195222621,-0.6222670016632545,0.33476708448370507,0.3462651424388443,0.06228734105864886,0.38217502590250746,518,0.9999999999999996,0.9999999999999996,0.9999999999999996,0.9999999999999996,0.9999999999999996,0.9999999999999997,1.1102230246251565e-16
1.9010941982269287,0.8846200501909373,0.021923065185546875,0.02661839585386157,0.08,absolute_error,6,200,0.2,"{'model__learning_rate': 0.08, 'model__loss': 'absolute_error', 'model__max_depth': 6, 'model__n_estimators': 200, 'model__subsample': 0.2}",0.2492095293727271,0.017035249340479286,-0.14457087444355343,0.2051724958107003,0.1832310245540033,0.10201548492687132,0.1462394560709388,431,0.8485325874991243,0.8204022196047949,0.8614002904079183,0.8475564387515904,0.843868987055873,0.8443521046638602,0.01335825757957393
4.037917566299439,1.8823724552121437,0.007988548278808594,8.540506265107558e-05,0.08,absolute_error,6,200,0.4,"{'model__learning_rate': 0.08, 'model__loss': 'absolute_error', 'model__max_depth': 6, 'model__n_estimators': 200, 'model__subsample': 0.4}",0.4397549757379673,-0.07332884216912916,-0.17205801113534358,0.31211662139070395,0.30581043802923036,0.16245903637068576,0.23972385523328046,227,0.923290509493187,0.9309494662852434,0.9364917683179921,0.9425045770306932,0.9427658744324601,0.9352004391119152,0.007377953197744024
6.382090473175049,3.0075055698776603,0.009189176559448241,0.0009508803376499983,0.08,absolute_error,6,200,0.6000000000000001,"{'model__learning_rate': 0.08, 'model__loss': 'absolute_error', 'model__max_depth': 6, 'model__n_estimators': 200, 'model__subsample': 0.6000000000000001}",0.3283652192344797,0.09117027632581731,-0.19860384557298638,0.3311850183938474,0.29598108714986937,0.16961955110620547,0.204457126917215,206,0.9306612803784995,0.9494156583083855,0.9552297052441494,0.9621697032730939,0.9460537437550607,0.9487060181918376,0.010554430541330533
8.883931922912598,4.3146604936838635,0.009228801727294922,0.0007239365323254047,0.08,absolute_error,6,200,0.8,"{'model__learning_rate': 0.08, 'model__loss': 'absolute_error', 'model__max_depth': 6, 'model__n_estimators': 200, 'model__subsample': 0.8}",0.4690209861804514,0.11467510644976464,-0.006066686335636673,0.3609528815655255,0.2773774663827473,0.24319195084857043,0.1701067235471567,12,0.9542259537760138,0.9583293651688082,0.9746736567958212,0.9707333697768642,0.9482329397450753,0.9612390570525167,0.009974361695972787
4.640289688110352,2.106823958121082,0.022254276275634765,0.027896669769650516,0.08,absolute_error,6,500,0.2,"{'model__learning_rate': 0.08, 'model__loss': 'absolute_error', 'model__max_depth': 6, 'model__n_estimators': 500, 'model__subsample': 0.2}",0.2633067054487296,0.0921684737948717,-0.25318833336124036,0.15144088043811377,0.17072110709827748,0.08488976668375044,0.17775176797140851,473,0.9603515632362623,0.9408816281464354,0.9513169901405697,0.9443503506790579,0.9285514411570188,0.9450903946718687,0.010615763008139831
12.204031324386596,5.657833474349699,0.02283930778503418,0.025546387815645645,0.08,absolute_error,6,500,0.4,"{'model__learning_rate': 0.08, 'model__loss': 'absolute_error', 'model__max_depth': 6, 'model__n_estimators': 500, 'model__subsample': 0.4}",0.40407453953543204,-0.05003669381422693,-0.18286846072905072,0.30573168383594496,0.33176293012328206,0.16173279979027627,0.23322598046666349,232,0.9826946821255905,0.9818840591398071,0.9727798085036311,0.9872754586856803,0.9815305376440656,0.9812329092197549,0.004703544933147026
27.217432689666747,7.584231364961564,0.01024165153503418,0.0016788425729330429,0.08,absolute_error,6,500,0.6000000000000001,"{'model__learning_rate': 0.08, 'model__loss': 'absolute_error', 'model__max_depth': 6, 'model__n_estimators': 500, 'model__subsample': 0.6000000000000001}",0.31883627789500446,0.07889372500163505,-0.22779774551167353,0.34390704483880785,0.3168434796816013,0.16613655638107502,0.21928414173508845,217,0.9824246770809805,0.9848874012526128,0.9892467038505157,0.9893726827339043,0.9893247327985609,0.9870512395433149,0.002879764225042278
31.966735124588013,12.46870313638097,0.03697466850280762,0.03173619772417804,0.08,absolute_error,6,500,0.8,"{'model__learning_rate': 0.08, 'model__loss': 'absolute_error', 'model__max_depth': 6, 'model__n_estimators': 500, 'model__subsample': 0.8}",0.47681682616404175,0.14453638644055644,-0.06434934176091378,0.36911486569174545,0.289221909958735,0.24306812929883295,0.18807998850178068,16,0.9949490745655701,0.9944440665273321,0.9974000663274949,0.9938224807650249,0.9911891154665584,0.994360960730396,0.001996973226548641
15.395337963104248,4.191483829627927,0.03726506233215332,0.03344483631440292,0.08,absolute_error,6,1000,0.2,"{'model__learning_rate': 0.08, 'model__loss': 'absolute_error', 'model__max_depth': 6, 'model__n_estimators': 1000, 'model__subsample': 0.2}",0.2701779406813758,0.12393784685182063,-0.3133304840469553,0.11720721324549666,0.18792497172927303,0.07718349769220216,0.20287906052740198,490,0.9888428500782127,0.9741910783705946,0.9899453980681351,0.9776552478434765,0.9736403413951069,0.9808549831511051,0.00711531657818441
24.33609700202942,11.407001987107552,0.024532270431518555,0.027950736711705983,0.08,absolute_error,6,1000,0.4,"{'model__learning_rate': 0.08, 'model__loss': 'absolute_error', 'model__max_depth': 6, 'model__n_estimators': 1000, 'model__subsample': 0.4}",0.3987933061689747,-0.035443302817582234,-0.1954436978161087,0.30922547840746384,0.33221926816580316,0.16187021042171015,0.23386781792411623,231,0.9969466464049369,0.9960876595547764,0.9934012856872073,0.9961587549430942,0.9949885520234893,0.9955165797227007,0.001227753559283094
54.839814805984496,15.358128092401738,0.02327427864074707,0.027267820644389446,0.08,absolute_error,6,1000,0.6000000000000001,"{'model__learning_rate': 0.08, 'model__loss': 'absolute_error', 'model__max_depth': 6, 'model__n_estimators': 1000, 'model__subsample': 0.6000000000000001}",0.2949070930355203,0.10522614987038481,-0.22211866278994385,0.33948272403518587,0.32521697969510677,0.1685428567692508,0.21277244533043052,211,0.9986040670013249,0.9964459374648507,0.9984622378443774,0.9984898420273162,0.9983044147312913,0.9980612998138321,0.0008133260520224556
66.10231027603149,26.499239145444495,0.024785566329956054,0.026602382401628488,0.08,absolute_error,6,1000,0.8,"{'model__learning_rate': 0.08, 'model__loss': 'absolute_error', 'model__max_depth': 6, 'model__n_estimators': 1000, 'model__subsample': 0.8}",0.46629700625258264,0.14848929375877984,-0.08950678727982075,0.3653616653404337,0.2923297890711478,0.23659419342862464,0.19316067075275284,24,0.9997036961211517,0.9996013890174248,0.9998099331899215,0.9987707183612715,0.999307497681761,0.9994386468743061,0.0003736089521929034
1.3882381916046143,0.021478738214880652,0.007966375350952149,0.0004763166829570459,0.08,absolute_error,9,200,0.2,"{'model__learning_rate': 0.08, 'model__loss': 'absolute_error', 'model__max_depth': 9, 'model__n_estimators': 200, 'model__subsample': 0.2}",0.2492095293727271,0.017035249340479286,-0.14457087444355343,0.2051724958107003,0.1832310245540033,0.10201548492687132,0.1462394560709388,431,0.8485325874991243,0.8204022196047949,0.8614002904079183,0.8475564387515904,0.843868987055873,0.8443521046638602,0.01335825757957393
4.8596631526947025,2.3267571060485914,0.009740257263183593,0.000291884001698176,0.08,absolute_error,9,200,0.4,"{'model__learning_rate': 0.08, 'model__loss': 'absolute_error', 'model__max_depth': 9, 'model__n_estimators': 200, 'model__subsample': 0.4}",0.4437868426603635,-0.07332884216912916,-0.15090250836540675,0.31447837600421646,0.3900836928099757,0.18482351218800394,0.2471269839278024,168,0.921952070708859,0.9309494662852434,0.9332241389587668,0.9408493650460923,0.9355494796102721,0.9325049041218467,0.006216083118450539
9.705426740646363,3.7874074893195595,0.008206415176391601,0.0010440834560746517,0.08,absolute_error,9,200,0.6000000000000001,"{'model__learning_rate': 0.08, 'model__loss': 'absolute_error', 'model__max_depth': 9, 'model__n_estimators': 200, 'model__subsample': 0.6000000000000001}",0.5503950416874338,-0.06128761693304363,-0.045979720718503536,0.28718376383225763,0.37170434802173835,0.2204031631779765,0.239397524412277,57,0.9326970112709626,0.9547988586554322,0.9545428489408321,0.962841075662806,0.9658578274125299,0.9541475243885126,0.011605292426373334
14.129628038406372,5.635529930706102,0.022437286376953126,0.028941072924951544,0.08,absolute_error,9,200,0.8,"{'model__learning_rate': 0.08, 'model__loss': 'absolute_error', 'model__max_depth': 9, 'model__n_estimators': 200, 'model__subsample': 0.8}",0.44130040802398984,0.18536594340293577,0.04620243618416309,0.30807333976758056,0.32606050056308356,0.2614005255883506,0.13476995734867775,2,0.9681439482632171,0.9765672173247565,0.9817518759646133,0.9597403682005999,0.9714223743861311,0.9715251568278637,0.007487757166649315
5.59422082901001,2.5986893780515095,0.008824872970581054,0.0016021751321481186,0.08,absolute_error,9,500,0.2,"{'model__learning_rate': 0.08, 'model__loss': 'absolute_error', 'model__max_depth': 9, 'model__n_estimators': 500, 'model__subsample': 0.2}",0.2633067054487296,0.0921684737948717,-0.25318833336124036,0.15144088043811377,0.17072110709827748,0.08488976668375044,0.17775176797140851,473,0.9603515632362623,0.9408816281464354,0.9513169901405697,0.9443503506790579,0.9285514411570188,0.9450903946718687,0.010615763008139831
8.836760139465332,1.3514395222893445,0.009049081802368164,0.0009073864022620985,0.08,absolute_error,9,500,0.4,"{'model__learning_rate': 0.08, 'model__loss': 'absolute_error', 'model__max_depth': 9, 'model__n_estimators': 500, 'model__subsample': 0.4}",0.4611111861212014,-0.0668890493972003,-0.2103118834083213,0.2868925543746077,0.396845478999451,0.1735296573379477,0.264786601351685,197,0.9671050041699598,0.981894108486154,0.9789598037884466,0.9857752906582902,0.9800322325084001,0.9787532879222501,0.006269515749575863
24.162202072143554,9.593424621035286,0.023228788375854494,0.028144099313810768,0.08,absolute_error,9,500,0.6000000000000001,"{'model__learning_rate': 0.08, 'model__loss': 'absolute_error', 'model__max_depth': 9, 'model__n_estimators': 500, 'model__subsample': 0.6000000000000001}",0.5965498513287188,-0.0163487049715898,-0.058630165139948565,0.3234455998654203,0.3688287337030025,0.2427690629571207,0.24720198331355356,17,0.9781040642437459,0.993905205094698,0.9917358772679694,0.9937638869945223,0.9920471383253204,0.9899112343852512,0.005968172386866115
35.51790661811829,14.346508309615189,0.02216200828552246,0.026257074571069988,0.08,absolute_error,9,500,0.8,"{'model__learning_rate': 0.08, 'model__loss': 'absolute_error', 'model__max_depth': 9, 'model__n_estimators': 500, 'model__subsample': 0.8}",0.4413009774400769,0.21428619507322588,0.01052877949061104,0.31428951737764554,0.3335505270187369,0.26279119928005923,0.14526786568183703,1,0.995102862152816,0.9975956838629889,0.9965826446293612,0.9961872771341851,0.9977581046697575,0.9966453144898217,0.0009730764484375185
15.293197393417358,4.220309738889927,0.02263350486755371,0.025261260934286746,0.08,absolute_error,9,1000,0.2,"{'model__learning_rate': 0.08, 'model__loss': 'absolute_error', 'model__max_depth': 9, 'model__n_estimators': 1000, 'model__subsample': 0.2}",0.2701779406813758,0.12393784685182063,-0.3133304840469553,0.11720721324549666,0.18792497172927303,0.07718349769220216,0.20287906052740198,490,0.9888428500782127,0.9741910783705946,0.9899453980681351,0.9776552478434765,0.9736403413951069,0.9808549831511051,0.00711531657818441
24.25786933898926,11.298823815441,0.036722564697265626,0.032350000072897206,0.08,absolute_error,9,1000,0.4,"{'model__learning_rate': 0.08, 'model__loss': 'absolute_error', 'model__max_depth': 9, 'model__n_estimators': 1000, 'model__subsample': 0.4}",0.4678123420776016,-0.05944565172944172,-0.20297451431217195,0.29095655709242585,0.38972426110246305,0.17721459884617535,0.26195284841200545,186,0.9893359576295657,0.9950837647318709,0.9904720410397845,0.9951075505297245,0.9936453492847008,0.9927289326431292,0.002393688193122164
53.36349701881409,13.866120105916561,0.023870515823364257,0.025941684943657933,0.08,absolute_error,9,1000,0.6000000000000001,"{'model__learning_rate': 0.08, 'model__loss': 'absolute_error', 'model__max_depth': 9, 'model__n_estimators': 1000, 'model__subsample': 0.6000000000000001}",0.5908871550413461,-0.016778426426786952,-0.08714486181880865,0.3254486429258423,0.3781184209388804,0.23810618613209464,0.25394525102523985,22,0.9975729416932558,0.9993684040313969,0.9991492305457574,0.9994945391119218,0.9995300549112233,0.9990230340587111,0.0007372056700559015
55.05862979888916,21.93563491023732,0.025635433197021485,0.024718638664772512,0.08,absolute_error,9,1000,0.8,"{'model__learning_rate': 0.08, 'model__loss': 'absolute_error', 'model__max_depth': 9, 'model__n_estimators': 1000, 'model__subsample': 0.8}",0.4386523139294711,0.21835131090111215,-0.021543787699326744,0.31442879346663644,0.3341102742622737,0.2567997809720334,0.15577020656622503,5,0.9997099608379272,0.9999068115705786,0.9999265652105344,0.9998585134573865,0.9999573639119326,0.9998718429976717,8.708003070223429e-05
3.5076430320739744,0.048032025214496205,0.050272369384765626,0.035331535594520326,0.08,absolute_error,12,200,0.2,"{'model__learning_rate': 0.08, 'model__loss': 'absolute_error', 'model__max_depth': 12, 'model__n_estimators': 200, 'model__subsample': 0.2}",0.2492095293727271,0.017035249340479286,-0.14457087444355343,0.2051724958107003,0.1832310245540033,0.10201548492687132,0.1462394560709388,431,0.8485325874991243,0.8204022196047949,0.8614002904079183,0.8475564387515904,0.843868987055873,0.8443521046638602,0.01335825757957393
7.611628675460816,0.08935813214586844,0.03437309265136719,0.0324802957784558,0.08,absolute_error,12,200,0.4,"{'model__learning_rate': 0.08, 'model__loss': 'absolute_error', 'model__max_depth': 12, 'model__n_estimators': 200, 'model__subsample': 0.4}",0.4437868426603635,-0.07332884216912916,-0.15090250836540675,0.31447837600421646,0.3900836928099757,0.18482351218800394,0.2471269839278024,168,0.921952070708859,0.9309494662852434,0.9332241389587668,0.9408493650460923,0.9355494796102721,0.9325049041218467,0.006216083118450539
11.48925609588623,2.536785831917406,0.022076129913330078,0.027522621059885514,0.08,absolute_error,12,200,0.6000000000000001,"{'model__learning_rate': 0.08, 'model__loss': 'absolute_error', 'model__max_depth': 12, 'model__n_estimators': 200, 'model__subsample': 0.6000000000000001}",0.5507604085378021,-0.0482857539279955,-0.06649207199702634,0.300346882096706,0.3632120919972729,0.21990831134135186,0.24100733750523143,58,0.9326936267165864,0.9533561555726681,0.9655506430072783,0.9543676167922482,0.9572266110843732,0.952638930634631,0.010854280668283516
16.503428792953493,4.633729759378885,0.02125124931335449,0.027007430429492916,0.08,absolute_error,12,200,0.8,"{'model__learning_rate': 0.08, 'model__loss': 'absolute_error', 'model__max_depth': 12, 'model__n_estimators': 200, 'model__subsample': 0.8}",0.4466720139760968,0.17308339605805712,-0.067357423277012,0.2817185358181421,0.29605396138731,0.22603409679251882,0.17062648648059253,40,0.9643990610853076,0.9836992416753839,0.9791652399625911,0.9845745607824127,0.9670006047057689,0.975767741642293,0.008463112177546406
7.391005802154541,2.030758190665202,0.047494029998779295,0.0323299730763221,0.08,absolute_error,12,500,0.2,"{'model__learning_rate': 0.08, 'model__loss': 'absolute_error', 'model__max_depth': 12, 'model__n_estimators': 500, 'model__subsample': 0.2}",0.2633067054487296,0.0921684737948717,-0.25318833336124036,0.15144088043811377,0.17072110709827748,0.08488976668375044,0.17775176797140851,473,0.9603515632362623,0.9408816281464354,0.9513169901405697,0.9443503506790579,0.9285514411570188,0.9450903946718687,0.010615763008139831
14.479731369018555,5.5951265738591935,0.022521781921386718,0.027055609882004502,0.08,absolute_error,12,500,0.4,"{'model__learning_rate': 0.08, 'model__loss': 'absolute_error', 'model__max_depth': 12, 'model__n_estimators': 500, 'model__subsample': 0.4}",0.4611111861212014,-0.0668890493972003,-0.2103118834083213,0.2868925543746077,0.396845478999451,0.1735296573379477,0.264786601351685,197,0.9671050041699598,0.981894108486154,0.9789598037884466,0.9857752906582902,0.9800322325084001,0.9787532879222501,0.006269515749575863
28.04772243499756,7.790435473820733,0.023896551132202147,0.028350568303935095,0.08,absolute_error,12,500,0.6000000000000001,"{'model__learning_rate': 0.08, 'model__loss': 'absolute_error', 'model__max_depth': 12, 'model__n_estimators': 500, 'model__subsample': 0.6000000000000001}",0.5542362295052412,-0.026539698252448174,-0.10995938664994598,0.31878566863891844,0.3878067418953828,0.22486591102742964,0.25265320194687596,42,0.9834541186221493,0.9855145403413557,0.9909652068423517,0.990635242322787,0.9914103738995874,0.9883958964056461,0.0032688371402975914
41.6465142250061,11.812341671513584,0.02354745864868164,0.027091125262816908,0.08,absolute_error,12,500,0.8,"{'model__learning_rate': 0.08, 'model__loss': 'absolute_error', 'model__max_depth': 12, 'model__n_estimators': 500, 'model__subsample': 0.8}",0.45910200534218004,0.1936468494631064,-0.09596407053284572,0.28573421041040037,0.3172282512471821,0.23194944918600466,0.1848014739925938,31,0.9938349062517514,0.9979741969412926,0.9979152050403016,0.9983478754475195,0.9917607215046168,0.9959665810370965,0.002673256889682935
15.404720783233643,4.3006431918878185,0.009273576736450195,0.0011341914309497805,0.08,absolute_error,12,1000,0.2,"{'model__learning_rate': 0.08, 'model__loss': 'absolute_error', 'model__max_depth': 12, 'model__n_estimators': 1000, 'model__subsample': 0.2}",0.2701779406813758,0.12393784685182063,-0.3133304840469553,0.11720721324549666,0.18792497172927303,0.07718349769220216,0.20287906052740198,490,0.9888428500782127,0.9741910783705946,0.9899453980681351,0.9776552478434765,0.9736403413951069,0.9808549831511051,0.00711531657818441
24.329465103149413,11.357330352890862,0.024192619323730468,0.026157005498399374,0.08,absolute_error,12,1000,0.4,"{'model__learning_rate': 0.08, 'model__loss': 'absolute_error', 'model__max_depth': 12, 'model__n_estimators': 1000, 'model__subsample': 0.4}",0.4678123420776016,-0.05944565172944172,-0.20297451431217195,0.29095655709242585,0.38972426110246305,0.17721459884617535,0.26195284841200545,186,0.9893359576295657,0.9950837647318709,0.9904720410397845,0.9951075505297245,0.9936453492847008,0.9927289326431292,0.002393688193122164
64.46852211952209,0.3795548990138628,0.03833274841308594,0.03388004493299699,0.08,absolute_error,12,1000,0.6000000000000001,"{'model__learning_rate': 0.08, 'model__loss': 'absolute_error', 'model__max_depth': 12, 'model__n_estimators': 1000, 'model__subsample': 0.6000000000000001}",0.5506401511729425,-0.028860977749973316,-0.1037413647671217,0.3127109817775785,0.3798060054538017,0.22211095917744555,0.24906793123709695,52,0.9971804187369128,0.9983429099969248,0.9993510941272107,0.9989188870572171,0.9983535778920377,0.9984293775620607,0.0007296987527783216
56.352864789962766,21.656735447887066,0.026388835906982423,0.02833764791221447,0.08,absolute_error,12,1000,0.8,"{'model__learning_rate': 0.08, 'model__loss': 'absolute_error', 'model__max_depth': 12, 'model__n_estimators': 1000, 'model__subsample': 0.8}",0.45294838879022825,0.1979460512664225,-0.09963903964988763,0.2866279194815785,0.3336422028838494,0.2343051045544382,0.18614569240902656,28,0.9997217515682059,0.9998893534015059,0.99983537462961,0.9999270667514129,0.9996435444537894,0.9998034181609048,0.00010575829990479173
4.43769097328186,0.024555132789718093,0.035350704193115236,0.033120787387429226,0.1,squared_error,6,200,0.2,"{'model__learning_rate': 0.1, 'model__loss': 'squared_error', 'model__max_depth': 6, 'model__n_estimators': 200, 'model__subsample': 0.2}",-0.2621460814198422,0.06305633209926742,-0.07007329941043339,-0.012652570144193298,0.30728268604323317,0.0050934134336063416,0.18550469464842426,561,0.9942185817619382,0.9954509594906229,0.9921770832910245,0.9921840621575214,0.9933293206118405,0.9934720014625895,0.001251368496475153
9.010486841201782,0.07354136470264007,0.04918212890625,0.0330283235898403,0.1,squared_error,6,200,0.4,"{'model__learning_rate': 0.1, 'model__loss': 'squared_error', 'model__max_depth': 6, 'model__n_estimators': 200, 'model__subsample': 0.4}",0.057453785948440084,0.25378920276206884,-0.5040914774658494,0.10498339240579546,0.3822814093512681,0.05888326260034462,0.30385605478793204,520,0.9999922457015032,0.9999934613632185,0.9999941282752314,0.9999891631393198,0.9999952457131004,0.9999928488384748,2.0835213180494533e-06
13.560280418395996,0.03567504331399385,0.021862506866455078,0.025949736834911644,0.1,squared_error,6,200,0.6000000000000001,"{'model__learning_rate': 0.1, 'model__loss': 'squared_error', 'model__max_depth': 6, 'model__n_estimators': 200, 'model__subsample': 0.6000000000000001}",0.39106417029282137,0.02323593126321799,-0.5335663993398794,0.3318443914754844,0.4024327144509896,0.1230021616285268,0.35625533744231275,351,0.9999999950508358,0.9999999964593681,0.9999999973558362,0.9999999972552792,0.9999999972497855,0.999999996674221,8.735037146719086e-10
8.871636199951173,4.686573867871108,0.009308624267578124,0.0013957837771463538,0.1,squared_error,6,200,0.8,"{'model__learning_rate': 0.1, 'model__loss': 'squared_error', 'model__max_depth': 6, 'model__n_estimators': 200, 'model__subsample': 0.8}",0.3066231226258813,-0.08907927090309875,-0.5085204735028113,0.4747020819093176,0.3954034208244951,0.1158257761907568,0.36746532011137983,390,0.999999999995366,0.9999999999966875,0.99999999999616,0.9999999999872864,0.9999999999957753,0.9999999999942549,3.5115022857042335e-12
11.158305788040161,0.0953011561592902,0.037341976165771486,0.03260077340628554,0.1,squared_error,6,500,0.2,"{'model__learning_rate': 0.1, 'model__loss': 'squared_error', 'model__max_depth': 6, 'model__n_estimators': 500, 'model__subsample': 0.2}",-0.28044639334758403,0.06741017248484904,-0.09207424017370114,-0.013111841646717748,0.2820817710518876,-0.0072281063262532586,0.18501502368482908,570,0.9999919379093817,0.9999942990528957,0.9999882917481917,0.9999897717074469,0.9999897638512247,0.999990812853828,2.0956955798315728e-06
10.959617614746094,5.7611532980701785,0.009818649291992188,0.0009396570582766908,0.1,squared_error,6,500,0.4,"{'model__learning_rate': 0.1, 'model__loss': 'squared_error', 'model__max_depth': 6, 'model__n_estimators': 500, 'model__subsample': 0.4}",0.057095109855483495,0.2537173834950138,-0.5041619438373739,0.10451013507653129,0.38203444082753624,0.05863902508343819,0.30380639686131944,521,0.9999999999988854,0.9999999999994267,0.9999999999996297,0.9999999999965963,0.9999999999996454,0.9999999999988367,1.153502832611205e-12
22.58793215751648,6.675815813618414,0.02120318412780762,0.025716682107516174,0.1,squared_error,6,500,0.6000000000000001,"{'model__learning_rate': 0.1, 'model__loss': 'squared_error', 'model__max_depth': 6, 'model__n_estimators': 500, 'model__subsample': 0.6000000000000001}",0.3910675222331421,0.023223987900136245,-0.533592283594952,0.33184155507102375,0.4024350057000843,0.12299515746188687,0.3562660784753555,353,0.9999999999999996,0.9999999999999996,0.9999999999999996,0.9999999999999996,0.9999999999999996,0.9999999999999997,1.1102230246251565e-16
22.03437123298645,6.486470118724904,0.03513073921203613,0.031907092037353715,0.1,squared_error,6,500,0.8,"{'model__learning_rate': 0.1, 'model__loss': 'squared_error', 'model__max_depth': 6, 'model__n_estimators': 500, 'model__subsample': 0.8}",0.3066229566581079,-0.0890791421330861,-0.5085205665198671,0.47470174858109915,0.3954035921680904,0.11582571775086885,0.36746528108910537,392,0.9999999999999996,0.9999999999999996,0.9999999999999996,0.9999999999999996,0.9999999999999996,0.9999999999999997,1.1102230246251565e-16
16.494066858291625,6.930927587286941,0.0380584716796875,0.032623268141289095,0.1,squared_error,6,1000,0.2,"{'model__learning_rate': 0.1, 'model__loss': 'squared_error', 'model__max_depth': 6, 'model__n_estimators': 1000, 'model__subsample': 0.2}",-0.2813250191780481,0.06696226146122897,-0.09295483929495485,-0.013420384010381259,0.2824556974401159,-0.007656456716407867,0.18543814823277288,571,0.9999999998808246,0.9999999998114105,0.9999999996075499,0.9999999997462318,0.9999999998481164,0.9999999997788267,9.660692501572143e-11
14.578110694885254,7.820593487161926,0.01115732192993164,0.0008696952052179303,0.1,squared_error,6,1000,0.4,"{'model__learning_rate': 0.1, 'model__loss': 'squared_error', 'model__max_depth': 6, 'model__n_estimators': 1000, 'model__subsample': 0.4}",0.05709501576734166,0.25371733864979507,-0.5041621086968555,0.10451011100340579,0.38203441671482985,0.058638954687703373,0.30380644641775445,522,0.9999999999999997,0.9999999999999996,0.9999999999999997,0.9999999999999996,0.9999999999999996,0.9999999999999997,8.599750569898517e-17
21.720612668991087,7.1270588068064,0.022951507568359376,0.025993115213368046,0.1,squared_error,6,1000,0.6000000000000001,"{'model__learning_rate': 0.1, 'model__loss': 'squared_error', 'model__max_depth': 6, 'model__n_estimators': 1000, 'model__subsample': 0.6000000000000001}",0.39106752238452325,0.02322398828354333,-0.5335922836540419,0.331841555199605,0.40243500548733213,0.12299515754019237,0.356266078480143,352,0.9999999999999997,0.9999999999999996,0.9999999999999997,0.9999999999999996,0.9999999999999996,0.9999999999999997,8.599750569898517e-17
26.96463303565979,0.3794482203124956,0.008786964416503906,0.0009992121842333562,0.1,squared_error,6,1000,0.8,"{'model__learning_rate': 0.1, 'model__loss': 'squared_error', 'model__max_depth': 6, 'model__n_estimators': 1000, 'model__subsample': 0.8}",0.30662295691006647,-0.08907914123316019,-0.5085205672892636,0.47470174878362803,0.39540359168995665,0.11582571777224546,0.3674652812431612,391,0.9999999999999996,0.9999999999999996,0.9999999999999996,0.9999999999999996,0.9999999999999996,0.9999999999999997,1.1102230246251565e-16
3.0302831649780275,1.5235153739146325,0.009038209915161133,0.0009430668881718229,0.1,squared_error,9,200,0.2,"{'model__learning_rate': 0.1, 'model__loss': 'squared_error', 'model__max_depth': 9, 'model__n_estimators': 200, 'model__subsample': 0.2}",-0.1351855639492947,0.07469071201179589,-0.5991098160124515,0.19959425841588685,0.4033586369826446,-0.01133035451028377,0.3419592327041434,574,0.9938459820434423,0.9938522435406528,0.994253029352458,0.9937904367996797,0.9908565984650463,0.9933196580402559,0.0012425893440201033
6.950548696517944,3.5320249163771376,0.009521865844726562,0.0010621602618057291,0.1,squared_error,9,200,0.4,"{'model__learning_rate': 0.1, 'model__loss': 'squared_error', 'model__max_depth': 9, 'model__n_estimators': 200, 'model__subsample': 0.4}",0.3127646922872752,0.11269175973094225,-0.5349302104240592,0.1973838117642326,0.33317400722810186,0.08421681211729855,0.31974191045283573,479,0.9999979518537525,0.9999963440691308,0.9999967060419298,0.9999970401740127,0.999998157147821,0.9999972398573294,7.036518396244954e-07
6.439824962615967,0.09882039640040277,0.009535455703735351,0.0007616585708116303,0.1,squared_error,9,200,0.6000000000000001,"{'model__learning_rate': 0.1, 'model__loss': 'squared_error', 'model__max_depth': 9, 'model__n_estimators': 200, 'model__subsample': 0.6000000000000001}",0.32069334098393565,0.06791032602719771,-0.6182420487560838,0.3806070334717431,0.3632309430076318,0.10283991894688489,0.3777823313560452,427,0.9999999994187085,0.9999999963113464,0.9999999993727853,0.9999999988689198,0.9999999989453547,0.9999999985834229,1.1572061030368865e-09
15.83158564567566,7.021754981430382,0.009059333801269531,0.0007115451823451338,0.1,squared_error,9,200,0.8,"{'model__learning_rate': 0.1, 'model__loss': 'squared_error', 'model__max_depth': 9, 'model__n_estimators': 200, 'model__subsample': 0.8}",0.2814409126356159,-0.10535241247419203,-0.631643020268436,0.36384589147532753,0.3437262280657247,0.050403519886808024,0.3813423663040863,532,0.9999999999999483,0.999999999999918,0.9999999999998629,0.9999999999999304,0.9999999999998859,0.9999999999999091,3.079183093558731e-14
9.001808071136475,3.741718463863733,0.023373222351074217,0.026090796797504836,0.1,squared_error,9,500,0.2,"{'model__learning_rate': 0.1, 'model__loss': 'squared_error', 'model__max_depth': 9, 'model__n_estimators': 500, 'model__subsample': 0.2}",-0.10143454082067715,0.07256398854147939,-0.6033482568784709,0.18030136839238842,0.4069020342662556,-0.009003081299804937,0.33978116167691497,572,0.9999938183738065,0.9999942478774694,0.9999890672181632,0.9999929059535565,0.99998128066316,0.999990264017231,4.8501010089605944e-06
23.725673532485963,7.22184714133211,0.02480039596557617,0.026322077600880275,0.1,squared_error,9,500,0.4,"{'model__learning_rate': 0.1, 'model__loss': 'squared_error', 'model__max_depth': 9, 'model__n_estimators': 500, 'model__subsample': 0.4}",0.312968088253729,0.11253640990456282,-0.5349048695153495,0.197521745768669,0.3330587145577135,0.08423601779386496,0.3197502466538946,477,0.9999999999999257,0.9999999999993143,0.9999999999995343,0.9999999999999138,0.9999999999999082,0.9999999999997193,2.507510851056159e-13
24.214441871643068,10.755321995641633,0.022659158706665038,0.02635588743752917,0.1,squared_error,9,500,0.6000000000000001,"{'model__learning_rate': 0.1, 'model__loss': 'squared_error', 'model__max_depth': 9, 'model__n_estimators': 500, 'model__subsample': 0.6000000000000001}",0.32069212377343204,0.06793703524124106,-0.6182485227558867,0.38060626240977735,0.36323251107115584,0.10284388194794392,0.377784271433183,426,0.9999999999999996,0.9999999999999996,0.9999999999999997,0.9999999999999996,0.9999999999999996,0.9999999999999997,9.930136612989092e-17
21.676879167556763,9.132698584232212,0.03748974800109863,0.03347471539894928,0.1,squared_error,9,500,0.8,"{'model__learning_rate': 0.1, 'model__loss': 'squared_error', 'model__max_depth': 9, 'model__n_estimators': 500, 'model__subsample': 0.8}",0.28144090719444226,-0.10535240382116617,-0.6316430510920619,0.3638458524696173,0.3437262018959173,0.050403501329349766,0.3813423655258001,533,0.9999999999999996,0.9999999999999996,0.9999999999999996,0.9999999999999996,0.9999999999999996,0.9999999999999997,1.1102230246251565e-16
14.929203605651855,7.74310418747397,0.013457822799682616,0.0011428788145082937,0.1,squared_error,9,1000,0.2,"{'model__learning_rate': 0.1, 'model__loss': 'squared_error', 'model__max_depth': 9, 'model__n_estimators': 1000, 'model__subsample': 0.2}",-0.1019324028239883,0.07271935916548034,-0.6054000577111718,0.18071249611783957,0.4067953450640841,-0.009421052037551215,0.34055344007397026,573,0.9999999999054552,0.9999999999045549,0.9999999998387095,0.999999999856322,0.999999999340741,0.9999999997691565,2.1581720477686334e-10
14.209510660171508,2.94796808062635,0.012436914443969726,0.0009997409911259667,0.1,squared_error,9,1000,0.4,"{'model__learning_rate': 0.1, 'model__loss': 'squared_error', 'model__max_depth': 9, 'model__n_estimators': 1000, 'model__subsample': 0.4}",0.31296806587159287,0.1125364045070798,-0.5349051637270372,0.19752165800664134,0.33305872496254996,0.08423593792416535,0.31975035269478225,478,0.9999999999999997,0.9999999999999997,0.9999999999999997,0.9999999999999996,0.9999999999999996,0.9999999999999997,7.021666937153402e-17
29.62761445045471,8.863200892440165,0.023738908767700195,0.02561355958895062,0.1,squared_error,9,1000,0.6000000000000001,"{'model__learning_rate': 0.1, 'model__loss': 'squared_error', 'model__max_depth': 9, 'model__n_estimators': 1000, 'model__subsample': 0.6000000000000001}",0.32069212377744993,0.0679370346638436,-0.6182485212639213,0.3806062624693207,0.3632325103424977,0.10284388199783814,0.3777842707830713,425,0.9999999999999996,0.9999999999999996,0.9999999999999997,0.9999999999999996,0.9999999999999996,0.9999999999999997,9.930136612989092e-17
19.11465916633606,9.622230275617214,0.02365269660949707,0.027720807598294955,0.1,squared_error,9,1000,0.8,"{'model__learning_rate': 0.1, 'model__loss': 'squared_error', 'model__max_depth': 9, 'model__n_estimators': 1000, 'model__subsample': 0.8}",0.2814409069606223,-0.10535240361780662,-0.6316430520537186,0.3638458527667675,0.34372620194929193,0.0504035012010313,0.3813423658819076,534,0.9999999999999996,0.9999999999999996,0.9999999999999996,0.9999999999999996,0.9999999999999996,0.9999999999999997,1.1102230246251565e-16
4.878500890731812,0.03861558334269028,0.03508691787719727,0.032595407150187695,0.1,squared_error,12,200,0.2,"{'model__learning_rate': 0.1, 'model__loss': 'squared_error', 'model__max_depth': 12, 'model__n_estimators': 200, 'model__subsample': 0.2}",-0.335930171506734,0.01644947255731055,-0.299110990515167,0.10244423387518242,0.23791140089839213,-0.05564721093820317,0.2254775577429496,586,0.9903598031178782,0.9957735081957756,0.9945549609005317,0.9940063482725098,0.9941949954065367,0.9937779231786463,0.001816360052326256
10.422637033462525,3.0076907320052073,0.008100271224975586,0.00033547563021367965,0.1,squared_error,12,200,0.4,"{'model__learning_rate': 0.1, 'model__loss': 'squared_error', 'model__max_depth': 12, 'model__n_estimators': 200, 'model__subsample': 0.4}",0.3085063770894132,0.15677487845382765,-0.38034879949980205,0.2025396439393119,0.4282173003107296,0.14313788005869604,0.27798196222559934,289,0.9999967429874234,0.9999975057000356,0.9999962385883243,0.9999962473075674,0.9999968542478636,0.999996717766243,4.671286429815725e-07
15.381291961669922,6.372287697959103,0.023287057876586914,0.02726849520326052,0.1,squared_error,12,200,0.6000000000000001,"{'model__learning_rate': 0.1, 'model__loss': 'squared_error', 'model__max_depth': 12, 'model__n_estimators': 200, 'model__subsample': 0.6000000000000001}",0.4006174209106327,0.13863643443867946,-0.5119270237807123,0.30404610425748435,0.44033777829690013,0.15434214282459685,0.3490035999295987,249,0.9999999990039307,0.9999999994063913,0.9999999996665385,0.9999999994924441,0.9999999991698134,0.9999999993478236,2.3489335686283013e-10
18.073056745529176,9.32082827276167,0.010271596908569335,0.0013168261905331592,0.1,squared_error,12,200,0.8,"{'model__learning_rate': 0.1, 'model__loss': 'squared_error', 'model__max_depth': 12, 'model__n_estimators': 200, 'model__subsample': 0.8}",0.31729841926661173,-0.12910034008437954,-0.6525717970791787,0.41637807830821083,0.36135866830478613,0.0626726057432101,0.40681854646108984,515,0.9999999999999556,0.9999999999999836,0.9999999999999734,0.9999999999999019,0.9999999999999725,0.9999999999999574,2.917094887832594e-14
10.6854257106781,3.102265947812672,0.03697028160095215,0.03207807501448093,0.1,squared_error,12,500,0.2,"{'model__learning_rate': 0.1, 'model__loss': 'squared_error', 'model__max_depth': 12, 'model__n_estimators': 500, 'model__subsample': 0.2}",-0.3837244432254414,0.025667536010339664,-0.30756626730175585,0.09640833943858829,0.24713223598480005,-0.06441651981869385,0.24171129446670228,587,0.9999866308699019,0.9999941026405035,0.9999868144208065,0.999984776388881,0.9999906239053904,0.9999885896450966,3.3484467386795833e-06
19.13273549079895,9.620777823255708,0.02705249786376953,0.02812883742305299,0.1,squared_error,12,500,0.4,"{'model__learning_rate': 0.1, 'model__loss': 'squared_error', 'model__max_depth': 12, 'model__n_estimators': 500, 'model__subsample': 0.4}",0.3085375491239313,0.15653610157550946,-0.38068353184157466,0.20237571394478204,0.4282784160232309,0.1430088497651758,0.2781149393331723,290,0.9999999999996985,0.9999999999999272,0.9999999999997665,0.9999999999996027,0.9999999999997666,0.9999999999997522,1.0609436680590724e-13
35.32621259689331,2.5229685997845435,0.03739662170410156,0.03218804221043863,0.1,squared_error,12,500,0.6000000000000001,"{'model__learning_rate': 0.1, 'model__loss': 'squared_error', 'model__max_depth': 12, 'model__n_estimators': 500, 'model__subsample': 0.6000000000000001}",0.40061168548258785,0.13864214632393523,-0.5119303697634994,0.3040447264608144,0.44033364502388583,0.1543403667055448,0.34900322102334336,251,0.9999999999999996,0.9999999999999996,0.9999999999999997,0.9999999999999996,0.9999999999999996,0.9999999999999997,9.930136612989092e-17
29.757675886154175,9.039337386760307,0.02323451042175293,0.027687529409179977,0.1,squared_error,12,500,0.8,"{'model__learning_rate': 0.1, 'model__loss': 'squared_error', 'model__max_depth': 12, 'model__n_estimators': 500, 'model__subsample': 0.8}",0.3172984126270083,-0.12910032865016818,-0.6525718110934415,0.4163780959688177,0.3613586652064884,0.06267260681174094,0.40681855209577467,513,0.9999999999999996,0.9999999999999996,0.9999999999999996,0.9999999999999996,0.9999999999999996,0.9999999999999997,1.1102230246251565e-16
14.97713074684143,7.71466254398829,0.013194894790649414,0.0008712107267729616,0.1,squared_error,12,1000,0.2,"{'model__learning_rate': 0.1, 'model__loss': 'squared_error', 'model__max_depth': 12, 'model__n_estimators': 1000, 'model__subsample': 0.2}",-0.3839519603995747,0.025383527705598485,-0.3071116581942406,0.0957736329917731,0.24781566866083737,-0.06441815784712127,0.2417509880353961,588,0.9999999998387956,0.9999999998390499,0.9999999995178878,0.9999999997316849,0.9999999997190889,0.9999999997293013,1.1733661809039417e-10
22.415955686569212,9.315585972801042,0.013108634948730468,0.0010105406122777128,0.1,squared_error,12,1000,0.4,"{'model__learning_rate': 0.1, 'model__loss': 'squared_error', 'model__max_depth': 12, 'model__n_estimators': 1000, 'model__subsample': 0.4}",0.30853753583975796,0.1565361041813127,-0.38068372185791577,0.20237573270719045,0.4282784075077669,0.14300881167562246,0.2781150083917517,291,0.9999999999999997,0.9999999999999997,0.9999999999999997,0.9999999999999996,0.9999999999999996,0.9999999999999997,7.021666937153402e-17
31.989578866958617,9.100229930430418,0.023247909545898438,0.02613318764772481,0.1,squared_error,12,1000,0.6000000000000001,"{'model__learning_rate': 0.1, 'model__loss': 'squared_error', 'model__max_depth': 12, 'model__n_estimators': 1000, 'model__subsample': 0.6000000000000001}",0.4006116869481524,0.1386421462852827,-0.5119303691078441,0.3040447261675224,0.4403336449460218,0.15434036704782705,0.3490032209422631,250,0.9999999999999996,0.9999999999999996,0.9999999999999997,0.9999999999999996,0.9999999999999996,0.9999999999999997,9.930136612989092e-17
30.719102001190187,9.209935458611161,0.025118207931518553,0.03075847205935146,0.1,squared_error,12,1000,0.8,"{'model__learning_rate': 0.1, 'model__loss': 'squared_error', 'model__max_depth': 12, 'model__n_estimators': 1000, 'model__subsample': 0.8}",0.31729841269550807,-0.12910032886436418,-0.6525718110322298,0.4163780959706629,0.361358665199236,0.06267260679376259,0.4068185521022758,514,0.9999999999999996,0.9999999999999996,0.9999999999999996,0.9999999999999996,0.9999999999999996,0.9999999999999997,1.1102230246251565e-16
2.3228955268859863,1.108581506657865,0.008241844177246094,0.0008963915417703323,0.1,absolute_error,6,200,0.2,"{'model__learning_rate': 0.1, 'model__loss': 'absolute_error', 'model__max_depth': 6, 'model__n_estimators': 200, 'model__subsample': 0.2}",0.2899870615348391,-0.06034072602377272,-0.16133619654970444,0.11145381821623568,0.32053123558975805,0.10005903855347113,0.18913806491251886,440,0.8795380699227727,0.8772419544862711,0.8675957039511522,0.861077427453686,0.8526916609186461,0.8676289633465057,0.01000283110585916
5.83623514175415,2.3264053180553304,0.00835866928100586,0.0007199240987680816,0.1,absolute_error,6,200,0.4,"{'model__learning_rate': 0.1, 'model__loss': 'absolute_error', 'model__max_depth': 6, 'model__n_estimators': 200, 'model__subsample': 0.4}",0.25715701022753445,0.131930050940417,-0.11552655930961953,0.300164230935965,0.22340518003592225,0.15942598256604384,0.14819370605443669,235,0.9169240868403427,0.9376908403173496,0.9576043543188991,0.9626116302039979,0.9692281112735445,0.9488118045908267,0.019105350485891834
6.421553087234497,3.0077054972270183,0.009507179260253906,0.0009173588265359632,0.1,absolute_error,6,200,0.6000000000000001,"{'model__learning_rate': 0.1, 'model__loss': 'absolute_error', 'model__max_depth': 6, 'model__n_estimators': 200, 'model__subsample': 0.6000000000000001}",0.3729499347192726,-0.011013423998620597,-0.2485432396062368,0.30362622066206024,0.27146455131278036,0.13769680861785116,0.23326659436983938,312,0.9645033677966012,0.9465202058628576,0.9667747929179676,0.9678898818692987,0.9732139512074907,0.9637804399308433,0.009091568650617053
11.090837955474854,5.379748013939659,0.00867919921875,0.0014156311276562036,0.1,absolute_error,6,200,0.8,"{'model__learning_rate': 0.1, 'model__loss': 'absolute_error', 'model__max_depth': 6, 'model__n_estimators': 200, 'model__subsample': 0.8}",0.4423072104440221,0.007787487183845254,-0.21029322576978915,0.3872107435700981,0.3667197704735591,0.1987463971803471,0.25566949454462545,130,0.9693901133140073,0.9695745694803194,0.9760929224180755,0.9885953402664924,0.9695339019429794,0.9746373694843748,0.007431750868292806
3.594246435165405,0.04735238221858271,0.010395622253417969,0.0006752150474939588,0.1,absolute_error,6,500,0.2,"{'model__learning_rate': 0.1, 'model__loss': 'absolute_error', 'model__max_depth': 6, 'model__n_estimators': 500, 'model__subsample': 0.2}",0.32092547346353306,-0.01593293594973466,-0.31591377946318855,0.1186705143156912,0.3562342962606524,0.0927967137253907,0.24534789521395928,450,0.9719144977656384,0.9649464768971433,0.9564422265464171,0.9682737355705929,0.9368778121999686,0.959690949795952,0.012503546308606221
15.057978057861328,5.65871897741373,0.008975553512573241,0.0009160992132730724,0.1,absolute_error,6,500,0.4,"{'model__learning_rate': 0.1, 'model__loss': 'absolute_error', 'model__max_depth': 6, 'model__n_estimators': 500, 'model__subsample': 0.4}",0.22010766506910306,0.13508997738479223,-0.13309860939837748,0.2832926409793187,0.22252071017546127,0.14558247684205955,0.1471127629462942,282,0.9800208562688226,0.9699735515018157,0.9904431338707917,0.989735842238747,0.9883004100450594,0.9836947587850474,0.0078104592455173925
28.627812671661378,5.060610752362851,0.009787702560424804,0.0010015052573648271,0.1,absolute_error,6,500,0.6000000000000001,"{'model__learning_rate': 0.1, 'model__loss': 'absolute_error', 'model__max_depth': 6, 'model__n_estimators': 500, 'model__subsample': 0.6000000000000001}",0.37099920791283614,-0.004181354341629362,-0.24320625376693705,0.30275816807292766,0.2881463803083518,0.14290322963710983,0.23211693496318941,292,0.995032337864824,0.9859916064259028,0.9966460433090454,0.9930502935356076,0.9971859197144864,0.9935812401699733,0.00405898662519543
26.789745235443114,10.572297090887778,0.01046161651611328,0.0009781088125784365,0.1,absolute_error,6,500,0.8,"{'model__learning_rate': 0.1, 'model__loss': 'absolute_error', 'model__max_depth': 6, 'model__n_estimators': 500, 'model__subsample': 0.8}",0.4230820173834633,0.02740505446174879,-0.2719102523838546,0.37563969158370036,0.36074544078839976,0.18299239036669152,0.2673933402599625,174,0.9956704847572344,0.9927470936101197,0.996432402435684,0.999068868374883,0.9968760967733032,0.9961589891902449,0.0020462679681996646
16.40917224884033,3.0834461145065575,0.023340320587158202,0.027676841513484682,0.1,absolute_error,6,1000,0.2,"{'model__learning_rate': 0.1, 'model__loss': 'absolute_error', 'model__max_depth': 6, 'model__n_estimators': 1000, 'model__subsample': 0.2}",0.34603728850104687,0.005953081651638659,-0.3012899098195494,0.12833085526513288,0.32373510345329015,0.10055328381031184,0.23717979052574753,437,0.996191073024368,0.9943753731431618,0.9884013607454882,0.9938852590062424,0.9837732123310767,0.9913252556500675,0.004585096123971434
27.015775203704834,9.985177102977914,0.009604263305664062,0.0017835084994729073,0.1,absolute_error,6,1000,0.4,"{'model__learning_rate': 0.1, 'model__loss': 'absolute_error', 'model__max_depth': 6, 'model__n_estimators': 1000, 'model__subsample': 0.4}",0.22169879961392824,0.17750551600924824,-0.13017958411868502,0.2816948109385091,0.23522185349451474,0.15718827918750305,0.14747596508361305,239,0.9972827091575514,0.9969193039887768,0.9970753685054389,0.9984272964989356,0.998906377042294,0.9977222110385993,0.0007944333235065931
53.12798633575439,10.132577254784895,0.0244473934173584,0.02738534762891702,0.1,absolute_error,6,1000,0.6000000000000001,"{'model__learning_rate': 0.1, 'model__loss': 'absolute_error', 'model__max_depth': 6, 'model__n_estimators': 1000, 'model__subsample': 0.6000000000000001}",0.37027282145225604,0.00402423784857231,-0.23670641964728434,0.2983136060573285,0.2920600868948352,0.14559286652114153,0.22867084374945726,281,0.999749987855202,0.9993349595401373,0.9998349071165058,0.9988965834583575,0.9997212158932021,0.999507530772681,0.0003506164540558531
64.18377060890198,18.308045800605083,0.025659942626953126,0.026290779655516874,0.1,absolute_error,6,1000,0.8,"{'model__learning_rate': 0.1, 'model__loss': 'absolute_error', 'model__max_depth': 6, 'model__n_estimators': 1000, 'model__subsample': 0.8}",0.41990437379907564,0.034614092158564924,-0.2693352889013443,0.3736824432587381,0.36186626566753444,0.18414637719651378,0.26498891969820515,171,0.9994706836408747,0.9996892366643716,0.9997562588540632,0.9999598440750935,0.9999777977591877,0.9997707641987181,0.0001873603906308288
1.4223501682281494,0.020391351166569493,0.008863353729248047,0.0008143415243310724,0.1,absolute_error,9,200,0.2,"{'model__learning_rate': 0.1, 'model__loss': 'absolute_error', 'model__max_depth': 9, 'model__n_estimators': 200, 'model__subsample': 0.2}",0.2899870615348391,-0.06034072602377272,-0.16133619654970444,0.11145381821623568,0.32053123558975805,0.10005903855347113,0.18913806491251886,440,0.8795380699227727,0.8772419544862711,0.8675957039511522,0.861077427453686,0.8526916609186461,0.8676289633465057,0.01000283110585916
3.763700819015503,1.383812612446836,0.008401441574096679,0.0006468091796985286,0.1,absolute_error,9,200,0.4,"{'model__learning_rate': 0.1, 'model__loss': 'absolute_error', 'model__max_depth': 9, 'model__n_estimators': 200, 'model__subsample': 0.4}",0.25715701022753445,0.1573706221069533,-0.11552655930961953,0.2860608051420853,0.2719631165350198,0.17140499894039468,0.15042471818328806,201,0.9169240868403427,0.9384566883385212,0.9576043543188991,0.9416746736305986,0.9608916385271079,0.943110288331094,0.015720613821511627
4.976416683197021,0.07241605117218128,0.009851694107055664,0.001553089441960528,0.1,absolute_error,9,200,0.6000000000000001,"{'model__learning_rate': 0.1, 'model__loss': 'absolute_error', 'model__max_depth': 9, 'model__n_estimators': 200, 'model__subsample': 0.6000000000000001}",0.4217892336088609,0.017489940178732954,-0.28129343326394296,0.28783988261428894,0.2840045264706761,0.1459660299217232,0.25072614973987695,280,0.9511347969320813,0.9690724093674753,0.9839204479604409,0.9716912911247465,0.9750552261094746,0.9701748342988437,0.010759164689891127
13.451757192611694,5.302985777073105,0.009328985214233398,0.0007136939895818217,0.1,absolute_error,9,200,0.8,"{'model__learning_rate': 0.1, 'model__loss': 'absolute_error', 'model__max_depth': 9, 'model__n_estimators': 200, 'model__subsample': 0.8}",0.4040062950598605,-0.003224947655526611,-0.21583983223182623,0.35441201737311134,0.3390748932578026,0.17568568516068434,0.24333954933697569,192,0.9668196297453386,0.9703553128949777,0.982773093849042,0.9818187266398984,0.9771364542065601,0.9757806434671632,0.006275747162612409
3.8109840869903566,0.6004770797568026,0.022581100463867188,0.025911294958080887,0.1,absolute_error,9,500,0.2,"{'model__learning_rate': 0.1, 'model__loss': 'absolute_error', 'model__max_depth': 9, 'model__n_estimators': 500, 'model__subsample': 0.2}",0.32092547346353306,-0.01593293594973466,-0.31591377946318855,0.1186705143156912,0.3562342962606524,0.0927967137253907,0.24534789521395928,450,0.9719144977656384,0.9649464768971433,0.9564422265464171,0.9682737355705929,0.9368778121999686,0.959690949795952,0.012503546308606221
12.058898735046387,5.49915622312082,0.02276773452758789,0.02528610700809987,0.1,absolute_error,9,500,0.4,"{'model__learning_rate': 0.1, 'model__loss': 'absolute_error', 'model__max_depth': 9, 'model__n_estimators': 500, 'model__subsample': 0.4}",0.26404239184063505,0.1832037673862762,-0.16485373831020844,0.27496439395225236,0.27209662026678694,0.16589068702714843,0.1688207028765962,218,0.9814159967192676,0.9866158027487002,0.9892271639525455,0.9858149909403913,0.9901520366480363,0.9866451982017882,0.0030659132199232783
23.31197009086609,9.024447649312117,0.024150991439819337,0.02753389039450585,0.1,absolute_error,9,500,0.6000000000000001,"{'model__learning_rate': 0.1, 'model__loss': 'absolute_error', 'model__max_depth': 9, 'model__n_estimators': 500, 'model__subsample': 0.6000000000000001}",0.4228724733643908,0.06542627955678426,-0.31566970538740424,0.2998624358015577,0.2683142963485621,0.14816115593677812,0.25880513560305807,264,0.9817751958489891,0.9942614054137912,0.9979443779015441,0.9952012033117946,0.9977440477498694,0.9933852460451977,0.005977348194240738
26.62561321258545,10.852484588827874,0.023331212997436523,0.025760361922388345,0.1,absolute_error,9,500,0.8,"{'model__learning_rate': 0.1, 'model__loss': 'absolute_error', 'model__max_depth': 9, 'model__n_estimators': 500, 'model__subsample': 0.8}",0.3962460736115021,0.027442486096535212,-0.2326333285935609,0.358384019590237,0.3378602061357503,0.17745989136809276,0.24372561032196877,185,0.9974556194112267,0.996161448242076,0.9989598035900213,0.9989181068494111,0.9990363892361689,0.9981062734657808,0.0011365208587222181
11.283906316757202,5.144355862401426,0.010436534881591797,0.0015549654026258558,0.1,absolute_error,9,1000,0.2,"{'model__learning_rate': 0.1, 'model__loss': 'absolute_error', 'model__max_depth': 9, 'model__n_estimators': 1000, 'model__subsample': 0.2}",0.34603728850104687,0.005953081651638659,-0.3012899098195494,0.12833085526513288,0.32373510345329015,0.10055328381031184,0.23717979052574753,437,0.996191073024368,0.9943753731431618,0.9884013607454882,0.9938852590062424,0.9837732123310767,0.9913252556500675,0.004585096123971434
27.38618335723877,8.705699778040495,0.023292398452758788,0.025602981172889526,0.1,absolute_error,9,1000,0.4,"{'model__learning_rate': 0.1, 'model__loss': 'absolute_error', 'model__max_depth': 9, 'model__n_estimators': 1000, 'model__subsample': 0.4}",0.24069426128986815,0.18179077921023823,-0.21227456334092354,0.2662225238729121,0.28048712234861206,0.1513840246761414,0.1849345551541173,261,0.9964405951945771,0.9973454290539088,0.9971771222876754,0.99872862153025,0.9980980075589302,0.9975579551250682,0.0007875037344378488
44.66974816322327,11.517853337081176,0.02482185363769531,0.027269300340224144,0.1,absolute_error,9,1000,0.6000000000000001,"{'model__learning_rate': 0.1, 'model__loss': 'absolute_error', 'model__max_depth': 9, 'model__n_estimators': 1000, 'model__subsample': 0.6000000000000001}",0.40894113610374105,0.072192812791679,-0.3333171200379115,0.30392983768786175,0.2709006060722391,0.1445294545235219,0.2626258273703875,286,0.9993537512401218,0.9991380699038854,0.9997526760758181,0.9996988874129772,0.9998675265728605,0.9995621822411327,0.00027258984675449703
58.5001766204834,24.14552807080725,0.024945735931396484,0.02491699903426945,0.1,absolute_error,9,1000,0.8,"{'model__learning_rate': 0.1, 'model__loss': 'absolute_error', 'model__max_depth': 9, 'model__n_estimators': 1000, 'model__subsample': 0.8}",0.3935572732168805,0.03715165004032628,-0.2324085693490212,0.35594182572438016,0.3474343360772453,0.1803353031419622,0.24293308086730725,180,0.9999478345895357,0.9999388197030212,0.9999033110997643,0.9999833618812051,0.9999818737391544,0.9999510402025361,2.97761035290894e-05
1.3774039268493652,0.022567845690055457,0.008199644088745118,0.0014492791913688584,0.1,absolute_error,12,200,0.2,"{'model__learning_rate': 0.1, 'model__loss': 'absolute_error', 'model__max_depth': 12, 'model__n_estimators': 200, 'model__subsample': 0.2}",0.2899870615348391,-0.06034072602377272,-0.16133619654970444,0.11145381821623568,0.32053123558975805,0.10005903855347113,0.18913806491251886,440,0.8795380699227727,0.8772419544862711,0.8675957039511522,0.861077427453686,0.8526916609186461,0.8676289633465057,0.01000283110585916
4.9172426700592045,2.3469677806665645,0.021026039123535158,0.025890423329324785,0.1,absolute_error,12,200,0.4,"{'model__learning_rate': 0.1, 'model__loss': 'absolute_error', 'model__max_depth': 12, 'model__n_estimators': 200, 'model__subsample': 0.4}",0.25715701022753445,0.1573706221069533,-0.11552655930961953,0.2860608051420853,0.2719631165350198,0.17140499894039468,0.15042471818328806,201,0.9169240868403427,0.9384566883385212,0.9576043543188991,0.9416746736305986,0.9608916385271079,0.943110288331094,0.015720613821511627
9.658930444717408,3.936179737736151,0.007873010635375977,0.0014502549301557107,0.1,absolute_error,12,200,0.6000000000000001,"{'model__learning_rate': 0.1, 'model__loss': 'absolute_error', 'model__max_depth': 12, 'model__n_estimators': 200, 'model__subsample': 0.6000000000000001}",0.4217892336088609,0.017489940178732954,-0.28129343326394296,0.28479868674844944,0.2840045264706761,0.1453577907485553,0.2503846950459203,283,0.9511347969320813,0.9690724093674753,0.9839204479604409,0.9731843410612993,0.9750552261094746,0.9704734442861541,0.010817668641133638
11.263301992416382,3.576908126366277,0.009574317932128906,0.0005097742398537087,0.1,absolute_error,12,200,0.8,"{'model__learning_rate': 0.1, 'model__loss': 'absolute_error', 'model__max_depth': 12, 'model__n_estimators': 200, 'model__subsample': 0.8}",0.4663085613761111,0.08328189247973594,-0.12625725396248466,0.32688653665130385,0.3106553986099595,0.21217502703092514,0.20908888839789644,79,0.9808638378337515,0.9762356209742307,0.9880489508617186,0.9833269683625004,0.9745609205978603,0.9806072597260123,0.00486848757995151
7.73979344367981,2.157844865523677,0.03511004447937012,0.03211967042255381,0.1,absolute_error,12,500,0.2,"{'model__learning_rate': 0.1, 'model__loss': 'absolute_error', 'model__max_depth': 12, 'model__n_estimators': 500, 'model__subsample': 0.2}",0.32092547346353306,-0.01593293594973466,-0.31591377946318855,0.1186705143156912,0.3562342962606524,0.0927967137253907,0.24534789521395928,450,0.9719144977656384,0.9649464768971433,0.9564422265464171,0.9682737355705929,0.9368778121999686,0.959690949795952,0.012503546308606221
12.331174516677857,4.377936347138203,0.009154891967773438,0.0013917827991424452,0.1,absolute_error,12,500,0.4,"{'model__learning_rate': 0.1, 'model__loss': 'absolute_error', 'model__max_depth': 12, 'model__n_estimators': 500, 'model__subsample': 0.4}",0.26404239184063505,0.1832037673862762,-0.16485373831020844,0.27496439395225236,0.27209662026678694,0.16589068702714843,0.1688207028765962,218,0.9814159967192676,0.9866158027487002,0.9892271639525455,0.9858149909403913,0.9901520366480363,0.9866451982017882,0.0030659132199232783
21.88243522644043,8.868292678725783,0.022625160217285157,0.026413085788448032,0.1,absolute_error,12,500,0.6000000000000001,"{'model__learning_rate': 0.1, 'model__loss': 'absolute_error', 'model__max_depth': 12, 'model__n_estimators': 500, 'model__subsample': 0.6000000000000001}",0.3933966855957203,0.03332463254516749,-0.3153993046983672,0.29187754145575884,0.2790621020289208,0.13645233138544005,0.2550765246229571,314,0.9876723941163815,0.9962562682917324,0.9979693518843911,0.9929487407490585,0.9979054658644403,0.9945504441812009,0.003891733877148045
31.708270740509032,8.116443031810295,0.009710979461669923,0.000897734536337682,0.1,absolute_error,12,500,0.8,"{'model__learning_rate': 0.1, 'model__loss': 'absolute_error', 'model__max_depth': 12, 'model__n_estimators': 500, 'model__subsample': 0.8}",0.4651922813249082,0.08284464031676864,-0.15892004018730965,0.32938716580045047,0.3202476513276672,0.20775033971649695,0.22080585006741305,96,0.9973190121761273,0.998813094046745,0.9992828596249285,0.9996675543811889,0.9986708900834252,0.998750682062483,0.0007979734940433603
13.415490436553956,5.292101648453042,0.02227926254272461,0.025433326286472324,0.1,absolute_error,12,1000,0.2,"{'model__learning_rate': 0.1, 'model__loss': 'absolute_error', 'model__max_depth': 12, 'model__n_estimators': 1000, 'model__subsample': 0.2}",0.34603728850104687,0.005953081651638659,-0.3012899098195494,0.12833085526513288,0.32373510345329015,0.10055328381031184,0.23717979052574753,437,0.996191073024368,0.9943753731431618,0.9884013607454882,0.9938852590062424,0.9837732123310767,0.9913252556500675,0.004585096123971434
22.337930965423585,8.544504504288614,0.0110137939453125,0.0018671078742298636,0.1,absolute_error,12,1000,0.4,"{'model__learning_rate': 0.1, 'model__loss': 'absolute_error', 'model__max_depth': 12, 'model__n_estimators': 1000, 'model__subsample': 0.4}",0.24069426128986815,0.18179077921023823,-0.21227456334092354,0.2662225238729121,0.28048712234861206,0.1513840246761414,0.1849345551541173,261,0.9964405951945771,0.9973454290539088,0.9971771222876754,0.99872862153025,0.9980980075589302,0.9975579551250682,0.0007875037344378488
51.03757567405701,8.843552970219802,0.03711071014404297,0.03232178218332635,0.1,absolute_error,12,1000,0.6000000000000001,"{'model__learning_rate': 0.1, 'model__loss': 'absolute_error', 'model__max_depth': 12, 'model__n_estimators': 1000, 'model__subsample': 0.6000000000000001}",0.3836842114425888,0.0400803155330256,-0.3349783949109364,0.29009635365499864,0.2765483185113018,0.13108616084619568,0.2591322017461498,324,0.9988649001020301,0.9997483138704402,0.9999073809127897,0.9993679519473244,0.9998868542099022,0.9995550802084973,0.00039570054027096606
60.31128120422363,22.038802284555583,0.024635982513427735,0.025102857237277967,0.1,absolute_error,12,1000,0.8,"{'model__learning_rate': 0.1, 'model__loss': 'absolute_error', 'model__max_depth': 12, 'model__n_estimators': 1000, 'model__subsample': 0.8}",0.4690330397707877,0.08545426951102475,-0.1667127637334742,0.3288429951279974,0.32192570570468704,0.20770864927620453,0.22411917842229725,97,0.9999789073329187,0.9999965548549973,0.9999926171790713,0.9999951716359182,0.9999836707536554,0.9999893843513121,6.895985413708224e-06
4.510605382919311,0.012266019422352942,0.021157073974609374,0.025938628564686168,0.12000000000000001,squared_error,6,200,0.2,"{'model__learning_rate': 0.12000000000000001, 'model__loss': 'squared_error', 'model__max_depth': 6, 'model__n_estimators': 200, 'model__subsample': 0.2}",0.07193124787982241,-0.21609898884561396,-0.4534902171554638,0.20595957967691714,0.5122020890528081,0.024100742121693976,0.33448239238980165,553,0.9966384984985973,0.9962697552923468,0.9978303819873703,0.9967827413870712,0.9948662025826693,0.996477515949611,0.000957999970988011
7.061188459396362,2.590631971541702,0.0224700927734375,0.02765735213783933,0.12000000000000001,squared_error,6,200,0.4,"{'model__learning_rate': 0.12000000000000001, 'model__loss': 'squared_error', 'model__max_depth': 6, 'model__n_estimators': 200, 'model__subsample': 0.4}",0.35874669566390294,0.1891715998046435,-0.3008994722660694,0.17531653790900004,0.38779377675074234,0.16202582757244388,0.24693466179568316,228,0.9999989830010346,0.9999992949934214,0.9999991575045065,0.9999994513274467,0.9999988445035141,0.9999991462659847,2.1588176533943908e-07
10.418876647949219,3.455076262043627,0.00865941047668457,0.0010286299014735292,0.12000000000000001,squared_error,6,200,0.6000000000000001,"{'model__learning_rate': 0.12000000000000001, 'model__loss': 'squared_error', 'model__max_depth': 6, 'model__n_estimators': 200, 'model__subsample': 0.6000000000000001}",0.2896395712268317,0.09062650847113118,-0.3916886060550311,0.2966205061941657,0.38905290361113265,0.13485017668964602,0.2806945831712671,316,0.9999999998649606,0.9999999999067252,0.9999999998600391,0.9999999999039806,0.9999999999046817,0.9999999998880774,2.0961338855701553e-11
10.931204175949096,4.734671142940603,0.008201932907104493,0.0011022347542780572,0.12000000000000001,squared_error,6,200,0.8,"{'model__learning_rate': 0.12000000000000001, 'model__loss': 'squared_error', 'model__max_depth': 6, 'model__n_estimators': 200, 'model__subsample': 0.8}",0.3616848868483622,-0.013544249873849834,-0.3206529111148839,0.45158551661153723,0.2780174318382723,0.1514181348618876,0.2829853730776914,258,0.9999999999999679,0.9999999999999353,0.9999999999999806,0.9999999999999337,0.999999999999976,0.9999999999999588,2.0179506051076055e-14
8.325954627990722,3.5392120755081873,0.03614907264709473,0.03236115227226359,0.12000000000000001,squared_error,6,500,0.2,"{'model__learning_rate': 0.12000000000000001, 'model__loss': 'squared_error', 'model__max_depth': 6, 'model__n_estimators': 500, 'model__subsample': 0.2}",0.06544078334460612,-0.213526862364404,-0.43004106440091494,0.2166214481365616,0.5460533557102079,0.036909532085211326,0.3385554859778315,547,0.9999983388688003,0.999998643170305,0.999998136850531,0.9999987243080466,0.9999943699526318,0.9999976426300629,1.6498804717257972e-06
15.159283447265626,6.134810319469815,0.009657573699951173,0.0005421926470634374,0.12000000000000001,squared_error,6,500,0.4,"{'model__learning_rate': 0.12000000000000001, 'model__loss': 'squared_error', 'model__max_depth': 6, 'model__n_estimators': 500, 'model__subsample': 0.4}",0.35887771122596723,0.18933780148997004,-0.30140860723316276,0.17517725190674116,0.38760701130744935,0.161918233739393,0.24711449003081407,229,0.9999999999999974,0.9999999999999972,0.9999999999999961,0.9999999999999987,0.9999999999999944,0.9999999999999968,1.4200442559903588e-15
11.086746788024902,4.115019397554665,0.022078180313110353,0.026793966337545338,0.12000000000000001,squared_error,6,500,0.6000000000000001,"{'model__learning_rate': 0.12000000000000001, 'model__loss': 'squared_error', 'model__max_depth': 6, 'model__n_estimators': 500, 'model__subsample': 0.6000000000000001}",0.28963963556381256,0.09062781690458965,-0.3916918792603483,0.29662106730529847,0.3890530714038777,0.134849942383446,0.28069587211035535,317,0.9999999999999996,0.9999999999999996,0.9999999999999996,0.9999999999999996,0.9999999999999996,0.9999999999999997,1.1102230246251565e-16
16.62996702194214,6.175572134264189,0.02302727699279785,0.02913798206811355,0.12000000000000001,squared_error,6,500,0.8,"{'model__learning_rate': 0.12000000000000001, 'model__loss': 'squared_error', 'model__max_depth': 6, 'model__n_estimators': 500, 'model__subsample': 0.8}",0.36168490299374667,-0.013544209556273001,-0.3206529413206971,0.4515854897231353,0.2780174189006682,0.151418132148116,0.2829853739924615,259,0.9999999999999996,0.9999999999999996,0.9999999999999996,0.9999999999999996,0.9999999999999996,0.9999999999999997,1.1102230246251565e-16
12.295665407180786,5.4189225666565,0.024506282806396485,0.02688825809997,0.12000000000000001,squared_error,6,1000,0.2,"{'model__learning_rate': 0.12000000000000001, 'model__loss': 'squared_error', 'model__max_depth': 6, 'model__n_estimators': 1000, 'model__subsample': 0.2}",0.06514597644191189,-0.21332802233989234,-0.4311366816195179,0.2163114554180634,0.545971189726455,0.036592783525404,0.3387659098332137,549,0.999999999989992,0.999999999989304,0.9999999999969129,0.9999999999929646,0.9999999999838497,0.9999999999906046,4.314165150361543e-12
17.39846315383911,7.204506237282702,0.0226165771484375,0.02760639617188996,0.12000000000000001,squared_error,6,1000,0.4,"{'model__learning_rate': 0.12000000000000001, 'model__loss': 'squared_error', 'model__max_depth': 6, 'model__n_estimators': 1000, 'model__subsample': 0.4}",0.3588777228683657,0.1893377981823713,-0.3014086182651363,0.1751772495440379,0.38760700397091596,0.1619182312601109,0.24711449458473314,230,0.9999999999999997,0.9999999999999996,0.9999999999999997,0.9999999999999996,0.9999999999999996,0.9999999999999997,8.599750569898517e-17
11.671199131011964,5.931106692041094,0.009710693359375,0.0012285894553167639,0.12000000000000001,squared_error,6,1000,0.6000000000000001,"{'model__learning_rate': 0.12000000000000001, 'model__loss': 'squared_error', 'model__max_depth': 6, 'model__n_estimators': 1000, 'model__subsample': 0.6000000000000001}",0.28963963598606246,0.09062781665249742,-0.3916918820606714,0.29662106691957246,0.38905307152410684,0.13484994180431356,0.2806958731927785,318,0.9999999999999996,0.9999999999999996,0.9999999999999997,0.9999999999999996,0.9999999999999996,0.9999999999999997,9.930136612989092e-17
12.389318561553955,5.924081173292529,0.03655991554260254,0.032777617593455634,0.12000000000000001,squared_error,6,1000,0.8,"{'model__learning_rate': 0.12000000000000001, 'model__loss': 'squared_error', 'model__max_depth': 6, 'model__n_estimators': 1000, 'model__subsample': 0.8}",0.36168490296636957,-0.013544209571191956,-0.32065294123608856,0.45158548975222423,0.2780174185401775,0.15141813209029814,0.28298537393582046,260,0.9999999999999996,0.9999999999999996,0.9999999999999996,0.9999999999999996,0.9999999999999996,0.9999999999999997,1.1102230246251565e-16
3.0301082611083983,1.562611831969062,0.008888721466064453,0.0008424144840812293,0.12000000000000001,squared_error,9,200,0.2,"{'model__learning_rate': 0.12000000000000001, 'model__loss': 'squared_error', 'model__max_depth': 9, 'model__n_estimators': 200, 'model__subsample': 0.2}",-0.08587432267754824,-0.30535463908480365,-0.25453033800634417,0.006523984482133871,0.0011572090719298433,-0.12761562124292647,0.12962770957772196,607,0.996161618616397,0.9968648064426844,0.9972292683184639,0.9959267739070549,0.9971705346110707,0.9966706003791341,0.0005314320940970093
6.156360387802124,2.9195996075675126,0.023690414428710938,0.02613402277486101,0.12000000000000001,squared_error,9,200,0.4,"{'model__learning_rate': 0.12000000000000001, 'model__loss': 'squared_error', 'model__max_depth': 9, 'model__n_estimators': 200, 'model__subsample': 0.4}",0.3986750582144776,0.11935280589937802,-0.4527541564491482,0.17219610929300866,0.2653103117577529,0.10055602574309379,0.29245741929886765,436,0.9999994484101562,0.999999679546959,0.9999995372098722,0.9999997915687542,0.9999997019275724,0.9999996317326627,1.2272147955761994e-07
9.197984647750854,4.801216043652297,0.009485244750976562,0.0013829070183631568,0.12000000000000001,squared_error,9,200,0.6000000000000001,"{'model__learning_rate': 0.12000000000000001, 'model__loss': 'squared_error', 'model__max_depth': 9, 'model__n_estimators': 200, 'model__subsample': 0.6000000000000001}",0.4558393674502178,0.08673139194427204,-0.5487684103787593,0.3465579547556422,0.3552477513921394,0.13912161103270243,0.36496243617324464,304,0.9999999999926289,0.9999999999179595,0.9999999999877596,0.9999999999807047,0.9999999999909785,0.9999999999740062,2.8320031484429098e-11
17.858586883544923,7.6691041229675685,0.008802413940429688,0.0005293978545302936,0.12000000000000001,squared_error,9,200,0.8,"{'model__learning_rate': 0.12000000000000001, 'model__loss': 'squared_error', 'model__max_depth': 9, 'model__n_estimators': 200, 'model__subsample': 0.8}",0.27360394550248135,-0.2205922385088792,-0.5503276359200948,0.4146485923669859,0.34553418124791135,0.05257336893768092,0.37520343588447674,527,0.9999999999999994,0.9999999999999994,0.9999999999999996,0.9999999999999991,0.9999999999999994,0.9999999999999993,1.6467268631127714e-16
7.835639142990113,3.6777694755994803,0.010406684875488282,0.000929951017108382,0.12000000000000001,squared_error,9,500,0.2,"{'model__learning_rate': 0.12000000000000001, 'model__loss': 'squared_error', 'model__max_depth': 9, 'model__n_estimators': 500, 'model__subsample': 0.2}",-0.0785731169884818,-0.3051847468532982,-0.26328971379105104,-0.035882485788772955,-0.009523831607904931,-0.1384907790059018,0.12174786619891169,612,0.9999969042217165,0.9999963244615369,0.9999982144089382,0.9999968583112486,0.9999978097336504,0.999997222227418,6.883507716273741e-07
14.181165266036988,7.342306869585383,0.011347341537475585,0.001447026553342924,0.12000000000000001,squared_error,9,500,0.4,"{'model__learning_rate': 0.12000000000000001, 'model__loss': 'squared_error', 'model__max_depth': 9, 'model__n_estimators': 500, 'model__subsample': 0.4}",0.398577110067559,0.11937608015504309,-0.4526592286836746,0.17235796274579251,0.26529112946180555,0.10058861074930511,0.2924076080152888,434,0.9999999999999915,0.9999999999999991,0.9999999999999969,0.9999999999999992,0.9999999999999987,0.9999999999999971,2.9314933884031527e-15
14.395556974411011,6.859075106627189,0.02332477569580078,0.02543822045386717,0.12000000000000001,squared_error,9,500,0.6000000000000001,"{'model__learning_rate': 0.12000000000000001, 'model__loss': 'squared_error', 'model__max_depth': 9, 'model__n_estimators': 500, 'model__subsample': 0.6000000000000001}",0.45583992351345404,0.08673504125270126,-0.5487700551980796,0.3465581807153585,0.3552477191464999,0.1391221618859868,0.3649630698227805,303,0.9999999999999996,0.9999999999999996,0.9999999999999997,0.9999999999999996,0.9999999999999996,0.9999999999999997,9.930136612989092e-17
18.668829107284544,7.9590650929482,0.023044443130493163,0.02692969344082864,0.12000000000000001,squared_error,9,500,0.8,"{'model__learning_rate': 0.12000000000000001, 'model__loss': 'squared_error', 'model__max_depth': 9, 'model__n_estimators': 500, 'model__subsample': 0.8}",0.2736039469615249,-0.2205922392438504,-0.5503276360789684,0.4146485903285615,0.3455341821710387,0.05257336882766126,0.37520343596519257,528,0.9999999999999996,0.9999999999999996,0.9999999999999996,0.9999999999999996,0.9999999999999996,0.9999999999999997,1.1102230246251565e-16
13.417889404296876,6.359693664380851,0.012797880172729491,0.0005531835613368614,0.12000000000000001,squared_error,9,1000,0.2,"{'model__learning_rate': 0.12000000000000001, 'model__loss': 'squared_error', 'model__max_depth': 9, 'model__n_estimators': 1000, 'model__subsample': 0.2}",-0.0778841418516647,-0.3042677871301145,-0.26365079140228254,-0.0363966083031706,-0.009251369709290413,-0.13829013967930454,0.12161089829364914,611,0.9999999999924429,0.9999999999956994,0.999999999997205,0.9999999999944993,0.999999999993041,0.9999999999945774,1.737001126842248e-12
19.106313610076903,8.43452588812117,0.02389349937438965,0.026270325304831848,0.12000000000000001,squared_error,9,1000,0.4,"{'model__learning_rate': 0.12000000000000001, 'model__loss': 'squared_error', 'model__max_depth': 9, 'model__n_estimators': 1000, 'model__subsample': 0.4}",0.3985771032577361,0.11937607035411313,-0.4526592215189915,0.17235796201566156,0.26529112796917753,0.10058860841553936,0.2924076035862183,435,0.9999999999999997,0.9999999999999996,0.9999999999999997,0.9999999999999996,0.9999999999999996,0.9999999999999997,8.599750569898517e-17
17.00736885070801,5.605557727319191,0.022834348678588866,0.027021243690633003,0.12000000000000001,squared_error,9,1000,0.6000000000000001,"{'model__learning_rate': 0.12000000000000001, 'model__loss': 'squared_error', 'model__max_depth': 9, 'model__n_estimators': 1000, 'model__subsample': 0.6000000000000001}",0.4558399236531191,0.08673504276402699,-0.5487700543828473,0.34655818087380175,0.3552477188450788,0.13912216235063585,0.3649630694786309,302,0.9999999999999996,0.9999999999999996,0.9999999999999997,0.9999999999999996,0.9999999999999996,0.9999999999999997,9.930136612989092e-17
16.25599856376648,8.199253668088588,0.023078012466430663,0.02681195532988061,0.12000000000000001,squared_error,9,1000,0.8,"{'model__learning_rate': 0.12000000000000001, 'model__loss': 'squared_error', 'model__max_depth': 9, 'model__n_estimators': 1000, 'model__subsample': 0.8}",0.27360394693971213,-0.22059223930473992,-0.5503276364745937,0.4146485903586521,0.3455341819811024,0.0525733687000266,0.37520343607477885,529,0.9999999999999996,0.9999999999999996,0.9999999999999996,0.9999999999999996,0.9999999999999996,0.9999999999999997,1.1102230246251565e-16
3.6145302772521974,1.5307911781195023,0.0353848934173584,0.03335656185439361,0.12000000000000001,squared_error,12,200,0.2,"{'model__learning_rate': 0.12000000000000001, 'model__loss': 'squared_error', 'model__max_depth': 12, 'model__n_estimators': 200, 'model__subsample': 0.2}",0.029069419836673327,-0.2645033607494034,-0.112910002158916,-0.08224991609307963,0.007488686852005988,-0.08462103446254395,0.10447321127009261,601,0.996870905044641,0.9976025611646742,0.9958586060889939,0.9975744135806236,0.9976967543918469,0.9971206480541559,0.0006964428769194401
7.378673696517945,3.630656629200014,0.023929786682128907,0.02438870845714027,0.12000000000000001,squared_error,12,200,0.4,"{'model__learning_rate': 0.12000000000000001, 'model__loss': 'squared_error', 'model__max_depth': 12, 'model__n_estimators': 200, 'model__subsample': 0.4}",0.17310069861460353,0.007929713524460591,-0.22678296880844684,0.17452631394629237,0.41145592134971165,0.10804593572532425,0.21111278289039356,416,0.9999996676492402,0.999999645575735,0.9999993132317953,0.9999996392704484,0.9999995149840801,0.9999995561422598,1.3269660013951296e-07
15.729812002182006,6.85225134974981,0.022909164428710938,0.02730852787537574,0.12000000000000001,squared_error,12,200,0.6000000000000001,"{'model__learning_rate': 0.12000000000000001, 'model__loss': 'squared_error', 'model__max_depth': 12, 'model__n_estimators': 200, 'model__subsample': 0.6000000000000001}",0.22801431519673554,0.10956709311900859,-0.6942498342933066,0.2256791574489997,0.3448337994531637,0.0427689061849202,0.37594516699018543,540,0.999999999989824,0.9999999999464106,0.9999999999937196,0.9999999999926736,0.9999999999630916,0.999999999977144,1.9072025149390306e-11
12.979466533660888,3.627667730125281,0.009726619720458985,0.000382145479817752,0.12000000000000001,squared_error,12,200,0.8,"{'model__learning_rate': 0.12000000000000001, 'model__loss': 'squared_error', 'model__max_depth': 12, 'model__n_estimators': 200, 'model__subsample': 0.8}",0.2703070537058925,-0.0679243915146237,-0.48712581899360163,0.3391246915763415,0.346931177930481,0.08026254254089793,0.3219091827697097,483,0.9999999999999996,0.9999999999999996,0.9999999999999996,0.9999999999999994,0.9999999999999994,0.9999999999999994,8.599750569898517e-17
9.655927181243896,3.230247327275326,0.010545587539672852,0.0006267775972853011,0.12000000000000001,squared_error,12,500,0.2,"{'model__learning_rate': 0.12000000000000001, 'model__loss': 'squared_error', 'model__max_depth': 12, 'model__n_estimators': 500, 'model__subsample': 0.2}",0.009221823654432137,-0.2456250105934752,-0.12170605774747512,-0.09847020874235723,-0.00833655516567755,-0.09298320171891059,0.09139535382642347,602,0.9999984308776542,0.9999987692747712,0.9999969183063537,0.9999990636730846,0.9999978551670166,0.999998207459776,7.595629797869316e-07
15.248212528228759,7.2047538600228265,0.02498345375061035,0.024260482376242235,0.12000000000000001,squared_error,12,500,0.4,"{'model__learning_rate': 0.12000000000000001, 'model__loss': 'squared_error', 'model__max_depth': 12, 'model__n_estimators': 500, 'model__subsample': 0.4}",0.17305256285022041,0.008077690331605769,-0.2267424357950325,0.17463657345760608,0.4115686285597596,0.10811860388083187,0.2111222759721301,414,0.9999999999999968,0.9999999999999967,0.9999999999999989,0.999999999999999,0.9999999999999988,0.999999999999998,1.0637303986097176e-15
25.55793981552124,8.695214128215005,0.03719573020935059,0.033895778809887915,0.12000000000000001,squared_error,12,500,0.6000000000000001,"{'model__learning_rate': 0.12000000000000001, 'model__loss': 'squared_error', 'model__max_depth': 12, 'model__n_estimators': 500, 'model__subsample': 0.6000000000000001}",0.22801483897477814,0.10956980004805617,-0.6942502447661636,0.22567965301938397,0.3448342654771679,0.042769662550644516,0.37594559885541695,539,0.9999999999999996,0.9999999999999996,0.9999999999999997,0.9999999999999996,0.9999999999999996,0.9999999999999997,9.930136612989092e-17
23.281797552108763,6.743255629103789,0.022367095947265624,0.026824640811694823,0.12000000000000001,squared_error,12,500,0.8,"{'model__learning_rate': 0.12000000000000001, 'model__loss': 'squared_error', 'model__max_depth': 12, 'model__n_estimators': 500, 'model__subsample': 0.8}",0.27030705255692,-0.06792439199821976,-0.48712581921207776,0.3391246919758444,0.3469311772776865,0.08026254212003067,0.32190918271168334,485,0.9999999999999996,0.9999999999999996,0.9999999999999996,0.9999999999999996,0.9999999999999996,0.9999999999999997,1.1102230246251565e-16
17.709634208679198,6.092581891876669,0.01299905776977539,0.001187770244706896,0.12000000000000001,squared_error,12,1000,0.2,"{'model__learning_rate': 0.12000000000000001, 'model__loss': 'squared_error', 'model__max_depth': 12, 'model__n_estimators': 1000, 'model__subsample': 0.2}",0.009072904557910322,-0.24551328681721074,-0.12170762167598603,-0.09842964014729638,-0.00858374245114435,-0.09303227730674543,0.09127857181675206,603,0.9999999999926631,0.9999999999959033,0.9999999999861787,0.9999999999978603,0.9999999999950175,0.9999999999935246,4.0345780571056164e-12
13.648461484909058,3.9614419254431947,0.024715280532836913,0.024520652155363493,0.12000000000000001,squared_error,12,1000,0.4,"{'model__learning_rate': 0.12000000000000001, 'model__loss': 'squared_error', 'model__max_depth': 12, 'model__n_estimators': 1000, 'model__subsample': 0.4}",0.17305256298298077,0.008077679967816498,-0.2267424407623828,0.17463656980979492,0.4115686248065651,0.10811859936095489,0.21112227722945243,415,0.9999999999999997,0.9999999999999996,0.9999999999999997,0.9999999999999996,0.9999999999999996,0.9999999999999997,8.599750569898517e-17
26.44503355026245,6.22065964172355,0.050717639923095706,0.032661157020787965,0.12000000000000001,squared_error,12,1000,0.6000000000000001,"{'model__learning_rate': 0.12000000000000001, 'model__loss': 'squared_error', 'model__max_depth': 12, 'model__n_estimators': 1000, 'model__subsample': 0.6000000000000001}",0.22801484040630304,0.1095697998592553,-0.6942502448902546,0.2256796530567684,0.34483426545988705,0.04276966277839185,0.37594559903929825,538,0.9999999999999997,0.9999999999999996,0.9999999999999997,0.9999999999999996,0.9999999999999996,0.9999999999999997,8.599750569898517e-17
24.643232583999634,7.427555294377195,0.03661975860595703,0.032228701325474965,0.12000000000000001,squared_error,12,1000,0.8,"{'model__learning_rate': 0.12000000000000001, 'model__loss': 'squared_error', 'model__max_depth': 12, 'model__n_estimators': 1000, 'model__subsample': 0.8}",0.27030705275461675,-0.06792439173789067,-0.48712581884472383,0.3391246921441142,0.346931177210395,0.0802625423053023,0.3219091825974745,484,0.9999999999999996,0.9999999999999996,0.9999999999999996,0.9999999999999996,0.9999999999999996,0.9999999999999997,1.1102230246251565e-16
3.3315221786499025,0.46878175402290817,0.03465991020202637,0.03296917679563375,0.12000000000000001,absolute_error,6,200,0.2,"{'model__learning_rate': 0.12000000000000001, 'model__loss': 'absolute_error', 'model__max_depth': 6, 'model__n_estimators': 200, 'model__subsample': 0.2}",0.228864428890583,-0.009871715334512476,0.10573007494690279,0.15324975659683537,0.43007384287029116,0.18160927759401996,0.14642033738551227,176,0.9074836145376486,0.9175601539266449,0.9061065819193012,0.8833829793677073,0.8703427449144824,0.8969752149331567,0.017387267557676916
6.3435492515563965,2.0248678067090347,0.008649158477783202,0.0007656854059694563,0.12000000000000001,absolute_error,6,200,0.4,"{'model__learning_rate': 0.12000000000000001, 'model__loss': 'absolute_error', 'model__max_depth': 6, 'model__n_estimators': 200, 'model__subsample': 0.4}",0.38915167926695704,0.24352938102415966,-0.0719149956456071,0.1749194423866608,0.20009124524709743,0.18715535045585358,0.14927494580480558,165,0.8997677368717514,0.9627023823996919,0.9368000442357288,0.977094194633432,0.9467983036301405,0.944632532354149,0.026302727264012362
9.263410425186157,3.064148162246372,0.007864665985107423,0.00021777307018272572,0.12000000000000001,absolute_error,6,200,0.6000000000000001,"{'model__learning_rate': 0.12000000000000001, 'model__loss': 'absolute_error', 'model__max_depth': 6, 'model__n_estimators': 200, 'model__subsample': 0.6000000000000001}",0.38877566809965247,-0.036648940892537896,-0.1330191449975291,0.423791668729697,0.2980489166222937,0.18818963351231524,0.22870924873632728,163,0.9704313082453052,0.964114213974452,0.9741026501604676,0.9803622546044424,0.968704583728577,0.9715430021426489,0.0054554630971650735
13.668857526779174,5.204621186166424,0.008448600769042969,0.00037806225865978204,0.12000000000000001,absolute_error,6,200,0.8,"{'model__learning_rate': 0.12000000000000001, 'model__loss': 'absolute_error', 'model__max_depth': 6, 'model__n_estimators': 200, 'model__subsample': 0.8}",0.47028149706162137,0.10131865161959719,-0.02046198746000316,0.3140343980101262,0.34199311526801,0.24143313489987034,0.1766216008656655,19,0.9865822951316879,0.9608593751376304,0.9872439102364219,0.9946437268558335,0.9716058856577275,0.9801870386038603,0.012222023886891021
6.005203580856323,2.638324042643315,0.03421335220336914,0.031245341317436302,0.12000000000000001,absolute_error,6,500,0.2,"{'model__learning_rate': 0.12000000000000001, 'model__loss': 'absolute_error', 'model__max_depth': 6, 'model__n_estimators': 500, 'model__subsample': 0.2}",0.12395346448637812,-0.020166212518216042,0.017314399159427785,0.10028267903742749,0.39961346106498585,0.12419955824600064,0.14743867100629318,347,0.9858568278605101,0.9717593944706271,0.9742172178531068,0.9761591673027143,0.9662278932968587,0.9748441001567635,0.0064367225250218565
12.335982847213746,4.233952069467664,0.023145484924316406,0.02667943309760469,0.12000000000000001,absolute_error,6,500,0.4,"{'model__learning_rate': 0.12000000000000001, 'model__loss': 'absolute_error', 'model__max_depth': 6, 'model__n_estimators': 500, 'model__subsample': 0.4}",0.35288475078363657,0.20634742959691654,-0.15630207853624123,0.15653531587790914,0.2453710000402871,0.16096728355250162,0.17128639741558177,233,0.9816907437093414,0.9895245448701375,0.9914383053164132,0.9955060666113761,0.9887301512150954,0.9893779623444727,0.0045018474231930455
32.22409625053406,0.13242726601625165,0.049310493469238284,0.03249374561498215,0.12000000000000001,absolute_error,6,500,0.6000000000000001,"{'model__learning_rate': 0.12000000000000001, 'model__loss': 'absolute_error', 'model__max_depth': 6, 'model__n_estimators': 500, 'model__subsample': 0.6000000000000001}",0.38924499792255096,-0.004756485485962747,-0.15416779916247947,0.4256028290244459,0.32323604890258506,0.19583191824022794,0.23202181502437955,139,0.9917943465744108,0.9957832617399696,0.9952314246202607,0.9946450829398793,0.9951663042718129,0.9945240840292666,0.0014116949647531751
41.38645424842834,5.982848064824891,0.010402345657348632,0.0006633723275604728,0.12000000000000001,absolute_error,6,500,0.8,"{'model__learning_rate': 0.12000000000000001, 'model__loss': 'absolute_error', 'model__max_depth': 6, 'model__n_estimators': 500, 'model__subsample': 0.8}",0.4739454815768669,0.13573229946075493,-0.046950082312615216,0.3299968776717588,0.35459006539861426,0.24946292835907596,0.18369821854240706,6,0.9984334989990182,0.9963367344872116,0.9995326246129921,0.9994265179079679,0.9990021437884149,0.9985463039591209,0.0011704970899738057
11.919454097747803,5.251406389737718,0.023533201217651366,0.026646387982094483,0.12000000000000001,absolute_error,6,1000,0.2,"{'model__learning_rate': 0.12000000000000001, 'model__loss': 'absolute_error', 'model__max_depth': 6, 'model__n_estimators': 1000, 'model__subsample': 0.2}",0.1129943705177392,-0.05768580116706912,-0.1011616846083121,0.10319762958518608,0.3938077723559671,0.09023045733670224,0.17398603450955288,460,0.9978094367890074,0.9945791018196615,0.9946758675627086,0.994551495824298,0.9871523948717542,0.993753659373486,0.003526879347086857
24.950642824172974,8.921807098402347,0.025046920776367186,0.026347181880297433,0.12000000000000001,absolute_error,6,1000,0.4,"{'model__learning_rate': 0.12000000000000001, 'model__loss': 'absolute_error', 'model__max_depth': 6, 'model__n_estimators': 1000, 'model__subsample': 0.4}",0.33786514619314534,0.23911390314326764,-0.15147694560209568,0.14439222517733374,0.22976746364591005,0.15993235851151222,0.16734633923939046,234,0.9990642004348036,0.999453197323006,0.9994508661317456,0.9995096182281858,0.9991994683080248,0.999335470085153,0.00017296660510411385
46.17208867073059,17.49258735136845,0.039449024200439456,0.031185958694845802,0.12000000000000001,absolute_error,6,1000,0.6000000000000001,"{'model__learning_rate': 0.12000000000000001, 'model__loss': 'absolute_error', 'model__max_depth': 6, 'model__n_estimators': 1000, 'model__subsample': 0.6000000000000001}",0.38485514534908005,0.01542425897257671,-0.157333073345165,0.4259069007540198,0.32424639014141554,0.19861992437438541,0.22907995306091292,131,0.9991635746773165,0.9998930447784501,0.9999167814272767,0.9994799085926805,0.9996963365641354,0.9996299292079719,0.00028139533378361206
64.9599491596222,16.95314523622935,0.04108161926269531,0.03604885786530736,0.12000000000000001,absolute_error,6,1000,0.8,"{'model__learning_rate': 0.12000000000000001, 'model__loss': 'absolute_error', 'model__max_depth': 6, 'model__n_estimators': 1000, 'model__subsample': 0.8}",0.472257398873569,0.13537803404751547,-0.05126135219006356,0.3301405536812828,0.35190404651303586,0.2476837361850679,0.18443159512730703,10,0.9999915364530297,0.999815055132123,0.9999744536892593,0.9999891578013143,0.9999920738758529,0.9999524553903159,6.900257522739382e-05
1.4595889568328857,0.04181265647841957,0.009469175338745117,0.0004680025557489144,0.12000000000000001,absolute_error,9,200,0.2,"{'model__learning_rate': 0.12000000000000001, 'model__loss': 'absolute_error', 'model__max_depth': 9, 'model__n_estimators': 200, 'model__subsample': 0.2}",0.228864428890583,-0.009871715334512476,0.10573007494690279,0.15324975659683537,0.43007384287029116,0.18160927759401996,0.14642033738551227,176,0.9074836145376486,0.9175601539266449,0.9061065819193012,0.8833829793677073,0.8703427449144824,0.8969752149331567,0.017387267557676916
6.0180497646331785,2.347944324321204,0.02174968719482422,0.026402803795549306,0.12000000000000001,absolute_error,9,200,0.4,"{'model__learning_rate': 0.12000000000000001, 'model__loss': 'absolute_error', 'model__max_depth': 9, 'model__n_estimators': 200, 'model__subsample': 0.4}",0.33988323706712653,0.18761495021021513,0.028298458466401444,0.21563941218081806,0.23006196428856585,0.20029960444262543,0.10034938259085183,124,0.9491657872764412,0.9530368700563105,0.9410764866567782,0.9595500499780006,0.9367547407498283,0.9479167869434718,0.008179108080785336
6.746215963363648,3.2037410235468546,0.02206554412841797,0.026798932229084135,0.12000000000000001,absolute_error,9,200,0.6000000000000001,"{'model__learning_rate': 0.12000000000000001, 'model__loss': 'absolute_error', 'model__max_depth': 9, 'model__n_estimators': 200, 'model__subsample': 0.6000000000000001}",0.46161030570817907,0.07653931709370765,-0.20043019270082696,0.4206313330892213,0.3854493278176171,0.22876001820157965,0.25414986783266025,38,0.9657641419425838,0.9707957287330121,0.9809467719546142,0.9724757855591272,0.9744952329277226,0.9728955322234121,0.00495628071946346
13.311154317855834,5.190295731909531,0.02297053337097168,0.028241987990623035,0.12000000000000001,absolute_error,9,200,0.8,"{'model__learning_rate': 0.12000000000000001, 'model__loss': 'absolute_error', 'model__max_depth': 9, 'model__n_estimators': 200, 'model__subsample': 0.8}",0.4464333685506543,0.02494001290421044,-0.08124375333778322,0.2617922875387432,0.29368512701721705,0.18912140853460835,0.19103765287025112,159,0.982319801713377,0.9857501674769975,0.9918049796304366,0.991534016843925,0.9885791635362816,0.9879976258402035,0.0035952453662213947
4.789324522018433,2.2304049034899895,0.01008610725402832,0.0010626959775874192,0.12000000000000001,absolute_error,9,500,0.2,"{'model__learning_rate': 0.12000000000000001, 'model__loss': 'absolute_error', 'model__max_depth': 9, 'model__n_estimators': 500, 'model__subsample': 0.2}",0.12395346448637812,-0.020166212518216042,0.017314399159427785,0.10028267903742749,0.39961346106498585,0.12419955824600064,0.14743867100629318,347,0.9858568278605101,0.9717593944706271,0.9742172178531068,0.9761591673027143,0.9662278932968587,0.9748441001567635,0.0064367225250218565
10.847697305679322,4.595685413645767,0.010417509078979491,0.0012404536306062973,0.12000000000000001,absolute_error,9,500,0.4,"{'model__learning_rate': 0.12000000000000001, 'model__loss': 'absolute_error', 'model__max_depth': 9, 'model__n_estimators': 500, 'model__subsample': 0.4}",0.3282235965145359,0.16518956081814462,0.03181614143013567,0.22040190976402652,0.25593854992483456,0.20031395169033547,0.09948239454697264,122,0.9910875959960976,0.9933598776206269,0.9870578958586214,0.982997507845889,0.9818104945780729,0.9872626743798616,0.004466895054192851
24.66281223297119,8.14900942341245,0.03670392036437988,0.03313745071472549,0.12000000000000001,absolute_error,9,500,0.6000000000000001,"{'model__learning_rate': 0.12000000000000001, 'model__loss': 'absolute_error', 'model__max_depth': 9, 'model__n_estimators': 500, 'model__subsample': 0.6000000000000001}",0.4567810004702759,0.06321538997137377,-0.2196353203887509,0.4241990524638033,0.39002607305488846,0.2229172391143181,0.26248407120592426,50,0.9925829819197365,0.9944504062112458,0.9967984820241608,0.9989369318785085,0.9976082220838027,0.9960754048234909,0.002275888604774106
32.289949131011966,11.246070465811632,0.024455165863037108,0.028350686228863137,0.12000000000000001,absolute_error,9,500,0.8,"{'model__learning_rate': 0.12000000000000001, 'model__loss': 'absolute_error', 'model__max_depth': 9, 'model__n_estimators': 500, 'model__subsample': 0.8}",0.43728698954228595,0.028608905409575947,-0.09631264491977598,0.2615017493751519,0.30338238837397524,0.1868934775562426,0.19343871639336616,166,0.9969630865028007,0.999723963562434,0.9994401008862543,0.9996798800787413,0.9996139166405411,0.9990841895341542,0.0010649431721536555
18.212546491622923,0.11693995451330388,0.03769106864929199,0.03397636211766846,0.12000000000000001,absolute_error,9,1000,0.2,"{'model__learning_rate': 0.12000000000000001, 'model__loss': 'absolute_error', 'model__max_depth': 9, 'model__n_estimators': 1000, 'model__subsample': 0.2}",0.1129943705177392,-0.05768580116706912,-0.1011616846083121,0.10319762958518608,0.3938077723559671,0.09023045733670224,0.17398603450955288,460,0.9978094367890074,0.9945791018196615,0.9946758675627086,0.994551495824298,0.9871523948717542,0.993753659373486,0.003526879347086857
25.71983504295349,7.676461496941765,0.037341737747192384,0.033239685036213294,0.12000000000000001,absolute_error,9,1000,0.4,"{'model__learning_rate': 0.12000000000000001, 'model__loss': 'absolute_error', 'model__max_depth': 9, 'model__n_estimators': 1000, 'model__subsample': 0.4}",0.32265823044512365,0.1575921209381368,0.041342690776438484,0.2113960077347783,0.25102280572954594,0.19680237112480464,0.09454912270053507,135,0.9988034860941172,0.9996080485709568,0.9992021852831108,0.9985309485206405,0.9979506780691996,0.9988190693076049,0.0005668555188140592
51.47647862434387,12.727639719164216,0.039780044555664064,0.034168082054581723,0.12000000000000001,absolute_error,9,1000,0.6000000000000001,"{'model__learning_rate': 0.12000000000000001, 'model__loss': 'absolute_error', 'model__max_depth': 9, 'model__n_estimators': 1000, 'model__subsample': 0.6000000000000001}",0.44586823651397456,0.06855854073843681,-0.22947030333871865,0.4259962874710991,0.3914637967792419,0.22048331163280674,0.26374520490039666,56,0.9998675800958502,0.9999834138282531,0.9999284421066487,0.9999399138604108,0.999958103996534,0.9999354907775395,3.870163969111903e-05
66.00018153190612,19.361275991572747,0.012567234039306641,0.0011462106175774479,0.12000000000000001,absolute_error,9,1000,0.8,"{'model__learning_rate': 0.12000000000000001, 'model__loss': 'absolute_error', 'model__max_depth': 9, 'model__n_estimators': 1000, 'model__subsample': 0.8}",0.43530488204268547,0.032713239263092775,-0.09816766670327648,0.2620730446181466,0.3044598722985342,0.18727667430383652,0.19298327285191574,164,0.9999810427720179,0.9999974968270403,0.9999969396269363,0.9999967238096925,0.9999980746008517,0.9999940555273078,6.523266938969008e-06
2.8176812171936034,1.1410902642516376,0.008283710479736328,0.0008734542997442753,0.12000000000000001,absolute_error,12,200,0.2,"{'model__learning_rate': 0.12000000000000001, 'model__loss': 'absolute_error', 'model__max_depth': 12, 'model__n_estimators': 200, 'model__subsample': 0.2}",0.228864428890583,-0.009871715334512476,0.10573007494690279,0.15324975659683537,0.43007384287029116,0.18160927759401996,0.14642033738551227,176,0.9074836145376486,0.9175601539266449,0.9061065819193012,0.8833829793677073,0.8703427449144824,0.8969752149331567,0.017387267557676916
6.899171018600464,1.936089410191642,0.021718931198120118,0.027857686950857323,0.12000000000000001,absolute_error,12,200,0.4,"{'model__learning_rate': 0.12000000000000001, 'model__loss': 'absolute_error', 'model__max_depth': 12, 'model__n_estimators': 200, 'model__subsample': 0.4}",0.33988323706712653,0.18761495021021513,0.028298458466401444,0.21563941218081806,0.23006196428856585,0.20029960444262543,0.10034938259085183,124,0.9491657872764412,0.9530368700563105,0.9410764866567782,0.9595500499780006,0.9367547407498283,0.9479167869434718,0.008179108080785336
9.824574708938599,3.853611558591424,0.02238287925720215,0.026902177287676025,0.12000000000000001,absolute_error,12,200,0.6000000000000001,"{'model__learning_rate': 0.12000000000000001, 'model__loss': 'absolute_error', 'model__max_depth': 12, 'model__n_estimators': 200, 'model__subsample': 0.6000000000000001}",0.46161030570817907,0.05446790204128937,-0.24438180788725594,0.4206313330892213,0.3854493278176171,0.2155554121538102,0.2716448117901371,70,0.9657641419425838,0.9786071668236682,0.9535115092835669,0.9724757855591272,0.9744952329277226,0.9689707673073338,0.00877423699075803
11.863343286514283,5.48445555194929,0.023069190979003906,0.026100029737632202,0.12000000000000001,absolute_error,12,200,0.8,"{'model__learning_rate': 0.12000000000000001, 'model__loss': 'absolute_error', 'model__max_depth': 12, 'model__n_estimators': 200, 'model__subsample': 0.8}",0.3873917474429607,0.032676288025569544,-0.24505916700224772,0.3459211256274157,0.2993481642876523,0.1640556316762701,0.23912072194274664,221,0.986219217586788,0.9897164470469617,0.9868721528409031,0.9916742166065815,0.983808140254015,0.98765803486705,0.0027523179585154252
6.888602304458618,2.66314618889825,0.0085845947265625,0.001189884663950413,0.12000000000000001,absolute_error,12,500,0.2,"{'model__learning_rate': 0.12000000000000001, 'model__loss': 'absolute_error', 'model__max_depth': 12, 'model__n_estimators': 500, 'model__subsample': 0.2}",0.12395346448637812,-0.020166212518216042,0.017314399159427785,0.10028267903742749,0.39961346106498585,0.12419955824600064,0.14743867100629318,347,0.9858568278605101,0.9717593944706271,0.9742172178531068,0.9761591673027143,0.9662278932968587,0.9748441001567635,0.0064367225250218565
12.364569473266602,4.601370774036152,0.022472047805786134,0.026239367830814504,0.12000000000000001,absolute_error,12,500,0.4,"{'model__learning_rate': 0.12000000000000001, 'model__loss': 'absolute_error', 'model__max_depth': 12, 'model__n_estimators': 500, 'model__subsample': 0.4}",0.3282235965145359,0.16518956081814462,0.03181614143013567,0.22040190976402652,0.25593854992483456,0.20031395169033547,0.09948239454697264,122,0.9910875959960976,0.9933598776206269,0.9870578958586214,0.982997507845889,0.9818104945780729,0.9872626743798616,0.004466895054192851
24.782745790481567,9.804378139938896,0.01040802001953125,0.0025647138168892213,0.12000000000000001,absolute_error,12,500,0.6000000000000001,"{'model__learning_rate': 0.12000000000000001, 'model__loss': 'absolute_error', 'model__max_depth': 12, 'model__n_estimators': 500, 'model__subsample': 0.6000000000000001}",0.4567810004702759,0.06446221853904943,-0.2869233027703273,0.4224538754700369,0.39240702316090914,0.20983616297398883,0.2854553253837325,89,0.9925829819197365,0.9960083871260651,0.9948152945156709,0.9984303126750637,0.9975951278733973,0.9958864208219866,0.0020720020015436366
41.18334541320801,6.65603945559913,0.022779464721679688,0.026421557242978903,0.12000000000000001,absolute_error,12,500,0.8,"{'model__learning_rate': 0.12000000000000001, 'model__loss': 'absolute_error', 'model__max_depth': 12, 'model__n_estimators': 500, 'model__subsample': 0.8}",0.3974327827883911,0.05210830432401259,-0.25624090145352696,0.34344914927821213,0.30701542215548017,0.16875295141851382,0.24337439730222382,210,0.9992076079257626,0.9993642376243468,0.9995880317925385,0.9992872974527176,0.9989790350866575,0.9992852419764044,0.00019885467823451205
10.316953372955322,4.1715138298007055,0.010053110122680665,0.0005149555065888973,0.12000000000000001,absolute_error,12,1000,0.2,"{'model__learning_rate': 0.12000000000000001, 'model__loss': 'absolute_error', 'model__max_depth': 12, 'model__n_estimators': 1000, 'model__subsample': 0.2}",0.1129943705177392,-0.05768580116706912,-0.1011616846083121,0.10319762958518608,0.3938077723559671,0.09023045733670224,0.17398603450955288,460,0.9978094367890074,0.9945791018196615,0.9946758675627086,0.994551495824298,0.9871523948717542,0.993753659373486,0.003526879347086857
23.66871933937073,8.872809739439129,0.025028371810913087,0.028420564011561334,0.12000000000000001,absolute_error,12,1000,0.4,"{'model__learning_rate': 0.12000000000000001, 'model__loss': 'absolute_error', 'model__max_depth': 12, 'model__n_estimators': 1000, 'model__subsample': 0.4}",0.32265823044512365,0.1575921209381368,0.041342690776438484,0.2113960077347783,0.25102280572954594,0.19680237112480464,0.09454912270053507,135,0.9988034860941172,0.9996080485709568,0.9992021852831108,0.9985309485206405,0.9979506780691996,0.9988190693076049,0.0005668555188140592
52.53032531738281,7.990841870084526,0.024929332733154296,0.02810613108941976,0.12000000000000001,absolute_error,12,1000,0.6000000000000001,"{'model__learning_rate': 0.12000000000000001, 'model__loss': 'absolute_error', 'model__max_depth': 12, 'model__n_estimators': 1000, 'model__subsample': 0.6000000000000001}",0.45208166961675766,0.06634931618977158,-0.28424197011646624,0.42791159591966166,0.4019130735183859,0.2128027370256221,0.2855839608582886,74,0.9991269811587546,0.9999704937554235,0.9998832463397703,0.9999817440008152,0.9999257908240804,0.9997776512157689,0.00032720308888116087
59.43718519210815,12.489110598400858,0.012578392028808593,0.0008426183823391577,0.12000000000000001,absolute_error,12,1000,0.8,"{'model__learning_rate': 0.12000000000000001, 'model__loss': 'absolute_error', 'model__max_depth': 12, 'model__n_estimators': 1000, 'model__subsample': 0.8}",0.39645354513581754,0.05398118337935165,-0.2591083558310143,0.34266313726142594,0.30842883213396854,0.16848366841590987,0.24406522045805695,212,0.9999964452864494,0.9999893024065706,0.9999984217353582,0.9999990488250455,0.9999982865403254,0.99999630095875,3.6053171812114986e-06
4.5642369270324705,0.021738891484326252,0.021559762954711913,0.026436207063896898,0.13999999999999999,squared_error,6,200,0.2,"{'model__learning_rate': 0.13999999999999999, 'model__loss': 'squared_error', 'model__max_depth': 6, 'model__n_estimators': 200, 'model__subsample': 0.2}",0.3374238531931708,-0.009343601721433226,-1.6433590984367363,-0.2934707300404924,0.1281833340578803,-0.2961132485895222,0.7040897730518675,640,0.996500017640928,0.9988393919429964,0.9985293467376409,0.9975395300155601,0.9978942537428133,0.9978605080159877,0.0008198364092434984
9.167570066452026,0.05019599359318504,0.007378816604614258,0.000536742147502084,0.13999999999999999,squared_error,6,200,0.4,"{'model__learning_rate': 0.13999999999999999, 'model__loss': 'squared_error', 'model__max_depth': 6, 'model__n_estimators': 200, 'model__subsample': 0.4}",0.08050345624974842,0.2503016883562793,-0.3632815147470052,0.15626342049190833,0.31927591291478397,0.08861259265314296,0.24008315554693885,463,0.9999998112722638,0.9999998194581168,0.9999998154486418,0.9999999189867349,0.9999999037424,0.9999998537816316,4.73336075200135e-08
12.677795028686523,1.9722534026697545,0.022190284729003907,0.02627980234502314,0.13999999999999999,squared_error,6,200,0.6000000000000001,"{'model__learning_rate': 0.13999999999999999, 'model__loss': 'squared_error', 'model__max_depth': 6, 'model__n_estimators': 200, 'model__subsample': 0.6000000000000001}",0.38920558935217187,0.19216727070681727,-0.6298981051525228,0.3863192872848288,0.3514876951566869,0.1378563474695964,0.39062647183086424,311,0.9999999999942949,0.999999999997173,0.9999999999938137,0.9999999999960897,0.9999999999920121,0.9999999999946766,1.8010582592276953e-12
15.625491380691528,4.621970410770249,0.04892821311950683,0.03253986388185348,0.13999999999999999,squared_error,6,200,0.8,"{'model__learning_rate': 0.13999999999999999, 'model__loss': 'squared_error', 'model__max_depth': 6, 'model__n_estimators': 200, 'model__subsample': 0.8}",0.28718804773110174,-0.18976384765936305,-0.43695053840495013,0.36337979900548745,0.3315355466640808,0.07107780146727136,0.3243804844223766,495,0.9999999999999994,0.9999999999999994,0.9999999999999992,0.9999999999999991,0.9999999999999994,0.9999999999999993,1.4043333874306804e-16
8.359228229522705,3.5256466887392817,0.009637451171875,0.0010034324593901516,0.13999999999999999,squared_error,6,500,0.2,"{'model__learning_rate': 0.13999999999999999, 'model__loss': 'squared_error', 'model__max_depth': 6, 'model__n_estimators': 500, 'model__subsample': 0.2}",0.32713920200827595,-0.003421445222644204,-1.6174550550345534,-0.3044143157449013,0.10580358441267412,-0.2984696059162298,0.6901644100735581,642,0.9999991037540851,0.9999996137930517,0.9999996765361533,0.9999998294157427,0.9999995970884252,0.9999995641174916,2.4434006112416475e-07
12.25839605331421,5.858902393850288,0.009711551666259765,0.0011363499243915228,0.13999999999999999,squared_error,6,500,0.4,"{'model__learning_rate': 0.13999999999999999, 'model__loss': 'squared_error', 'model__max_depth': 6, 'model__n_estimators': 500, 'model__subsample': 0.4}",0.08050863869242786,0.2502132050654262,-0.36342486046279365,0.15625180431750663,0.31931274595711656,0.08857230671393672,0.24013159167241366,465,0.9999999999999996,0.9999999999999996,0.9999999999999996,0.9999999999999996,0.9999999999999996,0.9999999999999997,1.1102230246251565e-16
10.276081752777099,3.016946982447693,0.022906398773193358,0.02735263199885764,0.13999999999999999,squared_error,6,500,0.6000000000000001,"{'model__learning_rate': 0.13999999999999999, 'model__loss': 'squared_error', 'model__max_depth': 6, 'model__n_estimators': 500, 'model__subsample': 0.6000000000000001}",0.389205465280411,0.1921677536135301,-0.6298976138313535,0.3863195408740001,0.3514879168576148,0.13785661255884052,0.3906263326685637,310,0.9999999999999996,0.9999999999999996,0.9999999999999997,0.9999999999999996,0.9999999999999996,0.9999999999999997,9.930136612989092e-17
14.344568490982056,6.188614583432689,0.021278238296508788,0.02580730690596151,0.13999999999999999,squared_error,6,500,0.8,"{'model__learning_rate': 0.13999999999999999, 'model__loss': 'squared_error', 'model__max_depth': 6, 'model__n_estimators': 500, 'model__subsample': 0.8}",0.28718804707251666,-0.189763847391607,-0.43695054136509714,0.36337980088177213,0.33153554608560853,0.07107780105663863,0.32438048546401993,496,0.9999999999999996,0.9999999999999996,0.9999999999999997,0.9999999999999996,0.9999999999999996,0.9999999999999997,9.930136612989092e-17
15.213758897781371,6.099913817794629,0.052795934677124026,0.03370624515336193,0.13999999999999999,squared_error,6,1000,0.2,"{'model__learning_rate': 0.13999999999999999, 'model__loss': 'squared_error', 'model__max_depth': 6, 'model__n_estimators': 1000, 'model__subsample': 0.2}",0.3270030639262058,-0.003676154731067527,-1.617110038081699,-0.30449379461513404,0.10605053940284082,-0.2984452768197708,0.690015168642246,641,0.9999999999994167,0.9999999999997762,0.9999999999997339,0.9999999999998039,0.9999999999991389,0.999999999999574,2.5820805147776276e-13
16.684536027908326,5.260250017675812,0.010371780395507813,0.0017121316463258127,0.13999999999999999,squared_error,6,1000,0.4,"{'model__learning_rate': 0.13999999999999999, 'model__loss': 'squared_error', 'model__max_depth': 6, 'model__n_estimators': 1000, 'model__subsample': 0.4}",0.0805086381745671,0.2502132064751129,-0.363424861855143,0.15625180516703063,0.319312745815886,0.08857230675549073,0.2401315924105794,464,0.9999999999999997,0.9999999999999997,0.9999999999999997,0.9999999999999997,0.9999999999999996,0.9999999999999997,4.965068306494546e-17
12.45229926109314,5.96687701813835,0.02303628921508789,0.027172378662737865,0.13999999999999999,squared_error,6,1000,0.6000000000000001,"{'model__learning_rate': 0.13999999999999999, 'model__loss': 'squared_error', 'model__max_depth': 6, 'model__n_estimators': 1000, 'model__subsample': 0.6000000000000001}",0.38920546537567424,0.19216775447279522,-0.629897613619063,0.38631954096463383,0.3514879167445276,0.13785661278771358,0.3906263326204283,309,0.9999999999999997,0.9999999999999996,0.9999999999999997,0.9999999999999996,0.9999999999999996,0.9999999999999997,8.599750569898517e-17
17.715666913986205,5.186154613111096,0.0367332935333252,0.03303539389275945,0.13999999999999999,squared_error,6,1000,0.8,"{'model__learning_rate': 0.13999999999999999, 'model__loss': 'squared_error', 'model__max_depth': 6, 'model__n_estimators': 1000, 'model__subsample': 0.8}",0.2871880470709086,-0.1897638474847958,-0.43695054126277966,0.363379800625106,0.33153554601713286,0.0710778009931144,0.32438048538949066,497,0.9999999999999996,0.9999999999999996,0.9999999999999997,0.9999999999999996,0.9999999999999996,0.9999999999999997,9.930136612989092e-17
1.7836820602416992,0.02101278910819793,0.008730173110961914,0.0013401047307262217,0.13999999999999999,squared_error,9,200,0.2,"{'model__learning_rate': 0.13999999999999999, 'model__loss': 'squared_error', 'model__max_depth': 9, 'model__n_estimators': 200, 'model__subsample': 0.2}",-0.07340433645374222,-0.17333909834009686,-0.6713645507268218,-0.12972526494560221,0.13770551694422184,-0.18202554670440824,0.2669419244304228,624,0.9978114878949456,0.9979161757318894,0.9984988823172807,0.9987680359975134,0.9965998128272625,0.9979188789537783,0.0007495261409245418
5.524812459945679,3.005853131963266,0.009257173538208008,0.0005671749314824933,0.13999999999999999,squared_error,9,200,0.4,"{'model__learning_rate': 0.13999999999999999, 'model__loss': 'squared_error', 'model__max_depth': 9, 'model__n_estimators': 200, 'model__subsample': 0.4}",0.11879938222295117,0.31100026000242165,-0.5929412705043089,0.416419973415619,0.2962128041225056,0.1098982298518377,0.36419042276483293,408,0.999999907172152,0.9999999476550562,0.9999999424546789,0.9999999727429498,0.9999999385185957,0.9999999417086866,2.09856627697045e-08
13.5127028465271,5.774326696327647,0.008783483505249023,0.0008069359929962288,0.13999999999999999,squared_error,9,200,0.6000000000000001,"{'model__learning_rate': 0.13999999999999999, 'model__loss': 'squared_error', 'model__max_depth': 9, 'model__n_estimators': 200, 'model__subsample': 0.6000000000000001}",0.3867782081757076,0.04222959324250142,-0.4861481840322699,0.3732011629106967,0.33137818505606054,0.1294877930705393,0.33255854956998565,334,0.999999999999661,0.9999999999997398,0.9999999999997708,0.9999999999995696,0.9999999999983976,0.9999999999994278,5.197669395547009e-13
12.729552030563354,6.450223984702828,0.02264065742492676,0.02516354703515069,0.13999999999999999,squared_error,9,200,0.8,"{'model__learning_rate': 0.13999999999999999, 'model__loss': 'squared_error', 'model__max_depth': 9, 'model__n_estimators': 200, 'model__subsample': 0.8}",0.3645932149899208,-0.06742502311654786,-0.8202416737334897,0.33498807496319216,0.3033785369726165,0.023058626015138396,0.4498594881477394,556,0.9999999999999996,0.9999999999999996,0.9999999999999996,0.9999999999999996,0.9999999999999994,0.9999999999999994,9.930136612989092e-17
6.54368748664856,2.9624358286241943,0.011330366134643555,0.0010293774764805095,0.13999999999999999,squared_error,9,500,0.2,"{'model__learning_rate': 0.13999999999999999, 'model__loss': 'squared_error', 'model__max_depth': 9, 'model__n_estimators': 500, 'model__subsample': 0.2}",-0.053867442844208524,-0.17345397217829372,-0.6505680338306254,-0.12158331522787846,0.1385981311861031,-0.17217492657898062,0.26153304429954666,620,0.9999996515708024,0.9999997581705332,0.9999996062830067,0.9999997709662953,0.9999988326760277,0.999999523933333,3.512269365712926e-07
17.54776120185852,6.476475496588042,0.00985097885131836,0.0008830995848015011,0.13999999999999999,squared_error,9,500,0.4,"{'model__learning_rate': 0.13999999999999999, 'model__loss': 'squared_error', 'model__max_depth': 9, 'model__n_estimators': 500, 'model__subsample': 0.4}",0.11876045713538563,0.3109339430054381,-0.5928798792821652,0.4164179618047702,0.2962020111000194,0.10988689875268962,0.3641577713177258,410,0.9999999999999996,0.9999999999999996,0.9999999999999996,0.9999999999999996,0.9999999999999996,0.9999999999999997,1.1102230246251565e-16
18.241814517974852,6.197710255936374,0.00976405143737793,0.0017986237724564543,0.13999999999999999,squared_error,9,500,0.6000000000000001,"{'model__learning_rate': 0.13999999999999999, 'model__loss': 'squared_error', 'model__max_depth': 9, 'model__n_estimators': 500, 'model__subsample': 0.6000000000000001}",0.3867780339675787,0.042229695611841755,-0.486148234364316,0.37320107687175486,0.33137782762673995,0.12948767994271987,0.3325584798687141,336,0.9999999999999996,0.9999999999999996,0.9999999999999997,0.9999999999999996,0.9999999999999996,0.9999999999999997,9.930136612989092e-17
18.736522817611693,5.496696677176035,0.022737979888916016,0.02773243380929863,0.13999999999999999,squared_error,9,500,0.8,"{'model__learning_rate': 0.13999999999999999, 'model__loss': 'squared_error', 'model__max_depth': 9, 'model__n_estimators': 500, 'model__subsample': 0.8}",0.3645932152785931,-0.06742502321204746,-0.820241671340127,0.3349880750798755,0.30337853835350315,0.02305862683195945,0.44985948748637566,555,0.9999999999999996,0.9999999999999996,0.9999999999999996,0.9999999999999996,0.9999999999999996,0.9999999999999997,1.1102230246251565e-16
16.419118642807007,6.859505091984977,0.03938260078430176,0.03329185940006436,0.13999999999999999,squared_error,9,1000,0.2,"{'model__learning_rate': 0.13999999999999999, 'model__loss': 'squared_error', 'model__max_depth': 9, 'model__n_estimators': 1000, 'model__subsample': 0.2}",-0.053571961991103034,-0.17338211488701627,-0.6502662181072565,-0.12171911442988215,0.13831600419654722,-0.17212468104374215,0.26137704489806635,619,0.9999999999988852,0.9999999999999178,0.9999999999995252,0.9999999999998925,0.9999999999996957,0.9999999999995832,3.770578232707634e-13
16.51259298324585,8.759792545391022,0.01171407699584961,0.0009301331791843215,0.13999999999999999,squared_error,9,1000,0.4,"{'model__learning_rate': 0.13999999999999999, 'model__loss': 'squared_error', 'model__max_depth': 9, 'model__n_estimators': 1000, 'model__subsample': 0.4}",0.11876045724516882,0.31093394228908033,-0.5928798769596098,0.4164179613968648,0.2962020118504197,0.1098868991643848,0.3641577703508443,409,0.9999999999999997,0.9999999999999997,0.9999999999999997,0.9999999999999997,0.9999999999999996,0.9999999999999997,4.965068306494546e-17
21.013018989562987,6.141627503984472,0.009568405151367188,0.0006366330990552733,0.13999999999999999,squared_error,9,1000,0.6000000000000001,"{'model__learning_rate': 0.13999999999999999, 'model__loss': 'squared_error', 'model__max_depth': 9, 'model__n_estimators': 1000, 'model__subsample': 0.6000000000000001}",0.3867780338141862,0.04222969583451397,-0.48614823330625545,0.3732010767051447,0.33137782775268465,0.1294876801600548,0.3325584794324273,335,0.9999999999999997,0.9999999999999996,0.9999999999999997,0.9999999999999996,0.9999999999999996,0.9999999999999997,8.599750569898517e-17
15.088063049316407,6.657142579715266,0.036458826065063475,0.032285310191555644,0.13999999999999999,squared_error,9,1000,0.8,"{'model__learning_rate': 0.13999999999999999, 'model__loss': 'squared_error', 'model__max_depth': 9, 'model__n_estimators': 1000, 'model__subsample': 0.8}",0.3645932151378325,-0.06742502270283723,-0.8202416709395262,0.3349880750445333,0.3033785390165865,0.023058627111317787,0.44985948737206205,554,0.9999999999999996,0.9999999999999996,0.9999999999999996,0.9999999999999996,0.9999999999999996,0.9999999999999997,1.1102230246251565e-16
4.2891881465911865,1.281573963830975,0.04791746139526367,0.031882096772526104,0.13999999999999999,squared_error,12,200,0.2,"{'model__learning_rate': 0.13999999999999999, 'model__loss': 'squared_error', 'model__max_depth': 12, 'model__n_estimators': 200, 'model__subsample': 0.2}",-0.0959323804308958,-0.008887782580648373,-0.6080882918855377,-0.10779223099767776,0.0891989312232575,-0.14630035093430044,0.24149949730794087,613,0.9971949724516248,0.998987445572838,0.9985722094822035,0.998397434676574,0.9971585489799744,0.9980621222326429,0.0007479625775113314
7.696910762786866,3.9436307192487337,0.03574190139770508,0.031027897799942073,0.13999999999999999,squared_error,12,200,0.4,"{'model__learning_rate': 0.13999999999999999, 'model__loss': 'squared_error', 'model__max_depth': 12, 'model__n_estimators': 200, 'model__subsample': 0.4}",0.0024434692198115338,0.25764637322397743,-0.5120916489913305,0.2911185349831189,0.47160481802811494,0.10214430929273846,0.34164873403469626,428,0.9999999673496298,0.9999999497838312,0.9999999625922815,0.9999999672074816,0.9999998866552942,0.9999999467177038,3.0706363425387375e-08
12.970400094985962,6.563335237267955,0.010651874542236327,0.001592562435353491,0.13999999999999999,squared_error,12,200,0.6000000000000001,"{'model__learning_rate': 0.13999999999999999, 'model__loss': 'squared_error', 'model__max_depth': 12, 'model__n_estimators': 200, 'model__subsample': 0.6000000000000001}",0.3155426823309435,0.08906162784070804,-0.8674564762023145,0.47895832245743575,0.32372666160577834,0.06796656360651024,0.4839592241656014,506,0.9999999999996158,0.999999999998837,0.9999999999998873,0.9999999999996929,0.9999999999997448,0.9999999999995556,3.700307786372187e-13
14.495534706115723,7.199719371532204,0.009145641326904297,0.0013744337208684628,0.13999999999999999,squared_error,12,200,0.8,"{'model__learning_rate': 0.13999999999999999, 'model__loss': 'squared_error', 'model__max_depth': 12, 'model__n_estimators': 200, 'model__subsample': 0.8}",0.28664440534186597,-0.1338845548989036,-0.4342661374444714,0.41204750552258185,0.2210858365612246,0.07032541101645948,0.31068020343993563,500,0.9999999999999996,0.9999999999999996,0.9999999999999996,0.9999999999999996,0.9999999999999994,0.9999999999999994,9.930136612989092e-17
9.012542247772217,3.7057947431629192,0.02379579544067383,0.026538674769218375,0.13999999999999999,squared_error,12,500,0.2,"{'model__learning_rate': 0.13999999999999999, 'model__loss': 'squared_error', 'model__max_depth': 12, 'model__n_estimators': 500, 'model__subsample': 0.2}",-0.08390147456516894,-0.018569207284159672,-0.6087713389492195,-0.11340536624584363,0.07092005602281881,-0.1507454662043146,0.23759472618442112,617,0.9999996477011353,0.9999998093556458,0.999999602578286,0.9999995766303202,0.9999994648748483,0.9999996202280471,1.1213466137712889e-07
22.082103633880614,7.012570412802269,0.036113548278808597,0.03188069381632043,0.13999999999999999,squared_error,12,500,0.4,"{'model__learning_rate': 0.13999999999999999, 'model__loss': 'squared_error', 'model__max_depth': 12, 'model__n_estimators': 500, 'model__subsample': 0.4}",0.002485773989970075,0.25765183652839097,-0.5122516720965509,0.2911706389410501,0.47152771112159864,0.10211685769689179,0.3416933958132557,429,0.9999999999999996,0.9999999999999996,0.9999999999999996,0.9999999999999996,0.9999999999999996,0.9999999999999997,1.1102230246251565e-16
9.537500953674316,0.3960969696704934,0.011417913436889648,0.0025515619578004214,0.13999999999999999,squared_error,12,500,0.6000000000000001,"{'model__learning_rate': 0.13999999999999999, 'model__loss': 'squared_error', 'model__max_depth': 12, 'model__n_estimators': 500, 'model__subsample': 0.6000000000000001}",0.3155427118158214,0.08906181744539998,-0.867456661113216,0.4789584070081012,0.3237266124077116,0.06796657751276365,0.4839593094769781,504,0.9999999999999997,0.9999999999999996,0.9999999999999997,0.9999999999999996,0.9999999999999996,0.9999999999999997,8.599750569898517e-17
22.561537885665892,5.142906095561465,0.008706998825073243,0.0006900136251610374,0.13999999999999999,squared_error,12,500,0.8,"{'model__learning_rate': 0.13999999999999999, 'model__loss': 'squared_error', 'model__max_depth': 12, 'model__n_estimators': 500, 'model__subsample': 0.8}",0.28664440534148183,-0.1338845550913399,-0.4342661368844476,0.4120475060860773,0.2210858359428014,0.07032541107891462,0.31068020334720753,498,0.9999999999999996,0.9999999999999996,0.9999999999999996,0.9999999999999996,0.9999999999999996,0.9999999999999997,1.1102230246251565e-16
17.03983778953552,5.948258306017608,0.03968029022216797,0.03310969653961207,0.13999999999999999,squared_error,12,1000,0.2,"{'model__learning_rate': 0.13999999999999999, 'model__loss': 'squared_error', 'model__max_depth': 12, 'model__n_estimators': 1000, 'model__subsample': 0.2}",-0.08358289334821989,-0.018464462871682352,-0.6085004778709173,-0.11366919045788593,0.07076566029785569,-0.15069027285016995,0.23748285828547025,616,0.999999999999579,0.9999999999998499,0.9999999999996693,0.9999999999998106,0.9999999999997977,0.9999999999997412,1.012992213069719e-13
21.97758755683899,7.343755380631599,0.024974536895751954,0.027888493251130332,0.13999999999999999,squared_error,12,1000,0.4,"{'model__learning_rate': 0.13999999999999999, 'model__loss': 'squared_error', 'model__max_depth': 12, 'model__n_estimators': 1000, 'model__subsample': 0.4}",0.002485774941635266,0.2576518354560472,-0.5122516729185891,0.2911706366013871,0.47152770920716724,0.10211685665752954,0.3416933952828961,430,0.9999999999999997,0.9999999999999996,0.9999999999999997,0.9999999999999996,0.9999999999999996,0.9999999999999997,8.599750569898517e-17
24.701429462432863,7.367131848227237,0.03750829696655274,0.03421225394085818,0.13999999999999999,squared_error,12,1000,0.6000000000000001,"{'model__learning_rate': 0.13999999999999999, 'model__loss': 'squared_error', 'model__max_depth': 12, 'model__n_estimators': 1000, 'model__subsample': 0.6000000000000001}",0.3155427115735918,0.08906181770546484,-0.867456663085455,0.47895840770086073,0.3237266121340272,0.06796657720569792,0.4839593103056076,505,0.9999999999999997,0.9999999999999996,0.9999999999999997,0.9999999999999996,0.9999999999999996,0.9999999999999997,8.599750569898517e-17
17.162310791015624,7.676340816219881,0.022699832916259766,0.025741492129090354,0.13999999999999999,squared_error,12,1000,0.8,"{'model__learning_rate': 0.13999999999999999, 'model__loss': 'squared_error', 'model__max_depth': 12, 'model__n_estimators': 1000, 'model__subsample': 0.8}",0.2866444054145856,-0.1338845551788146,-0.4342661370219856,0.4120475061278692,0.2210858358973682,0.07032541104780457,0.3106802034183476,499,0.9999999999999996,0.9999999999999996,0.9999999999999996,0.9999999999999996,0.9999999999999996,0.9999999999999997,1.1102230246251565e-16
2.6726330757141112,1.0851393923331185,0.008129453659057618,0.0004516990737885915,0.13999999999999999,absolute_error,6,200,0.2,"{'model__learning_rate': 0.13999999999999999, 'model__loss': 'absolute_error', 'model__max_depth': 6, 'model__n_estimators': 200, 'model__subsample': 0.2}",-0.46502456270334,-0.08663342059098045,-0.3667302221552795,0.2645997959627514,0.23573773341379223,-0.08361013521461128,0.29962520145954374,598,0.894558933412868,0.881822887745516,0.9131780310193698,0.9308710751069987,0.8729230745324115,0.8986708003634327,0.021028658681595647
5.823958063125611,2.3181254598729484,0.03357930183410644,0.03150664949995067,0.13999999999999999,absolute_error,6,200,0.4,"{'model__learning_rate': 0.13999999999999999, 'model__loss': 'absolute_error', 'model__max_depth': 6, 'model__n_estimators': 200, 'model__subsample': 0.4}",0.32669869993212375,0.20252993556832188,-0.4221552766379941,0.18201414201833432,0.32058737546506044,0.12193497526916926,0.27839907153750754,356,0.9722226606347505,0.9696605803652236,0.9699541193640878,0.9678238895531885,0.9677998990575378,0.9694922297949576,0.0016336633035355906
8.135009145736694,3.841099583100249,0.007858610153198243,0.001229804830739336,0.13999999999999999,absolute_error,6,200,0.6000000000000001,"{'model__learning_rate': 0.13999999999999999, 'model__loss': 'absolute_error', 'model__max_depth': 6, 'model__n_estimators': 200, 'model__subsample': 0.6000000000000001}",0.5128613360631242,0.02163368645143382,-0.2326138944070355,0.28866696428629746,0.456134606795614,0.2093365398378868,0.279242708595766,93,0.9804939564427807,0.9865971264769702,0.9678106803350695,0.9868129681854573,0.9667085746529575,0.9776846612186469,0.008816123178634025
12.585493850708009,5.092415131869583,0.024454736709594728,0.029707329581456467,0.13999999999999999,absolute_error,6,200,0.8,"{'model__learning_rate': 0.13999999999999999, 'model__loss': 'absolute_error', 'model__max_depth': 6, 'model__n_estimators': 200, 'model__subsample': 0.8}",0.4033092519781979,0.00574127067961705,-0.1570865754915829,0.31347387844008046,0.19178327845087473,0.15144422081143744,0.20383201190765787,257,0.9804269467840362,0.9864649059574963,0.9771184118016016,0.9894127092391725,0.9922754120366845,0.9851396771637981,0.00561220584604761
6.805260038375854,2.7009011937004055,0.00869746208190918,0.0011872721415381964,0.13999999999999999,absolute_error,6,500,0.2,"{'model__learning_rate': 0.13999999999999999, 'model__loss': 'absolute_error', 'model__max_depth': 6, 'model__n_estimators': 500, 'model__subsample': 0.2}",-0.4182645692160396,-0.14671182367007396,-0.5451848884985648,0.21829178151675943,0.24907563539802002,-0.1285587728939798,0.32272259149304355,608,0.978721925137652,0.9665006732120544,0.9811170253399981,0.9860082090027242,0.9593641578566074,0.9743423981098074,0.009869217854922237
14.163048696517944,4.613356808805395,0.009357738494873046,0.0015993310740091457,0.13999999999999999,absolute_error,6,500,0.4,"{'model__learning_rate': 0.13999999999999999, 'model__loss': 'absolute_error', 'model__max_depth': 6, 'model__n_estimators': 500, 'model__subsample': 0.4}",0.3430909875833016,0.22612479130048158,-0.4493923876641748,0.1965683726912153,0.32293367828015085,0.1278650884381949,0.29393034773414023,341,0.9963521899963237,0.9974958029925637,0.9968034971157336,0.9923782651822526,0.9900193303622403,0.9946098171298227,0.0029061797034766624
27.406856346130372,6.97096748523894,0.022939300537109374,0.026820265059620846,0.13999999999999999,absolute_error,6,500,0.6000000000000001,"{'model__learning_rate': 0.13999999999999999, 'model__loss': 'absolute_error', 'model__max_depth': 6, 'model__n_estimators': 500, 'model__subsample': 0.6000000000000001}",0.510512543612462,0.04829229477485775,-0.26029981427760895,0.2940813753908239,0.45445791668085256,0.20940886323627747,0.28441754151576343,92,0.997968524032709,0.9992863876234044,0.9988733560282159,0.9989261070358463,0.9974458171812679,0.9985000383802888,0.0006831010958561133
32.953209495544435,10.873750789603475,0.009812879562377929,0.0009437966140488357,0.13999999999999999,absolute_error,6,500,0.8,"{'model__learning_rate': 0.13999999999999999, 'model__loss': 'absolute_error', 'model__max_depth': 6, 'model__n_estimators': 500, 'model__subsample': 0.8}",0.3967666644374005,0.016263096538250976,-0.17790477003416472,0.3096691068692383,0.18165851303884906,0.14529052216991484,0.20624571436291572,284,0.9990330381346966,0.9991631524801551,0.9979789104280972,0.9994218484251822,0.9994259417101813,0.9990045782356625,0.0005347170835246753
16.611911869049074,2.5308652359076915,0.009503173828125,0.0012528628728460508,0.13999999999999999,absolute_error,6,1000,0.2,"{'model__learning_rate': 0.13999999999999999, 'model__loss': 'absolute_error', 'model__max_depth': 6, 'model__n_estimators': 1000, 'model__subsample': 0.2}",-0.39922089883267,-0.12152858599156513,-0.5558258082886882,0.19143755665077067,0.26696151915189803,-0.12363524346205093,0.32080438778556347,604,0.9968773948408479,0.9938341452573956,0.9969507629827651,0.9978637614470839,0.9909679215593052,0.9952987972174796,0.002557408538973548
29.24219946861267,9.408744378472507,0.03712725639343262,0.03360392430111602,0.13999999999999999,absolute_error,6,1000,0.4,"{'model__learning_rate': 0.13999999999999999, 'model__loss': 'absolute_error', 'model__max_depth': 6, 'model__n_estimators': 1000, 'model__subsample': 0.4}",0.34915254366397064,0.22785122969411542,-0.4816040247977649,0.19680504774382512,0.31686013008956326,0.12181298527874192,0.3068245981882082,357,0.9998912239462997,0.9995450372473275,0.9998430525826896,0.9990461449425458,0.9992687649297345,0.9995188447297194,0.00032571400215574266
51.491082954406735,12.008423111213274,0.025244665145874024,0.0269885622855251,0.13999999999999999,absolute_error,6,1000,0.6000000000000001,"{'model__learning_rate': 0.13999999999999999, 'model__loss': 'absolute_error', 'model__max_depth': 6, 'model__n_estimators': 1000, 'model__subsample': 0.6000000000000001}",0.5016567460430924,0.059898379611504016,-0.26911847094791574,0.2917747589244759,0.4517292977294196,0.20718814227211527,0.2836297921649526,99,0.9999314026705683,0.9999712396790587,0.9999810803743473,0.9999886646716813,0.9999874806592625,0.9999719736109836,2.120628706185821e-05
61.0919367313385,18.51210147115885,0.024701404571533202,0.025835789910927567,0.13999999999999999,absolute_error,6,1000,0.8,"{'model__learning_rate': 0.13999999999999999, 'model__loss': 'absolute_error', 'model__max_depth': 6, 'model__n_estimators': 1000, 'model__subsample': 0.8}",0.3906259519218892,0.014857787147994128,-0.16474157085688956,0.30922115335909695,0.18445171366658786,0.14688300704773571,0.20085628737211983,274,0.9999817844796751,0.9999893103871488,0.9999905215023525,0.9999943403150501,0.9999770267583774,0.9999865966885209,6.284472811708086e-06
3.6163849353790285,0.026522968066909472,0.03505573272705078,0.033983285755632,0.13999999999999999,absolute_error,9,200,0.2,"{'model__learning_rate': 0.13999999999999999, 'model__loss': 'absolute_error', 'model__max_depth': 9, 'model__n_estimators': 200, 'model__subsample': 0.2}",-0.46502456270334,-0.08663342059098045,-0.3667302221552795,0.2645997959627514,0.23573773341379223,-0.08361013521461128,0.29962520145954374,598,0.894558933412868,0.881822887745516,0.9131780310193698,0.9308710751069987,0.8729230745324115,0.8986708003634327,0.021028658681595647
7.819487428665161,0.10263562741316086,0.021587657928466796,0.025725469700119016,0.13999999999999999,absolute_error,9,200,0.4,"{'model__learning_rate': 0.13999999999999999, 'model__loss': 'absolute_error', 'model__max_depth': 9, 'model__n_estimators': 200, 'model__subsample': 0.4}",0.32382610926858924,0.17344945461537176,-0.4156601109430891,0.17750771116350017,0.32246236051518307,0.11631710492391104,0.27406714767069446,382,0.9700207478584019,0.9579070330929642,0.9699021993930664,0.9693233503224767,0.9660292107715818,0.9666365082876982,0.0046023794592799025
13.054167175292969,0.14948280191832453,0.02272458076477051,0.027560710630362584,0.13999999999999999,absolute_error,9,200,0.6000000000000001,"{'model__learning_rate': 0.13999999999999999, 'model__loss': 'absolute_error', 'model__max_depth': 9, 'model__n_estimators': 200, 'model__subsample': 0.6000000000000001}",0.4626731989720021,0.0492441030495675,-0.4381667416065871,0.24748127854591306,0.36836724303673085,0.13791981639952527,0.31947256357223663,306,0.9796885728819998,0.9819595943080731,0.9851445644115003,0.9785002721113405,0.9844621757392784,0.9819510358904384,0.0025896343574129364
15.164291858673096,4.018523833684085,0.021972799301147462,0.027444134524198253,0.13999999999999999,absolute_error,9,200,0.8,"{'model__learning_rate': 0.13999999999999999, 'model__loss': 'absolute_error', 'model__max_depth': 9, 'model__n_estimators': 200, 'model__subsample': 0.8}",0.408483874327797,0.10295059853894628,-0.10739271455201083,0.41805289703491544,0.3028996579445159,0.22499886265883276,0.20118900714381652,41,0.9903420416311267,0.9716945847507232,0.9903540663984256,0.9914238030624312,0.9889929448329261,0.9865614881351265,0.007473354521044935
6.583845424652099,2.4278396232068093,0.022399282455444335,0.02811834616013671,0.13999999999999999,absolute_error,9,500,0.2,"{'model__learning_rate': 0.13999999999999999, 'model__loss': 'absolute_error', 'model__max_depth': 9, 'model__n_estimators': 500, 'model__subsample': 0.2}",-0.4182645692160396,-0.14671182367007396,-0.5451848884985648,0.21829178151675943,0.24907563539802002,-0.1285587728939798,0.32272259149304355,608,0.978721925137652,0.9665006732120544,0.9811170253399981,0.9860082090027242,0.9593641578566074,0.9743423981098074,0.009869217854922237
12.58695707321167,4.654358013051903,0.009193181991577148,0.0008625286700389146,0.13999999999999999,absolute_error,9,500,0.4,"{'model__learning_rate': 0.13999999999999999, 'model__loss': 'absolute_error', 'model__max_depth': 9, 'model__n_estimators': 500, 'model__subsample': 0.4}",0.3616630776928832,0.1942589626967095,-0.549092167240754,0.21104487285688167,0.3699983898759239,0.11757462717632886,0.3412795676776236,375,0.995961735538358,0.9927647525074578,0.9944633053915081,0.9967400926261131,0.996842831659602,0.9953545435446077,0.0015495001096747665
22.271053886413576,9.28537208063519,0.010899686813354492,0.0009608814730406487,0.13999999999999999,absolute_error,9,500,0.6000000000000001,"{'model__learning_rate': 0.13999999999999999, 'model__loss': 'absolute_error', 'model__max_depth': 9, 'model__n_estimators': 500, 'model__subsample': 0.6000000000000001}",0.4605308568898139,0.05974674243840117,-0.4394557261758656,0.2494608086316804,0.36658664385092654,0.1393738651269913,0.3188324857160256,300,0.9991450796535587,0.9991822172313704,0.9990247421490218,0.9979143707081526,0.9984910890709664,0.9987514997626139,0.00048655582461329123
36.14902529716492,14.263036914190778,0.023231363296508788,0.025481857922932748,0.13999999999999999,absolute_error,9,500,0.8,"{'model__learning_rate': 0.13999999999999999, 'model__loss': 'absolute_error', 'model__max_depth': 9, 'model__n_estimators': 500, 'model__subsample': 0.8}",0.41477989774230517,0.11446416715354946,-0.11194993691328015,0.4194907724356265,0.30859994106925925,0.22907696829749202,0.20322516688289283,35,0.9997381906550366,0.9986692277589495,0.9997024263434197,0.9994846923059519,0.9994501553067173,0.999408938474015,0.0003870792013345535
16.26360297203064,4.512788601756742,0.02301812171936035,0.027530497767485576,0.13999999999999999,absolute_error,9,1000,0.2,"{'model__learning_rate': 0.13999999999999999, 'model__loss': 'absolute_error', 'model__max_depth': 9, 'model__n_estimators': 1000, 'model__subsample': 0.2}",-0.39922089883267,-0.12152858599156513,-0.5558258082886882,0.19143755665077067,0.26696151915189803,-0.12363524346205093,0.32080438778556347,604,0.9968773948408479,0.9938341452573956,0.9969507629827651,0.9978637614470839,0.9909679215593052,0.9952987972174796,0.002557408538973548
20.53127818107605,9.536520526818766,0.012210750579833984,0.0007749431067103701,0.13999999999999999,absolute_error,9,1000,0.4,"{'model__learning_rate': 0.13999999999999999, 'model__loss': 'absolute_error', 'model__max_depth': 9, 'model__n_estimators': 1000, 'model__subsample': 0.4}",0.36681624188612627,0.20322544514097307,-0.5718023201065972,0.2140301509759439,0.3686635505104199,0.1161866136813732,0.35129409421494867,385,0.9997252624224193,0.9986943997489163,0.9995655207884946,0.9995230300352216,0.99980980529462,0.9994636036579344,0.000398475628299515
50.4792284488678,16.204643803942563,0.037700462341308597,0.0319366762543112,0.13999999999999999,absolute_error,9,1000,0.6000000000000001,"{'model__learning_rate': 0.13999999999999999, 'model__loss': 'absolute_error', 'model__max_depth': 9, 'model__n_estimators': 1000, 'model__subsample': 0.6000000000000001}",0.45763375911324056,0.06735504257418568,-0.444473567160917,0.2484375575675346,0.3708353434547603,0.13995762710976084,0.3202566146637393,296,0.9999685258336027,0.9999798980181431,0.9999817875988143,0.9998587764153724,0.9999923192777289,0.9999562614287324,4.9323798817424055e-05
84.71951293945312,23.67533585974018,0.012500715255737305,0.000863223713810106,0.13999999999999999,absolute_error,9,1000,0.8,"{'model__learning_rate': 0.13999999999999999, 'model__loss': 'absolute_error', 'model__max_depth': 9, 'model__n_estimators': 1000, 'model__subsample': 0.8}",0.41339107776283235,0.11582887053034996,-0.11396526202524848,0.4185462523395741,0.31075058895527763,0.22891030551255712,0.20349144719374784,37,0.999999540148359,0.9999913483585227,0.9999997192294546,0.9999998084588027,0.9999967700039634,0.9999974372398205,3.248755442356485e-06
1.493331003189087,0.02861778633827168,0.00904393196105957,0.000897697767659308,0.13999999999999999,absolute_error,12,200,0.2,"{'model__learning_rate': 0.13999999999999999, 'model__loss': 'absolute_error', 'model__max_depth': 12, 'model__n_estimators': 200, 'model__subsample': 0.2}",-0.46502456270334,-0.08663342059098045,-0.3667302221552795,0.2645997959627514,0.23573773341379223,-0.08361013521461128,0.29962520145954374,598,0.894558933412868,0.881822887745516,0.9131780310193698,0.9308710751069987,0.8729230745324115,0.8986708003634327,0.021028658681595647
5.018436050415039,2.3282102614136377,0.008943605422973632,0.0009113845923311431,0.13999999999999999,absolute_error,12,200,0.4,"{'model__learning_rate': 0.13999999999999999, 'model__loss': 'absolute_error', 'model__max_depth': 12, 'model__n_estimators': 200, 'model__subsample': 0.4}",0.32382610926858924,0.17344945461537176,-0.4156601109430891,0.17750771116350017,0.32246236051518307,0.11631710492391104,0.27406714767069446,382,0.9700207478584019,0.9579070330929642,0.9699021993930664,0.9693233503224767,0.9660292107715818,0.9666365082876982,0.0046023794592799025
9.954932928085327,3.9364064017285765,0.008787107467651368,0.0017805359383368338,0.13999999999999999,absolute_error,12,200,0.6000000000000001,"{'model__learning_rate': 0.13999999999999999, 'model__loss': 'absolute_error', 'model__max_depth': 12, 'model__n_estimators': 200, 'model__subsample': 0.6000000000000001}",0.4620116667928629,0.0492441030495675,-0.4381667416065871,0.24188417582649224,0.36836724303673085,0.1366680894198133,0.3189612522916984,313,0.9778513539418795,0.9819595943080731,0.9851445644115003,0.9733474485091479,0.9844621757392784,0.9805530273819759,0.004417272687076341
12.314152383804322,5.930203496399544,0.03566994667053223,0.030748098647365038,0.13999999999999999,absolute_error,12,200,0.8,"{'model__learning_rate': 0.13999999999999999, 'model__loss': 'absolute_error', 'model__max_depth': 12, 'model__n_estimators': 200, 'model__subsample': 0.8}",0.39297741762679306,0.06463977618358319,-0.19450049032994476,0.40891240966516373,0.2859294463663232,0.1915917119023837,0.2288528255876988,149,0.9936044609749481,0.9885380398864463,0.9932563205653021,0.992307423047324,0.9910281660517267,0.9917468821051495,0.0018361062616495784
7.379156875610351,3.029421360468209,0.008724164962768555,0.0008341421238261184,0.13999999999999999,absolute_error,12,500,0.2,"{'model__learning_rate': 0.13999999999999999, 'model__loss': 'absolute_error', 'model__max_depth': 12, 'model__n_estimators': 500, 'model__subsample': 0.2}",-0.4182645692160396,-0.14671182367007396,-0.5451848884985648,0.21829178151675943,0.24907563539802002,-0.1285587728939798,0.32272259149304355,608,0.978721925137652,0.9665006732120544,0.9811170253399981,0.9860082090027242,0.9593641578566074,0.9743423981098074,0.009869217854922237
10.225829029083252,4.825144347387581,0.009747743606567383,0.00021725383309087565,0.13999999999999999,absolute_error,12,500,0.4,"{'model__learning_rate': 0.13999999999999999, 'model__loss': 'absolute_error', 'model__max_depth': 12, 'model__n_estimators': 500, 'model__subsample': 0.4}",0.3616630776928832,0.1942589626967095,-0.549092167240754,0.21104487285688167,0.3699983898759239,0.11757462717632886,0.3412795676776236,375,0.995961735538358,0.9927647525074578,0.9944633053915081,0.9967400926261131,0.996842831659602,0.9953545435446077,0.0015495001096747665
25.0514488697052,9.98752013066501,0.023091697692871095,0.02659434460893113,0.13999999999999999,absolute_error,12,500,0.6000000000000001,"{'model__learning_rate': 0.13999999999999999, 'model__loss': 'absolute_error', 'model__max_depth': 12, 'model__n_estimators': 500, 'model__subsample': 0.6000000000000001}",0.4634809590653052,0.05974674243840117,-0.4394557261758656,0.24866706303510222,0.36658664385092654,0.1398051364427739,0.3193741701284966,297,0.9990163894173872,0.9991822172313704,0.9990247421490218,0.9967808050488095,0.9984910890709664,0.998499048583511,0.0008902964520896004
24.48130359649658,11.88223621945681,0.011365509033203125,0.0012176769491128012,0.13999999999999999,absolute_error,12,500,0.8,"{'model__learning_rate': 0.13999999999999999, 'model__loss': 'absolute_error', 'model__max_depth': 12, 'model__n_estimators': 500, 'model__subsample': 0.8}",0.39341006736883133,0.07156198732393249,-0.1775421753098183,0.4085221727783839,0.28488919606393004,0.1961682496450519,0.22228636125149398,138,0.9998212722700031,0.9985512123482894,0.9998112352494758,0.9999505215581089,0.9996672566770336,0.9995602996205821,0.0005124539997207995
13.764376544952393,5.20792056559379,0.010290145874023438,0.0014566509592589905,0.13999999999999999,absolute_error,12,1000,0.2,"{'model__learning_rate': 0.13999999999999999, 'model__loss': 'absolute_error', 'model__max_depth': 12, 'model__n_estimators': 1000, 'model__subsample': 0.2}",-0.39922089883267,-0.12152858599156513,-0.5558258082886882,0.19143755665077067,0.26696151915189803,-0.12363524346205093,0.32080438778556347,604,0.9968773948408479,0.9938341452573956,0.9969507629827651,0.9978637614470839,0.9909679215593052,0.9952987972174796,0.002557408538973548
18.944871950149537,5.9277213924196905,0.011751937866210937,0.0008242643639376458,0.13999999999999999,absolute_error,12,1000,0.4,"{'model__learning_rate': 0.13999999999999999, 'model__loss': 'absolute_error', 'model__max_depth': 12, 'model__n_estimators': 1000, 'model__subsample': 0.4}",0.36681624188612627,0.20322544514097307,-0.5718023201065972,0.2140301509759439,0.3686635505104199,0.1161866136813732,0.35129409421494867,385,0.9997252624224193,0.9986943997489163,0.9995655207884946,0.9995230300352216,0.99980980529462,0.9994636036579344,0.000398475628299515
52.99921236038208,16.871543747700642,0.02594103813171387,0.027740956721404253,0.13999999999999999,absolute_error,12,1000,0.6000000000000001,"{'model__learning_rate': 0.13999999999999999, 'model__loss': 'absolute_error', 'model__max_depth': 12, 'model__n_estimators': 1000, 'model__subsample': 0.6000000000000001}",0.4601104233430976,0.06780163842394626,-0.4340064460114741,0.24913438904305285,0.3708353434547603,0.1427750696506766,0.31696165452992386,293,0.9999881034465165,0.9999891508988737,0.9999474466148485,0.9999564946801568,0.9999923192777289,0.999974702983625,1.8831359126565335e-05
47.39549446105957,12.936573052081766,0.026981163024902343,0.027056033608615845,0.13999999999999999,absolute_error,12,1000,0.8,"{'model__learning_rate': 0.13999999999999999, 'model__loss': 'absolute_error', 'model__max_depth': 12, 'model__n_estimators': 1000, 'model__subsample': 0.8}",0.3957333845891422,0.07519763979856686,-0.17492522644163278,0.4080981755697557,0.28709573615859585,0.19823994193488556,0.22150898008314907,132,0.9999996230383285,0.9999830144920498,0.9999993397617631,0.9999999316855727,0.999997180988659,0.9999958179932745,6.474427936148721e-06
4.686111211776733,0.0192410977009674,0.008552169799804688,0.0010836699347776804,0.16,squared_error,6,200,0.2,"{'model__learning_rate': 0.16, 'model__loss': 'squared_error', 'model__max_depth': 6, 'model__n_estimators': 200, 'model__subsample': 0.2}",-0.376962475279369,-0.6563005520190468,-0.3795387658170901,-0.4912422236346847,0.15909711195725906,-0.34898938095858634,0.2736945999878764,648,0.9990934180688567,0.9989616779169825,0.9981673599543887,0.9992234397069683,0.9978779668023167,0.9986647724899026,0.0005386058568033304
9.250509214401244,0.05110384238895954,0.03430418968200684,0.03326207677039222,0.16,squared_error,6,200,0.4,"{'model__learning_rate': 0.16, 'model__loss': 'squared_error', 'model__max_depth': 6, 'model__n_estimators': 200, 'model__subsample': 0.4}",0.12709257809695462,-0.07622523286420724,-0.5552791483318553,0.23123203485856092,0.33636021601941246,0.012636089555773089,0.3149939165043772,557,0.9999999785777178,0.999999986161601,0.999999986682051,0.9999999930954886,0.999999988157681,0.9999999865349078,4.672311942987094e-09
10.292852687835694,4.336747137392413,0.008595991134643554,0.0008424282276401657,0.16,squared_error,6,200,0.6000000000000001,"{'model__learning_rate': 0.16, 'model__loss': 'squared_error', 'model__max_depth': 6, 'model__n_estimators': 200, 'model__subsample': 0.6000000000000001}",0.40004183243211666,0.06805736645066707,-0.46631611946236884,0.2780581816646056,0.26745189480321285,0.10945863117764668,0.30693872509747727,413,0.9999999999997164,0.9999999999999404,0.9999999999997949,0.9999999999999065,0.9999999999998097,0.9999999999998336,8.0633794634532e-14
12.078132724761963,5.058912807108886,0.02269601821899414,0.027717526193799063,0.16,squared_error,6,200,0.8,"{'model__learning_rate': 0.16, 'model__loss': 'squared_error', 'model__max_depth': 6, 'model__n_estimators': 200, 'model__subsample': 0.8}",0.2355456260471368,-0.02507561437320427,-0.8454232243308002,0.3868646556477289,0.24849691712399624,8.167202297149068e-05,0.443230392207481,567,0.9999999999999996,0.9999999999999996,0.9999999999999996,0.9999999999999996,0.9999999999999996,0.9999999999999997,1.1102230246251565e-16
5.609060287475586,2.973119177191363,0.010179567337036132,0.0008289580291117597,0.16,squared_error,6,500,0.2,"{'model__learning_rate': 0.16, 'model__loss': 'squared_error', 'model__max_depth': 6, 'model__n_estimators': 500, 'model__subsample': 0.2}",-0.3732334884168327,-0.647492916612729,-0.3762207469729799,-0.48292557897403565,0.16682005036068337,-0.34261053612317877,0.2735794258013756,647,0.9999998523915854,0.9999998637938283,0.9999998315024954,0.999999946808947,0.9999996529354316,0.9999998294864575,9.658212700004147e-08
11.696119594573975,6.133095761249523,0.010352849960327148,0.0016280977618592588,0.16,squared_error,6,500,0.4,"{'model__learning_rate': 0.16, 'model__loss': 'squared_error', 'model__max_depth': 6, 'model__n_estimators': 500, 'model__subsample': 0.4}",0.12704834293714218,-0.0761668541269791,-0.5553317329717986,0.23122919259609276,0.336351104844526,0.01262601065579665,0.31500410450326133,558,0.9999999999999996,0.9999999999999996,0.9999999999999997,0.9999999999999996,0.9999999999999996,0.9999999999999997,9.930136612989092e-17
13.152197217941284,5.594404056929716,0.036382102966308595,0.03297438951596472,0.16,squared_error,6,500,0.6000000000000001,"{'model__learning_rate': 0.16, 'model__loss': 'squared_error', 'model__max_depth': 6, 'model__n_estimators': 500, 'model__subsample': 0.6000000000000001}",0.40004190978541443,0.06805744056045648,-0.46631624054425913,0.2780582042093548,0.2674518980585082,0.10945864241389495,0.3069387859829703,412,0.9999999999999996,0.9999999999999996,0.9999999999999997,0.9999999999999996,0.9999999999999996,0.9999999999999997,9.930136612989092e-17
8.379276180267334,4.2442776180277235,0.009835004806518555,0.0011351068539099231,0.16,squared_error,6,500,0.8,"{'model__learning_rate': 0.16, 'model__loss': 'squared_error', 'model__max_depth': 6, 'model__n_estimators': 500, 'model__subsample': 0.8}",0.23554562596522455,-0.025075613691757148,-0.8454232237681365,0.38686465555694816,0.24849691737700508,8.167228785682656e-05,0.44323039198889186,565,0.9999999999999996,0.9999999999999996,0.9999999999999996,0.9999999999999996,0.9999999999999996,0.9999999999999997,1.1102230246251565e-16
8.16479926109314,0.09750450070084253,0.012483882904052734,0.0005935532381685849,0.16,squared_error,6,1000,0.2,"{'model__learning_rate': 0.16, 'model__loss': 'squared_error', 'model__max_depth': 6, 'model__n_estimators': 1000, 'model__subsample': 0.2}",-0.37326700898996945,-0.6474493005322692,-0.37622003422231876,-0.48279496753848283,0.1667886193297171,-0.3425885383906646,0.27354533881805543,646,0.9999999999999806,0.9999999999999625,0.9999999999999138,0.9999999999999855,0.9999999999999837,0.9999999999999651,2.6954376797066244e-14
20.543697690963747,0.3280182630279223,0.03740262985229492,0.03281365167712199,0.16,squared_error,6,1000,0.4,"{'model__learning_rate': 0.16, 'model__loss': 'squared_error', 'model__max_depth': 6, 'model__n_estimators': 1000, 'model__subsample': 0.4}",0.12704834382497077,-0.07616685420547831,-0.5553317347273166,0.231229193062522,0.3363511043998445,0.012626010470908477,0.31500410517857064,559,0.9999999999999997,0.9999999999999997,0.9999999999999997,0.9999999999999997,0.9999999999999996,0.9999999999999997,4.965068306494546e-17
14.202013874053955,5.989658110553626,0.022553062438964842,0.025972941860799428,0.16,squared_error,6,1000,0.6000000000000001,"{'model__learning_rate': 0.16, 'model__loss': 'squared_error', 'model__max_depth': 6, 'model__n_estimators': 1000, 'model__subsample': 0.6000000000000001}",0.40004191030073677,0.06805744154122184,-0.46631623915154696,0.2780582043131672,0.2674518980309042,0.1094586430068966,0.30693878554014065,411,0.9999999999999997,0.9999999999999996,0.9999999999999997,0.9999999999999996,0.9999999999999996,0.9999999999999997,8.599750569898517e-17
11.625249195098878,5.733289359681931,0.024035072326660155,0.025970629227219776,0.16,squared_error,6,1000,0.8,"{'model__learning_rate': 0.16, 'model__loss': 'squared_error', 'model__max_depth': 6, 'model__n_estimators': 1000, 'model__subsample': 0.8}",0.23554562606476037,-0.025075613945550357,-0.8454232234779309,0.3868646556816502,0.2484969170943393,8.167228345372646e-05,0.4432303918817086,566,0.9999999999999996,0.9999999999999996,0.9999999999999996,0.9999999999999996,0.9999999999999996,0.9999999999999997,1.1102230246251565e-16
1.8138448238372802,0.04266105675173645,0.009383535385131836,0.0008151341277367224,0.16,squared_error,9,200,0.2,"{'model__learning_rate': 0.16, 'model__loss': 'squared_error', 'model__max_depth': 9, 'model__n_estimators': 200, 'model__subsample': 0.2}",-0.5690286529371917,-0.045857530452931616,-0.5318254346802245,-0.18649696417357942,-0.1227777685499789,-0.2911972701587812,0.2166153555461887,637,0.9988899742668234,0.9990410846858534,0.9989840995686811,0.9993053780161748,0.998668037160101,0.9989777147395268,0.00020737325418371643
4.210070848464966,0.056705913642046274,0.008797025680541993,0.0007429135564957371,0.16,squared_error,9,200,0.4,"{'model__learning_rate': 0.16, 'model__loss': 'squared_error', 'model__max_depth': 9, 'model__n_estimators': 200, 'model__subsample': 0.4}",-0.09116114143689802,0.11356961448766345,-0.5085130244577587,0.38247519801969254,0.30849684164584024,0.0409734976517079,0.3202678091668661,546,0.9999999870012891,0.9999999944870932,0.9999999965025149,0.9999999899495824,0.9999999890825129,0.9999999914045985,3.5323876499422997e-09
9.201876878738403,4.962417834771204,0.009323501586914062,0.0007260002814161074,0.16,squared_error,9,200,0.6000000000000001,"{'model__learning_rate': 0.16, 'model__loss': 'squared_error', 'model__max_depth': 9, 'model__n_estimators': 200, 'model__subsample': 0.6000000000000001}",0.18568405476299643,0.0372265375778954,-0.42994934100660864,0.41080318794192905,0.22181136945693858,0.08511516174663017,0.28371020713859496,472,0.9999999999999835,0.999999999999992,0.9999999999999949,0.9999999999999836,0.9999999999999492,0.9999999999999807,1.637306087165925e-14
11.539950466156006,5.9564608949755815,0.03719582557678223,0.03412925367882021,0.16,squared_error,9,200,0.8,"{'model__learning_rate': 0.16, 'model__loss': 'squared_error', 'model__max_depth': 9, 'model__n_estimators': 200, 'model__subsample': 0.8}",0.3772593872685137,-0.08517655900575072,-0.5512478954371667,0.3408815949335161,0.3817167147924807,0.09268664851031863,0.36671726759621914,455,0.9999999999999996,0.9999999999999996,0.9999999999999996,0.9999999999999996,0.9999999999999996,0.9999999999999997,1.1102230246251565e-16
12.46600308418274,0.0411438133546546,0.023662328720092773,0.02710737322481194,0.16,squared_error,9,500,0.2,"{'model__learning_rate': 0.16, 'model__loss': 'squared_error', 'model__max_depth': 9, 'model__n_estimators': 500, 'model__subsample': 0.2}",-0.5671551480277075,-0.036914271977775526,-0.5555021110011773,-0.18358373457330335,-0.12567535227524984,-0.2937661235710427,0.22343447617426812,639,0.9999999039367942,0.9999997336686589,0.9999999227474734,0.9999998261138048,0.9999998370948908,0.9999998447123245,6.68306040241315e-08
14.086075687408448,7.021579873668545,0.010798263549804687,0.0019977385643645297,0.16,squared_error,9,500,0.4,"{'model__learning_rate': 0.16, 'model__loss': 'squared_error', 'model__max_depth': 9, 'model__n_estimators': 500, 'model__subsample': 0.4}",-0.09116453685524673,0.11356303258183176,-0.5085034734708664,0.38249505111678983,0.30849897023609285,0.04097780872172026,0.3202691032268164,545,0.9999999999999997,0.9999999999999996,0.9999999999999997,0.9999999999999996,0.9999999999999996,0.9999999999999997,8.599750569898517e-17
10.344157123565674,5.409808411449802,0.010388994216918945,0.0009306678271738178,0.16,squared_error,9,500,0.6000000000000001,"{'model__learning_rate': 0.16, 'model__loss': 'squared_error', 'model__max_depth': 9, 'model__n_estimators': 500, 'model__subsample': 0.6000000000000001}",0.18568407656265007,0.03722654431229444,-0.429949332322042,0.41080318792156767,0.22181137955281804,0.08511517120545764,0.28371020627164767,471,0.9999999999999996,0.9999999999999996,0.9999999999999997,0.9999999999999996,0.9999999999999996,0.9999999999999997,9.930136612989092e-17
14.55401382446289,6.359825952872427,0.009006118774414063,0.0011362458741793662,0.16,squared_error,9,500,0.8,"{'model__learning_rate': 0.16, 'model__loss': 'squared_error', 'model__max_depth': 9, 'model__n_estimators': 500, 'model__subsample': 0.8}",0.3772593870296038,-0.08517655882834374,-0.5512478934666976,0.34088159492286463,0.3817167141626536,0.09268664876401615,0.3667172667492031,453,0.9999999999999996,0.9999999999999996,0.9999999999999996,0.9999999999999996,0.9999999999999996,0.9999999999999997,1.1102230246251565e-16
17.009898948669434,7.16685573353567,0.013223791122436523,0.001016863637310384,0.16,squared_error,9,1000,0.2,"{'model__learning_rate': 0.16, 'model__loss': 'squared_error', 'model__max_depth': 9, 'model__n_estimators': 1000, 'model__subsample': 0.2}",-0.5672308861171214,-0.03669520759234257,-0.555274043291808,-0.1836497345663135,-0.1256669371449004,-0.29370336174249717,0.22344474045388915,638,0.999999999999972,0.999999999999853,0.9999999999999867,0.9999999999999847,0.9999999999999295,0.9999999999999453,5.0486713028105145e-14
15.188050270080566,7.605694176754722,0.024592876434326172,0.02538745811276793,0.16,squared_error,9,1000,0.4,"{'model__learning_rate': 0.16, 'model__loss': 'squared_error', 'model__max_depth': 9, 'model__n_estimators': 1000, 'model__subsample': 0.4}",-0.091164533945435,0.11356303246981858,-0.5085034717127381,0.38249505251084637,0.3084989687073212,0.0409778096059626,0.3202691024202554,544,0.9999999999999997,0.9999999999999997,0.9999999999999997,0.9999999999999997,0.9999999999999996,0.9999999999999997,4.965068306494546e-17
16.92031455039978,6.875825857362052,0.023892927169799804,0.026944930441001307,0.16,squared_error,9,1000,0.6000000000000001,"{'model__learning_rate': 0.16, 'model__loss': 'squared_error', 'model__max_depth': 9, 'model__n_estimators': 1000, 'model__subsample': 0.6000000000000001}",0.18568407828014266,0.037226546234121916,-0.42994933154055404,0.4108031883765305,0.22181137932420258,0.08511517213488873,0.2837102061272052,470,0.9999999999999997,0.9999999999999997,0.9999999999999997,0.9999999999999996,0.9999999999999996,0.9999999999999997,7.021666937153402e-17
7.660997629165649,0.25968721969082115,0.010457515716552734,0.0012530677833899227,0.16,squared_error,9,1000,0.8,"{'model__learning_rate': 0.16, 'model__loss': 'squared_error', 'model__max_depth': 9, 'model__n_estimators': 1000, 'model__subsample': 0.8}",0.3772593864635193,-0.08517655894030662,-0.5512478935965541,0.34088159492313463,0.38171671413594865,0.09268664859714837,0.3667172667136386,454,0.9999999999999996,0.9999999999999996,0.9999999999999996,0.9999999999999996,0.9999999999999996,0.9999999999999997,1.1102230246251565e-16
3.7530503273010254,1.584924556808555,0.02240595817565918,0.02702082396714562,0.16,squared_error,12,200,0.2,"{'model__learning_rate': 0.16, 'model__loss': 'squared_error', 'model__max_depth': 12, 'model__n_estimators': 200, 'model__subsample': 0.2}",-0.08550370286977804,0.06231712295841019,-1.04536796786171,-0.2615830966388304,0.10267672352001056,-0.24549218417837954,0.4199106235346245,634,0.9981204465356944,0.9980581469258644,0.9988965211954184,0.9991852139108742,0.99903970801767,0.9986600073171041,0.00047525049608890285
6.180026626586914,3.1050282264235247,0.009708261489868164,0.0008938990188494942,0.16,squared_error,12,200,0.4,"{'model__learning_rate': 0.16, 'model__loss': 'squared_error', 'model__max_depth': 12, 'model__n_estimators': 200, 'model__subsample': 0.4}",0.028635783886047705,0.09211063242931339,-0.7513349731865369,0.26422922780478664,0.3829706420549255,0.0033222625977072707,0.39755176493557304,562,0.9999999879111107,0.9999999749829639,0.9999999722902843,0.9999999941267262,0.9999999965702849,0.999999985176274,9.872848775909e-09
18.497640943527223,5.333281942911882,0.04808120727539063,0.0321728757070195,0.16,squared_error,12,200,0.6000000000000001,"{'model__learning_rate': 0.16, 'model__loss': 'squared_error', 'model__max_depth': 12, 'model__n_estimators': 200, 'model__subsample': 0.6000000000000001}",0.22678378607633753,0.03657622658002624,-0.9546061640267081,0.34920634019177865,0.2035083921059473,-0.02770628381452367,0.4740388543673118,582,0.9999999999999942,0.999999999999973,0.9999999999999953,0.9999999999999937,0.9999999999999828,0.9999999999999879,8.673108882833255e-15
7.810708713531494,0.14824256574346592,0.010005521774291991,0.0010716261318660463,0.16,squared_error,12,200,0.8,"{'model__learning_rate': 0.16, 'model__loss': 'squared_error', 'model__max_depth': 12, 'model__n_estimators': 200, 'model__subsample': 0.8}",0.2923805107387315,-0.07967587395298126,-0.4791834262993637,0.3798976287926762,0.21061092299143314,0.06480595245409917,0.31277195394350726,509,0.9999999999999996,0.9999999999999996,0.9999999999999996,0.9999999999999996,0.9999999999999996,0.9999999999999997,1.1102230246251565e-16
10.772788143157959,3.1466614906874577,0.03933391571044922,0.034108581493257774,0.16,squared_error,12,500,0.2,"{'model__learning_rate': 0.16, 'model__loss': 'squared_error', 'model__max_depth': 12, 'model__n_estimators': 500, 'model__subsample': 0.2}",-0.07126469837741078,0.06766975868860337,-1.0672833132514525,-0.25885111257729054,0.09458899257218911,-0.24702807458907222,0.4288561884928785,635,0.9999997624893919,0.9999996720645283,0.9999999282840691,0.9999999326894382,0.9999999257307072,0.9999998442516269,1.0756858121229212e-07
8.87114634513855,0.3861683579729276,0.012195920944213868,0.0019033156768646716,0.16,squared_error,12,500,0.4,"{'model__learning_rate': 0.16, 'model__loss': 'squared_error', 'model__max_depth': 12, 'model__n_estimators': 500, 'model__subsample': 0.4}",0.02861895318122254,0.09205592854312394,-0.7514549158804331,0.2642264672072716,0.3829698017485311,0.00328324695994322,0.3975941210664814,563,0.9999999999999997,0.9999999999999996,0.9999999999999997,0.9999999999999996,0.9999999999999996,0.9999999999999997,8.599750569898517e-17
18.33776912689209,6.483844686994794,0.024281644821166994,0.02771678129036756,0.16,squared_error,12,500,0.6000000000000001,"{'model__learning_rate': 0.16, 'model__loss': 'squared_error', 'model__max_depth': 12, 'model__n_estimators': 500, 'model__subsample': 0.6000000000000001}",0.22678381004818737,0.036576229243528546,-0.9546061467356859,0.3492063077590082,0.20350839583054903,-0.027706280770882552,0.47403884545733777,581,0.9999999999999997,0.9999999999999996,0.9999999999999997,0.9999999999999996,0.9999999999999996,0.9999999999999997,8.599750569898517e-17
10.089849090576172,4.041387466262745,0.010076093673706054,0.00040979972956765854,0.16,squared_error,12,500,0.8,"{'model__learning_rate': 0.16, 'model__loss': 'squared_error', 'model__max_depth': 12, 'model__n_estimators': 500, 'model__subsample': 0.8}",0.2923805107245617,-0.07967587380203267,-0.4791834257851284,0.37989762891907086,0.21061092353264976,0.06480595271782426,0.3127719538245487,507,0.9999999999999996,0.9999999999999996,0.9999999999999996,0.9999999999999996,0.9999999999999996,0.9999999999999997,1.1102230246251565e-16
24.315309858322145,0.21439847666084966,0.039949655532836914,0.03023601967827937,0.16,squared_error,12,1000,0.2,"{'model__learning_rate': 0.16, 'model__loss': 'squared_error', 'model__max_depth': 12, 'model__n_estimators': 1000, 'model__subsample': 0.2}",-0.07167503527303554,0.06777146722775707,-1.0670100294887463,-0.25889388796949553,0.09463578293133301,-0.24703434051443746,0.42874067573607755,636,0.9999999999999851,0.9999999999999307,0.9999999999999827,0.9999999999999908,0.9999999999999787,0.9999999999999737,2.1794331202315014e-14
17.131482744216918,8.239382736609803,0.010772180557250977,0.0018054418227716855,0.16,squared_error,12,1000,0.4,"{'model__learning_rate': 0.16, 'model__loss': 'squared_error', 'model__max_depth': 12, 'model__n_estimators': 1000, 'model__subsample': 0.4}",0.028618952733312608,0.09205593002044288,-0.7514549178810401,0.2642264674040695,0.3829698007269797,0.0032832466007529206,0.3975941217170019,564,0.9999999999999997,0.9999999999999997,0.9999999999999997,0.9999999999999997,0.9999999999999996,0.9999999999999997,4.965068306494546e-17
15.132720613479615,6.995479852118651,0.024375009536743163,0.027002993520687153,0.16,squared_error,12,1000,0.6000000000000001,"{'model__learning_rate': 0.16, 'model__loss': 'squared_error', 'model__max_depth': 12, 'model__n_estimators': 1000, 'model__subsample': 0.6000000000000001}",0.22678381045169493,0.03657622928372983,-0.9546061468288491,0.34920630824977084,0.2035083958471141,-0.027706280599307888,0.47403884561784393,580,0.9999999999999997,0.9999999999999996,0.9999999999999997,0.9999999999999996,0.9999999999999996,0.9999999999999997,8.599750569898517e-17
17.98425397872925,7.6313038591196465,0.00956416130065918,0.0014784914842648148,0.16,squared_error,12,1000,0.8,"{'model__learning_rate': 0.16, 'model__loss': 'squared_error', 'model__max_depth': 12, 'model__n_estimators': 1000, 'model__subsample': 0.8}",0.29238051053708325,-0.07967587371009555,-0.4791834259714285,0.37989762873017063,0.21061092353856825,0.06480595262485962,0.3127719538160688,508,0.9999999999999996,0.9999999999999996,0.9999999999999996,0.9999999999999996,0.9999999999999996,0.9999999999999997,1.1102230246251565e-16
2.822195053100586,1.1198180759024674,0.00865778923034668,0.0017978904644358304,0.16,absolute_error,6,200,0.2,"{'model__learning_rate': 0.16, 'model__loss': 'absolute_error', 'model__max_depth': 6, 'model__n_estimators': 200, 'model__subsample': 0.2}",0.15586461967121767,-0.00786373551148234,-0.4406299964816831,0.07864768269823652,0.025378677340045508,-0.03772055045673315,0.20891421561226214,583,0.8981153529689068,0.9535647896729862,0.9521236885236436,0.9197368809746261,0.9294985828778258,0.9306078590035977,0.020809244056134303
5.0506340026855465,2.342703118804258,0.008315372467041015,0.0009266030326171626,0.16,absolute_error,6,200,0.4,"{'model__learning_rate': 0.16, 'model__loss': 'absolute_error', 'model__max_depth': 6, 'model__n_estimators': 200, 'model__subsample': 0.4}",0.4053070749644031,0.07916497526716315,-0.23752389325370804,0.14359732488804167,0.3058370266348749,0.13927650170015496,0.2209639233623201,301,0.9690503540672671,0.9669805915504593,0.9624782424354775,0.9799761005977312,0.9758906764016426,0.9708751930105155,0.00627675599683165
9.690550136566163,3.883913632844719,0.00882549285888672,0.001213403136360543,0.16,absolute_error,6,200,0.6000000000000001,"{'model__learning_rate': 0.16, 'model__loss': 'absolute_error', 'model__max_depth': 6, 'model__n_estimators': 200, 'model__subsample': 0.6000000000000001}",0.5290817642346566,-0.21607451902564034,-0.5378326767074864,0.23204104336019926,0.4196676545788298,0.0853766532881118,0.40234259546365503,469,0.9778513496903234,0.9785853551088075,0.9841151409943654,0.9841224893158289,0.9903518064956611,0.9830052283209973,0.004528799693099091
13.168537712097168,5.215248294766983,0.02348217964172363,0.02819835383092324,0.16,absolute_error,6,200,0.8,"{'model__learning_rate': 0.16, 'model__loss': 'absolute_error', 'model__max_depth': 6, 'model__n_estimators': 200, 'model__subsample': 0.8}",0.425893831750781,0.15252123133347173,-0.1225611912048652,0.32703031641193725,0.21700429100283603,0.19997769585883216,0.18641556988701022,127,0.9868096108436915,0.9888814954573614,0.9931812404294944,0.9929971947846514,0.9883828996062658,0.9900504882242929,0.002574310432229957
6.9090817928314205,2.760504859625018,0.022509002685546876,0.02606358255417915,0.16,absolute_error,6,500,0.2,"{'model__learning_rate': 0.16, 'model__loss': 'absolute_error', 'model__max_depth': 6, 'model__n_estimators': 500, 'model__subsample': 0.2}",0.19453492641645365,-0.05094840206616902,-0.49120277051555816,-0.0015097975717535128,0.01788791099734033,-0.06624762654793734,0.2280781689524417,589,0.9711102151033935,0.9889595525638292,0.995425459145277,0.9821656456387562,0.991981286543056,0.9859284317988622,0.008599492749985053
12.527916669845581,5.826826393386383,0.023999357223510744,0.027527762772038528,0.16,absolute_error,6,500,0.4,"{'model__learning_rate': 0.16, 'model__loss': 'absolute_error', 'model__max_depth': 6, 'model__n_estimators': 500, 'model__subsample': 0.4}",0.4436296589704122,0.11382049277832396,-0.2705240965474103,0.13606978194527142,0.31350608759746124,0.1473003849488117,0.2413543872384579,268,0.9937333092212136,0.9968403811483479,0.9950427325025285,0.9978556231258463,0.9981403138263154,0.9963224719648505,0.0016890724225189072
32.1421154499054,0.1476219486572361,0.02173924446105957,0.025671256318909888,0.16,absolute_error,6,500,0.6000000000000001,"{'model__learning_rate': 0.16, 'model__loss': 'absolute_error', 'model__max_depth': 6, 'model__n_estimators': 500, 'model__subsample': 0.6000000000000001}",0.47300131202351325,-0.22663539582770076,-0.5866343377192225,0.22196344213730212,0.4210637756022292,0.06055175924322427,0.40680796084683774,519,0.9996610405246213,0.9996852013025973,0.998875817316445,0.9991724812631938,0.9995111162273874,0.9993811313268491,0.0003119554076117199
39.29144630432129,10.996197649623163,0.022256994247436525,0.026478639003577033,0.16,absolute_error,6,500,0.8,"{'model__learning_rate': 0.16, 'model__loss': 'absolute_error', 'model__max_depth': 6, 'model__n_estimators': 500, 'model__subsample': 0.8}",0.41885952857307374,0.19457888323134098,-0.11597593921773108,0.31813121738138894,0.2379550026069963,0.2107097385150138,0.18032845042664844,87,0.9997533593234028,0.9996463980063734,0.9999029371220266,0.9996113921687283,0.9997720339680758,0.9997372241177214,0.00010297177499676898
11.641664600372314,5.383250590635987,0.02307610511779785,0.024576887991799697,0.16,absolute_error,6,1000,0.2,"{'model__learning_rate': 0.16, 'model__loss': 'absolute_error', 'model__max_depth': 6, 'model__n_estimators': 1000, 'model__subsample': 0.2}",0.19490931426139912,-0.07583218767291489,-0.527481479189124,-0.0013725280265237672,0.017736183746453138,-0.07840813937614208,0.2414763536272586,595,0.9896403402151472,0.9980179052467473,0.9997140115787414,0.9960795080761918,0.9983541508001322,0.996361183183392,0.0035554796367034893
24.94033546447754,11.759601927478593,0.012060260772705078,0.0014198628706406744,0.16,absolute_error,6,1000,0.4,"{'model__learning_rate': 0.16, 'model__loss': 'absolute_error', 'model__max_depth': 6, 'model__n_estimators': 1000, 'model__subsample': 0.4}",0.46061252671733366,0.10600404157282373,-0.2813695563070615,0.13195088651550335,0.31690547715118333,0.1468206751299565,0.25005125414110496,275,0.9998404606275173,0.9998883194936175,0.9996259486462179,0.9998100872022915,0.9999594712026447,0.9998248574344577,0.0001115119948429142
56.45730028152466,15.791974412594513,0.03932771682739258,0.03343895696030718,0.16,absolute_error,6,1000,0.6000000000000001,"{'model__learning_rate': 0.16, 'model__loss': 'absolute_error', 'model__max_depth': 6, 'model__n_estimators': 1000, 'model__subsample': 0.6000000000000001}",0.472266882271937,-0.2283787407358997,-0.5965858985066583,0.2233935136128251,0.4209464904153447,0.05832844941150976,0.4101700040889123,523,0.9999981159135637,0.9999950276335611,0.9999965928721504,0.9999936004235569,0.9999921268868052,0.9999950927459273,2.1174280272372916e-06
71.81833753585815,22.736785941697445,0.02515521049499512,0.025040371862723294,0.16,absolute_error,6,1000,0.8,"{'model__learning_rate': 0.16, 'model__loss': 'absolute_error', 'model__max_depth': 6, 'model__n_estimators': 1000, 'model__subsample': 0.8}",0.42017876144317323,0.19322987427689942,-0.11707303472933206,0.3185350755961097,0.23745734844577637,0.21046560500652536,0.18108881997728368,88,0.9999946921022674,0.9999997623378623,0.999999053132882,0.9999995719729987,0.9999986840144229,0.9999983527120866,1.86944145540759e-06
3.6752365112304686,0.046608586773457805,0.008047389984130859,0.00028083714574676403,0.16,absolute_error,9,200,0.2,"{'model__learning_rate': 0.16, 'model__loss': 'absolute_error', 'model__max_depth': 9, 'model__n_estimators': 200, 'model__subsample': 0.2}",0.15586461967121767,-0.00786373551148234,-0.4406299964816831,0.07864768269823652,0.025378677340045508,-0.03772055045673315,0.20891421561226214,583,0.8981153529689068,0.9535647896729862,0.9521236885236436,0.9197368809746261,0.9294985828778258,0.9306078590035977,0.020809244056134303
6.9496497631073,1.9124771269565772,0.0210540771484375,0.02666277515558356,0.16,absolute_error,9,200,0.4,"{'model__learning_rate': 0.16, 'model__loss': 'absolute_error', 'model__max_depth': 9, 'model__n_estimators': 200, 'model__subsample': 0.4}",0.3895027863251975,0.07585112342372824,-0.16239451318529508,0.07543974531775133,0.2871047351461925,0.1331007754055149,0.19150926528063808,322,0.9722744622123238,0.9672761529975094,0.9746042984850263,0.9832998592333327,0.9799996448649834,0.9754908835586351,0.005655479239945787
11.397348833084106,3.207551546020069,0.022081851959228516,0.025520989433161147,0.16,absolute_error,9,200,0.6000000000000001,"{'model__learning_rate': 0.16, 'model__loss': 'absolute_error', 'model__max_depth': 9, 'model__n_estimators': 200, 'model__subsample': 0.6000000000000001}",0.2550154382252038,-0.15620855965523428,-0.4818189292483963,0.317319301218828,0.24950422731042787,0.03676229557016582,0.30911811170446307,548,0.9801798365705471,0.9685498507470891,0.9940444429949007,0.9955784672967419,0.9558961796224829,0.9788497554463523,0.015135733385497679
14.370057439804077,5.72528840417016,0.009045696258544922,0.001213622986631861,0.16,absolute_error,9,200,0.8,"{'model__learning_rate': 0.16, 'model__loss': 'absolute_error', 'model__max_depth': 9, 'model__n_estimators': 200, 'model__subsample': 0.8}",0.35473681424849923,0.020612443457975083,-0.18698724801925515,0.3405591619815487,0.2633329451924501,0.1584508233722436,0.21024689145235506,238,0.9892392266021376,0.9873250166738657,0.9867620746765506,0.9915924929926015,0.9858006804673485,0.9881438982825008,0.002057339198989913
6.872012901306152,2.6748580600504606,0.03567438125610352,0.033113470333290436,0.16,absolute_error,9,500,0.2,"{'model__learning_rate': 0.16, 'model__loss': 'absolute_error', 'model__max_depth': 9, 'model__n_estimators': 500, 'model__subsample': 0.2}",0.19453492641645365,-0.05094840206616902,-0.49120277051555816,-0.0015097975717535128,0.01788791099734033,-0.06624762654793734,0.2280781689524417,589,0.9711102151033935,0.9889595525638292,0.995425459145277,0.9821656456387562,0.991981286543056,0.9859284317988622,0.008599492749985053
14.873999500274659,5.830888684222952,0.022440719604492187,0.02642140906786236,0.16,absolute_error,9,500,0.4,"{'model__learning_rate': 0.16, 'model__loss': 'absolute_error', 'model__max_depth': 9, 'model__n_estimators': 500, 'model__subsample': 0.4}",0.41694299439592597,0.08991181546206495,-0.2127625992069202,0.07113870667946931,0.2848014680803016,0.13000647708216834,0.2139428382297248,327,0.9952565344697951,0.9975476525460885,0.99852860749953,0.9989447631826769,0.997870931773069,0.9976296978942318,0.0012832977093336778
25.84126262664795,8.278417613959205,0.03520669937133789,0.03125914720538072,0.16,absolute_error,9,500,0.6000000000000001,"{'model__learning_rate': 0.16, 'model__loss': 'absolute_error', 'model__max_depth': 9, 'model__n_estimators': 500, 'model__subsample': 0.6000000000000001}",0.22317149529734115,-0.16794649213410517,-0.5287832003834325,0.3085037961120246,0.16441287926193626,-0.00012830436924713418,0.3097835755213053,569,0.9993401490809605,0.9997285523382121,0.9997330397064907,0.9998509508096749,0.9969367214721858,0.9991178826815048,0.0011041368618895254
41.62852506637573,11.594482304623043,0.036975669860839847,0.03352789311402771,0.16,absolute_error,9,500,0.8,"{'model__learning_rate': 0.16, 'model__loss': 'absolute_error', 'model__max_depth': 9, 'model__n_estimators': 500, 'model__subsample': 0.8}",0.3460711585606684,0.04233162151698833,-0.21495516927087888,0.339877691620351,0.263452166492411,0.15535549378390795,0.21541131809195502,244,0.9999773305072223,0.9998155200416098,0.9994245186452959,0.9999602766219505,0.9998379128647137,0.9998031117361584,0.0001998753584405859
17.89863862991333,0.12196501870152383,0.01043400764465332,0.0005816268730126042,0.16,absolute_error,9,1000,0.2,"{'model__learning_rate': 0.16, 'model__loss': 'absolute_error', 'model__max_depth': 9, 'model__n_estimators': 1000, 'model__subsample': 0.2}",0.19490931426139912,-0.07583218767291489,-0.527481479189124,-0.0013725280265237672,0.017736183746453138,-0.07840813937614208,0.2414763536272586,595,0.9896403402151472,0.9980179052467473,0.9997140115787414,0.9960795080761918,0.9983541508001322,0.996361183183392,0.0035554796367034893
35.73933753967285,7.416311085575241,0.010842609405517577,0.0008492468502466531,0.16,absolute_error,9,1000,0.4,"{'model__learning_rate': 0.16, 'model__loss': 'absolute_error', 'model__max_depth': 9, 'model__n_estimators': 1000, 'model__subsample': 0.4}",0.40824878216805394,0.09295040546415911,-0.20763501346164825,0.06933340690896417,0.2766708105893465,0.1279136783337751,0.20878862902670595,339,0.9995712994962362,0.999827203228284,0.99996352639817,0.9999797198780076,0.9998980407720962,0.9998479579545588,0.00014845620193597916
65.71859679222106,0.2652382929612172,0.0244657039642334,0.026050767138357866,0.16,absolute_error,9,1000,0.6000000000000001,"{'model__learning_rate': 0.16, 'model__loss': 'absolute_error', 'model__max_depth': 9, 'model__n_estimators': 1000, 'model__subsample': 0.6000000000000001}",0.21691437140360925,-0.16792134070357645,-0.5290398126030849,0.30870340034410815,0.17097349283536334,-7.397774471611385e-05,0.3097296375153731,568,0.9999996769821563,0.9999993887452943,0.9999984076891725,0.9999983487922678,0.9999906523465275,0.9999972949110836,3.362469592559958e-06
84.71776757240295,22.14006376503168,0.026856184005737305,0.028828089688744143,0.16,absolute_error,9,1000,0.8,"{'model__learning_rate': 0.16, 'model__loss': 'absolute_error', 'model__max_depth': 9, 'model__n_estimators': 1000, 'model__subsample': 0.8}",0.34494624357925674,0.04349032039929812,-0.2162466279489237,0.3398705737509713,0.2638607610992838,0.15518425417597725,0.21557628230215398,245,0.9999998349495913,0.9999990970762893,0.9999992277558701,0.9999998059238232,0.9999999636076711,0.9999995858626489,3.5222580752017025e-07
3.7029821395874025,0.047434399859411856,0.035741424560546874,0.034088422535115036,0.16,absolute_error,12,200,0.2,"{'model__learning_rate': 0.16, 'model__loss': 'absolute_error', 'model__max_depth': 12, 'model__n_estimators': 200, 'model__subsample': 0.2}",0.15586461967121767,-0.00786373551148234,-0.4406299964816831,0.07864768269823652,0.025378677340045508,-0.03772055045673315,0.20891421561226214,583,0.8981153529689068,0.9535647896729862,0.9521236885236436,0.9197368809746261,0.9294985828778258,0.9306078590035977,0.020809244056134303
7.976271486282348,0.09754126200060532,0.022153568267822266,0.026323207243853015,0.16,absolute_error,12,200,0.4,"{'model__learning_rate': 0.16, 'model__loss': 'absolute_error', 'model__max_depth': 12, 'model__n_estimators': 200, 'model__subsample': 0.4}",0.3895027863251975,0.07585112342372824,-0.16239451318529508,0.07543974531775133,0.2871047351461925,0.1331007754055149,0.19150926528063808,322,0.9722744622123238,0.9672761529975094,0.9746042984850263,0.9832998592333327,0.9799996448649834,0.9754908835586351,0.005655479239945787
13.097478103637695,0.02911454892316423,0.03463902473449707,0.03268946764223327,0.16,absolute_error,12,200,0.6000000000000001,"{'model__learning_rate': 0.16, 'model__loss': 'absolute_error', 'model__max_depth': 12, 'model__n_estimators': 200, 'model__subsample': 0.6000000000000001}",0.2550154382252038,-0.15620855965523428,-0.6356469644097764,0.317319301218828,0.24950422731042787,0.0059966885378897935,0.3622830794312083,560,0.9801798365705471,0.9685498507470891,0.9957013704998098,0.9955784672967419,0.9558961796224829,0.9791811409473341,0.015479027385756143
18.767809629440308,0.9821071672369125,0.007394027709960937,0.0007804125511843798,0.16,absolute_error,12,200,0.8,"{'model__learning_rate': 0.16, 'model__loss': 'absolute_error', 'model__max_depth': 12, 'model__n_estimators': 200, 'model__subsample': 0.8}",0.40928347460823133,0.12798940669289005,-0.0994647144651215,0.33232747763435755,0.2300412736925166,0.20003538363257478,0.17724403894311694,126,0.9926048924003352,0.9861285689742664,0.9897184053300678,0.9932348678244576,0.9879100789970824,0.989919362705242,0.002707484660569248
5.9854034900665285,2.6800826119227694,0.02240743637084961,0.02521347110859019,0.16,absolute_error,12,500,0.2,"{'model__learning_rate': 0.16, 'model__loss': 'absolute_error', 'model__max_depth': 12, 'model__n_estimators': 500, 'model__subsample': 0.2}",0.19453492641645365,-0.05094840206616902,-0.49120277051555816,-0.0015097975717535128,0.01788791099734033,-0.06624762654793734,0.2280781689524417,589,0.9711102151033935,0.9889595525638292,0.995425459145277,0.9821656456387562,0.991981286543056,0.9859284317988622,0.008599492749985053
17.604396915435792,4.806779997301119,0.03553166389465332,0.032597288844042,0.16,absolute_error,12,500,0.4,"{'model__learning_rate': 0.16, 'model__loss': 'absolute_error', 'model__max_depth': 12, 'model__n_estimators': 500, 'model__subsample': 0.4}",0.41694299439592597,0.08991181546206495,-0.2127625992069202,0.07113870667946931,0.2848014680803016,0.13000647708216834,0.2139428382297248,327,0.9952565344697951,0.9975476525460885,0.99852860749953,0.9989447631826769,0.997870931773069,0.9976296978942318,0.0012832977093336778
32.86168103218078,0.0797412456799225,0.03624072074890137,0.03463629403786248,0.16,absolute_error,12,500,0.6000000000000001,"{'model__learning_rate': 0.16, 'model__loss': 'absolute_error', 'model__max_depth': 12, 'model__n_estimators': 500, 'model__subsample': 0.6000000000000001}",0.2362842790425682,-0.16668575412269004,-0.6482796060511276,0.3085037961120246,0.19208544781177372,-0.01561836744149021,0.3562955495767,578,0.9982010195843793,0.9995943865952432,0.9999148567264615,0.9998509508096749,0.9996630054232197,0.9994448438277959,0.0006329125176779765
41.8364278793335,11.664132120657209,0.050568675994873045,0.03180960571646932,0.16,absolute_error,12,500,0.8,"{'model__learning_rate': 0.16, 'model__loss': 'absolute_error', 'model__max_depth': 12, 'model__n_estimators': 500, 'model__subsample': 0.8}",0.40689277518544775,0.15720296133967326,-0.09397602388347215,0.3278163865361067,0.22569902116126495,0.20472702406780413,0.17201386812316738,106,0.9999437672309144,0.9998853036275356,0.999669249242376,0.9999607080492816,0.9997591167731072,0.999843628984643,0.0001122698178630005
16.119897413253785,4.366138621197919,0.036665821075439455,0.03331168281443617,0.16,absolute_error,12,1000,0.2,"{'model__learning_rate': 0.16, 'model__loss': 'absolute_error', 'model__max_depth': 12, 'model__n_estimators': 1000, 'model__subsample': 0.2}",0.19490931426139912,-0.07583218767291489,-0.527481479189124,-0.0013725280265237672,0.017736183746453138,-0.07840813937614208,0.2414763536272586,595,0.9896403402151472,0.9980179052467473,0.9997140115787414,0.9960795080761918,0.9983541508001322,0.996361183183392,0.0035554796367034893
34.81433320045471,9.46653602378151,0.011738300323486328,0.0016327035900057954,0.16,absolute_error,12,1000,0.4,"{'model__learning_rate': 0.16, 'model__loss': 'absolute_error', 'model__max_depth': 12, 'model__n_estimators': 1000, 'model__subsample': 0.4}",0.40824878216805394,0.09295040546415911,-0.20763501346164825,0.06933340690896417,0.2766708105893465,0.1279136783337751,0.20878862902670595,339,0.9995712994962362,0.999827203228284,0.99996352639817,0.9999797198780076,0.9998980407720962,0.9998479579545588,0.00014845620193597916
65.47058696746826,0.22525417927486294,0.037237548828125,0.03187167529213823,0.16,absolute_error,12,1000,0.6000000000000001,"{'model__learning_rate': 0.16, 'model__loss': 'absolute_error', 'model__max_depth': 12, 'model__n_estimators': 1000, 'model__subsample': 0.6000000000000001}",0.23417454820038164,-0.16527442386501923,-0.6517895441121899,0.30846107035486525,0.19376335516040777,-0.016132998852310898,0.35731612487834563,579,0.9999983275110557,0.9999968707391701,0.9999990940174881,0.9999962958824866,0.9999996130421532,0.9999980402384707,1.2709991024929718e-06
75.01575493812561,24.414274416283614,0.025674819946289062,0.026737181754079544,0.16,absolute_error,12,1000,0.8,"{'model__learning_rate': 0.16, 'model__loss': 'absolute_error', 'model__max_depth': 12, 'model__n_estimators': 1000, 'model__subsample': 0.8}",0.4069615565072572,0.15863284542959333,-0.0967011537169904,0.3279510999459859,0.22634520548259263,0.2046379107296877,0.17293577114974026,107,0.9999999223185467,0.9999999703810077,0.9999997712687002,0.9999999730764408,0.9999999807806139,0.999999923565062,7.888277937057784e-08
4.581457042694092,0.026361367935616203,0.035560321807861325,0.03320386725353563,0.18,squared_error,6,200,0.2,"{'model__learning_rate': 0.18, 'model__loss': 'squared_error', 'model__max_depth': 6, 'model__n_estimators': 200, 'model__subsample': 0.2}",-0.5462956410437243,-0.3995055198580022,-1.0311031281760137,-0.08011879230747598,0.3967150293407491,-0.33206161040889337,0.47617108660725055,643,0.9988724875001707,0.9992125684838981,0.9992145874996291,0.9982795596327009,0.9993135521576091,0.9989785510548016,0.0003801424956726882
9.167920017242432,0.06620422369335735,0.02189211845397949,0.02803322387781981,0.18,squared_error,6,200,0.4,"{'model__learning_rate': 0.18, 'model__loss': 'squared_error', 'model__max_depth': 6, 'model__n_estimators': 200, 'model__subsample': 0.4}",-0.02707648989638134,0.28819488993733067,-0.4972901070776059,0.18277040760029983,0.28560444066982893,0.04644062824669444,0.29505190734964687,537,0.9999999961951593,0.9999999968737999,0.9999999894745614,0.9999999983344879,0.9999999989564112,0.9999999959668839,3.3931602007064374e-09
13.70989818572998,0.07168517867732176,0.034087419509887695,0.03192776672563382,0.18,squared_error,6,200,0.6000000000000001,"{'model__learning_rate': 0.18, 'model__loss': 'squared_error', 'model__max_depth': 6, 'model__n_estimators': 200, 'model__subsample': 0.6000000000000001}",0.33155993632398306,0.08553511601974284,-0.364943562223363,0.40148296754169743,0.28231213154191104,0.14718931784079428,0.2767660699817032,269,0.9999999999999931,0.9999999999999908,0.9999999999999916,0.9999999999999769,0.9999999999999829,0.999999999999987,6.183852551653261e-15
7.802810144424439,3.688594670079274,0.008979272842407227,0.0012968618606466087,0.18,squared_error,6,200,0.8,"{'model__learning_rate': 0.18, 'model__loss': 'squared_error', 'model__max_depth': 6, 'model__n_estimators': 200, 'model__subsample': 0.8}",0.2636143820142952,-0.13815344493626358,-0.5039219464457263,0.35991805509427865,0.23231259039487662,0.042753927224292124,0.3215235292900073,542,0.9999999999999996,0.9999999999999996,0.9999999999999996,0.9999999999999996,0.9999999999999996,0.9999999999999997,1.1102230246251565e-16
9.893815326690675,2.852617702212912,0.050071430206298825,0.03251268035814337,0.18,squared_error,6,500,0.2,"{'model__learning_rate': 0.18, 'model__loss': 'squared_error', 'model__max_depth': 6, 'model__n_estimators': 500, 'model__subsample': 0.2}",-0.5600234773973649,-0.410810123872849,-1.0369469889977574,-0.06995423087884389,0.3895693579647108,-0.33763309263642083,0.4783989264141163,644,0.9999999135503816,0.9999999351848257,0.9999999493319264,0.9999998935730592,0.9999998954393063,0.9999999174158999,2.1912377405634906e-08
12.831599473953247,5.486856568358435,0.02250514030456543,0.026651345892018903,0.18,squared_error,6,500,0.4,"{'model__learning_rate': 0.18, 'model__loss': 'squared_error', 'model__max_depth': 6, 'model__n_estimators': 500, 'model__subsample': 0.4}",-0.027074162471257157,0.2881979268989382,-0.497266151874993,0.18277172339935954,0.2856049832698979,0.0464468638443891,0.2950436695409695,535,0.9999999999999997,0.9999999999999996,0.9999999999999997,0.9999999999999996,0.9999999999999996,0.9999999999999997,8.599750569898517e-17
12.09069356918335,5.021673717663175,0.022045373916625977,0.02640192715462203,0.18,squared_error,6,500,0.6000000000000001,"{'model__learning_rate': 0.18, 'model__loss': 'squared_error', 'model__max_depth': 6, 'model__n_estimators': 500, 'model__subsample': 0.6000000000000001}",0.3315599357999557,0.08553511471271324,-0.3649436371652406,0.40148293908135146,0.282312151321795,0.14718930075011497,0.2767660944063719,271,0.9999999999999996,0.9999999999999996,0.9999999999999997,0.9999999999999996,0.9999999999999996,0.9999999999999997,9.930136612989092e-17
11.553972387313843,4.871777763471623,0.009059715270996093,0.0006428773918247446,0.18,squared_error,6,500,0.8,"{'model__learning_rate': 0.18, 'model__loss': 'squared_error', 'model__max_depth': 6, 'model__n_estimators': 500, 'model__subsample': 0.8}",0.26361438260298753,-0.13815344607887492,-0.5039219464797298,0.35991805523139275,0.23231259051325082,0.04275392715780528,0.32152352955203545,543,0.9999999999999996,0.9999999999999996,0.9999999999999996,0.9999999999999996,0.9999999999999996,0.9999999999999997,1.1102230246251565e-16
16.49927020072937,6.893490958346076,0.037669706344604495,0.031552983800292825,0.18,squared_error,6,1000,0.2,"{'model__learning_rate': 0.18, 'model__loss': 'squared_error', 'model__max_depth': 6, 'model__n_estimators': 1000, 'model__subsample': 0.2}",-0.5600815090063516,-0.4109961877837909,-1.0367527855229346,-0.0699289795914042,0.3895519384724394,-0.3376415046864084,0.4783507808947375,645,0.999999999999992,0.9999999999999931,0.9999999999999972,0.9999999999999918,0.9999999999999928,0.9999999999999934,1.982921726761039e-15
13.92265763282776,5.7221695391980525,0.009544467926025391,0.0008954621038780567,0.18,squared_error,6,1000,0.4,"{'model__learning_rate': 0.18, 'model__loss': 'squared_error', 'model__max_depth': 6, 'model__n_estimators': 1000, 'model__subsample': 0.4}",-0.02707416269333418,0.2881979267518502,-0.4972661563131491,0.18277172401345654,0.2856049812120589,0.04644686259417648,0.29504367088681743,536,0.9999999999999997,0.9999999999999997,0.9999999999999997,0.9999999999999996,0.9999999999999996,0.9999999999999997,7.021666937153402e-17
15.91835560798645,1.9617964686616685,0.02261362075805664,0.02586576484404038,0.18,squared_error,6,1000,0.6000000000000001,"{'model__learning_rate': 0.18, 'model__loss': 'squared_error', 'model__max_depth': 6, 'model__n_estimators': 1000, 'model__subsample': 0.6000000000000001}",0.3315599354252027,0.08553511491500587,-0.36494363699319776,0.40148293958183456,0.2823121512749065,0.14718930084075038,0.27676609437115046,270,0.9999999999999997,0.9999999999999996,0.9999999999999997,0.9999999999999996,0.9999999999999996,0.9999999999999997,8.599750569898517e-17
10.743778705596924,5.360126694767784,0.009090566635131836,0.0012560456421785114,0.18,squared_error,6,1000,0.8,"{'model__learning_rate': 0.18, 'model__loss': 'squared_error', 'model__max_depth': 6, 'model__n_estimators': 1000, 'model__subsample': 0.8}",0.26361438267597714,-0.13815344610764502,-0.503921945254213,0.35991805525287757,0.23231259053289943,0.04275392741997923,0.32152352915511495,541,0.9999999999999996,0.9999999999999996,0.9999999999999997,0.9999999999999996,0.9999999999999996,0.9999999999999997,9.930136612989092e-17
3.713080358505249,1.566350048314812,0.008751249313354493,0.0012513484885946773,0.18,squared_error,9,200,0.2,"{'model__learning_rate': 0.18, 'model__loss': 'squared_error', 'model__max_depth': 9, 'model__n_estimators': 200, 'model__subsample': 0.2}",-0.13684461623874533,-0.15742137341651063,-0.3216467568357084,-0.06572450602165403,-0.08502576368062997,-0.15333260323864967,0.09050881624058317,618,0.9988336690389198,0.9992407678627104,0.999436197168033,0.999309069501961,0.9987903133901517,0.9991220033923552,0.0002611403509185279
8.593675422668458,3.5037178891684566,0.009520387649536133,0.0014322764761504833,0.18,squared_error,9,200,0.4,"{'model__learning_rate': 0.18, 'model__loss': 'squared_error', 'model__max_depth': 9, 'model__n_estimators': 200, 'model__subsample': 0.4}",-0.01794903962618899,0.24014994887290864,-0.5409976042327782,0.23091350647340214,0.01853780836310648,-0.013869076029909989,0.2840336301263993,577,0.999999998165029,0.9999999986334853,0.9999999982280336,0.9999999993984525,0.999999997807405,0.9999999984464811,5.43428554203089e-10
15.42667531967163,4.575470464576811,0.023001813888549806,0.028925854514771445,0.18,squared_error,9,200,0.6000000000000001,"{'model__learning_rate': 0.18, 'model__loss': 'squared_error', 'model__max_depth': 9, 'model__n_estimators': 200, 'model__subsample': 0.6000000000000001}",-0.01663646218725856,0.025635134900134027,-0.8240055626059386,0.1964855150643836,0.2728358681931895,-0.06913710132709801,0.3921901003146984,592,0.9999999999999993,0.9999999999999984,0.9999999999999996,0.9999999999999993,0.9999999999999992,0.9999999999999991,3.877842313165343e-16
12.318226432800293,5.120932310106646,0.008746957778930664,0.0008502413771498904,0.18,squared_error,9,200,0.8,"{'model__learning_rate': 0.18, 'model__loss': 'squared_error', 'model__max_depth': 9, 'model__n_estimators': 200, 'model__subsample': 0.8}",0.229021597806099,-0.2009508007200531,-0.5850135897294848,0.37292889915695693,0.3092055514856339,0.025038331599830377,0.36513626590337656,550,0.9999999999999996,0.9999999999999996,0.9999999999999996,0.9999999999999996,0.9999999999999994,0.9999999999999994,9.930136612989092e-17
9.084480810165406,3.7847486946329534,0.022863006591796874,0.026736022843993814,0.18,squared_error,9,500,0.2,"{'model__learning_rate': 0.18, 'model__loss': 'squared_error', 'model__max_depth': 9, 'model__n_estimators': 500, 'model__subsample': 0.2}",-0.10784460847003641,-0.15336366649329047,-0.324467087427901,-0.08612304917698488,-0.0772443876158293,-0.1498085598368084,0.09121471001549983,614,0.9999999299333672,0.9999999448238283,0.999999973243113,0.9999999531789109,0.9999998865983154,0.9999999375555069,2.9069767295780312e-08
14.946609258651733,6.117616722997072,0.037859010696411136,0.033453304530802384,0.18,squared_error,9,500,0.4,"{'model__learning_rate': 0.18, 'model__loss': 'squared_error', 'model__max_depth': 9, 'model__n_estimators': 500, 'model__subsample': 0.4}",-0.017930122487068934,0.2401441099842394,-0.5410063808057644,0.23091445864588056,0.018550576265096486,-0.013865471679523367,0.2840362446914423,576,0.9999999999999996,0.9999999999999996,0.9999999999999997,0.9999999999999996,0.9999999999999996,0.9999999999999997,9.930136612989092e-17
13.244802284240723,5.231317050138757,0.009736061096191406,0.001305975176772913,0.18,squared_error,9,500,0.6000000000000001,"{'model__learning_rate': 0.18, 'model__loss': 'squared_error', 'model__max_depth': 9, 'model__n_estimators': 500, 'model__subsample': 0.6000000000000001}",-0.016636465406357326,0.025635130422764663,-0.8240055611135157,0.1964855169391856,0.27283586889355615,-0.06913710205287334,0.39219009981370584,594,0.9999999999999997,0.9999999999999996,0.9999999999999997,0.9999999999999996,0.9999999999999996,0.9999999999999997,8.599750569898517e-17
12.993171739578248,5.346383397898094,0.03491339683532715,0.032198667681282246,0.18,squared_error,9,500,0.8,"{'model__learning_rate': 0.18, 'model__loss': 'squared_error', 'model__max_depth': 9, 'model__n_estimators': 500, 'model__subsample': 0.8}",0.22902159795157684,-0.2009508011479182,-0.5850135896917805,0.3729288988884706,0.309205551326151,0.025038331465299945,0.3651362658840099,552,0.9999999999999996,0.9999999999999996,0.9999999999999996,0.9999999999999996,0.9999999999999996,0.9999999999999997,1.1102230246251565e-16
20.539512825012206,5.95554492816528,0.03999905586242676,0.03169275808904722,0.18,squared_error,9,1000,0.2,"{'model__learning_rate': 0.18, 'model__loss': 'squared_error', 'model__max_depth': 9, 'model__n_estimators': 1000, 'model__subsample': 0.2}",-0.10796264622939544,-0.1534532214785762,-0.32434441956925,-0.08613297264079844,-0.07738987545578024,-0.14985662707476005,0.09113305116872075,615,0.9999999999999931,0.9999999999999882,0.999999999999999,0.9999999999999909,0.9999999999999878,0.9999999999999918,4.0801262591361265e-15
16.571968460083006,6.276562073714052,0.009800291061401368,0.0012670307385234329,0.18,squared_error,9,1000,0.4,"{'model__learning_rate': 0.18, 'model__loss': 'squared_error', 'model__max_depth': 9, 'model__n_estimators': 1000, 'model__subsample': 0.4}",-0.017930123216760352,0.24014410897502503,-0.5410063802672813,0.23091446047759534,0.018550575721595908,-0.013865471661965079,0.2840362446164577,575,0.9999999999999997,0.9999999999999997,0.9999999999999997,0.9999999999999997,0.9999999999999996,0.9999999999999997,4.965068306494546e-17
12.49730339050293,6.187592195976536,0.023473262786865234,0.0286252210309331,0.18,squared_error,9,1000,0.6000000000000001,"{'model__learning_rate': 0.18, 'model__loss': 'squared_error', 'model__max_depth': 9, 'model__n_estimators': 1000, 'model__subsample': 0.6000000000000001}",-0.016636464852702426,0.025635132294920093,-0.8240055614090194,0.19648551695472483,0.272835868630098,-0.06913710167639578,0.3921900999889239,593,0.9999999999999997,0.9999999999999996,0.9999999999999997,0.9999999999999996,0.9999999999999996,0.9999999999999997,8.599750569898517e-17
16.448464107513427,4.744215866930168,0.02280716896057129,0.02681583240303552,0.18,squared_error,9,1000,0.8,"{'model__learning_rate': 0.18, 'model__loss': 'squared_error', 'model__max_depth': 9, 'model__n_estimators': 1000, 'model__subsample': 0.8}",0.22902159799591904,-0.20095080099280138,-0.5850135898512403,0.3729288989160785,0.3092055513708686,0.025038331487764888,0.36513626593526793,551,0.9999999999999996,0.9999999999999996,0.9999999999999996,0.9999999999999996,0.9999999999999996,0.9999999999999997,1.1102230246251565e-16
2.3831398487091064,1.3051591502852329,0.009456443786621093,0.0008617777502723654,0.18,squared_error,12,200,0.2,"{'model__learning_rate': 0.18, 'model__loss': 'squared_error', 'model__max_depth': 12, 'model__n_estimators': 200, 'model__subsample': 0.2}",-0.39476541682380084,0.05673302533160551,-0.7620652278360251,-0.2755529008303135,0.24974339128593126,-0.22518142577452055,0.35343162621301666,631,0.9988319486200719,0.9989085526683856,0.9991095621852314,0.9995238118096017,0.9988788956444378,0.9990505541855457,0.0002549016287202753
9.165771484375,3.946279498389976,0.023129653930664063,0.026520558384244552,0.18,squared_error,12,200,0.4,"{'model__learning_rate': 0.18, 'model__loss': 'squared_error', 'model__max_depth': 12, 'model__n_estimators': 200, 'model__subsample': 0.4}",0.26689304648627177,0.21295051383003238,-0.8540031438891478,0.4808245714270337,0.3253935761593887,0.08641171280271576,0.47867306519628566,468,0.9999999994463481,0.999999999149809,0.9999999958879475,0.9999999989745767,0.9999999978307064,0.9999999982578774,1.3054275255418225e-09
12.50831298828125,6.585513536660216,0.023392438888549805,0.026520898725765386,0.18,squared_error,12,200,0.6000000000000001,"{'model__learning_rate': 0.18, 'model__loss': 'squared_error', 'model__max_depth': 12, 'model__n_estimators': 200, 'model__subsample': 0.6000000000000001}",0.3041876022306891,0.1741193091928558,-0.4176804106820129,0.35578623866452563,0.054541986866381786,0.09419094525448787,0.27658762147531546,447,0.9999999999999994,0.9999999999999993,0.9999999999999996,0.9999999999999993,0.999999999999999,0.9999999999999993,1.8577584504832502e-16
14.510934972763062,5.053537704044697,0.036749076843261716,0.032550652650588735,0.18,squared_error,12,200,0.8,"{'model__learning_rate': 0.18, 'model__loss': 'squared_error', 'model__max_depth': 12, 'model__n_estimators': 200, 'model__subsample': 0.8}",0.36711861831601955,-0.13309267766728183,-0.5170993181583066,0.4083387408685185,0.22411848620233832,0.0698767699122576,0.3499820720801446,503,0.9999999999999996,0.9999999999999996,0.9999999999999996,0.9999999999999996,0.9999999999999996,0.9999999999999997,1.1102230246251565e-16
10.549604845046996,3.1250964913634474,0.03706545829772949,0.03146306443134774,0.18,squared_error,12,500,0.2,"{'model__learning_rate': 0.18, 'model__loss': 'squared_error', 'model__max_depth': 12, 'model__n_estimators': 500, 'model__subsample': 0.2}",-0.39967123346931155,0.05307579519142991,-0.7583904281469025,-0.2796191071251226,0.24319730016779884,-0.2282815346764216,0.35056515882505257,632,0.9999997486235456,0.9999999615563163,0.9999999359620635,0.9999999619003209,0.9999999597052754,0.9999999135495043,8.303698615734076e-08
15.805095291137695,6.831346868673392,0.024065685272216798,0.027174861532387403,0.18,squared_error,12,500,0.4,"{'model__learning_rate': 0.18, 'model__loss': 'squared_error', 'model__max_depth': 12, 'model__n_estimators': 500, 'model__subsample': 0.4}",0.2668865210878921,0.21294717355465964,-0.8539803999868467,0.48081373297326724,0.3254033438988707,0.0864140743055686,0.47866264911121365,467,0.9999999999999997,0.9999999999999996,0.9999999999999997,0.9999999999999996,0.9999999999999996,0.9999999999999997,8.599750569898517e-17
13.312126922607423,7.130046827484304,0.024541854858398438,0.02479238662895,0.18,squared_error,12,500,0.6000000000000001,"{'model__learning_rate': 0.18, 'model__loss': 'squared_error', 'model__max_depth': 12, 'model__n_estimators': 500, 'model__subsample': 0.6000000000000001}",0.30418760208892326,0.17411930708939394,-0.4176804093155224,0.35578623781894003,0.05454198324884918,0.0941909441861168,0.27658762077019805,448,0.9999999999999996,0.9999999999999996,0.9999999999999997,0.9999999999999996,0.9999999999999996,0.9999999999999997,9.930136612989092e-17
14.555292224884033,6.163951726468972,0.03672966957092285,0.03347414631898228,0.18,squared_error,12,500,0.8,"{'model__learning_rate': 0.18, 'model__loss': 'squared_error', 'model__max_depth': 12, 'model__n_estimators': 500, 'model__subsample': 0.8}",0.36711861856204264,-0.13309267781526435,-0.5170993167500135,0.40833874086247735,0.224118486240371,0.06987677021992263,0.34998207166889583,502,0.9999999999999996,0.9999999999999996,0.9999999999999996,0.9999999999999996,0.9999999999999996,0.9999999999999997,1.1102230246251565e-16
17.49273748397827,7.386205538929622,0.025309133529663085,0.026958512691970374,0.18,squared_error,12,1000,0.2,"{'model__learning_rate': 0.18, 'model__loss': 'squared_error', 'model__max_depth': 12, 'model__n_estimators': 1000, 'model__subsample': 0.2}",-0.3999514490043201,0.05308377352655702,-0.7584108596490953,-0.27959467341424404,0.24316726523463805,-0.22834118866129288,0.3505912402480141,633,0.9999999999999474,0.999999999999995,0.9999999999999882,0.9999999999999977,0.9999999999999976,0.9999999999999852,1.9205189710259842e-14
16.797867107391358,6.8472449750202875,0.041420507431030276,0.0381740301528407,0.18,squared_error,12,1000,0.4,"{'model__learning_rate': 0.18, 'model__loss': 'squared_error', 'model__max_depth': 12, 'model__n_estimators': 1000, 'model__subsample': 0.4}",0.26688651997578783,0.21294717381973216,-0.8539803964639876,0.4808137309354644,0.325403343799056,0.08641407441321056,0.4786626473113639,466,0.9999999999999997,0.9999999999999997,0.9999999999999997,0.9999999999999997,0.9999999999999997,0.9999999999999997,0.0
11.17941403388977,5.8899163960441525,0.009453105926513671,0.0007178933054321933,0.18,squared_error,12,1000,0.6000000000000001,"{'model__learning_rate': 0.18, 'model__loss': 'squared_error', 'model__max_depth': 12, 'model__n_estimators': 1000, 'model__subsample': 0.6000000000000001}",0.30418760147900004,0.17411930771194128,-0.4176804113188728,0.3557862381968354,0.05454198329357862,0.09419094387249652,0.2765876215252695,449,0.9999999999999997,0.9999999999999996,0.9999999999999997,0.9999999999999996,0.9999999999999996,0.9999999999999997,8.599750569898517e-17
15.895737981796264,6.8855878277032545,0.02350144386291504,0.02633279665061167,0.18,squared_error,12,1000,0.8,"{'model__learning_rate': 0.18, 'model__loss': 'squared_error', 'model__max_depth': 12, 'model__n_estimators': 1000, 'model__subsample': 0.8}",0.3671186190465988,-0.13309267752894494,-0.5170993171317095,0.4083387409156811,0.22411848621308517,0.06987677030294212,0.3499820718539119,501,0.9999999999999996,0.9999999999999996,0.9999999999999996,0.9999999999999996,0.9999999999999996,0.9999999999999997,1.1102230246251565e-16
2.687337589263916,1.0454107163637043,0.007927179336547852,0.001085761486562843,0.18,absolute_error,6,200,0.2,"{'model__learning_rate': 0.18, 'model__loss': 'absolute_error', 'model__max_depth': 6, 'model__n_estimators': 200, 'model__subsample': 0.2}",-0.44165676527002695,-0.1887159528266975,-0.6857793892289037,0.12622834640882974,0.204723897380931,-0.19703997270717347,0.3360623439854479,625,0.9378568674136402,0.9678640974052187,0.9348414391772968,0.905013143702828,0.9148311729511067,0.9320813441300182,0.021687028869311863
5.000300693511963,2.3799254379967896,0.02269401550292969,0.02726599173596194,0.18,absolute_error,6,200,0.4,"{'model__learning_rate': 0.18, 'model__loss': 'absolute_error', 'model__max_depth': 6, 'model__n_estimators': 200, 'model__subsample': 0.4}",0.1659173493024544,0.16611212586462953,-0.14789688575116888,0.3737707041568784,0.09415454299904802,0.1304115673143683,0.16764786117338434,325,0.9518856962359579,0.9731672952598981,0.9822205668291522,0.9786597893585173,0.9802058134958583,0.9732278322358768,0.011086551220974407
9.601560306549072,3.8639486470522284,0.008725833892822266,0.0009134507146869893,0.18,absolute_error,6,200,0.6000000000000001,"{'model__learning_rate': 0.18, 'model__loss': 'absolute_error', 'model__max_depth': 6, 'model__n_estimators': 200, 'model__subsample': 0.6000000000000001}",0.47690450606742907,-0.07373539535157314,-0.468465978461887,0.27968387437030007,0.35207785435871464,0.11329297219659673,0.34361041508611123,404,0.9943576027461729,0.9865167034463118,0.9887542457616363,0.995638801494626,0.9824248580307865,0.9895384422959067,0.004915030839685301
11.143243503570556,5.269198394796766,0.02341313362121582,0.026919745218125637,0.18,absolute_error,6,200,0.8,"{'model__learning_rate': 0.18, 'model__loss': 'absolute_error', 'model__max_depth': 6, 'model__n_estimators': 200, 'model__subsample': 0.8}",0.47218845317662383,0.04198383821637197,-0.18392284876261944,0.22042939818772056,0.26397318516502755,0.16293040519662488,0.22094866809535524,226,0.9883039396836997,0.9839713516907578,0.9967077398007737,0.9911953602267636,0.9860616338676351,0.9892480050539258,0.004434571594587763
7.910064458847046,2.20120408571111,0.03508777618408203,0.03193811057495866,0.18,absolute_error,6,500,0.2,"{'model__learning_rate': 0.18, 'model__loss': 'absolute_error', 'model__max_depth': 6, 'model__n_estimators': 500, 'model__subsample': 0.2}",-0.3956808010982391,-0.18477223339654203,-0.6666412457697759,0.1347668552153658,0.21900928197698066,-0.17866362861444213,0.329131686430184,621,0.9853855485672043,0.9946223355385712,0.9868732805987697,0.9856924806255175,0.9803116227684875,0.98657705361971,0.004610251381448287
10.985632467269898,4.615192179404593,0.02308626174926758,0.02950084368320736,0.18,absolute_error,6,500,0.4,"{'model__learning_rate': 0.18, 'model__loss': 'absolute_error', 'model__max_depth': 6, 'model__n_estimators': 500, 'model__subsample': 0.4}",0.11042440496044592,0.19054887642914753,-0.1705243434580601,0.3858853372486737,0.07838927651256888,0.11894471033855518,0.17994117195303258,362,0.9937078386297196,0.9970320630438481,0.9988590915957283,0.9983286226905129,0.9965318075139604,0.9968918846947539,0.001801198153987642
27.5422483921051,7.5590406986280945,0.023652076721191406,0.026025316548755065,0.18,absolute_error,6,500,0.6000000000000001,"{'model__learning_rate': 0.18, 'model__loss': 'absolute_error', 'model__max_depth': 6, 'model__n_estimators': 500, 'model__subsample': 0.6000000000000001}",0.4792296238402355,-0.056034460303582945,-0.48084786068063945,0.27914099615409504,0.3508883075856617,0.11447532131915397,0.3462758618232948,401,0.999892507335311,0.9997228198119703,0.9997502811439072,0.9999192440092254,0.9994451433104833,0.9997459991221793,0.000168848028099685
38.48529543876648,10.765613540970316,0.0362185001373291,0.031746129491591335,0.18,absolute_error,6,500,0.8,"{'model__learning_rate': 0.18, 'model__loss': 'absolute_error', 'model__max_depth': 6, 'model__n_estimators': 500, 'model__subsample': 0.8}",0.48414073579705197,0.020749099832298,-0.20513928384824442,0.23021948130054215,0.26500034697626695,0.15899407601158294,0.23398098872074186,236,0.9997366342937788,0.9991286865780913,0.9998326075343298,0.9998337866023269,0.999442784261459,0.9995948998539973,0.0002735523508804126
13.36979374885559,5.27493080323475,0.009738397598266602,0.00017798897225368407,0.18,absolute_error,6,1000,0.2,"{'model__learning_rate': 0.18, 'model__loss': 'absolute_error', 'model__max_depth': 6, 'model__n_estimators': 1000, 'model__subsample': 0.2}",-0.4110975703683841,-0.16463939263134564,-0.7361480471285056,0.12510710923841084,0.17776316763478006,-0.20180294665100887,0.34107203796978497,628,0.9993250139635773,0.9993037861938648,0.9990290405701718,0.9995716568838175,0.9952326616156489,0.998492431845416,0.0016389183274404693
19.780459690093995,9.383080113248125,0.024236392974853516,0.02650030342164256,0.18,absolute_error,6,1000,0.4,"{'model__learning_rate': 0.18, 'model__loss': 'absolute_error', 'model__max_depth': 6, 'model__n_estimators': 1000, 'model__subsample': 0.4}",0.08880327779932329,0.1909394271075714,-0.16944161687195836,0.38645704668633785,0.07581471025928421,0.11451456899611168,0.18032378387980566,400,0.9999544783354462,0.9999736555445727,0.9999767451151858,0.9997499661424654,0.9998135764855471,0.9998936843246433,9.387500675389947e-05
47.16756820678711,18.611063241052605,0.02478899955749512,0.02630826487347448,0.18,absolute_error,6,1000,0.6000000000000001,"{'model__learning_rate': 0.18, 'model__loss': 'absolute_error', 'model__max_depth': 6, 'model__n_estimators': 1000, 'model__subsample': 0.6000000000000001}",0.4793077927236503,-0.05590446954232409,-0.48600176590882693,0.2793155344684598,0.3512836385541286,0.11360014605901754,0.3481239385434455,403,0.9999988894402215,0.9999980932403971,0.9999991677441449,0.9999995931144691,0.9999969458849279,0.9999985378848321,9.344512722317901e-07
76.531538438797,21.4718926164617,0.024394464492797852,0.02704560096300323,0.18,absolute_error,6,1000,0.8,"{'model__learning_rate': 0.18, 'model__loss': 'absolute_error', 'model__max_depth': 6, 'model__n_estimators': 1000, 'model__subsample': 0.8}",0.4808744571564191,0.024057378418836706,-0.20367944739384036,0.2307461212225258,0.2623799232390468,0.1588756865285976,0.23202753975381055,237,0.9999983409744133,0.9999981083647759,0.9999996247477885,0.9999994838896114,0.999999358180494,0.9999989832314167,6.293924675963019e-07
1.405327606201172,0.02564928282520445,0.0076563358306884766,0.000820041428923476,0.18,absolute_error,9,200,0.2,"{'model__learning_rate': 0.18, 'model__loss': 'absolute_error', 'model__max_depth': 9, 'model__n_estimators': 200, 'model__subsample': 0.2}",-0.44165676527002695,-0.1887159528266975,-0.6857793892289037,0.12622834640882974,0.204723897380931,-0.19703997270717347,0.3360623439854479,625,0.9378568674136402,0.9678640974052187,0.9348414391772968,0.905013143702828,0.9148311729511067,0.9320813441300182,0.021687028869311863
5.801557302474976,2.2591014893947876,0.00842428207397461,0.000597170056815729,0.18,absolute_error,9,200,0.4,"{'model__learning_rate': 0.18, 'model__loss': 'absolute_error', 'model__max_depth': 9, 'model__n_estimators': 200, 'model__subsample': 0.4}",0.23098832383113344,0.20921165223400007,-0.2037349702925364,0.34045961407327696,0.18642067389606776,0.15266905874838838,0.1858812891455683,255,0.9824842488436052,0.9710884318691194,0.969164522106626,0.9864112834076515,0.970767493578868,0.9759831959611741,0.007052166707670833
9.197072553634644,3.54055424909331,0.020511770248413087,0.025113796867110547,0.18,absolute_error,9,200,0.6000000000000001,"{'model__learning_rate': 0.18, 'model__loss': 'absolute_error', 'model__max_depth': 9, 'model__n_estimators': 200, 'model__subsample': 0.6000000000000001}",0.3788136687245106,-0.11666233182923214,-0.2027639899053919,0.22426964066914878,0.30984902911116663,0.1187012033540404,0.23412669436065014,364,0.9921854544300899,0.9947708453299288,0.9922147643448128,0.9829074847586237,0.988983488577578,0.9902124074882066,0.00408788063786103
13.845957517623901,5.524427529589541,0.021633100509643555,0.026741839500800602,0.18,absolute_error,9,200,0.8,"{'model__learning_rate': 0.18, 'model__loss': 'absolute_error', 'model__max_depth': 9, 'model__n_estimators': 200, 'model__subsample': 0.8}",0.3788794240325035,0.13886871354266417,-0.19620969292102308,0.3769955795197121,0.13469101687856577,0.1666450082104845,0.211067252007592,216,0.9948273677236885,0.9965539614409866,0.9965661989406582,0.996861156406159,0.9954219012839576,0.99604611715909,0.0007832848132698468
5.63570761680603,2.6517466157158593,0.03427724838256836,0.031297545582468625,0.18,absolute_error,9,500,0.2,"{'model__learning_rate': 0.18, 'model__loss': 'absolute_error', 'model__max_depth': 9, 'model__n_estimators': 500, 'model__subsample': 0.2}",-0.3956808010982391,-0.18477223339654203,-0.6666412457697759,0.1347668552153658,0.21900928197698066,-0.17866362861444213,0.329131686430184,621,0.9853855485672043,0.9946223355385712,0.9868732805987697,0.9856924806255175,0.9803116227684875,0.98657705361971,0.004610251381448287
11.92924518585205,5.393793400096609,0.009497594833374024,0.0007573774880810691,0.18,absolute_error,9,500,0.4,"{'model__learning_rate': 0.18, 'model__loss': 'absolute_error', 'model__max_depth': 9, 'model__n_estimators': 500, 'model__subsample': 0.4}",0.25838302031441807,0.2094090977296552,-0.22899124500116685,0.32835230039891805,0.12718200274443037,0.13886703523725097,0.19525428205668618,305,0.9974864303569657,0.9984040303732602,0.9976195678275463,0.9995009295056939,0.990664838499273,0.9967351593125479,0.0031186534516755376
23.86737456321716,9.491718680775156,0.03666167259216309,0.033105364901875524,0.18,absolute_error,9,500,0.6000000000000001,"{'model__learning_rate': 0.18, 'model__loss': 'absolute_error', 'model__max_depth': 9, 'model__n_estimators': 500, 'model__subsample': 0.6000000000000001}",0.3746245746108,-0.11056232156639245,-0.2034199707066724,0.2169643770423585,0.30232956397168087,0.1159872446703549,0.2302862500716698,389,0.9998321232734222,0.9996398807862827,0.9996774608523407,0.9995204183782358,0.9999554729021544,0.9997250712384872,0.00015228395846524464
34.60456295013428,13.758614453465219,0.02290349006652832,0.02709524139043883,0.18,absolute_error,9,500,0.8,"{'model__learning_rate': 0.18, 'model__loss': 'absolute_error', 'model__max_depth': 9, 'model__n_estimators': 500, 'model__subsample': 0.8}",0.371036998990412,0.14405091715306473,-0.209451180124671,0.37115638638431536,0.14024546445087527,0.16340771737079926,0.2126990179475671,225,0.9999525187158188,0.9999773289764167,0.9999937832866997,0.9999825625269622,0.999843040234771,0.9999498467481336,5.508318288719884e-05
11.150285911560058,5.1096927527376925,0.022240400314331055,0.025921649572833817,0.18,absolute_error,9,1000,0.2,"{'model__learning_rate': 0.18, 'model__loss': 'absolute_error', 'model__max_depth': 9, 'model__n_estimators': 1000, 'model__subsample': 0.2}",-0.4110975703683841,-0.16463939263134564,-0.7361480471285056,0.12510710923841084,0.17776316763478006,-0.20180294665100887,0.34107203796978497,628,0.9993250139635773,0.9993037861938648,0.9990290405701718,0.9995716568838175,0.9952326616156489,0.998492431845416,0.0016389183274404693
19.578877115249632,9.480633670487945,0.010932111740112304,0.0009819772920333868,0.18,absolute_error,9,1000,0.4,"{'model__learning_rate': 0.18, 'model__loss': 'absolute_error', 'model__max_depth': 9, 'model__n_estimators': 1000, 'model__subsample': 0.4}",0.2621979079932768,0.2183067850028575,-0.22789533016367258,0.3234292973123978,0.13361826240207986,0.14193138450938786,0.1949767358985825,295,0.9999013503278152,0.999941077254234,0.9999760643598179,0.9999865917120183,0.9993657944985511,0.9998341756304873,0.00023608657534680575
56.2446846485138,15.638682322135883,0.011308383941650391,0.001994681399231305,0.18,absolute_error,9,1000,0.6000000000000001,"{'model__learning_rate': 0.18, 'model__loss': 'absolute_error', 'model__max_depth': 9, 'model__n_estimators': 1000, 'model__subsample': 0.6000000000000001}",0.3761369248840619,-0.10660922657942118,-0.21619344099391724,0.21755105818334408,0.302494638934627,0.11467599088573892,0.23352202142609332,399,0.999999843941653,0.9999982567766726,0.9999978463272985,0.9999995116055936,0.9999999918586869,0.9999990901019811,8.718384292523233e-07
61.47767634391785,25.95723595100227,0.03456082344055176,0.027267464969783113,0.18,absolute_error,9,1000,0.8,"{'model__learning_rate': 0.18, 'model__loss': 'absolute_error', 'model__max_depth': 9, 'model__n_estimators': 1000, 'model__subsample': 0.8}",0.37145839094738553,0.1452928479510941,-0.21085162698372795,0.3714082230388507,0.14102721610906233,0.16366701021253294,0.21328293374644283,223,0.9999999753082495,0.9999999993594441,0.9999999987255157,0.9999999785601756,0.9999999512969522,0.9999999806500675,1.7727214364794835e-08
3.5994258880615235,0.07242866904943172,0.021608257293701173,0.025453227813132685,0.18,absolute_error,12,200,0.2,"{'model__learning_rate': 0.18, 'model__loss': 'absolute_error', 'model__max_depth': 12, 'model__n_estimators': 200, 'model__subsample': 0.2}",-0.44165676527002695,-0.1887159528266975,-0.6857793892289037,0.12622834640882974,0.204723897380931,-0.19703997270717347,0.3360623439854479,625,0.9378568674136402,0.9678640974052187,0.9348414391772968,0.905013143702828,0.9148311729511067,0.9320813441300182,0.021687028869311863
7.726226949691773,0.06860107421083778,0.02060723304748535,0.027044200496432053,0.18,absolute_error,12,200,0.4,"{'model__learning_rate': 0.18, 'model__loss': 'absolute_error', 'model__max_depth': 12, 'model__n_estimators': 200, 'model__subsample': 0.4}",0.23098832383113344,0.20921165223400007,-0.2037349702925364,0.34045961407327696,0.18642067389606776,0.15266905874838838,0.1858812891455683,255,0.9824842488436052,0.9710884318691194,0.969164522106626,0.9864112834076515,0.970767493578868,0.9759831959611741,0.007052166707670833
8.263723468780517,3.759052697411329,0.02272005081176758,0.02674030581294065,0.18,absolute_error,12,200,0.6000000000000001,"{'model__learning_rate': 0.18, 'model__loss': 'absolute_error', 'model__max_depth': 12, 'model__n_estimators': 200, 'model__subsample': 0.6000000000000001}",0.3788136687245106,-0.11666233182923214,-0.2027639899053919,0.26756879722543114,0.3154630184138263,0.1284838325258288,0.2394964016495909,337,0.9921854544300899,0.9947708453299288,0.9922147643448128,0.9792336818586055,0.9907400167143915,0.9898289525355658,0.005454489934265331
14.101266002655029,5.727258523486261,0.021140336990356445,0.025569966345126247,0.18,absolute_error,12,200,0.8,"{'model__learning_rate': 0.18, 'model__loss': 'absolute_error', 'model__max_depth': 12, 'model__n_estimators': 200, 'model__subsample': 0.8}",0.4379619573267358,0.11939331561777822,-0.15484290743269713,0.36132845588978346,0.1183711601500751,0.1764423963103351,0.20926163259144565,188,0.9946890516037747,0.9984617807439238,0.9981935549455407,0.996201469089313,0.9962299296025899,0.9967551571970283,0.0014023393942125635
5.80878472328186,2.683783091562877,0.02362213134765625,0.026534914654625156,0.18,absolute_error,12,500,0.2,"{'model__learning_rate': 0.18, 'model__loss': 'absolute_error', 'model__max_depth': 12, 'model__n_estimators': 500, 'model__subsample': 0.2}",-0.3956808010982391,-0.18477223339654203,-0.6666412457697759,0.1347668552153658,0.21900928197698066,-0.17866362861444213,0.329131686430184,621,0.9853855485672043,0.9946223355385712,0.9868732805987697,0.9856924806255175,0.9803116227684875,0.98657705361971,0.004610251381448287
10.060579395294189,4.7586248586454,0.009514760971069337,0.0013074667707759374,0.18,absolute_error,12,500,0.4,"{'model__learning_rate': 0.18, 'model__loss': 'absolute_error', 'model__max_depth': 12, 'model__n_estimators': 500, 'model__subsample': 0.4}",0.25838302031441807,0.21409837168625456,-0.22899124500116685,0.32835230039891805,0.12718200274443037,0.13980489002857083,0.1956018133108856,298,0.9974864303569657,0.9978821712465905,0.9976195678275463,0.9995009295056939,0.990664838499273,0.996630787487214,0.003069398479447533
24.345027494430543,9.667987569651936,0.022189760208129884,0.026346903368923258,0.18,absolute_error,12,500,0.6000000000000001,"{'model__learning_rate': 0.18, 'model__loss': 'absolute_error', 'model__max_depth': 12, 'model__n_estimators': 500, 'model__subsample': 0.6000000000000001}",0.3853575025997833,-0.11407512137319098,-0.2034199707066724,0.2508962545747465,0.31326530478332126,0.12640479397559753,0.23836377436561562,342,0.9998608797715506,0.9996026979157607,0.9996774608523407,0.9969834123240688,0.999196825903211,0.9990642553533864,0.0010628296668685603
35.00207605361938,13.751502656321412,0.010365438461303712,0.001513778506176824,0.18,absolute_error,12,500,0.8,"{'model__learning_rate': 0.18, 'model__loss': 'absolute_error', 'model__max_depth': 12, 'model__n_estimators': 500, 'model__subsample': 0.8}",0.4432813226434372,0.12487927557259926,-0.1545518766666476,0.3592844714735268,0.12932787304751092,0.18044421321408532,0.2092796726058162,179,0.9998098912909851,0.9999666454372197,0.999941589171196,0.9999569643827776,0.9998989854815383,0.9999148151527434,5.734000227103334e-05
13.63583517074585,5.232987927365463,0.02371039390563965,0.02781488395853247,0.18,absolute_error,12,1000,0.2,"{'model__learning_rate': 0.18, 'model__loss': 'absolute_error', 'model__max_depth': 12, 'model__n_estimators': 1000, 'model__subsample': 0.2}",-0.4110975703683841,-0.16463939263134564,-0.7361480471285056,0.12510710923841084,0.17776316763478006,-0.20180294665100887,0.34107203796978497,628,0.9993250139635773,0.9993037861938648,0.9990290405701718,0.9995716568838175,0.9952326616156489,0.998492431845416,0.0016389183274404693
21.736612939834593,8.929087390869512,0.010938549041748047,0.0010931113609917004,0.18,absolute_error,12,1000,0.4,"{'model__learning_rate': 0.18, 'model__loss': 'absolute_error', 'model__max_depth': 12, 'model__n_estimators': 1000, 'model__subsample': 0.4}",0.2621979079932768,0.21862289546667169,-0.22789533016367258,0.3234292973123978,0.13361826240207986,0.1419946066021507,0.19500154039162673,294,0.9999013503278152,0.9999527447908373,0.9999760643598179,0.9999865917120183,0.9993657944985511,0.999836509137808,0.00023718676929342488
39.48644671440125,10.17931988493217,0.012866020202636719,0.0014868463041261344,0.18,absolute_error,12,1000,0.6000000000000001,"{'model__learning_rate': 0.18, 'model__loss': 'absolute_error', 'model__max_depth': 12, 'model__n_estimators': 1000, 'model__subsample': 0.6000000000000001}",0.38655902331776404,-0.11492187349724636,-0.21619344099391724,0.24788570977913538,0.3133011556297468,0.12332611484709652,0.24204660942080367,350,0.9999999317268152,0.9999748013083665,0.9999978463272985,0.9999743994247529,0.9999973627844849,0.9999888683143435,1.1682373545364072e-05
49.85595335960388,10.706238770390357,0.021410131454467775,0.013165698984378726,0.18,absolute_error,12,1000,0.8,"{'model__learning_rate': 0.18, 'model__loss': 'absolute_error', 'model__max_depth': 12, 'model__n_estimators': 1000, 'model__subsample': 0.8}",0.4430239522040055,0.12521248587760714,-0.1548846694791517,0.359045362839558,0.1291936546454594,0.18031815721749567,0.20926969850001967,181,0.9999999360871027,0.9999999964443703,0.9999998867955673,0.9999998352031249,0.9999986084652249,0.999999652599078,5.247862006287108e-07
