acetaldehyde,CS2,DES,DMS,ethyl_2.methyl_butyrate,ethyl_acetate,ethyl_decanoate,ethyl_hexanoate,ethyl_isovalerate,ethyl_octanoate,ethyl_propionate,H2S,isoamyl_alcohol,isobutanol,isobutyl_acetate,isopentyl_acetate,MeSH,octyl_acetate,phenethyl_acetate,phenethyl_alcohol,X4VG,SO2.mg.L.,acetic_acid.g.L.,ammonia.mg.L.,color.EBC.,betaglucan.mg.L.,lactic_acid.mg.L.,glycerol,iron,pH,protein.g.L.,bitterness,GFS,ethanol..v.v.,CO2.PSI.,unfermentables,kcalperc,X1.propanol,X2.3.butanedione,X3.methylbutanal,propylene.glycol,propyl.acetate,n.pentanol,X2.methyl.1.butanol,isopentyl.formate,ethyl.isobutyrate,X3.methyl.2.butenal,X2.methyltetrahydrofuran.3.one,ethyl.butyrate,butyl.acetate,methylpyrazine,furfural,ethyl.lactate,X3Z.hexenol,n.hexanol,styrene,X2.furanmethanol,X3.methyl.2.hexanol,X3.furanmethanol,X2.acetylfuran,X2.6.dimethyl.pyrazine,amyl.acetate,ethyl.tiglate,benzaldehyde,X5.methylfurfural,n.heptanol,X1.octen.3.ol,X3.methylthio.propanol,isomaltol,X6.methyl.5.hepten.2.one,X2.pentyl.furan,ethyl.hex..3E..enoate,alpha.phellandrene,dehydroxy.cis.linalool.oxide,hexyl.acetate,isopentyl.butanoate,X2.ethyl.1.hexanol,beta.phellandrene,limonene,eucalyptol,benzyl.alcohol,ethyl.hex..2E..enoate,phenylacetaldehyde,X.E..beta.ocimene,prenyl.isobutyrate,ethyl.furoate,ortho.cresol,ethyl.5.methylhexanoate,X2.acetylpyrrole,isoamyl.lactate,n.octanol,cis.linalool.oxide,meta.cymenene,terpinolene,linalool,nonan.2.ol,n.nonanal,X2.methyl.benzofuran,heptyl.acetate,X4.methyl.1.pentanol,neo.allo.ocimene,x.methyl.1.octanol,trans.dihydro.beta.terpineol,cis.beta.terpineol,y.methyl.1.octanol,camphor,isobutyl.hexanoate,nerol.oxide,X.E..2.nonenal,cis.dihydro.beta.terpineol,X4.ethyl.phenol,isoborneol,ethyl.benzoate,n.nonanol,terpinen.4.ol,diethyl.succinate,vinyl.caprylate,X1.alpha.terpineol,ethyl..E..linalool,ethyl.nicotinate,citronellol,nerol,hydroxy.methyl.furfural,E.ocimenone,cumin.aldehyde,ethyl.phenylacetate,isopentyl.hexanoate,geraniol,beta.cyclohomocitral,E.cinnamaldehyde,n.decanol,neryl.formate,X4.ethyl.guaiacol,X2.undecanone,trans.dihydro.alpha.terpinyl.acetate,terpinen.4.ol.acetate,X2.undecanol,delta.terpinyl.acetate,X.E.E..2.4.decadienal,methyl.geranate,car.3.en.2.one,dimethoxy..E..citral,X2.butyloctanoate,X4.methoxysalicylaldehyde,ethyl.hydrocinnamate,eugenol,gamma.nonalactone,methyl.para.anisate,X.E..beta.damascenone,ethyl..9..decenoate,vanillin,geosmin,dodecanal,X4.8.alpha.epoxy.caryophyllane,E.caryophyllene,X.E..alpha.ionone,perillyl.acetate,beta.humulene,X2.phenyl.ethyl.butyrate,X.Z..beta.farnesene,pentyl.octanoate,X.E..beta.farnesene,X2.methylbutyl.octanoate,alpha.humulene,neryl.propanoate,X9.epi..E..caryophyllene,ethyl..E..cinnamate,linalool.isovalerate,alpha.terpinyl.isobutanoate,n.dodecanol,germacrene.D,X.E..beta.ionone,valencene,neryl.isobutanoate,E.methyl.isoeugenol,X.Z..dihydro.apofarnesal,butylated.hydroxytoluene,X.E..dihydro.apofarnesal,Z.nerolidol,X.E..ortho.methoxy.cinnamaldehyde,alpha.calacorene,E.nerolidol,dihydroisocaryophyllene.epoxide,caryophyllene.alcohol,neryl.isovalerate,spathulenol,caryophyllene.oxide,humulene.epoxide.II,alloaromadendrene.epoxide,X1.10.di.epi.cubenol,isopropyl.laurate,caryophylla.4.12..8.13..dien.5.alpha.ol,gamma.eudesmol,alpha.muurolol,X1.2.dihydro.8.hydroxy..2E..linalool,tau.cadinol,selin.11.en.4.alpha.ol,alpha.eudesmol,X14.hydroxy.9.epi..E..caryophyllene,tau.muurolol,n.tetradecanol,foeniculin,cadalene,X2.3.dihydro.farnesol,X2E.6Z.farnesal,caryophyllene.acetate,X14.hydroxy.alpha.humulene,X2Z.6E.farnesal,X2Z.6Z.farnesol,X2Z.6E.farnesol,ambroxide,benzyl.benzoate,X2E.6E.methyl.farnesoate,ethyl.tetradecanoate,X2.ethylhexylsalicylate,isopropyl.tetradecanoate,ethyl.pentadecanoate,methyl.hexadecanoate,Z.Z.geranyl.linalool,ethyl.hexadecanoate,manool.oxide,X13.epi.manool.oxide,isopropyl.hexadecanoate,manool,ethyl.octadecanoate,ethyl.pentanoate,X2.ethyl.3.methylpyrazine,esters_sum,aroma_hops_sum,acids_sum,sulfur_sum,beer_chem,beer_panel,A_malt_all,A_malt_grain,A_malt_bread,A_malt_cara,A_malt_burn,A_hops_all,A_hops_citrus,A_hops_tropical,A_hops_noble,A_hops_woody,A_esters_all,A_esters_ethac,A_esters_isoaa,A_esters_flower,A_esters_fruity,F_malt_all,F_malt_grain,F_malt_bread,F_malt_cara,F_malt_burn,F_hops_all,F_hops_citrus,F_hops_tropical,F_hops_noble,F_hops_woody,F_esters_all,F_esters_ethac,F_esters_isoaa,F_esters_flower,F_esters_fruity,acidity,bitternes,sweetness,X4vg,diacetyl,dms,metallic,stale_hops,t2n,orange,coriander,clove,lactic,acetic,barnyard,alcohol,aftertaste,body,co2,overall
0.38365653,-2.1462915,-0.046480518,1.4004797,-3.1331716,1.4692607,-0.6781529,-0.49666363,-2.2575607,-0.25551957,-1.0780007,1.1473345,1.7329912,0.7769186,-0.9521176,0.6143326,0.22810876,-2.007861,-0.22963509,0.4737918,-0.5184395,0.3393028,-1.3217373,0.31586933,1.1045984,2.300363,2.0501637,0.4364242,-1.8745371,0.6031519,0.62576514,1.15289,-1.4148405,0.77555174,0.30325896,1.6301003,1.7140762,6.675775,42.096638,0.49719316,6.1183167,6.403018,8.220173,8.74702,8.7428,0.39514992,6.3279605,6.4087195,0.07167513,4.955962,5.596531e-12,0.0016941315,3.624881,0.004677099,0.140614,0.17574835,6.75675,7.7446136,6.6876645,4.5237503,-1.777961,0.01596487,-0.2314212,0.0006695867,3.2900065e-05,5.412578,1.3331823,-0.39981833,2.5284297,-1.8178184,-1.7987098,5.456934,-1.8041921,-1.8156478,0.036927868,-1.8004968,-1.8165716,4.527676,-0.48745835,-1.3990549,0.00015142895,-1.7806746,0.0005950272,0.022780327,4.470518,-1.8163911,4.630571,4.4956384,5.3037467,4.389353,7.022739,-1.8177922,-1.8174375,5.5951905,0.64940125,5.940076,-1.5562172,4.187484,5.632052,5.8597302,5.9076424,5.743306,0.94709986,5.924289,-1.732002,5.944633,4.9192667,4.1596074,0.00021587774,-1.8177145,3.419629,5.6662846,6.022543,5.9927645,5.1662188,0.024417281,6.0952163,0.8332739,6.353237,0.002368255,1.649373,5.1879787,5.743479,5.102507,4.4016724,6.3126616,6.0792103,0.011279008,6.380834,7.1258,7.1697836,0.39277732,3.679048,0.85401213,5.45282,-1.2763915,3.9043233,6.5313463,2.4140531e-06,5.4932175,4.978516,0.5053219,6.8551235,3.7729104,5.4659166,0.00026786875,0.003223026,5.931676,15.931639,7.0723577,-1.4382489,-1.8177762,5.1998196,4.9256945,0.000120454475,3.9293687,5.093738,-1.775223,5.5358787,5.815381,6.959322,3.872983,7.299669,0.02569945,5.51175,5.2408276,4.6577253,0.27871022,5.0162272,6.5114803,4.390437,5.229953,6.990174,4.5276566,6.3373365,-1.7158473,7.816434,4.5597267,0.000967621,-1.7739218,5.0299635,6.3587074,5.8899894,5.5634623,4.331263,5.022269,5.0314417,5.9861064,6.2607203,5.22995,7.4510336,1.5073739,-1.8178185,6.196361,6.4828386,5.840056,-1.8178169,1.7165469,5.829455,2.12822,5.4013453,3.8700132,5.2677445,6.09446,4.412518,4.0016785,5.518767,2.118187,4.8444033,5.7553396,4.3034277,3.6278732,-1.5101078,6.4146056,0.7897581,3.9176435,5.2740226,4.871436,5.3005867,4.9526935,4.496833,4.8545017,5.2889132,6.259695,5.5999374,0.005602152,0.001127824,1.0475916,1.156042,-0.20197567,0.76273507,147.00052,137.19276,-0.78933203,-0.37902737,-0.04475048,-0.5053874,-0.22877975,0.46208602,1.1331749,-0.1559239,0.61810845,-0.3130102,-0.30105948,-0.13885352,0.0692338,-0.3642224,-0.22098112,-0.6403591,0.12794828,-0.21389182,-0.41502857,-0.2350225,0.3700978,0.4179212,-0.06503203,-0.21872668,-0.12589285,-0.13933474,0.07464114,-0.26510173,0.0020376663,-0.01849876,0.40165457,0.050247766,-0.5806644,1.2607183,-0.40071002,-0.0172915,0.097446464,0.44483536,0.21825635,0.24425837,-0.083941825,-0.18763202,-0.32417423,-0.29812688,0.28438988,-0.21058907,-0.46589622,-0.09528835,-0.6717662,0.012115612
0.74156326,-2.1462903,0.3652523,1.9417547,-1.9010574,1.5940692,-0.32353416,-0.4902779,-3.0740218,0.07537904,-1.3065819,0.7908723,1.6631396,1.0202439,-1.33514,-0.07613698,0.38504,-3.454092,-1.1777871,0.83696824,-1.9274304,-0.0727091,-0.477287,1.1969845,1.1945368,2.0387712,1.886496,0.53277457,-2.2101643,0.6246194,0.76195365,1.5466036,-1.4992001,0.9161928,-0.18586828,1.5991857,1.8055056,7.2501583,0.024687024,0.17319076,7.0042305,6.3732615,8.378599,8.555292,8.47882,0.046334494,6.1265974,0.007225136,0.026533049,4.053028,6.3219354e-14,0.0037281432,-1.8177859,0.004844385,0.14073029,0.012330488,5.9493957,7.9550176,6.842976,5.2561455,1.0512838,0.0003836643,5.864713,0.00067029765,3.296811e-05,6.394978,5.993823,6.9762697,4.558573,-1.8177949,2.946757,6.9163227,-1.8178186,5.28759,0.008435154,3.0310724,6.350714,2.8490145,-1.8169285,-1.8172786,0.00028599252,5.2893276,0.00059784914,0.009657742,5.5525484,-1.7116374,5.5117764,6.1671114,6.065652,6.6249957,7.394414,-1.8178182,-1.8176097,7.1885934,2.1262453,7.023994,5.2104325,6.511729,-1.3153923,6.37337,5.9076543,6.466071,4.6280165,5.5641665,5.6961536,2.985249,6.0658,6.006786,0.00022021246,5.451745,6.976471,6.9107633,7.021167,6.6688557,6.8158937,0.062689304,5.3666983,0.8904711,6.6308584,0.0039263507,0.03581225,5.629721,5.3585486,4.99672,3.5422726,6.977701,6.792144,0.7766377,6.818134,0.2758867,7.7694707,7.202874,8.208108,5.04484,6.6896057,5.762858,6.4551687,6.2861667,4.7861176e-06,6.9956326,4.32426,5.5293,7.942647,4.3602705,6.530438,0.0007897584,0.006047103,4.922066,0.2094898,8.488612,4.511397,-1.0456012,5.867676,4.9240727,0.00013176174,4.4420433,5.7279496,-1.2718759,6.0992465,6.8864613,7.7341065,-1.8173538,7.7152534,0.09994747,6.1084843,5.13215,5.0365005,-1.7056199,5.129164,6.6023684,5.303465,5.347071,6.651955,4.923421,-0.76212096,-1.254534,7.780233,0.002875271,0.0009676965,4.38275,5.5978994,6.2764425,5.750707,5.926025,5.6813607,2.1219578,5.5667024,6.5291023,6.9291105,6.000978,6.6750526,6.41119,-1.817488,6.301173,6.867774,6.3056054,1.7541093,0.071802355,5.7886047,6.125895,5.511965,3.909255,5.3916526,5.9436364,3.8333325,-1.81527,4.4380136,3.1304836,-1.8165498,5.7480373,4.653843,3.7984104,5.306457,6.663625,-1.5222383,4.6710873,5.520432,4.323313,5.540198,7.254491,4.233172,4.8549876,0.01347948,5.9648247,5.5999374,0.0067897695,0.001127873,0.9670924,2.7962832,0.33761728,1.0362595,175.16391,200.28824,-0.83148706,-0.8082963,-0.5106486,-0.24789032,-0.25530905,1.4238976,1.3110851,-0.09169705,0.71198857,-0.14866959,-0.82602465,-0.63828653,-0.524694,-0.407646,-0.42097,0.39190656,-0.33213383,-0.15151787,0.38008645,0.52864397,0.79389226,0.4307171,-0.12498167,0.53400844,-0.33831054,-0.8633461,-0.5074375,-0.6245933,-0.26489544,-0.6215875,-0.4784349,1.7483797,-0.60532075,-0.4907457,-0.5296606,-0.32876623,-0.623222,-0.23374167,0.012452906,-0.26034927,-0.16774718,-0.2684659,-0.3285302,-0.29812688,-0.0070746355,0.20623615,1.1502701,0.034429986,-0.42918053,0.7421799
0.7729315,-1.7676531,0.33613807,1.9195658,-1.9128722,1.4714984,-0.49099964,-0.54201597,-3.0314682,-0.06004913,-1.3992211,0.70160335,1.6914829,1.2319826,-1.646723,-0.13375215,0.13794407,-3.4549973,-0.8487657,1.3431237,-1.8825424,-0.07073202,-0.3952013,1.549117,1.1647357,2.4373853,2.00071,0.46664348,-2.0517178,0.6246357,0.7151275,1.559489,-1.2121708,0.87994605,-0.09147269,1.2520645,1.7344205,6.67704,0.01083934,0.0015198983,7.0019054,7.066406,8.451812,8.58373,8.305442,0.06240031,6.3881,0.007218307,0.08573643,4.617507,3.2942865e-13,0.00094582443,-1.8178186,0.05498577,0.18749455,0.049881216,7.070182,8.01394,6.973966,5.563223,3.6348383,8.102671e-06,5.893188,0.0008758804,6.1659826e-05,6.6991515,5.9832,6.9778934,6.230663,-1.4150416,5.6980677,6.7351546,-1.8169605,5.39221,0.022386007,2.539184,6.360334,0.58852196,-1.8176788,-1.5962125,0.0009468263,5.2871385,0.0013598492,0.0053807553,5.551148,4.5185804,5.7032127,6.1988907,6.262349,5.2478633,7.6662145,-1.8078934,-1.8162214,6.9794655,1.3945274,7.212083,6.3488145,7.02539,0.089973524,6.4567556,5.907383,6.6347876,4.875513,-0.41313562,5.710915,5.083195,5.8882027,5.951274,0.0058421167,5.5060434,6.8385262,6.6430683,6.9235806,6.811483,6.5455337,0.054949876,4.5490723,0.542066,6.501547,0.0064418083,0.60036534,5.014441,4.970899,4.769458,4.6016383,7.009525,6.648536,0.33703235,7.0913696,1.8261895,7.9634805,7.0867825,8.15483,5.845151,6.687549,5.6982718,7.0013647,6.6292777,0.00048173682,7.0283957,4.7185574,1.3073378,7.8718204,4.6528096,6.6295958,0.03814636,1.686866,6.3919296,0.2354152,8.420884,5.078106,4.927938,5.610935,4.761012,0.0069410186,4.6831985,5.689575,-0.7390021,6.0390944,6.9284644,7.5580564,-0.60782945,7.687355,0.063451864,6.0746975,5.462106,5.4489355,-0.17763992,5.3945093,6.7985735,5.47875,5.3509912,-1.7772657,4.8623357,-0.4683407,5.734958,6.35689,-0.05864389,0.001341518,5.1863446,5.532961,6.4975157,5.979192,6.2629614,6.0046873,-1.736157,6.2873745,6.2751384,7.123883,6.3303127,7.2862053,6.388369,-1.1493909,6.4557247,6.867775,6.180386,6.3795,7.328357,5.6014676,6.1259804,6.182795,-1.7560072,5.15417,6.1806984,5.1562247,0.9581926,5.5148625,5.079037,-1.5168918,5.9846616,4.5487146,4.247749,4.5156083,6.646775,1.0901979,4.9346733,5.5204415,5.091742,5.308334,7.254491,4.202092,4.8547554,3.511114,6.113202,5.5999374,0.014125924,0.0012728255,0.7121271,2.4772148,0.5218361,0.8635292,184.6243,208.02942,-0.47233024,-0.35035422,-0.44487932,-0.31238434,-0.080541775,1.3691263,1.29871,-0.0074494127,0.7154315,-0.2934995,-0.32738033,0.35058337,-0.39386368,-0.25441337,-0.3939655,0.19399317,0.2656709,0.0346382,0.36580968,-0.17238663,0.91333663,0.15346584,-0.2955021,0.7577986,-0.4424217,-0.37301144,0.3527996,0.061433144,-0.34575754,-0.6083164,-0.33969122,1.3664156,-0.6347146,-0.31557262,-0.5669083,-0.45761123,-0.52549374,-0.31121308,-0.40125173,-0.17520751,0.11272881,-0.26851547,-0.29585782,-0.29812688,-0.3242472,0.42036557,1.1160185,0.36978155,0.22489774,0.6463784
0.7813918,-2.1462905,-0.36285484,1.511999,-3.1950798,1.4772063,-1.1858565,-0.46897423,-4.486962,-0.29330438,-1.5951792,1.0223911,1.5849603,-0.31120774,-0.8600017,0.6880142,0.017367775,-3.322032,-0.36608228,0.5548522,-1.9560813,0.22095086,-0.43161467,1.4816782,1.128486,2.0800972,1.9719565,0.50591,-0.99042237,0.6181896,0.7909272,1.1569387,-0.63809067,0.8782282,0.3095985,1.5405582,1.7705098,6.3401694,0.037664022,0.030351257,6.2071815,5.7752047,7.982169,8.180843,8.117121,0.004655456,5.9692087,0.007210688,0.10002848,4.2875996,6.096739e-08,0.00794023,-1.8176552,0.0046774936,0.1406115,0.017181093,6.790316,7.930417,6.8498344,5.0322137,-1.7721499,8.239615e-05,5.628532,0.00066960475,3.2911943e-05,5.928936,5.2691116,6.9304376,5.7543225,-1.8176037,5.6919255,6.3503942,0.18125734,-1.7704788,0.08049804,-0.99233735,5.7677593,-1.6506139,-1.8170156,-1.8112104,0.0010678616,4.727108,0.0005951275,0.0048516565,5.2871246,4.5220566,5.5200343,5.8329287,5.7491403,6.168606,6.9663124,-1.8125592,-1.8176757,6.2819796,0.043622166,6.2961373,-1.7715412,5.2073054,5.6528635,6.2656126,2.1999435,6.308901,4.792717,-1.5448228,-1.5987469,1.9583346,5.2359185,4.946682,0.00021693214,-1.8178182,4.3291736,5.6126227,6.404104,6.0485907,4.58683,0.06645159,5.5594606,0.118746154,6.190161,0.01306626,0.013162725,6.0636187,5.809514,5.0716205,1.8699796,6.3160033,5.232228,0.25336346,6.8425508,6.302765,7.2231197,0.18983126,3.8079288,1.9820257,5.094739,4.7051506,5.064964,5.928988,2.4105182e-06,5.944128,5.319279,5.880408,5.0505676,3.9989147,5.696822,0.0017310416,0.0037502807,5.18299,0.058696225,6.9123416,4.864038,-1.3465155,5.88745,4.8841105,0.00012080251,3.9527462,5.420187,3.152389,4.60535,2.3499482,4.8718457,5.916634,5.811538,0.006889234,5.5287676,5.12788,5.4164634,4.5745406,4.9071903,6.4815936,4.5052686,5.058203,-0.44236046,4.384622,-0.9276848,5.2188497,-1.7058207,-1.7357359,0.0009676586,-1.014934,5.122351,5.918684,5.6660013,5.766363,5.012086,4.572877,0.5042813,5.292417,5.0882235,5.525738,7.0156355,4.710401,1.1879734,5.8902626,4.284567,4.0671988,0.07560605,6.526023,5.642844,6.124753,5.5760417,2.4783423,4.571556,5.707751,4.5045195,1.1859429,2.1522098,-0.23002677,0.9998904,5.4411297,4.377084,3.7946684,3.0386713,5.8699865,4.3524427,4.218847,3.9033136,5.1478353,4.878914,1.4714121,3.8990312,0.7773628,-1.6395468,5.629974,5.5999327,0.034644935,0.0011278893,1.0337254,1.881657,0.4243097,0.734627,26.433683,44.354824,-0.72750145,-0.39741018,-0.37519473,-0.5178342,-0.3143663,0.097886644,-0.060399853,0.37764102,-0.24288528,-0.27464825,0.6872965,0.08553062,0.39873105,0.018593501,0.58373624,-0.6639362,-0.43190756,-0.33614227,-0.41695225,-0.19910845,-0.12253124,0.26683435,0.002217965,-0.39738056,-0.38534507,0.3848947,0.338145,0.056431994,0.0769817,0.18684773,-0.12578847,-0.25316194,0.4048203,-0.44320711,0.33746186,0.41174835,-0.20973465,-0.110921405,-0.16703995,-0.22518621,-0.22686952,-0.24102356,-0.32968938,-0.28245938,-0.08380851,-0.24726021,-0.62850815,-0.5994471,-0.10986087,0.13883147
-0.17674628,-2.1462893,-0.35767797,1.8604852,-3.192432,1.1606555,-1.6762477,-1.0454766,-4.482802,-0.9025194,-1.0476974,0.7324678,1.5927997,1.0478892,-1.2659713,0.46584636,-0.20339939,-2.0019042,-0.39193162,0.058781546,-0.4906327,-0.086654775,-0.9291878,0.759676,0.82172775,2.29055,1.8024601,0.20626302,-2.1389356,0.6197441,0.57429135,1.1607729,-0.6590189,0.6866587,0.19677538,1.369559,1.5780022,5.9136906,1.1005985e-05,0.0005102586,-1.8144928,6.585237,8.066882,7.9286494,8.035238,0.0017490828,6.263845,0.0072064847,0.047194712,5.2148356,0.00044396415,0.006186421,-1.8178184,0.004854154,0.14091869,0.100127965,6.750463,7.989625,6.7464805,5.066358,-1.7429723,2.1577196e-10,4.289885,0.0007125804,6.474897e-05,6.1512465,5.532613,6.9778914,6.230656,4.9052095,5.698125,5.9896307,3.4463277,4.3586707,0.023983892,5.85826,6.3603535,-1.8177216,-1.8178185,-1.812472,0.0019382483,5.008462,0.00089771167,0.000950909,5.234304,4.5356812,5.6149416,5.782821,6.021513,5.5099006,7.165708,1.8247846,-1.8167062,6.3624983,0.03741998,6.5143747,-1.7860178,4.2292066,5.673868,6.26595,5.760494,6.435829,4.7050543,-1.8178144,5.4806533,3.5378997,5.0391064,5.231362,0.0021343967,-1.809731,5.192323,5.444534,5.9472604,6.471592,5.2785625,0.10848333,6.3663855,0.09542411,6.069668,0.019068552,0.032111175,5.962771,5.2539644,4.9646945,4.3751774,6.331419,3.4487271,0.05571236,6.7304144,6.9920197,7.5189037,6.0025096,4.823047,-1.7397643,4.3768845,4.6669583,6.3681755,6.515849,3.0356302e-06,5.465116,5.6731133,5.9019823,-1.7545941,3.092823,5.7894716,0.00029564934,0.26869622,4.6017876,0.011568397,7.0535965,3.4230607,4.9515705,-1.762016,4.70672,0.0003277603,3.7376552,5.457572,4.056822,3.9815197,-1.7498217,5.911323,6.080131,5.763158,0.0024579684,5.892008,5.6543317,5.0660267,3.2788577,5.297625,6.6393194,5.0139394,4.9567184,-1.8178184,-1.7567421,4.510649,5.710565,-1.8064109,4.463578,0.0010237052,3.9425929,4.9664345,6.32582,5.739965,5.752582,5.0529613,5.1655307,4.69597,5.9740305,6.587214,5.481509,6.15779,-1.7657026,5.523607,5.5816274,-1.8101051,5.1269016,6.3776865,5.9909644,4.7774997,6.125413,5.5498877,-1.8146776,4.4938745,5.812876,4.93851,5.6054535,5.8951983,4.6778107,4.81148,5.588208,4.386253,4.0257473,4.7306695,5.0227194,-1.8171294,4.2470856,3.8572311,5.003363,2.3611326,-1.8019094,-1.7701623,4.1940064,-1.8177259,5.761438,-1.7864895,0.035965715,0.0016458859,0.76651037,1.9481744,-0.004339611,0.76364267,43.784885,44.657898,-0.04978929,0.37395236,-0.46257222,0.10832635,-0.25558686,-0.3427716,-0.40084502,-0.44156286,-0.11109984,0.20623171,-0.9318199,-0.7954902,-0.39304626,-0.35948157,-0.081249155,-0.22176625,0.25127605,-0.56898254,0.1587467,-0.26626375,-0.26882735,0.047606405,-0.1168335,-0.3220583,-0.1863898,-0.6836374,-0.50201637,-0.31415445,-0.25236285,-0.16949783,-0.52390677,-0.62363833,-0.5290623,0.00031097708,1.4519225,0.28721726,-0.5796276,0.47230133,0.5399096,-0.26674226,-0.23502876,-0.2677684,-0.3074559,-0.28977153,0.47091264,-0.66800517,-0.87445796,-0.5197405,-0.9725702,-0.5069963
0.73839736,-2.1462915,0.18923688,1.836986,-2.00006,1.4959245,-0.40348744,-0.67868316,-4.4163775,-0.24590297,-1.0734026,1.1999944,1.4340987,1.1368662,-1.4023552,0.030971775,0.2843777,-3.4275415,-0.72997314,0.76244885,-1.9050952,0.31501457,-1.0353942,1.5056438,1.16754,2.1495602,2.205106,0.299409,-0.8711862,0.62560713,0.88270706,1.4654388,-1.6768832,0.85645956,0.12782276,1.581329,1.7513435,6.7307205,0.027952079,0.26296872,-1.485716,6.4325476,8.235143,8.626188,8.567806,0.16804872,5.8688335,0.0074191494,0.035929915,3.0957649,2.4834041e-11,0.00024024714,-1.6996382,0.004684382,0.14065133,0.061243884,6.458667,7.4965353,6.1666107,4.173748,-1.763274,0.024092818,4.262539,0.00066981174,3.2924632e-05,5.461808,5.0249677,4.1401224,-1.7614245,-1.817818,-1.7739162,5.5443783,-1.817818,-1.7195659,0.017869396,4.3615685,-1.5210352,-1.81174,-1.8174859,-1.8178102,9.69888e-05,-1.403192,0.0005955657,0.0006026298,4.834641,-1.8177972,4.098255,4.882319,4.71358,4.558349,6.3885217,-1.8178183,-1.8178177,5.361183,1.2984098,6.0863395,3.753166,3.3958702,-0.041181218,6.060093,5.907653,6.127421,4.2796884,4.9723763,5.7026634,5.7220573,5.661888,5.407963,0.00021674276,5.4935255,6.3922334,6.1760793,6.5424724,6.0786514,6.3426075,0.06153367,5.1307635,1.5785358,6.2985115,0.0024218,0.2726731,4.718833,4.930821,5.035106,4.1113424,6.4810977,5.905964,0.21406494,5.8033223,-1.5299891,7.019006,6.5319443,7.0803576,5.752879,6.4048944,4.670215,5.6296186,6.025337,3.3409926e-06,6.1439843,4.313086,2.408792,7.5053453,3.4334266,5.130203,0.00043261767,0.003478693,5.2367287,0.0238896,7.5716825,2.688673,4.6309695,4.753262,4.9254265,0.0001211423,3.1149585,5.0663843,-1.7195959,5.273894,6.45072,7.458072,-1.8159842,7.3646317,0.0356538,5.264051,4.9586515,4.248109,-0.60635054,4.5166893,5.691262,4.264758,4.61218,-1.8134136,4.656676,-1.6312282,0.4009969,-0.45129314,-1.365903,0.0009676305,-1.7819489,4.9241123,5.068506,4.9403234,5.111219,5.1133647,-1.741311,5.8210287,5.61331,5.0050097,4.918861,6.4159966,-0.08971315,-1.8178165,5.015398,6.8464866,5.3062487,-1.7088318,-1.5718341,4.6017456,5.828028,4.4197764,-0.571715,5.4390483,5.3337054,4.4758186,-0.48428914,5.5313125,5.051332,-1.8078676,3.0101957,4.208223,3.713791,4.4469132,6.211747,-1.3003705,4.200767,5.3707976,4.4834514,4.433937,7.2455,4.196369,4.8549485,-1.4346035,4.990736,5.5999374,0.007064178,0.0011278299,0.7890815,2.5019078,-0.035919532,0.9816344,95.72502,79.969925,0.040042125,0.008750171,-0.19711025,-0.18423387,-0.28612435,0.88767767,0.5290171,-0.35906368,0.24895863,0.039038096,-0.084370665,0.09442261,-0.23722143,-0.11425872,-0.23559123,0.32832095,0.31252387,-0.21251284,0.09087402,0.44799966,-0.20260222,0.61018634,-0.32520598,-0.17246147,-0.09181522,-0.47867426,-0.3887988,-0.443858,-0.22517145,-0.21915852,-0.38431153,0.9845717,-0.15577337,-0.118397206,-0.31326896,-0.23140654,0.32536358,-0.34727192,-0.043637633,-0.26666018,-0.11111651,-0.26387158,-0.3232066,-0.29812688,-0.33483186,-0.03088503,0.6336552,-0.22792506,-0.19407676,0.2434109
0.505428,-2.1439104,-0.62515914,1.4246416,-3.1934173,1.1962868,-1.4431736,-1.0064217,-1.7247189,-0.8840239,-1.3082106,0.8958281,1.6237606,0.777324,-1.1046792,0.42446154,-0.26455006,-2.3681793,-0.7018022,-0.03169032,-1.2417704,0.3242908,-1.3733165,-0.6737902,1.1927955,1.9648848,1.9950434,0.17959835,-2.5040936,0.6087535,0.59318435,1.3661644,-1.3095992,0.68760234,0.39544412,1.5115958,1.5929464,5.8244567,0.0016217001,0.0100539075,-1.8034301,6.0203147,8.089317,7.8300357,7.759448,0.005601414,6.299771,0.007210378,0.48568225,4.5694,0.0050223675,0.01387682,-1.8178141,0.062873244,0.27594152,0.74555963,7.208976,7.925447,6.9083753,5.0255575,3.3534937,2.4461059e-08,4.994441,0.004771012,0.0022498325,6.6570144,5.2877536,6.977301,6.202579,-1.6111577,5.5983152,5.9327016,-0.37543094,4.0660644,0.5028484,3.544651,6.3561683,-1.8163075,-1.8178079,3.9786572,0.0035274653,4.3141236,0.15462458,0.008235069,5.125965,4.535678,5.5723596,5.51989,5.533427,-0.20011128,6.6647644,-1.2243328,-0.5574783,5.5869694,0.040980343,5.8679347,-1.4951335,6.4324846,4.9427443,6.2854733,3.945361,6.4474974,0.73376,-1.8126849,-1.3545167,0.1118341,5.2527833,4.9578805,0.21567965,-1.8046764,6.5597186,4.6642394,6.616882,6.2680283,5.9719534,0.12343822,6.4611073,0.13098373,6.1774335,0.107804544,3.469481,5.1500506,5.0194874,5.2566643,4.208241,6.73319,5.23192,0.11766669,6.377132,6.5395927,6.3335195,4.8708515,6.367838,-0.15385363,5.651875,0.12306666,3.7536163,5.35337,0.0004463794,4.110289,5.6613894,5.919278,4.337693,4.3277164,5.2895384,0.011459022,116.78192,6.289526,0.0502273,7.796455,4.686174,2.3405159,2.6742048,-1.8153691,0.040725797,2.0196278,5.523406,4.2338743,4.917503,2.3738458,6.011029,6.060787,5.804998,0.02725977,5.4255605,5.6170783,5.2455754,3.2548294,5.378127,6.365981,3.7452126,4.485129,-1.8178147,3.0141397,-1.7297459,5.6384187,-1.6066406,3.9417942,0.05760273,4.2651377,5.147506,6.1344504,5.2718787,5.424924,2.6118867,5.0153384,-1.4926475,5.9107475,5.5430417,5.9392796,6.7027454,-1.5401329,-1.7649727,6.3844657,-1.793856,3.122009,-0.31287414,-1.2314674,-1.0978954,6.1128173,5.7810106,-1.8154215,4.810187,4.8727255,5.2343054,6.147545,5.5393586,3.712727,-1.1681741,5.3496323,4.1961265,3.2742143,2.1153996,3.7758324,-1.8116186,4.458426,3.3722703,5.7575464,-1.7817272,-1.8165377,-1.8120056,3.0618374,-1.8173728,5.962726,-1.8122755,0.024622671,0.049884535,0.7096639,1.5272962,-0.23602636,0.61704123,7.6143875,5.1063247,0.49590296,1.0738773,1.2114141,-0.59120744,-0.39542255,0.516965,0.5997454,-0.12449176,0.29018512,-0.4463119,0.16961974,0.39587054,0.89627504,-0.20090342,0.060584024,0.49043077,0.78674823,0.79310846,-0.4233019,-0.44352075,0.8922351,0.07547992,0.6074012,1.0098943,-0.58417124,0.48049432,0.58424675,0.19454889,0.45342904,-0.49006796,-0.39898017,0.02936509,-0.8046402,-0.1919507,-0.34601066,0.8958557,0.27133957,-0.34935036,-0.47666556,-0.2626203,-0.23476176,-0.18182535,-0.29475638,-0.2916576,-0.3476077,-0.20043093,0.273045,-0.69383514,0.3781853,-0.12380162
0.7735998,-2.146273,0.37083384,1.9402972,-1.8999536,1.5791237,-0.3948406,-0.49737966,-2.6549225,0.06378647,-1.2955651,0.85602564,1.6739306,1.0552003,-1.5423834,-0.11384489,0.36037603,-3.454827,-1.1682456,1.0013574,-1.887255,-0.03263134,-0.41953197,1.3751473,1.1375948,2.131364,1.8931806,0.5313936,-2.0575185,0.62466776,0.71396774,1.5365714,-1.4458735,0.9233975,-0.0907517,1.5616206,1.8081543,7.269141,0.033356804,0.10338838,7.0049763,6.515126,8.439051,8.714569,8.615149,0.06870406,6.2252703,0.0072201076,0.027782245,4.728078,4.16019e-14,0.0038096278,-1.817817,0.004847637,0.14070602,0.01622518,6.9258657,7.9852815,6.8513956,5.326087,-0.26168293,0.0005071231,5.89228,0.0006700455,3.297e-05,6.4976554,5.973497,6.97724,5.9461894,-1.8176429,4.861952,6.905145,-1.8178186,4.932032,0.0071669538,1.7503824,6.353991,4.1618757,-1.8164558,-1.8163053,0.00022320294,5.2905216,0.0005972252,0.015599358,5.5533404,-0.74470216,5.581908,6.1740746,6.0608635,6.6312027,7.498373,-1.817818,-1.8175911,7.2351346,2.1705482,7.1159067,6.2149816,6.6954675,-1.0758615,6.3816643,5.907654,6.50981,4.6589355,5.6037326,5.251381,2.8413165,5.9022336,5.94866,0.00022205067,5.2912254,6.93061,6.8444514,6.9666977,6.6887984,6.66483,0.048492648,5.633407,0.9919372,6.6436768,0.0020051938,0.036101956,5.4880824,4.8273945,4.8681836,3.6714854,6.974471,6.719987,0.5881444,6.943047,0.3705049,7.8414254,7.2479687,8.116982,5.3623,6.5110245,5.6234107,6.695882,6.3486137,3.848079e-06,6.991971,4.323571,5.5564523,7.919563,4.4419985,6.5398445,0.002166838,0.00638898,5.035925,0.22282378,8.46023,4.6483064,-1.2141056,5.848444,4.9233623,0.00013505331,4.4918675,5.6997194,-0.67079663,6.081242,6.863958,7.7048526,-1.8166767,7.710338,0.06154938,6.0844474,5.266309,5.542362,-1.5261325,5.048955,6.6519523,5.347815,5.3367004,5.9456415,4.9362483,-0.6295649,0.60022694,7.7110624,-1.2197148,0.0009677215,4.8870864,5.601245,6.393467,5.878212,6.052898,5.782831,-0.4924706,5.8193808,6.513056,6.9939585,6.054331,7.004802,6.4074903,-1.8139138,6.3262553,6.867775,6.337856,5.1275396,2.271493,5.768114,6.1259604,5.67298,3.8692057,5.4145803,6.0928354,4.5320926,-1.8082051,4.617864,4.3461523,-1.8095763,5.8138733,4.6569443,3.8963776,5.286619,6.645549,-1.0761062,4.68254,5.5204372,4.582833,5.6141434,7.254491,4.343318,4.8549857,1.1165018,6.083126,5.5999374,0.007134741,0.0011278895,0.8766187,2.8084855,0.4218925,1.0347825,171.43098,202.28621,-0.8321148,-0.8023132,-0.5120783,-0.37115428,-0.22400163,1.4199138,1.3465444,0.046124645,0.70820075,-0.0717049,-0.7581488,-0.5706984,-0.5151158,-0.3468962,-0.41632593,0.24632666,-0.30201095,-0.30606562,0.37843505,0.3602794,0.8617925,0.23188813,-0.16034079,0.647511,-0.3325588,-0.8259089,-0.45629266,-0.6018499,-0.2419631,-0.5794977,-0.47014743,1.7167002,-0.5140984,-0.48994598,-0.56499106,-0.30260685,-0.5938758,-0.19655876,-0.0011478076,-0.25239885,-0.10156294,-0.26848924,-0.32292905,-0.29812688,-0.051887073,0.31285736,1.1401654,0.09761698,-0.11005572,0.6974392
0.2886574,-2.1462915,0.1489362,1.6227425,-2.1778758,1.2709075,-0.991473,-0.9694531,-2.8368163,-0.5592244,-1.0072429,1.1693006,1.7022449,0.43864885,-1.4070084,0.25278318,0.21210828,-2.7411249,-0.298484,1.1159368,-1.5906293,0.20278151,-1.2808785,0.7136274,1.1395974,2.3881414,2.2305346,0.3288407,-1.0713027,0.60759974,0.7345648,1.1358207,-1.663742,0.8227891,0.47136614,1.6057903,1.7440981,6.006777,3.0520368,0.35816607,-0.82238084,5.939566,7.934981,8.456715,8.549081,0.4346901,5.8780117,0.5608718,0.056299616,4.960974,7.6652595e-09,0.0015985589,-0.6768763,0.004677406,0.14069337,0.13213453,7.690197,7.58436,6.30665,4.568764,-1.790776,0.0059955833,-0.84545535,0.00066979876,3.2905944e-05,5.274847,-1.4735237,6.221042,5.5829277,-1.8178184,-1.8171138,5.4284945,-1.8161447,-1.8141555,0.026930854,2.2394767,-1.8176078,-0.16655053,-1.7356067,-1.4111736,0.00010638899,-1.817444,0.0005956119,0.016804691,4.904218,-1.817649,3.6025507,4.569044,4.605706,3.1639113,6.993922,-1.8120623,-1.8175753,5.681593,1.9744811,6.08478,3.5581884,2.511043,5.6019444,5.911121,5.8746176,5.953458,1.5378287,5.8947086,-1.2006456,3.4424164,4.882784,3.7728302,0.00021602369,-1.7198125,1.1744705,5.1857777,6.0601525,6.057743,5.6967206,0.069446474,4.9280167,1.3669324,6.3268743,0.00031413682,1.7764094,4.806533,5.558486,4.5943875,2.7860081,5.9543552,4.695298,0.1685766,6.6573195,1.8153356,7.1414237,3.0621026,3.566242,4.081231,4.9377503,-1.7677395,5.2132792,6.235347,2.788695e-06,6.0697536,5.0340443,4.979039,4.9312096,3.2523103,5.054294,0.00026959126,0.0034064802,4.596754,0.8112842,6.593109,3.9155693,-1.7304461,5.198347,4.917152,0.000120847275,3.2038743,4.6678443,-1.7654486,3.8828404,3.2363124,4.121583,4.701572,7.037347,0.012198433,5.0491147,5.2619143,4.3843307,4.8985806,4.9847193,6.2697306,3.9660118,4.7490706,5.911883,4.061599,4.196543,-0.20601706,6.7030735,-0.22903244,0.0009676286,-1.8170549,4.7607727,6.258328,5.750368,5.175899,5.109585,4.590904,4.31631,4.7163825,6.489181,5.0822525,7.4262996,-1.8072102,-1.8178185,5.030417,5.2495694,5.12304,-1.8177496,-1.8011578,5.622637,-1.7897998,5.2309775,3.7618854,4.9362845,6.079656,4.9066486,1.7561426,2.6642148,4.87624,-1.1533295,3.759421,2.0093677,3.2013454,-1.793367,5.625605,6.0091267,4.0476265,4.9363627,5.480474,4.3862286,-1.2841974,4.340079,4.7002234,5.1918955,5.8990235,5.5999064,0.007277746,0.0011278299,0.6794427,2.2214985,-0.15448427,0.8890007,158.51076,161.5015,-0.68259275,-0.032832913,-0.1458414,-0.4528377,-0.3212562,0.9976995,1.2218144,0.3681798,0.6157495,-0.3053837,-0.15011634,-0.15699434,0.13410597,0.10910397,0.20034346,-0.15678403,0.36831692,-0.13886905,-0.28195602,-0.34572414,0.098834544,0.6672558,-0.030839635,-0.36139038,-0.3095825,0.033170864,-0.056575783,-0.43084356,0.47887447,-0.0762191,-0.09316015,0.39786527,-0.39820975,0.21096721,-0.15314522,-0.045824293,0.46302083,-0.20558815,0.27074805,0.50357985,0.44413093,0.217574,-0.28874707,-0.29812682,-0.21735674,0.0030688865,-0.35343242,-0.14725284,-0.34523764,-0.24706134
0.62728584,-2.1462915,-0.24125999,1.4645089,-3.0453045,1.4499762,-0.62792504,-0.53947467,-4.39734,-0.28959748,-1.1321998,1.171937,1.4862626,0.96735805,-1.153036,0.41804683,0.24219513,-2.1655214,-0.5659687,0.21589082,-1.1706527,0.4734684,-1.0993446,1.4569656,1.0964631,2.099539,2.0747344,0.35905093,-0.9382382,0.6247252,0.83540237,1.4815152,-1.528138,0.807924,0.38698402,1.5639278,1.7198945,6.315975,1.6906359,0.4798392,-1.6716447,6.294148,8.194156,8.679782,8.608413,0.14593337,5.940438,0.084400654,0.046685558,3.39408,8.363787e-11,0.0007195024,4.585251,0.0046773087,0.14062682,0.075915076,6.5878205,7.5819726,6.2942224,4.386647,-1.7910463,0.0268903,4.5366077,0.00066963426,3.2903452e-05,5.348289,4.6534867,-1.364489,-1.7892019,-1.817818,-1.7779418,5.2057605,-1.8176768,-1.7617841,0.034557458,-0.97783685,-1.7975113,-1.7195346,-1.789499,-1.8166455,0.00010860141,-1.6733117,0.00059518666,0.0015929872,3.9913197,-1.8176768,4.4558973,4.4659677,4.9323683,4.799852,6.575086,-1.8178173,-1.817807,5.3092103,0.50356066,5.9174733,-1.2523971,3.7503784,4.0162773,5.93826,5.907649,6.0584908,3.5200424,5.292073,4.959735,4.4295135,5.196647,4.7646856,0.00021593814,-1.0075623,4.052237,5.7030663,6.096396,6.0532303,5.169679,0.03304188,6.0491495,1.4022759,6.0918474,0.009292746,0.5490882,5.301607,4.991256,5.055813,4.326548,6.22021,5.491347,0.037604637,5.8590384,2.8355725,6.9246383,4.287123,4.196815,4.9154377,5.7288833,3.9431973,4.9886246,6.148932,2.515516e-06,5.89167,4.349392,-1.3177978,6.4402447,3.354027,5.024196,0.0002689278,0.0032587394,5.6946235,0.41337332,7.189313,-1.2346456,-1.683345,4.760642,4.9254,0.00012051761,3.6719913,4.847007,-1.7689049,4.847032,5.8837132,6.8538275,-1.7505523,7.1115475,0.03209017,5.3315744,4.4744005,4.357729,-1.1133863,4.04747,6.0134196,4.3384085,4.9376855,-1.7435156,4.2681417,3.51189,-1.532933,6.7544217,2.4361455,0.0009676221,-1.7289569,4.840841,5.5303626,5.104663,5.3703027,4.2650056,-1.6922544,5.383181,5.6946507,5.819869,5.098385,6.5501018,3.3242633,-1.8178178,5.511844,5.8954415,6.028209,-1.8170825,2.2207448,5.210564,5.173378,4.9746094,1.7393898,5.1880026,5.33498,4.112221,3.7436616,4.8210597,4.8608136,1.1349185,4.853253,3.8639834,3.7263262,4.068705,6.333351,-1.2620206,3.741244,4.7230077,4.0327864,4.7448063,6.8893695,4.169287,4.854928,3.7260096,5.474387,5.5999374,0.0062964247,0.0011278247,0.88118654,2.016296,-0.10665209,0.8088107,131.75142,132.1625,-0.18333636,0.3710692,0.1920131,-0.29843414,-0.31895807,-0.35295802,0.31660742,-0.3715523,-0.37153217,-0.085584566,0.061093852,0.40334845,0.30460975,-0.20819712,-0.1829278,-0.34863168,0.20611574,-0.23316127,-0.35533053,-0.0858442,-0.3270413,0.4972134,-0.34143627,-0.3118433,-0.120605335,-0.27962783,-0.17861758,0.07851798,-0.23693982,-0.085374735,-0.08526547,0.23275542,-0.24115965,0.23510961,-0.35625863,-0.17360775,0.34388003,-0.33454332,-0.18055873,-0.25473854,-0.13298918,-0.19298317,-0.33376104,-0.29812688,-0.32969987,-0.10472897,-0.26949367,-0.034129385,-0.45412678,0.20425043
0.10436162,-2.1461236,0.030394124,1.6000435,-3.084331,1.2888414,-1.3669822,-0.93087226,-4.4847293,-0.733236,-1.1900394,0.9931826,1.5294224,1.0896999,-1.0047458,0.612027,-0.12090397,-3.3230786,-0.39232832,0.0025674955,-1.4382691,0.17188436,-0.93550885,1.4271761,0.85365903,2.2786193,2.054104,0.2436765,-0.58376276,0.62347853,0.61720717,1.1652968,-0.8474527,0.7512366,0.46599793,1.4885566,1.6315387,5.732155,0.00021514074,0.0008668055,-1.8130901,6.526144,7.950223,8.096419,8.1248455,0.003756015,5.9660764,0.0072066085,0.091952726,5.085438,1.9809343e-06,0.0071198535,-1.8178184,0.0055544884,0.14208394,0.09088489,7.0396676,7.8706427,6.5699835,4.9724483,-0.13170613,3.2262705e-08,5.0127335,0.00082728744,8.6584856e-05,5.9479322,5.1898484,6.9776764,6.230659,0.6729054,5.698246,5.877791,2.804104,-0.07889481,0.06405148,5.839976,6.3603654,-1.8135586,-1.817818,-1.8165878,0.0044369637,5.0200253,0.0010301325,0.0003477685,4.910517,4.535678,5.3740587,5.521174,5.7578344,6.2843404,6.8761272,3.9936209,-1.816996,6.7540193,0.037801147,6.5834846,-1.3520429,4.373998,5.4824214,5.628891,5.3008294,5.9254284,1.0880262,-1.8177321,5.180944,5.3015957,4.805234,5.355256,0.007919814,-1.6209044,3.0885336,5.9790545,6.1231203,6.092219,5.729739,0.10634206,5.8808208,0.08889285,6.418991,0.03812094,0.05445505,5.7658734,5.676237,4.991999,4.3654537,6.2160397,5.0548396,0.1019479,6.4882736,5.9830575,6.8747315,6.58334,4.033422,-1.3632008,5.6074715,3.5119245,6.149585,6.278338,1.1928762e-05,6.1242533,5.27878,5.387426,0.013420353,4.1243796,5.3961754,0.0008425908,0.78284305,6.1428223,0.015444008,7.772655,4.669175,4.8080683,-0.082730845,4.75401,0.0018758451,3.0234163,5.0258284,3.8133948,4.5248127,1.1128508,5.914385,6.079409,6.7596836,0.0033931744,5.7063737,5.397096,4.801863,3.9664736,5.0667877,6.3347406,4.7568326,4.9669385,-1.8178135,0.2894353,4.986257,5.478893,-1.3843997,4.299849,0.0018059092,4.9806905,5.3140616,5.63918,5.134522,5.678228,5.0685,5.1320825,6.1601696,6.648293,6.9210033,6.199514,6.256414,2.3598776,0.91258216,5.729894,3.4502413,-1.3521088,6.379488,5.666426,5.6043663,6.1259556,5.356536,-1.3888826,4.674167,5.475137,0.45558408,5.4452124,5.488,-1.499588,4.8532276,4.7190547,4.6779933,4.172175,5.133721,5.8588357,-1.804558,3.4354832,4.6725082,0.10135453,4.9586887,3.5649068,0.072169624,3.3799183,-1.8127201,5.3863463,3.4563248,0.032827046,0.002117768,0.9340714,1.9058487,0.09871277,0.8096559,150.76273,154.7645,-0.27201062,-0.4147626,-0.47640115,0.13593619,-0.13716917,-0.41869423,-0.38861844,-0.33421916,-0.32981786,0.2787963,-0.633072,-0.63301504,-0.13667282,-0.2525742,-0.04076806,-0.7799268,-0.5628945,-0.57740813,-0.033494614,-0.34676147,-0.56161666,-0.11660346,0.102241546,-0.5989482,-0.050849855,-0.56977695,-0.46962222,-0.33270052,-0.35182106,-0.044352036,-0.30469388,-0.67751527,0.2862228,0.24262266,0.9958268,0.50619453,0.4143352,0.43396086,0.19691429,-0.24311845,-0.2349723,-0.2684459,-0.29252973,-0.29452467,0.5587918,-0.322678,-0.87009454,-0.6582572,-0.64507157,-0.52150416
-0.17735045,-2.1462915,-0.4621194,1.8194879,-3.195268,1.1551231,-1.6775628,-1.0452523,-4.4780917,-0.90500975,-1.244774,0.74655706,1.6193316,1.094472,-1.2578028,0.3033379,-0.19763952,-1.9670087,-0.34170848,0.2199374,-0.43836415,-0.086928114,-0.70351315,0.5767224,0.9395761,2.2073321,1.8170016,0.21262445,-2.3262386,0.6198625,0.59094167,1.0913407,0.15295278,0.681655,-0.153275,1.4052509,1.5777495,5.987699,1.6028382e-05,0.00080824184,-1.647535,6.8226676,8.269864,7.977511,8.076573,0.0014812088,6.434088,0.007206484,0.049314428,4.62936,0.0009315332,0.0053877137,-1.8178184,0.0046885167,0.14064485,0.07218188,6.1408157,8.009325,6.8019156,5.2158647,-1.743168,4.137031e-10,3.3954663,0.0006721367,3.4231303e-05,6.1309032,5.685735,6.9778914,6.2304115,4.874189,5.69822,6.115539,4.3855677,-0.10601215,0.018543663,5.8509808,6.3598185,-1.81758,-1.8178185,-1.7988017,0.003677812,5.0747504,0.0006188122,0.0017862649,5.258429,4.5356803,5.678055,5.793687,6.139708,4.7050934,7.1970434,-0.94894,-1.8157561,5.5345597,0.037413895,6.396223,-1.5676273,2.7304668,4.8412724,6.3293405,5.822653,6.5434074,4.681207,-1.8178157,0.62784046,2.2833455,5.1639104,5.1419306,0.00029509875,-1.8177805,6.7409725,5.017525,5.9236593,6.5658836,4.53109,0.11833075,6.632307,0.08475541,6.012648,0.023394978,0.014663933,5.823076,5.267085,5.1350574,4.55378,6.4239044,2.8118086,0.06069315,6.799164,6.3736143,7.755319,5.991365,5.9477167,-1.2775645,4.3236275,5.3114915,6.383387,6.569959,2.4183935e-06,4.717869,5.815454,5.864402,-1.8042188,3.343461,5.9708242,0.00027027001,0.031738564,4.1997695,0.011498489,6.8556848,1.8074391,3.5122602,-1.6147038,4.6735716,0.0001263627,4.145103,5.5295954,1.6745213,3.780856,-1.6280661,3.9193163,6.080067,4.7965465,0.0022151682,5.792805,5.731915,5.2866077,3.9494596,5.362725,6.7274,5.106417,5.0706863,-1.8178184,-1.5972539,2.1284776,5.740802,-1.8120308,3.9087784,0.0009693138,2.597658,4.8093133,6.457904,5.8773203,5.855151,4.9734855,5.1693883,1.0368804,5.5602803,6.183454,5.0910187,6.3100505,-1.805927,5.9349327,4.5061936,-1.8175782,5.9161453,6.2487326,4.354229,2.1698918,6.1153846,5.8142242,-1.8177105,4.538363,5.8324385,5.2753525,5.8354363,6.058019,5.0192547,4.6850786,5.770769,4.083186,3.9290924,3.7037554,4.9904165,-1.8172413,4.597552,3.8566816,5.5570364,1.2100613,-1.7881866,-1.7505375,4.323123,-1.8173887,6.0059853,-1.5529908,0.03168796,0.00116882,0.67808956,1.6137747,0.19167438,0.7516648,35.858685,21.199085,0.40882006,0.7256943,-0.38850617,0.17215659,0.1450535,-0.6231272,-0.4043156,-0.45568177,-0.1996659,0.2842455,-0.92808145,-0.7869988,-0.4407621,-0.4344738,0.099305525,-0.19190718,0.4738772,-0.5257463,-0.07681496,-0.19750589,-0.37912828,0.016254816,-0.24623519,-0.40059912,0.056371167,-0.59427744,-0.48987734,-0.3257791,-0.32201898,-0.13538337,-0.511657,-0.8569598,-0.13341409,0.241977,1.6545159,0.7532049,-0.6366956,0.8181696,0.6855618,-0.2681656,-0.23502922,-0.26546046,-0.3283008,-0.22276457,0.79188013,-0.7515297,-0.88399416,-0.52649665,-0.9702424,-0.64899725
0.38422063,-2.1462915,-0.28350708,1.7273084,-2.0845034,1.3267256,-0.29750907,-0.62305105,-3.1386154,0.09402233,-1.2286938,1.2046742,1.6117101,1.2329509,-1.0251166,0.1294486,0.13671839,-3.4541717,-1.2578286,0.24649458,-2.0108922,0.4102797,-0.9359777,1.2829574,0.895085,2.1653874,2.1432061,0.39714023,-0.9591379,0.61788553,0.7789354,1.6283877,-0.8153013,0.8900359,-0.12583043,1.5323311,1.7737806,6.1190343,0.009805465,5.0126033,1.1662172,6.2560096,7.8123164,8.230188,8.355061,0.36198854,5.9953094,0.007276173,0.28359267,3.59494,1.3718455e-06,0.0065379827,-1.8133794,0.0046774,0.14061409,0.20010264,6.5974402,7.2825317,6.159033,-1.7597475,-1.8167307,0.00015633248,4.52041,0.0006696127,3.2901113e-05,4.916917,3.502293,0.28125593,-1.811729,-1.8178186,-1.8177996,5.3948827,0.26903042,-1.8178185,0.02851821,5.605738,-1.8178185,-0.14655252,-1.8171471,-1.8172177,2.4410258e-05,-1.8178153,0.00059527624,0.008935951,-1.7344815,-1.8178086,-1.0137479,-0.5366728,-0.9608233,-0.1535521,5.233706,5.1387377,-1.7345095,6.243618,6.2857447,5.200136,-1.8030385,2.7256505,4.7787533,1.9036968,-1.8031757,-1.6950054,-1.8177847,-1.8100674,-1.8161086,2.494734,4.0430465,4.294754,0.00021604347,-1.817808,-1.7959338,4.9861627,4.259896,-1.7272563,5.051025,0.039197285,-1.0217905,0.97058296,5.1269646,0.0003054079,0.086671524,-1.1083368,4.320468,3.41409,-0.9334343,4.659791,4.4407845,0.041520137,5.0887904,0.72763693,-1.7385175,-1.2092417,3.1000814,-1.6579758,4.701536,-1.8177952,-1.7447977,-1.7424278,2.413782e-06,5.069218,3.968512,-1.8082846,2.9475276,2.9529643,0.69148624,0.0002681116,0.003291233,-0.89786506,0.029842252,-0.88894004,4.7774916,4.151237,-1.7762629,2.9108667,0.0001205445,0.51548153,-1.0169771,-1.8163475,3.4292061,-0.90859884,2.958711,-1.8140832,5.9716663,0.0038326068,-1.7612395,-1.7541775,-1.7884147,-1.7235534,1.1569481,-1.7261635,-1.7669772,4.0467095,-1.8177838,-1.806323,-1.7909938,-1.817149,-1.8129789,-1.7720032,0.00096763734,-1.8040787,3.1322062,-1.7323565,0.9710928,-1.758587,-1.7638943,3.9287317,-1.7797664,-0.974644,-0.69961655,3.6987925,4.843174,-1.8178185,-1.8178177,-1.8111511,-1.817693,3.5758789,-1.8178185,-1.8178185,-1.7304196,-1.8178183,-1.7440081,-1.6501967,3.5248165,-1.7460331,-1.7409602,-1.8034809,-1.7836776,-1.8040712,-1.8178116,-1.8134841,-1.8146156,0.76983446,-1.8177487,-1.7701683,-1.8169595,-1.774577,-1.7520999,-1.7189075,-1.6823671,-1.8155543,1.0607256,-1.8137852,-1.7969791,-1.7369716,-1.7610297,0.05126167,0.001127852,0.7591878,3.131638,0.15309785,0.8844195,159.23584,168.44594,-0.45041746,-0.103278324,-0.3623282,-0.21362108,-0.38236308,0.6807787,0.06002207,-0.13709,0.2933763,0.03704031,-0.2871931,-0.22616118,-0.28865808,0.13289373,-0.1544665,-0.10072076,0.0059283823,-0.022003142,-0.06714649,-0.35067,0.38093242,0.3363714,-0.19225638,0.19086434,0.2610959,-0.5425548,-0.30640763,-0.094048925,-0.26408184,-0.37233275,-0.47305703,0.52560544,0.17250645,-0.34397346,-0.17471696,-0.3217304,-0.34214744,-0.34096822,-0.38945416,-0.053716425,0.90424484,0.2848577,-0.31569538,-0.29812577,-0.32930073,0.09075726,-0.41035965,0.58040506,0.6509865,0.15849803
0.48749655,-2.1462915,-0.20285243,1.5912758,-3.1943803,1.5169617,-1.4330034,-0.37415087,-4.486993,-0.43209395,-1.1089011,1.0788789,1.6571778,1.2323978,-0.86361694,0.7170168,0.13583975,-2.4117005,-0.21856187,0.1692584,-1.9105105,0.40939337,-0.7742509,0.8465809,1.0176198,1.7454234,2.1128833,0.27404454,-1.1432267,0.6195199,0.8161182,1.1572832,-0.08423951,0.8942315,0.2654292,1.6034214,1.78877,5.312248,0.0008342956,0.040568132,6.4371595,5.9925604,7.8217506,8.087128,8.128888,0.002442157,5.464508,0.007206587,0.081189506,5.353326,7.680806e-05,0.01018414,-1.5606492,0.004677156,0.1406108,0.026175966,6.1077228,7.617894,6.361267,5.2083454,1.1016203,8.0618534e-05,4.9280977,0.00066959014,3.290227e-05,5.6115403,5.569778,6.977322,2.653331,-1.8177714,4.987326,6.564855,-0.7261309,-1.7970127,0.13424781,3.5172513,-1.7341617,-1.8175452,-1.8177208,-1.8105196,0.0045607933,2.8392339,0.00059515197,0.0037644694,5.264214,3.8011155,5.28333,4.508213,5.436746,4.576387,6.8959594,-1.7803568,-1.8177851,5.5665364,0.03903688,6.06031,-0.4710031,-1.3561343,6.0205235,5.9407725,-1.2835635,6.2119875,1.0459054,-1.8177845,0.47359064,-1.7820021,4.7528133,4.3554745,0.00021596561,-1.8178184,3.5421448,4.7213454,5.6410446,5.9228816,4.2966843,0.057403464,6.1847343,0.08858444,5.5673003,0.006515694,0.01136199,3.7533526,6.170591,4.409263,0.8036754,5.7961335,3.3417432,0.16164404,6.818343,3.9574223,7.110518,2.3781853,5.975791,5.93354,4.6476617,2.8526878,5.439293,6.222893,2.410012e-06,5.0635185,5.553779,5.9759192,-0.64730966,3.8963013,5.769975,0.0002893176,0.0033211713,2.932282,0.012419788,6.365006,4.652317,4.8227797,5.0086927,4.8949203,0.00012052535,4.3139877,5.5482464,-0.1506761,3.9453511,0.7868381,3.4297328,4.7005215,2.6038864,0.009214055,4.682434,5.3590984,5.714557,4.8940997,5.044578,6.503022,4.5572124,4.8712387,-1.8178086,4.9165344,-1.0530199,3.8206446,-1.6145117,-0.49410754,0.00096762436,-1.7329304,4.7429295,6.0413036,5.630319,5.598801,4.3501964,4.751752,3.9157171,4.8993206,0.97819144,4.4423904,7.8851957,-1.7171481,-1.0612249,0.97415453,-1.8099803,5.1046815,-1.2615833,-0.79812944,-0.16986035,-0.8684553,5.538152,-1.8096765,4.423703,5.352056,5.165991,-1.7264543,0.6395826,5.0996985,-1.8061826,5.6343217,3.5868387,3.7770026,0.43294045,4.5407133,-1.7181708,4.3928266,2.9179122,5.5110106,5.1239185,3.7746878,4.083241,-1.3643874,0.99365115,5.4216313,5.5978994,0.011742397,0.001127847,1.1275448,2.5026832,0.20120396,0.8518705,5.4281564,5.45666,-0.045819566,0.117117174,-0.3367406,0.045732968,0.35796696,-0.61643136,-0.39018294,-0.31866506,-0.3786791,0.10324159,-0.03428981,-0.19875889,0.16067554,-0.3785381,-0.3035296,-0.44773874,-0.35884467,-0.3695579,-0.29341966,-0.0243035,-0.32884032,-0.084701814,-0.22461922,-0.15257561,0.28765917,0.32923982,0.089291304,0.86686,-0.38376597,-0.14349215,-0.14541496,-0.69620883,0.68846947,0.74445,0.7836059,-0.21827677,-0.5734962,-0.25721166,0.565973,-0.2684582,-0.234596,0.43552163,-0.33717382,-0.26053149,-0.26145032,-0.65105426,-0.8166509,-0.10351098,-0.323516,0.1268734
0.75532323,-2.1462915,0.17782822,1.8653581,-1.991536,1.57194,-0.41303194,-0.48692983,-2.9018614,-0.12192294,-1.0967209,1.2745055,1.5598991,1.1624974,-1.0298023,0.3068502,0.34060782,-3.4367206,-0.66102827,0.3919248,-1.8546528,0.45900655,-1.0386833,0.93656456,1.0539935,1.9587494,2.1057873,0.35693777,-1.5150717,0.62428474,0.79032403,1.4377273,-1.4665631,0.87450063,0.14972836,1.6109061,1.7781657,7.030847,0.15205827,0.3864297,1.6679711,6.4822464,8.344111,8.725661,8.617994,0.102599226,5.871615,0.008506929,0.041870896,4.3924913,1.0058196e-11,0.0013354234,-1.7583791,0.0047025722,0.14071389,0.10721449,6.1687574,7.626476,6.2490163,4.202982,-0.05900794,0.019232513,4.973325,0.000670197,3.2961223e-05,5.7809153,5.5152807,4.964896,-1.6540008,-1.8178105,-1.6201789,6.101877,-1.8178176,-0.5200202,0.034589164,3.3067737,2.440985,-1.4176315,-1.8154223,-1.8177257,0.0002931958,2.30761,0.00059649936,0.001658116,5.0412984,-1.8159068,4.1672115,5.0130444,4.766896,4.740985,6.4397135,-1.817818,-1.8178091,5.849166,2.3211532,6.2484527,3.1579404,3.7223258,1.1114382,5.8672614,5.907654,5.885112,4.278944,4.294496,5.4971867,5.2762933,5.3255906,5.220784,0.00021801182,5.267529,6.086655,6.153794,6.650099,5.913495,6.14402,0.061545238,5.471758,1.0322348,6.3656707,0.008461144,0.34355935,4.525424,5.1394277,4.777878,3.825929,6.5361423,5.942843,0.19597718,6.0762525,1.160192,6.824278,6.185295,6.7706513,5.757927,6.344664,4.3262515,5.3980694,5.943376,4.3307937e-06,6.3082576,4.287501,2.4753253,7.575749,3.4692645,5.5518303,0.00090804003,0.003962455,4.3010845,0.111391306,7.556966,2.8801332,0.1767925,4.7734404,4.925031,0.00012323256,3.2749832,5.072271,-1.4248469,5.7380633,6.541096,7.454164,-1.8155161,7.500242,0.04535772,5.494512,5.0500016,4.8663144,0.54530996,4.4097443,5.638825,4.4302373,4.9291134,-1.4098144,4.726192,0.8882889,-1.1555653,7.41254,0.82408226,0.00096766924,-0.32383102,5.0894737,5.3053274,4.9376016,5.134117,4.9077735,-0.4265497,5.927094,5.819768,4.975919,5.083255,6.3143845,3.7016983,-1.8177794,5.106571,6.866027,5.903992,-1.4389216,-1.2544763,4.9326496,6.0962577,4.7387013,1.2335768,5.520531,5.1068583,4.175859,-1.4284151,5.569376,4.650034,-1.722502,3.8175995,4.139907,3.6487658,4.490666,6.3302217,-0.66741747,4.1110854,5.5012236,4.5868316,4.9510713,7.254189,4.299534,4.8549786,4.026675,5.728255,5.5999374,0.0060656676,0.0011278446,1.0115514,2.7249217,-0.03215149,1.0174633,127.475685,120.5846,-0.18806149,-0.42524323,-0.1333837,-0.18804988,-0.18975717,0.76767516,0.30646697,-0.34435907,0.31127563,0.14068922,-0.10043765,-0.012727751,-0.23480558,-0.3492076,-0.36679482,0.28195018,0.092273906,-0.054708283,0.22455944,0.27198195,0.17801213,0.19682077,-0.2329031,0.2823462,0.00997956,-0.4993738,-0.33870056,-0.35948628,-0.3371313,-0.31910706,-0.26529768,1.0914997,-0.357295,-0.15317057,-0.2759553,-0.09364077,0.022241153,-0.2787503,-0.001839064,-0.2625686,-0.14954011,-0.26559052,-0.33068037,-0.29812688,-0.2735472,0.109651774,0.3718405,-0.2748657,-0.04150636,0.47848135
0.42761463,-2.1413324,0.012987524,1.598245,-3.0749328,1.4251329,-0.6980212,-0.63487476,-4.473454,-0.28028724,-1.4347465,0.90494245,1.5754042,1.1206423,-1.4793311,0.07437505,0.037729383,-3.4545147,-0.47756582,1.1052638,-0.58147794,0.23632349,-0.67976034,0.92062527,1.0973834,2.1318076,2.2665434,0.3474268,-2.610006,0.6152078,0.8150468,1.375986,-1.5963598,0.8176939,0.06712612,1.3934257,1.6951951,6.148304,0.0041797883,0.007049894,6.3844175,6.602922,7.9921746,8.095503,7.9556127,0.021416014,6.3127575,0.007213028,0.20502266,3.8014293,7.929152e-09,0.001011497,-1.8178182,0.019645693,0.15360425,0.078650214,6.5789175,7.713861,6.499139,4.701045,3.379084,5.93862e-05,4.906077,0.0008404626,7.445996e-05,6.011937,5.5669613,6.9770975,6.230497,-1.7987865,5.6900296,6.2040076,-1.8144628,4.2715273,0.27980596,-1.7315551,6.358886,-1.7932162,-1.8177629,-1.8012029,0.0047077704,4.6511283,0.0011883294,0.001402821,5.275932,4.5297947,5.319545,5.6881332,5.6944904,-1.4182537,6.996992,-1.6616209,-1.8175523,5.768382,0.22432967,6.458656,4.34842,4.2798357,3.941252,5.934318,5.68558,6.2293706,4.2738056,-1.7500714,5.6449246,4.225836,5.597251,5.182152,0.0075733545,0.9405953,6.397838,5.3009634,6.199696,6.028818,4.813231,0.12276046,4.3387,0.12727976,5.7816834,0.021264913,0.6493232,5.3643928,5.806633,4.936499,4.373795,6.5904083,5.946703,0.18145442,6.34757,5.758533,7.1729956,-0.7596989,6.0534277,3.754174,6.4084725,4.8609214,5.2101007,6.36292,5.2459836e-05,5.7700243,5.513147,5.055295,6.983317,4.1714816,5.5884814,2.2561448,1.5838176,5.7233806,0.04847701,7.3073726,4.035016,5.2496915,4.5641418,4.4037304,0.009935116,3.7433825,5.666396,2.9350462,5.5456166,6.4180984,6.9907665,4.987757,7.2278266,0.07180395,5.3482857,5.1786957,4.7924056,4.34731,5.1956234,6.2946377,4.6838174,4.9051666,-1.810458,4.739406,4.1984296,5.262413,5.369063,3.9652753,0.0022551522,1.7988998,4.933723,5.979311,5.4703193,5.5543814,5.4432807,3.7625723,5.9257336,5.9857764,6.3045807,5.5192327,7.237635,5.2577953,1.865606,6.110921,6.8673973,2.3739898,6.379198,6.7098303,4.2087073,6.1259604,5.278996,-1.388661,4.775987,5.6293,4.116132,4.2759995,5.1384664,4.8771043,-1.7372402,5.8020787,4.2016172,3.8804345,-1.3839318,6.370784,1.7503887,4.7805324,5.5137267,4.1633368,5.06741,7.252221,3.844448,4.307914,2.864762,5.628434,5.599893,0.027629985,0.0015097723,0.7937074,1.9098021,0.25882313,0.71462184,133.1219,137.13321,0.9539498,1.1188569,1.9211025,-0.028341748,0.4042879,0.6624747,0.15724736,-0.113849506,0.59970814,-0.32289597,0.27829722,0.68063635,0.39556858,-0.44545767,-0.22781922,0.3777843,0.9069262,0.72795117,-0.36081627,0.23748612,0.6296092,-0.016962722,-0.27287862,0.8556436,-0.2849463,0.7232649,0.86640567,0.6966786,-0.31445146,-0.04763178,-0.27461186,0.68020827,-0.81756586,1.8253543,-0.15220277,-0.16635907,0.17223692,-0.16524476,-0.41940662,-0.021307833,-0.16086125,-0.2683824,-0.2824332,-0.29812542,-0.3217998,0.12086773,0.4007554,0.038301583,-0.21308464,-0.059053913
0.6075766,-2.1462915,-0.06150102,1.4411261,-2.459897,1.4742072,-0.93746656,-0.58090943,-3.1977065,-0.025542686,-0.9295099,0.94077563,1.5179745,0.841748,-1.309509,0.25239798,-0.07208068,-3.3592877,-1.2985666,0.28176776,-0.47346085,0.22030894,-1.1866679,0.511217,1.1251729,2.0461805,1.938234,0.3195144,-1.5077095,0.605188,0.64784527,1.7095381,-0.040686924,0.85645884,0.5366855,1.5355047,1.7314622,5.456554,0.00697943,3.8291614,1.9109474,5.63453,7.5253916,7.904922,7.9214296,0.113616265,5.719053,0.0072080237,0.25761768,1.6551089,0.004196852,0.041296825,-0.5086533,0.0046878858,0.14067583,0.04795458,7.1470695,7.287844,6.326575,1.8197163,3.748543,1.6368993e-05,4.808082,0.0006699728,3.2999753e-05,5.2988935,4.7557774,6.971852,-0.78567237,-1.8177998,-1.7604119,5.7228165,-1.8166989,-1.8177471,0.03582805,-1.4913791,-1.8177809,-1.8138747,-1.8174677,0.9362646,0.0013536847,-1.5931865,0.00067013706,0.011463472,2.1951127,3.436757,5.3412027,5.9187875,6.0925884,5.8939376,5.5565376,0.23385294,0.5298729,5.6824584,0.15091515,5.7751493,2.1315901,-0.7503679,5.912991,-0.8239431,-0.9183451,-0.47111917,-1.8178116,-1.8176227,-1.792363,-1.8157948,3.9567206,4.4074645,0.00025769856,-1.8178128,-1.6907588,4.5946593,4.630718,-0.055965077,4.3626294,0.11049265,6.611295,0.09200558,5.00366,0.0030808859,0.023151007,5.989894,5.62743,4.6656675,4.470205,6.1566043,5.11063,0.018662507,5.0621877,6.841915,0.18532512,1.8428144,4.285401,-0.774036,5.2152157,-1.7978259,-0.6828302,1.2076905,2.4133196e-06,4.1322556,4.0624466,-1.6194608,5.5714626,3.0167978,-0.25352404,0.00030546836,0.013346935,6.6842427,0.013509941,7.6195292,4.9386783,4.0830545,0.36663204,-1.5971519,0.00013468096,-0.21060456,5.2133965,-0.0008660995,4.709974,6.5617337,6.7913876,-1.7868881,6.5172043,0.0064940727,-0.5164008,-0.7273763,-0.17842986,-1.3849324,-0.04082683,0.582167,-0.36905536,4.3795314,-1.8178184,0.92246157,-0.04128875,-1.7192357,-1.6857004,0.19433773,0.0009710986,4.4152412,3.9160235,0.6834135,0.18236409,-0.26410744,-1.1859975,2.7393894,-1.80547,6.20784,6.1378937,4.2975802,6.7253666,-1.817737,-1.7988352,-1.4225793,-1.8177923,3.8124192,-1.8177849,-1.8178091,-1.7924123,-1.8172971,-0.33161587,1.9772174,3.861035,0.62707126,-0.9685784,-1.8135684,-1.6811179,-1.1049076,-1.8177814,1.9046912,-0.18883337,-1.0758598,-1.3800018,0.12483604,-1.8178182,-0.833033,0.86685735,-1.2694818,-0.7716318,2.8453891,-1.2644681,-1.7349575,-1.8123888,-0.11221025,-1.6636981,0.036569044,0.0011304391,0.91808933,2.142968,-0.16147244,0.7017682,183.30838,202.63428,-0.27938238,-0.22986732,-0.36977443,-0.033559207,-0.00246376,-0.012410419,-0.07719226,-0.308665,-0.005455766,0.081237026,-0.6588154,-0.23733294,-0.45508873,-0.27895844,-0.373175,0.26752922,-0.31790966,0.09278414,-0.3958686,0.101129614,0.22659403,-0.37327623,-0.34680253,-0.2942312,0.749443,-0.83424884,-0.20389143,-0.62392235,-0.29903936,-0.46128783,-0.33757442,1.4568735,-0.37647474,1.9463309,-0.3986735,-0.07059845,0.18324068,-0.34123904,0.4111485,-0.26745164,-0.22475316,0.30370983,-0.33442447,-0.2976283,-0.32509923,-0.2047054,0.08317882,-0.078366995,0.65209174,0.008891544
0.5900217,-1.9064538,0.15763347,1.4884655,-2.594424,1.3799201,-0.7159933,-0.626051,-4.4067492,-0.30044076,-1.3467673,0.81355643,1.5475733,1.0124235,-1.4932945,0.05664448,-0.018584033,-3.4531624,-0.71861976,0.7324282,-0.5477482,0.1020554,-0.61532485,1.1074623,1.1160911,2.2965088,2.210848,0.37850568,-2.1058095,0.61611426,0.7564437,1.3809786,-0.93894225,0.80554354,0.32381544,1.3267227,1.6780183,6.1345997,0.020339185,0.0060291593,5.346709,6.7225733,8.016708,8.123662,7.951922,0.03007921,6.3572836,0.0072891703,0.30526298,3.7440743,4.142287e-08,0.0040306654,-1.8178184,0.15967953,0.4040138,0.12665693,6.589463,7.884536,6.747959,4.981164,3.773342,7.641511e-06,5.5147715,0.0057929326,0.0006545104,6.312889,5.521145,6.977601,6.2306533,-1.5402486,5.6965294,6.3381352,-1.7458302,5.1791854,0.17658149,-1.0433455,6.360052,-1.6967618,-1.8176223,-1.4390885,0.009165819,4.8393497,0.01474427,0.0017607601,5.172281,4.534881,5.4857316,5.846062,5.924248,1.3293822,7.2991524,1.6164995,-1.8041427,6.1370654,0.2080994,6.7574525,4.7047515,5.628294,4.5674825,5.7991524,5.5465226,6.125842,1.2927837,-1.7767835,5.5102654,4.0003967,5.667182,5.47217,0.20338033,4.411738,5.5772843,5.5622096,6.479963,6.2820554,4.9823437,0.14436111,5.1458764,0.16452204,5.9731603,0.04988903,1.1952424,5.534057,5.4090643,4.9244328,4.5783715,6.741762,6.116911,0.1191715,6.6179013,5.7023306,7.315139,1.0426828,5.5999436,0.22760528,6.7082577,5.2703853,6.0397735,6.4744167,0.0017084574,5.9372993,5.1727567,2.9420972,6.945485,4.3733172,5.716303,1.2033018,31.409279,6.5597034,0.31882194,7.8569317,3.8192236,4.8483524,4.2604675,2.975171,0.1453603,4.115182,5.5439353,2.1652966,5.6174192,6.7819037,7.224786,5.894381,7.2468324,0.07559792,5.5950804,4.8645635,4.392102,3.5659451,5.078028,6.3608637,4.9338083,5.0843096,-1.8137482,4.546633,5.0287185,5.380546,5.8858433,4.5864487,0.047908533,4.971444,5.2126017,5.8634386,5.2823367,5.6962066,5.5978246,2.8876295,5.9090023,6.4848213,6.7918167,6.0568733,6.8796906,5.743607,1.2405523,6.0823684,6.866533,0.34813946,6.3793125,6.7058444,4.739908,6.125966,5.318625,-0.61424,4.690616,5.5740294,1.6179762,5.0000305,5.412619,2.7783988,0.32186213,5.73609,4.5615783,4.0939813,2.0956085,6.4514446,-0.44655365,4.3985605,5.5114737,0.66910326,4.8861566,7.2524095,3.4789455,4.41208,0.4796973,5.5324063,5.5983415,0.032733455,0.01417612,0.74456143,1.5565636,0.29968122,0.67381203,214.37746,220.12657,0.815313,0.86526227,1.3053409,0.09245399,0.38631308,0.4714176,0.24165092,0.020087188,0.33320814,-0.14784501,0.017342402,0.35324204,0.17649238,-0.32023227,-0.2729431,0.25096104,0.688942,0.4353207,-0.15938938,-0.060212802,0.41773415,0.03381334,-0.24972627,0.47596145,-0.17853747,0.2837845,0.6263044,0.24126312,-0.23281483,-0.22823635,-0.16677114,0.64303946,-0.7189037,1.6367252,-0.19440717,-0.16303432,0.37865224,-0.13832465,-0.32279268,0.14514242,-0.16101342,-0.26843512,-0.28026628,-0.2981175,-0.2650098,0.16802163,0.34398326,0.16790089,0.016068121,0.115180746
0.5730289,-2.1454537,0.0852367,1.553782,-3.147926,1.5301688,-0.6429231,-0.45020387,-4.4837914,-0.27311656,-1.3444512,0.7499502,1.5582796,1.1426835,-1.2653608,0.22764052,-0.08550295,-3.4549842,-0.31921896,0.9631584,-0.38463792,-0.024191415,-0.44220787,1.2330592,1.1862719,2.359746,2.2411737,0.46510842,-2.5527394,0.6115489,0.82514054,1.3859607,-1.0567894,0.80960524,-0.054636557,1.2783322,1.6689955,6.7164474,8.806402e-05,0.00028439728,5.1458507,7.139711,8.179278,8.166474,7.9330826,0.012317793,6.489779,0.007206499,0.270386,3.5965865,4.427189e-11,0.0014839699,-1.8178186,0.007079863,0.1429843,0.06224397,6.227919,7.889242,6.7920995,5.386651,4.8266444,1.280419e-06,5.5720625,0.0006934001,4.1449028e-05,5.9970703,5.7226343,6.9778013,6.2306666,-1.6563436,5.6984777,6.4023657,-1.788957,-0.43307716,0.17189935,-1.7938598,6.360371,-1.8159117,-1.8178183,-1.8175724,0.009492774,5.2322454,0.00070963835,0.0002826188,5.507671,4.5356646,5.635718,6.1096025,6.205334,1.1695759,7.204203,-1.7313634,-1.8178153,5.418547,0.05148531,6.7288885,0.07496784,3.5882735,4.448571,6.1144695,5.904094,6.5553393,4.670459,-1.8173646,5.7550054,5.2413225,5.982764,5.8222857,0.0017682912,0.34420067,6.616675,5.112324,6.409248,6.4905767,4.239145,0.22336361,5.582236,0.06951913,5.5999665,0.061633658,0.095577225,6.1442237,6.2257743,5.1922493,4.6569095,6.888246,6.4544888,0.01773322,6.460658,6.934585,7.6236434,-1.2302226,5.2899547,0.15524574,6.928361,5.4862113,5.9574037,6.61195,6.1833607e-06,5.814682,5.6007156,1.5491139,7.099789,4.6839347,5.9705143,1.2432067,0.261441,6.6025047,0.017875597,8.06833,2.5534956,5.4333997,4.727071,4.896575,0.0011044302,4.2128487,5.7284493,2.3832219,5.894774,6.910845,7.5759196,5.955371,7.4511533,0.029726638,5.611978,5.390008,4.193381,2.9864578,5.397117,6.6634216,5.156441,5.0555205,-1.8176781,4.785035,6.2603617,5.693244,4.916533,4.9063888,0.0013120217,4.9299626,5.1029587,6.1309595,5.5221615,6.0374026,5.8525424,5.109664,5.729252,6.499033,6.8317103,5.8233376,6.4743805,5.994213,5.791039,6.2164106,6.867711,-1.2786015,6.3795686,7.1662245,5.1077886,6.1259804,5.617191,-1.7560331,4.664125,5.816631,2.593202,6.1872163,6.0723805,0.13044892,3.6762617,5.853412,4.779882,4.2334046,-0.35896096,6.6356406,-1.6971856,4.848943,5.5186796,2.7155519,5.458796,7.25444,3.9224365,4.791788,1.8665284,5.955515,5.5999312,0.046636485,0.0012114533,0.9593748,2.1384454,0.43136078,0.6383625,233.65012,226.90952,0.958387,1.098674,1.6747395,0.17144991,0.48837885,0.46337536,-0.29651454,-0.32739404,0.67039496,-0.19030376,0.07577043,0.32636142,0.16569899,-0.4818727,-0.06041994,0.41881263,0.8964952,0.6777333,-0.34309456,0.32829696,0.31378642,-0.3226092,-0.33294788,0.6816484,-0.2341406,0.60918677,0.82577986,0.41447932,-0.37361482,0.16378911,-0.34546897,0.20965669,-0.83391434,1.9495857,-0.11002321,-0.027653122,-0.026405053,0.20033033,-0.3968353,-0.22328046,-0.2338059,-0.26851636,-0.27725938,-0.29812676,-0.22725499,0.3727263,-0.033990357,-0.09674208,-0.13717242,-0.18652478
0.3043185,-2.1462915,0.037996132,1.453205,-2.2226515,1.2228976,-1.22537,-0.9348767,-4.0766225,-0.6395244,-1.1562465,1.251689,1.5106745,-0.2007252,-1.4714203,0.0979587,0.016237082,-3.3748636,-0.5723529,0.8799276,-1.3823836,0.40084618,-0.7783788,0.87007684,1.0306622,2.3387282,2.231981,0.365155,-0.7853183,0.6049545,0.76124644,1.1899484,-1.5773685,0.8468067,0.52787215,1.4979998,1.7322586,5.4784656,4.628891,0.26700094,-1.2759707,5.6868534,7.6053205,8.271564,8.238505,0.17506137,5.8051653,0.18935922,0.06335897,5.2842317,1.6062374e-06,0.005885949,-0.89407516,0.004700421,0.14111127,0.083515264,7.5570364,7.7288346,6.3935347,4.8745327,-1.7675394,0.0028901517,3.6970148,0.0006742252,3.3176133e-05,5.3821607,-0.22571936,6.761296,5.4623528,-1.8178068,-1.7946544,5.779394,-1.8071074,-1.7792928,0.027858132,-0.84343994,-1.814267,0.17165053,-1.6371468,3.2091794,0.0002584294,-1.8120942,0.00061738375,0.029240241,5.2670393,-1.7311269,4.540932,5.419353,4.9087906,4.1351604,6.791524,-1.3687289,-1.8142325,6.1883926,1.9501677,6.2070317,6.1339374,1.0623485,6.39217,6.024179,2.8241262,6.067856,-0.387962,5.6028333,-1.0136558,3.0551963,5.0397716,3.6253812,0.00023896192,-1.7629578,-0.2556136,5.137124,6.340043,6.2087607,5.7976146,0.109562315,5.5002604,1.4471525,6.3881984,0.0011021213,1.2785001,5.4144435,5.3674655,4.48816,3.8117728,6.1117444,3.9247582,0.34525108,6.585912,0.4173929,7.1502223,-1.1613882,3.416237,2.0013976,4.858339,-1.6415234,5.4527655,6.3896446,6.278141e-06,5.3550525,4.6958103,5.324077,3.7056608,3.2337923,4.67376,0.0014888009,0.017544126,4.675363,0.6421287,6.662855,5.036083,-1.3932339,5.284103,4.747235,0.00014846826,3.2484896,5.0104933,-0.73832315,3.6203418,3.6009898,3.0172756,5.4168954,5.5258203,0.014840533,4.997513,4.7803345,4.4634047,5.014195,4.788103,6.1867957,4.132553,4.654662,2.0019922,3.7135985,1.62831,0.4110142,4.3100505,-1.1233386,0.0009697143,-1.8117462,4.429945,6.175801,5.60734,5.3349953,5.1634574,1.7525069,3.2281866,4.4553723,4.507069,4.5153823,7.538376,-1.806327,-1.8176811,5.3349338,1.8181419,4.8955708,-1.8142474,-1.7532028,5.5865955,-1.4927212,5.283166,2.5785213,4.5934124,5.9408197,4.5865645,2.871802,1.8541386,5.0733633,-1.6722062,4.058476,3.33092,3.734446,-1.6942343,5.798732,5.639079,3.8738081,4.288641,5.17426,5.170716,0.113663286,4.2397428,1.9767395,4.299793,5.8708053,5.5990434,0.015713047,0.0011287828,0.5964612,1.7404296,0.16516937,0.8562938,168.23358,168.24828,-0.2016564,0.5679078,0.3297353,-0.36179727,-0.31248045,0.39218864,0.8331568,0.48006067,0.14685246,-0.20650037,-0.07747189,-0.11489885,0.040985487,0.2633627,0.2530864,0.0129217375,0.4677652,0.003000081,-0.42555252,-0.33689752,-0.37150258,0.36661226,-0.1933658,-0.3174634,-0.29850912,0.09779312,0.19907716,-0.5352487,0.8032825,0.044474255,-0.005246155,0.23613966,-0.28044212,0.72219425,0.15792112,0.110512994,0.90176153,-0.2460142,0.18640415,0.7201467,1.1191992,0.7037523,-0.28404492,-0.29809022,-0.25460818,0.12305864,0.058972184,-0.10891107,-0.07331357,-0.45578563
0.6765978,-2.1462915,0.16881695,1.6770915,-2.3114934,1.3213022,-0.79375833,-0.7825755,-4.481948,-0.34498996,-1.289719,1.2104063,1.4338347,0.8183589,-1.660091,-0.103318214,0.023107402,-3.451135,-0.79665405,1.1302768,-1.6693474,0.5079582,-0.66813606,1.6079657,1.0387758,2.1837873,2.228233,0.337518,-1.0736952,0.62522167,0.87175214,1.3681891,-1.6520241,0.8978054,0.3877066,1.5140786,1.7697881,6.6014414,0.019027589,0.11185123,1.8132281,6.1716776,8.143169,8.542933,8.477615,0.10252802,5.9948263,0.0072284103,0.053352628,4.1844673,1.9143167e-09,0.00038559467,-1.8170422,0.004721721,0.14067017,0.041979026,7.5300117,7.626679,6.1904583,4.495993,-1.8082893,0.015442755,4.5365987,0.00067009416,3.307193e-05,5.617532,4.244532,6.8958416,2.9176462,-1.8178033,0.26233616,5.725901,-1.8178085,-1.6789594,0.02116141,-0.32423574,-0.20147054,-1.805007,-1.8173568,-1.8175998,0.00017639821,-0.16937304,0.00059735886,0.0025817677,4.9857354,-1.7704505,4.763872,5.369372,4.9031267,3.1676147,6.7855067,-1.8177842,-1.8178099,5.4341364,0.5217694,6.3350353,5.622645,3.9534833,1.5488352,6.0745854,5.902141,6.2428517,4.1943808,4.2529154,4.253721,3.596502,4.8796673,5.093896,0.00023145729,2.1081538,6.346421,5.7864976,6.1877127,6.1490903,5.569408,0.07110516,4.983134,1.3931718,6.1840196,0.0012504682,0.19955419,4.806521,4.604344,4.9686556,3.1818736,6.34048,5.2158494,0.27557313,6.1609855,-1.3010683,7.1128693,4.6937294,5.9673324,5.162231,5.7542105,1.6672758,5.7894845,6.0983562,2.796197e-06,5.7302966,4.6931524,5.718699,6.331649,3.73567,5.0684047,0.07395049,0.0068238545,5.141568,0.021484332,7.3898225,4.491839,4.574109,5.0984693,4.912865,0.00013499602,3.2266335,5.3259964,0.40426213,4.0446863,3.8137822,6.5706196,-1.7060788,6.400242,0.024450647,5.144901,5.0005918,5.304003,3.1836827,4.4553747,5.996584,4.125065,4.486266,-1.8146459,4.6918178,-1.6702515,5.1766667,-1.7285672,-1.786417,0.0009679217,-1.7464347,4.917885,5.756628,5.3663926,5.254786,5.1804547,-1.7394382,5.6183653,5.726587,5.519818,5.144492,7.352708,-0.09502889,-1.8142083,5.4614162,6.8329825,5.2470536,3.3256607,0.49322182,4.6343126,6.095468,4.6677337,-1.0689698,5.1299605,5.8047776,4.8440123,0.9164758,3.8979936,5.1360598,-1.8053954,4.584878,4.274595,3.5720172,2.4992833,5.6446924,2.019642,4.266307,5.3447433,4.6797833,5.049008,7.164082,4.2677913,4.822172,-1.6968298,4.961079,5.5999374,0.014481816,0.0011280455,0.6330087,2.1878874,0.25649965,0.898301,60.920177,70.53092,0.25706488,0.66427636,0.26926273,-0.3758913,-0.15320998,0.88345665,0.7493064,0.09583068,0.341135,-0.062435146,0.22603664,0.30489308,0.0019295658,0.12047254,0.099596344,0.1153955,0.5857205,-0.12811214,-0.30397066,0.2606376,0.0926887,0.46689552,-0.27923813,0.06135622,-0.23107232,0.2798218,0.15149198,-0.10590653,0.16487527,0.015615453,-0.40524462,0.7581995,-0.18453078,0.30303255,-0.3130275,-0.15741147,0.48474082,-0.32379597,-0.19856201,-0.23664796,0.18894003,-0.26295933,-0.295675,-0.2981268,-0.33687544,0.023586348,0.5887286,-0.092822835,0.08315469,-0.17724694
0.81533474,-2.1462915,-0.2270202,1.3801142,-2.919538,1.4871705,-0.79487926,-0.48770386,-2.0320008,-0.02753653,-1.0289754,1.0345931,1.4623723,0.8993726,-1.1892937,0.3035538,-0.11470671,-3.2057247,-1.4164803,0.06828737,-0.8309213,0.36746052,-1.2372692,0.7376551,1.2257537,1.8781801,2.005962,0.23293722,-1.4579674,0.6103703,0.7382317,1.7255348,0.3843721,0.8434891,0.5361013,1.5566872,1.7423688,5.622925,0.00647947,4.6334763,0.7062925,6.0141807,7.628708,7.863415,7.7946186,0.10997341,5.882597,0.0072075264,0.26321992,-0.556366,0.004831788,0.042617556,-1.2562499,0.0046861903,0.14067161,0.055789642,6.8215547,7.271886,6.2649345,1.0482497,4.4178023,1.2474582e-05,4.8677225,0.00066990545,3.3041386e-05,5.227625,4.87767,6.9640484,-1.7672775,-1.817802,-1.7063818,5.6418715,-1.8169799,-1.8176619,0.03416123,-1.1930971,-1.8177607,-1.8165171,-1.8176124,0.7658043,0.00164887,-1.3732276,0.0007619162,0.00481927,0.32789516,3.5238297,5.378842,5.93726,6.185024,5.879239,5.4135375,-1.4253908,1.6965451,5.351403,0.08834263,5.6418047,2.4372528,1.3995464,5.5273137,-1.0180392,0.7286879,-0.6735974,-1.8178163,-1.8177582,-1.8151004,-1.816575,3.9295084,4.234849,0.0002557343,-1.8178139,-1.6433474,4.59149,4.538285,-0.5402792,4.339946,0.15862559,6.742273,0.082189076,4.99314,0.007340316,0.03132935,6.090416,5.0604916,4.825646,4.5365868,6.1791935,4.901709,0.008366759,4.972511,6.8167596,-0.25685903,3.303097,4.0556593,-0.06457369,5.630515,-1.7812313,-1.0075705,0.24257497,2.4128617e-06,4.0925026,4.0015426,-1.7630129,6.505954,3.5227869,-0.73439956,0.00029766103,0.017149631,6.736102,0.012794037,7.787662,4.350741,4.2780366,0.5902763,-1.7987508,0.00013012785,-0.84268963,4.9209037,-1.0180612,4.478952,6.722228,6.5130196,-1.8135824,6.133289,0.006198601,-0.78050894,-1.1032358,-0.6845081,-1.6710026,-0.68874943,-0.3373382,-0.82547766,4.361016,-1.8178185,2.15334,-1.573877,-1.6946974,-1.7822888,0.45145735,0.0009723496,5.2461414,3.9198678,-0.22796471,-0.6645941,-0.9013163,-1.4916131,2.382235,-1.8158641,6.3415055,6.052436,4.4144692,6.248548,-1.8177263,-1.8092674,-1.4714469,-1.8178123,3.3972254,-1.8178139,-1.8178164,-1.8146486,-1.8168598,-0.88898695,-0.38857543,3.9356284,-0.37654656,-1.2159716,-1.7922738,-1.4687382,-1.5920535,-1.8177888,0.99934703,-0.81243956,-1.2450644,-0.6758167,-0.57423574,-1.8178185,-1.230332,-0.57159823,-1.5344422,-1.7517139,-0.49568287,-1.7104125,-1.543436,-1.81727,-0.56268126,-1.7815703,0.03879216,0.0011313737,0.9175385,1.9024605,-0.2017853,0.65824676,202.39479,213.71794,0.050703157,0.07842037,-0.16878216,-0.07870861,0.011586641,-0.24383077,-0.16088618,-0.2804627,-0.12143461,0.17879118,-0.28935885,0.19468132,-0.41374195,-0.2859271,-0.31835255,0.1980756,-0.2686348,0.15676317,-0.4604278,-0.04908234,0.33688706,-0.39297453,-0.33600274,-0.3449972,0.7450865,-0.83502555,-0.16911149,-0.6169633,-0.33650628,-0.39530256,-0.39034173,1.5325485,-0.38343465,1.8889004,-0.3956454,0.12655662,0.5033819,-0.35434794,0.29221338,-0.26820058,-0.23028931,0.08347059,-0.33362594,-0.29750246,-0.34344786,-0.15354873,0.1729562,-0.15428673,0.7977095,0.120525315
1.0203679,-1.3675193,-0.10811336,1.3523221,-2.4865496,1.3345287,-0.95264894,-0.9240489,-3.6063614,-0.44902095,-1.1531805,0.75530154,1.547419,0.8084397,-1.3970262,0.028136196,-0.16708472,-3.409573,-0.79100794,-0.027600478,-0.5589452,0.11849237,-1.0541875,-0.79621375,0.83737075,2.1428,2.0749192,0.37627736,-2.0931284,0.62305534,0.5939846,1.4451929,-1.2039723,0.7486204,0.48088667,1.5160522,1.6314876,6.1870623,0.0036213405,0.0026524814,-0.011763726,6.204693,8.185991,8.278824,8.044276,0.011167968,6.462273,0.007332333,1.6780028,4.5409756,1.1691371e-05,0.0058746054,-1.8178186,2.735535,6.217932,1.0358235,7.1560683,7.9940825,6.9908357,4.8648252,2.6927004,4.8001855e-08,6.104194,0.3100958,0.016597439,7.077451,5.8207254,6.977779,6.2306657,-1.7386394,5.6978874,6.404863,2.7008977,4.4042373,1.1177547,3.4049463,6.3603563,-1.8144616,-1.8178054,-1.7791097,0.0067780786,5.118442,0.3442804,0.0035789588,5.348761,4.535644,5.6576123,6.1257753,5.8259506,4.6607547,6.9828887,5.3637013,2.7901194,6.906517,0.07366512,6.454765,-1.7973436,6.222577,5.2340894,6.1916804,5.3532166,6.255732,2.4638982,-1.8079512,5.7767377,4.9478846,6.08643,6.0727906,13.943132,5.4967704,7.1673737,5.979362,7.1064596,6.414832,4.905318,0.08385297,4.535633,0.45996943,6.417235,0.19064929,5.54298,5.62844,4.951481,5.382204,4.561633,7.067391,6.770851,0.05528947,6.388414,5.601852,6.8816314,7.2081795,8.25445,-1.8055891,7.0503473,5.040217,5.8620453,5.5640693,0.08656688,5.690869,5.8407006,5.994042,6.2898574,4.817589,5.7011847,0.20146093,2003.7136,7.3264914,3.8960412,8.557048,4.5181065,4.0813966,3.3227954,-1.6638327,5.2469893,3.6508498,5.736644,4.2263894,6.065643,6.749844,7.6620207,6.0742764,7.423081,0.17114237,5.874699,5.621619,5.3493257,-1.7682707,5.3679066,6.5499897,4.7370315,5.046075,-1.8177923,3.1126986,5.685074,5.5939765,5.4483547,4.894107,2.0986402,5.4945974,5.727207,5.5172024,5.034675,5.689809,5.2573133,4.67738,6.2962184,6.978529,7.141734,6.583378,6.232741,6.1286063,-1.7794474,6.3939314,6.785256,-1.7394816,6.3793454,6.0690823,5.385655,6.1259604,5.905336,-1.3224919,4.9318132,5.5902824,2.8477325,4.541055,4.928949,-1.6891128,4.2442117,5.4452405,5.082175,4.111081,5.291037,6.1721277,-1.8084956,4.711514,5.493642,3.5923402,4.9324555,6.109251,1.4701283,3.2199888,-1.8161018,5.8837123,3.6624868,0.016748123,1.0611377,0.6657136,2.2660186,-0.05113047,0.58831817,10.804167,9.36548,0.600704,0.85227454,-0.01785003,-0.56853175,-0.38692734,0.43073893,0.77588683,0.016223352,0.2901863,-0.44542617,-0.2194326,0.16983174,0.5946949,0.1405098,-0.29760098,0.54072547,0.78835756,0.883933,0.09480973,-0.44118732,1.0426879,0.01628601,0.37903097,1.2780887,-0.5815911,0.018792812,0.19627216,-0.07452668,0.29999974,-0.66436416,-0.29642767,-0.00015122854,-0.61294913,0.4290674,-0.6139938,0.22915198,-0.6920505,-0.31888175,-0.49498245,-0.25217435,-0.23284012,-0.2683318,-0.29634392,-0.29810524,-0.31992203,-0.38179988,-0.43063277,-0.61212444,0.8277002,0.020700697
0.3324698,-0.61695385,-0.4576395,1.3092884,-3.1871128,1.1844537,-0.7025481,-1.0212077,-4.475288,-0.5081714,-1.5116949,0.96603703,1.5519491,1.0340526,-1.2254882,0.46039578,-0.122870974,-2.2737203,-0.39581633,1.0822748,-1.0064849,0.28784853,-1.3220156,0.44322243,0.8595234,2.3239353,2.190416,0.18225148,-0.92635506,0.6198337,0.612338,1.195551,-1.7224385,0.67772746,0.54282093,1.3820661,1.577945,5.2535377,1.2545742,0.012065576,6.2120132,4.9073834,7.8053994,8.035387,8.131194,0.0067032417,5.2670617,0.1402633,0.034361735,5.042594,8.103781e-06,0.0021681339,-1.8178141,0.01630178,0.22293851,0.019159954,7.1438065,7.8722334,6.846417,4.8784995,-1.7756032,1.3289479e-06,5.7539654,0.002870273,0.0006319727,6.2608747,5.5897923,6.9778767,6.2305927,-1.7598302,5.6920805,5.7965484,4.6472845,4.5309834,0.060933366,5.411436,5.686645,5.538433,-1.7584685,5.358807,0.0011165787,-1.5547839,0.002444394,0.015605321,4.70906,4.534635,5.5760446,5.4469514,5.620042,-1.7097836,7.5208974,5.8651967,4.409642,7.645504,0.13544378,6.6230645,6.7432084,7.0609703,3.9800618,6.078108,-1.7972592,5.431854,-1.7271769,5.3358445,-1.7380574,7.3619514,4.327634,4.9504995,0.044631634,-1.8114573,5.5464444,6.775111,6.3607764,6.496931,7.0977263,0.018884756,6.1072097,2.289214,7.3233395,0.0023970886,0.84106517,6.17216,5.946101,5.058403,4.3496394,6.181839,5.544667,1.547366,6.6764946,5.360943,7.56339,5.935531,5.999771,5.494519,5.692277,5.362069,5.718824,6.393012,0.0014199485,6.0948367,5.3232117,4.80214,6.8436375,3.6258898,4.8094573,0.0043550883,5.3601813,7.431985,0.99835473,8.24466,5.0735264,-1.7676497,5.4229946,-1.7474873,0.018088022,3.5506856,5.6705866,1.7922882,5.1404696,6.475779,6.8482428,6.0771484,7.1005244,0.012559402,5.48751,5.28622,5.0912223,4.7018595,4.8361816,6.46824,4.63776,5.17851,-1.7812053,4.7436028,-1.7688085,5.198147,-1.6857301,-1.7053674,0.0071498454,4.8100905,4.985366,6.22233,5.854641,5.804846,5.1895046,-1.7977936,5.946306,6.440633,6.615579,6.2342124,7.4985886,5.4746485,-1.6820393,6.0406604,6.2517395,4.285817,5.595843,6.2149925,4.601896,6.1204195,5.779985,1.3678874,4.1246715,5.8313255,4.633029,-1.653625,-1.752888,4.953427,-1.6858095,5.7719264,4.447802,3.7242675,4.0960255,6.301043,5.010633,4.270185,5.1915793,4.248577,5.218764,6.9871354,3.5422952,3.8732977,-1.8003503,5.166988,5.5680137,0.016863244,0.0064215995,0.80885565,0.028773332,-0.17221773,0.63319224,50.0813,47.07269,-0.31230283,-0.3457222,-0.24053353,-0.08865021,-0.25789255,0.076575324,1.1559309,-0.010300865,-0.7725796,-0.3620738,0.7017342,0.62537134,0.40168574,0.7221689,-0.036985897,-0.7928791,-0.5588182,-0.5014086,-0.3665869,-0.30049095,-0.26784706,0.5186474,-0.3288495,-0.6621042,0.06896902,0.23648958,-0.15753679,-0.3111266,0.8096772,-0.26227826,0.46129534,-0.33962467,-0.1329887,-0.25012946,-0.2119471,-0.4858767,1.0041543,-0.35407332,-0.4919387,1.5115017,1.2980922,-0.25541854,-0.3340237,-0.28107208,-0.3456568,-0.6224165,-0.23977444,-0.706933,-0.23677182,0.23786248
0.45039663,-2.0174081,0.0069112834,1.3225212,-2.8193648,1.239504,-0.9715598,-0.9158547,-4.3638873,-0.5033652,-1.3645653,1.0422924,1.4875886,1.0072912,-1.0671971,0.551668,-0.035029154,-3.4413126,-0.53420675,0.039107807,-1.6360931,0.31477872,-0.9575236,1.3984629,0.89069283,2.3716908,2.2127016,0.30630934,-0.51933366,0.62173843,0.6432612,1.1885203,-0.55685395,0.7314807,0.53544253,1.3899753,1.6104308,5.5005417,0.005097855,0.002550029,-1.7516763,6.278519,8.073076,8.1729145,8.048286,0.009455627,5.908387,0.0072347308,0.10638785,5.096227,1.650382e-07,0.012596463,-1.8178186,0.01555582,0.17092434,0.083796345,6.9914823,7.9143353,6.82747,5.138907,0.9815735,5.4892965e-08,5.687507,0.0019834037,0.00029779962,6.184796,5.592138,6.977694,6.2306647,0.59226894,5.698387,5.826737,4.282002,1.7520866,0.08032111,5.7969246,6.3603573,-1.1763556,-1.8178015,-1.157464,0.004313507,4.3989697,0.0036180508,0.0008088858,4.691287,4.5356793,5.592494,5.758931,6.011037,5.7435274,7.149176,5.7937164,-1.6773355,7.0661154,0.04220869,6.7296047,1.3525798,6.41112,5.9598784,5.8391213,3.2175405,6.024429,-0.5040173,-1.8112516,2.1716287,6.5032153,4.7638054,5.527397,0.06875498,-1.3659557,2.934074,6.0822845,6.456067,6.1840935,6.008124,0.058588173,5.982898,0.19647512,6.7582364,0.05382056,0.11833898,6.139487,5.5229063,5.0329914,4.603706,6.3256965,5.537464,0.16496588,6.767484,6.0173264,6.995926,6.041385,3.8091614,-0.8751346,6.074399,4.5628057,6.427029,6.2911196,0.00021144378,6.1210613,5.175043,2.654171,2.6136644,4.326417,5.6118894,0.0016835458,6.704709,7.087196,0.07851384,8.162732,4.8385453,0.6917894,4.1014447,2.4936244,0.0105857095,3.6416368,5.2277217,2.0946565,4.7710657,6.264847,5.765193,6.0790343,7.175767,0.0037075207,5.6864333,5.159197,4.9291277,4.87465,4.9281106,6.320142,4.806098,5.187723,-1.8176469,2.624435,3.6855035,5.5075135,1.9446286,3.443394,0.013376496,5.4422274,5.2737927,5.621398,4.9686036,5.9124594,5.3755045,4.3996925,5.8933125,6.7863493,7.103396,6.38417,6.3285384,5.06067,0.13108386,6.054841,6.506376,-1.0710268,6.379448,5.900262,5.6891265,6.1259756,5.447413,-0.82738113,4.758352,5.257809,-0.8752128,5.6149616,4.386211,-1.5791469,4.8446417,5.3983555,4.722924,4.1432824,4.9501567,6.3904147,-1.1254183,3.5199587,5.3060617,-0.59466904,5.0198836,7.1488504,1.7699727,4.0080943,-1.7569909,5.5087233,5.33134,0.032322235,0.0061349324,0.81509006,1.4812126,0.08342534,0.73866326,231.5566,213.81294,-0.1635487,-0.4729022,-0.35458028,0.12835462,-0.100761674,-0.5820053,-0.2851884,-0.22065237,-0.55929124,0.089224145,-0.18778996,-0.29046056,-0.022797523,0.039401405,-0.07697259,-0.7484343,-0.5754825,-0.4741645,-0.29261485,-0.44717088,-0.56340426,0.08604042,-0.19627619,-0.6511039,-0.08555079,-0.41398022,-0.3421427,-0.42471683,-0.107299194,-0.293765,0.24089012,-0.65799564,0.2282218,-0.0153428605,0.3537117,0.43941656,0.88134044,-0.047153987,-0.10614153,0.047697574,-0.23406656,-0.26844668,-0.29178804,-0.29426792,0.134882,-0.09832446,-0.7893637,-0.59469604,0.07302084,-0.5154625
0.29142028,-2.1462915,0.10196825,1.4694363,-2.5465813,1.2828112,-1.2356975,-0.85981226,-3.7363718,-0.554965,-1.125137,1.2126474,1.6512232,-0.12694027,-1.3653663,0.17653264,0.032416742,-3.2714288,-0.45274892,0.86681265,-0.6217958,0.2880951,-0.85437316,0.22864068,1.0450145,2.2903945,2.222505,0.38375562,-1.1237783,0.60167104,0.6680144,1.1524343,-1.5382302,0.85507274,0.4995137,1.5153753,1.7323159,5.566033,16.56679,0.32170713,1.1652621,5.757107,7.6341825,8.26459,8.297652,0.17104982,5.9771767,1.3500113,0.06823494,5.3915896,2.0523125e-06,0.012276659,-0.7856235,0.0047006137,0.14167058,0.12167369,7.503396,7.7721295,6.545721,5.0274396,-1.551563,0.001321849,3.5157454,0.00067754334,3.319265e-05,5.487938,-0.5838153,6.7771163,6.086146,-1.8177975,-1.7802225,6.164789,-1.7343866,-1.802742,0.03882935,-1.7224377,-1.8152071,4.7972755,-0.95172364,5.1840267,0.0008028612,-1.8085083,0.0006254779,0.042939205,5.250848,-1.3758786,4.583005,5.4885163,4.9222865,3.4338152,6.9308066,0.19175722,-1.7753813,6.7115846,3.1862614,6.2756705,6.319544,1.6438215,6.3975797,5.8567867,1.8836696,5.77269,-1.4490033,5.6263547,-1.6762604,3.4165797,5.030504,3.5954895,0.00024712068,-1.8148164,-0.2560788,5.1142273,6.2980046,5.9841194,6.023097,0.08931101,5.6423025,1.142608,6.6211042,0.0012507685,1.7355285,5.4358745,5.7209888,4.4084783,3.9067822,6.1600256,4.49769,0.41562054,6.6549516,2.6139367,7.2128267,-1.447321,3.4721534,1.2521411,5.078117,-1.7366469,5.0025973,6.4162273,7.1030586e-06,5.2913346,4.947231,5.192997,5.194753,3.2938445,4.7625327,0.000830234,0.022407893,4.901137,4.088359,6.557819,4.4343486,-1.7607479,5.237349,4.5807724,0.00016644428,3.2380438,4.9923825,-0.7298944,4.1452355,4.2645187,3.7659957,5.899162,5.925352,0.0173679,4.971364,4.9272795,4.3062196,4.9885697,4.9545684,6.2137775,4.289632,4.7666316,6.5179353,3.9333777,5.181873,-1.1388017,7.263603,1.7719909,0.0009715503,-1.8016144,4.4166956,6.1339865,5.7325435,5.4325614,5.1275725,4.6931076,3.1585321,4.0862656,4.5035524,4.6704006,7.6077976,-1.8029618,-1.8174874,4.7545547,2.2050672,4.638524,-1.8170052,-1.7521311,5.5897927,-1.6540009,5.2346597,3.5894914,4.4913673,5.9647164,4.3893795,2.157579,2.349423,4.688412,-1.2819664,4.074849,3.041087,3.7009213,-1.7790507,6.000779,4.784053,3.907729,5.075247,4.9958477,5.348452,1.6034683,4.3491936,1.2535267,5.197658,5.9591446,5.598127,0.015258623,0.0011295484,0.6726528,1.4085977,0.09515064,0.8491976,185.77217,178.14134,-0.3280402,0.24122906,0.11373319,-0.29818946,-0.22088967,0.5333147,0.8506352,0.63922584,0.28801042,-0.23667964,-0.24483493,-0.15580942,0.047220126,0.005188312,0.15767474,-0.13353142,0.24444531,-0.07246728,-0.39554146,-0.29648077,-0.16356531,0.08244156,-0.026455684,-0.27493885,-0.28085834,0.114258,0.3085671,-0.5043201,0.7584351,0.16812952,0.17447424,0.25482422,-0.39877918,1.2204187,0.08609353,0.09283291,0.8425173,-0.06807676,0.050911415,1.4220439,1.3558077,0.69519424,-0.28502464,-0.29800272,-0.10585179,0.08229895,-0.008460425,-0.017908266,-0.22926421,-0.34495008
0.69289905,-2.1462915,-0.31469727,1.2466329,-3.1730497,1.3309673,-0.99991226,-0.45801225,-4.4650774,-0.39059755,-1.5101644,1.2359306,1.4577389,-0.09350072,-1.254237,0.33813593,0.01726744,-2.6862564,-0.75406915,0.35397026,-1.0060138,0.58124125,-0.621365,1.3926253,1.0184124,2.2272835,2.0511372,0.48465848,-0.8643885,0.6165408,0.80079937,1.3802,-0.7588027,0.8322103,0.48904464,1.4836743,1.7285937,6.3931293,4.919385,0.24527515,1.7412618,6.1434712,8.069347,8.581296,8.431644,0.07241226,6.241097,0.03860479,0.07161016,4.0703025,2.1494033e-09,0.0029510933,-1.0052146,0.004677343,0.14061837,0.060863685,6.417503,7.845071,6.5781837,4.7145348,-1.8156984,0.019879714,5.66158,0.000669623,3.29042e-05,5.7368083,4.930295,1.2709283,-1.3703841,-1.8178154,1.2667096,5.51692,-1.78286,-1.7946961,0.026830051,-1.7975907,-1.7648153,-0.69857275,-1.6639116,-1.7250551,0.00020166919,-1.0819426,0.0005951997,0.011797171,4.6914635,-1.5234451,5.134289,5.3308616,5.132965,5.3643684,6.7904725,-1.8176794,-1.8174723,5.4454637,0.19622241,6.074076,-1.200395,4.8896995,5.8878875,6.0815415,5.903402,6.1637435,2.131504,5.294424,-1.6219723,5.461957,4.713368,4.515609,0.00021607526,-1.8173953,3.7576132,5.627975,6.2313,6.1799374,4.716136,0.0379039,6.182338,1.2507423,6.19322,0.013834233,0.3493571,5.7766833,4.5535855,5.0871897,4.41755,6.3994064,5.16533,0.025289008,6.310991,4.3900547,7.010874,-0.9916434,3.4705884,-0.21532094,5.263711,3.5545034,4.5012174,6.418451,2.4271044e-06,4.8288264,4.3660297,1.5497609,5.1018825,3.6804192,5.031569,0.00029035978,0.0033789158,6.2482305,1.5190632,7.401917,-0.18062027,-1.8123896,5.4808016,4.9140177,0.00012055448,3.936974,5.059738,-0.7945415,4.172253,4.474969,5.50262,1.5093555,3.6376874,0.02485875,5.453393,4.3529525,4.7725325,3.2373297,4.028207,6.2481833,4.173977,4.947298,-0.72716993,4.151956,2.174432,0.77744716,3.5680919,-1.1752629,0.0009676272,-1.5667126,4.7962832,5.8179383,5.560288,5.518999,4.3610106,-1.2503465,3.3146892,5.836033,3.5043693,5.1495767,6.9199057,2.1170876,-1.8172419,6.0119896,2.7115228,5.7727423,-1.8162519,5.574372,5.587889,6.0380955,5.146206,1.6914325,5.1182103,5.5398917,3.487236,5.6588907,5.181534,4.205757,4.153301,5.2832365,4.434217,3.9270763,3.7356718,6.1111093,2.4390337,3.4213486,2.7308283,3.5241215,4.9660687,3.3218865,4.1631584,4.8352523,3.2339842,5.672945,5.5999374,0.0108472165,0.0011278272,0.747097,1.2392039,0.23737049,0.76042444,120.312355,134.80803,-0.17262869,0.7006775,0.59011024,-0.4290058,-0.2424713,-0.47075248,0.40893507,-0.12088818,-0.53812474,-0.050405014,0.19534686,0.38211945,0.18419102,0.05706996,0.23988141,-0.47785962,0.3999724,-0.1646913,-0.47625935,-0.26857296,-0.32683247,0.29205588,-0.29207236,-0.32994395,-0.2787573,0.020174893,0.34052616,-0.19597286,0.5525883,0.06924491,0.022528594,-0.085894,-0.12770076,0.36396825,-0.052637085,0.1333952,0.7985398,-0.18684712,-0.040030163,-0.1578216,0.1323977,-0.12515478,-0.31768674,-0.29811576,-0.25352803,-0.11120105,-0.09282075,0.040227372,-0.22369173,-0.121318504
0.5582765,-2.135735,-0.0024622933,1.5081125,-3.1245294,1.4873419,-0.70452124,-0.4958702,-4.461063,-0.29078552,-1.39205,0.7830863,1.5882969,1.1695359,-1.2251666,0.26350388,-0.056771643,-3.454988,-0.35342747,1.0209186,-0.5539118,0.02505381,-0.4574115,1.1135868,1.1516505,2.366457,2.228857,0.44342506,-2.555495,0.6101159,0.79503536,1.3638562,-1.0080396,0.805589,0.09803178,1.2715698,1.6646345,6.562262,0.000488168,0.00044730733,6.3539853,7.1047535,8.215184,8.223341,7.964631,0.013853542,6.47922,0.0072066826,0.21841814,4.223233,4.638256e-11,0.0017634986,-1.8178186,0.009177724,0.1454844,0.06906996,6.4151254,7.926969,6.8549433,5.412609,4.8036695,1.7039198e-06,5.7202272,0.0007102652,4.708457e-05,6.1111784,5.7755656,6.977842,6.2306657,-1.4205464,5.6984553,6.3957467,-1.7646407,2.2751307,0.17410818,-1.7457678,6.3603683,-1.7975006,-1.817817,-1.8112609,0.007966692,5.209106,0.00079436833,0.00049873674,5.5000014,4.5356636,5.6555676,6.115011,6.209619,0.14103775,7.347829,-1.6159114,-1.8177918,5.649146,0.074022666,6.8459573,1.8969165,4.8299904,5.1965475,6.2135277,5.894038,6.560231,4.7893634,-1.8151429,5.697522,5.228109,5.8386927,5.701558,0.0026297655,-0.28604665,6.3475885,5.17223,6.502557,6.5457463,4.399426,0.17573135,5.599306,0.07260088,5.769987,0.04943872,0.17053595,6.0587153,6.113652,5.1057005,4.6544743,6.8557496,6.2994747,0.035433635,6.6563854,6.974938,7.6658506,-1.1225849,4.967684,2.5898445,6.7725334,5.360178,6.1867185,6.619406,1.0708278e-05,6.095716,5.5289464,1.414346,6.7542872,4.6327114,6.0935783,1.5612149,0.3993561,6.5751767,0.030014934,8.064088,3.5218453,5.313419,4.8521414,4.830424,0.0019446629,4.330115,5.724772,1.9209932,5.7248898,6.908851,7.420552,5.9378653,7.4240017,0.025706865,5.61184,5.4180465,4.7170463,4.5448093,5.3716283,6.689184,5.1899915,5.1260967,-1.8169087,4.7698913,6.190539,5.697358,6.3581314,4.832992,0.0015008238,5.1649413,5.0818434,6.2507696,5.632726,6.0732045,5.858902,4.7221355,5.70824,6.4135337,6.821103,5.8719134,6.7796984,5.9148893,5.8143935,6.263287,6.8677306,0.4466165,6.3795652,7.178279,5.068787,6.1259804,5.807878,-1.792869,4.7388616,5.8502026,3.732638,6.145422,6.036088,3.0030227,2.5710065,5.91488,4.6227064,4.2066584,-0.76073074,6.6192684,-0.54063636,4.8617454,5.5194254,3.9368541,5.4214582,7.2544703,4.028783,4.8045545,4.0426073,6.0143924,5.5999336,0.042138178,0.0012613698,0.90736234,2.0494266,0.43062255,0.6655994,230.21893,226.09714,0.9454005,1.1098841,1.7822007,0.107150145,0.4295413,0.32482055,-0.23903523,-0.3060944,0.62436414,-0.21267006,0.21709698,0.4951187,0.2096217,-0.47182932,-0.08926835,0.39622435,0.9033369,0.71543294,-0.36860096,0.025188508,0.42733043,-0.26191217,-0.33895075,0.7514856,-0.2517945,0.66505444,0.8581977,0.5004791,-0.36049986,0.06412509,-0.3110655,0.24807791,-0.8320506,1.8636218,-0.17060821,-0.085503295,0.036964696,-0.006514142,-0.40703845,-0.14694239,-0.23023267,-0.26851517,-0.2790405,-0.29812664,-0.29061714,0.3953204,-0.008831677,-0.0441814,0.065689795,0.029183917
0.635545,-2.1462915,-0.5132583,1.7665173,-2.0229504,1.3613944,-0.23351328,-0.46364805,-2.074225,0.11500385,-1.3348125,1.2582711,1.6158363,1.2474246,-0.75740683,0.21893989,0.24755552,-3.4549363,-1.127721,0.07235347,-2.0131505,0.58115023,-1.2730037,1.5635442,0.93875986,1.8907251,2.2178075,0.335416,-0.98370457,0.62228835,0.8405617,1.4744351,-0.741711,0.85249823,-0.2302888,1.5403848,1.7531391,7.10611,0.0011006546,6.0563617,6.7452884,6.1198597,7.9930687,8.211686,8.209385,0.36215135,6.0955915,0.007212954,0.14051786,5.5464153,2.2633353e-08,0.0012679413,-1.8178091,0.004677099,0.14061043,0.28708974,5.7401547,7.266216,6.1809344,-1.8166237,-1.8178173,1.6899994e-05,4.8861375,0.0006695847,3.290001e-05,4.880523,5.559289,-1.8103316,-1.817813,-1.8178186,-1.8178184,5.3557477,4.5528398,-1.8178185,0.013846213,5.8324494,-1.8178186,3.6988313,-1.8177441,-1.8178153,1.2075174e-06,-1.8178184,0.00059502263,0.012297405,-1.8172675,-1.8178184,-1.8057227,-1.8062236,-1.8067678,-1.8068861,5.177405,5.680683,-1.7264742,6.915221,6.7381635,5.164397,-1.817801,5.580229,3.7250013,3.52846,-1.817335,-1.8130453,-1.8178182,-1.8168759,-1.8178163,7.1468287,4.0620537,4.6200175,0.00021587803,-1.8178185,-1.8153563,5.215748,4.2066083,-1.8160337,5.1535025,0.015000055,-1.8035989,1.1834279,5.0994663,5.9281992e-05,0.044101898,-1.8013182,4.25111,3.313993,-1.8034583,4.550601,4.8722258,0.039665177,4.9304876,4.933853,-1.8165826,-1.8007084,3.0670896,-1.8168595,4.8792048,-1.8178183,-1.8172481,-1.8165905,2.410078e-06,4.275983,3.9343786,-1.8177112,4.5534773,3.7847052,1.8920681,0.00026786653,0.003221361,-1.7960628,0.016484907,-1.7929542,3.4878418,4.1770315,-1.8160986,1.6896418,0.00012045338,1.4017743,-1.8045045,-1.817797,3.3861444,-1.7946491,6.579124,-1.8178055,5.868433,0.0030378432,-1.8154693,-1.8167357,-1.8175068,-1.8172754,1.3594807,-1.8170244,-1.8172641,4.012874,-1.8178086,-1.8176521,-1.8174348,-1.8178138,-1.8177507,-1.817341,0.00096762116,-1.811041,3.0792062,-1.8164304,1.3691977,-1.816681,-1.8167381,2.382668,-1.8173474,-1.7996104,-1.8008533,3.3840947,4.691049,-1.8178185,-1.8178186,-1.817631,-1.8178104,3.184588,-1.8178186,-1.8178185,-1.8157569,-1.8178185,-1.816857,-1.8046745,3.4823482,-1.8170455,-1.8168468,-1.8165362,-1.8162264,-1.8178102,-1.8178185,-1.8177826,-1.8177747,1.5656804,-1.8178182,-1.8165139,-1.8177886,-1.81723,-1.8172065,-1.8170178,-1.8172657,-1.8178176,0.5726347,-1.8177706,-1.8177204,-1.8165718,-1.8174392,0.053866442,0.0011278242,0.8783098,3.1764214,-0.11929898,0.9261269,128.51189,129.95067,-0.8198994,-0.49122134,-0.3746817,-0.33983558,-0.402458,1.3066666,1.1958494,0.3667163,0.5426892,-0.059340123,0.007470407,-0.2616914,-0.24140814,0.63533413,-0.36090013,-0.64243513,-0.108383805,-0.19784904,-0.19995908,-0.27710015,0.41251904,1.4600874,-0.053647682,0.025511334,0.1345189,-0.20437801,-0.2582773,0.93990916,0.12016146,-0.36981133,-0.51223963,0.12406817,0.62742543,-0.5523285,-0.521171,-0.5036198,-0.18286881,-0.35092646,-0.4882635,0.34009343,1.4514382,0.21067011,-0.300558,-0.29812685,-0.34542704,0.09227346,-0.016283434,0.6885601,0.8414721,0.62651247
0.72590876,-2.1462915,0.006154825,1.3563102,-3.1512766,1.5188392,-1.2410356,-0.32868275,-4.4866343,-0.35773584,-0.9931187,1.2065437,1.6378608,1.1811664,-0.9197741,0.6861666,0.09767996,-3.1799057,-0.25766525,0.23700503,-1.9476525,0.5053455,-0.8737815,0.3940278,0.9332315,2.1883397,2.0344338,0.38456726,-0.8347677,0.60424435,0.6607938,1.2258996,-0.9804108,0.87864834,0.5199411,1.5480694,1.7685384,5.2223635,0.05768706,0.04732065,1.3224782,5.5364265,7.572833,8.150386,8.0377655,0.015220844,5.3298235,0.00730547,0.041449253,5.5828433,4.0820396e-06,0.011636713,-0.39442733,0.004677275,0.14061381,0.028379187,5.726167,7.6333604,6.441977,5.3285437,-0.85321426,0.001040503,5.6192927,0.0006696293,3.290435e-05,5.499244,4.856167,6.962616,2.9144652,-1.817818,-0.6753029,6.572565,-0.3981504,-1.7880397,0.110551886,-1.5267421,-1.810544,-1.8051184,-1.8124294,-0.92060536,0.00051657413,-1.640718,0.0005955015,0.018937252,5.4674616,-0.38040432,5.177643,5.562717,5.3195534,4.8036146,6.778196,-1.4022508,-1.8177361,6.7516174,0.15264465,5.99844,-1.3064582,-0.3402673,6.6060557,6.016289,-1.530136,6.2277975,-0.5075694,-1.7945757,1.7411048,-1.1409681,4.7896256,4.2726073,0.00021599852,-1.8178142,-0.23270595,4.8074617,6.2622666,6.151537,5.498702,0.02867803,5.3440332,0.2214298,5.840067,0.003626982,0.0596623,4.9147477,6.0226803,4.1114655,1.9293079,5.987858,4.700583,0.07802974,6.6669607,5.5385027,7.12189,-1.541279,4.4117637,5.7800603,4.7322288,0.012887882,5.0156107,6.5016522,2.4112499e-06,5.17144,4.4906034,5.6635613,6.505652,3.5743725,5.67716,0.00030298144,0.0033759153,5.3293457,0.05312735,6.748275,5.346667,0.4685357,5.550008,4.8724914,0.00012061374,4.100661,5.493725,3.8382032,4.6300654,3.5865998,5.3585324,5.390824,1.0805717,0.017472269,5.405527,5.099869,5.5648193,5.0117188,4.9882054,6.382734,4.720032,4.5692234,-1.8047881,4.765376,-0.4832106,0.16261703,2.9135797,-1.1725503,0.0009676294,-1.8121668,4.597796,6.015026,5.6440096,5.788303,4.882338,4.7206035,5.8749375,5.2617583,-0.4864665,4.3671308,7.836955,-1.7610142,-1.8166827,5.67677,-1.3674954,4.193022,-1.793076,0.07371052,5.3235755,-0.1491195,5.750416,-0.7506125,4.7080708,5.734162,4.7206244,-1.347296,-0.5553844,5.101813,-1.7293718,5.1695733,4.1572185,4.064696,-0.8254376,5.8093457,3.4575715,4.002658,2.1307328,5.225304,5.3861976,0.36471486,4.313617,-1.1615696,5.1039667,5.9143457,5.599793,0.008600911,0.0011278328,1.0845127,2.3348422,0.07777267,0.85930055,13.0708475,12.706257,-0.32924274,-0.1295522,-0.26743993,-0.22424397,-0.23090823,-0.20248756,0.025149262,0.06942162,-0.24065967,-0.24808158,0.14966616,0.116080105,0.30900538,-0.2233882,-0.36649096,-0.23316011,-0.3215634,-0.11833561,-0.28644547,-0.2607607,-0.24730195,-0.0950788,-0.037905026,-0.25675738,-0.07460438,0.24086568,0.44112018,0.5208261,-0.28658873,-0.3458111,0.2801846,-0.15254778,0.17940632,0.6459719,-0.07927905,-0.44256976,0.35738403,-0.33733597,0.14330234,-0.25022584,-0.17644626,0.7640565,-0.33511806,-0.29685453,-0.33604616,-0.07905016,-0.12105905,0.05878724,-0.1054866,0.33573985
0.35899866,-2.1462915,0.010618445,1.5330802,-2.3384452,1.4680322,-1.1438583,-0.5782971,-4.2857695,0.0013529756,-0.90479565,1.052031,1.6201385,1.1249478,-1.2923098,0.3625255,0.046872262,-3.4008715,-0.9850573,0.3380724,-0.5975146,0.26631647,-1.017654,0.14959458,0.8583948,2.180072,1.9526734,0.3936428,-1.5205581,0.6032405,0.6166653,1.670331,-0.5881708,0.8872448,0.54203045,1.5134746,1.7618692,5.2719913,0.013031495,2.3774068,0.7001247,5.713236,7.5124907,8.054831,8.245084,0.16109245,5.5300364,0.00722378,0.24021855,3.0394645,0.0009775405,0.03131697,2.2247555,0.0046868054,0.14073886,0.08080087,7.185022,7.3046412,6.2375283,1.6341898,3.319852,0.00011318288,4.9954844,0.00067022064,3.298731e-05,5.310435,3.717911,6.9726424,2.6458483,-1.8178068,-1.8044246,5.6538196,-1.8077645,-1.8177743,0.09683437,-0.97942007,-1.8178029,-1.8014587,-1.8165152,-1.0269638,0.0015823136,-1.7975475,0.00062768173,0.014192051,2.985708,-0.6199922,4.937266,5.734972,5.7075853,5.806814,5.802358,4.091782,-1.5564157,6.148408,0.4922748,5.834862,1.1456103,-1.451071,6.3659654,-0.12088274,-1.6842088,0.31973892,-1.8176812,-1.8171937,-1.0958263,-1.8082778,3.9733586,4.465022,0.00024054876,-1.8177923,-1.7062527,4.6149864,4.8015156,0.612702,4.4280024,0.10050965,5.9058795,0.13101159,5.050676,0.0022230751,0.051216938,5.2217216,5.8850493,4.274651,3.9363868,5.9823427,5.0471735,0.034334406,5.3139873,5.610582,1.0717732,0.95148927,3.9437172,1.3668053,4.828461,-1.8105619,0.2087678,2.0055957,2.420431e-06,4.6918287,4.1823554,-0.85144675,3.7429223,2.684916,0.2380225,0.00032736035,0.009479136,5.853832,0.020569269,6.8242283,5.0440516,4.347659,-0.48935047,1.9988103,0.00013878517,0.3689592,5.310137,-0.6552643,4.236452,5.394107,5.6561437,-1.5189843,5.835336,0.0077698287,-0.028013667,-0.13412704,0.60403544,0.73841715,0.88390774,1.394553,0.006399273,4.440013,-1.8178134,0.21826026,3.8834436,-1.7683272,-0.8257984,1.9344994,0.0009695992,-0.21698718,3.9903064,1.5906123,1.4263309,0.62534124,-0.44107795,4.5240355,-1.2299752,5.810557,5.624723,4.41133,7.401277,-1.8177636,-1.8076285,-1.4989871,-1.8173625,3.7778766,-1.8173249,-1.8177984,-1.4231441,-1.8176543,0.79119104,1.5816474,3.8541112,0.90128523,-0.12602182,-1.813513,-1.7460624,2.1658905,-1.8177078,0.7641847,-0.7966381,-0.4839522,-1.7609975,0.7974113,-1.8177224,-0.13541865,2.78001,-0.21896935,4.0812016,4.3475766,1.2586039,-1.7729442,-1.1771908,0.5271152,-0.5747801,0.021075485,0.001129311,0.96103823,2.562588,0.025362195,0.8127195,159.30505,174.32321,0.006411318,0.020898838,-0.32675096,0.048059642,0.059005696,-0.03504316,-0.2885967,-0.29494244,-0.034214005,0.113805726,-0.69680774,-0.2994726,-0.39007288,-0.34934014,-0.36986455,0.30713952,-0.1505874,0.18839413,-0.19097851,-0.12507707,0.2511012,-0.38128284,-0.31726977,0.025388747,0.7220563,-0.70278114,-0.09620194,-0.53072965,-0.3591319,-0.43392333,-0.3211204,1.0778165,-0.33066443,1.9364698,-0.19863813,-0.21809112,-0.3127816,-0.3259063,0.32057515,-0.2604783,-0.19834135,0.5264222,-0.33456448,-0.29783678,-0.32208833,-0.020881321,-0.44078827,-0.005246636,0.43594033,0.02301067
0.7123689,-2.1458566,-0.52264947,1.3720424,-3.1873052,1.3109646,-1.035217,-0.83278805,-1.8309681,-0.76812255,-1.2605476,0.9655565,1.5722035,0.76347387,-1.0663573,0.41330007,-0.21995847,-2.3972738,-0.92126274,-0.015131689,-1.0830461,0.37126732,-1.3450042,-0.121997334,1.2341902,1.8464686,2.0735385,0.18358968,-2.096174,0.6107523,0.681043,1.4731132,-0.6727471,0.7228801,0.44289964,1.5275867,1.6414791,5.935251,0.020204479,0.19982295,-1.7069079,6.0301323,7.876924,7.832769,7.762173,0.012084711,6.1125145,0.0072469595,0.4882502,2.7492566,0.0050324583,0.0240952,-1.815092,0.016117856,0.18000345,0.33346343,7.050958,7.632794,6.6501803,4.400744,4.4892955,1.3108382e-06,4.8368,0.0013929453,0.00024273465,6.085943,4.762351,6.968682,3.815752,-1.803442,4.1429524,5.796434,-1.6935217,0.997921,0.24405411,0.8831476,4.1884303,-1.8133991,-1.8175861,4.548451,0.007522635,2.5245364,0.047521885,0.0069084354,4.101036,4.5348773,5.4521427,5.3041706,5.632316,1.86967,6.3344297,-1.5408059,-0.29587683,5.361521,0.06570446,5.8806014,1.9245828,5.5131264,4.900799,5.1196976,3.9287455,5.4156756,-1.7758,-1.8115427,-1.7551924,-1.5627834,4.6022506,4.353095,0.0455665,-1.8146483,3.883121,4.616785,5.94505,4.698978,5.2740207,0.20313291,6.5836616,0.117663786,5.386803,0.08025141,1.3498099,5.054407,5.0954566,5.0629983,4.152459,6.5120335,4.8927455,0.102547325,6.051688,6.2334604,5.3717623,2.7889125,5.5707335,2.8779843,5.9704704,0.028752465,2.2609916,4.348394,4.661951e-05,4.1001534,5.0071635,3.093104,6.0866694,3.7371235,3.58087,0.005686713,21.66958,6.1613555,0.05955269,7.334553,4.426199,3.6872985,4.3499146,-1.813543,0.011780745,1.5005358,5.2587805,3.9055097,4.592099,5.597795,5.528,3.870496,5.8579125,0.028908657,4.2516327,4.4693327,3.7393398,1.7969986,4.6849203,5.0219536,2.5611982,4.4794264,-1.8178092,4.3722577,-1.7604985,4.3493547,-1.6318178,3.5309763,0.010559993,4.5934324,4.546134,4.952555,3.8836448,3.7268136,1.0985194,3.8238187,-1.7685864,5.465158,5.5945377,5.433974,6.560218,-1.7030612,-1.7885853,5.0283556,-1.8119049,3.373393,-1.7933677,-1.7881889,-1.7383552,4.467444,4.356616,-1.7630166,4.4953,3.7911716,4.1659427,4.85493,4.1602454,2.3845487,-1.7992024,4.605725,2.7398648,1.8774749,1.5230712,3.2086508,-1.81664,3.129185,1.9634038,4.791574,-1.7773647,-1.7841945,-1.7917657,2.2768543,-1.8155311,4.942969,-1.7926629,0.033541307,0.00860372,0.796156,1.3545158,-0.23168999,0.58724517,33.413418,31.81957,0.46508607,0.87453544,1.1509491,-0.5322459,-0.29817292,0.26307878,0.35982388,0.049819432,-0.14494237,-0.36320585,0.45052665,0.69414264,0.6645782,-0.19933894,-0.023824893,0.39225164,0.4653901,0.6050511,-0.4300177,-0.3599683,0.56849664,0.04461061,0.17650129,0.36749688,-0.4181137,0.1252258,0.4728893,-0.14963229,0.04198076,-0.3891312,-0.16062531,0.64075214,-0.6679338,0.64587647,-0.23953353,0.6887169,0.685371,-0.35159642,-0.35722297,-0.2589898,-0.23136668,0.011289805,-0.30865246,-0.28967446,-0.3432332,-0.17501953,0.34920776,-0.4831913,0.50253767,0.07576499
0.16577065,-2.140959,0.11893996,1.5381931,-2.7336783,1.2553273,-1.2586472,-0.9262871,-4.4754267,-0.6505397,-1.2291511,0.98039854,1.5275364,0.52398515,-1.4373534,0.31080765,-0.047576226,-2.5154145,-0.6249257,0.107110634,-0.6252888,0.21917143,-1.0424308,1.1213894,0.89734215,2.1819022,2.0366206,0.2384944,-0.9790542,0.6211042,0.6286443,1.2434889,-1.1977584,0.7439787,0.4857092,1.4826351,1.6310279,5.7069564,0.009382852,0.017680513,-1.7345084,5.6071625,7.761646,7.9801335,7.9458756,0.010485244,5.627564,0.007248026,0.10607267,4.698406,0.00014796897,0.008831678,-1.8176831,0.051679347,0.2185198,0.10814673,7.0226893,7.75172,6.5298753,4.3261805,-1.0267683,1.3149587e-06,4.7355895,0.007648808,0.0011841682,6.083149,4.9977484,6.9768343,6.230419,-1.4887879,5.678124,5.882137,-1.3383719,5.1228914,0.11201601,5.5332794,6.3586216,-1.7968374,-1.8177184,-1.6765634,0.0042118332,3.5613399,0.014943416,0.00155421,4.365926,4.535247,4.8931255,4.956912,5.1189604,4.037033,6.789721,4.6462836,-1.7352723,6.918023,0.04633269,6.354273,0.46694055,4.563429,4.854655,5.2136407,2.4256039,4.9701133,-1.1738842,-1.8100258,4.531757,3.6794078,4.825418,4.806231,0.25444746,0.82898957,3.8296952,5.851415,5.9778132,5.661738,5.4708858,0.091958374,5.079698,0.3305415,6.256806,0.03478411,0.5842867,5.187859,5.145685,4.78059,2.458925,6.185502,4.9923496,0.28364998,6.4850736,5.6030507,6.1529818,5.3057346,4.7232327,-1.5979196,5.67476,4.050204,5.2441726,5.853788,0.0010166052,5.5730124,4.9535017,5.6842203,3.2675576,3.5405054,4.89834,0.023659544,28.20538,5.899635,0.07156078,7.429284,4.657318,3.727512,0.6849557,2.4237332,0.09599336,3.1481047,4.9514284,3.9874358,4.788514,-0.39341086,6.371594,6.0738688,6.3247495,0.028987974,5.5712314,4.635533,4.736224,3.4423544,4.45153,5.5052137,4.104508,4.8303065,-1.817525,1.6474403,2.626805,4.8988557,-0.45749885,3.4737403,0.03210728,4.3651805,5.132331,5.226586,5.081453,4.976056,4.494063,4.491771,5.957697,6.4484625,6.615812,6.1034603,6.418329,4.2349787,-1.5496408,5.809229,4.6461844,-0.46430817,6.375076,5.507629,4.9662075,6.123236,4.530836,3.4371982,4.552538,5.2063603,-0.3134719,1.1773839,2.2034986,0.46512318,3.0794806,4.9902315,4.5726595,3.9421403,4.8332257,5.581057,-1.6639647,2.7985609,4.2345023,-0.5250731,4.3950353,-0.41390836,0.01999798,0.9267936,-1.8080412,4.430777,0.12438594,0.02540107,0.026144931,0.7709634,1.3597043,0.016062971,0.80055624,125.324776,160.82521,0.024722109,-0.114484884,-0.26116377,0.09662678,0.026287433,0.06799013,0.032374863,0.04916677,-0.2779354,0.05383135,-0.5247348,-0.42180693,0.059038725,0.091486774,-0.29064867,-0.4440954,-0.25944182,-0.4273299,0.026499813,-0.16097425,-0.17028633,0.1720715,0.12506203,-0.3842645,-0.073424704,-0.4395705,-0.21691097,-0.1289675,-0.08338167,-0.30448157,-0.18679212,0.0958391,-0.15219435,0.6894223,0.5006641,0.03714639,0.57713425,0.09308445,0.046391297,-0.1233377,-0.22993547,-0.26537466,-0.28617766,-0.29374045,0.09161117,-0.44706506,-0.46003735,-0.25034112,-0.6668767,-0.31717458
0.47943878,-2.1462915,0.2178915,1.4798944,-2.9621172,1.3492845,-1.0836253,-0.5540517,-3.574332,-0.4838301,-0.9256065,1.1498773,1.7411166,1.0714118,-1.2015264,0.5223575,0.10602794,-2.4928384,-0.16674057,1.3416709,-1.9891163,0.24143389,-1.3473393,0.38901138,1.141172,2.5135841,2.0307066,0.39254612,-1.2706487,0.60520685,0.6853455,1.1158853,-0.3482488,0.8327889,0.39096108,1.6267947,1.7538114,6.878263,0.2705759,0.13970877,5.06361,6.832823,8.403214,8.729961,8.74249,0.5228965,6.298829,0.017223222,0.07784534,5.0097885,3.09829e-11,0.0010438508,-1.8108598,0.0046770973,0.14061056,0.11341212,5.87426,7.5807896,6.2641945,4.39265,-1.8166766,0.016246391,-1.4330482,0.0006695842,3.2900007e-05,5.4249115,-1.6774395,6.4272404,4.977441,-1.8178186,-1.8139932,6.079966,-1.2914501,-1.8178132,0.015706548,1.2130592,-1.8178138,-1.6922444,-1.8134165,-1.8160796,1.5313586e-05,-1.8177661,0.00059502054,0.0075907973,4.725536,-1.8178116,4.3955884,5.068567,5.262357,5.0238667,7.154161,-1.8177228,-1.8178172,5.4095984,0.40619594,6.0854697,-1.725465,4.240845,5.2984805,5.883375,5.903745,6.1583266,3.6977966,5.0751586,-1.8048954,5.5541573,4.3847895,4.24905,0.00021587702,-1.8177603,5.140868,5.0334754,6.29897,5.964288,5.1409054,0.03535493,5.7631216,0.5984439,6.0036697,0.00023214235,0.31928805,4.918216,4.7403364,4.717466,4.008417,6.17878,5.1771035,0.005234379,6.7903404,5.7441497,7.2705646,2.4013796,4.107326,5.4431596,5.29964,-1.7776655,5.415463,6.4700146,2.410059e-06,5.442285,4.829618,4.910421,5.827123,3.6742327,5.4136996,0.00026786426,0.003221234,6.2137046,0.44004694,7.052303,3.8506835,-1.8046507,5.4451203,4.926089,0.00012045304,3.9572506,4.493774,-1.7404315,4.2837896,5.368955,4.1871758,5.054567,1.9130003,0.0061705406,5.0961466,5.55569,5.244388,4.875554,4.9777994,6.3068485,4.5880704,4.5749087,2.658531,4.5434012,1.0614471,4.9988546,-0.40026444,-1.7326201,0.000967621,-1.8177674,4.879365,6.388342,5.795446,5.4651146,5.2448735,5.184903,4.9509254,5.23187,3.2182243,4.5506964,7.457317,-1.815918,-1.8178185,4.14563,2.2265759,3.7175353,-1.817817,-1.7918345,5.753284,-1.7698382,4.9677987,0.84297985,5.5320125,6.0443172,5.1265435,4.763341,5.8182235,4.547907,4.6499906,3.3800488,2.3034048,3.5939987,-1.7685406,4.733476,6.6377697,3.8634872,0.84402686,5.6093397,2.9193866,-1.7904006,4.4633555,4.842504,5.2839913,6.1736712,5.5999374,0.005846429,0.001127824,0.98250383,2.3128633,-0.19325535,0.8602329,44.35424,41.28119,-0.7974758,-0.45740867,-0.42348728,-0.46297842,-0.13853702,1.1143433,1.1706172,0.53284234,0.7143192,-0.21609448,0.41731033,-0.24711968,0.22436158,0.08059449,0.36417988,-0.14948994,0.32569203,-0.31922528,-0.19007887,-0.38109285,0.32593656,0.4652033,0.048348326,-0.19759177,-0.1971931,0.09493694,0.02149985,-0.21260533,-0.13920541,-0.38807818,-0.10442475,-0.016981276,-0.26881728,-0.18210286,-0.389812,-0.44292554,-0.19521496,-0.13090861,0.50850713,-0.14869754,-0.13635354,-0.22845654,-0.31221008,-0.29812685,-0.12831457,-0.2482752,-0.5802495,-0.29365987,-0.30298448,-0.057136163
0.777659,-2.1462915,0.10626905,1.8836341,-1.9434998,1.5817801,-0.39447993,-0.45397276,-1.8704023,-0.06555737,-1.1827104,1.3129727,1.5763565,1.1727424,-0.8412229,0.4264189,0.38669077,-3.4369612,-0.7551944,0.13501552,-1.9518493,0.50671333,-0.96558166,0.87898713,1.065009,1.8479581,2.1085029,0.4060394,-1.631578,0.6225535,0.8067631,1.4096135,-1.1587336,0.8871961,0.32568723,1.6333756,1.7964497,7.0357556,0.47926033,0.48506227,5.251785,6.467427,8.344243,8.712547,8.527867,0.055908512,5.8692555,0.012341225,0.03278797,4.5234447,1.9554714e-12,0.0028545593,-1.7415748,0.004693723,0.14070445,0.100391604,5.9500737,7.729233,6.347605,4.468382,2.2197046,0.010425124,5.5038376,0.00067013066,3.2937754e-05,5.8831806,5.8205137,5.861931,-1.705602,-1.8178123,-1.6772166,6.3548756,-1.8178184,4.1434207,0.033767883,4.612439,4.523753,0.8212271,-1.8099388,-1.8172357,0.00034585825,4.1051,0.0005963115,0.0031406987,5.1909676,-1.8120289,4.723855,5.4124975,5.0552974,5.092427,6.529885,-1.8178179,-1.8177859,6.1416116,2.2965753,6.3696547,4.654579,4.320932,3.073904,6.016674,5.9076543,6.1132026,4.3981457,4.6310296,5.374055,5.109909,5.433943,5.3100996,0.0002167394,5.222812,5.7946386,6.223889,6.8342795,6.1958694,6.0637856,0.064800315,5.9155846,1.0968956,6.4251356,0.012446199,0.52888405,4.9582324,5.0997353,4.7153563,3.7992465,6.6040554,6.105249,0.16256574,6.31017,3.03161,6.9073606,5.6584206,5.7418165,5.6910367,6.244686,4.942828,5.5981603,6.152765,4.450114e-06,6.4872,4.2403474,3.4968474,7.599982,3.7552156,5.9701147,0.0008886757,0.003722401,3.9540446,0.2800896,7.9420757,3.1739125,-1.5624725,5.224346,4.9248705,0.00012230907,3.7443457,5.3292775,-1.6791718,5.7363005,6.523364,7.415757,-1.8153477,7.627692,0.054730274,5.7184696,5.04539,4.948719,3.5112123,4.6058717,5.9494805,4.6070814,5.1771774,3.8219323,4.8393703,4.013916,-1.6763594,7.8114276,2.9051998,0.00096764666,2.216923,5.2691016,5.6879973,5.281584,5.397384,4.8804216,2.3544023,5.87387,6.2188063,5.6057305,5.2139897,6.343054,4.826912,-1.8177954,5.629567,6.8674107,6.202439,-1.6128938,-1.5412241,5.3166146,6.112336,5.0366473,3.0378084,5.5724463,5.122579,3.5914042,-1.6418152,5.5110555,4.611648,-1.7408099,4.6932573,4.207758,3.8020196,4.4531054,6.5199013,1.6283617,4.228631,5.5165353,4.56612,5.159453,7.2544346,4.3986793,4.854989,5.1219344,6.061007,5.5999374,0.0056776004,0.0011278343,1.028599,2.800983,0.01641765,1.0350822,191.14209,191.06435,-0.21008024,-0.46874803,0.1930856,-0.15029654,-0.19796039,0.44940943,0.078761615,-0.36922407,0.30940512,0.23742996,-0.19788052,-0.18800613,-0.34759983,-0.4128268,-0.39456007,0.32280967,0.2621738,0.16970274,0.23930141,-0.041547,0.34952807,0.16319636,-0.18009648,0.42989102,-0.0728421,-0.57523096,-0.37093103,-0.47603264,-0.33136007,-0.3822219,-0.35426486,1.151101,-0.4494163,-0.28126216,-0.15273416,0.0717993,0.033127196,-0.23766126,0.20243078,-0.25256813,-0.18364272,-0.26602966,-0.3304657,-0.29812688,-0.23482168,0.21952695,0.23942049,-0.1934626,0.018417576,0.61215115
0.5615081,-2.1462915,-0.11749781,1.469791,-2.1560764,1.2345157,-0.91352373,-0.90470344,-4.3770056,-0.5552957,-1.1727264,1.2587415,1.4184833,0.64993185,-1.4294505,0.101901665,0.15103848,-3.3178697,-0.6744633,0.6268002,-1.9610885,0.46462053,-0.89646244,1.6331123,1.1241472,2.3169296,2.236276,0.3209315,-0.5703132,0.6246024,0.88501,1.286143,-1.4870995,0.8261104,0.5267452,1.5282909,1.7350549,5.7318993,0.6979345,0.21393354,-1.7066923,6.146934,7.893275,8.472318,8.410459,0.19240855,5.7765055,0.022187183,0.042606354,4.20792,4.933256e-09,0.0005902048,-0.7451516,0.004679815,0.14069316,0.06502011,7.478956,7.6521688,6.241,4.7247124,-1.8106351,0.018850269,3.6890159,0.00067003886,3.2943524e-05,5.2655206,3.2023451,5.3704996,-1.4081377,-1.817817,-1.7940383,5.2632885,-1.8176262,-1.7253486,0.021280043,4.798496,-1.8071859,-1.7918617,-1.8080549,-1.8101246,7.839763e-05,-1.7910117,0.00059687195,0.0035732079,4.7726607,-1.8174537,4.5163736,5.134309,5.0292606,4.9156456,6.8119607,-1.8176064,-1.8178,5.3672614,0.49317923,6.1917624,3.639366,2.5848124,5.31408,6.229785,5.902122,6.374674,4.2270207,5.4975724,4.812444,3.7288868,5.239438,4.6220737,0.00021722382,2.294343,2.273517,5.523184,6.3362117,6.500103,5.459767,0.07974478,5.66782,1.8765734,6.2646046,0.0017661788,0.9768151,5.32079,4.853536,4.948508,4.1215963,6.1824403,4.263218,0.12392239,6.2604375,-1.1061487,7.053114,3.3005939,3.6541564,4.908873,5.209756,0.9425718,5.9570355,6.370403,3.1677166e-06,5.8731046,4.449359,3.5744166,3.8593602,3.4970696,4.969901,0.00038387318,0.00389971,5.2697325,0.08637438,7.4658556,3.8575194,0.6248572,5.0027823,4.9191227,0.00012160579,3.768654,4.9746833,-1.7255571,3.5299647,3.9747884,4.7182736,-1.0880406,6.591629,0.017881,5.1719604,4.814875,4.5321016,4.8289866,4.454495,6.2974052,4.3803487,4.6356564,-1.7790796,4.0817676,-0.8918118,2.2936754,0.25297996,-1.6914227,0.00096764526,-1.8105308,4.7083464,6.0200696,5.494789,5.4568458,5.045524,-1.7449563,4.814435,5.401276,5.6406994,4.846213,7.21017,-1.6345956,-1.8178133,5.8995876,5.020341,5.491973,-1.8041483,-1.5570683,5.468847,2.305616,5.113166,-1.0980638,5.0273232,5.7498837,4.7816415,4.076598,3.7207067,5.1449275,-1.6545324,4.6794863,4.0614862,3.7747269,1.1950707,5.917604,4.509341,3.8985443,4.1327934,4.900039,4.7608957,4.320418,4.1436877,4.83861,-0.6659558,5.4224744,5.5999355,0.009081313,0.0011278463,0.59322953,2.103564,0.100256674,0.869329,148.62729,153.987,-0.031020876,0.7585557,0.2831254,-0.385841,-0.3621819,0.03825348,0.6529588,-0.17924394,-0.08047283,-0.032475296,0.20131609,0.17467597,-0.017847886,0.36187235,0.29522303,-0.03686528,0.57423145,-0.14641793,-0.41131866,-0.30809674,-0.45566568,0.88780814,-0.31365585,-0.4625637,-0.24864814,-0.0695428,-0.16686748,-0.45645076,0.5861609,-0.09970701,-0.31513748,0.15812027,0.051778797,-0.12936893,-0.07246187,-0.047039326,0.7622398,-0.3437252,0.24682483,-0.2010486,0.079143815,-0.04609998,-0.30390742,-0.2981268,-0.3390139,0.08946949,-0.06369522,-0.07082458,0.0005995502,-0.10852361
0.4746729,-2.1462915,-0.22870432,1.7097617,-1.9850187,1.3429025,-0.26921678,-0.6105822,-2.4077513,0.09790569,-1.2509941,1.1573478,1.5348148,1.2186671,-0.98702973,0.06653446,0.07076834,-3.454539,-1.3640738,0.28726855,-2.0116367,0.35147026,-0.9187661,1.3310944,0.94930655,2.137345,2.0884426,0.4124183,-0.9195549,0.6153946,0.74755216,1.674477,-0.6165586,0.85422814,-0.12689401,1.4841474,1.7347498,6.1823564,0.021577245,5.7352576,3.1843436,6.1537547,7.702073,8.139335,8.201694,0.42244238,5.9015355,0.0073050717,0.23435205,2.2891874,7.5425432e-06,0.009974368,-1.8130003,0.0046792054,0.14062662,0.15162176,6.224775,7.2800784,6.2109537,-1.7738327,-1.8161461,7.2538045e-05,4.6293807,0.00066982216,3.29101e-05,4.911416,4.702973,-0.16912012,-1.8154037,-1.8178184,-1.8177191,5.528503,1.1162778,-1.8178185,0.029997569,5.4860024,-1.8178185,0.035578813,-1.8164307,-1.8149729,4.874458e-05,-1.8177843,0.0005968187,0.012148203,-1.7692865,-1.817717,-0.92875266,-0.29688543,-0.95052254,0.22367086,5.2075677,5.6572924,-0.760153,6.759119,6.1720176,5.186747,-1.809979,3.2094383,4.351613,0.21117263,-1.809781,-1.7475159,-1.817805,-1.8119013,-1.816611,2.0656936,4.1245346,4.419494,0.00021897962,-1.8178022,-1.8025761,5.111039,4.2548356,-1.760563,5.2587056,0.03866661,-1.0274112,0.93235016,5.091809,0.0005472617,0.055929292,-0.90502554,4.358038,3.4234855,-0.58668715,4.67856,4.5327253,0.040998083,4.939594,2.0276732,-1.7796891,-1.3774043,3.105294,-1.7906299,4.962786,-1.817753,-1.7824477,-1.7760137,2.4311826e-06,4.800456,3.948216,-1.8138318,4.462431,2.8831697,-0.44236642,0.0002698629,0.0037845853,-0.54288554,0.03484977,-0.44486699,4.8197474,3.8497398,-1.7825577,0.25087017,0.00012130404,-0.55354273,-0.9986221,-1.8129803,3.4983344,-0.24593042,5.379182,-1.816322,5.620928,0.004001172,-1.7820737,-1.7908471,-1.8011982,-1.7884417,-0.27241498,-1.7716916,-1.7875684,4.045722,-1.8177617,-1.809952,-1.7932173,-1.8172253,-1.8117837,-1.8038013,0.00096795184,-1.6985132,3.1256328,-1.7790995,-0.42476782,-1.7826569,-1.7928437,3.1038675,-1.8010579,-0.78235346,-0.86038756,3.7447987,4.7782006,-1.8178184,-1.8178059,-1.8061059,-1.8177356,2.844,-1.8178183,-1.8178185,-1.7640861,-1.817817,-1.7776636,-1.1209912,3.5146623,-1.7853312,-1.7976947,-1.8097023,-1.8003718,-1.8150216,-1.8178084,-1.8128959,-1.8114821,-0.31705275,-1.8175046,-1.7701192,-1.8176565,-1.7981063,-1.7848885,-1.7944205,-1.7572778,-1.8140141,-0.38840804,-1.8160602,-1.8152546,-1.7821728,-1.807167,0.052370857,0.001128137,0.7590683,3.0792084,0.12765889,0.8677805,192.3413,192.68567,-0.61954486,-0.38974163,-0.34718338,-0.2830739,-0.38885543,0.835952,0.4378547,-0.10906553,0.36319476,0.019348156,-0.47150543,-0.34439313,-0.40741757,0.20088015,-0.27014008,-0.08445201,-0.2016684,-0.030580204,-0.13977377,-0.14544204,0.30424148,0.41827735,-0.17157064,-0.025386581,0.5557393,-0.7557791,-0.31241938,-0.3778255,-0.022001222,-0.45009553,-0.42846557,0.8869234,0.07316842,-0.19556706,-0.19013174,-0.28875613,-0.14413005,-0.30560464,-0.30097175,-0.12582654,0.6329825,0.16059804,-0.31554312,-0.29811323,-0.296687,0.14394227,0.23084377,0.59077847,0.72369105,0.11828991
0.7711505,-2.1462915,0.055108987,1.5004715,-2.5354369,1.5169846,-0.7856887,-0.4559908,-3.0522878,-0.21352293,-1.0301985,1.2855883,1.6429586,0.971498,-1.2926337,0.4342676,0.08621934,-3.4416747,-0.5252217,0.46000484,-0.8466029,0.6575116,-0.9941098,0.7948154,0.79624695,2.1682427,1.9640046,0.4220492,-1.1857245,0.6205153,0.6096227,1.3877212,-1.3650682,0.8996699,0.48284838,1.5298966,1.7613487,7.14279,0.5633044,0.2242048,0.9864257,6.6399603,8.450553,8.8761,8.811625,0.14589396,6.1872306,0.009315907,0.06406415,5.4741526,6.308235e-12,0.0026227129,-1.8093884,0.0046790238,0.14062631,0.18756485,7.450668,7.771178,6.4168086,4.645648,-1.6709126,0.024656588,5.266851,0.0006696204,3.2909156e-05,5.865996,4.8682346,1.6700424,0.3008007,-1.8177358,1.2321565,5.6779737,-1.8177395,-1.7944919,0.028468467,-1.6945431,1.7511463,1.3744453,-1.807351,-1.8170667,0.00017611886,2.9503741,0.0005952262,0.006717763,4.778931,-1.0876621,4.8633227,5.159642,4.857624,5.8491592,6.7394056,-1.8178179,-1.8178023,5.823192,1.5182741,6.384557,0.0751312,4.3216896,3.586587,5.870113,5.907653,6.0018926,3.8589268,5.187905,-0.7540989,4.731953,4.040862,4.8208594,0.00021646534,-1.7418562,4.485142,5.5484643,6.2233577,5.8613067,5.089926,0.026551476,5.9683337,0.6575349,6.1516147,0.007663417,0.20554793,4.8436446,4.621069,4.7686644,4.2474976,6.456309,5.4677505,0.039259434,6.241441,5.414592,7.0167108,5.032909,4.718314,5.307154,5.694257,-1.0428525,5.333845,6.033433,2.465061e-06,5.754985,4.2458234,1.0153234,6.5195303,3.5348237,5.563565,0.00044036034,0.0033893117,5.4545946,0.42218795,7.320047,1.5528617,-1.7448967,5.0795255,4.9252386,0.00012076463,3.6256201,4.52956,1.8446257,4.935536,6.0189734,6.918046,-1.7724164,6.7165,0.011972828,5.4121766,5.122713,5.67682,0.30571613,4.210489,5.9854345,4.551048,4.796071,-1.636621,4.505491,4.7668843,1.7011981,6.1232324,-0.9324856,0.0009676307,2.543038,4.952494,5.778036,5.1359653,5.642801,4.576429,-1.4673223,5.563767,5.887332,5.6548753,5.395915,6.843874,5.205386,-1.8151243,5.3199325,6.849188,6.232744,-1.3450198,5.1480546,5.411245,6.1234946,5.097051,-0.9767312,5.477875,5.431846,4.781589,2.8454893,5.4950047,4.2828565,4.475486,5.005091,4.102201,3.641063,4.5933776,6.182075,-0.38254473,3.8794036,5.47143,4.7860913,5.466847,7.2537813,4.3483725,4.8549614,5.0412383,5.926198,5.5999374,0.0067384616,0.0011278276,1.0050611,2.5891023,-0.027268818,0.9396236,106.18326,99.43772,-0.5440138,-0.28356972,-0.24856256,-0.4852335,-0.2578454,0.29420745,0.43765315,-0.20095591,0.021666527,0.12989154,0.11815278,0.32269952,0.12655617,-0.19889273,-0.21398167,-0.32937306,-0.18441436,-0.35611308,-0.22694093,-0.14821826,0.15410222,-0.07757204,-0.26384872,0.15724006,0.022096474,-0.15064226,0.14454375,0.03437975,-0.29225543,-0.08981145,0.12767428,0.40245402,-0.19478329,0.10473078,-0.5179696,0.09217534,0.27966017,-0.16375446,-0.17586626,-0.24909075,-0.10468362,-0.2656475,-0.33076155,-0.29812688,-0.2376682,0.19300011,-0.29932985,-0.25981915,0.28379467,0.16469577
0.84014267,-2.0730557,0.1151045,1.3496519,-2.5012996,1.328257,-1.024535,-0.911519,-4.343331,-0.517596,-1.1494733,0.85477275,1.5068887,0.80060524,-1.4199815,0.1449195,-0.11808837,-3.4005802,-0.68381405,-0.022325372,-0.43665197,0.16662522,-1.0446842,-0.4583614,0.85770476,2.213227,2.1302135,0.35452884,-1.2569178,0.62205166,0.60088646,1.3539973,-1.1592087,0.74393207,0.5019986,1.4848813,1.619915,6.0034328,0.0008975716,0.0023392618,-1.7118007,6.199346,8.041713,8.168727,7.9611244,0.007947921,6.379245,0.0072162314,0.8504387,4.7788568,4.807784e-06,0.008302656,-1.8178184,1.0877237,2.0720997,0.69564956,6.9348025,7.910744,6.8423853,4.9721136,2.242329,2.9910634e-08,6.0003695,0.12749216,0.00976921,6.944018,5.6847434,6.9777393,6.2306657,-1.6414368,5.698009,6.199935,0.24375437,4.0175714,0.6945188,4.2306957,6.3603644,-1.8130705,-1.8178159,-1.7973965,0.0059705777,4.942139,0.1934234,0.0010948072,5.179124,4.5356727,5.593231,6.0221486,5.904452,5.2849813,6.7300777,5.4829273,-1.2129906,6.7165966,0.04760597,6.367357,-1.6399392,5.525306,5.40971,5.8702517,5.466249,5.9720626,-0.5539532,-1.8157158,5.7205367,5.4474435,5.966048,5.9744496,6.134201,5.3139553,6.672628,5.847289,6.9559216,6.1549253,5.147693,0.07316836,5.193029,0.18593723,6.37195,0.16420908,2.9490666,5.9387035,5.177788,5.329841,4.539835,6.9536114,6.584748,0.049792238,6.4358892,5.904954,6.7240753,6.6024814,7.303241,-1.802281,6.941042,4.8879514,5.9174943,5.9167056,0.026881637,5.4440646,5.7210093,5.80191,5.937638,4.6925564,5.561362,0.04890499,584.562,7.22399,0.24859296,8.44288,4.3644185,4.2164745,2.5215712,-0.61276656,1.6908809,3.2566745,5.6168256,4.196007,5.9868455,6.27132,7.594307,6.077445,7.2961597,0.09642953,5.867357,5.4308267,5.0911765,-1.0456802,5.209924,6.317125,4.6977334,5.0018773,-1.8178083,2.5238864,5.7714167,5.4027934,4.1220174,4.8903756,0.9750814,5.4667907,5.635878,5.3164988,4.831791,5.6291614,5.3034673,5.0452685,6.2673254,6.951426,7.1286397,6.5256906,5.9759865,5.7408566,-1.7231619,6.3077035,6.658123,-1.7391334,6.3794813,5.8056407,5.506459,6.125969,5.500251,0.92674273,4.7571793,5.4209995,-0.5362833,4.979225,5.1159067,-1.7194871,4.625287,5.2341,5.050757,4.140269,5.2365093,6.3675885,-1.8097215,4.2505665,5.45102,0.004365528,5.073092,5.8932767,0.956016,3.12658,-1.8153394,5.533901,2.8018084,0.022564331,0.4505297,0.72555417,2.0482745,-0.032574277,0.68352276,85.93882,66.75982,0.5435536,0.39857137,-0.14126228,-0.24611813,-0.2915652,-0.007018619,0.10076167,-0.12403919,0.0328487,-0.3411212,-0.50705266,-0.19325045,0.30665553,-0.12626293,-0.30951995,0.36053225,0.31234542,0.54497486,-0.023263028,-0.37650397,0.7399136,-0.09336997,0.1449475,0.7305581,-0.49275935,-0.28784674,-0.07267462,-0.2806244,0.016252628,-0.5907661,-0.25205988,-0.099833235,-0.5119817,0.95064044,-0.45438007,0.29847705,-0.24223396,-0.20556103,-0.4336352,-0.239125,-0.23436938,-0.26843673,-0.28418094,-0.2980739,-0.21200843,-0.31452024,-0.5601228,-0.52360183,0.44970635,-0.27911013
0.6735644,-2.1462746,0.3807723,1.9307377,-1.9039419,1.494453,-0.4641709,-0.64678663,-4.0527635,-0.03899396,-1.2727917,0.8425521,1.6386606,0.91489,-1.7264662,-0.20452769,0.18966569,-3.4549577,-1.0667619,1.3418872,-1.0895839,0.05111237,-0.45081997,1.6027266,1.052751,2.2472777,2.0172005,0.5012979,-1.9458312,0.6251692,0.6660456,1.591593,-1.7053388,0.91339165,-0.18546776,1.4625973,1.7878528,7.162539,0.0071168607,0.05293159,6.921583,6.6595063,8.422409,8.736308,8.667887,0.15852574,6.2681475,0.0072080153,0.044160414,4.7170386,1.410842e-12,0.0011326065,-1.8178176,0.0051857103,0.14082885,0.027862031,7.2771626,7.8917804,6.587552,4.937329,-1.6064959,0.004250135,5.2233796,0.0006705282,3.309246e-05,6.276951,5.7689295,6.970478,6.1560736,-1.8174219,5.338788,6.610885,-1.8178184,-1.0151801,0.00877461,-1.6475337,6.3413258,-0.67736596,-1.8175725,-1.8176413,0.00016351187,5.2552166,0.00059936213,0.0057394165,5.4779677,-0.6347974,5.4171033,5.973175,5.712488,6.284808,7.295867,-1.8178171,-1.8177958,6.4245105,2.0700164,6.912106,6.036539,5.764503,-1.4290338,6.256645,5.907651,6.426661,4.4259906,5.3408093,4.653903,3.9038482,5.508114,5.7796483,0.00027208112,5.3238893,6.991168,6.4668193,6.7022963,6.4982505,6.142045,0.046153706,4.647418,0.64776665,6.058787,0.0015262499,0.040183865,4.886345,4.609254,4.851156,3.9243722,6.8938484,6.536452,0.29200926,6.5508585,-1.2855195,7.5844927,7.0681634,8.190461,4.865539,6.4206324,4.28859,6.3003674,6.0743504,4.3815407e-06,6.76446,4.554613,4.953398,7.8561263,4.123322,6.205277,0.012191233,0.01717239,5.2079363,0.047416802,8.08513,4.850629,2.7843428,5.65881,4.9204183,0.00016299199,4.1970916,5.534121,2.5110126,6.0351076,6.819874,7.56995,-1.8127037,7.656454,0.042405453,5.926953,5.326983,5.534839,-1.5309527,4.9875937,6.443284,5.2064495,5.0854077,-1.5352762,4.7933855,-1.5413499,5.025507,1.698542,-1.7300807,0.00096836546,0.48751378,5.3857565,6.210051,5.663527,5.93552,5.710727,-1.6031001,5.9556775,6.1047416,6.77027,5.8515897,6.917214,6.2664843,-1.8015343,6.1956453,6.867767,6.190095,6.2143793,6.2507706,5.6068044,6.125951,5.4085646,3.4841728,5.3836946,5.9090257,4.5001454,-1.6870768,5.3370323,4.720705,-1.7801479,5.576779,4.6158485,3.8506746,4.9089875,6.52667,-1.425481,4.539557,5.520034,4.324707,5.464806,7.2544875,4.1309295,4.854813,-0.58056813,5.764583,5.5999374,0.009334437,0.001128113,0.6605561,2.8014421,0.4370655,0.98936,105.718994,125.73664,-0.6938233,-0.71009463,-0.4921916,-0.3971005,-0.06054776,1.42978,1.4577919,0.06525477,0.7005052,-0.2071543,-0.6383695,-0.25182247,-0.46609238,-0.34137923,-0.40246576,0.24995078,-0.26815152,-0.2924187,0.36937803,0.5793842,0.6682153,0.060060475,-0.27619207,0.59998,-0.24388243,-0.6933735,-0.16216095,-0.48724806,-0.23419909,-0.5408456,-0.14465845,1.5477908,-0.4835233,-0.11699,-0.5520458,-0.1338461,-0.3656984,-0.021728454,-0.2254689,-0.26252493,0.070728995,-0.2684627,-0.30444258,-0.29812688,-0.035606403,0.07343056,1.1524367,0.115457244,-0.18795657,-0.0028480343
0.4267072,-2.1462915,-0.08693584,1.6787747,-2.4055214,1.370378,-0.51934814,-0.85084283,-3.0972853,-0.4623335,-1.0254433,1.2066268,1.7105201,0.9119003,-1.2588687,0.3257115,0.2280259,-2.9399335,-0.3499483,0.69947964,-1.6153249,0.4176911,-1.2049575,0.43974763,1.0159532,2.001538,2.2404568,0.3036313,-1.345936,0.6071442,0.6777546,1.1710715,-1.6227163,0.85915893,-0.008988226,1.5789921,1.757088,6.3875427,2.5873878,1.3888996,1.0158578,5.680268,7.9526124,8.450951,8.45693,0.25189072,5.7748733,0.41124865,0.074226774,5.5922427,6.170202e-07,0.005995043,-1.2687734,0.0046807337,0.14093347,0.26963493,7.2958064,7.5137672,6.382538,1.677343,-1.7896566,0.0025044584,2.6728418,0.000672151,3.294679e-05,4.987268,-0.56681436,0.99023986,1.0241597,-1.8178182,-1.8174933,5.5550523,-1.6660545,-1.8175842,0.048844367,0.6382281,-1.8177379,4.637708,-1.6978228,-1.3445046,0.00022897428,-1.8176266,0.0006013986,0.029060554,1.4349259,-1.8173358,-0.46371797,0.040629588,-0.05927437,-1.1093323,6.113802,-1.4400008,-1.8087398,6.4793134,5.9773235,5.3628855,-0.36837298,2.905816,5.074513,5.6392436,3.418577,2.3897586,-1.707759,3.7900157,-1.7900236,5.267089,4.497501,3.3095562,0.00021942134,-1.8127434,-0.9116271,5.125563,4.678029,2.3844004,5.9004884,0.03604675,0.46082866,1.1658102,6.2545853,0.00080578425,1.4601281,-0.09094028,5.3307085,3.5272646,-1.0923007,4.933625,3.995236,0.48317465,6.4778438,2.88259,2.9831834,-0.73247534,3.3280401,0.60021806,4.9214573,-1.8138882,0.13756552,2.860104,4.0397636e-06,5.0203733,4.567433,1.5201834,5.259885,3.2988906,5.362858,0.00027622335,0.0049967505,-0.47898605,1.1457105,1.0456213,2.7681293,-1.3873581,2.3927057,4.7429423,0.00012573999,3.20322,0.053644635,-1.7547662,3.5577462,-0.76119167,4.3373594,1.0286565,6.5104227,0.018989941,1.984808,2.1303504,0.266972,2.364947,4.7676544,2.1211524,0.17097063,4.1585364,2.6723328,0.82732123,0.15631853,-1.7841797,1.8192407,0.30829927,0.00096800586,-1.8130969,3.498715,2.6241198,5.4796214,1.2900825,2.0198164,4.7099676,0.69629735,-0.2813478,1.305158,4.427571,5.46053,-1.816996,-1.8178177,-0.6898387,-0.7151088,4.755059,-1.8178062,-1.8173453,2.6794887,-1.8168712,1.3999683,3.0424416,3.8570678,2.6100874,2.2435517,-0.8586684,-0.58624583,0.049176402,-1.7829372,-1.2806929,-1.5272261,3.5753033,-1.8129857,2.0703545,0.7133487,0.603543,2.2610242,2.4719691,0.48161638,-1.7861481,4.1305876,0.90000737,4.2599397,2.9823563,5.501778,0.030271407,0.001128193,0.8064227,2.9601386,-0.1346873,0.9005546,120.48519,115.82203,-0.6956161,-0.23358865,-0.2271774,-0.2605335,-0.3636029,1.0330862,1.1909455,0.921142,0.34880427,-0.2837947,0.04265159,0.002304877,0.51223433,0.27398032,-0.19137412,-0.42262545,-0.09122634,-0.27395296,-0.090443514,-0.2772458,0.009011896,0.71155965,0.4441401,-0.21135268,-0.3661331,0.32793403,0.14095807,0.6319383,0.36075366,0.016898591,0.004312816,0.2541732,0.07886104,-0.39175546,-0.12919709,-0.3114676,0.45956558,-0.26843628,-0.33520818,1.1464908,1.3383307,0.6826936,-0.29500505,-0.29812503,-0.28276512,-0.04879527,-0.32227805,0.51041406,-0.11461272,0.2144032
1.0018623,-0.53867996,-0.049306665,1.3163831,-2.172478,1.3110074,-0.64900434,-0.791505,-3.1228328,-0.18832746,-1.3021452,0.8372636,1.5485885,1.110555,-1.1500568,0.22596098,-0.05868123,-3.4524536,-0.7822282,0.10813416,-1.6813965,0.17751153,-0.9035476,-0.23736697,0.9355495,2.363777,2.1922364,0.30319402,-1.0990613,0.6226469,0.677004,1.3326647,-0.29998514,0.7609109,0.53967816,1.3490793,1.6526259,6.0790873,0.04853246,0.0020670963,6.1141114,6.4789996,8.295547,8.317937,8.117767,0.022019036,6.354485,0.008777448,0.87020344,4.7234406,6.193734e-08,0.008208113,-1.8178186,1.5848066,3.8898933,0.62940603,7.11585,8.010891,6.9798956,5.2805967,3.9304945,2.1883412e-07,6.0935106,0.14850904,0.010054774,6.9573035,5.7443004,6.977885,6.2306657,-1.2409201,5.6982503,6.515347,3.2855847,5.285721,0.5713639,5.6378865,6.3603077,-1.092844,-1.817555,1.5409935,0.006806582,4.742087,0.18658392,0.0037079086,5.26955,4.5356007,5.666564,6.109083,6.0609245,3.6525798,7.4927063,5.692283,2.6553323,7.213903,0.19344436,6.971271,1.979518,6.900521,5.491027,6.1816034,4.167806,6.3039045,1.5675457,-1.7334827,5.3820925,5.3029437,5.866861,5.953507,4.8677187,5.348208,6.4108696,6.1596727,7.052654,6.642602,5.6415567,0.09031942,5.634907,0.9213173,6.865562,0.1361813,3.7336917,5.8316393,5.0854673,5.239838,4.637107,6.988374,6.5302596,0.31161264,6.88201,5.69097,7.4936514,7.0264792,7.1999936,0.64026344,6.982277,5.3375716,6.647497,6.323122,0.05555143,6.4928694,5.5826287,4.475847,6.3522635,4.778851,6.062221,0.12181467,724.2153,7.368532,4.152991,8.520988,5.147638,2.4428196,5.174676,-1.3490847,2.0511959,4.392219,5.6141415,2.6557567,5.7965875,6.9170732,7.4158297,6.0577555,7.476696,0.107020564,5.804791,5.430167,5.1967115,2.6439524,5.2394757,6.6503077,5.1407914,5.2226453,-1.817291,4.6344724,3.5013,5.7238235,5.839392,4.2292967,0.9407219,5.5220904,5.650273,6.0118823,5.3639736,5.9723163,5.6889453,-0.13888335,6.17569,6.8982472,7.1119714,6.5296702,6.730923,6.152953,-1.3002989,6.1556954,6.8652844,-0.99820447,6.3794503,4.770482,5.0980372,6.1259747,5.997003,-1.7532219,4.908503,5.7246237,2.933716,4.073077,4.3550506,-0.6865336,3.6081383,5.659027,4.900689,4.1698766,5.218606,6.408137,-0.19963486,4.5471044,5.5146556,2.7210402,5.071912,7.253742,4.013211,4.6820188,-1.6749219,5.8344927,5.5918717,0.023765493,0.44623712,0.6996305,1.5468154,0.0894446,0.6445048,136.87007,137.56845,0.4500883,0.44663474,-0.0051305583,-0.29729697,-0.2715417,0.044611335,0.5728048,0.052624367,-0.27783474,-0.2958647,0.5184734,0.63073516,0.33146152,0.49432117,-0.19324717,0.35642034,0.3548084,0.6008012,0.062278148,-0.46132082,0.80949754,0.21895525,-0.19478187,0.874015,-0.46116614,0.029720232,0.17686237,-0.17971456,0.058505073,-0.61148036,-0.06846852,-0.060948547,-0.26807916,-0.070994966,-0.5623939,-0.22870828,-0.14660537,-0.34064412,-0.45369428,0.066529766,-0.18340981,-0.26847115,-0.30369523,-0.29810885,-0.3347673,0.042509045,-0.41583782,-0.373686,0.85643446,0.40166277
0.39382058,-2.1462915,-0.123969756,1.6760112,-2.0700197,1.4175758,-0.52606416,-0.59166694,-2.3292,0.10730367,-1.1348608,1.0092303,1.4838893,1.1080332,-1.2364684,-0.00028597604,-0.058500983,-3.448981,-1.5163141,0.47292498,-1.9370012,0.20738262,-0.8870374,1.2767612,1.0449823,2.15861,1.9225962,0.41900676,-1.5063044,0.61005485,0.69873494,1.7630384,0.04634779,0.8753472,0.49124447,1.5182892,1.7564197,5.6771016,0.009815739,5.983396,4.3809237,6.094232,7.5518103,7.968791,8.064628,0.48236594,5.857166,0.0072124456,0.32199988,-1.5429475,0.0005141806,0.027680608,-1.6640601,0.0046877656,0.14065121,0.05795252,6.540054,7.2573833,6.2037616,-1.676172,-1.6056702,4.0529834e-05,4.2473273,0.0006700155,3.297891e-05,5.057171,4.7772512,6.6543274,-1.800713,-1.8178121,-1.8144366,5.6379933,-1.7862272,-1.8178182,0.030758124,2.715625,-1.8178176,-1.7666416,-1.8171512,-1.7297884,0.00031569568,-1.809843,0.00061690406,0.007101344,-1.6461754,-1.7632298,4.3171034,5.390915,4.8096623,5.380404,5.2140746,5.0421915,3.7202141,6.267135,0.9529698,5.3204045,-1.666367,1.9917557,4.796564,-1.6565707,-1.7741725,-1.7195005,-1.8178167,-1.8174659,-1.8138282,-1.779714,3.9266808,4.5253544,0.00026405352,-1.8178096,-1.7875361,4.713618,4.3666472,-1.6857742,4.629139,0.122020476,5.222635,0.2866119,4.9865804,0.0010186717,0.018202584,4.2409854,4.383914,4.127616,3.9493928,5.4737124,4.914438,0.008619762,4.821985,5.159463,-1.7033331,2.0787182,3.3034446,-1.7687376,5.209612,-1.8169785,-1.686683,-1.6815075,2.4172743e-06,4.5551414,3.9508076,-1.8086917,4.5822096,2.9393475,-1.594113,0.00029976093,0.008837057,5.4166517,0.01768286,6.312547,4.392792,3.7103057,-1.7174635,-1.6104575,0.00012927825,-1.6176805,3.934952,-1.7677754,4.2674575,5.244756,6.0247602,-1.8166999,6.2585187,0.0032843158,-1.7583691,-1.7700728,-1.7115668,-1.806835,-1.5983496,-1.6900059,-1.7125673,4.218004,-1.817818,-1.7286061,-1.6070993,-1.8154591,-1.8004215,-1.6787119,0.0009727894,3.0960407,3.4741638,-1.7142563,-1.5621161,-1.7076305,-1.7912807,3.794826,-1.8088012,5.617065,5.2104917,4.2882347,5.480294,-1.8178163,-1.813857,-1.7931119,-1.8178056,3.8731678,-1.8178134,-1.8178185,-1.7982364,-1.8178033,-1.7097296,2.748576,3.6990395,-1.6855017,-1.7758723,-1.814985,-1.7978747,-1.8023833,-1.8178078,-1.7273637,-1.7679572,-1.6736374,-1.8004638,-1.6754628,-1.8178176,-1.7374955,-1.6442292,-1.7862567,-1.641317,-1.5601646,-1.5837097,-1.8125921,-1.8170602,-1.7358799,-1.8105956,0.04305016,0.0011295116,0.80489737,2.3147767,0.032205205,0.79996186,228.48366,230.18289,-0.3394686,-0.28277433,-0.24813327,-0.18964782,-0.24893662,0.34821516,-0.20189983,-0.34067544,0.39107603,0.1314424,-0.670542,-0.4508251,-0.5056933,-0.30415246,-0.307363,0.26412678,-0.13525347,0.11418664,-0.3430285,0.05458884,0.63961715,-0.3144565,-0.31946823,0.21264757,0.7768303,-0.884276,-0.34557828,-0.6316864,-0.29229933,-0.4990752,-0.450241,1.6192795,-0.627245,1.8102062,-0.2234422,0.014529377,-0.27916613,-0.27716607,0.18347646,-0.2619696,-0.1880921,-0.1555269,-0.3310852,-0.297965,-0.25932056,0.11020776,0.36725113,0.100950286,0.75087935,-0.13988028
0.5483809,-2.1461236,-0.0005077024,1.6757677,-3.1750154,1.5331125,-0.6557066,-0.49917942,-4.4844484,-0.22794305,-1.2657619,0.754896,1.6371078,1.1164105,-1.3422341,0.25323838,-0.0520575,-3.45492,-0.29014182,1.2498667,-0.52291185,0.022552626,-0.6698827,0.90672815,1.1340958,2.2740827,2.1692138,0.43265197,-2.6298256,0.61611193,0.7746709,1.3811134,-1.6092167,0.83009136,-0.12129789,1.3382225,1.6831541,6.7798,0.00041845063,0.0020850524,6.1232142,6.9677706,8.227346,8.313435,8.139699,0.02523155,6.4484468,0.0072066127,0.25018093,3.8262105,7.3310955e-11,0.0008027691,-1.8178186,0.0054154457,0.1411841,0.07160581,6.7093344,7.7831845,6.65503,5.0664716,3.6501722,6.59466e-05,4.938168,0.0006740838,3.507097e-05,5.897618,5.54323,6.975823,6.2305937,-1.7991493,5.6977143,6.0988293,-1.8120638,-1.302264,0.2260917,-1.7964313,6.360141,-1.8127625,-1.8178159,-1.8176446,0.0031378781,5.085965,0.00061785505,0.0005076057,5.39965,4.5327735,5.474756,5.904126,5.963825,-0.27042764,7.0855093,-1.8156489,-1.8178157,5.5387316,0.11861576,6.502278,-0.8971525,3.9295979,2.3752944,6.1442347,5.904443,6.430085,4.9578156,-1.7972221,5.7073965,4.5345263,5.768593,5.503049,0.00056703994,-1.3757812,6.630337,5.1543775,6.1654854,6.1105595,4.514834,0.11230353,4.1867223,0.07417835,5.682036,0.022160672,0.07873333,5.711882,6.200744,5.093724,4.567188,6.7268496,6.2920403,0.088791564,6.317771,6.6094418,7.51658,-0.5464019,6.465659,4.409681,6.6053963,4.9140286,5.412541,6.390801,3.4863272e-06,6.074296,5.588303,2.8503015,7.388081,4.3154497,5.818229,1.245228,0.06800006,5.8516374,0.020857487,7.2663264,3.012447,5.4026947,4.898764,4.899714,0.00035542413,3.911001,5.660333,3.2218552,5.8774166,6.8262887,7.436095,4.003783,7.3589087,0.032944623,5.334942,5.406786,4.8289886,1.2431719,5.313712,6.550448,4.957306,4.8611984,-1.8158302,4.683752,5.2194824,5.6391673,0.5755556,4.1826687,0.000999056,2.1911936,4.956753,6.003708,5.4675384,5.848995,5.681549,4.0290065,5.242387,5.670887,6.378606,5.454704,6.884922,5.841951,4.542905,6.086119,6.867636,1.915807,6.3792715,7.249999,4.815234,6.1259794,5.537836,-1.7371843,4.749628,5.721404,4.8718853,5.744671,5.9060354,3.4835422,-0.7029422,5.8067546,4.2506757,3.9859693,-0.98869926,6.4807453,-1.1381352,4.879297,5.516357,5.093425,5.216643,7.2542505,3.9499881,4.8223653,2.1365392,5.750522,5.5999365,0.037646893,0.001139186,1.0189744,2.3034372,0.21366416,0.644389,115.84859,109.76005,0.8142251,0.99930155,1.3569735,-0.1563812,0.23423986,0.9701332,0.036462225,-0.21574351,0.68351525,-0.36084923,0.3296759,0.62942964,0.47113475,-0.46487302,0.033967283,0.37457424,0.8304527,0.60494715,-0.31811404,0.41819328,0.55354214,-0.14449576,-0.31871668,0.7852872,-0.27659577,0.714916,0.8614975,0.7100032,-0.3643166,0.1012018,-0.30298218,0.5781349,-0.81646496,1.7141299,-0.34819263,-0.18274915,-0.35331059,-0.1708607,-0.45073166,-0.23678604,-0.22646837,-0.268504,-0.28955314,-0.29812676,-0.31165415,0.27092496,0.13952406,-0.22798717,-0.25143614,0.017688764
0.5653612,-0.53331083,-0.32100576,1.3438717,-3.1607335,1.233544,-0.7161206,-0.9287924,-4.3308764,-0.28699705,-1.6104976,0.86586624,1.5764828,1.0973713,-0.97565275,0.501361,-0.050820477,-3.4383776,-0.48243508,0.7522403,-1.8945353,0.104226016,-0.92560196,1.1229213,1.017735,2.382252,2.188278,0.22546485,-0.71798295,0.6195077,0.70607084,1.2156221,-0.9947664,0.7058815,0.53526163,1.276733,1.594418,5.477932,1.0874671,0.0031306546,6.720949,5.7829647,8.136816,8.239606,8.170746,0.013692891,5.7039905,0.037329227,0.08830993,4.8984747,1.9614669e-08,0.0042671287,-1.8178186,0.014426964,0.20416988,0.037691724,7.223061,8.007338,6.9941006,5.2748713,-0.30284077,3.8210396e-07,5.9361696,0.0014503481,0.0003164801,6.444605,5.81612,6.9778776,6.230661,0.23118882,5.6983643,6.165298,4.769445,4.07989,0.06168182,5.618591,6.3570423,5.5660014,-1.8076973,5.3510327,0.003539431,3.5603225,0.0019261775,0.010105404,5.1194706,4.535626,5.6878414,5.9655647,6.147534,0.6864552,7.6120644,5.823421,3.6978261,7.5038323,0.11044252,7.059433,6.2480235,7.062447,5.685499,6.3425407,-1.1541783,6.334178,0.5395723,1.6704837,-1.3371204,7.07356,5.1621656,5.527749,0.027441874,-1.8029239,3.9838989,6.6982913,6.7303276,6.7029676,6.828463,0.044839736,6.3126073,1.830935,7.2295203,0.012803125,0.43811285,6.2352057,5.823604,5.0513263,4.6361713,6.58746,5.5562263,1.3270617,7.001531,5.83873,7.802464,5.602432,4.373133,5.5827007,6.185522,5.4397554,6.616494,6.5167723,0.00056129537,6.652358,5.311313,1.1985756,5.977579,4.3540554,5.6312604,0.0048858705,3.8744154,7.3212633,2.2017162,8.2423115,4.773181,-1.6506702,5.675146,-1.0584567,0.007470494,4.4245844,5.5990705,-1.0980854,5.0880823,6.886225,6.109178,6.076272,7.515203,0.008712248,5.681065,5.4054837,5.149821,4.859025,5.1068172,6.72905,5.3049345,5.3295374,-1.7125566,4.6781297,-0.823634,5.6524525,0.25868168,-0.8173073,0.004955902,5.425072,5.1914277,6.3782344,5.8732805,6.109044,5.712724,-1.6912167,5.503914,6.3883424,7.044895,6.359277,7.50618,5.8479686,2.3709283,6.222603,6.8483458,4.2317376,6.3686666,6.6165915,5.5385237,6.125964,6.0094504,-1.751998,4.3523827,5.8772244,4.6652784,3.0099556,0.23456217,3.516422,3.143767,5.9225817,4.381089,4.0299573,3.7994378,6.534437,5.6713295,4.5717063,5.5041842,4.530201,5.295972,7.2532926,3.861545,4.697842,-1.3316776,5.772529,5.599529,0.029710399,0.004330356,0.8282458,0.23961781,0.11744169,0.64117795,195.15854,173.15701,-0.3611348,-0.22047168,-0.25773665,-0.14480755,-0.2478925,-0.17122567,0.39076802,-0.06817171,-0.6149599,-0.23232229,0.705365,0.50262517,0.19882923,0.6251673,0.36660847,-0.7457539,-0.45242545,-0.4569504,-0.35799375,-0.45517126,-0.17592317,0.38190112,-0.31582293,-0.5177907,-0.2128877,0.21665579,-0.030826565,-0.34761852,0.43912342,-0.2672945,0.20614769,-0.34385195,-0.06712163,-0.40407023,-0.22387503,-0.35858056,0.85471654,-0.33423677,-0.44229057,1.4739347,0.30936724,-0.2679839,-0.32538885,-0.29412058,-0.32715338,0.04517178,-0.39841396,-0.53752774,0.3585832,0.36949667
0.5329164,-2.14591,-0.51080567,1.3727124,-3.1947696,1.3784418,-0.9060055,-0.78600997,-4.4855437,-0.4018359,-1.6781659,1.1290475,1.5968752,0.71536106,-0.75817776,0.7604844,0.056206945,-3.4373634,-0.24193355,0.33835703,-1.9099684,0.41843823,-0.7915276,1.3228918,1.012624,2.1500976,2.2532656,0.35291734,-0.88351434,0.6164557,0.7463532,1.1638952,-1.2447598,0.74169,0.3983232,1.4963981,1.6578925,5.459081,0.009643485,0.0036203766,0.026504781,5.8964524,7.9210668,8.057993,7.9810905,0.0025350968,5.723717,0.0072124614,0.09050287,4.927525,4.8200558e-08,0.005524086,-1.8178173,0.00469639,0.14068578,0.022734728,6.893047,7.8776183,6.8909287,5.015219,0.49260977,1.3475725e-06,5.397486,0.00067086675,3.3541175e-05,5.7661757,5.5862308,6.9742775,6.230307,-1.7853594,5.6982574,5.7123165,4.2463827,-1.49881,0.22924927,2.6757421,6.3597245,-1.071633,-1.8177757,-1.689823,0.0029795875,4.4665976,0.0005992096,0.0009443725,5.1743274,4.535669,5.608069,5.694986,5.9482694,2.7139137,6.922394,0.2877818,-1.8161106,6.752027,0.039858036,6.3186603,-1.3498977,5.472879,6.2888737,6.2169213,0.28290427,6.278235,4.2930846,-1.7892407,-1.1190684,5.9695888,4.8959656,5.0446076,0.00028237974,-1.8178058,3.180204,5.5714116,6.4100556,6.156032,5.0310383,0.060509976,5.833225,0.09638183,6.4367514,0.037504375,0.020908598,6.293013,6.245195,5.124134,4.2514877,6.126262,5.164064,0.39535233,6.7102404,6.7808585,6.911773,1.4931443,3.440412,3.6517549,5.3854322,4.6068482,5.087236,6.0635595,2.4809262e-06,6.139451,5.595564,5.219717,3.4514265,4.028115,5.557378,0.0056709787,0.021303833,6.4149504,0.041354205,7.803454,5.1085544,-1.1205853,5.805637,4.423731,0.00013843432,3.6488507,5.5492387,2.637977,4.561657,5.551944,2.5620327,6.078095,7.282215,0.003733529,5.601483,5.3786063,5.179176,5.0005226,5.1394377,6.546409,4.684523,5.188314,-1.7317237,4.3163614,2.5395062,5.1324787,1.1721424,-0.1358927,0.0009756768,3.369594,4.951724,5.9731174,5.5093236,6.0038857,5.064884,5.0527287,3.736025,6.0259314,6.840608,5.996238,6.937798,5.8825717,3.2874413,6.211524,6.3985577,1.3462371,6.367965,6.797986,5.7253823,6.125967,5.9330435,-0.05155466,4.592221,5.463306,3.2555242,4.866115,2.7971337,-0.85304946,4.2852416,5.7742286,4.196416,3.8673756,-0.26180658,6.3979306,4.590299,4.4649777,5.080012,4.79348,5.07884,6.700191,3.4380121,1.2132307,-0.7394683,5.7699018,5.5994906,0.02867539,0.0011326445,0.97837913,1.6683326,0.254609,0.70258737,120.10797,100.379875,-0.2753105,-0.04987346,0.20743835,-0.34284022,-0.25197595,-0.56759155,-0.30088905,-0.258619,-0.35049516,-0.32247844,0.74096483,0.34388104,0.4487442,-0.30443773,0.43873236,-0.7029003,-0.4954873,-0.16320923,-0.46853524,-0.40758267,-0.39273924,-0.030724905,-0.19444196,-0.54462403,-0.3409154,0.53541356,0.33924735,0.09529312,-0.2398755,-0.010823755,0.7775096,-0.7486851,0.10442626,-0.15309577,0.731717,0.7222882,0.59632844,0.0629787,-0.32498968,-0.045836437,-0.23355033,-0.26709092,-0.32174027,-0.26550952,-0.018340394,-0.24299689,-0.83783984,-0.7509334,-0.09541572,-0.5161255
0.42403832,-2.1462915,0.15859222,1.4834898,-2.9170272,1.3179058,-1.300555,-0.6500768,-4.240198,-0.5604692,-1.0186101,1.2297894,1.7148435,0.6819869,-1.3384552,0.2635007,0.077040814,-3.1821558,-0.34525505,1.188703,-1.7261534,0.3234867,-0.96161807,0.57303613,1.0882894,2.4718165,2.1691177,0.4376474,-0.9957398,0.6025477,0.711877,1.2122983,-0.90814584,0.88731074,0.47869942,1.5797812,1.7820084,6.1996784,0.4498899,0.123235494,-0.25899068,6.4439383,8.019296,8.512842,8.538465,0.35613438,6.2328053,0.018536307,0.056607805,5.192457,8.241615e-09,0.0048018303,-1.7722564,0.004677106,0.14061226,0.06970657,6.451443,7.69595,6.256016,4.9354296,-1.8075118,0.0058387853,2.47826,0.0006695874,3.29001e-05,5.4664917,-1.5906068,6.778111,5.546203,-1.8178186,-1.815726,6.2217803,-1.6763968,-1.817802,0.014377897,-1.5096372,-1.8178116,-0.41492233,-1.807246,-1.5031952,4.380051e-05,-1.8177606,0.0005950383,0.018688576,5.346,-1.8174416,4.8701015,5.7349157,5.284843,5.3970976,6.9516253,-1.7992766,-1.8177845,5.62418,1.7322507,6.2207136,2.0088327,2.502671,6.321641,6.0434484,5.3651237,6.267494,-0.6911052,4.9648175,-1.7955965,4.2137094,4.554661,4.2180996,0.0002158794,-1.8177032,1.9859226,4.8702893,6.4412365,6.184817,5.52902,0.07107428,6.0919676,0.66756976,6.1764774,0.00028939292,0.4246085,5.555204,4.770834,4.4811616,4.328228,6.274629,4.9369493,0.03059499,6.7512608,1.5429335,7.353061,-0.8235954,3.4788032,4.6808558,4.995912,-1.7985129,5.4638295,6.544127,2.4112903e-06,5.2605505,4.756713,5.1507983,5.5510693,3.5668848,5.1303205,0.0002679471,0.003228184,5.8443065,0.3876036,7.11942,4.8390365,-1.7468542,5.646218,4.9200025,0.000120456694,3.7145839,5.0677605,-1.5500796,3.878818,5.651384,1.2909899,5.5426717,3.58862,0.006721703,5.2624087,5.316638,4.870158,5.004904,5.055089,6.4077363,4.6075454,4.536474,1.234493,4.4101033,0.41353333,0.35677347,-0.06722443,-0.9650773,0.00096762116,-1.817683,4.5523505,6.3032064,5.7219086,5.614551,5.305211,5.1587296,4.0305,4.85111,2.9688423,4.24707,7.608459,-1.8176419,-1.8178182,2.2224095,-0.5907591,3.85193,-1.8178144,-1.8155375,5.70958,-1.8092862,5.4878745,2.2807133,5.2485094,6.0683193,4.915691,4.3947525,5.392667,4.896211,-0.5717057,1.1550846,1.1366361,3.8917,-1.8037449,5.633122,6.482476,4.000938,3.007074,5.54356,4.599884,-1.7103896,4.473603,4.1555176,5.266481,6.1942444,5.599919,0.008298857,0.0011278241,0.73837477,2.4676154,0.060631108,0.8909172,136.05913,128.99483,-0.45463797,0.058730435,-0.33369341,-0.23692612,-0.19623336,0.6351863,0.5017151,0.4655666,0.45304528,-0.17208795,0.16806807,-0.24971493,0.18394405,-0.078732505,0.4086848,0.06378894,0.32039353,-0.13491906,-0.21658735,-0.41743192,-0.04496953,-0.16712096,-0.08415694,-0.15248314,-0.35979337,0.17335449,0.108047724,-0.43978587,0.20883183,-0.11573069,-0.15418263,0.09553102,-0.4053026,0.09117721,-0.0133063495,-0.33247754,0.5053709,-0.26521903,0.07583857,0.25432667,0.8395913,0.1959676,-0.29181498,-0.29812646,-0.27319098,0.0773004,-0.4788848,-0.14191343,-0.21598275,-0.22912835
0.8586249,-2.146286,0.14903668,1.8753635,-1.922081,1.5740398,-0.5666607,-0.40503767,-1.742338,-0.0115520805,-1.2152281,1.299759,1.6539032,1.1719584,-0.9373439,0.4380359,0.36062485,-3.4515486,-0.84192187,0.14026521,-1.965277,0.49710545,-0.71239746,0.97252893,0.9376877,1.9564306,1.9551696,0.4551963,-1.372126,0.62011755,0.7168177,1.3194662,-0.52096134,0.92058563,0.5238536,1.5914993,1.8073204,7.1732,2.7933538,0.25668412,6.9829097,6.601744,8.438182,8.817549,8.666678,0.05407204,6.109806,0.025371302,0.035752714,5.2468786,8.913594e-13,0.008209198,-1.817628,0.0047416287,0.14083411,0.1302838,7.241179,7.966468,6.7125936,5.0498466,2.4944625,0.0016978078,5.926154,0.0006707767,3.3075103e-05,6.3455453,5.89307,6.958122,3.5061269,-1.8171461,2.0829804,6.770036,-1.8178145,5.2666636,0.019842532,4.79551,6.1890574,5.4743714,-1.7471267,-1.7469451,0.0005578526,5.2482867,0.00059985736,0.0215069,5.326455,0.11922259,5.424504,5.956823,5.7378674,6.3755417,7.3215766,-1.8178084,-1.8158822,7.0600944,2.3703215,6.9911056,6.17594,6.551375,4.618641,6.2522736,5.907651,6.3081346,4.2873187,5.087223,2.3703434,3.7729497,4.8771777,5.450672,0.00022182248,2.2938976,5.1938505,6.4797516,6.876914,6.55965,6.205775,0.053760096,6.19041,1.3562638,6.7889967,0.007865275,0.65173876,5.02864,4.6669645,4.510539,3.7858202,6.7374363,6.060388,0.23757012,6.9476247,5.3564787,7.640553,6.541727,5.252705,5.773273,6.0241027,3.9096615,6.564241,6.4158564,6.0019133e-06,6.81172,4.1945205,4.862296,7.5755105,4.3084474,6.3168387,0.0030686813,0.0063339774,4.349857,2.171595,8.077136,3.594247,-1.777382,5.5399184,4.919722,0.00013346509,4.34428,5.3682814,-1.4889444,5.4645596,6.494896,7.390759,-1.7970986,7.635534,0.034438767,5.905779,5.1193833,5.645993,3.7715125,4.6913285,6.5079083,5.0642076,5.31005,6.339191,4.9175124,5.3224287,-0.84861887,7.8120446,1.5722716,0.0009678464,5.3734117,5.48412,6.23603,5.7873807,5.911242,5.403397,0.1634819,5.9393125,6.3945756,6.6035795,5.83711,7.154173,5.9787583,-1.813227,6.0200763,6.867736,6.332846,0.96348387,-0.37409094,5.5603914,6.1254625,5.5415125,1.0338037,5.5064406,5.818954,4.7038155,-1.5545695,4.8088884,4.7172456,-0.89558107,5.6565304,4.3162713,3.955587,5.05434,6.565797,3.787628,4.3834805,5.520129,4.90863,5.5630713,7.2544875,4.5044546,4.8549757,5.2044,6.218735,5.5999374,0.0060549905,0.0011279437,1.0380048,2.6066437,0.20511122,1.031102,205.47197,216.03937,-0.68883795,-0.66124016,-0.32355383,-0.36495453,-0.23140496,0.7103987,0.25825325,-0.06851515,0.41196716,0.30788943,-0.14402798,-0.2018524,-0.34308067,-0.21584986,-0.36940765,-0.08851211,0.04242404,-0.21605413,0.24459402,-0.38521856,0.72580254,0.093476646,0.04980992,0.55950207,-0.1839071,-0.50768995,-0.2828366,-0.4451785,-0.27992684,-0.30207282,-0.45290723,1.231064,-0.25274584,-0.46558273,-0.43717885,-0.09690995,-0.18606193,-0.22847442,0.18215019,-0.10798724,-0.0593697,-0.267901,-0.32775983,-0.29812688,-0.23589975,0.42702925,0.22098766,-0.016995288,0.46797898,0.7501449
0.0071247905,-2.1462872,0.014279287,1.6112788,-3.1558907,1.2167608,-1.4950464,-0.9393414,-4.4861426,-0.81844103,-1.2207233,0.8995434,1.5752193,0.95772755,-1.3178903,0.405489,-0.07466897,-2.0205827,-0.409299,0.122390255,-0.9685701,0.081040226,-0.9625,1.3394192,1.0265115,2.104249,1.9854957,0.2217454,-0.8616532,0.6233036,0.7008313,1.1082336,-0.21217832,0.76349366,0.34819037,1.5295995,1.6552529,5.6854515,0.0009943965,0.010643521,-0.87888145,6.0341763,7.92919,7.9432955,8.018706,0.0035126682,5.884044,0.007206958,0.09855963,4.9837637,0.0006343159,0.008773831,-1.8175629,0.004800963,0.14099675,0.07071432,7.2747526,7.8447785,6.603897,4.9932046,-1.35129,2.912036e-07,3.9725745,0.00069835305,4.059184e-05,5.981961,4.9487996,6.9777718,6.2285533,-1.522308,5.6804137,6.054357,-0.7566253,2.820603,0.043875914,5.8161893,6.323782,-1.8169491,-1.8178049,-1.7805662,0.005841347,4.588006,0.0007361331,0.0015963229,4.8811183,4.5351367,5.357173,4.892298,5.773123,5.79737,7.0901985,-0.30538547,-1.8129182,5.7908416,0.03777707,6.4289365,0.81277466,1.1642022,5.289924,5.864044,3.6579964,6.0780535,0.4232545,-1.8176748,0.69386804,-0.8584552,4.7924376,4.8316565,0.0010511987,-1.815416,4.931919,5.100378,5.93347,6.189958,4.493423,0.112680145,6.159699,0.12830265,5.8276157,0.02145487,0.02956141,4.7896376,5.263005,4.8000946,2.6829472,6.1008477,4.015903,0.1615469,6.8268766,5.277295,7.263318,6.4598436,5.0432515,0.6035744,4.86058,4.7257605,5.978236,6.175773,2.755927e-06,5.142931,5.4893365,5.9230328,-1.2951579,3.7118402,5.7137403,0.00039290427,0.24966882,4.8494463,0.015327849,6.9134326,4.5576816,4.3027964,1.6579642,4.3740034,0.00037131042,4.1979556,5.1770043,1.4898257,3.855975,-0.98331964,4.772898,6.076389,5.6962285,0.008992114,5.634604,5.315349,5.429696,4.3883557,4.9595103,6.4011717,4.7086143,4.9597077,-1.8178099,2.721274,0.90832084,5.588747,-1.6905242,1.7280399,0.0010038252,1.7488486,4.9859147,6.0200367,5.6153903,5.4814086,4.739976,4.4519377,4.1209345,5.956545,6.525537,5.740449,6.910533,-0.54263693,-0.3698653,3.9077034,-1.7558565,3.4254544,6.216982,4.3057804,2.3522794,6.021125,5.4231973,-1.4778317,4.46606,5.8271265,3.6689558,0.876857,4.4073896,4.2420864,1.5150841,5.624464,4.4601946,3.9100897,4.7238145,5.1715755,-1.7958555,3.862055,3.3800232,3.0392828,3.5402339,-1.2643136,0.29699555,0.8894814,-1.8104285,5.1829658,1.7998664,0.024698006,0.0013117695,0.7704011,1.8969568,0.08456174,0.7548153,43.25277,59.687733,-0.20217092,-0.03425192,-0.4120951,0.106541246,0.27177158,-0.33817452,-0.3301518,-0.24923657,-0.40942273,0.22570994,-0.7167496,-0.57805246,-0.21727854,-0.09636751,-0.22517963,-0.55110383,-0.23378304,-0.5427097,-0.05083591,-0.14314593,-0.3445327,0.38141266,-0.14549083,-0.5162936,0.058103338,-0.459915,-0.34011278,-0.04503484,-0.33901444,-0.3106238,-0.26245943,-0.5921483,0.52769715,0.47244403,1.0609192,0.27990717,-0.22034074,0.3164049,0.6420392,-0.26178753,-0.23488814,-0.24891126,-0.31872058,-0.2659128,0.3999476,-0.69655794,-0.76449996,-0.14810538,-0.78088135,-0.39161906
0.26395774,-2.1462915,0.22209768,1.6466992,-2.7104828,1.3550851,-1.0116721,-0.85163325,-2.2322938,-0.41228664,-0.9542985,1.1764601,1.7438815,0.9114771,-1.2983801,0.4490826,0.26902062,-2.10402,-0.20357548,1.260226,-1.6007162,0.18716906,-1.3669218,0.18793918,1.147091,2.450395,2.1835225,0.3479765,-1.6186182,0.6036958,0.65726924,1.1006539,-1.5192523,0.84481007,0.40192074,1.6428568,1.7676578,6.659923,1.9094539,0.39072067,2.9177725,6.3645253,8.298149,8.68722,8.759659,0.51535,6.15957,0.52437645,0.0488376,4.8883996,3.509055e-11,0.0010686949,-1.5118363,0.004677098,0.14061186,0.14566283,7.2840123,7.4902453,6.241912,4.370134,-1.8120519,0.00908754,-1.5586804,0.00066958484,3.2900014e-05,5.365392,-1.7480814,5.5528727,5.784378,-1.8178186,-1.8176956,5.556399,-1.8109807,-1.817784,0.0165604,-0.05328297,-1.8178153,1.9666128,-1.7723761,-1.7648154,2.7847971e-05,-1.8177992,0.0005950223,0.015551455,4.5564194,-1.8178141,3.8000789,4.5388083,4.9720383,3.4135113,7.1193676,-1.8175331,-1.8177829,5.495998,1.6901933,5.9658747,-0.103885055,4.6260505,5.259136,5.7748294,5.9062734,5.9510655,1.0737785,5.945725,-1.8055866,4.8795123,4.4243035,3.8467896,0.00021587711,-1.8172145,3.8731177,5.197095,6.020175,5.7924027,5.610976,0.035625253,5.5073814,1.0471822,6.2706504,8.890456e-05,1.2904058,4.9084516,5.2119555,4.686555,2.970529,6.0186806,5.672219,0.032354306,6.7501645,4.737684,7.3390274,4.50997,3.7238777,4.786851,4.9393578,-1.8104935,4.8144636,6.3148704,2.41131e-06,6.0090356,5.232154,5.0635414,5.9766026,3.5613341,5.382431,0.00026786482,0.0032216157,5.4524126,1.5154592,6.866683,2.1703126,-1.8158878,5.4721465,4.9255495,0.00012045345,3.2920995,4.7233224,-1.8066267,4.4425297,3.9524941,3.8523884,5.186176,6.8844953,0.006968356,5.1794477,5.538404,4.881647,4.6358037,5.137966,6.386724,4.156162,4.900468,6.8692775,4.5290914,5.101895,-0.8197689,7.232608,0.8755527,0.000967621,-1.8177052,4.923851,6.380333,5.860899,5.2855115,5.0407233,5.218252,5.1520457,5.187089,6.5675297,5.159317,7.5311046,-1.8150785,-1.8178186,3.6395304,5.395071,5.3983145,-1.8178184,-1.8133616,5.739155,-1.8143663,5.1774845,3.8778887,5.3929386,6.1970315,5.062954,2.384913,4.8279934,4.3406653,2.8596022,2.8472118,0.91489315,3.1586304,-1.8135151,5.495701,6.488857,4.110982,4.825762,5.6657753,4.053117,-1.7554909,4.5193124,4.840342,5.287941,6.20601,5.5999365,0.0056071584,0.001127824,0.885823,2.3026633,-0.21164624,0.9061132,126.39105,126.365906,-0.8029551,-0.46626696,-0.37738496,-0.4632985,-0.24223106,1.1705122,1.2579674,0.4420865,0.7242739,-0.33177382,-0.07163161,-0.26073787,0.12806648,-0.18273023,0.1943033,-0.3212637,0.28593868,-0.2879326,-0.17812467,-0.3970528,0.52289593,0.2989991,0.21289851,-0.22710772,-0.3026802,0.0660698,-0.07481748,-0.29381025,-0.073992915,-0.20014499,-0.09120453,0.28420946,-0.5011196,0.07944317,-0.3085914,-0.24851821,-0.0076856273,-0.03407604,0.23452988,0.5301415,0.18080169,-0.13630347,-0.29737437,-0.29812688,-0.09721561,-0.20806764,-0.691886,-0.2327234,-0.531504,-0.20523736
0.42800122,-2.1454985,0.2313147,1.4358118,-2.7482378,1.3439924,-0.97411954,-0.7921107,-4.482692,-0.5192307,-1.260111,0.9879618,1.4856306,1.0915768,-1.1242744,0.4942789,-0.0785103,-3.4479303,-0.45493853,-0.006399435,-1.1899315,0.18490784,-0.8349211,1.6175201,0.96383804,2.3354595,2.2225094,0.32744122,-0.50781614,0.62362516,0.6553767,1.2022809,-0.6189241,0.7708228,0.4592735,1.4417934,1.6432462,5.727709,0.0001184226,0.00047084104,-1.8136532,6.8030963,7.9734373,8.11563,7.999729,0.0049415953,6.1760263,0.0072065652,0.120023616,4.897763,9.0275556e-08,0.009179187,-1.8178186,0.007343802,0.14536394,0.0710023,6.7434583,7.8595376,6.6498775,5.172775,3.0384502,1.6293368e-08,5.4650354,0.0010280533,0.000103853505,6.008195,5.4490933,6.977735,6.2306666,-0.56671244,5.6984673,5.921483,2.2654226,-0.77842605,0.061388936,5.713961,6.360371,-1.8111315,-1.8178185,-1.8164154,0.006800891,5.1219754,0.0016398105,0.00026022148,5.051246,4.5356803,5.5445223,5.7854877,6.0531473,6.5204844,6.8808265,5.3213096,-1.8170205,6.348156,0.038066585,6.612979,-0.62570655,4.55127,5.459915,5.540175,5.673246,6.0763135,-0.97137874,-1.8177524,5.2578673,5.9743686,5.3288975,5.75361,0.019711552,-0.39481696,3.2079003,5.9035225,6.4225698,6.111268,5.522849,0.10521635,5.933872,0.0747411,6.2261257,0.0711437,0.048921157,6.077397,5.7690597,5.106776,4.611053,6.48162,5.9451494,0.036755744,6.535749,5.531209,6.978,6.189385,4.0024357,-1.6164261,6.575075,4.6871777,6.2845526,6.372526,3.0168023e-05,5.944317,5.190805,3.3871503,3.4191675,4.4979157,5.691362,0.00082878926,1.7395669,6.874633,0.016661117,8.179579,4.6212406,4.939041,2.8519115,4.639757,0.0035401743,3.3923445,5.207232,3.319034,5.345383,6.1598687,6.8038483,6.0793,7.2314444,0.003928756,5.82496,5.2839885,4.510017,3.9885364,5.1200743,6.3227973,4.944229,5.1097918,-1.8178153,2.3853052,5.5917187,5.4975185,0.5873499,4.789143,0.0042219944,5.3141994,5.3561807,5.5516176,4.813642,5.8898544,5.4878263,5.181016,6.2132444,6.8771043,7.1155715,6.390702,5.936448,5.046485,-0.33110255,6.048882,6.5393124,-1.7451482,6.3795643,6.1357183,5.7412386,6.1259794,5.389256,-0.2898378,4.711226,5.4135666,-1.4568278,5.9897733,5.849174,-1.7900041,4.8623066,4.9843273,4.9089465,4.2504807,5.179566,6.458446,-1.8097618,3.372071,5.297075,-1.3740097,5.1779566,7.0663753,1.4890541,3.7763934,-1.8035637,5.4577866,5.2083135,0.03661255,0.002665801,0.8850595,1.9888225,0.16368653,0.77118033,230.11748,221.1912,-0.06459986,-0.5239237,-0.45784214,0.20636,0.10782968,-0.45908734,-0.37737083,-0.31215313,-0.28576475,0.24682055,-0.5487791,-0.5211055,-0.12315553,-0.3717772,-0.16633202,-0.7107791,-0.5957865,-0.53863996,-0.12559545,-0.33679873,-0.6473269,-0.20216687,-0.06521677,-0.6813191,-0.055251997,-0.61106443,-0.43179783,-0.43727374,-0.35916793,-0.18123803,0.095475964,-0.6508375,0.2862886,0.8153387,0.65782654,0.682681,0.79264057,0.4886941,0.08908052,-0.2373564,-0.23498271,-0.26850957,-0.28133318,-0.29758498,0.6820207,-0.1191068,-0.8174048,-0.60318494,-0.32870656,-0.676056
0.47284645,-2.1289563,-0.5352471,1.5224041,-3.1823828,1.1869253,-1.5322435,-1.0283089,-2.058864,-0.86361533,-1.2498477,0.78087115,1.5995826,0.69395244,-1.236589,0.18927161,-0.26546058,-2.9030802,-0.73070836,-0.03469506,-0.8510374,0.10597035,-1.2914919,-0.76203656,0.93623334,2.055637,1.8755882,0.18840113,-2.5491056,0.61411464,0.5749672,1.4261893,-1.6365694,0.69172925,0.4018242,1.5039548,1.5842928,5.7787066,0.0007013853,0.0022836644,-1.8095658,6.0262027,8.096244,7.9378767,7.7925243,0.0046619847,6.3930707,0.0072093713,0.8371718,4.859052,0.0034120968,0.007653892,-1.8178184,0.48051074,0.95751035,0.91827655,7.430181,7.9690404,6.9490395,4.9449983,0.102967784,3.9471173e-09,5.751038,0.051360935,0.011448893,6.9495854,5.6962104,6.9776764,6.230551,-1.1397465,5.6916966,5.9417214,2.5262876,4.3664355,0.8263303,4.6283627,6.360332,-1.8170682,-1.8178161,-0.9167937,0.0024618143,4.9197,0.2564275,0.0061009186,5.316649,4.5356803,5.6334767,5.889908,5.4304895,1.359963,6.7160683,2.3856962,-0.3659909,6.4586496,0.039770287,6.0386157,-1.8088266,6.492643,5.3422065,6.350703,4.2951694,6.4663258,4.013748,-1.8138947,4.9549317,3.9463544,5.8858724,5.65636,3.450558,-0.8902318,6.84399,5.0731254,6.852923,6.3204465,6.036881,0.10049445,5.8191237,0.20055196,6.5518565,0.14073484,4.705727,5.5068307,5.0213904,5.3398323,4.235445,6.9057245,6.131906,0.060538873,6.1343493,6.4611683,6.319045,6.220188,7.357987,-1.7846462,5.853051,0.83050585,4.4856105,5.0068197,0.009437664,4.3994865,5.804909,6.0119624,3.0610728,4.598363,5.153733,0.029497234,592.7605,6.5577493,0.102196485,8.176412,4.7495017,2.6609254,-0.44706035,-1.7989728,0.61455303,1.9265292,5.6371107,4.238744,5.691717,1.1538483,7.2078996,6.079103,6.532938,0.056468215,5.624747,5.6935024,5.332544,-0.7153533,5.429519,6.5959225,3.9489899,4.7244844,-1.8178139,-0.44944593,0.47731256,5.6488457,-0.9694317,4.636237,0.6127479,4.8923597,5.5671105,5.9455714,5.4232535,5.551507,4.0673637,5.095868,3.9844742,6.531573,6.6590276,6.3914423,6.3972735,0.32162732,-1.7357279,6.461197,-1.2098435,0.10315697,6.2909684,3.8196154,3.2085693,6.12572,5.8826075,-1.7994809,4.6847563,5.220295,5.0407233,6.0927663,5.1908493,0.97354347,3.4654512,5.326035,4.8894196,3.9472177,4.0453587,4.3697085,-1.8137753,4.4386415,4.775242,5.6977725,-0.99965775,-1.812193,-1.792215,2.1825995,-1.8176814,5.967206,-1.803226,0.023366094,0.49399188,0.6626989,2.0086153,-0.20917557,0.62212145,5.6017966,4.9373307,0.29923102,1.055951,0.3894247,-0.59364396,-0.40139687,0.46577337,0.5212584,-0.22130018,0.4734122,-0.45272672,-0.4922998,-0.24730897,0.6557799,-0.17370355,-0.059306003,0.5055122,0.8348234,0.8104903,-0.30318213,-0.44874838,0.9991043,-0.068139225,0.7029857,1.2242862,-0.59361666,0.1454022,0.317325,0.0823867,0.5459778,-0.57901245,-0.4794775,-0.08252741,-0.82288146,-0.08401672,-0.4418746,0.76691544,-0.53207976,-0.32258403,-0.49601033,-0.2626099,-0.23485468,-0.2616767,-0.28836113,-0.2967222,-0.33402625,-0.2414681,-0.09198778,-0.6870052,0.24204461,-0.3219056
0.747958,-2.1462915,-0.026908835,1.6995497,-2.2021427,1.5503098,-0.52058494,-0.47010422,-2.846321,-0.17778355,-1.073524,1.2976952,1.5551816,1.1597947,-0.96346444,0.4891089,0.31896117,-3.3503332,-0.5686419,0.19257917,-1.7858118,0.57664543,-1.1212134,0.98626834,0.98962945,1.9605813,2.1060295,0.344878,-1.2062095,0.6237657,0.7836609,1.4038136,-1.3167663,0.8660276,0.41286278,1.604305,1.7664315,6.857785,0.5927055,0.43559238,-0.5600088,6.474042,8.339792,8.758078,8.641697,0.098159954,5.853517,0.019177549,0.044762846,4.666214,2.0011617e-11,0.0015965534,-1.2846009,0.004682724,0.14067769,0.14324857,6.452426,7.611991,6.26106,4.342622,-0.71211654,0.022738712,4.960972,0.00066990755,3.2930016e-05,5.648755,5.290972,2.1191187,-1.7147936,-1.8178129,-1.6953696,5.6336827,-1.8178093,-0.9519926,0.046976734,2.5643055,-0.58848345,-1.3073659,-1.8090756,-1.8173887,0.00025760525,-0.07061433,0.00059594226,0.002145858,4.7024283,-1.815501,4.2608604,4.718575,4.6903305,4.410499,6.4470515,-1.8178174,-1.8178049,5.619103,1.7876695,6.157429,1.4681184,3.649584,3.4443,5.8695903,5.907653,5.943478,4.0891733,4.292099,5.1031737,4.9358215,4.88873,4.894003,0.00021661921,3.5920918,4.973096,5.8276873,6.49359,5.9067416,5.638178,0.049219303,5.7957935,1.1198509,6.2752433,0.0111780455,0.6310327,4.585555,5.0473223,4.775919,3.98233,6.368425,5.5740957,0.08580633,6.1465583,3.4557576,6.7619653,5.3896923,5.2183304,5.73421,6.0515814,3.1647933,5.340459,6.06897,3.2450866e-06,6.128272,4.2551804,0.69042045,7.0883937,3.538485,5.4711695,0.0003978471,0.0035238834,4.712264,0.2255269,7.370943,1.5830885,-1.2553542,4.844953,4.9248877,0.0001213409,3.441793,4.893029,-1.5863526,5.189395,6.291976,7.1704893,-1.807665,7.2799163,0.03448496,5.3821507,4.995582,5.031976,1.856757,4.2104273,5.742728,4.343445,4.9513826,-1.5383018,4.67568,3.5411797,-1.2749041,7.602614,1.8642938,0.0009676381,-0.4149932,4.994819,5.453277,4.9796805,5.2145476,4.6618996,-0.89960855,5.8467064,5.7845173,5.2832284,5.117157,6.3963494,3.4590492,-1.8178014,5.167374,6.8531117,6.017313,-1.7362498,-0.8321153,4.86426,6.0394735,4.8515863,0.08937685,5.478025,5.0960765,4.156238,-0.2153552,5.3206334,4.7670774,-1.049726,4.2747445,3.9949331,3.7133596,4.2379246,6.2929955,0.04523802,3.93918,5.460179,4.582907,5.00965,7.2525263,4.350706,4.8549714,4.863457,5.8093877,5.5999374,0.0060047177,0.0011278319,1.0103642,2.60697,-0.09337903,0.98608327,138.83899,135.91103,-0.11278116,-0.10472804,0.15254553,-0.25023478,-0.23691683,0.10137805,0.12003103,-0.34127071,-0.016765479,0.15699637,0.16115704,0.2670509,0.06849383,-0.29463786,-0.3252645,0.060688,0.16439353,-0.05175741,-0.06934992,-0.058146533,0.027974319,0.24091877,-0.26490176,0.11893565,0.0035969664,-0.28697762,-0.2240793,-0.10620696,-0.33148074,-0.22372344,-0.1914863,0.61395735,-0.26096424,-0.054643158,-0.30851415,-0.057327203,0.2292976,-0.30684578,-0.03842339,-0.25697392,-0.15677705,-0.25912213,-0.332533,-0.29812688,-0.30955052,0.124849916,-0.18604055,-0.21163678,0.053592116,0.46040002
0.70643365,-2.1462915,-0.21589148,1.4442283,-3.172576,1.3999624,-1.2085593,-0.47381526,-4.486965,-0.39043573,-1.264989,1.2427961,1.4479007,0.99258465,-1.200447,0.4926747,0.07605333,-2.745154,-0.4442699,0.5655944,-2.00421,0.5256068,-0.82300407,1.5771855,1.0433556,2.1260889,2.0330815,0.29942527,-0.8346586,0.6239739,0.8722342,1.2514386,-1.0330275,0.8781684,0.53789115,1.5611248,1.7802022,5.8967814,0.027128775,0.053669956,1.4825479,5.757396,7.8570127,8.194819,8.13456,0.03837373,5.4645467,0.007226392,0.04436046,4.174784,1.6553314e-07,0.000931995,-1.7568007,0.004677342,0.14061241,0.02208804,6.327248,7.562275,6.2188845,4.5913925,-1.8147838,0.0075134723,4.922176,0.0006696139,3.2910313e-05,5.474224,4.297319,6.9396415,-0.92575556,-1.8178178,0.7671727,6.0091877,-1.7963144,-1.5787472,0.043653663,3.4803069,-1.7605711,-1.817164,-1.8171142,-1.8168297,0.00014519213,-1.3763674,0.00059523515,0.0024872827,4.9898987,-1.7721709,4.9721675,5.3424854,5.1809535,3.730502,6.8358965,-1.8168272,-1.8178103,5.6307554,0.051634405,6.004211,-1.5152148,4.084897,5.970542,6.0891604,2.9356623,6.2533894,4.3691525,-1.4233359,3.2749383,0.7070506,4.691903,4.6910353,0.00021606851,-1.8164636,4.0037503,5.6399574,6.1646795,6.2382708,5.513506,0.056812357,5.508584,0.9855951,5.9332366,0.0020945938,0.10871037,5.1023364,4.7408147,4.7095795,0.7227307,5.9641743,3.9056485,0.14004028,6.469288,2.119814,7.084068,1.3374823,3.9829402,5.389815,4.9888306,3.7149053,5.3230114,6.355479,2.4128103e-06,5.417761,4.4589143,5.9695873,4.797361,3.6011307,4.9711885,0.0009291505,0.0033447365,5.1903267,0.02078872,7.107842,4.6512957,2.0916784,4.8351207,4.912825,0.00012070733,3.6485786,5.421375,2.112318,3.6374815,-0.75140876,5.859885,2.2207878,1.5950032,0.01916492,5.316071,4.9730244,5.3636374,4.8261366,4.395946,6.0993137,3.9851542,4.483376,-1.8154674,4.598,-1.7481228,5.1514564,-1.7910649,-1.8007855,0.00096762733,-1.8103645,4.851672,5.9313707,5.541763,5.4141235,4.883715,-0.70463103,5.7475963,5.908452,1.3460863,5.0610557,7.581927,-1.3874851,-1.8161769,5.732221,2.4930525,4.562354,-1.5062691,1.3623865,5.1323094,5.530139,4.8046594,-1.182777,5.0187106,5.779447,4.8956003,0.26337734,0.6774338,5.1266184,-1.7361008,4.936311,4.2279897,3.7777724,3.611282,4.865803,5.215127,3.7889688,0.092210755,5.107399,4.4114723,-1.6639993,4.0094543,2.6997192,-1.6660936,4.9694347,5.5999274,0.011446049,0.0011278325,0.91464096,1.7276709,0.13985986,0.874398,13.279406,20.951607,-0.24311882,0.649177,0.20964807,-0.34650517,-0.28093278,0.043265708,0.014872519,0.21833444,-0.18794131,-0.10078587,0.5939177,0.1912546,0.38065544,0.331427,0.2008595,-0.2735974,0.38776362,-0.3676521,-0.41943714,-0.23685952,-0.06932348,0.5178949,-0.07952255,-0.21502866,-0.2956614,0.39831138,0.20294884,0.51272863,0.03502753,0.02340281,-0.4639522,0.4151586,0.07505409,-0.26525295,-0.041081656,-0.42846605,0.44040567,-0.3499311,0.05546822,-0.24404763,-0.16554984,-0.12753306,-0.32520878,-0.2980816,-0.3460554,-0.16909954,-0.2748239,-0.13988243,-0.21445207,0.37210688
0.5814205,-2.1451647,0.36443397,1.9226832,-1.925794,1.4231819,-0.47111163,-0.7248832,-4.241697,-0.13183898,-1.3781096,0.72755575,1.63247,1.1208,-1.7235488,-0.20632626,0.095678985,-3.4549727,-0.9494818,1.391865,-1.1900897,-0.03182824,-0.45361003,1.5515865,1.138937,2.3506188,2.1007648,0.44912335,-2.2449224,0.62507135,0.7119165,1.6073139,-1.7040752,0.8638949,-0.21197906,1.3306615,1.7272637,6.781508,0.004620734,0.0126664825,6.909955,6.8214564,8.372716,8.53175,8.419898,0.14672996,6.285085,0.0072092,0.074935004,3.897849,9.663375e-12,0.0005211458,-1.8178184,0.0147304805,0.14683251,0.032603327,6.818024,7.8814106,6.6878304,5.0291076,-0.98766667,0.00056233,4.8982906,0.0007007704,3.7567315e-05,6.2729278,5.7768354,6.9772015,6.229569,-1.8103142,5.670512,6.391611,-1.8178048,0.9551692,0.019539492,-1.4635699,6.35754,-1.4907948,-1.8177106,-1.8156338,0.00043189462,5.2014656,0.00069856166,0.0028033624,5.4416776,2.3122709,5.513275,5.989921,5.9333286,4.2065797,7.4556994,-1.8175495,-1.8177027,6.252414,1.5002377,6.9450707,5.977131,6.4040976,-1.3304188,6.2990184,5.9075203,6.476819,4.6780415,2.8329434,5.586741,5.0280027,5.7780094,5.7775836,0.0017194388,5.486897,7.031047,6.403293,6.6916986,6.5908194,6.2433786,0.060195483,3.69833,0.56198764,6.009507,0.003320145,0.15404531,4.8249683,4.9322166,4.8878565,4.398634,6.9008822,6.5088935,0.37334853,6.499607,-1.2272238,7.6523247,6.8381615,8.259654,5.369704,6.520662,5.3211327,6.441316,6.2997212,5.6569483e-05,6.8296328,4.920793,3.2093134,7.8306727,4.1763854,6.2294273,0.057651076,0.38370672,5.8512154,0.049934134,8.051836,4.9795084,5.100531,5.3828864,4.8675666,0.0013299072,4.314819,5.5968165,1.5677767,6.0394983,6.900748,7.459767,-1.7029064,7.639062,0.062855445,5.868195,5.2996035,5.1042876,-1.3077914,5.207529,6.6016197,5.2775974,5.1248126,-1.7867217,4.6634364,-1.6013865,5.6053076,0.25377187,-1.5680469,0.0010134833,-0.05435331,5.277244,6.231404,5.637048,5.994982,5.8100185,-1.6706262,6.151946,5.950097,6.837572,5.8901515,7.0172057,6.1673675,-1.7374531,6.3265467,6.867767,5.9094753,6.375145,7.1233654,5.4653854,6.125972,5.683543,0.4036057,5.1920233,5.887154,4.8378625,-0.97171134,5.3863053,5.0142827,-1.781289,5.768095,4.40762,3.994088,3.5000517,6.515792,-0.9063756,4.7486367,5.5199633,4.5502987,5.038899,7.254484,3.8945546,4.8538203,-0.31680492,5.629091,5.5999374,0.01251193,0.0011453452,0.62517387,2.575408,0.46881393,0.86614174,107.91837,121.09918,-0.27460787,-0.34504563,-0.38670656,-0.30729893,0.036674447,1.4078375,1.4430398,-0.04281679,0.71429545,-0.34628022,-0.5122974,0.12288503,-0.4150848,-0.35222206,-0.39302275,0.3347786,0.13097899,0.040830474,0.36075547,0.53986037,0.70735115,0.13506757,-0.30581176,0.64350235,-0.29324457,-0.46371037,0.2213336,-0.18728179,-0.28355923,-0.5906821,0.012243004,1.4139991,-0.65855217,0.2120895,-0.49912632,-0.3277524,-0.34753448,-0.17146917,-0.37372762,-0.24993987,0.15640554,-0.26849234,-0.2980922,-0.29812688,-0.23740119,0.035452023,1.1553335,0.2105215,-0.30535948,-0.048479676
0.602586,-2.1462915,-0.040597964,1.6960245,-3.1933339,1.4068916,-1.3469644,-0.5008334,-4.4870005,-0.44478062,-1.4587924,1.0449176,1.6028175,1.1731198,-1.0310924,0.52975243,0.09374454,-2.2460315,-0.36341324,0.14844574,-1.9844289,0.31579673,-0.49392685,1.7081593,1.1270034,1.8138007,2.1215782,0.28900862,-0.70176935,0.62481695,0.83908343,1.1409175,-0.2268861,0.89984,0.20381689,1.6054393,1.7974311,5.4306164,0.0017432853,0.022085708,5.7379336,5.8449187,7.8510118,7.997629,8.009464,0.0021424214,5.4736834,0.0072066607,0.06892109,4.44652,3.12621e-05,0.0059225657,-1.8125509,0.004677468,0.14061217,0.016236207,6.859918,7.751275,6.4756136,5.1135745,-1.4824792,7.3404217e-06,4.871201,0.0006696582,3.292413e-05,5.821837,5.3380585,6.9774227,5.913702,-1.8174595,5.6641226,6.4455924,-0.4161089,-0.98165023,0.07024289,5.611679,4.678803,-1.8167164,-1.8177283,-1.8119946,0.0044749924,4.822234,0.00059551245,0.0017145568,5.0985274,4.4774733,5.4413095,5.0262575,5.573421,6.0919795,7.0666976,-1.714666,-1.8176495,5.699671,0.03799777,6.1977906,-1.0180017,1.307182,5.5362964,5.9979763,-1.3002418,6.2701864,3.1794977,-1.8175893,-0.77158105,-1.6378362,5.0248494,4.8597317,0.00021738114,-1.817817,4.569175,5.214263,5.870248,6.181395,4.546527,0.06018998,5.892195,0.104573905,5.7165837,0.0066749305,0.011537809,3.9722848,5.5447874,4.5282784,-0.79720944,5.9378233,4.235601,0.21427593,6.897394,2.0990775,7.334395,6.136212,5.3391056,5.615922,4.7040563,4.656292,5.91528,5.8191104,2.4102537e-06,6.0009403,5.511954,6.0200934,-0.21250111,4.1764708,5.9411383,0.00034343326,0.0043833307,3.0701585,0.01367713,6.589526,5.176546,3.7015352,5.401115,4.835921,0.000121432786,4.0627995,5.383083,-0.26389155,3.872182,-0.63143384,3.0979517,5.9695683,4.933532,0.008787427,5.3702207,5.3325753,5.750332,4.6312876,5.0114727,6.541013,4.468241,5.1426573,-1.8176373,4.8559847,-1.6006418,5.114823,-1.7054105,-1.461116,0.00096768554,-1.6355593,5.182744,5.944697,5.66413,5.7133007,4.733196,4.6358767,5.239667,5.7319007,5.443113,5.6945276,7.57549,1.7456224,-1.1365567,3.9082558,-1.6935849,4.6563034,4.2209196,5.340877,2.6598713,5.824101,5.727478,-1.0823331,4.411734,5.660433,4.6931834,-1.5454252,0.3939307,4.607037,-1.6712551,5.4861393,4.1830344,3.9488237,3.5302618,4.9835505,-1.1322066,4.2668514,3.2542155,4.804885,4.483687,-0.291588,3.7776458,-1.532957,-1.6894747,5.447366,5.5972643,0.015967924,0.0011282174,0.9284898,2.4430482,0.39226326,0.82263345,8.08016,14.232486,-0.58981365,-0.40048176,-0.4378879,-0.19270921,0.11397319,-0.44547036,-0.3594701,-0.085734546,-0.40761518,0.017464451,-0.061241608,-0.2239914,0.113147534,-0.2521913,-0.21037574,-0.78248096,-0.550101,-0.5269457,-0.22847286,-0.13774534,-0.16449967,0.20782222,0.055790156,-0.3152208,-0.09371217,0.013904315,-0.057394564,0.75540024,-0.379492,-0.10142497,-0.008948187,-0.64947736,0.71934444,-0.17979003,1.0426563,0.19318143,-0.5127865,-0.0037230046,0.45281738,-0.2663111,-0.23457482,-0.14510898,-0.33569887,-0.19151954,0.03218039,-0.6567021,-0.7394007,-0.10498761,-0.3338883,-0.10727578
0.50260687,-2.1462915,0.0027197977,1.4568671,-2.7695475,1.4398673,-1.2274077,-0.6638173,-4.3228984,-0.49090046,-0.8991478,0.91798085,1.5693831,0.6582887,-1.358641,0.41472277,-0.07977657,-2.8349512,-0.58483756,0.23326765,-0.30180803,0.21824175,-1.2026708,0.266429,1.1386276,1.9759041,2.0169282,0.3021761,-1.1301339,0.6054317,0.67560565,1.4309803,0.14215367,0.8439819,0.5168566,1.5500046,1.7338009,5.466812,0.004319014,0.7853334,3.2628467,5.6960516,7.5960326,7.9199014,7.936725,0.007883455,5.8908587,0.007207447,0.18393603,5.217883,0.0046332777,0.041495405,-0.72108936,0.004687753,0.14068452,0.057651028,7.371684,7.461552,6.5092554,5.1351094,4.6237974,9.371943e-06,4.8144484,0.0006701667,3.304016e-05,5.5302196,4.940739,6.977472,4.988863,-1.8176237,-0.9322932,6.048682,-1.816654,-1.8147378,0.044604808,-1.2093775,-1.8152018,-1.8159808,-1.8176177,1.0944563,0.0046489616,0.0015085797,0.0006619004,0.010720864,4.9846272,4.4877715,5.388794,5.8304057,6.118039,6.017528,6.5321918,-1.4074678,-1.689738,5.464966,0.057755906,6.343611,6.094086,-1.5682472,6.1625094,3.1128979,1.7342621,3.7187126,-1.8175497,-1.8176614,-1.714371,-1.8148918,4.1630263,4.4021235,0.00025408927,-1.817809,-0.706292,4.5928793,5.271295,4.2638454,4.1061215,0.12273681,6.704833,0.080166735,5.125232,0.010417312,0.020064346,5.855371,6.2187243,4.7600846,4.373736,6.2891417,4.9324703,0.06645511,6.1434197,6.9168286,5.3787146,2.1860838,5.47363,3.0498168,5.2436733,-1.4590082,2.9026353,5.3170257,2.4133928e-06,4.1293373,4.711772,2.159308,2.2295105,3.2582226,3.706829,0.0003017674,0.020342277,6.2453656,0.0129603855,7.7418623,5.0307803,4.574764,4.278112,0.20348382,0.00013734966,3.3328073,5.432066,0.52945477,4.3303957,6.3732066,6.6361504,-0.10928607,6.381263,0.010541524,3.740444,3.4510934,3.867116,2.7112854,3.6323142,4.768879,3.1906452,4.5883913,-1.8178182,4.2841434,2.9040868,0.4851336,-1.4775665,2.61317,0.0009695362,3.6431112,4.1623445,4.7908335,4.1515,3.6379735,2.4989815,3.2543085,-1.7713861,5.9634914,5.802098,4.321252,7.1998377,-1.8158599,-1.6859729,-0.8138462,-1.8176894,3.6972356,-1.816674,-1.8170474,-1.7430633,-1.8097695,3.3624704,-0.5228184,4.0080504,4.503088,2.3843625,-1.8042227,-0.56663865,3.1848407,-1.8174827,5.1852603,3.3354795,1.7526712,1.0256225,4.2229686,-1.8178132,2.123778,3.9065492,1.649302,2.6890569,6.172191,0.5133084,-1.0711942,-1.7844547,3.778603,0.23532985,0.03513647,0.0011330132,0.9313145,2.0839987,-0.15022475,0.71800065,101.77716,119.80179,-0.21316235,-0.14294642,-0.39428914,0.12890685,0.3809211,-0.25305253,-0.1754427,-0.28033113,-0.3208635,0.19897752,-0.6264866,-0.22977595,-0.37260804,-0.20187868,-0.3723879,0.15942101,-0.31229815,-0.064963885,-0.34224427,0.15026894,-0.3416316,-0.23479834,-0.35373065,-0.5042678,0.6610794,-0.6553641,-0.16398095,-0.5798231,-0.32465026,-0.3826302,-0.14222807,0.59647304,0.34589213,1.9205964,-0.2418898,0.050314777,0.11318815,-0.32025835,0.64950585,-0.267997,-0.2325034,0.54259473,-0.3346209,-0.29615778,-0.29313305,-0.5631832,-0.47226256,-0.110387,0.35955912,-0.069747925
0.68057835,-2.1462915,-0.28473476,1.4521265,-3.1926582,1.3862715,-1.2067021,-0.63911897,-2.2862558,-0.84413147,-1.117028,0.9542635,1.5195013,0.90037876,-1.1421558,0.50548506,-0.20564985,-2.0354607,-0.9369448,-0.02700951,-0.70071614,0.22654939,-1.3461028,0.7775131,1.2462614,1.7276592,2.0531828,0.18206933,-1.416581,0.6143471,0.78499794,1.4358399,0.389923,0.77311116,0.4355984,1.5329717,1.7101651,6.076416,0.0005606495,0.21196894,-1.6836637,6.4764194,7.833591,7.7635303,7.75303,0.0023908948,6.184943,0.0072065643,0.13856624,3.2515945,0.005094519,0.031805493,-1.8142388,0.0047493726,0.14082687,0.05131663,6.5001736,7.626424,6.4786716,5.251025,4.9094086,1.5418685e-07,5.0184493,0.0006726722,3.4382298e-05,5.737852,5.0648737,6.9775453,-0.05599944,-1.8157777,3.7204218,6.1367393,-1.8155419,-0.27831206,0.026610933,2.753867,-0.78345984,-1.8176847,-1.8178121,3.5432096,0.00753734,4.0692735,0.0023541572,0.0018103017,4.369478,4.5346622,5.5711274,5.837698,6.296886,5.597815,6.603138,-1.8047143,-1.7527611,5.2361627,0.039300606,6.034028,6.123833,4.0981216,5.4705377,5.254801,5.5343494,5.6426845,-1.8167619,-1.8177862,-1.810621,-1.8126221,4.369493,4.3981767,0.00041599447,-1.8177736,3.5299058,4.590731,5.511777,5.3494153,4.6590095,0.20648326,6.810522,0.071810484,5.132354,0.035150174,0.08204516,5.745387,5.0719223,4.9554305,4.4823236,6.493439,4.3298645,0.029873544,6.4714165,6.5704517,6.751239,3.2916768,4.97329,5.235235,5.841975,1.6406813,3.7342165,5.8778343,2.4391413e-06,4.082843,4.549512,1.2958639,5.7593746,3.7723227,4.3551645,0.0003093082,0.17855543,5.8890758,0.011739012,7.7013173,3.6796608,5.155079,5.0261607,-1.8082775,0.00016723781,2.7440038,5.4334335,0.71641684,4.2653794,6.3411,5.9560866,0.2929628,5.690385,0.008218307,5.099713,4.3353295,3.9019403,2.3002489,4.4839997,5.3695908,3.5365853,4.5474224,-1.8178185,4.9150286,-1.802355,4.4153156,-1.809314,3.9571815,0.0009918071,4.847248,4.337171,5.1952367,4.469103,4.036993,2.6342869,3.7337797,-1.8146785,5.8660755,5.5291214,4.690481,6.4734645,-1.8139479,-1.7992721,2.3595397,-1.8177533,4.4130135,-1.8173721,-1.8170437,-1.8139637,-0.5464305,4.222238,-1.8052167,4.295318,4.543404,3.83798,2.4269876,5.527937,3.7670836,-1.817195,5.1828895,2.8642821,2.715667,3.7710886,3.933563,-1.8178142,3.1083467,1.8874173,3.6775594,-1.8076327,-1.772865,-1.8036565,3.5683632,-1.8176191,5.0467825,-1.799334,0.040267054,0.0011766646,0.8898189,1.4289545,-0.2365197,0.64976317,78.37131,87.07139,0.36472368,0.5266486,0.18558083,-0.16541919,0.18271407,-0.17007703,-0.26559678,-0.17582212,-0.42036673,0.040281516,0.10364099,0.5349619,0.3136102,-0.33101562,-0.14345504,0.20523898,0.13052775,0.07360651,-0.43853226,-0.27518284,-0.02326244,-0.082708165,-0.2445463,-0.44221342,-0.08432958,-0.25124136,0.13328448,-0.31867683,-0.33105978,-0.21352941,-0.4085257,0.77754354,-0.1870653,0.8892356,-0.0009462153,0.6507663,0.8039452,-0.35695305,0.23073408,-0.26880002,-0.23483251,0.042413764,-0.31872007,-0.29634407,-0.34816048,-0.27647588,0.15336128,-0.26423013,0.18391407,0.38221845
0.54035056,-2.1462154,-0.17228657,1.6254243,-3.1880298,1.5518867,-0.7155183,-0.48173165,-4.4865937,-0.2546339,-1.2574644,0.9459047,1.5833946,1.1179453,-1.0192904,0.53894126,0.030610705,-3.4509645,-0.28094712,0.80677885,-0.9656036,0.21516085,-0.93018377,0.5283965,1.1015433,2.0376155,2.20157,0.3082509,-2.6121855,0.6152066,0.81402445,1.2774053,-1.5337323,0.8229702,0.23105589,1.4959633,1.7172998,6.446672,0.00075215707,0.0052303835,5.5604525,6.321683,7.909002,8.026018,7.941289,0.007835538,6.1540804,0.0072069615,0.17525654,3.9209325,1.2750364e-08,0.001112501,-1.8178172,0.0055455132,0.14124884,0.05651205,6.3101716,7.6561284,6.3941817,4.673785,3.610339,4.7157588e-05,5.1814384,0.00068242924,4.0141877e-05,5.8577876,5.4184213,6.9771447,6.229711,-1.8158522,5.6897306,6.4061832,-1.8094729,2.3692462,0.36350662,-1.5029125,6.357294,-1.8159128,-1.8178111,-1.8172,0.0041417624,4.4811554,0.0006541139,0.0005928734,5.314829,4.526191,5.1321206,5.6936274,5.733664,-1.2024878,6.7831755,-1.7894937,-1.8177977,6.002107,0.0790059,6.2548895,-0.6730319,3.6514864,4.6233144,5.899591,5.49193,6.1192517,4.5377536,-1.8102723,5.71888,3.1294823,5.6105947,5.1844153,0.0007583363,-1.6546385,6.3403707,5.311951,6.11279,5.7836456,4.7972784,0.13327274,4.5773807,0.087617114,5.9632993,0.020979062,0.18798445,5.6859627,6.2203555,5.011723,4.0190964,6.495609,5.9577613,0.26103738,6.3335767,6.956537,7.225703,-0.94304925,5.619593,4.4808445,6.493282,5.177799,4.835995,6.3703847,4.254799e-06,5.6687555,5.4794617,5.7212343,7.2748055,4.1654778,5.300993,2.0541759,0.103479,5.6931233,0.020296182,7.2792845,3.8951082,5.388024,4.3489256,4.8032317,0.0008779031,3.2357428,5.707215,3.8089392,5.579509,5.772913,7.403092,5.1223493,6.9822702,0.054607663,5.3417244,5.280744,4.808817,3.8529115,5.1224384,6.2225213,4.460504,4.709902,-1.8157283,4.810762,4.0251226,5.058363,0.087055504,4.0566597,0.0010467643,1.775124,5.0528646,5.747727,5.399258,5.3073087,5.401637,4.903902,5.765844,5.951915,5.2840858,5.345352,7.1379323,4.381865,1.835666,5.8286676,6.866319,-0.0038052937,6.3782306,5.248997,4.1392584,6.125936,5.121451,-1.3091074,4.663204,5.6946483,4.534639,2.4846516,4.688598,4.0592666,-1.7532144,5.5794578,4.263699,3.8323994,-0.6238786,6.2353497,-0.077387415,4.7464285,5.488106,4.645522,5.07883,7.223987,3.9086823,4.061745,-0.54175824,5.5074606,5.599888,0.03192111,0.0011630475,1.1113873,1.7564875,0.04677148,0.7457185,59.90317,74.05113,0.873265,1.0168028,1.6534803,-0.038775634,0.26105118,0.6817466,-0.20814174,-0.09015292,0.507983,-0.29453707,0.66631997,0.5729317,0.7638204,-0.41478488,-0.020709038,0.32371333,0.8199069,0.58048135,-0.37723777,0.28965288,0.5225568,-0.07649263,-0.20880812,0.7041814,-0.2236703,0.7656877,0.7625884,0.7692464,-0.34955078,0.17906332,-0.43804365,0.65741783,-0.7924576,1.5955217,-0.14382316,-0.3440087,-0.10033463,-0.29284832,-0.42653036,-0.19659223,-0.22246137,-0.26834413,-0.29538924,-0.2981247,-0.33940443,0.16809201,-0.28970236,-0.4065832,-0.25491416,0.36346367
0.64424026,-2.1166034,0.33708644,1.9080207,-1.9424754,1.4156921,-0.5143452,-0.6743436,-4.0045924,-0.14827828,-1.3808367,0.71245545,1.6543041,1.1845249,-1.698104,-0.18082286,0.06725755,-3.4549782,-0.87924385,1.3748357,-1.440539,-0.04599449,-0.4417079,1.5265348,1.149728,2.386878,2.0794387,0.4424004,-2.1677685,0.6247161,0.7134956,1.5870131,-1.5859942,0.8552598,-0.18748005,1.2818182,1.711974,6.5942907,0.010437487,0.006511013,6.9298077,6.9469523,8.381245,8.514859,8.3482065,0.113023244,6.331789,0.00721825,0.113037236,4.0330315,1.4978522e-11,0.0007436906,-1.8178186,0.043334894,0.17482452,0.051550113,6.950103,7.940509,6.828188,5.2294073,0.93490124,0.00012369528,5.316112,0.0008451527,5.6670477e-05,6.414881,5.8527455,6.977694,6.2305584,-1.726065,5.692958,6.404148,-1.8174332,3.3555944,0.031280484,-0.77777857,6.3596215,-1.17803,-1.817632,-1.7902622,0.0009313843,5.23194,0.0011681428,0.0033837957,5.4460917,4.243158,5.5974927,6.0409822,6.0442476,4.091568,7.5625367,-1.8136722,-1.817234,6.4122844,1.4792609,7.0708566,5.913412,6.7259874,-0.7542443,6.3483195,5.9070945,6.5195694,4.7346296,0.6306775,5.6473036,4.995221,5.7838607,5.763474,0.008212914,5.4829006,6.851208,6.3635616,6.7202325,6.670577,6.2536044,0.06776741,3.8669157,0.49439424,6.145543,0.0061968747,0.3446155,4.742513,5.019728,4.825836,4.5288086,6.9202266,6.471924,0.3450784,6.735314,-0.4144507,7.762015,6.778008,8.164359,5.6173835,6.530396,5.4560585,6.664442,6.4420176,0.00028273524,6.9063354,4.9489703,1.445196,7.787192,4.3185287,6.34209,0.07434754,1.8647337,6.023441,0.1173055,8.088305,4.9168854,5.159347,5.3114204,4.7663517,0.006228879,4.4619155,5.576872,0.4973855,6.0123935,6.916988,7.3706436,-1.1586791,7.635513,0.061483003,5.8759747,5.305226,5.1120405,-0.8529353,5.255171,6.6991186,5.3447733,5.218693,-1.7952099,4.6460843,-1.2177022,5.6693635,2.0209732,-0.9747847,0.0013571244,2.4087396,5.3174605,6.279701,5.7206945,6.1019487,5.880715,-1.7044466,6.1800303,5.903359,6.9576316,6.0506597,7.0977035,6.21583,-1.47346,6.364768,6.867768,5.906878,6.37874,7.2646966,5.38133,6.1259775,5.89527,-1.4416401,5.08358,5.920612,4.979689,0.5750795,5.433638,5.0291266,-1.6664761,5.865294,4.3105884,4.1055555,3.3318303,6.5461974,-0.24947141,4.8048425,5.520166,4.7107453,4.9589415,7.2544875,3.8738546,4.853442,1.4258949,5.7618656,5.5999374,0.015040537,0.0012770342,0.6512247,2.4955506,0.4826227,0.81176805,139.84698,156.92023,-0.22508459,-0.16897325,-0.35388935,-0.3032616,-0.0077632763,1.3567301,1.3502755,-0.06345775,0.6961832,-0.3372731,-0.36422187,0.32078534,-0.34811407,-0.31975442,-0.37852,0.2698882,0.21294935,0.09212998,0.34982455,0.28967205,0.74636304,0.13880043,-0.30146748,0.67389363,-0.33815488,-0.34007132,0.37436005,0.044996943,-0.3136276,-0.5790721,-0.039556134,1.2899344,-0.6467718,0.11868578,-0.49249414,-0.3683635,-0.39419302,-0.23294947,-0.39564085,-0.22384384,0.16060725,-0.2684996,-0.2971732,-0.29812688,-0.28268626,0.21762697,1.1172274,0.26752102,-0.11064453,0.20846401
0.5050741,-2.1462915,-0.3334918,1.7234648,-1.9852723,1.3184701,-0.24192432,-0.5933595,-2.2125916,0.10078175,-1.299503,1.1980379,1.5640243,1.2375455,-0.90720284,0.09827623,0.12083297,-3.4547942,-1.2675115,0.23439157,-2.0128741,0.43419942,-1.0673124,1.3916773,0.94414115,2.0691748,2.1586456,0.38735372,-0.9365026,0.61867726,0.792048,1.5839033,-0.6870137,0.8475304,-0.21586837,1.4991353,1.7344066,6.5855236,0.011004319,5.811623,5.3394194,6.214664,7.8271766,8.186902,8.241876,0.40920612,6.0400596,0.0072748503,0.21280147,4.3578672,8.743798e-07,0.004599832,-1.8173656,0.004677364,0.14061359,0.2307984,6.1315594,7.281721,6.2068048,-1.8029095,-1.8177091,5.466682e-05,4.4489093,0.0006696298,3.2901215e-05,4.8896003,4.9304166,-1.5474285,-1.817364,-1.8178186,-1.817806,5.4468384,3.2455158,-1.8178185,0.022671046,5.7050767,-1.8178185,1.613752,-1.8170743,-1.8175282,1.4041607e-05,-1.8178157,0.000595261,0.013371186,-1.8060725,-1.8178138,-1.6256834,-1.5386184,-1.626626,-1.4674544,5.195393,5.6367292,-1.4553149,6.7412934,6.5953107,5.1699643,-1.8164568,4.103993,4.0847197,1.8584311,-1.8135564,-1.7820191,-1.817811,-1.8124775,-1.8176477,5.160975,4.138869,4.3800106,0.00021613468,-1.8178144,-1.80767,5.177734,4.220639,-1.7964643,5.1920733,0.023592994,-1.6288794,1.0965542,5.1201086,0.00026223366,0.06827157,-1.5834824,4.304638,3.3467348,-1.5166065,4.5832276,4.529243,0.045929283,4.9653354,2.6764808,-1.8031124,-1.6862001,3.0781674,-1.808063,4.9070497,-1.8178084,-1.8075107,-1.8023041,2.4150295e-06,4.577827,3.9433978,-1.8163806,3.9326284,3.1926954,0.5981732,0.00026811048,0.0032804061,-1.5180625,0.030442439,-1.4860458,4.5079823,3.9831865,-1.8049517,1.1760912,0.00012053247,0.43011132,-1.634239,-1.8171126,3.4132988,-1.4585001,5.529451,-1.8173884,5.528476,0.0038218135,-1.8018748,-1.8060971,-1.812998,-1.8059278,0.6391938,-1.8027861,-1.8082639,4.022497,-1.8177588,-1.8157903,-1.8107153,-1.8176172,-1.8163052,-1.8136309,0.0009676487,-1.7879895,3.0920124,-1.8020949,0.48311448,-1.8054055,-1.8070098,2.6572626,-1.8120273,-1.5909426,-1.5859427,3.567037,4.7129636,-1.8178185,-1.8178179,-1.8144219,-1.8177606,3.160297,-1.8178185,-1.8178185,-1.7960824,-1.8178184,-1.8049587,-1.7038131,3.4932413,-1.8065965,-1.807627,-1.810604,-1.8063773,-1.8172697,-1.8178159,-1.8166965,-1.8164885,0.6330307,-1.8177881,-1.8025614,-1.8176415,-1.8107201,-1.8078465,-1.8077805,-1.8040955,-1.8175572,0.22976875,-1.8171384,-1.8165108,-1.8033162,-1.8127558,0.05350772,0.0011278627,0.7580991,3.1448207,0.048326727,0.8778073,168.43152,172.81566,-0.6989618,-0.35932562,-0.33916634,-0.3060137,-0.3976023,1.0514444,0.82998127,0.056206483,0.4504396,-0.008435994,-0.33985654,-0.31408414,-0.34554094,0.43827266,-0.27727368,-0.3112589,-0.10137084,-0.091980085,-0.16402987,-0.19846004,0.29219463,0.9364245,-0.13127628,-0.0334791,0.37709495,-0.591605,-0.28298002,0.18764791,0.090428255,-0.4021425,-0.46777216,0.5031725,0.35910007,-0.4798026,-0.30924428,-0.3967378,-0.14374684,-0.32281572,-0.39393416,0.048797015,1.1184373,0.20890604,-0.3064835,-0.29812542,-0.3201511,0.09928221,0.10195236,0.66392237,0.7597888,0.26594865
0.81423396,-1.9717108,-0.42048,1.4486243,-3.0599558,1.2420013,-1.4561797,-1.0113103,-2.4433908,-0.7719315,-1.138081,0.7334851,1.5818616,0.7221607,-1.303126,0.06277248,-0.24059194,-3.3303041,-0.71299666,-0.03422823,-0.5612461,0.029113302,-1.1607606,-0.82209337,0.83176553,2.080531,1.8878363,0.26407874,-2.5394742,0.61881256,0.57621056,1.4318771,-1.5157803,0.70668733,0.44730362,1.5083597,1.5899407,6.1464562,0.0009663535,0.0016823213,-1.6990213,6.277024,8.208899,8.155516,7.940963,0.0075896075,6.4655075,0.0072183535,1.5448022,4.676433,0.00020299784,0.0067090886,-1.8178186,2.1962361,4.6661677,1.0328767,7.349427,7.9975924,6.996808,4.868075,1.1196128,4.0384167e-09,6.0121117,0.24840285,0.016452642,7.0622544,5.849657,6.9778023,6.230664,-1.24103,5.697439,6.205426,3.7365227,4.18861,1.0834484,4.5035405,6.3603663,-1.8171687,-1.8178165,-1.7505018,0.004236437,5.144928,0.33600476,0.00523815,5.3634825,4.5356793,5.657254,6.103365,5.6792145,3.6662536,6.8416157,4.7495956,1.3438184,6.8136277,0.044661067,6.2689104,-1.8156327,6.3701115,5.487746,6.3218813,5.4285936,6.431777,4.4291215,-1.8140883,5.767761,5.4020224,6.0744805,5.9966063,12.526225,4.92276,7.1351366,5.643164,7.0562687,6.3614793,5.340351,0.112914525,4.9337482,0.2647042,6.5585914,0.18453388,5.4976954,5.6625204,5.1153646,5.382395,4.5087748,7.043339,6.6291275,0.029357681,6.2186356,6.422843,6.545388,6.9552455,8.105565,-1.8133762,6.8015833,3.4588263,5.1882586,5.187236,0.06247413,5.0518126,5.8477025,6.0219846,3.7138174,4.7758474,5.3363576,0.09851757,1696.5474,7.1012053,0.731499,8.471644,4.433993,3.723295,0.045038883,-1.7441478,3.8157277,2.8440032,5.720173,4.2380905,6.0166893,5.203693,7.6295867,6.07928,7.1562657,0.14201844,5.7580442,5.680619,5.3162484,-1.7127553,5.4215274,6.6580687,4.458748,4.935837,-1.8178099,-0.11006484,5.5537114,5.6661,2.2315307,4.8867106,1.8381338,5.4410415,5.6978135,5.805214,5.152606,5.549852,4.91797,5.1040697,6.0621867,6.8335896,7.0547414,6.536341,6.2168713,4.050325,-1.7148032,6.4545884,4.413882,-1.5444448,6.3782864,5.858468,5.065497,6.12595,5.909717,-1.7818607,4.7271385,5.4660735,4.567299,5.950567,5.3742695,-1.3164567,4.6034856,5.4477057,5.052613,4.05954,5.070103,5.5205493,-1.8148707,4.6213737,5.4268355,5.43782,2.7568703,-1.3828397,-1.4615542,3.116683,-1.8175596,6.0052643,-1.4441109,0.019443266,1.016292,0.67027646,2.353241,-0.13898535,0.5963336,6.0961905,5.4034886,0.43600494,1.0413396,0.10782125,-0.59169185,-0.4008087,0.50178534,0.5344915,-0.1734204,0.5212451,-0.4546138,-0.59042615,-0.2777672,0.61296993,-0.062859,-0.14733754,0.55088013,0.9035684,0.88290054,-0.11850218,-0.44752735,1.044449,-0.02731908,0.7016728,1.2907954,-0.5925048,0.045605328,0.21968038,-0.031391207,0.5321339,-0.6503365,-0.4808478,-0.08348731,-0.7979742,0.1951821,-0.5689074,0.49149638,-0.70751023,-0.31045604,-0.4976114,-0.26191157,-0.23480156,-0.26788816,-0.29163057,-0.2980054,-0.32434297,-0.27965358,-0.422319,-0.6658542,0.5775662,-0.1252973
0.8125282,-2.1462915,-0.051690005,1.8997616,-1.9286401,1.5955374,-0.3752924,-0.3711858,-1.7126954,0.008089341,-1.2047157,1.3272092,1.5942832,1.2110773,-0.69628537,0.68101674,0.40272433,-3.4051936,-0.7578617,-0.0120237265,-1.9964513,0.52574277,-0.9530225,0.7988527,1.0911341,1.6982284,2.0778599,0.42470714,-1.5748439,0.62034947,0.8391512,1.3090776,-0.5202522,0.89811385,0.47179815,1.645972,1.8067641,7.0666804,2.8382475,0.57492274,6.8207965,6.4962673,8.358423,8.72899,8.480223,0.027936658,5.8706746,0.09733887,0.025466138,4.7815557,9.215678e-14,0.0049900683,-1.6158972,0.004680453,0.1406535,0.10507111,5.730092,7.844974,6.519001,4.7153444,4.3399854,0.0028831416,5.87197,0.000669801,3.2912514e-05,5.860278,5.9676394,6.6218033,-1.75109,-1.8178164,-1.751946,6.6028934,-1.8178184,5.5163336,0.029648775,5.6029067,4.9331,4.678864,-1.766866,-1.8122617,0.00036576643,4.9113336,0.0005955615,0.0065332623,5.232944,-1.8120118,5.1000476,5.7587676,5.6924086,5.934193,6.716927,-1.8178179,-1.8176618,6.5002456,2.259538,6.564356,5.297188,5.456211,5.28144,6.251118,5.9076543,6.253514,4.2693567,4.8175445,5.464793,4.8879476,5.666865,5.52742,0.00021595585,4.862074,5.2089415,6.561846,6.977772,6.5062976,6.202542,0.062988356,6.3091474,1.3504184,6.688745,0.015706016,1.1481755,5.3008323,5.240209,4.7689013,3.9646347,6.7136707,6.28116,0.14390852,6.6492953,5.7383146,7.2285495,5.401397,4.682421,5.7889237,6.302491,5.4462757,6.1606646,6.4717264,3.5116218e-06,6.7679386,4.1388817,3.7857862,7.697863,4.2237964,6.3138776,0.00035003,0.0033258088,3.6810544,1.1641899,8.202244,2.3958986,-1.8008897,5.4916615,4.92551,0.00012081823,4.2811217,5.5002546,-1.8032862,5.724738,6.6095924,7.5367165,-1.8150285,7.695241,0.062028065,5.955755,4.8467994,5.0641146,4.4362664,4.855632,6.3550396,4.873973,5.3416524,6.900474,4.9550276,6.0346265,-1.803643,7.8183575,4.673806,0.0009676239,4.6726694,5.4469285,6.098829,5.6697774,5.6351743,4.9261923,4.3402915,5.9483943,6.579727,6.1847363,5.4160185,6.6371536,5.491092,-1.8178148,6.008451,6.8677034,6.307775,-1.7893807,-1.7214581,5.6202183,6.115894,5.364337,3.4257164,5.593352,5.4719067,3.306248,-1.7370406,5.208406,4.5841174,-1.7213744,5.467155,4.3765063,4.009843,4.748198,6.641599,2.854708,4.434052,5.519932,4.5285726,5.5041194,7.254484,4.542524,4.8549995,5.2772923,6.265287,5.5999374,0.0054329922,0.0011278256,1.1152664,2.7147768,0.015146233,1.0422702,227.45078,227.01802,-0.39527842,-0.5900402,0.25705686,-0.09747341,-0.2548073,0.044255897,-0.17341903,-0.39126635,0.2812556,0.33690387,-0.28490508,-0.3205753,-0.38696176,-0.42506698,-0.40897194,0.26275137,0.31765434,0.2607495,0.24855588,-0.32155472,0.53496945,0.22393212,-0.061741043,0.37853163,-0.12413073,-0.62388694,-0.43491173,-0.5370058,-0.34362048,-0.4057305,-0.4630244,1.1321172,-0.45455834,-0.4270967,-0.15521137,0.0034230547,-0.08788778,-0.2760344,0.3361092,-0.21927947,-0.20579599,-0.2661597,-0.33375543,-0.29812688,-0.25876838,0.3593765,-0.07507731,-0.10154339,0.0628401,0.78418964
0.3323988,-2.1462915,-0.11579721,1.5168781,-3.184325,1.3368952,-1.3091882,-0.7093542,-4.4645004,-0.823374,-1.0702924,0.9096768,1.5513983,0.8477499,-1.2663794,0.5475958,-0.13338555,-1.9686947,-0.36392754,0.027591934,-0.3466588,0.14410882,-1.2582484,0.8783741,1.2328897,1.8233191,2.0703864,0.20100638,-1.0847731,0.6184809,0.8069237,1.1411452,0.418892,0.7807343,0.34796733,1.5573455,1.7129481,6.1344485,0.00066221197,0.07986299,1.5783403,6.222256,7.880853,7.810096,7.790553,0.0012973559,6.21584,0.007206663,0.16156152,5.182664,0.0048018983,0.025534784,-1.8059509,0.0047247363,0.1407745,0.08250618,6.7076535,7.772755,6.595376,5.3580794,4.1424537,6.861798e-07,4.918702,0.00067356304,3.4266577e-05,5.867108,5.042044,6.977804,5.897761,-1.8085,5.2364435,6.3418536,-1.8095595,0.36351004,0.048515275,4.908848,0.96307075,-1.8176175,-1.8178017,-1.297428,0.012137197,4.2814713,0.0008687765,0.0018334717,4.917677,4.5322037,5.3936505,5.3173637,6.142188,5.6804085,7.057496,-1.7814662,-1.808444,5.2683992,0.03833289,6.290716,6.3861585,-0.6805894,5.58472,5.917255,5.476638,6.106912,-1.7938708,-1.8177824,-1.6986287,-1.7977433,4.755042,4.6531873,0.00038552718,-1.8176541,5.4716816,4.6116266,5.912684,5.9839664,4.061207,0.19878039,6.745137,0.07865461,5.392831,0.0485015,0.030323643,5.1021543,5.694069,4.956443,4.0819764,6.3408313,4.6450777,0.14095445,6.919228,6.564543,7.3889422,4.4593124,5.6493454,4.7584,5.7154355,4.832733,5.300772,6.269697,2.4310937e-06,4.1179705,5.3443875,5.4932804,-0.25504476,3.5936377,5.8524733,0.0003078427,0.12509948,5.376477,0.01223397,7.306621,4.035864,5.0955787,5.028446,0.27266955,0.00017350198,4.3804398,5.375757,-0.9266483,4.0551286,4.686622,6.0271564,5.408398,5.6195626,0.01710966,5.6108155,5.098756,5.1207294,4.0948644,4.9827824,6.061691,4.502789,4.772115,-1.8178184,4.86204,-0.8588556,5.4360642,-1.7823148,3.9443336,0.0009747414,4.058149,4.369761,5.8687286,5.3812914,5.143301,4.502766,3.6978705,-1.7192565,5.6265306,5.4841638,4.833264,6.6525264,-1.7429345,-1.4916594,0.061589,-1.8169916,3.6178632,-1.738377,-1.7602234,-1.7614865,0.0071165287,5.0692797,-1.7632434,4.3174663,5.467624,3.9133594,-0.98320055,5.166078,4.6773267,-1.8102478,5.6292744,4.157971,3.7267256,4.837793,5.4132442,-1.8176924,3.996144,3.4508681,3.5695837,-0.69185805,-0.4167511,-0.8964324,3.3292563,-1.8148006,5.1706347,-0.6560619,0.03607005,0.0011643708,0.90863913,1.4749503,-0.19278176,0.67594516,45.624775,56.786385,0.26708403,0.3649567,-0.14129728,0.18594688,0.5404049,-0.44320798,-0.33738673,-0.2244624,-0.6124628,0.33608678,-0.3978552,-0.027566932,0.0640265,-0.14516813,-0.24286239,-0.017859995,0.05831057,-0.25153157,-0.30097428,0.0440805,-0.45946226,0.31352925,-0.32239515,-0.5339134,0.21703035,-0.16868123,-0.09271212,-0.1455739,-0.35505038,-0.25702795,-0.29163918,-0.284126,0.5738544,1.2829194,0.37739292,0.31699646,0.21208635,-0.28472033,0.666601,-0.2685471,-0.23487285,-0.018846117,-0.32781094,-0.29394904,-0.26575965,-0.6863665,-0.6742809,-0.15986674,-0.40509284,0.058327127
0.61380774,-2.1462915,0.3744151,1.9265646,-1.9651735,1.4384667,-0.43393815,-0.7896214,-4.484899,-0.15161905,-1.1197753,0.76194066,1.5130527,0.7120546,-1.7419351,-0.2175443,-0.006085465,-3.454768,-0.9620218,1.3994246,-0.6041206,0.009385717,-0.6296109,1.6095589,1.1030082,2.2987611,2.079927,0.4143543,-1.9733331,0.6256616,0.75347525,1.6058935,-1.8025289,0.89205813,-0.22059172,1.4657881,1.7423601,7.1265283,0.00075743656,0.08530541,4.5354238,6.4134865,8.320625,8.651518,8.710734,0.25068933,6.205542,0.007206633,0.048901126,3.6093407,4.7374927e-11,0.0002490158,-1.8177931,0.0049691047,0.14069329,0.019678364,7.250641,7.6601925,6.237197,4.2336884,-1.8087647,0.02060138,3.5716336,0.0006700539,3.3039032e-05,5.719693,5.0252795,6.8766775,5.2064414,-1.8177935,3.4360719,6.07537,-1.8178184,-1.8106716,0.009324943,-1.7549891,5.325441,-1.8091316,-1.8177907,-1.8178161,9.1971844e-05,3.8500578,0.0005969222,0.0011486037,5.262743,-1.8061392,4.888462,5.5120754,5.193665,5.4648795,6.8566513,-1.8178182,-1.8178169,5.632972,1.3809994,6.362079,4.6604486,4.1692185,-1.7236356,6.0052843,5.9076424,6.079304,4.12936,5.338592,5.4780874,4.5966682,5.631706,5.7277646,0.000262334,5.3852024,7.1506767,6.3166547,6.254227,5.9513483,6.2793174,0.04892987,3.4485717,0.7334305,6.0278068,0.00060502137,0.02285078,4.9453363,4.8088574,5.108494,3.8568525,6.768454,6.4485064,0.57724804,5.7882257,-1.7385648,7.2640123,7.060821,8.336362,4.977782,6.478073,3.8415868,5.469304,5.4102907,3.2164833e-06,6.289983,4.8442955,4.939156,7.857579,3.5530112,5.319843,0.01185481,0.01155653,5.5410867,0.015064594,7.53194,4.22383,5.391267,5.1469436,4.9225497,0.00013902922,3.1803176,5.3921165,3.0959852,6.0126176,6.685375,7.625161,-1.8159009,7.5439544,0.034350827,5.5157347,5.081012,5.0150394,-1.7973818,4.8410454,5.9180813,4.7517858,4.438113,-1.8158296,4.609049,-1.8039656,5.2740455,-1.8100864,-1.797347,0.0009680232,-1.7642006,5.0547357,5.389021,5.1309204,5.470048,5.472721,-1.7789813,5.6490803,5.6466465,5.749316,5.1947246,6.9236856,4.646047,-1.8138739,5.2811975,6.867249,5.229836,5.378867,4.8122725,4.9471717,6.1245728,4.4457936,2.8197956,5.2109737,5.7783475,4.871658,-1.606817,5.2679234,4.83189,-1.8141454,4.1739793,4.4274716,3.4012687,4.533408,6.211331,-1.7787261,4.364889,5.5060377,4.362695,5.108611,7.254043,3.857433,4.8540688,-1.8061455,4.372142,5.5999374,0.015175329,0.001128037,0.636086,2.5021055,0.2655486,0.9127262,27.442421,29.891287,-0.50736916,-0.587159,-0.49688116,-0.34836844,-0.12445764,1.4463563,1.4704618,-0.072365195,0.6926103,-0.32751217,-0.5564715,-0.1823834,-0.4116168,-0.23112221,-0.3335926,0.36148417,-0.23624948,-0.37939405,0.3543253,0.6828381,0.26691532,0.21341759,-0.32351103,0.33367664,-0.112073615,-0.5896971,-0.24567984,-0.4604869,-0.14559719,-0.39836702,-0.20501143,1.4994217,-0.46808147,0.3012108,-0.5461726,-0.3147478,-0.25682852,-0.24845202,-0.3776971,-0.2678058,0.13260187,-0.26830113,-0.30936378,-0.29812688,-0.23870845,-0.22553313,1.1535467,-0.16210242,-0.50784546,-0.45170942
0.42095542,-1.759327,-0.25116122,1.3009334,-3.1254218,1.208244,-1.0315632,-0.9022478,-4.416857,-0.3477895,-1.7570566,1.1717033,1.5288116,0.1293319,-1.3678739,0.20500933,0.053553104,-3.407796,-0.73258305,0.9615096,-1.3354537,0.4723741,-0.6690575,1.1013252,1.0159992,2.1874006,2.252167,0.35284606,-1.4328803,0.6102886,0.7815485,1.2019322,-1.3843333,0.7748136,0.51956856,1.4090296,1.6623949,5.5818954,2.7734413,0.061057102,6.891419,5.272222,7.8251863,8.063255,7.9908905,0.015306138,5.6480103,0.042432,0.056774434,4.635307,5.214529e-07,0.0052506207,-1.8176765,0.0071723596,0.14982143,0.037548948,7.395076,7.912182,6.877408,4.8143425,-1.6883065,5.892752e-05,5.629549,0.00081685,6.916142e-05,6.230009,5.574243,6.9758115,6.2216253,-1.8003687,5.6537585,6.0099015,-1.4989845,4.946369,0.074864246,-1.2081571,5.8483706,5.142953,-1.6458708,5.2802176,0.002064578,3.1520352,0.0009977886,0.033859473,4.999224,4.531508,5.4800925,5.6639786,5.648493,-0.5035127,7.3486886,2.749659,-0.39243463,7.095029,0.31315002,6.62841,6.4578657,6.545979,5.9811816,6.2156544,-1.5381262,6.1663623,1.2366544,5.09972,-1.6176265,4.933284,4.8166986,4.6487412,0.0049516405,-1.8144814,3.966529,5.968376,6.479667,6.4310675,5.500595,0.044088516,5.7671075,1.7453277,6.854339,0.0074948277,0.8163257,6.0035734,5.2846737,4.889067,3.427164,6.225082,5.004521,1.035779,6.83108,4.434418,7.2312813,-0.72138774,3.58699,2.0704315,5.2972155,4.3683057,5.4760528,6.2646747,4.1832947e-05,5.8327394,5.2843633,5.670762,5.289601,3.913478,5.3498926,0.7271477,1.121785,6.5435147,1.6275058,7.729062,4.820547,-1.7653997,5.7090063,0.22464144,0.003979586,4.0758753,5.5266814,1.2188841,4.3418655,2.9780748,4.1688237,6.01192,6.91965,0.02309394,5.5156555,4.837024,5.3334966,5.014235,4.7489886,6.438032,4.6338267,5.1116214,3.860995,4.591694,0.12961939,4.838948,5.379943,-1.6104299,0.0015233724,2.4763508,4.889508,6.2296586,5.789791,5.724223,4.8633685,-0.6720153,4.1423874,5.8165894,6.5258455,5.9424167,7.5302014,5.228926,-0.053202156,6.2622247,6.7956834,5.782501,5.2126465,6.6577964,5.4193063,6.1235447,5.5808544,2.9747255,4.383508,5.685081,3.576207,0.6458977,-1.1087054,4.9153647,-1.6147845,5.8785715,4.306563,3.582269,-0.47705007,6.2791495,6.6266274,4.371832,5.4489145,3.9555829,5.2407413,7.056204,3.824578,0.57592493,0.32678008,5.39805,5.5997286,0.018595759,0.0014066427,0.6331291,0.48390535,0.3635221,0.7599483,164.25758,178.05482,0.3549196,0.7081956,1.3423603,-0.34680766,-0.026303029,-0.025554463,1.0310482,0.35019943,-0.36816278,-0.25391456,0.41664228,0.5962298,0.18940856,0.32613906,0.1995732,-0.5262726,0.39956176,0.17409372,-0.4648819,-0.35758415,0.08329103,0.45643517,-0.22593085,-0.25884068,-0.31157166,0.5489395,0.65871173,-0.18536246,0.7846602,-0.06829953,0.21419464,0.06254202,-0.35530582,0.31211883,0.16652085,0.12091781,0.9142233,-0.17860155,-0.33243695,1.4726312,0.8049384,-0.2147123,-0.29662538,-0.28927952,-0.2886843,-0.10701425,0.20089209,-0.056531753,-0.019028047,-0.058040027
0.4264377,-0.6057412,-0.252756,1.3039718,-3.1063151,1.1985073,-0.83507955,-0.9812379,-4.4175553,-0.42018205,-1.5974697,1.0151587,1.5496392,0.89564645,-1.2781016,0.28877404,-0.028070578,-3.1330822,-0.6220413,1.0100884,-1.4758567,0.31693214,-1.1236172,0.6381605,0.9357096,2.28362,2.205496,0.20258568,-1.109282,0.61858183,0.676798,1.2349132,-1.5093447,0.69468546,0.5381149,1.3553263,1.5940548,5.3938556,1.4798009,0.018862795,6.5465336,5.043534,7.8696337,8.04747,8.036059,0.016225569,5.3331733,0.09617186,0.053556982,4.654637,2.547208e-06,0.004043792,-1.8178122,0.04677834,0.33199227,0.033875827,7.015941,7.892853,6.854633,4.7883086,-1.627328,5.0470294e-06,5.7193475,0.0057752836,0.0010017,6.3831744,5.5715036,6.977813,6.230424,-1.725163,5.6856823,5.9544835,3.1615274,5.3956294,0.08125244,4.849204,6.099797,5.28663,-1.7523261,5.3550696,0.0017384883,-0.49504194,0.007262388,0.020131784,4.756338,4.533101,5.5350003,5.480828,5.6938834,-1.4201131,7.513571,5.817924,4.179439,7.543019,0.27688608,6.7262187,6.644308,7.013604,5.0116057,6.0587544,-1.7570215,5.8138976,-1.2954522,4.5381455,-1.3802079,6.6161547,4.6705704,4.9013987,0.10186546,-1.7297745,4.477535,6.502144,6.4885783,6.507518,6.7380004,0.028325578,5.8460417,2.21235,7.1820865,0.006535556,1.5527492,6.02636,5.5022182,4.821978,4.1882067,6.2840476,5.21827,1.4659735,6.80378,4.8538146,7.4473815,3.6924837,4.8404946,4.832335,5.8101616,5.256126,5.9981484,6.318398,0.0026151328,6.115952,5.1838923,4.5527816,6.524017,3.804747,5.2289534,0.06644904,14.944555,7.2560782,1.8235903,8.045643,5.084673,-1.6719248,5.360341,-1.6205271,0.06228832,4.0320387,5.5538096,1.2831953,4.890708,6.0867186,6.0713134,6.0668645,7.1425714,0.026422298,5.5392222,5.022203,5.103612,4.944503,4.679776,6.420173,4.8324604,5.14454,-1.6458962,4.6202993,-1.6121999,5.275896,-0.2508571,-1.5992585,0.017804867,4.589535,5.0697336,6.2041693,5.7412086,5.7145367,5.13935,-1.7213569,5.7807083,6.3308315,6.71433,6.1866903,7.4671597,5.203326,-1.4819082,6.096044,6.764391,4.9582243,6.1712313,6.1347,4.996741,6.1233754,5.671608,1.0873952,4.2902946,5.6212163,3.9547591,-1.2130349,-1.5809011,4.9032145,-1.5867991,5.81648,4.228603,3.7652824,3.0654192,6.2446322,6.270386,4.195174,5.408276,3.5520196,4.8353267,7.142552,3.4849923,3.074662,-1.6300508,5.097638,5.588263,0.01639999,0.011712281,0.70493436,0.136407,-0.0138184745,0.6829281,115.624084,130.3827,0.11814685,0.12941231,0.27327192,-0.12590395,-0.12624744,0.056705527,1.1333764,0.13555151,-0.6803235,-0.2975521,0.5491823,0.6376204,0.3014057,0.666507,-0.034809668,-0.57970506,-0.20346633,-0.24782757,-0.33146855,-0.3843132,-0.037705764,0.54348266,-0.28839168,-0.45842683,-0.09635157,0.25895768,0.20494981,-0.20364682,0.72967726,-0.37768492,0.379188,0.09524534,-0.30730698,-0.15918799,-0.119819835,-0.409768,0.9654603,-0.34100053,-0.44892612,1.4904114,1.0892296,-0.2538275,-0.3237201,-0.29183567,-0.33922338,-0.36980358,0.012005697,-0.3562458,-0.057852935,0.26764354
0.3980234,-2.1462915,0.18187368,1.5420351,-3.1620624,1.3920494,-1.4303087,-0.46179485,-4.2535796,-0.44102225,-1.0276009,1.2350445,1.7429192,0.9411842,-1.4048958,0.3462535,0.107530594,-2.4015002,-0.39552894,1.2397543,-1.141067,0.39526755,-0.9470371,0.14149992,1.0220578,2.453277,2.1464355,0.45502067,-1.5140665,0.6020036,0.64417464,1.3006833,-0.46059835,0.9159088,0.33778003,1.6152929,1.8031441,6.684423,0.3480832,0.24458958,1.1591072,6.6710486,8.321241,8.703381,8.732166,0.42617798,6.366667,0.01966236,0.06782151,4.7961993,2.8691232e-09,0.008836944,-1.7930156,0.004677098,0.1406108,0.104349546,5.9332247,7.5682425,6.178495,4.44597,-1.8124112,0.011336351,2.3140793,0.0006695844,3.2900007e-05,5.683992,-1.7648733,6.282769,5.482916,-1.8178186,-1.817079,6.325341,-0.7873866,-1.8178183,0.013696221,-1.7768849,-1.8178184,3.5708501,-1.8071753,-1.7206811,4.003221e-05,-1.8178134,0.0005950219,0.01958413,4.8826036,-1.8177611,4.667356,5.6088967,5.045953,5.29276,6.8323493,-1.8092896,-1.8177537,5.4878235,3.044387,6.1634884,1.3775387,4.487272,5.750669,5.485175,5.660911,5.809275,-1.597817,4.798859,-1.8174043,5.21011,4.0441785,4.0945325,0.00021587717,-1.8178161,4.464361,4.8593817,6.1951895,5.3732057,5.43637,0.05668881,6.1586246,0.54698306,6.0204844,0.00020460151,0.31431556,5.184089,4.378666,4.3880215,4.187207,6.2757735,5.312923,0.015657375,6.7123017,0.91439545,7.108953,0.37759337,3.820035,5.0778174,4.946106,-1.8154668,4.931664,6.390211,2.4100868e-06,5.1491866,4.9505615,4.8895836,5.704862,3.4564738,4.9095907,0.00026786534,0.0032220988,5.943523,0.9738894,6.7878923,3.3980606,-1.8073659,5.6008077,4.9215994,0.000120453304,3.4038272,4.551485,-1.7178569,4.1928606,5.4823613,-0.7388435,5.5306835,2.387565,0.0055124685,4.936896,5.2292056,4.856099,4.815529,4.8782444,6.125603,4.38616,4.5718756,1.4131683,4.4833465,-0.45313936,-1.2751074,-1.1563272,1.2456062,0.000967621,-1.8177402,4.5386925,6.0634956,5.5169053,5.312552,4.8173966,5.2294507,4.430481,4.6010423,2.391215,4.2638235,7.543705,-1.8177925,-1.8178185,-1.2556007,-1.543697,4.158823,-1.8178185,-1.8175212,5.542769,-1.8174415,5.0480175,3.184271,5.4554567,5.9028273,4.884295,4.960526,5.8145747,4.1846666,1.2784364,-1.1396431,-1.1291571,3.7621038,-1.8147004,4.737872,6.4849954,3.815952,2.2976544,5.507103,4.0882916,-1.8056337,4.517675,4.4647746,5.2872167,6.197111,5.599909,0.0065867025,0.001127824,0.8678104,2.679944,0.08422892,0.90286726,114.21796,105.54798,-0.36517346,-0.18141349,-0.4468917,-0.056428216,0.07702545,0.5513016,0.058127016,0.6080532,0.42596626,-0.11522088,0.28308892,-0.1915463,0.38448384,-0.31424025,0.45510864,-0.065195836,0.09748503,-0.26204526,0.023696072,-0.43802887,0.34798208,-0.40457073,0.19792852,0.122652896,-0.37591642,0.25733575,0.15750006,-0.08518397,-0.28954437,-0.10597505,-0.098312,-0.03580361,-0.40397516,-0.059114706,0.06784277,-0.3685791,0.070055135,-0.20149812,-0.2814619,0.53118014,1.1874462,-0.013732838,-0.30210873,-0.29812664,-0.2243924,-0.17731695,-0.77428144,-0.12103246,-0.39702448,-0.26725924
0.5945243,-2.1462915,0.38917315,1.9398025,-1.9078395,1.5139579,-0.33449048,-0.77654505,-4.4828086,-0.050518528,-1.1733916,0.7317954,1.4972179,0.6662741,-1.7370067,-0.22277524,0.21811616,-3.454861,-1.1195489,1.3995919,-1.1911429,-0.06445162,-0.5699891,1.7067506,1.203839,2.280696,2.062522,0.4529803,-1.9279232,0.62573206,0.8115642,1.641266,-1.8053575,0.88949186,-0.22780506,1.5227927,1.7645603,7.187252,0.00023760204,0.08644882,5.90331,6.3489804,8.3189945,8.540241,8.615266,0.19968435,6.1448174,0.0072065108,0.030243494,2.5934865,1.6046353e-12,0.00022490784,-1.8177997,0.0047887047,0.14063616,0.008089588,6.4380183,7.669079,6.2685046,4.48607,-1.8058019,0.01336615,4.2087207,0.0006697096,3.292931e-05,5.87646,5.647685,6.930027,3.244211,-1.8178166,1.8030983,6.3996315,-1.8178186,-1.7855132,0.0066830153,-1.5698233,5.985608,-1.8096073,-1.8178114,-1.8178182,4.5553832e-05,4.641768,0.0005955608,0.00070917245,5.4561605,-1.8168423,5.0477223,5.8349648,5.551853,6.1632705,6.8115206,-1.8178185,-1.817818,5.756358,1.2746168,6.444034,4.927888,4.6445184,-1.7755568,6.1953607,5.907654,6.3722024,4.458285,5.64496,5.718169,5.06092,6.0094666,5.9340696,0.00022277501,5.5210166,7.238032,6.690744,6.664562,6.375681,6.6746144,0.05339689,3.8604288,0.7964413,6.0837445,0.0004640234,0.015397486,5.3622108,4.9986567,5.187938,3.9727044,6.8850703,6.696917,0.7285065,5.822896,-1.7823261,7.400984,7.209421,8.381278,4.7272305,6.6836925,5.516807,5.742349,5.634141,2.879829e-06,6.564055,4.6680884,5.1931796,7.93579,3.757552,5.9037347,0.0020313284,0.0048879706,5.7976036,0.012885519,8.011082,4.6738076,5.3639684,5.623245,4.9251084,0.00012451706,3.5908346,5.617752,1.5741363,6.087677,6.8507915,7.7134266,-1.8176048,7.682855,0.04426971,5.832122,5.17963,4.5735397,-1.8025755,5.03271,6.0784245,5.047979,4.6747484,-1.8041804,4.747802,-1.8131615,4.389641,-1.7759075,-1.7981302,0.000967664,-1.7747543,5.224731,5.734862,5.260597,5.543699,5.644556,-1.72647,5.6190333,6.0110683,6.1420207,5.23457,6.4625006,5.408148,-1.8176537,5.754146,6.867735,5.5236697,3.8604596,1.9226291,5.443035,6.1253486,4.606755,3.8502038,5.359076,5.7742233,4.3098526,-1.7953871,5.5113325,4.5857396,-1.8175647,4.209,4.64642,3.6198997,5.0931334,6.5043373,-1.7944196,4.4958506,5.5174065,3.861062,5.1001225,7.2544236,3.7301593,4.8548784,-1.8122312,4.6727414,5.5999374,0.010913183,0.0011278446,0.65013516,2.6999593,0.30456033,0.99007595,51.831467,45.87329,-0.63373125,-0.75197554,-0.512241,-0.21653834,-0.16489208,1.4645678,1.5002024,-0.21534638,0.7180101,-0.3172417,-0.7614565,-0.47727484,-0.50970685,-0.34697038,-0.40003407,0.4645558,-0.3347161,-0.35470855,0.3773859,0.68957645,0.203598,0.35842475,-0.33609188,0.16690952,-0.14891697,-0.82327586,-0.4587407,-0.6100335,-0.13108419,-0.5655024,-0.32387426,1.6844174,-0.5369107,-0.12142257,-0.5324285,-0.329273,-0.31806526,-0.25983575,-0.27615836,-0.26879236,-0.06660249,-0.2684464,-0.31302813,-0.29812688,-0.15444629,-0.32567868,1.1898648,-0.17878094,-0.66768587,-0.18193091
0.6258585,-2.1462915,0.36141577,1.9364816,-1.9162475,1.5662221,-0.35085228,-0.6146469,-4.208785,-0.025001816,-1.2153299,0.9102775,1.5754615,0.98494047,-1.564089,-0.13622619,0.33903265,-3.4533703,-0.9897532,1.1566836,-1.6286324,0.014346466,-0.70535785,1.370155,1.1732174,2.0687442,2.047367,0.4510237,-2.0404668,0.625293,0.7835191,1.5796232,-1.7322851,0.88585347,-0.21051204,1.5876226,1.7826668,7.131265,0.0068184063,0.19504383,6.2228622,6.36419,8.323471,8.577184,8.545186,0.113960885,6.0045304,0.0072124894,0.032534074,3.513504,1.8040813e-12,0.0008734228,-1.8168582,0.0047588507,0.14068414,0.021072106,5.97046,7.696984,6.360519,4.5304275,-1.3669221,0.009120169,4.8138943,0.0006699828,3.2946817e-05,5.9719257,5.789593,6.8281226,0.04863096,-1.8178129,-0.42395392,6.455193,-1.8178186,-0.6078685,0.011471057,-0.19418468,6.035485,-1.6280196,-1.8176447,-1.8178059,0.00015163109,4.921214,0.000596307,0.001495718,5.404171,-1.8148905,4.860693,5.722513,5.410087,5.8829203,6.744985,-1.8178184,-1.8178136,6.0649676,1.8229138,6.4644055,4.143123,4.477252,-1.4932616,6.1152163,5.9076543,6.2395487,4.4866896,5.21682,5.6930804,4.655582,5.9335356,5.752943,0.00022015597,5.4941382,7.0099864,6.613083,6.760078,6.311155,6.498798,0.06050712,4.77562,0.7770251,6.16118,0.0027266478,0.04157105,5.056692,5.2164226,4.994909,3.6804852,6.8093176,6.5774274,0.46874568,6.04403,-1.3097445,7.214101,6.93773,8.17698,5.1537485,6.5543485,5.5161104,5.609989,5.8039136,3.7516932e-06,6.6551423,4.488502,4.423115,7.882083,3.6867044,5.992543,0.0011630561,0.004784359,4.8298564,0.03101835,7.99699,4.0975246,2.915958,5.4419827,4.9249935,0.00012591474,3.737374,5.541572,-0.56575733,6.07477,6.79472,7.6727605,-1.8172768,7.685192,0.06455956,5.841083,5.152922,4.642917,-1.6381068,4.862004,6.0579276,4.9668283,5.0258145,-1.1689469,4.7417445,-1.5929395,-0.13882811,5.362344,-1.2644405,0.0009676788,-1.1903476,5.2566705,5.7968345,5.1934743,5.4199615,5.3581576,-0.6330852,5.761647,6.0765986,6.1060433,5.3414726,6.275854,5.815798,-1.8177344,5.845953,6.867719,6.0056353,0.60550725,0.29710558,5.471252,6.124302,4.8422456,3.8481858,5.4327917,5.498883,3.7994998,-1.7906369,5.4127336,4.3122087,-1.8150407,4.6700463,4.4711146,3.6224227,4.939075,6.5232854,-1.6532537,4.3976026,5.518479,4.048801,5.1209154,7.2544527,3.9696126,4.8549595,-0.9822451,5.472233,5.5999374,0.0068381336,0.00112785,0.82772017,2.8027287,0.18653546,1.0181205,108.70277,108.38819,-0.5589229,-0.7254267,-0.4588716,-0.1757921,-0.14922772,1.380708,1.2636786,-0.2916781,0.65224594,-0.16299501,-0.7002804,-0.41977158,-0.48188475,-0.41838458,-0.41052198,0.41341525,-0.19185482,-0.13312334,0.371993,0.64215523,0.35498255,0.27646327,-0.28490728,0.3430171,-0.12515089,-0.7908767,-0.4348249,-0.5718912,-0.2949478,-0.5523837,-0.28800425,1.6080198,-0.5661734,-0.18403499,-0.41803965,-0.19592395,-0.33864698,-0.19301647,-0.100371495,-0.26724908,-0.15126948,-0.2682076,-0.32522264,-0.29812688,-0.095769,-0.15078755,1.1147171,-0.13711096,-0.5513183,0.27710545
0.5907046,-2.146282,-0.36024055,1.4347248,-3.1904225,1.3236678,-1.1351727,-0.7637632,-2.0268564,-0.8428145,-1.18798,0.9402857,1.5389873,0.8571624,-1.1719663,0.43152207,-0.20849557,-2.1448877,-0.9436376,-0.018232867,-0.82485276,0.22217385,-1.337018,0.71708786,1.2451782,1.8348304,2.0618317,0.18229029,-1.5265597,0.61253315,0.728177,1.4360772,0.0075230487,0.73825437,0.4075438,1.510105,1.662778,5.9200306,0.0034988767,0.18608995,-1.750339,6.249499,7.7857757,7.7739325,7.7541265,0.0040433086,6.082033,0.007208088,0.15615551,3.4146838,0.005081914,0.030616445,-1.8142892,0.0053985785,0.14292075,0.06871863,6.6223545,7.663981,6.5725436,5.1081285,4.7493734,2.7564045e-07,4.960192,0.0007058727,4.486236e-05,5.785754,4.994677,6.9765735,2.171529,-1.8104272,3.930139,5.9998765,-1.8056589,1.6456684,0.04101564,2.1334012,1.8861876,-1.816539,-1.8177749,4.897821,0.0077954764,3.2342718,0.008052549,0.0036763754,4.4754353,4.5350313,5.5373483,5.563,6.112435,4.491873,6.624462,-1.7412628,-1.5757868,5.266867,0.044390958,6.0379186,5.9002166,5.036983,5.1561255,5.3047094,5.096657,5.6775827,-1.8135616,-1.8172752,-1.803742,-1.7779577,4.4611454,4.1528144,0.0024138233,-1.8174707,3.2083488,4.5983553,5.6040106,5.2383785,5.165255,0.19401374,6.768217,0.08091623,5.248541,0.039127275,0.21226802,5.499762,5.10469,4.9333963,4.406673,6.4298015,4.3563933,0.061096903,6.4690576,6.227592,6.510457,2.263679,4.9649158,4.68214,5.7149596,1.5500549,3.4498186,5.66093,3.3556257e-06,4.0876174,4.6156116,1.2994025,6.1096396,3.559299,4.4662204,0.00053452904,1.4816543,5.9386287,0.014319563,7.4814124,4.1952806,4.722504,4.9550033,-1.8107487,0.00060759665,2.457316,5.346706,2.3140912,4.351946,6.1687775,5.5472884,2.595841,5.8760767,0.01061382,4.9052258,4.4232016,3.7477698,3.2412183,4.6027007,5.50278,3.385093,4.593999,-1.8178182,4.7791896,-1.7980417,4.1241364,-1.7820309,3.6372738,0.0013153964,4.5322385,4.3019557,5.2078657,4.5134163,4.1269474,2.4726512,3.4528368,-1.8076867,5.5544076,5.5714674,4.8685,6.468119,-1.7986437,-1.7988049,4.113492,-1.8172661,4.416407,-1.8149462,-1.8121008,-1.8017685,2.176412,4.4097157,-1.7701582,4.3567543,4.397302,3.7339714,3.7587738,5.2029305,3.853162,-1.815055,5.1085467,2.9185355,2.7624004,2.8194318,4.295677,-1.8177304,3.1652064,2.0859003,3.9305918,-1.8005078,-1.7695265,-1.8035269,3.3363376,-1.817051,5.1292706,-1.7984306,0.03997675,0.0016024907,0.81964415,1.2128651,-0.2335753,0.6194935,78.6,87.60413,0.31161356,0.53238785,0.50291646,-0.302283,-0.040794633,-0.02813505,-0.0737843,-0.100016415,-0.38963318,-0.1511664,0.1962355,0.5051578,0.3944309,-0.28077185,-0.14211287,0.20923693,0.12762022,0.16655888,-0.41606364,-0.2836301,-0.0012825702,0.022401368,-0.13733092,-0.3574197,-0.23644961,-0.18913752,0.22894472,-0.33529043,-0.18560156,-0.24531993,-0.2943037,0.734803,-0.46141392,0.75604,0.043379627,0.6642963,0.8803516,-0.35369772,-0.02868065,-0.2668528,-0.23412232,0.056346502,-0.3089512,-0.29311,-0.3438961,-0.19366299,0.40957525,-0.2931364,0.11640426,0.2602164
0.5613852,-1.3974526,-0.08631693,1.7887051,-2.1401389,1.459289,-0.79660076,-0.58038294,-2.4325132,-0.14368646,-1.3910103,1.0843446,1.5963962,0.7445203,-1.0875342,0.35282093,0.20508318,-3.3654852,-0.8532076,0.6165264,-1.8533694,0.21073698,-0.7773864,0.6405962,1.0083109,2.0527077,1.9775249,0.3709941,-1.7266575,0.6147983,0.75895864,1.3173587,-0.42673585,0.8702368,0.48901635,1.4631286,1.75346,6.6272516,26.79288,0.78995794,6.9840517,6.025307,8.206038,8.428355,8.367181,0.12819827,5.9850335,0.9901343,0.15971899,3.5947995,4.157364e-07,0.020154035,-1.8163193,0.10458931,0.3049672,0.24169257,7.045118,7.9351244,6.831251,4.0842366,1.0333123,0.0009345677,5.188669,0.0052614408,0.00055356504,6.289676,5.2627354,6.9664707,5.8925285,-1.3650135,4.790866,6.7374353,-1.7463564,5.3749237,0.09832987,4.68667,5.8217125,5.2380166,-0.47715887,3.8819313,0.005487338,4.967769,0.009991491,0.037792727,4.5038843,3.7661984,4.9683475,5.455277,5.3220334,4.9273076,7.349432,-1.4602013,0.9925787,7.289705,2.2417698,6.847178,6.049419,6.633275,3.9700928,5.6412177,5.6042194,5.227777,2.6443703,4.4975643,1.0917196,3.936302,5.069551,4.6738424,0.09218899,0.59472483,4.4908867,6.5086975,6.611801,5.8847556,6.3875775,0.19696498,4.9258847,1.8152592,6.8768415,0.027229711,2.267491,4.9456377,5.023985,4.4769545,3.1349893,6.4021916,5.0132403,1.0429953,6.8530984,5.019208,6.9560933,4.9038615,5.8180566,4.9280806,5.8719206,4.6206203,5.556559,5.7563987,0.003583737,6.448212,4.5396633,5.1756344,6.9086413,3.6706965,5.121845,0.41110975,25.839193,5.02716,14.124226,6.97486,3.1914675,-1.3842586,4.596657,3.2923572,0.08743228,3.8070505,4.794131,-0.3756055,5.1679845,5.2883406,6.6851826,0.4856168,7.035414,0.068864726,5.1683846,3.8201482,4.3644056,3.2994804,3.7616358,5.819639,4.34422,5.152769,6.2894864,4.1263523,2.0552056,2.2378705,6.871456,0.012977507,0.010449537,5.0270996,5.1388826,5.478219,5.0974197,4.9260488,4.6476293,0.05279192,4.346823,5.0874944,5.5435524,5.4666066,7.3354034,4.4995036,0.048618615,5.1101446,6.857837,5.8493714,3.9240482,1.174262,4.6616645,6.091677,4.2995315,0.44839743,4.9228525,5.1958456,4.268221,-0.90984184,1.6028901,4.2209578,-0.9659327,5.1713457,3.164228,3.0033715,4.315871,5.8817806,4.571484,3.4290938,5.487195,4.0752306,4.4223843,7.244321,3.8501308,4.769018,2.1620538,5.151763,5.599563,0.016141254,0.0066742743,0.92447364,1.2217582,0.24756356,0.8855031,167.46555,174.53027,-0.48011127,-0.3401983,-0.046135087,-0.25727686,-0.10474111,0.8276071,0.7663977,0.8661712,0.22255331,0.0757294,0.09935753,0.0006305927,-0.10317187,0.33971885,-0.09085199,-0.18643168,0.24731347,-0.10377262,0.115264475,-0.28061578,0.57385486,0.56327444,0.48803654,0.347335,-0.13672972,-0.17216773,-0.02689402,-0.34657234,0.37812832,-0.25190002,-0.397395,1.010062,-0.30472577,-0.32576272,-0.17743903,-0.23014128,0.05058327,-0.20323493,0.044150423,1.1472273,0.6951035,-0.25116354,-0.31433868,-0.29776728,-0.21441495,0.25007513,0.4065752,-0.03408628,0.1946503,0.5809698
0.7574563,-2.1462777,0.17227238,1.7566627,-1.9354914,1.4953212,-0.7009981,-0.53451633,-1.8706758,-0.12845832,-1.2173574,1.3032601,1.6200349,1.0587885,-1.3322241,0.20589454,0.26148403,-3.45385,-0.8134845,0.4418218,-1.7539034,0.6208304,-0.7355842,1.0909468,0.8486498,2.0789368,2.0728838,0.4249337,-1.2915189,0.6208912,0.67845935,1.3499599,-1.0416707,0.9149172,0.5032055,1.5552437,1.7950137,7.0675097,0.9807128,0.26314783,6.626689,6.5114565,8.417749,8.8198,8.712431,0.094572835,6.1246843,0.010604993,0.05126529,5.340694,2.2981317e-11,0.005230488,-1.8176131,0.004846783,0.14095525,0.16373733,7.526936,7.896344,6.5288024,4.7143087,-0.64042306,0.0069581154,5.6245003,0.00067148777,3.3229087e-05,6.2328033,5.574009,6.855319,4.1965246,-1.8165227,2.544249,6.4450555,-1.8178067,1.8482178,0.023340568,1.1252172,5.9267383,4.49212,-1.7888627,-1.7985294,0.00045321046,4.967291,0.00060242735,0.017783197,5.162389,1.2273896,5.142072,5.603799,5.149033,5.788807,7.0557218,-1.8177985,-1.8172483,6.6162386,2.5093372,6.816142,6.19517,5.472711,3.7550807,6.0749936,5.9076223,6.1542716,4.0936527,5.226764,0.15038306,4.366797,4.2772193,5.003108,0.00025017388,1.0715517,5.2526736,6.0076733,6.631278,6.2256427,5.644391,0.050916478,5.7952404,1.2175435,6.489458,0.006324684,0.41818854,4.551113,4.5384336,4.5293365,3.7441194,6.573751,5.5867457,0.16603328,6.737398,3.4472814,7.190762,5.8526196,5.345669,5.5192747,5.7189198,0.57075745,6.0953283,6.1713743,5.65445e-06,6.423577,4.2817793,4.8434415,6.8547573,3.9582975,5.975595,0.020146403,0.013040386,4.603038,0.710353,7.6844897,4.2474937,-1.6379256,5.388495,4.9127035,0.00015284112,3.9899516,5.0489473,0.17523526,4.797187,5.972072,6.7067337,-1.7712135,7.307984,0.022257678,5.610401,5.1237817,5.6733427,4.2887774,4.394368,6.1345515,4.728568,5.1093664,1.0648704,4.740507,3.4202545,2.0903287,7.6237974,-1.1433369,0.0009685744,4.6208215,5.255914,6.010824,5.5157547,5.6865516,5.113795,-1.0659144,5.6794357,6.04291,6.2527127,5.6432743,7.081812,5.374149,-1.7974051,5.7354965,6.867251,6.277461,3.7937322,1.1423737,5.3038354,6.1248703,5.183377,-0.4219888,5.487626,5.5914307,4.5068345,-0.6984993,4.9150233,4.8807554,-0.46691748,5.309731,4.198112,3.7143278,4.4106936,6.297781,4.28716,4.0599027,5.516842,4.673101,5.4705725,7.2544475,4.4058094,4.85474,4.9974647,6.039044,5.5999374,0.0069812876,0.0011282145,0.8406408,2.6419911,0.20727085,1.0091996,165.12318,176.48993,-0.44825724,-0.3922076,-0.1392594,-0.41376844,-0.15625018,0.71068966,0.5391925,0.018998213,0.2943597,0.23942722,0.023602098,0.05267398,-0.21323279,-0.15116145,-0.31942913,-0.06739396,0.07950721,-0.14922565,0.051760145,-0.28163043,0.5297695,0.07017076,-0.120250836,0.51325864,-0.10085903,-0.2287967,-0.00786023,-0.30551216,-0.17540759,-0.24426077,-0.27043915,0.83059996,-0.17020269,-0.2436173,-0.39884704,0.2221661,0.17411439,-0.11640379,0.06766186,-0.16028066,0.048290152,-0.26712447,-0.3163925,-0.29812685,-0.20004275,0.30217588,0.26202995,-0.083200514,0.49521658,0.38411865
-0.17125669,-2.1462898,-0.38779306,1.7945324,-3.1933331,1.1556516,-1.6711483,-1.0428214,-4.475678,-0.9020868,-1.2485496,0.76248986,1.6014674,1.0716538,-1.3116527,0.27044675,-0.19470485,-2.0391753,-0.4041172,0.21455912,-0.6331799,-0.07535761,-0.66715574,0.9320093,0.8764443,2.2402632,1.8240103,0.22300354,-1.9365857,0.62003887,0.58846706,1.1176277,-0.21026506,0.6882715,-0.065953046,1.3958963,1.5797384,5.8024654,0.00010602234,0.0017106407,-1.7160598,6.696791,8.180668,8.031662,8.168063,0.0030156365,6.3545895,0.0072065024,0.05754003,4.7661877,0.0005118348,0.006116904,-1.8178182,0.004727106,0.1407729,0.08503756,6.608314,7.987075,6.783445,5.0079346,-1.7675086,1.9554636e-09,3.2399278,0.0006827008,3.859847e-05,6.101105,5.5297036,6.9778714,6.230511,4.82653,5.6979036,5.999015,4.46869,0.5525296,0.024463866,5.850967,6.3599463,-1.8169342,-1.817818,-1.7867991,0.003752028,4.9198737,0.00066365337,0.0023574596,5.0995812,4.5356793,5.6264024,5.6079125,5.963044,5.2584505,7.1695447,0.72457916,-1.8135982,5.8342757,0.03743426,6.449559,-1.5940912,3.2028391,5.1167407,6.2034235,5.627009,6.430428,4.680845,-1.8177962,1.7352709,3.1819072,4.9590683,4.9718986,0.0006874084,-1.8175228,6.0512624,5.287668,5.853574,6.3890276,4.8651767,0.119531736,6.401724,0.11137763,6.0495496,0.020392865,0.019993229,5.580309,5.191458,5.0251937,4.397936,6.286849,2.8473632,0.06451169,6.732764,5.9313006,7.521438,6.1087747,5.5467415,-1.4215117,4.327263,4.68185,6.261763,6.4296093,2.5031102e-06,5.242105,5.769792,5.8256555,-1.7924738,3.2089727,5.709233,0.00028042807,0.13230348,4.2694826,0.012127876,6.7165074,3.2036953,3.1687865,-1.5859222,4.659169,0.0001675106,3.8067982,5.3316,2.4369273,3.7268987,-1.6237497,3.5522895,6.0800576,4.665748,0.0023875418,5.6319094,5.6410494,5.1819243,4.1461167,5.2436576,6.665603,4.8947806,5.09656,-1.8178172,-1.6198463,2.8253226,5.71722,-1.7934543,2.9996452,0.0009811721,2.182533,4.8455243,6.292545,5.745833,5.702616,4.8404665,5.095818,3.4816737,5.491796,6.3731465,5.358682,6.4137836,-1.7604752,5.767296,5.0153785,-1.8159705,5.701342,6.347344,5.926585,3.673131,6.1203403,5.650887,-1.8167689,4.5528946,5.7046995,5.1085033,5.7312627,5.967345,4.9120564,4.782627,5.6494713,4.18274,3.8781574,3.5891588,4.5715036,-1.8142006,4.308059,3.4065065,5.31037,2.3389056,-1.7585185,-1.6666614,3.6295102,-1.816307,5.8167386,-1.4606884,0.031092782,0.0013248895,0.66118723,1.8025752,0.2553625,0.74602264,43.014473,31.631887,0.0536473,0.4921348,-0.40407205,0.085563704,-0.04902945,-0.54021233,-0.39871448,-0.44148207,-0.16616586,0.21074276,-0.9200046,-0.7792562,-0.42023548,-0.38791305,-0.0041747196,-0.3589546,0.23925416,-0.5378406,-0.043095984,-0.2299411,-0.3413343,0.12039805,-0.1415621,-0.392746,-0.0066256337,-0.6371292,-0.4721452,-0.3160393,-0.2749437,-0.1895722,-0.4910865,-0.81862164,-0.07246617,0.22622217,1.5995106,0.7306443,-0.581182,0.84746635,0.6481804,-0.26571274,-0.23502575,-0.26504192,-0.3204864,-0.18201089,0.84526145,-0.73082364,-0.85905033,-0.45285124,-0.9605631,-0.737102
0.46572092,-2.1371107,-0.45673454,1.305713,-3.183984,1.3202889,-1.0023522,-0.7857113,-4.4518323,-0.36253315,-1.6614903,1.2275534,1.570302,0.4749277,-0.9509231,0.6158578,0.08585579,-3.4458542,-0.3998654,0.5678664,-1.5888517,0.55931973,-0.808969,0.89283884,0.9457628,2.1053429,2.2567315,0.38831264,-1.8167828,0.60848725,0.7626025,1.1644901,-1.2368679,0.780641,0.5037055,1.4893662,1.6816341,5.727062,0.09175087,0.018919818,5.737585,5.6656127,7.9031467,8.083475,7.974979,0.0059411647,5.853594,0.0074245576,0.09341549,4.9673147,9.6592586e-08,0.006370793,-1.817805,0.0050968966,0.14156845,0.05498494,7.075112,7.850467,6.8164,4.835507,-0.20474164,2.1358463e-05,5.448278,0.0006852559,3.8401333e-05,5.958537,5.590806,6.972902,6.2273917,-1.7985134,5.691563,5.8991566,-1.2792891,3.02108,0.23868985,-0.8939763,6.3487577,0.51944077,-1.8160728,-0.4496864,0.0028213966,4.0312653,0.0006544357,0.0070828553,5.0643463,4.5355053,5.445951,5.5913124,5.630304,-0.45831737,6.9322524,-0.569329,-1.8081188,6.7231174,0.085977934,6.3259063,2.0601737,5.0757847,6.329978,6.1589656,0.113219574,6.1708384,4.11034,-1.2116712,-0.8738757,4.913072,4.590496,4.4779267,0.00088549417,-1.8172393,3.825452,5.321988,6.3523197,6.056385,4.668324,0.064859495,5.4315634,0.24953671,6.3676662,0.02620292,0.18396513,6.055529,5.862277,4.9508295,3.6853988,6.1340876,5.0017705,0.41353983,6.7247577,6.78978,6.7235856,-1.069346,3.4144297,2.5313585,5.2651234,3.6934245,4.81989,6.183668,4.2555926e-06,5.6836257,5.4347386,5.6937037,4.0174994,3.9080322,5.5279026,0.8312562,0.18496136,5.9858375,0.17900436,7.51321,4.9907427,-1.3866665,5.649085,3.5797026,0.00054422003,3.8299515,5.5596814,3.088412,4.2148724,3.3788743,3.422039,6.046979,6.812041,0.012142153,5.431726,5.1466503,5.316297,5.0216894,4.971372,6.3344607,4.3565836,5.0346727,-0.6044843,4.4776554,3.8175898,4.955069,6.0707364,-0.47904462,0.0010567405,3.75298,4.8449144,6.031309,5.577155,5.7219534,4.7816973,4.6012077,3.427557,5.8482175,6.333894,5.728305,7.167893,5.346141,2.8923478,6.1957603,6.8169093,4.4283404,6.334516,6.3344483,5.4345574,6.1258554,5.581873,0.7913467,4.6915236,5.435111,3.3370817,3.7236452,1.1708337,3.4697676,-0.35721835,5.822342,4.1396194,3.6710749,-1.1130311,6.235736,6.5086517,4.456819,5.403281,4.5736723,5.1833725,7.0638704,3.7277803,1.2198193,2.3727965,5.7071676,5.599734,0.023726903,0.0011675153,0.8249656,1.4275672,0.24841474,0.76270235,144.48712,147.71053,0.540115,0.8164672,1.6692716,-0.33821195,-0.04418855,-0.36587396,0.027202688,-0.0028986963,-0.16329928,-0.2648955,0.687592,0.6029378,0.51286364,-0.21444744,0.26506847,-0.2986176,0.42930377,0.46432343,-0.4798903,-0.38084733,0.048077714,0.1522502,-0.20647523,-0.08011911,-0.32162833,0.70702463,0.74889165,0.22403064,0.2005822,-0.002346752,0.21021526,-0.33879185,-0.45232913,0.5187438,0.38238838,0.5273492,0.7435784,-0.059686188,-0.30505687,0.5785886,-0.19786803,-0.26231173,-0.30047074,-0.29455826,-0.24776743,-0.041253503,-0.60632473,-0.46063915,0.06567768,-0.20182577
0.43704954,-2.1462915,0.1114952,1.4574742,-2.323825,1.2608825,-1.1376985,-0.8075742,-3.9820864,-0.6123821,-1.0251278,1.225522,1.6362981,0.5632523,-1.3056055,0.26268065,0.06628418,-3.3211691,-0.3111541,1.1405971,-1.9481457,0.32253906,-1.09087,0.90164155,1.1110513,2.464171,2.1717904,0.39398295,-0.77412415,0.6060486,0.7784288,1.1466638,-1.1151397,0.83561134,0.5164477,1.5590067,1.7450151,5.9668155,0.9451035,0.14093451,-0.42101598,6.292033,7.9031744,8.447749,8.442037,0.37414244,6.0171905,0.03418065,0.060546253,5.2170973,1.39996335e-08,0.0024723867,-1.7259272,0.0046772235,0.14062455,0.079069234,6.934071,7.709895,6.327063,4.869358,-1.8064356,0.0061331447,1.0550516,0.0006696376,3.290227e-05,5.347716,-1.0763378,6.786247,5.0265846,-1.8178184,-1.8092927,5.9199977,-1.7808247,-1.8166546,0.018980265,1.3410544,-1.8175696,-1.5671827,-1.7992325,-1.6026115,6.146777e-05,-1.8170121,0.00059523445,0.01594414,5.271979,-1.8167138,4.634968,5.4509387,5.1297383,5.1401587,7.0007925,-1.805062,-1.8177788,5.682496,0.9089927,6.2301674,1.4313082,1.813528,6.3014617,6.127404,5.6147537,6.313576,2.379237,5.214769,-1.3732448,3.805749,4.9470234,4.076511,0.00021593155,-1.8101665,1.20782,5.00735,6.430513,6.3175735,5.475915,0.08151338,5.70947,1.0149388,6.242443,0.00053076254,0.6977012,5.4155073,5.1665964,4.5823007,4.088131,6.1829076,4.379533,0.0533647,6.7313557,2.2844026,7.2767854,-0.4370648,3.4916492,4.483078,5.029235,-1.677054,5.6880074,6.5002794,2.441315e-06,5.4829,4.655814,5.1974835,4.658898,3.5101073,5.121922,0.0002703294,0.0033050338,5.4899273,0.31265092,7.1434436,5.060312,-1.5545801,5.4624557,4.918658,0.00012052344,3.7418659,4.986141,-1.4645377,3.6847131,4.882368,3.4348066,5.140952,4.1758986,0.0092209205,5.233623,5.2537055,4.838345,5.0143704,4.9330235,6.384938,4.496898,4.5769544,1.0933621,4.164331,1.0881455,3.567414,1.4684914,-1.6439449,0.0009676233,-1.8173144,4.6331954,6.3252926,5.72257,5.523687,5.332772,4.0970044,4.1396027,4.882894,3.9162536,4.4303055,7.53365,-1.8144661,-1.817816,5.3668294,2.2018201,4.0660467,-1.817595,-1.7887336,5.7118325,-1.642328,5.398415,0.83289,5.124607,6.0407887,4.90291,3.9991283,4.5246167,5.0425644,-0.38289016,3.8845565,3.3254898,3.7886913,-1.7163713,5.636723,6.469111,3.9205904,2.9479134,5.4630027,4.578484,-1.3498027,4.3640275,4.4023185,5.0936685,6.056272,5.599921,0.009142439,0.0011278259,0.68091345,2.1822367,-0.01460144,0.8684245,127.644264,126.60463,-0.5674517,0.15828045,-0.13695185,-0.4064277,-0.29530168,0.7075407,0.95978206,0.40706223,0.4963964,-0.1736676,0.1557631,-0.21071093,0.08070923,0.24232957,0.36110348,0.011944834,0.45948046,-0.106959075,-0.35253298,-0.38379988,-0.20836882,0.4522865,-0.1410755,-0.34438717,-0.2831427,0.06016498,0.04296419,-0.5010282,0.58929396,-0.17908992,-0.15024392,0.11591169,-0.2622562,0.12173253,-0.08566096,-0.25815338,0.62811726,-0.25817797,0.44045427,0.06543989,0.29238006,0.16438471,-0.28998968,-0.2981259,-0.26031327,0.11512751,-0.19911057,-0.17377232,-0.074790806,-0.2167835
0.3101808,-2.1462915,0.014317912,1.5699934,-2.186613,1.4157866,-0.9722836,-0.6839212,-3.888045,-0.007163273,-0.9644608,0.9732277,1.5723416,0.9743505,-1.2666974,0.16016121,-0.044369813,-3.4422076,-1.2017671,0.5003564,-1.0263784,0.089404926,-0.82576865,0.4348704,0.97404397,2.2259562,1.9399247,0.4145288,-1.4248588,0.60235864,0.6136807,1.6906965,-0.9082717,0.8498946,0.5079245,1.4545833,1.7127647,5.2349815,0.057774615,3.0437005,0.49546817,5.632907,7.4594283,7.956658,8.066798,0.2099403,5.586544,0.0072904225,0.16372089,2.1292694,0.0011269771,0.03371089,0.95776194,0.004710192,0.14088929,0.052277587,6.935139,7.316391,6.393131,1.3549006,1.5522428,4.2595624e-05,4.9720407,0.00067227747,3.3187793e-05,5.179732,4.133165,6.951566,0.9015756,-1.8177836,-1.8032978,5.764152,-1.7829735,-1.8177464,0.06860349,-1.3588741,-1.8177636,-1.726861,-1.8138219,2.1281087,0.0011433049,-1.7958559,0.00067334034,0.02243665,2.7394307,-0.13889633,5.0252476,5.7739325,5.376286,5.439933,5.581405,5.3839817,-0.3986092,6.703109,1.1784062,5.677032,-0.07345828,-1.0111353,6.152419,-0.18476698,-1.7551345,-0.027967103,-1.8176792,-1.8136735,-1.5097739,-1.770117,4.2503223,4.280868,0.000328327,-1.8177816,-1.7485635,4.6479626,4.8898153,0.18212429,4.838549,0.11383835,5.3814764,0.18720983,5.0631604,0.002050213,0.044324253,5.141369,5.8351855,4.2056794,4.0734615,5.9405293,5.0496283,0.045792684,5.165532,5.45096,0.09736969,-0.85204124,3.6805427,-1.1431264,4.907439,-1.8096886,-0.6298364,1.0988344,2.486631e-06,4.764784,4.0829062,-1.5503196,5.0054092,2.4837663,-0.13109681,0.0004668968,0.02270454,5.6887803,0.034674853,6.4705415,5.2800546,3.3706512,-0.5081289,0.036652587,0.00017448151,-0.23465863,5.165771,-0.5042206,4.6578636,6.0456004,6.1988916,-1.4175004,6.3069997,0.0070512258,-0.76100594,-0.74153066,-0.6475578,0.40164992,0.5131728,0.93577176,-0.29534227,4.446676,-1.8177092,-0.7753155,2.2014883,-1.7977766,-0.50997436,-0.109806515,0.0009780386,-0.60137594,3.7352157,0.45791066,0.9145715,-0.011591903,-0.9825681,4.322446,-1.638256,5.0612097,5.0305853,4.219926,6.818615,-1.8177366,-1.8052326,-1.2114054,-1.8172466,4.2067184,-1.8175753,-1.8177851,-1.30657,-1.8173699,0.15544304,3.2001076,3.7545838,0.18281744,-0.876285,-1.8080556,-1.740016,-0.017596934,-1.8177165,0.07284287,-0.78244483,-0.4279189,-1.78665,1.0046346,-1.8176948,-0.61972404,1.534698,-0.6752963,2.4764361,2.7187564,0.13998348,-1.7983092,-1.5833654,-0.07482803,-1.221328,0.0335374,0.0011335689,0.8222448,2.2141285,0.10039432,0.76379234,195.686,200.25555,-0.27291125,-0.1398728,-0.2842163,-0.16151288,-0.2368979,0.19584213,-0.009834062,-0.263442,0.1569863,-0.1186631,-0.7412545,-0.3661104,-0.45188808,-0.34560308,-0.36904642,0.3293553,-0.17397526,0.27411708,-0.2395789,0.12427321,0.14856978,-0.30680755,-0.3166291,-0.055954695,0.69683444,-0.7995862,-0.07696124,-0.6114943,-0.19660696,-0.45244613,-0.1207081,1.2388893,-0.5456167,1.9234837,-0.1416956,-0.03327598,-0.025428962,-0.2788567,0.18828906,-0.25011733,-0.13602835,0.5931843,-0.33121923,-0.29745618,-0.27574077,0.07492325,0.31407127,0.11977926,0.448501,-0.12056037
0.54266477,-2.1462915,-0.053261388,1.3635318,-3.1272738,1.352605,-0.9791061,-0.5298393,-4.401536,-0.5133609,-1.0837599,1.1772007,1.6371343,0.9175795,-1.1886898,0.50810057,0.080329746,-2.221239,-0.26280847,1.002374,-1.9225858,0.42928672,-1.2171234,1.1368316,1.0680108,2.408732,1.9896066,0.35508323,-0.9448222,0.6198362,0.7583855,1.2619208,-0.89888406,0.7964771,0.41587025,1.5778071,1.717681,6.6238194,0.9120961,0.17014119,0.66181093,6.466453,8.318705,8.706287,8.681566,0.4171856,6.092581,0.019289719,0.058938317,4.3030124,1.1496183e-10,0.0007148531,-1.5169482,0.0046770996,0.14061105,0.08542245,6.084622,7.6108527,6.2995667,4.25991,-1.8171555,0.024553955,0.78339565,0.0006695856,3.29001e-05,5.384198,0.3703513,2.343444,-1.2132316,-1.8178184,-1.7248621,5.4370236,-1.7330093,-1.8173592,0.02029311,-0.3309831,-1.8173182,-1.7717335,-1.8038849,-1.8168697,2.8264654e-05,-1.8127497,0.00059502514,0.0037594752,4.25541,-1.8177086,4.4142284,4.5316687,5.1598353,4.824072,6.917923,-1.817809,-1.8178146,5.3722796,0.16441326,5.9475517,-1.7614071,4.8997507,4.9436455,5.983915,5.9071884,6.074816,4.320577,4.973238,-1.4980814,5.828214,4.57897,4.194879,0.000215878,-1.8168,4.6970396,5.485471,6.0586767,6.067571,5.1391425,0.031974636,5.7808824,1.1390917,6.001707,0.0015947741,0.33579713,4.87314,4.751621,4.9726543,4.0210743,6.124846,4.879523,0.012065941,6.355188,4.9692087,7.165202,2.577784,4.155639,4.571445,5.1527405,-0.24718374,5.136694,6.3799815,2.410775e-06,5.422946,4.4477487,2.1042433,5.278741,3.4133086,5.111891,0.00026788257,0.003222802,6.052996,0.3534544,6.923142,0.91688204,-1.7951893,4.9481544,4.9258375,0.0001204538,3.848534,4.4919825,-1.5643994,4.139815,4.453544,5.5523624,1.1280063,2.4706554,0.012811674,5.204864,5.196496,4.962223,3.1400924,4.4099245,6.1471424,4.3005123,4.717373,-1.4628679,3.9349742,0.2691035,4.034275,-0.58316135,-1.7076454,0.000967621,-1.8159902,4.8612084,6.1019673,5.602737,5.4121785,4.7718534,0.44846317,5.1915045,5.5140834,2.974353,4.8619375,7.0579123,-1.5443912,-1.817818,5.752766,2.4976156,5.3616695,-1.8177526,0.30461472,5.665787,2.1231372,4.7499614,-0.42427444,5.393147,5.8140025,4.906797,5.2317877,5.4758797,4.7601757,4.6294227,4.6398835,3.7531605,3.7685788,0.84539986,5.191164,4.683203,3.4170794,0.25943443,5.145601,3.5109737,-1.4637132,4.28467,4.8528333,4.904141,5.8423247,5.5999374,0.0062584374,0.0011278241,0.89668506,1.7915115,-0.13898009,0.7961685,35.624428,40.727295,-0.6982996,0.02885393,-0.28080675,-0.46996477,-0.29167035,0.3283351,0.86231,-0.000615861,0.27413654,-0.17316495,0.32202572,0.09154748,0.26780576,0.18716548,0.19548924,-0.44945925,0.25948417,-0.40340212,-0.38065398,-0.28180927,-0.09217022,0.6773322,-0.21968663,-0.37391445,-0.17532882,-0.07437551,-0.005703738,0.0070854286,-0.004778454,-0.21703519,-0.085816056,-0.0631746,-0.12358251,-0.18433812,-0.3137333,-0.35507315,0.19563866,-0.26984507,0.23310545,-0.23722492,-0.14138158,-0.2176536,-0.32880822,-0.2981268,-0.27573803,-0.32296637,-0.4052427,-0.22761296,-0.41143245,-0.022764511
0.7886509,-2.1462915,0.13764489,1.4183178,-2.1857002,1.4336296,-0.9459341,-0.5524704,-3.3179965,-0.2867373,-1.0981418,1.3122636,1.571453,0.84540856,-1.5033597,0.23579738,-0.03179168,-3.4543943,-0.57374835,0.82245326,-1.1914868,0.68385684,-0.8525064,0.99837637,0.78694326,2.235544,2.0703623,0.41779125,-0.9327748,0.62150025,0.6456153,1.3075677,-1.2734076,0.9105959,0.5232864,1.4783204,1.7624339,7.1678157,0.13665745,0.12076836,2.1396463,6.636402,8.45986,8.875099,8.7994585,0.13782516,6.2360306,0.0073959366,0.055817578,5.579107,1.0967721e-11,0.001977247,-1.8177193,0.0046831886,0.14062394,0.16819546,7.727567,7.7820497,6.326595,4.8052526,-1.7700735,0.021902146,5.281261,0.0006696256,3.2920583e-05,5.9206543,4.490772,5.7312264,3.4720523,-1.8176165,3.5741773,5.8570232,-1.8177643,-1.800454,0.019597149,-1.6247535,3.3896477,0.2570483,-1.814999,-1.8173392,0.00012573057,2.6798882,0.0005953019,0.007937764,4.9515915,1.000952,4.9414625,5.3999767,4.826844,5.449873,6.769513,-1.8178169,-1.8178107,5.748035,1.567392,6.507702,3.7165816,4.3814306,3.5594888,6.0729127,5.9076324,6.2177663,4.2459555,5.2510314,-1.3971697,5.146072,3.945926,4.7329316,0.00021769815,-1.6772634,5.197796,5.4293633,6.257191,6.004603,4.918136,0.031425744,5.808071,0.78507644,6.2746687,0.0034404309,0.168793,4.8771734,4.469987,4.7486043,4.133054,6.4187565,5.004488,0.053196464,6.4163704,3.594031,7.0973597,4.1296835,4.573432,5.365897,5.6000886,-1.4743613,5.7938757,6.145584,2.458372e-06,5.5427017,4.2645288,3.9906707,5.7885065,3.8059556,5.576833,0.0056305057,0.0035922322,5.4539795,0.09400952,7.3393197,4.158148,-1.4599968,5.379937,4.924127,0.00012123695,3.6919124,4.616229,3.0230174,4.093425,5.448569,6.4022646,-1.7391821,5.5661426,0.0069075404,5.3195286,5.2840385,5.794392,4.084762,4.250973,5.98938,4.503381,4.5703063,-1.7841382,4.6111073,1.7946249,5.289737,0.44595212,-1.7584226,0.0009676476,1.8169363,4.868493,5.920233,5.3069496,5.637495,4.9615617,-1.6515242,5.352939,5.774352,5.4955535,5.3383126,6.9834495,3.2713382,-1.7864282,5.3540177,6.857074,6.149403,2.512429,3.967542,5.295281,6.1251245,4.9881554,-1.68485,5.477848,5.6070323,4.853642,4.122542,5.4580884,4.81609,3.553733,4.8600197,4.325513,3.749397,4.133441,5.916655,3.0030518,3.9674525,5.4678755,4.9687424,5.517978,7.253794,4.4374986,4.854725,4.0065107,5.861376,5.5999374,0.008950344,0.001127835,0.84064174,2.5907109,0.0957391,0.9485038,108.20297,98.30153,-0.29392982,0.056031913,-0.12952535,-0.5036457,-0.19568355,0.47701007,0.6067719,0.028197573,0.1243942,0.2177031,0.37927443,0.4915592,0.1519406,0.053394135,0.030196521,-0.23273738,0.085355125,-0.2860144,-0.36031482,-0.17272988,0.09626502,-0.040757034,-0.2748796,0.082951106,-0.019470802,0.18192986,0.37147632,-0.05417194,-0.12929659,-0.027182037,-0.035084203,0.22738014,-0.013152844,0.08050413,-0.5028114,0.21840645,0.60896015,-0.18222867,-0.14237379,-0.23799875,-0.010286943,-0.26703992,-0.3145321,-0.29812685,-0.28274396,0.2471923,-0.14530347,-0.26739946,0.5829844,-0.11661327
0.8010701,-2.1462915,0.011042608,1.7892992,-2.0286725,1.5816603,-0.4512853,-0.395101,-1.8421232,-0.07317664,-1.102354,1.3207673,1.6098527,1.1827527,-0.81116956,0.58831227,0.3735373,-3.4277098,-0.59396887,0.08021793,-1.8910896,0.61204875,-1.0723821,0.8303178,0.95700574,1.892918,2.06674,0.41334334,-1.455968,0.6213139,0.7469178,1.3796787,-1.0377698,0.8893565,0.45735434,1.6294242,1.7936367,7.0843563,0.77608776,0.4012289,3.912588,6.5872946,8.405718,8.802814,8.660341,0.060237344,5.972608,0.016545823,0.034520444,5.037616,5.8432366e-13,0.0031904322,-1.7150978,0.0046795495,0.14063646,0.13918528,6.2724442,7.739828,6.3700466,4.601722,1.5631791,0.016708096,5.571375,0.0006696839,3.290867e-05,5.838633,5.737979,4.209668,-1.6928935,-1.817814,-1.6142455,6.1067653,-1.8178176,1.5050311,0.035783686,2.7272303,3.3908806,1.4761128,-1.8072217,-1.8172505,0.00025123244,3.5906198,0.0005953239,0.0033545801,5.111504,-1.8041954,4.8078856,5.3267627,5.097897,5.378238,6.5321574,-1.8178183,-1.8178037,5.9842944,1.9343879,6.3392596,2.620104,4.198758,4.3648605,6.016965,5.9076543,6.153991,4.3691688,4.587593,4.626699,5.1458273,4.881986,5.201256,0.00021603581,2.87087,5.173701,5.9674234,6.7475266,6.1521864,5.6680527,0.044539712,6.15596,0.9103192,6.3658066,0.0142226545,0.5259355,4.988954,5.0201883,4.7209344,4.1037807,6.536183,5.9723463,0.065293245,6.36392,5.3062854,6.9711485,5.259579,4.833363,5.7196007,6.1516037,3.7308452,5.564663,6.258989,2.7363099e-06,6.32328,4.1810813,1.9007883,7.4407086,3.8436174,5.981888,0.0003939764,0.003311052,4.5232043,0.40623155,7.8141694,2.1450865,-1.7499452,5.275822,4.9257064,0.000120748824,3.8474786,5.2120833,-1.5965348,5.5254097,6.517518,7.3607225,-1.8133662,7.550431,0.03488533,5.7066827,5.130208,5.2863736,3.4888148,4.564067,6.009886,4.6374125,5.155562,2.4669814,4.8397217,5.5526066,-1.6244441,7.812295,3.2602081,0.00096762506,3.0632277,5.212783,5.8438587,5.30858,5.552464,4.8374724,1.6032752,5.900752,6.247073,5.6836843,5.244946,6.400558,5.2006335,-1.8177947,5.6114836,6.8670006,6.234875,-1.7148918,-1.0952606,5.38747,6.118288,5.146934,1.8584903,5.583603,5.2227645,3.824115,-1.1969124,5.6038914,4.476649,-0.7561913,4.93531,4.249878,3.8446689,4.5717387,6.5207396,1.4253937,4.1207504,5.514228,4.6761937,5.358158,7.254429,4.4629946,4.854997,5.245293,6.142881,5.5999374,0.005617836,0.0011278256,1.0858692,2.7853293,-0.05795414,1.0255424,187.21268,185.14957,-0.28781822,-0.41322017,0.18631947,-0.23257007,-0.2163071,0.11393428,-0.0076698903,-0.3646127,0.15036258,0.25990582,-0.008081065,-0.014367062,-0.20617343,-0.40171704,-0.38226932,0.15019113,0.15917255,0.03740843,0.07626466,-0.20439467,0.28236988,0.051870435,-0.22160906,0.35099134,-0.013595738,-0.43663087,-0.29274675,-0.33650446,-0.3457737,-0.30037946,-0.28551555,0.8370368,-0.40167412,-0.22358161,-0.3198722,0.0822222,0.10822973,-0.24937391,0.120926626,-0.2524177,-0.19572364,-0.26616618,-0.333206,-0.29812688,-0.25780153,0.25605866,-0.19098413,-0.2263704,0.16472305,0.6153371
0.73476607,-2.1435263,-0.30703503,1.3038987,-3.192943,1.23599,-0.9557121,-0.55983186,-4.484806,-0.24367997,-1.874849,1.1787674,1.5665607,0.5351548,-1.1396048,0.39205498,0.040445145,-3.335528,-0.6229196,0.47918063,-1.8817955,0.5050586,-0.34175524,1.7141125,1.1324059,2.0711157,2.2682116,0.44657966,-0.5520493,0.6165654,0.80361456,1.1187738,-1.0207124,0.8515794,0.16909921,1.4897561,1.7162164,5.4054546,10.028371,0.062754236,6.907663,5.432895,7.872427,8.249587,8.115955,0.0045441566,5.8086386,0.02869858,0.05899674,4.8523984,2.5552342e-07,0.007909176,-1.8176417,0.0046816044,0.14064288,0.01900087,7.101046,7.964761,6.923243,4.9182596,-1.8006606,2.5403662e-05,5.728078,0.00067014724,3.299478e-05,6.3922577,5.768158,6.941936,6.1469936,-1.8162087,5.6956024,6.435543,4.6692586,-1.7196251,0.038362965,-1.5260038,4.320458,5.602847,-1.3218952,5.1924777,0.0023279954,4.3786883,0.0005960943,0.035875764,5.152017,4.5340357,5.594998,5.513495,5.5527773,4.601733,7.19087,0.52818537,-0.6352778,6.9483314,0.08739041,6.6844773,4.2841115,6.8164406,5.7352147,6.3293166,-1.4483202,5.943395,-0.26452377,4.1395483,-1.8168283,6.9460263,4.9991484,4.6989765,0.00023097078,-1.8178184,4.059203,6.529654,6.49975,6.144177,6.362868,0.030539017,5.857462,1.3008621,7.039766,0.0074178274,0.03648688,5.569938,5.1494756,5.0768013,3.1592882,6.236539,5.3633094,0.7975277,6.972694,2.2327795,7.5074015,0.90385896,4.2025614,2.830125,4.7798333,4.976152,5.1953692,6.161217,2.4468302e-06,5.840079,5.349146,5.5389075,4.799887,4.0913234,5.8155575,0.000650561,0.012780286,6.1139975,2.665499,6.8009377,4.60091,-1.8162013,5.99875,2.4698827,0.00012508109,4.0170364,5.0275254,-0.94780296,4.789537,4.670954,1.7113192,6.061369,5.5157156,0.006470014,5.6232944,5.106016,5.483124,4.9236293,4.9491534,6.5348577,4.493608,5.3417506,5.987288,4.6209536,-1.4716471,3.772554,3.697437,-1.7288015,0.00096903427,-0.6422337,4.9542594,5.990276,5.948599,5.9736447,4.9555306,0.883445,3.3966994,5.2548747,5.8186846,6.112602,7.461571,5.73306,-0.9932596,6.3159018,2.8071604,5.486148,-1.2717917,7.25356,5.607954,6.123025,5.7958045,1.7348721,4.5869784,5.9212475,3.5340729,2.9964373,0.98451895,1.6223595,2.526042,5.7352486,4.618243,3.9853702,0.1988803,6.1495275,5.8594136,4.1640916,4.7594213,4.403526,5.1693306,6.030409,4.3492084,-0.7227575,1.9749788,5.8581996,5.5999303,0.020669578,0.0011294374,0.67750955,0.54866534,0.55343735,0.776073,50.919888,54.57518,-0.69719017,-0.48898134,-0.3588618,-0.50840443,-0.18712048,-0.39354855,0.3463808,0.32667944,-0.5419067,-0.30411905,0.482208,0.49442974,0.10583474,0.14383584,0.317944,-0.9473796,-0.59599584,-0.47241157,-0.48556,-0.37681705,-0.2548588,0.43156296,0.081717715,-0.62055475,-0.46239713,0.28205687,0.27788043,-0.2586611,0.5283341,0.16174635,1.0662,-0.7240043,0.66642654,-0.3407874,0.86407703,0.8729241,0.8425457,0.40240425,-0.26133215,0.812482,0.3873579,-0.13454533,-0.32145563,0.18583108,0.48942262,-0.53551775,-0.07802786,-0.40821007,0.07548842,-0.5290526
-0.00047238352,-2.1462798,-0.11408439,1.628455,-3.1691551,1.2391359,-1.5100702,-0.9482741,-4.462752,-0.86364293,-1.1100653,0.83810675,1.5655812,0.7712645,-1.3491215,0.44342867,-0.14394824,-1.9821258,-0.45155782,0.045810375,-0.4980082,0.012160269,-1.1972568,0.93634516,1.1586534,2.0421903,1.9142784,0.20395344,-1.3565513,0.61953884,0.66928536,1.1700478,-0.12120481,0.7445807,0.35274765,1.4984964,1.6347878,6.0379615,0.0012228468,0.022420356,-1.5708085,6.11835,7.9062862,7.855671,7.844561,0.0032347385,6.084879,0.0072073094,0.1230468,5.031863,0.0038486887,0.016328054,-1.8173509,0.0056240032,0.14271025,0.116606936,7.050741,7.868352,6.653755,5.155027,0.2862682,2.1553925e-07,4.3558598,0.00080578757,7.3070325e-05,5.9984417,4.931406,6.97771,6.2213078,-1.2719821,5.597875,6.1317554,-1.615836,4.2435966,0.049114764,5.709355,6.2909527,-1.8171546,-1.8178058,-1.5168755,0.0073741367,4.429865,0.0027435482,0.0026153764,4.9264264,4.5352926,5.324139,5.0631075,5.8823667,5.4475703,7.079286,-1.2447008,-1.8040739,5.555926,0.03832943,6.376078,1.5665599,1.9282372,5.1299953,5.9380445,5.217179,6.140227,-0.86375004,-1.8175979,0.17859587,-1.3305229,4.842476,4.6634765,0.0057393485,-1.8076416,5.1726246,4.7866807,5.880974,6.1216946,4.6146913,0.1801341,6.414305,0.10891133,5.730797,0.033754665,0.08891669,4.939798,5.259584,4.8416376,3.4975526,6.216584,4.084685,0.15923962,6.8694644,6.3578606,7.2554545,5.3143873,5.19716,0.5170115,5.096256,4.575963,5.63226,6.244098,5.018618e-06,4.333564,5.3631635,5.717171,-0.53435296,3.3067741,5.697799,0.0005891675,1.5554992,4.843067,0.015509747,6.936226,3.7752428,4.87795,1.7058799,1.8064064,0.001350968,4.031748,5.1373615,2.7055697,4.1014776,-0.20327227,5.8266797,6.065725,5.6902843,0.012437692,5.6628294,5.25898,5.073276,3.688016,4.873727,6.2641273,4.579083,4.7887096,-1.8178153,2.991158,-0.10681659,5.472484,-1.7650146,3.7056231,0.0012126054,3.4232237,4.6567926,5.9750433,5.4918475,5.3358135,4.616979,4.3894167,0.08495384,5.459316,6.126302,5.3898215,6.4733534,-1.5298783,-0.8745745,4.009602,-1.797772,3.585788,4.2987695,0.23386389,-0.40757218,5.840836,5.240944,-1.6604784,4.39126,5.6402903,4.1634717,2.7279286,5.2109985,4.614596,-0.79557925,5.499413,4.120118,3.7684417,4.7543025,5.163861,-1.8143762,3.959704,3.5334344,3.698827,0.08614074,-1.6917875,-1.4872167,3.1589475,-1.8157567,5.1556935,-1.5294279,0.03398568,0.0021301948,0.82948583,1.6846557,-0.13835411,0.7229127,55.59617,63.90708,-0.0365971,0.20331052,-0.29418978,0.06786638,0.16090669,-0.11035641,-0.28287935,-0.19317833,-0.38888797,0.16394117,-0.68803924,-0.47042763,0.011417096,-0.10765303,-0.18869086,-0.17279325,0.08101669,-0.42188457,-0.076417975,-0.105665654,-0.27366173,0.40041855,-0.13179435,-0.4138254,-0.09523861,-0.31991315,-0.23347114,-0.09827112,-0.25346643,-0.27409557,-0.40604362,-0.20658231,0.102808185,0.47630462,0.61756235,0.23826593,0.050961304,-0.13919628,0.5095426,-0.2635617,-0.23486099,-0.21688522,-0.30831277,-0.2871392,-0.117854394,-0.59647053,-0.5974711,-0.16467115,-0.80116624,-0.03452578
0.7170891,-2.1462896,-0.17745532,1.4335197,-3.1726403,1.379438,-1.0154436,-0.69423324,-2.3656385,-0.77838075,-1.0601177,0.8953694,1.5421426,0.7486255,-1.2091694,0.41602162,-0.1983345,-2.2882702,-0.8468972,-0.009156947,-0.6293825,0.19261062,-1.3380544,0.75311583,1.2448385,1.8759197,2.0499473,0.18642572,-1.2613345,0.6118833,0.73397726,1.4268489,0.096747786,0.7716329,0.47418723,1.5383765,1.697031,5.885348,0.0029448895,0.30233037,-1.6320925,6.1597424,7.695238,7.7810593,7.7567034,0.0051520783,6.035736,0.0072073257,0.18350747,3.9123647,0.0050715534,0.0326643,-1.8026313,0.0049138023,0.14150947,0.058407817,7.0081134,7.587305,6.5550556,5.21829,4.849646,4.8852826e-07,4.6925735,0.00068104063,3.646721e-05,5.691616,4.593403,6.9770827,2.9256442,-1.8164431,2.4305987,6.028636,-1.8149811,-0.8476225,0.037593953,1.2562765,-1.0965992,-1.8172345,-1.8177785,4.2806764,0.0062048743,3.0083647,0.0037113428,0.0034958194,4.57787,4.533509,5.5396647,5.7817025,6.2237654,5.8756166,6.64447,-1.744332,-1.6497319,5.2701383,0.045349233,6.128778,5.765612,2.857412,5.639455,4.791063,4.843039,5.268674,-1.8168069,-1.817537,-1.797424,-1.8090475,4.4663596,4.3706822,0.0010326172,-1.8176459,1.440713,4.593501,5.5043244,4.966,4.7284713,0.1787884,6.7744775,0.07501722,5.144554,0.025798768,0.10452491,5.7646112,5.515062,4.92298,4.3675222,6.4572306,4.9082513,0.04895976,6.4210315,6.6821213,6.4442596,2.701555,5.0449033,4.409939,5.9120216,0.28268397,3.3900986,5.57804,2.6167238e-06,4.089097,4.5460877,0.8976621,6.367513,3.5372343,4.2761564,0.00038396416,0.49969593,6.2255363,0.013357403,7.746012,4.711975,5.012499,5.2150407,-1.800585,0.00035414123,2.5052588,5.3929763,1.9560901,4.5385575,6.4936647,6.334324,0.7917196,6.3968844,0.0118468385,4.803682,4.1107397,3.7546432,2.3121207,4.3482556,5.3583555,3.2761133,4.591566,-1.8178183,4.867193,-1.7448124,3.8762448,-1.7727352,3.3469515,0.0010783215,4.509464,4.3541517,5.073498,4.354407,3.8999813,2.5993514,3.1856155,-1.809657,5.879296,6.180638,4.893485,6.621068,-1.803669,-1.806115,3.2800932,-1.8174095,3.6150956,-1.8165909,-1.8157167,-1.803334,-0.6544402,4.219927,-1.5632617,4.183118,4.7140164,3.1272786,0.034199193,4.037835,2.8137832,-1.8168058,5.3365498,3.3886395,2.4163618,3.1105518,4.2151713,-1.8178034,2.8916557,2.5045562,2.9510496,-1.7725335,-1.5958388,-1.7756121,2.004479,-1.8169777,4.8787727,-1.7734787,0.040531207,0.0012869516,0.869918,1.4594737,-0.23266087,0.6063672,85.48209,116.76143,-0.050503835,0.17513096,-0.02759488,-0.25244707,0.043211453,0.083751984,0.04116513,-0.0155065255,-0.2823616,-0.11705833,0.06838019,0.39088684,0.16510732,-0.22724968,-0.23255067,0.17315201,-0.1194651,0.035520647,-0.4049929,-0.20321341,-0.080622405,0.018608367,-0.2244028,-0.47125092,-0.0053073578,-0.40676257,0.11015772,-0.47663048,-0.24382365,-0.31388044,-0.24890265,0.8746231,-0.22246665,1.2598804,-0.22132266,0.4438649,0.7923352,-0.35440326,0.20914917,-0.2677583,-0.23401839,0.12670481,-0.3151903,-0.29579133,-0.34201849,-0.230947,0.29333702,-0.25010997,0.31489387,0.2435475
0.5415875,-2.1438098,-0.326598,1.3804233,-3.1772768,1.4937128,-0.8790633,-0.56033343,-4.4398966,-0.31532773,-1.3834993,1.1314555,1.591587,0.86799455,-0.9574876,0.58740836,0.01003678,-3.4545481,-0.31646127,0.85097045,-0.905282,0.38621637,-0.79291254,0.29960778,0.9888015,2.1434183,2.2086375,0.41841975,-2.5568156,0.60581535,0.7674069,1.2104844,-1.061979,0.8233603,0.41784453,1.4228345,1.690698,6.7166147,0.01215167,0.009823769,6.532778,6.571059,8.143476,8.28009,8.07951,0.0124386195,6.377928,0.007218876,0.19094954,4.8458366,2.2749467e-09,0.004286699,-1.8178182,0.005658387,0.14150186,0.121464655,6.6262493,7.8331094,6.6733155,4.918604,3.2171113,6.148824e-05,5.439249,0.000680814,3.8506365e-05,6.034341,5.439669,6.974022,6.229438,-1.7925733,5.694379,6.3895035,-1.7858561,1.3238665,0.29328904,-1.7139391,6.3581157,-1.6043538,-1.8176954,-1.8027282,0.004176786,4.65107,0.0006495553,0.0026497422,5.277775,4.5351357,5.3535504,5.783382,5.7001586,-0.9173749,6.836807,-1.7867123,-1.8176489,6.111434,0.18452522,6.4168496,0.8730243,3.9808514,5.68418,6.09151,5.7581234,6.241472,4.7558174,-1.6907384,3.5853555,5.1692843,5.138673,4.9152465,0.0008189857,-1.7962444,5.6830587,5.109547,6.3905725,5.899657,4.428667,0.12761687,5.153592,0.101817444,6.110236,0.03723431,0.24934614,5.9105268,6.039397,5.0128555,4.4353666,6.495645,5.618094,0.156299,6.6131296,7.1372375,7.1031756,-1.5408187,4.01716,3.2104328,6.2234325,3.9045374,5.0552645,6.395095,4.5475294e-06,5.3797617,5.4185567,5.2294517,6.0935707,4.173265,5.587318,2.1373136,0.12666078,5.864738,0.08179287,7.3078303,4.149307,3.0249083,5.179698,4.754329,0.0005736565,3.791497,5.607564,3.566745,5.0298815,6.1264253,6.8262534,5.4627757,6.6144896,0.025135027,5.1866875,5.3167377,5.0751233,4.9647684,5.0989084,6.288302,4.5289974,4.8342814,-1.6865083,4.623008,5.776268,5.4346776,5.1677856,3.0189342,0.001049752,4.6265106,4.8507047,5.9611497,5.4383736,5.533007,5.310037,4.849916,3.3970077,5.6190815,5.375728,5.2319884,6.889792,4.489267,5.305454,5.8658404,6.8661523,2.8237731,6.3753123,5.439588,4.8078313,6.125966,5.1454124,-1.6401278,4.877366,5.444682,4.257455,5.4158864,5.4078836,3.3470008,-0.5611393,5.722697,4.250443,3.771755,-1.1022147,6.3197002,5.1021233,4.6975737,5.5035005,4.8751783,5.235011,7.2512417,4.090256,4.6043525,3.7242787,5.8250318,5.5999293,0.034368232,0.0011589344,1.0210835,1.7636408,0.17969169,0.7623701,153.43225,147.48439,0.88665134,1.075928,1.8942431,-0.18674017,0.2341406,0.18599187,-0.14631544,-0.03529085,0.40551633,-0.18048488,0.7302936,0.6402792,0.63847667,-0.38080594,0.28574783,0.30932176,0.8843292,0.71222377,-0.46449703,-0.074377984,0.3649591,-0.015268996,-0.26045555,0.59755915,-0.22848254,0.7815882,0.8592018,0.41383848,-0.17114882,0.19969322,-0.3307032,0.20855875,-0.7796124,1.4802943,-0.08921192,0.12670512,0.31399885,-0.15629078,-0.37017086,0.050812658,-0.21126963,-0.2682625,-0.28989327,-0.29811606,-0.31124297,0.26944512,-0.45774075,-0.38632935,0.1905965,0.17458925
0.42106777,-2.1459959,0.02673886,1.3820407,-2.8833396,1.2538655,-0.984911,-0.88770425,-4.3646913,-0.7043419,-1.1184909,1.018184,1.5418223,0.45645368,-1.4767774,0.31117365,-0.114518225,-2.2632709,-0.5308923,0.07700085,-0.33739674,0.3859066,-1.2339488,0.85141444,1.1486658,2.080461,2.1451313,0.2000504,-0.8575006,0.6123914,0.66662014,1.2242613,-0.8669863,0.7498438,0.5055729,1.5138861,1.6516484,5.5454035,0.023910189,0.12146754,-1.2128016,5.323692,7.646847,7.8472376,7.810757,0.0037536204,5.611782,0.007254119,0.095837004,5.5065737,0.0043172603,0.026406914,-1.7815528,0.0073028607,0.15336469,0.067262426,7.4510036,7.7130194,6.6692677,5.2914677,2.0700164,3.0337255e-06,5.1636105,0.00093940756,7.706413e-05,5.8291836,4.6985493,6.9771204,6.20535,-1.8129675,4.0725546,6.0101132,-1.8063055,3.9764988,0.055955254,1.6401128,3.8513691,-1.791428,-1.8169459,4.557454,0.0054646507,0.8826832,0.0052953525,0.007468888,5.023534,4.533664,5.271382,4.8428183,5.623951,4.305877,6.9777746,0.45723933,-1.4913324,5.9680915,0.06623112,6.2880416,6.5596538,0.8467686,5.857268,5.538522,1.0241938,5.737422,-1.8066415,-1.8013381,-1.6774919,-1.5818615,4.4971414,4.257311,0.010962883,-1.8073149,2.5201087,4.687819,5.9112425,5.703625,4.684787,0.08352527,6.4440703,0.21567866,5.81322,0.023070857,0.1703817,5.201741,5.5843697,4.7075586,3.2646694,6.195515,4.9533687,0.4352591,6.829303,6.0454397,6.5379343,2.3299773,4.6801386,1.4679343,5.6363297,2.2166133,4.448366,5.91649,1.4579396e-05,4.2025576,4.932686,5.1866703,3.747176,3.4807591,5.653433,0.0020133415,3.7893047,6.302732,0.033852,7.665924,5.2475777,2.9081972,5.3540425,-1.2655859,0.0048487773,3.8490596,5.2618566,3.176379,4.28721,4.71407,6.2375145,5.9246078,6.411945,0.02496391,5.3651624,4.6981406,5.1399493,4.836933,4.723397,5.8248997,3.9213266,4.7789416,-1.8177539,4.7704554,-0.54191625,4.189402,-0.7577378,2.0076613,0.002162889,3.644818,4.39076,5.6409082,5.2699137,5.2092376,4.147561,1.5781535,-0.7251298,5.9663906,6.144684,5.46039,6.7596664,-0.43739593,-1.7907121,4.2078056,-1.7123772,3.1324701,-0.7459266,-1.2029016,-0.9714987,4.1139274,4.9717374,3.072794,4.166261,5.264944,1.2302291,-1.3075513,0.29214215,4.5286803,-1.8009038,5.59574,4.4747486,3.7433326,4.0180345,5.860341,-1.8007085,3.4285662,4.232072,1.3676343,1.1596389,1.0382882,-0.49447662,0.6934163,-1.7881607,4.8869886,-0.549641,0.029501708,0.0025449977,0.74732137,1.1747546,-0.15935731,0.71182346,101.64252,124.61802,-0.106297396,-0.0010496783,-0.017079987,0.05016792,0.18332955,-0.17575356,0.50057846,0.054586504,-0.61025083,-0.03899746,-0.24662444,0.13514362,0.06274848,0.20627677,-0.36817786,-0.16606602,-0.21404918,-0.14123704,-0.23397109,-0.0067434786,-0.4808013,0.26562905,-0.28615403,-0.51330876,0.023098884,-0.3065645,0.114302136,-0.32764864,0.063961215,-0.42211,0.42341334,0.065919645,0.124931365,1.4231409,-0.072462484,0.11032945,0.8853606,-0.2843963,0.2092491,-0.24298687,-0.22266266,0.102931246,-0.3058612,-0.29111868,-0.26309153,-0.56451714,-0.08008756,-0.08467978,-0.21999992,-0.15711254
0.66372395,-2.1462915,0.21945943,1.8546896,-1.9558035,1.4865459,-0.46485156,-0.6691971,-3.990965,-0.19992605,-1.1842227,1.219423,1.4744294,1.0533692,-1.4171449,0.026467737,0.29322046,-3.4421182,-0.8233347,0.78092045,-1.863145,0.36001766,-0.89443946,1.3791485,1.1187456,2.0807152,2.1820726,0.3373876,-1.1483295,0.6251216,0.85376656,1.4537612,-1.5755521,0.87157404,0.13656253,1.5750935,1.765297,6.7472677,0.106242016,0.38439947,0.83698004,6.338052,8.254568,8.60967,8.518556,0.15484543,5.866469,0.007865092,0.045126725,3.5748196,1.5169899e-10,0.00085089525,-1.7905445,0.004770359,0.14086868,0.07684424,6.543174,7.590257,6.2287946,4.1607203,-1.5777545,0.017779546,4.390242,0.0006715996,3.3119664e-05,5.6951647,5.1402555,6.008031,-1.3898265,-1.8178036,-1.5631229,5.8688145,-1.817817,-0.9152167,0.023420218,3.6943843,0.75851846,-1.716049,-1.8158163,-1.8176466,0.0002495687,0.5348791,0.000599879,0.0018452151,4.8917236,-1.8164712,4.2407784,5.0604424,4.7759986,4.5373735,6.546965,-1.8178146,-1.8177985,5.628791,1.7714165,6.2663536,5.1383142,3.8693142,0.39059967,5.931414,5.907638,5.9909563,4.168258,4.9502587,5.432277,5.1283665,5.4430904,5.1683135,0.00023039996,5.434571,6.2424364,6.200539,6.571129,5.959274,6.1979175,0.081021585,4.998383,1.4618872,6.2754755,0.0042097387,0.3215818,4.5482807,4.9079823,4.864134,3.6849008,6.482557,5.747156,0.29577646,6.040507,-1.0601565,6.761629,6.236054,7.003319,5.5521255,6.195208,4.2827053,5.549678,5.822049,7.6854885e-06,6.249331,4.3816743,3.7264943,7.3406897,3.4510822,5.303544,0.002713607,0.00737307,4.7021513,0.060456984,7.453966,3.630405,2.9051707,4.8738694,4.9211054,0.00013402023,3.2490623,5.050186,-1.4760104,5.367413,6.2396197,7.2259603,-1.8112277,7.3582983,0.04149667,5.28608,4.873448,4.590448,1.1583151,4.295736,5.572386,4.3297586,4.811364,-1.7281362,4.5622745,-1.352834,0.6922248,3.4149394,-1.3156551,0.00096788787,-1.5372944,4.9798613,5.315338,4.9255443,5.00938,4.995944,-1.4863951,5.67999,5.588497,5.364318,5.067763,6.5302157,1.8324723,-1.8177402,5.1953716,6.8610315,5.683836,-1.0127112,-1.1997203,4.808867,6.0455303,4.4520183,0.95849574,5.416811,5.2423625,4.089482,-1.0802809,5.1777987,4.974509,-1.7963816,3.757143,4.1092725,3.5531664,4.140674,6.1176844,-0.17015585,4.0624676,5.4599357,4.25481,4.588345,7.2508183,4.1423855,4.854713,-0.2356011,5.274837,5.5999374,0.0073948256,0.0011279577,0.77771014,2.5428207,0.07270397,0.989297,120.82877,110.77731,-0.05052307,-0.16870148,-0.10311898,-0.20896696,-0.19835621,0.92837185,0.7011281,-0.25286582,0.33073887,0.05647022,-0.13982321,0.025993632,-0.27155355,-0.18617918,-0.30500346,0.28009778,0.2681297,-0.09335008,0.1591117,0.3538681,0.05060938,0.50611115,-0.2691109,0.07562492,-0.08145158,-0.45002937,-0.29481038,-0.42358372,-0.1857581,-0.30887198,-0.29943353,1.0514643,-0.21903256,-0.09563996,-0.23627892,-0.0691523,0.2538506,-0.3014291,0.027944371,-0.25758335,-0.047853623,-0.26367283,-0.31841147,-0.29812688,-0.2924466,-0.02185688,0.7083403,-0.15835568,-0.094437994,0.17942986
-0.07041626,-2.1462915,-0.24350314,1.6669254,-3.1945398,1.260047,-1.5787708,-0.86929137,-4.485361,-0.88196874,-1.1174083,0.8730163,1.6116118,1.0343292,-1.1776946,0.53221315,-0.115412205,-1.9495903,-0.24417876,0.15706101,-0.3307144,-0.024181498,-1.0547258,0.779508,1.1868588,1.8538201,1.9508387,0.22072239,-1.678803,0.62075204,0.78968954,1.0585035,0.527568,0.735706,-0.01741736,1.5510092,1.6552671,6.335112,0.00010551133,0.014363083,5.1511235,6.696491,8.17364,7.882933,7.9621773,0.0010441827,6.408395,0.0072064926,0.13287662,5.056527,0.0031629389,0.015135997,-1.8174964,0.0046806787,0.14062195,0.084586106,6.2365713,7.8901634,6.6205883,5.329923,1.8128661,1.08427905e-07,4.1078777,0.00067002716,3.3077653e-05,5.89466,5.391914,6.9778757,6.174382,-1.4025307,5.677014,6.405659,-1.4911622,-1.2783461,0.032787144,5.67861,4.7587867,-1.8177136,-1.8178167,-1.7959752,0.012422909,4.983788,0.00060672365,0.0013877384,5.0492454,4.5350585,5.5139494,5.4134545,6.120996,5.05255,7.097427,-1.78653,-1.8156829,5.2722216,0.037472263,6.338571,5.0076227,-1.1457332,4.904191,6.141801,5.808288,6.372662,-1.2161695,-1.8178163,-1.6018817,-1.7257212,4.939476,4.9193187,0.00022860616,-1.8178102,6.728287,4.643362,5.95206,6.345636,3.9338136,0.23056608,6.7411838,0.0741533,5.4771767,0.04410224,0.013290428,4.964494,5.6500793,5.05324,4.3673425,6.369046,3.940845,0.12193852,6.8972716,6.7629633,7.6954365,5.623542,6.246765,4.1350603,5.0551333,5.4123545,5.9090123,6.4836226,2.4106862e-06,4.1837525,5.73661,5.824463,-1.7351925,3.6408918,6.0115304,0.00027162937,0.012377436,4.2690015,0.011604983,6.679197,2.4091105,4.897517,2.4681778,4.499598,0.00012305142,4.575409,5.4655128,-1.5470585,3.8099322,1.216741,5.275535,6.038437,5.0656915,0.0069054216,5.6866975,5.5684543,5.3828406,3.9501352,5.222068,6.4653444,5.0145946,4.897937,-1.8178184,3.8972821,1.3273764,5.6792297,-1.8079374,4.2253785,0.00096785405,3.7183158,4.3887777,6.3130236,5.7362366,5.5421047,4.7320013,4.897296,-1.5554445,5.20248,5.253164,4.660656,6.6221375,-1.7945184,4.5255003,-0.85544974,-1.8176557,4.780946,-0.98893726,-1.4623413,-1.6174163,1.7331591,5.4328594,-1.816845,4.4605455,5.7485185,5.003383,0.022597674,5.9582877,4.8695517,-1.6026847,5.695833,3.964118,3.8226278,4.7056823,5.4039555,-1.8177041,4.465384,3.910533,4.86348,1.7087361,-0.373213,-0.17267948,4.116822,-1.8142917,5.6574526,1.5134683,0.03395975,0.0011318541,0.8945752,1.6161063,-0.047427796,0.70622593,34.534157,26.742378,0.5181207,0.5623437,-0.28983867,0.24380891,0.59133166,-0.64357805,-0.40062895,-0.40362218,-0.57216626,0.43786654,-0.75539273,-0.5462772,-0.27357003,-0.34030035,-0.06753251,-0.12238182,0.21656236,-0.43290633,-0.23923056,0.12907901,-0.5473656,0.22265276,-0.3404768,-0.49877366,0.4356683,-0.23134834,-0.35128236,-0.09908774,-0.37728196,-0.14172453,-0.41912016,-0.7851067,0.64935786,1.2276131,1.2645199,0.44834515,-0.5197697,0.28353503,0.73898196,-0.26885808,-0.23502038,-0.20187362,-0.3346612,-0.2809802,0.2770021,-0.7550779,-0.880671,-0.28318694,-0.8139775,-0.22266991
0.76663584,-2.1462915,0.024690144,1.5525018,-2.2954051,1.4012136,-0.6523234,-0.66964304,-4.456455,-0.39311105,-1.0411788,1.24065,1.4293951,1.0443332,-1.4229033,0.16004866,0.10394725,-3.404904,-0.64907116,0.68177736,-1.8656415,0.49696016,-1.043289,1.5089889,1.0566831,2.2363915,2.1608818,0.30423412,-0.63515466,0.62544394,0.864047,1.3965591,-1.5043643,0.85890114,0.44250807,1.5341684,1.7332703,6.6298776,0.075559646,0.21535598,-1.7310786,6.4914036,8.243527,8.683116,8.634539,0.17003456,5.933809,0.0077496185,0.0542059,4.1208396,3.2333602e-10,0.0004437416,-1.7006027,0.0046812855,0.14064686,0.10555356,7.045608,7.535475,6.1734757,4.3291655,-1.8048906,0.025685256,4.4999213,0.00066977716,3.2930486e-05,5.4287343,4.009599,2.663297,-1.6887228,-1.8178169,-1.6857705,5.386564,-1.8177797,-1.7993327,0.023229567,3.2111967,-1.7381934,-1.811302,-1.8169719,-1.8177773,0.00010140869,-1.674367,0.000595718,0.0009705727,4.4451547,-1.8175988,4.132662,4.686359,4.596214,5.015963,6.458018,-1.8178167,-1.817817,5.3411846,0.8783066,6.1047187,1.4757873,3.402293,2.0600448,6.0376368,5.9076157,6.1448607,4.086737,4.606901,5.036615,5.208655,4.9215603,5.0010543,0.00021725746,4.357374,5.3311973,5.7694182,6.290231,6.000945,5.771681,0.0608744,5.3033338,1.5435177,6.1905494,0.0032940027,0.40435606,4.640291,4.6613235,5.0181527,4.210383,6.3248296,5.1100783,0.10703194,5.9544377,-1.1173584,6.8598857,5.6390476,5.364462,5.594099,6.0387816,2.27885,5.606319,6.1230245,2.766013e-06,5.640903,4.26813,2.0265715,6.5424185,3.3582933,4.848646,0.00040561665,0.0035688654,5.695762,0.033978317,7.2955275,2.8592136,3.9379053,4.615401,4.924383,0.000121108285,3.230179,4.6444573,-1.4282588,4.1187587,5.7789674,6.8915744,-1.7943931,6.032605,0.019890504,4.9399767,4.9122176,4.7344074,1.2720671,4.1879287,5.7395964,4.123009,4.4240975,-1.8166071,4.34237,-1.5218738,3.4631248,-1.6497856,-1.6756734,0.0009676361,-1.7721454,4.7402368,5.115472,4.8615894,5.1544533,4.958857,-1.7864709,5.400384,5.340227,4.347016,4.922468,6.5711756,-1.0414271,-1.8178027,4.6702523,6.4490223,5.065162,-1.7162281,-1.1993214,4.544595,5.6508408,4.30417,-1.6283711,5.3489776,5.2979426,4.6290197,3.3536153,5.277115,5.0375752,-1.5805035,3.0594902,4.079486,3.736309,4.5255976,5.755661,-0.49967936,3.8250704,4.5418267,4.4401097,4.363282,7.0861235,4.150679,4.8546143,-1.4703593,4.7813177,5.5999374,0.009061425,0.0011278345,0.75849724,2.293476,-0.027720615,0.90471447,77.436264,72.001434,-0.01307946,0.41500503,-0.16274837,-0.3258138,-0.3188994,0.42800024,0.39580607,-0.25737435,-0.1481347,0.10786747,0.30639806,0.3953346,0.09350812,0.2546454,0.12394595,0.089622684,0.27992994,-0.31359872,-0.24501707,0.118333,-0.40017933,0.5804235,-0.3224184,-0.3330373,-0.105971836,-0.1727524,-0.22664937,-0.26930243,-0.043566067,-0.08278651,-0.3395282,0.45857242,0.05211389,-0.13069779,-0.35148865,-0.20859839,0.5641718,-0.34978494,-0.08381723,-0.26363993,-0.05913355,-0.2526811,-0.32175127,-0.29812688,-0.34135193,0.026774155,0.027841665,-0.24233979,0.058704965,0.15474771
1.0537745,-1.0508413,0.12888302,1.4086366,-2.1458662,1.398622,-0.5008353,-0.7279489,-4.173538,-0.13199122,-1.3028011,0.7216502,1.5342073,0.9318023,-1.4396911,-0.08591379,-0.13454217,-3.4521406,-0.905705,0.029073628,-0.6569109,0.04282991,-0.7343857,-0.6090852,1.0613778,2.2643979,2.2474236,0.43996927,-1.8903228,0.6242428,0.7172951,1.4925001,-0.8350439,0.79208213,0.28968632,1.4514695,1.7033345,6.2680545,0.005649526,0.001407317,5.3579845,6.810227,8.232673,8.233171,8.016102,0.021405287,6.484865,0.0072987885,1.6922374,3.1334214,3.2721368e-07,0.00472572,-1.8178186,2.6546803,6.1468844,0.9735918,7.048831,7.998142,7.0059433,5.185486,4.538446,3.292252e-07,6.070752,0.2960263,0.015004201,7.050348,5.717458,6.977824,6.2306666,-1.7772058,5.698288,6.5189066,-0.3073562,4.068809,1.0621935,0.4605519,6.360361,-1.8130289,-1.8178004,-1.7931496,0.0142788645,5.1954727,0.32575542,0.0012205843,5.432084,4.535363,5.670262,6.1530147,6.090517,5.3784876,7.288843,4.446996,-0.16153845,6.1330748,0.13039894,6.6365848,-1.5647674,6.1355147,3.9722013,6.1392913,5.7530713,6.3898797,2.1677935,-1.8072776,5.777579,3.823854,6.103581,6.09512,12.818459,5.523588,7.142926,5.901664,7.104206,6.6025887,4.609792,0.15104772,4.7679415,0.20753017,6.1024017,0.1887825,5.0550675,5.67375,5.1421223,5.3684998,4.642794,7.0798287,6.811481,0.055686973,6.407644,3.356156,7.268664,7.1992545,8.257828,-1.7502785,7.0944633,5.572104,6.188429,6.0785284,0.082851924,6.035405,5.815063,5.657121,7.4017987,4.859596,5.958537,0.29440197,1914.1865,7.3448143,5.022182,8.57029,4.4862843,5.004621,5.255768,-1.3984168,4.9987564,4.197921,5.720302,3.95573,6.078604,6.9256325,7.669277,6.0353503,7.5922523,0.17546837,5.91241,5.533993,4.7985325,-1.7760187,5.4112015,6.6324177,5.055915,5.144988,-1.8177376,4.784933,5.495375,5.6641827,6.716772,4.9055123,2.015288,5.4572725,5.7197227,5.7720294,5.0452633,5.9574213,5.624677,4.0552397,6.2898326,6.988819,7.15938,6.583515,6.490336,6.415869,-1.7318499,6.3446674,6.865927,-1.7625657,6.379493,6.474912,5.177329,6.1259766,6.0578365,-1.0407792,4.8884916,5.7527857,2.2141905,5.231342,5.8409715,-1.7364521,3.8404272,5.610278,5.0750766,4.196713,5.258365,6.4669385,-1.8051676,4.759593,5.515574,2.2217937,5.012952,7.249164,3.7111313,4.0965343,-1.7964395,5.941941,5.5737534,0.02243414,0.9490459,0.624398,2.3065152,0.18272969,0.55032086,46.983334,52.738678,0.72266257,0.8376441,0.15652968,-0.50430554,-0.30092183,0.645767,0.9502972,0.0945862,0.43277463,-0.43612537,0.032813706,0.64202744,0.37432557,-0.07284067,-0.31709507,0.5420158,0.73983693,0.8788351,0.19669062,-0.35836455,1.0232959,-0.025466641,-0.014979838,1.2649969,-0.563078,-0.031496562,0.43319914,-0.056612913,-0.16914289,-0.6551577,0.1307231,0.19529991,-0.5391037,1.0051243,-0.6065012,0.17113303,-0.6536465,-0.2817738,-0.48573187,-0.24173242,-0.2250062,-0.26849562,-0.28721145,-0.29812494,-0.2933143,-0.21686067,0.064624555,-0.2811163,0.86558527,0.02724107
0.7553963,-0.9944153,0.10390879,1.6666391,-2.2341526,1.4216042,-0.7808062,-0.5223006,-2.4453118,-0.22075719,-1.3420973,0.74285066,1.6805625,1.2218714,-1.3532968,0.1976338,-0.0004662321,-3.4549994,-0.5867762,1.2205075,-1.8585727,-0.0052185664,-0.40643823,1.3370088,1.1030555,2.4434667,2.0302124,0.45773137,-1.954767,0.6175409,0.6944282,1.4060266,-0.53700143,0.8593241,0.33891472,1.2374057,1.6949635,6.584925,0.043957528,0.0012237082,6.9862075,7.114113,8.441622,8.650414,8.36686,0.050729383,6.451309,0.0072640153,0.13752487,5.0817947,1.8200838e-12,0.0029821908,-1.8178186,0.017901324,0.16407782,0.11399355,7.390737,8.027364,7.0096736,5.5821767,4.512486,4.9431414e-06,5.9853106,0.0007660432,5.8265217e-05,6.5523815,5.9253926,6.977882,6.2306647,2.1235254,5.6984177,6.551948,-1.57323,4.722205,0.0472911,1.6206979,6.360335,2.3949342,-1.8175018,-0.06378415,0.0030539394,5.2663145,0.0010302177,0.007463906,5.493825,4.5355,5.7067447,6.178517,6.270314,4.334069,7.643324,-1.7073752,-1.8157166,6.876807,0.7038327,7.190022,5.4767947,6.918007,4.738877,6.4333644,5.9035144,6.622481,4.9832582,-1.4540333,5.082083,5.1251063,5.397866,5.627263,0.005835775,2.132368,5.721888,5.8957477,6.8096967,6.7603793,5.4825435,0.0943477,5.4540634,0.23218445,6.5154324,0.018186547,0.37614575,5.4289813,5.342543,4.7786026,4.6496305,6.942595,6.1116376,0.13937877,7.1179695,6.059215,7.909014,4.4219527,6.241584,5.843916,6.342642,5.1306124,6.9565287,6.634972,8.2113984e-05,6.954083,4.9125876,-0.715684,7.1264825,4.6306567,6.495155,0.18792659,0.9221112,6.4920187,0.43325767,8.148294,4.702628,4.02638,5.467557,4.660227,0.0032604858,4.6596103,5.5905504,-0.8088014,5.4832826,6.9271765,6.921953,4.858088,7.521003,0.015292626,5.845741,5.4549284,5.4987187,4.5862436,5.3096666,6.791906,5.456769,5.313885,-1.765859,4.7218366,4.6187778,5.764533,6.4931464,1.6551992,0.0014036038,5.456818,5.3794622,6.4431267,5.9494705,6.2455654,5.9790077,-1.612888,5.816786,5.8734083,6.9835215,6.1824937,7.2405806,6.113046,5.34639,6.3657007,6.8677697,6.095333,6.379513,7.235922,5.3642826,6.1259804,6.187311,-1.8168178,4.9960184,6.0226927,5.2189684,5.8434997,5.8061194,5.001517,2.8276784,5.9773955,4.2146993,4.2186613,2.3854733,6.612711,5.1105094,4.903981,5.520367,5.3492203,5.4004173,7.254491,4.231725,4.8540244,5.0732527,6.1395183,5.5999374,0.02747713,0.0013350592,0.8098458,2.1999743,0.50805813,0.7667791,216.46239,222.08737,0.0670097,0.45301044,-0.03263298,-0.33847728,-0.0997033,0.8663328,0.4596525,-0.1450438,0.55097014,-0.15966465,0.34036946,0.64297545,-0.06058333,-0.21455981,-0.13501745,0.1196124,0.5858875,0.23609018,0.08828805,-0.40857977,0.67181957,0.031656295,-0.32747704,0.6907069,-0.32032934,0.34150586,0.6892758,0.3031411,-0.31011558,-0.37208283,-0.24977292,0.596369,-0.61671185,-0.0905284,-0.48035136,-0.28287652,-0.3222263,-0.2824959,-0.37852728,0.007822712,-0.10518668,-0.2685118,-0.29983503,-0.29812676,-0.32541224,0.48180062,0.52029306,0.17551978,0.5993311,0.621392
0.64979327,-2.1449752,0.223921,1.3979596,-2.784516,1.454668,-0.6641842,-0.5708406,-4.482989,-0.27615422,-1.3263973,1.031655,1.5066935,1.0783845,-1.0881656,0.49571007,-0.003359199,-3.4523418,-0.39625305,0.08166599,-0.9743101,0.28460598,-0.881957,1.5115787,1.0712006,2.2835064,2.2776012,0.31417128,-0.67916614,0.62132406,0.76121,1.211889,-0.8064244,0.7976898,0.44521368,1.4435345,1.6823995,5.9762125,0.00028430703,0.0008966452,-1.65218,6.715103,7.97255,8.057624,7.9167366,0.0058771106,6.2177815,0.007206702,0.123760276,4.6332045,1.876827e-08,0.0057552108,-1.8178186,0.008520866,0.14572433,0.060611624,6.606126,7.7865796,6.5980225,5.0986376,4.31663,2.0676742e-07,5.4584017,0.0008925374,7.822684e-05,6.0090413,5.469074,6.9777184,6.2306657,-1.7269323,5.69838,6.1751676,-1.3261476,0.80137736,0.09846012,3.8327103,6.3603683,-1.809983,-1.8178178,-1.8158088,0.0076244012,5.0126953,0.0012254731,0.00026918424,5.164964,4.535672,5.471395,5.7838793,6.020735,5.330586,6.852575,2.7063963,-1.8174429,6.1589684,0.040889606,6.5649157,1.4902651,4.2390623,5.2969337,5.6015587,5.7004013,6.044818,-0.78608996,-1.8175495,5.2190766,5.364445,5.457396,5.6582017,0.009824544,0.14917572,4.6795506,5.605925,6.4385934,6.138941,5.055802,0.1143364,5.8049626,0.07508474,6.127476,0.0627558,0.084407836,6.004236,5.9253554,5.072815,4.578147,6.537839,6.1470222,0.05909285,6.5229645,6.331824,7.028689,3.808544,4.236963,-0.99433666,6.810004,5.09763,5.944754,6.417906,2.9525583e-05,5.749436,5.114905,4.0852175,6.258292,4.55434,5.7540646,0.02132702,1.163121,6.8911347,0.021518994,8.171837,4.628143,5.057055,4.7313776,4.618974,0.003782385,3.7443748,5.428037,3.1048627,5.534308,6.6337347,7.197404,6.072315,7.272625,0.010988786,5.754894,5.163142,4.661863,4.436321,5.1130137,6.2346997,4.8395557,5.0448666,-1.8177875,4.497871,5.597267,5.467395,4.2448363,4.78376,0.0030761464,5.2608356,5.261076,5.6110973,5.063677,5.83173,5.530023,5.1472654,6.1588264,6.812952,7.0190516,6.30269,6.169168,6.0320215,-0.49537283,6.0554576,6.8568683,-1.7068713,6.3795586,5.7818685,5.45938,6.1259794,5.3000345,0.6802682,4.7603235,5.602264,-1.2857372,5.705277,5.8149166,-1.6982737,4.7374773,5.3451347,4.8920417,4.2302723,4.5177665,6.5192323,-1.7530549,3.8678358,5.445683,-1.1362177,5.257891,7.237696,3.4471257,3.968196,-1.6215264,5.5136185,5.589194,0.03433848,0.0017968673,0.94407225,1.830259,0.14928092,0.79447216,229.33891,224.19603,0.4824031,-0.12854591,-0.074546546,0.20586272,0.36818856,-0.21220125,-0.31826198,-0.22046591,-0.01101179,0.13160412,-0.054489512,-0.06882136,0.117592275,-0.39268973,-0.23393732,-0.3651149,-0.35687357,-0.29688147,-0.25354108,-0.18512312,-0.403675,-0.19669831,-0.17276281,-0.49629694,-0.07425631,-0.13214156,-0.03760872,-0.15979289,-0.36430866,-0.111273244,0.15356183,-0.3286595,-0.1099303,1.4463178,0.2581838,0.3496133,0.80577785,0.22891937,-0.09759626,-0.20284036,-0.23461467,-0.26850927,-0.2797605,-0.29808515,0.19458611,-0.011798671,-0.63583785,-0.465047,0.0037895758,-0.4454094
0.6279742,-2.1461926,0.25010422,1.7212834,-2.2661796,1.4194692,-0.821068,-0.69124657,-4.272087,-0.2730094,-1.2493958,1.1150453,1.6032748,0.81769156,-1.6410326,-0.06790557,-0.046988428,-3.454914,-0.6906672,1.2661535,-0.7411788,0.45932317,-0.58510053,1.1012839,0.8756329,2.2244093,2.1372259,0.42787126,-1.9998882,0.6224384,0.67090786,1.3985254,-1.6097292,0.9002677,0.08313645,1.4214048,1.7451738,7.08642,0.01486481,0.050996352,5.7823496,6.625795,8.376237,8.742777,8.676261,0.10752072,6.3166466,0.007214081,0.094705015,5.1185417,1.2844797e-10,0.0014206038,-1.8178166,0.0051788352,0.14085984,0.09274121,7.5345664,7.8274837,6.4285135,4.688899,-1.5280484,0.005072808,4.871216,0.00067110115,3.3478682e-05,6.0363693,4.8767424,6.923174,6.1759524,-1.8137628,5.540472,6.149486,-1.8177602,-1.702276,0.03349015,-1.7345184,6.2936926,-1.2007482,-1.8174208,-1.8172759,0.0005005673,4.7118096,0.00060191297,0.005072209,5.2041197,3.999217,5.1410646,5.548022,5.1994324,3.7145557,6.9017296,-1.8177743,-1.8177915,5.926603,1.2918049,6.5613194,4.8081293,4.320396,0.410627,6.0371394,5.9072695,6.1503243,4.58805,3.0170827,1.4788584,4.572382,4.5102477,5.0300436,0.00037467768,-0.51873124,6.431281,5.534484,6.280835,5.8776884,5.0607705,0.058241453,4.6228204,0.3477468,6.112831,0.003860609,0.07274522,4.8078804,4.872641,4.8599505,4.0713816,6.5977902,5.685168,0.20233285,6.3451,1.2570342,7.102093,4.159226,6.826906,4.9024124,5.938308,-0.065528944,5.6461797,5.980047,3.3271067e-06,6.0060306,4.8951626,4.6941295,6.776263,3.82913,5.6573753,0.33770007,0.029284395,5.08784,0.04824469,7.2869353,4.661603,3.1207752,5.244357,4.908505,0.0001978164,3.5413687,5.208329,3.5620408,5.2142906,6.3091564,6.772521,-1.6154703,6.9101777,0.01633933,5.2329693,5.3059664,5.5945024,2.1152554,4.702467,6.135582,4.667785,4.688485,-1.7881874,4.48559,0.0054873372,5.5124617,-0.8435369,-1.6684958,0.00097159634,1.2310487,4.9553986,5.8804884,5.278408,5.5419555,5.1889744,-1.290247,5.206226,5.5359125,5.991246,5.3718333,7.007243,4.8290377,-0.85441345,5.6208625,6.8667326,5.766106,6.3220353,5.9342637,4.9859567,6.125863,5.063836,-1.3777981,5.234293,5.6311445,4.840649,2.0154524,5.3858905,4.7221518,-1.1196686,5.1409883,4.2070236,3.5978842,1.9993511,5.977353,0.8195861,4.4088435,5.5105133,4.834689,5.3264947,7.254283,4.223826,4.850084,0.9676301,5.5931416,5.5999374,0.016971694,0.0011298696,0.7370189,2.5434647,0.30548847,0.89327365,82.6745,89.59116,0.06823644,0.12724379,-0.050434444,-0.44099253,-0.011516535,1.0925989,0.9115723,0.07040977,0.5432159,-0.11159972,0.023700297,0.32969686,0.0014191874,-0.25121048,-0.111398496,0.13798079,0.27010658,0.00762828,-0.08487656,0.35168222,0.37826377,-0.037186485,-0.26999447,0.4886398,-0.103013724,0.26045036,0.48705378,0.0072025917,-0.18099521,-0.12843874,-0.036749147,0.7576186,-0.44854775,0.6024038,-0.42187214,0.17829199,0.082720034,-0.034659084,-0.31991777,-0.23770247,-0.033225928,-0.2681859,-0.30184633,-0.29812673,-0.23177478,0.11471922,0.6080004,-0.21442555,0.22993018,-0.2857635
0.49150333,-2.1462915,-0.32776937,1.7061878,-2.0241725,1.3323065,-0.23912382,-0.55968195,-2.1642253,0.09893412,-1.2811378,1.2260643,1.6280228,1.2409636,-0.8706978,0.19473857,0.16849153,-3.4546926,-1.0883625,0.20286477,-2.0128756,0.47842032,-1.1639497,1.2618194,0.9326638,2.0227869,2.1903841,0.3720541,-1.0438722,0.61726564,0.7813187,1.4731811,-0.7629167,0.85691637,-0.22228609,1.5231482,1.7430817,6.7469177,0.013872503,5.699775,6.1598396,6.1626773,7.920844,8.228105,8.276917,0.3800586,6.0906553,0.0073388573,0.20914286,5.1699715,3.4887918e-07,0.0038914788,-1.8175123,0.0046772226,0.14061286,0.31625077,6.1731853,7.2906804,6.22111,-1.8033144,-1.8177453,5.9827176e-05,4.323241,0.00066961837,3.2900654e-05,4.886934,4.777128,-1.6670514,-1.8172308,-1.8178186,-1.8178115,5.4747057,3.9623044,-1.8178185,0.02477979,5.647141,-1.8178186,3.297932,-1.8167834,-1.8175554,1.1749564e-05,-1.8178172,0.0005951502,0.01675434,-1.8075299,-1.817816,-1.7094579,-1.694297,-1.7102896,-1.6810548,5.202813,5.6085224,-1.6119426,6.846645,6.665009,5.1684475,-1.8168771,4.467972,4.3395324,3.105568,-1.8137618,-1.781023,-1.8178091,-1.8105377,-1.8177453,6.0507,4.122063,4.238075,0.00021598637,-1.8178165,-1.806149,5.1313777,4.2160788,-1.7987182,5.150136,0.01990228,-1.6996303,1.0462844,5.182441,0.00021853171,0.101440184,-1.6848108,4.3112144,3.3317523,-1.6746782,4.5700336,4.642038,0.055712774,5.0612054,3.889873,-1.8005668,-1.7435887,3.0739021,-1.8089724,4.8961067,-1.817813,-1.8091605,-1.8006012,2.4138667e-06,4.503397,3.947032,-1.8159173,4.1073437,3.33607,1.6896616,0.00026798612,0.0032500005,-1.6575371,0.046988957,-1.6477408,4.0447526,3.1728382,-1.8039017,2.0937917,0.000120493525,1.4921852,-1.70592,-1.8173203,3.4043274,-1.6465263,5.4630637,-1.8171372,5.423635,0.0044876067,-1.8000653,-1.8030981,-1.8126585,-1.8032087,1.5982518,-1.8046371,-1.8087983,4.019515,-1.8175967,-1.8155026,-1.80733,-1.8176693,-1.8154417,-1.8117182,0.0009676346,-1.7998551,3.0885496,-1.799076,1.7286596,-1.8041955,-1.8053714,3.4755723,-1.811379,-1.6932861,-1.6860837,3.5543299,4.7077546,-1.8178185,-1.8178184,-1.8152527,-1.8176839,3.2986534,-1.8178186,-1.8178185,-1.7940017,-1.8178184,-1.8066175,-1.7384232,3.490843,-1.8059844,-1.8066589,-1.8088671,-1.8039317,-1.8174182,-1.8178144,-1.8168781,-1.8168256,1.6095406,-1.8178061,-1.8023343,-1.8173654,-1.8106229,-1.8056393,-1.8071425,-1.8059317,-1.8176987,1.0389669,-1.8171442,-1.8135442,-1.7997388,-1.8107009,0.05358879,0.0011278433,0.8163982,3.1539264,-0.028563276,0.90225935,151.97368,155.63666,-0.73111004,-0.37696043,-0.34370938,-0.29852188,-0.39796594,1.1232392,0.9660638,0.3021469,0.47463804,-0.03026139,-0.20737658,-0.2726394,-0.25327882,0.478147,-0.29957783,-0.4604172,-0.051121484,-0.15902777,-0.17273745,-0.25315958,0.34382448,1.0431906,-0.055406652,0.069232374,0.19532873,-0.35470346,-0.19586778,0.622472,0.06584603,-0.3292018,-0.4682282,0.26876804,0.44345012,-0.5129635,-0.37136403,-0.4326957,-0.14705342,-0.32342774,-0.42369547,0.3705102,1.2980524,0.25919732,-0.30236045,-0.29812613,-0.32323715,0.087468624,-0.05217757,0.6757147,0.746803,0.37305534
0.5857298,-2.1462872,0.36865747,1.9248278,-1.9554977,1.4322401,-0.46678498,-0.7938845,-4.4757423,-0.16570951,-1.2260619,0.7730359,1.5443178,0.73257405,-1.7375921,-0.21555017,0.046616506,-3.4547012,-0.96396893,1.3946242,-0.7184417,0.013323735,-0.5475601,1.5749825,1.1172789,2.252286,2.1041372,0.42783722,-2.1079502,0.62548566,0.7509109,1.6024919,-1.7834992,0.8837811,-0.21803237,1.4544647,1.7473572,6.996888,0.0029399171,0.0933285,6.001419,6.450847,8.300819,8.577354,8.59144,0.22664158,6.1696157,0.007207548,0.062712215,3.24599,1.741375e-10,0.00041643812,-1.8177962,0.006053051,0.14112279,0.025632577,7.072191,7.6912093,6.315128,4.300605,-1.7704021,0.01353877,3.5663402,0.00067325035,3.367113e-05,5.829285,5.055376,6.9341807,5.900628,-1.8176523,4.3674207,6.136926,-1.817818,-1.7330358,0.014607393,-1.7175825,6.013778,-1.7855682,-1.8177061,-1.8177873,0.00021877298,4.4892464,0.0006070372,0.0018271396,5.2497425,-1.7529072,4.9770126,5.576656,5.27042,4.744049,6.9650235,-1.8178127,-1.8178054,5.732235,1.5221819,6.4221644,5.2715745,4.5055165,-1.6363984,5.93477,5.9075856,6.1189747,4.2648773,4.977386,5.4630194,4.0901847,5.6603985,5.6344457,0.0004867888,5.4200644,7.08909,6.2526517,6.3301787,6.050999,6.1075296,0.06495611,3.3798892,0.7017504,5.935406,0.0013423227,0.046338573,4.707854,4.8874936,5.001599,3.611891,6.746576,6.335558,0.5313511,5.910641,-1.6699944,7.1439557,6.91011,8.295089,4.822949,6.419481,4.1888127,5.585559,5.399242,7.486351e-06,6.4338937,4.9439545,4.8660626,7.811371,3.6351767,5.4640546,0.04456691,0.05797104,5.159509,0.021255283,7.4610457,4.5948243,5.3090124,5.200261,4.91258,0.00027638263,3.3173294,5.408264,2.6908011,6.002044,6.6927247,7.5220985,-1.8104424,7.538776,0.05047423,5.507527,5.032546,4.9274764,-1.7377925,4.834346,6.0064244,4.7863193,4.644533,-1.8057147,4.6037164,-1.7762315,5.238474,-1.7504742,-1.7704921,0.0009715359,-1.6959528,5.0900893,5.5950727,5.135237,5.439382,5.4687014,-1.7035762,5.766707,5.6197495,6.155423,5.345349,6.9101543,5.310579,-1.8056773,5.6326094,6.8674345,5.3146296,6.013051,5.704695,4.9913864,6.1250086,4.767762,3.1961122,5.1630116,5.642566,4.7209167,-1.5859054,4.9994183,4.8696995,-1.8124439,4.7483315,4.3045607,3.4280326,3.9299598,6.217546,-1.657131,4.406585,5.5111256,4.267643,4.962871,7.2540474,3.810849,4.8520255,-1.7517575,4.707287,5.5999374,0.014630025,0.0011298008,0.62750316,2.5420246,0.34362337,0.89281166,46.39394,48.83178,-0.38339394,-0.48494032,-0.44011384,-0.32504123,-0.028604224,1.4277694,1.4577346,0.031694774,0.69547635,-0.3238148,-0.5016351,-0.074009456,-0.38437876,-0.29317695,-0.3541429,0.35157534,-0.08444427,-0.18958886,0.3513981,0.66976476,0.4161001,0.24221104,-0.2929883,0.46879232,-0.12972896,-0.5306538,-0.079945095,-0.3659786,-0.17530395,-0.4533715,-0.0657216,1.462338,-0.5303446,0.42338708,-0.49014226,-0.24142405,-0.27340078,-0.16425064,-0.34565023,-0.26438886,0.19912928,-0.2682077,-0.30531645,-0.29812688,-0.2001497,-0.2232469,1.1496168,-0.022144908,-0.44252622,-0.41718778
0.6117279,-2.1462915,-0.47307247,1.6082242,-3.1867516,1.5676694,-0.6104207,-0.34089756,-3.761149,-0.09655705,-1.422243,1.1134347,1.6432706,1.0236235,-0.73076737,0.7266876,0.24035494,-1.9733838,-0.50099677,-0.000419289,-0.5964892,0.2918797,-0.9170983,0.6541069,1.1161255,1.785372,1.9446586,0.41069534,-1.5581757,0.6082302,0.7344902,1.2419013,-0.9022756,0.8446108,0.3669557,1.6048031,1.7650477,6.504415,117.825615,0.7228273,6.9913864,6.0558715,8.078442,8.664524,8.662983,0.036241915,6.345974,12.777359,0.059956122,4.027334,1.1616709e-10,0.0057210214,3.77033,0.0046777674,0.14071232,0.15355515,6.8848596,8.002222,6.9016185,4.9362187,-1.0987114,0.004930259,5.4266233,0.0006699297,3.2920714e-05,5.785175,5.776308,4.9416428,-0.28264794,-1.8177568,-0.19325773,6.240931,-1.6858288,-1.0522851,0.04332801,-1.7415045,-1.632441,5.701618,5.077204,4.982818,0.0023923346,4.6696577,0.0005959122,0.039905827,4.583533,-1.451311,5.241137,5.5238023,5.7677627,5.8335443,7.3217883,-1.8174175,-0.79618895,6.8929024,0.6049573,6.810893,1.573762,6.765718,5.603939,6.124515,5.907572,4.922225,-1.0070548,5.876517,-1.1644315,6.679137,5.5047154,4.553541,0.00021617305,-1.8176339,4.2239757,6.86042,6.2785234,6.4537635,6.7879705,0.042030428,6.552922,1.9906849,7.2194333,0.013720043,2.6780138,5.449947,5.760593,5.2378983,4.5606947,6.6220846,6.188531,0.40386343,6.5654335,6.962066,7.579033,3.0181494,4.392565,3.4901352,5.9193826,5.1172547,5.4968266,6.6440325,3.214617e-06,6.26497,4.697003,0.68769896,7.5623064,4.112426,5.6592135,0.00026878144,0.0036153162,5.7135353,30.936493,7.6424723,-1.769121,-1.8177836,4.601563,4.913796,0.00012148084,4.1638207,5.3200545,-1.7975149,5.835774,6.354632,7.42985,0.9984683,7.603557,0.06831152,5.8207326,4.3170466,3.9289632,-1.7468652,4.724121,6.645835,4.8548956,5.3792596,7.0002174,4.713104,6.335533,-1.8139312,7.817521,4.913992,0.00096764683,4.4506235,5.3680525,6.2164373,5.9886913,5.782671,4.5213823,0.79309195,5.3641796,6.111989,5.5575533,5.4791017,7.705809,6.024027,-1.8175721,6.2740016,6.7594676,6.0852737,-1.8177602,4.428995,5.744385,5.916212,5.475373,2.9646308,4.8888893,6.217615,4.972836,1.2839481,4.745305,1.9308765,4.6912403,5.8624287,4.510549,3.956141,4.3873773,6.57408,-1.7241324,4.1011834,5.5062776,3.5194545,5.650502,7.2482805,4.532423,4.854753,5.2760677,6.2310715,5.5999374,0.0063228263,0.0011278483,1.1545873,0.223484,0.026915213,0.8429158,161.26288,152.33736,-0.79424274,-0.56398344,-0.3278155,-0.40589112,-0.3132275,-0.19972159,-0.010551058,-0.2185576,0.044379678,-0.028112378,-0.2162744,-0.19294696,-0.16755982,-0.13637891,-0.20827924,-0.88720834,-0.25456035,-0.4910047,-0.3716216,-0.28167173,0.35702598,0.24817136,0.20942321,-0.15505996,-0.14991666,-0.3850808,-0.37196773,-0.39760515,0.118899286,0.36581382,-0.41148987,0.34792736,-0.30874202,0.17621587,-0.28818816,-0.22144364,-0.084714405,-0.09632301,-0.17332813,1.3053114,0.8853765,-0.20155892,-0.33575687,-0.29812494,-0.086401485,0.0553952,-0.27687728,-0.22045463,-0.56282896,0.72679573
0.358216,-2.1462915,-0.07692203,1.6870677,-2.060943,1.3824421,-0.5376891,-0.68200004,-3.0594246,0.07888586,-1.1403639,0.9806161,1.5000103,1.1117619,-1.1997958,0.006168742,-0.07669665,-3.4515517,-1.4521252,0.49455816,-1.9591109,0.114977814,-0.72245866,1.1231005,1.0363215,2.1966243,1.9491526,0.41013834,-1.2322036,0.60752314,0.6680065,1.7391304,-0.68814826,0.8571352,0.3886401,1.4447801,1.723466,5.5183125,0.071629845,5.397298,2.1942222,5.8854623,7.5033517,8.000537,8.06384,0.42482275,5.715919,0.007350039,0.19763477,-0.6376416,0.00037550763,0.02402443,-1.5439484,0.0047227545,0.14080322,0.057881795,6.645712,7.283141,6.303173,-1.4090849,-1.6384948,5.612722e-05,4.728977,0.0006729514,3.3241926e-05,5.0391197,4.506526,6.4608216,-1.741576,-1.8177918,-1.8125161,5.754575,-1.5561723,-1.8178158,0.043285612,2.4382434,-1.817809,-1.4881233,-1.8128872,-1.1504672,0.0004306625,-1.8111888,0.00064859097,0.015945438,-1.1705637,-1.748892,3.7912755,4.9720354,3.7589815,4.897999,5.276733,5.6025386,2.6455584,6.8631544,2.7799861,5.3800087,-1.6201495,1.8596625,4.915621,-1.1856087,-1.794896,-1.5353111,-1.8177837,-1.8127954,-1.7890573,-1.4861729,4.1978593,4.3307633,0.00040440512,-1.8177658,-1.7794881,4.909604,4.478121,-1.4359766,5.30079,0.102874294,3.4484918,0.5623492,5.0502796,0.0012924514,0.03392865,3.1905305,4.7040787,3.8800678,3.2790232,5.3800073,4.75749,0.040604904,4.92585,3.3911874,-1.4833331,-0.07834527,3.370943,-1.6886759,5.0271516,-1.8157465,-1.5490493,-1.462199,2.564525e-06,5.096191,3.9690804,-1.7934347,5.379968,2.5384731,-1.2279694,0.00039423993,0.023504578,4.16551,0.045616977,4.9325523,4.915758,3.5663416,-1.5952088,-1.1795948,0.00016746466,-1.291138,3.483902,-1.6942164,4.3120036,4.8768587,6.098949,-1.8030764,6.1974864,0.004872647,-1.6715883,-1.68441,-1.6508625,-1.7449588,-1.063764,-1.4160794,-1.558836,4.243064,-1.8177645,-1.6727871,-1.5086762,-1.8140987,-1.7333153,-1.6662045,0.0009877429,-0.44647086,3.443096,-1.5745758,-0.93012244,-1.5462518,-1.706352,2.9033492,-1.763286,3.6686232,3.5254638,4.196802,5.5269203,-1.8178036,-1.8136199,-1.6915733,-1.8176419,4.1153564,-1.8177786,-1.8178172,-1.7000144,-1.8177197,-1.5042825,2.406943,3.6292663,-1.4930133,-1.6718218,-1.807978,-1.7842382,-1.7277455,-1.8177701,-1.6684576,-1.7013007,-1.2170587,-1.8029634,-1.336346,-1.8177767,-1.6485252,-1.426095,-1.6605215,-1.2136697,-1.3128058,-1.1183091,-1.8103145,-1.8109566,-1.6098216,-1.7682333,0.04522814,0.0011376247,0.7618552,2.3172238,0.15859197,0.8005592,208.87381,212.71759,-0.50482816,-0.35065022,-0.2932226,-0.31345952,-0.3450478,0.53516996,0.0770324,-0.24181221,0.31296995,-0.071923316,-0.6673407,-0.3999051,-0.47993377,-0.22037728,-0.31629786,0.19014752,-0.2367958,0.047475528,-0.22040524,0.13743988,0.38851836,-0.16277562,-0.2616414,0.08657222,0.716678,-0.85734546,-0.2659255,-0.61704636,-0.089471236,-0.4459063,-0.30728695,1.4012629,-0.53403145,1.5572442,-0.10435114,-0.059482694,-0.16533792,-0.2630605,-0.0018379545,-0.2358004,-0.006685728,0.12502798,-0.3271903,-0.29761475,-0.25608313,0.20468259,0.6363,0.2564069,0.64414823,-0.09511254
0.12975034,-2.1462915,-0.13837452,1.6439625,-3.1944716,1.3529128,-1.5185277,-0.6198367,-4.4869146,-0.78586143,-1.2571305,0.9527362,1.6189715,1.1486521,-1.024811,0.5859459,0.006730371,-1.9573315,-0.21925801,0.16093542,-0.63042367,0.13794994,-0.78323954,1.1678485,1.1671284,1.7214848,2.1281788,0.23318554,-0.9843633,0.6239514,0.867492,1.0407286,0.5438141,0.82210296,-0.0075838356,1.6052065,1.7567782,6.067994,0.00017648695,0.021186223,6.8117695,6.6796045,8.214025,7.960713,8.110542,0.0010583925,6.3023214,0.007206491,0.13316418,4.9963036,0.00069227675,0.014737601,-1.8157806,0.004677299,0.14061148,0.060290694,6.4299197,7.8239956,6.539098,5.2397466,1.6130753,8.136467e-07,4.027775,0.0006696093,3.291329e-05,5.873523,5.165403,6.977863,5.967215,-1.8062352,5.6809464,6.502324,-1.3222525,-1.7489928,0.041272696,5.746523,1.0713798,-1.8177071,-1.8178129,-1.8158599,0.013564648,4.9979596,0.0005955416,0.0007224751,4.826462,4.5278006,5.3887367,4.887316,6.040817,5.9805136,7.091351,-1.8050977,-1.8174006,5.2700562,0.037480973,6.314674,4.9953327,-1.4475104,5.092083,6.072968,5.4160337,6.285622,-1.1034259,-1.8178171,-1.7203315,-1.7822028,4.93161,4.856531,0.00021650578,-1.817818,6.456354,4.6739397,5.8981934,6.197209,3.890893,0.18977039,6.730457,0.07325723,5.5248175,0.03238866,0.010985979,4.3140116,5.871499,4.9517336,3.57396,6.191795,3.834539,0.11788769,6.9442163,5.236406,7.5770392,6.657315,6.027489,5.520358,5.1636233,5.2844234,6.012154,6.3282013,2.4100193e-06,4.3835073,5.73908,5.955105,-1.7585934,4.1055565,6.0448923,0.0002690284,0.0039624455,3.5521753,0.011657509,6.778829,3.716781,4.736632,4.5921545,4.8527675,0.00012065332,4.6161747,5.335886,-1.757433,3.6716456,1.904096,3.5144703,5.9349957,4.518446,0.007913125,5.3849635,5.482912,5.6147523,4.4200997,5.1867533,6.5041485,4.909698,5.08306,-1.8178184,4.80277,0.97333336,5.6726737,-1.7948813,2.9219358,0.00096763344,1.8300254,4.652208,6.23889,5.662264,5.6009717,4.676745,4.9390073,-1.0269262,5.290798,4.8929095,4.7889113,7.1616683,-1.6551824,3.3356318,-1.3304628,-1.8175414,4.189105,-0.9214604,-1.3502705,-1.5770665,-0.0010776425,5.447218,-1.8152851,4.477121,5.580631,4.752784,-1.3991239,5.7223816,4.3297753,-1.6228975,5.702491,4.067237,3.9190376,4.808151,4.9344587,-1.8173201,4.2853355,3.4566276,4.482375,3.666948,3.8175397,3.388515,2.3963823,-1.791522,5.5683303,5.435204,0.023582548,0.0011281719,0.96490943,2.1628354,0.20327118,0.75800467,19.51118,21.835129,0.23079318,0.2108879,-0.40317544,0.24475056,0.6010399,-0.748207,-0.40300897,-0.3721925,-0.6120425,0.4523146,-0.55331576,-0.5000415,-0.24094085,-0.2925058,-0.09447529,-0.4547557,-0.2730996,-0.5436939,-0.2305427,0.19136171,-0.6440632,0.18657844,-0.33221993,-0.58335733,0.55460566,-0.28773427,-0.35261914,0.25771272,-0.3841498,-0.11472461,-0.23005563,-0.921919,0.75245243,1.020548,1.3822206,0.45317233,-0.62149197,0.41665107,0.7528331,-0.26891854,-0.23501305,-0.18315913,-0.33670697,-0.24183016,0.55676204,-0.7618516,-0.90514874,-0.21153738,-0.593837,-0.35244232
0.15865242,-2.14629,-0.24574038,1.580475,-3.1932287,1.2593378,-1.4978245,-0.8894412,-3.5420563,-0.8942105,-1.0996344,0.8579394,1.5771753,0.89568615,-1.248847,0.518456,-0.21153598,-1.9771535,-0.5508321,-0.018000076,-0.61618453,0.032847114,-1.3334024,0.66731346,1.2426656,1.9017459,1.951091,0.18264338,-1.570163,0.6148456,0.6812027,1.1993537,0.21658364,0.732162,0.2734059,1.5000856,1.6401106,6.1532707,0.0002603992,0.020975273,-1.7603863,6.440834,7.9557304,7.775964,7.757409,0.001474539,6.250289,0.0072065485,0.10014807,5.0709043,0.0050513237,0.024149336,-1.8176852,0.005019588,0.14125852,0.08366714,6.586876,7.9162126,6.701538,5.5193124,4.3430767,2.7122958e-08,4.7902627,0.0006929981,4.304435e-05,5.9478984,5.2139454,6.977819,6.0450206,-1.6733788,5.487513,6.346578,-1.7778012,4.3913746,0.0304402,5.3641973,6.1621876,-1.8176141,-1.8178161,1.9861051,0.008058178,4.733868,0.0038223802,0.0024245598,5.203149,4.535621,5.550799,5.48734,6.1817684,5.08257,7.1224813,-1.7629462,-1.8056748,5.2738323,0.037992265,6.24604,4.8411574,3.8625531,5.1003156,6.21378,5.651684,6.439938,-1.663317,-1.8177707,-1.7097617,-1.7415947,4.7847767,4.566794,0.0012300425,-1.8173405,5.776135,4.6091127,5.9241652,6.3470263,4.862224,0.18388616,6.755466,0.07483995,5.5362434,0.036921825,0.0858219,5.1677456,5.152649,4.8902082,4.331395,6.38726,3.8572934,0.0816948,6.957834,6.6650586,7.5392303,3.9060664,5.2579694,4.479107,5.244226,4.227342,5.623106,6.440677,2.705787e-06,4.096098,5.199759,5.2310104,1.8058834,3.6092753,6.0271707,0.0003446571,0.6847778,4.879885,0.011940866,7.1409817,3.6803463,5.125446,4.2852044,-1.6526904,0.0002891483,4.029405,5.393559,2.9027488,4.1814165,3.2841218,5.706697,5.966029,5.6756425,0.0076281647,5.8018084,5.4542527,5.17112,4.363078,5.188036,6.4108696,4.7438626,4.6357784,-1.8178184,4.6297994,-1.7445143,5.5092616,-1.8059464,4.1426167,0.0010455813,3.833431,4.4682097,6.193299,5.6137843,5.532138,4.6509886,4.6589737,-1.754446,5.428585,5.3893194,4.8526783,6.4808226,-1.7985201,-1.6328906,4.609735,-1.8169224,4.8004956,-1.6622334,-1.7098602,-1.7408494,5.423816,5.5895042,-1.8129361,4.46482,5.6688848,4.958812,5.235787,5.932327,4.900868,-1.7640942,5.6190257,3.8511977,3.869169,4.3571734,5.3183427,-1.8175658,4.359119,3.475475,5.101161,-1.7577901,-1.8004136,-1.7985622,4.2331486,-1.8173167,5.825421,-1.7880211,0.03980455,0.0013899757,0.85677636,1.5687989,-0.2288387,0.6867683,49.24233,42.013313,0.2285646,0.43589133,-0.062151995,-0.10095503,0.10071143,-0.09442423,-0.28659302,-0.21581045,-0.35116518,0.031570125,-0.37154272,-0.08249666,0.35294595,-0.2953712,-0.14236118,0.09307687,0.23519333,-0.1893498,-0.31636655,-0.25993362,-0.18579873,0.24332123,-0.15787199,-0.39380595,-0.3082881,0.0012734724,0.025342379,-0.045077916,-0.27762225,-0.22240314,-0.4327395,0.066168174,-0.17116618,0.17161559,0.3977864,0.5717907,0.58437616,-0.33410087,0.343866,-0.26824248,-0.23498058,-0.12132887,-0.30742395,-0.29353923,-0.32868192,-0.43786055,-0.1966977,-0.23801129,-0.60523987,0.28977168
0.46823916,-2.1462915,0.08546421,1.3313133,-2.9177852,1.30262,-1.0646404,-0.5551898,-3.8545585,-0.5436923,-1.1049609,1.2293631,1.683362,0.48051578,-1.1872809,0.41577634,0.023390656,-2.9544117,-0.25751063,1.1038309,-1.814006,0.37198225,-1.1505998,0.5907257,1.1044691,2.4564378,2.0783982,0.42678547,-1.0729061,0.60310954,0.6988295,1.1173072,-0.7801076,0.8106202,0.48295486,1.5707161,1.7238313,6.328274,5.3727074,0.17563929,4.98858,6.393144,8.028532,8.554267,8.503797,0.41311035,6.193304,0.13708945,0.06977243,5.2045836,1.6336555e-09,0.0025498506,-1.7067182,0.0046771094,0.14061315,0.08420815,6.3243766,7.759927,6.4917316,4.773109,-1.8134139,0.008462892,0.4239489,0.0006695928,3.290036e-05,5.478295,-0.79252505,6.2658296,4.8142323,-1.8178184,-1.7422736,6.170412,-1.4752651,-1.8167102,0.020086655,-1.6059229,-1.8173842,-0.9017381,-1.6885412,-1.3773333,7.571341e-05,-1.8139212,0.00059505145,0.024283987,5.149731,-1.8120611,4.798614,5.418356,5.3877206,4.800755,7.007457,-1.8146845,-1.8177078,5.739301,0.41324762,6.1125712,-1.1432325,3.5630348,6.3306537,5.984357,5.8637385,6.1566553,2.0959494,5.4634576,-1.7722896,5.4690337,4.8179092,3.8752477,0.00021588274,-1.8177034,2.329376,5.203875,6.331299,6.1425896,5.3397584,0.045319963,5.924668,0.8673495,6.2456985,0.00095131656,0.7180802,5.5292845,5.178809,4.7791305,4.2913694,6.2889423,5.0142117,0.017876036,6.6478343,6.3124022,7.3377714,-1.2302437,3.5762703,2.1653285,5.0543084,-1.4356424,5.0131526,6.5485253,2.4137926e-06,4.974976,4.6198797,4.661484,5.6091447,3.715395,5.3046246,0.0002681889,0.0032351858,6.1627827,1.7465832,6.971548,3.7334883,-1.8137279,5.527343,4.921416,0.000120460805,3.8249397,5.0096993,-1.1129848,4.2120767,5.1152625,5.2728443,5.630123,2.245186,0.01269064,5.370428,5.308218,4.9564595,4.969688,4.8228936,6.3693757,4.462389,4.820086,5.971545,4.217988,4.2363257,3.2725098,6.2209682,-1.5570407,0.00096762134,-1.8162422,4.7604113,6.350464,5.824737,5.438105,5.159531,4.733932,4.2928853,5.438855,2.8086762,4.614322,7.512355,-1.7807585,-1.8178142,6.0616755,3.1824548,4.5805945,-1.8177698,-1.1684945,5.798589,-0.013465018,5.24004,2.0549893,5.276665,6.143258,4.7755847,5.0435104,5.420273,4.627673,4.47149,5.1208234,4.2091327,3.8220553,-1.6030809,5.633346,6.247536,3.7151017,2.1478052,5.253113,4.5178323,-1.4076084,4.469154,4.7110586,5.2716923,6.1880856,5.5999365,0.0074974624,0.0011278242,0.8194522,1.4774973,-0.09018572,0.80645967,91.70678,89.21429,-0.6824319,-0.020521387,-0.029085465,-0.4843012,-0.21549228,0.6242693,1.1465765,0.46702453,0.54719454,-0.22654843,0.11090953,-0.119870335,0.044806268,0.091152705,0.16162774,-0.28182068,0.43317276,-0.16916928,-0.44501486,-0.3384656,0.007256879,0.53039485,-0.06521182,-0.31333458,-0.22831717,0.078707226,0.26833177,-0.43102196,0.5824742,-0.13611414,0.090048015,0.040996496,-0.35967103,0.6379869,-0.20352179,-0.2598082,0.6461075,0.019439401,0.5043858,0.16017157,0.14364868,-0.052325856,-0.29824448,-0.2981247,-0.073243126,-0.11038533,-0.06922621,-0.1268692,-0.2406316,-0.2722995
0.5619585,-2.1462915,-0.31634873,1.542605,-3.1821723,1.5671651,-0.62810296,-0.36059502,-2.8954642,-0.10750718,-1.2162912,1.0787182,1.7238122,0.995397,-0.74219203,0.7467033,0.23181893,-1.9700861,-0.30221173,0.0602089,-0.51414424,0.23333997,-1.200653,0.21484037,1.1207647,1.9570181,1.9594846,0.42392626,-1.8068808,0.60335034,0.64867115,1.1611692,-1.0338616,0.81972504,0.3092559,1.6241632,1.7479852,6.6483183,115.35494,0.7079243,6.9878883,6.193763,8.160284,8.715007,8.734244,0.12667745,6.3734145,12.764273,0.0763704,4.7764683,3.189539e-11,0.0050677904,3.457544,0.0046771527,0.14064862,0.2133322,6.861058,7.964114,6.8994026,4.900941,-1.3223833,0.0047713113,3.1732435,0.0006696429,3.2902048e-05,5.6941137,4.919799,3.717782,2.6467822,-1.8178144,-1.4432693,6.2136855,-1.5749457,-1.7612116,0.045878384,-1.7881547,-1.7975299,5.693385,4.806817,4.5801525,0.0013632148,1.21536,0.0005951563,0.04271504,4.565232,-1.743697,5.0704837,5.17423,5.558894,5.499144,7.3134985,-1.8174744,-1.6078401,6.7922077,0.8045425,6.637359,-0.48427236,6.4651012,5.6427317,6.027654,5.9076085,4.8800497,-1.0642508,5.9130015,-1.6730846,6.6563363,5.2760253,4.232325,0.00021590626,-1.8177845,4.019761,6.72278,6.1929526,6.243975,6.611079,0.033424325,6.410571,1.7142824,7.121117,0.0066572377,2.8558738,5.215251,5.9344196,5.207374,4.523871,6.55538,6.223347,0.13657495,6.6661534,7.1760774,7.4528317,2.206522,4.312043,2.5683348,5.955033,2.129154,4.9206586,6.6438503,2.5312177e-06,6.046456,4.9057817,1.0736675,7.568621,4.0992274,5.6717505,0.00026791403,0.0032721872,5.784141,30.931479,7.473951,-1.7464371,-1.8178056,4.7144856,4.9216127,0.00012053857,4.128686,5.248352,-1.7927325,5.900503,6.3373475,7.431606,3.8942437,7.5518794,0.050753776,5.7585716,4.8854723,4.055417,-1.676112,4.974718,6.6523247,4.7561107,5.3669744,7.0024147,4.7119746,6.3461614,-1.8099202,7.8179173,4.911733,0.000967623,1.3150291,5.3172336,6.313846,6.003702,5.7223735,4.622003,4.441146,5.228002,5.92242,5.7819767,5.465538,7.7193694,5.1398063,-1.8178056,6.250109,6.7264876,5.8474355,-1.8178124,2.7687497,5.79091,4.9262605,5.4718547,3.6927304,5.0440717,6.2385316,4.8932147,1.5538608,5.176897,0.49538335,4.8331747,5.867307,4.5442367,3.844509,1.2407552,6.536958,-1.59305,4.050378,5.49435,4.121367,5.6148167,7.203376,4.554759,4.8546453,5.288308,6.2806487,5.5999374,0.0058873706,0.0011278256,1.1747938,0.31476814,-0.12928027,0.81043047,143.21742,125.896904,-0.8373275,-0.6465862,-0.37782615,-0.48152134,-0.2926666,0.25396812,0.43900126,-0.12966418,0.46786243,-0.19335352,-0.27090043,-0.27466884,-0.11071951,-0.22227454,-0.22878057,-0.867457,-0.28332922,-0.46505836,-0.35303268,-0.24551815,0.47738406,0.29934168,0.379639,-0.1677043,-0.120349556,-0.3328322,-0.29203922,-0.35605672,0.093860954,0.313854,-0.27324045,0.27862513,-0.40306646,0.6434503,-0.3923263,-0.18455039,-0.15950213,0.18763722,-0.055304214,1.2978343,0.5661793,-0.19453323,-0.33429807,-0.2981264,0.2238753,-0.057059478,-0.42936862,-0.23227851,-0.64154047,0.63816094
0.8474877,-2.1462913,-0.29316652,1.4163138,-3.0328867,1.4712118,-0.6127883,-0.51247984,-1.9276626,-0.03516668,-1.1528356,0.9760728,1.4486829,0.87718207,-1.0774134,0.24293981,-0.15598983,-3.237898,-1.4468001,0.028396333,-1.508355,0.28381184,-1.2080109,0.9965324,1.2406566,1.8419625,2.0008705,0.21726634,-1.523863,0.61345387,0.76826656,1.7203094,0.20220572,0.81095177,0.510193,1.5578185,1.7303638,5.59706,0.025300618,4.5101814,-0.6664416,6.001312,7.5704637,7.81867,7.7685785,0.12056419,5.859999,0.007213738,0.3019158,-1.1515925,0.0048811026,0.037852183,-1.2605407,0.004721161,0.14087512,0.05662757,6.687028,7.274033,6.291437,0.6057501,4.245832,1.0482461e-05,4.7501955,0.000671721,3.374801e-05,5.201379,4.871563,6.914182,-1.7917242,-1.8177891,-1.6501478,5.632144,-1.815291,-1.816427,0.05682831,-0.82109636,-1.8173563,-1.8159491,-1.8173091,2.0078743,0.0019815597,-1.1789156,0.0012906069,0.004743945,0.031797107,3.4811592,5.366204,5.8855495,6.1019864,5.8101377,5.364812,-1.3020314,2.3550487,5.3757043,0.1209664,5.6148663,0.054332186,3.9223437,5.207074,-0.83641076,0.45760813,-0.6669291,-1.8178105,-1.8175601,-1.811853,-1.813119,4.121786,4.0372925,0.00043854569,-1.8177935,-1.6305745,4.597636,4.609713,-0.56786364,4.719731,0.2055584,6.6715736,0.09058197,4.9973125,0.011702849,0.0640277,5.9635024,5.0104337,4.8859396,4.4174757,6.1712914,5.0945444,0.009878659,4.947021,6.60568,-0.14713255,2.20104,4.0463376,-0.4977379,5.828837,-1.7394114,-1.0881631,-0.27611116,2.455915e-06,4.098838,3.9947398,-1.7850375,7.258163,3.3788826,-0.781238,0.00042101272,0.09004108,6.502304,0.016697362,7.3988333,4.571672,4.496478,0.71914357,-1.8112183,0.00017916778,-1.1443172,4.7326694,-0.6325479,4.7481017,6.7059364,6.579646,-1.8125298,6.541519,0.009440683,-0.75520074,-1.1639472,-1.0030624,-1.7373918,-0.5476936,-0.42335784,-0.906565,4.401237,-1.8178184,2.2743435,-1.7368909,-1.7166549,-1.763989,0.3646797,0.0010113271,5.0447826,4.0059266,-0.5625743,-0.71974766,-1.0282692,-1.5377983,2.1777666,-1.816014,6.1714525,6.074081,4.5774374,5.991493,-1.8173165,-1.8141465,-0.8384358,-1.8177899,2.9412715,-1.817811,-1.8178083,-1.813095,-1.8111576,-0.8791434,0.53200233,3.9583666,-0.29074353,-1.2170185,-1.7275072,-1.4348803,-1.6878748,-1.8177722,0.5609969,-0.8137212,-1.1635504,-0.7728628,-0.48663598,-1.8178183,-1.2044194,-0.90071046,-1.5205587,-1.794683,-1.4307517,-1.7766773,-1.5282716,-1.8175005,-0.52283764,-1.791363,0.04222437,0.0011536536,0.8724833,1.5788305,-0.20537181,0.5853605,190.30013,208.41132,-0.023781477,0.10342421,0.09405281,-0.33027178,-0.21538235,-0.029584594,0.04399331,-0.13870482,0.003975834,-0.06840107,-0.016756713,0.33921373,-0.36874822,-0.28064242,-0.271873,0.18374225,-0.23568359,0.20359045,-0.46027553,-0.015412234,0.450222,-0.30126092,-0.2721877,-0.2841684,0.65350264,-0.8230128,-0.10775707,-0.6146305,-0.26824158,-0.3826457,-0.33354574,1.5760089,-0.56055224,1.7828707,-0.39731055,0.20059668,0.5957477,-0.35573575,0.012817644,-0.2668708,-0.22515549,0.059378628,-0.329642,-0.29692754,-0.34311816,0.0064408276,0.61075985,-0.16197759,0.80056196,0.17112136
1.0458938,-0.748991,0.050151087,1.3864073,-2.1226225,1.3781817,-0.55550975,-0.72712076,-3.6830814,-0.15641537,-1.3235917,0.7515349,1.5430037,0.90742683,-1.35524,-0.014405089,-0.091460414,-3.448552,-0.9164786,0.050012484,-1.0233033,0.11241682,-0.8074449,-0.5944915,1.0142016,2.2268877,2.2233546,0.41319248,-1.7695453,0.6235145,0.7092957,1.441185,-0.63765067,0.7905758,0.3816149,1.4525102,1.6981584,6.233537,0.03239226,0.004377595,5.844223,6.5990324,8.235703,8.246394,8.038908,0.0288197,6.461826,0.0082249595,1.6410983,3.5230367,1.0036173e-06,0.0067778653,-1.8178184,2.6791334,6.1766276,0.96345603,6.9967456,7.98953,6.988452,5.0220923,4.3214846,1.0821534e-06,6.021551,0.29806352,0.015281129,7.027629,5.640143,6.9777265,6.2306647,-1.7372508,5.697706,6.53445,0.7032465,4.713831,1.0528541,2.59403,6.360299,-1.791545,-1.817649,-1.6912497,0.013357072,5.089246,0.32737842,0.002725428,5.310937,4.5348654,5.615949,6.0785394,5.915801,4.695007,7.277687,4.923622,1.4317142,6.487964,0.24981007,6.678325,-1.3592222,6.3340945,4.339012,6.074032,5.384708,6.235073,2.3024461,-1.7819963,5.7487035,3.8746638,6.0780883,6.0246954,12.689611,5.515103,7.0301824,5.9443,7.0864787,6.4827867,4.823968,0.15901631,4.436486,0.4117775,6.281305,0.18506788,5.2191277,5.349172,5.0469933,5.335673,4.6015906,7.0533543,6.7331853,0.11051215,6.5305157,3.869345,7.1213336,7.127722,8.166252,-1.613424,7.069748,5.4676223,6.108855,5.8689756,0.08510945,6.0963426,5.773641,5.62926,7.061784,4.8061028,5.8917813,0.474425,1925.0599,7.253344,8.3986225,8.480076,4.7269206,4.5050497,5.0932317,-1.4536088,5.0707364,4.1262817,5.6389637,3.8600101,6.043356,6.913448,7.567511,6.0107174,7.4910016,0.17249385,5.8022923,5.411021,4.803005,-1.6266396,5.323147,6.5350943,4.869604,5.1236253,-1.8172673,4.6605954,4.8240643,5.633558,6.7158914,4.8291116,2.0130837,5.4521356,5.6971807,5.559947,4.937678,5.791159,5.467615,3.3844507,6.2384977,6.9226623,7.102698,6.5575523,6.531571,6.3383718,-1.6974244,6.266058,6.863928,-1.6662096,6.3792663,5.854404,4.966845,6.1259546,5.922323,-1.1474985,4.9628787,5.595829,2.477415,4.4892807,5.437578,-1.6127924,3.1698143,5.456261,5.012452,4.1295676,5.1983843,6.281522,-1.7183895,4.6539564,5.509456,2.514087,4.720406,7.241841,3.693443,3.9310415,-1.7643267,5.8029943,5.549821,0.020823313,0.9708993,0.6469433,2.219345,0.16490489,0.57792735,47.726772,53.577595,0.65178967,0.77145976,0.25247645,-0.4997356,-0.28864178,0.53557676,0.98904,0.2511367,0.29493564,-0.42058873,0.24217308,0.6817982,0.43841034,0.13032815,-0.29119012,0.5207326,0.6950207,0.85887533,0.17161028,-0.3951522,1.0041282,0.14435267,0.09713358,1.2222493,-0.54870015,0.0319655,0.39286292,0.007998468,-0.049921673,-0.6501494,0.1429032,0.21724805,-0.42870504,0.5513426,-0.58694196,0.08230549,-0.6064458,-0.30023983,-0.47251722,-0.19618149,-0.2060766,-0.26841468,-0.29256472,-0.2981158,-0.3006279,-0.20979036,-0.02578452,-0.30068251,0.8625545,0.16271503
0.40121767,-2.1462915,-0.016374975,1.4382032,-2.262676,1.231636,-1.2083211,-0.9031081,-4.3402653,-0.6350055,-1.1703341,1.2374741,1.4676915,-0.08761014,-1.4142742,0.11817606,0.0147873955,-3.394951,-0.628644,0.84724754,-1.7490308,0.40136474,-0.7227864,1.0112947,1.0276225,2.3174095,2.2037191,0.36851898,-0.71698755,0.60833496,0.7799751,1.2194734,-1.4857284,0.8273009,0.5269264,1.4730293,1.7195206,5.4397454,2.6293657,0.2435835,-1.3583148,5.6128516,7.5937705,8.195623,8.158117,0.1281995,5.6445394,0.058763295,0.06377034,5.1650305,4.1011735e-06,0.005815759,-1.1095704,0.004731432,0.14128982,0.072455496,7.286102,7.745649,6.4136467,4.8669095,-1.7640231,0.0030819385,4.4278674,0.0006786579,3.3515942e-05,5.395953,1.0662602,6.7953515,4.3328295,-1.8177866,-1.7342907,5.832567,-1.7987353,-1.697769,0.0367011,0.11966674,-1.8044622,-1.2584314,-1.7163852,1.5273695,0.00030961103,-1.7986795,0.0006336733,0.024765005,5.2670803,-1.6675336,4.6056433,5.403943,4.8262134,4.304488,6.738866,-1.4166219,-1.815322,6.277592,1.3246863,6.169553,5.2601857,1.1648216,6.3128643,6.048796,1.6629784,6.130967,0.8188828,4.9635215,0.4527139,2.3530529,5.117475,3.7088914,0.0002763495,-1.7211852,-0.100578755,5.1535707,6.3930645,6.1672263,5.769216,0.118867435,5.284617,1.4238298,6.3420606,0.0019609362,0.85035247,5.4337525,5.41462,4.5142965,3.674386,6.1278553,3.7532043,0.35431197,6.5216055,0.27676603,6.9360576,-1.0745038,3.552157,2.6261165,4.880882,-1.168827,5.3480268,6.3431973,7.3227357e-06,5.37409,4.573257,5.2887197,3.84705,3.1141748,4.69412,0.003934439,0.033646274,4.9017563,0.33838093,6.859789,5.2538676,-0.48474792,5.213082,4.70577,0.00017412218,3.2720306,5.042647,0.47482347,3.6386461,3.659429,3.338383,4.9029474,4.6744156,0.017658146,5.0051823,4.682542,4.446325,5.0143375,4.6459913,6.1566315,4.174248,4.5915656,-0.42056417,3.4579136,-0.22649279,1.9055171,1.4937695,-1.6003282,0.000971747,-1.8082545,4.4506917,6.0333314,5.441421,5.268976,5.0394893,0.1754612,3.3969603,4.4751225,3.4513786,4.485786,7.4320683,-1.7912254,-1.8172326,5.605268,1.2728368,4.674372,-1.7974603,-1.6292269,5.490513,-0.7120193,5.2611523,1.5514427,4.6452823,5.7663813,4.4522767,1.9365255,1.166334,5.085512,-1.7287447,4.064378,3.7209725,3.7179015,-1.3352993,5.654469,5.6928296,3.7203155,3.476516,4.9978776,4.9777274,0.39107612,4.062502,1.4728209,2.0925703,5.6490912,5.5988116,0.01793897,0.0011301727,0.605995,1.8396796,0.2234038,0.8441023,137.04657,141.97836,-0.16441496,0.53800625,0.28852645,-0.35430506,-0.33403414,0.2650859,0.82139736,0.38963702,-0.07286024,-0.185003,-0.0070296763,-0.06261788,0.030954592,0.36237597,0.20418009,0.030607207,0.36002642,-0.0062528057,-0.39834467,-0.29012322,-0.45560688,0.4505043,-0.19437955,-0.37270463,-0.24607113,0.033235684,0.14860885,-0.5078329,0.8117063,-0.066977166,-0.02310499,0.2705422,-0.17512754,0.41590822,0.18852064,-0.0047570537,0.88195306,-0.29028818,0.22234046,0.23987798,0.8553307,0.6874778,-0.29084557,-0.29799044,-0.2926769,0.07885662,0.17367797,-0.10792268,-0.016005412,-0.33912554
0.3911815,-2.1462915,-0.18822256,1.7291358,-2.0534563,1.4068654,-0.41065523,-0.58433163,-1.9872533,0.116820805,-1.2458664,1.0663991,1.4694552,1.1653639,-1.2175283,-0.05082434,-0.045436766,-3.452104,-1.5366434,0.48707438,-1.9989536,0.28954923,-0.8968006,1.4350896,1.043985,2.1167533,1.9315892,0.41368145,-1.5710918,0.6138647,0.74263996,1.7693444,0.2158477,0.8820457,0.4629615,1.5352477,1.768514,5.8510427,0.0039782673,6.1357346,5.7033534,6.263162,7.614628,7.9879174,8.091866,0.51283956,5.953656,0.0072082942,0.32565376,-1.7024709,0.00022981378,0.023190714,-1.7897966,0.00468071,0.14062174,0.05227131,6.310393,7.251664,6.1663775,-1.7833352,-1.7778735,3.030324e-05,4.06019,0.0006696947,3.292385e-05,5.013087,5.0122085,6.266878,-1.8159009,-1.8178169,-1.8165753,5.5898886,-1.7793308,-1.8178185,0.02182648,4.616204,-1.8178185,-1.7354053,-1.8175205,-1.8022546,0.00014487181,-1.8152035,0.00060106243,0.004896138,-1.7796376,-1.8075382,3.7542372,4.997135,4.247423,4.9815874,5.187397,5.1720047,4.1307287,6.218063,1.0511502,5.233886,-1.7498862,3.5006757,4.098089,-1.7387505,-1.7984031,-1.7865745,-1.8178182,-1.817637,-1.8173687,-1.7684906,3.8726935,4.644054,0.00023119563,-1.8178163,-1.796595,4.77958,4.295042,-1.7780098,4.625539,0.1007674,4.931991,0.37600276,4.97917,0.0005450857,0.014520271,3.7595675,4.2722316,4.0089774,3.753227,5.190899,4.8892603,0.0054681515,4.795109,4.421599,-1.785376,2.944608,3.192603,-1.7953801,5.2325406,-1.8176346,-1.7702912,-1.7849543,2.4117269e-06,4.561361,3.9403398,-1.814721,4.412278,3.2478988,-1.7155852,0.0002801357,0.0050868588,4.863099,0.014354746,5.83971,4.0337853,3.4816835,-1.7842872,-1.7253604,0.00012260614,-1.7273659,3.1630776,-1.8075012,3.9887106,4.6114073,5.7258377,-1.8176739,6.186094,0.0024380498,-1.7991313,-1.8042091,-1.7814902,-1.8155514,-1.7269185,-1.7825398,-1.786047,4.163819,-1.8178184,-1.7869033,-1.7750425,-1.8171375,-1.8146282,-1.7829835,0.00096935395,3.6266656,3.353904,-1.7868361,-1.7105086,-1.7840909,-1.8107393,3.8719852,-1.814585,5.509278,4.958919,4.1910367,5.1671343,-1.8178182,-1.8160677,-1.8120314,-1.8178155,3.9424815,-1.8178177,-1.8178185,-1.812177,-1.8178159,-1.7838298,2.274275,3.6625314,-1.7830467,-1.8050059,-1.8162818,-1.8084575,-1.814761,-1.8178159,-1.7971333,-1.8057003,-1.7458445,-1.8121886,-1.7767929,-1.8178183,-1.7921857,-1.7729368,-1.8086543,-1.768891,-1.7620701,-1.6877398,-1.8157926,-1.8176874,-1.7944975,-1.8163072,0.04528509,0.0011283172,0.77917325,2.420886,0.043830086,0.835107,234.94167,235.02788,-0.31442773,-0.29707628,-0.2045499,-0.20890708,-0.2749673,0.39940616,-0.26627538,-0.3705429,0.4770343,0.21129028,-0.6458499,-0.48545298,-0.5164666,-0.29541653,-0.25374386,0.25342947,-0.09424312,0.10457648,-0.3712304,0.0050920956,0.7819145,-0.33903724,-0.32440925,0.28926453,0.78738123,-0.8929191,-0.38404456,-0.633665,-0.31586277,-0.5099277,-0.4870457,1.6563445,-0.62773377,1.6995099,-0.20171474,0.098729864,-0.34314007,-0.26592827,0.12655468,-0.2625226,-0.18767388,-0.2202309,-0.33027026,-0.29804066,-0.26019147,0.103431955,0.33644015,0.11778719,0.81633824,-0.16437504
0.57056504,-2.1462915,-0.012249087,1.5066096,-2.7404332,1.3813387,-1.2362903,-0.55307925,-4.486398,-0.46272668,-0.9812436,1.2419655,1.4999944,1.1324102,-1.1789824,0.44119453,0.12580043,-3.336191,-0.33802736,0.31692463,-1.9894261,0.50661457,-0.8453322,1.2204434,0.9580617,2.2516563,2.1466365,0.29973397,-0.66409385,0.61331224,0.7888871,1.2210971,-1.575961,0.884183,0.5486275,1.5428923,1.7785189,5.1381617,0.043359283,0.040163584,-1.5572737,5.457176,7.5074806,8.097118,8.041719,0.027725033,5.3112507,0.0073349695,0.03110278,5.5052395,2.3513026e-06,0.003161052,-0.26379853,0.0046777893,0.14062029,0.02343997,6.973024,7.5996785,6.2644157,5.2808495,-1.5881766,0.0017364945,5.3814034,0.0006697291,3.2916556e-05,5.233343,3.8238533,6.969181,3.1153653,-1.8178182,-1.7403958,5.9868665,-1.8022134,-1.6965262,0.050845712,2.2907379,-1.8125119,-1.8147113,-1.8158288,-1.5125526,0.00014317004,-1.779983,0.00059637823,0.010511161,5.472364,-1.732662,5.054788,5.6353436,5.237089,4.632592,6.8484106,-1.6285223,-1.817798,6.3763027,0.18115692,6.1089406,0.98674047,-0.30436286,6.647709,6.2027116,-1.2860729,6.378622,1.1471105,-1.6237544,5.3308573,-1.0431615,4.9251003,4.3917794,0.00021632304,-1.8151956,-0.7900553,4.8938775,6.2464676,6.429646,5.976652,0.044903796,5.3670225,0.6227936,5.9996033,0.00075837487,0.15870732,5.072613,5.7871056,4.129407,1.6379143,5.88784,4.1150675,0.17280096,6.585791,1.7181325,7.3491087,-0.8573619,3.7410538,5.773983,4.645485,-0.92447776,5.6966653,6.528098,2.426739e-06,5.8049,4.3948703,5.8514385,5.332469,3.4968112,5.3571086,0.0005862455,0.0035491094,4.6268487,0.023195008,7.046822,5.4431906,4.043907,5.161924,4.890685,0.00012126754,3.8018172,5.5144324,2.7721057,3.6544316,1.5589182,4.7734537,4.428916,3.8851886,0.014033003,5.445488,5.134209,5.4741573,5.019341,5.00477,6.445986,4.5950418,4.465492,-1.8138913,4.5769577,-1.07325,0.73445606,0.5628978,-1.5590259,0.000967644,-1.8164748,4.594814,6.220551,5.7009087,5.8530946,5.2310753,1.3558121,6.036788,5.474594,1.7852873,4.478925,7.920639,-1.796424,-1.8177073,5.9441295,0.11952702,4.6980724,-1.7282066,-1.4641861,5.478508,-0.9002253,5.7857394,-0.81743467,4.6011224,5.9847603,4.972853,-1.2268821,-1.0818069,5.167959,-1.8111191,4.9287443,4.047279,4.0369005,-1.0168278,5.847871,4.41891,4.054098,3.0851276,5.437822,5.459851,-0.08049878,4.2613425,-0.7154461,2.9272485,5.841513,5.599719,0.0100383805,0.0011278462,0.81789637,2.470676,0.07691047,0.89843076,28.199303,38.021217,-0.29714936,0.33272168,-0.16911541,-0.24050705,-0.35251474,-0.02255202,0.09769663,0.10090984,-0.06958879,-0.25080863,0.061743073,-0.04888747,0.2590673,0.041638706,-0.26969466,-0.13595724,-0.036436852,-0.23820682,-0.34147704,-0.35818705,-0.31075028,0.14657596,-0.15517712,-0.28257322,-0.24539208,0.2345512,0.16617677,0.2014581,-0.008981775,-0.17649658,-0.28477398,0.15613711,0.04663364,0.31436437,-0.121067725,-0.44407803,0.593289,-0.3545311,0.15901458,-0.2245777,-0.05903113,0.69699275,-0.32451203,-0.29808876,-0.3484954,0.16539168,-0.104379244,0.020159591,-0.0704004,0.20891704
0.6582739,-2.1462915,0.10372584,1.6837311,-2.360013,1.3121653,-0.76913446,-0.7896393,-4.4829917,-0.3645386,-1.2452823,1.1649886,1.4236931,0.7604132,-1.6315614,-0.08400164,0.04104826,-3.4378078,-0.8541629,1.0407525,-1.7496482,0.4175539,-0.71488553,1.624499,1.0918876,2.195263,2.2070074,0.32491106,-0.9292818,0.62527627,0.8784084,1.3851794,-1.6148452,0.88266253,0.37319717,1.51583,1.7590638,6.421706,0.045927756,0.18693158,-0.1344916,6.1686997,8.052337,8.4377985,8.428372,0.12032308,5.958728,0.007315591,0.07276831,3.5011992,1.5005035e-08,0.00053275155,-1.8098392,0.004782461,0.14082731,0.05703742,7.35646,7.606683,6.19353,4.2257004,-1.8076346,0.0168372,4.4327793,0.0006718274,3.3372573e-05,5.5512824,4.116332,6.7427707,0.74254566,-1.8177973,-0.8159267,5.662664,-1.8177788,-1.656181,0.026830098,1.2407042,-1.1643983,-1.8098696,-1.8167788,-1.8174119,0.00025733522,-0.9077517,0.000603285,0.0023000038,4.7716084,-1.806743,4.581705,5.1355205,4.689039,3.7959704,6.6885815,-1.8177154,-1.8177927,5.430178,0.55559236,6.250399,4.9673767,3.7621832,1.5550699,5.980388,5.898531,6.1128006,3.8981082,4.0861325,4.8653173,3.6864212,5.1154256,5.044092,0.00026886226,3.5845265,6.047991,5.857545,6.2007627,5.99209,5.7995667,0.09855357,4.7748027,1.5411049,6.1869497,0.0020647096,0.3237527,4.703459,4.6288056,4.983164,3.4223192,6.319961,5.0481935,0.3198568,6.059728,-1.4330132,6.843879,4.9153414,5.9473968,4.9160643,5.820934,2.689068,5.523943,5.9996443,4.1755093e-06,5.6745715,4.652814,5.5264797,6.295531,3.5093741,4.7559533,0.031995483,0.015739229,5.221417,0.032042626,7.1958,4.1821313,4.8630137,4.6851587,4.9024053,0.0001576393,3.0744052,5.19052,-0.33189783,4.055867,3.8814774,6.497171,-1.6768266,6.267073,0.032602083,4.910185,4.710148,4.7837214,2.319133,4.352421,5.8299522,3.8993368,4.453896,-1.8138462,4.446127,-1.7053311,4.7134137,-1.7552606,-1.7609185,0.00096869015,-1.7687359,4.8431215,5.413745,5.1014013,5.042444,4.9842014,-1.7456193,5.291756,5.5078073,5.0167785,4.9898367,7.2026453,-0.70294243,-1.8160896,5.0537148,6.702011,4.6831894,0.6456809,-0.42040044,4.3926063,5.9542136,4.3282914,-0.9707718,5.090592,5.6048794,4.6442785,1.0427841,3.920888,5.1110644,-1.804212,4.020281,4.0878396,3.4923043,3.1329737,5.5019083,0.9938878,4.0271916,5.019169,4.3125186,4.593121,6.825448,4.0256658,4.808983,-1.7543355,4.5358925,5.5999355,0.015967416,0.0011286122,0.6376536,2.0631442,0.22219488,0.86769253,65.33852,70.71505,0.20704013,0.633623,0.18843977,-0.32207447,-0.21334262,0.8233726,0.6813097,0.05091338,0.20298028,-0.05084159,0.1866143,0.2255832,-0.012999641,0.21054527,0.15393513,0.15816692,0.5304825,-0.17278536,-0.23964404,0.2725921,-0.04982213,0.5910812,-0.26490557,-0.030517176,-0.23357043,0.10840504,-0.01084998,-0.21797031,0.2879804,-0.006680402,-0.41557,0.79120266,-0.14998859,0.1803596,-0.23744605,-0.19537766,0.474096,-0.3343682,-0.14318708,-0.23505685,0.21619043,-0.2534225,-0.2980628,-0.29812664,-0.3347459,-0.03604583,0.5345989,-0.0938293,-0.069660395,-0.08623453
0.74299073,-2.145825,0.38474157,1.9395568,-1.9002532,1.5392476,-0.36800113,-0.56571156,-3.9084547,0.027439395,-1.2930115,0.70775884,1.6770648,1.1615512,-1.7109292,-0.19671246,0.24747318,-3.4549785,-1.0695248,1.3514179,-1.6916256,-0.0772086,-0.4243335,1.5828223,1.1722574,2.359645,1.9294503,0.5093899,-2.1098914,0.6253001,0.6885542,1.6175613,-1.608119,0.9074124,-0.1957502,1.3722794,1.7808914,7.079198,0.004115814,0.009606606,7.002233,6.8388014,8.442942,8.636608,8.481401,0.09196506,6.296974,0.007207838,0.039656676,4.4922414,6.451988e-14,0.00095287984,-1.8178186,0.0069163195,0.14197728,0.017791605,6.905991,7.975294,6.8791223,5.412434,-0.40536186,0.00013423806,5.7677364,0.0006747151,3.3772594e-05,6.5676465,5.9740295,6.9778433,6.2298408,-1.816189,5.6780853,6.836072,-1.8178182,4.384299,0.008322441,-0.37868792,6.359716,-0.2009913,-1.817721,-1.815529,0.00021874225,5.2887897,0.0006209878,0.005745852,5.565496,2.013133,5.6569686,6.1939588,6.201994,6.422213,7.6083145,-1.8178034,-1.8176867,7.0318894,1.7556218,7.162513,6.1501136,6.889295,-1.4205922,6.4360495,5.907651,6.6055,4.625391,4.3369164,5.6661553,4.3090343,5.981387,6.0286713,0.00036416447,5.511152,7.0848074,6.832546,6.9417048,6.776908,6.754387,0.042513866,4.6577535,0.6933451,6.35019,0.0020117671,0.09147931,5.3482275,4.8112407,4.924241,4.393098,7.0192976,6.7716985,0.445002,6.9307966,-0.7095129,7.927702,7.2841396,8.328145,5.530211,6.757091,5.7101235,6.850768,6.508711,2.1844016e-05,7.007668,4.4743605,4.5068126,7.945945,4.532528,6.5671654,0.0037628065,0.05419421,6.1334047,0.08593249,8.480396,5.0164723,3.8286068,5.787297,4.9100614,0.00030531327,4.6028833,5.7248654,0.58237183,6.093136,6.921374,7.7081914,-1.8033434,7.707837,0.07921692,6.1179037,5.415818,5.4456053,-1.7218245,5.3249674,6.741423,5.4488487,5.3219256,-1.4100466,4.918888,-1.5487779,5.332542,5.3535643,-1.440024,0.0009704547,3.658255,5.5765524,6.45093,5.9273343,6.1945777,5.9679413,-1.6438657,6.2131567,6.4116673,7.0852876,6.2401695,7.098737,6.4276133,-1.805594,6.4353123,6.867775,6.253662,6.3680162,6.8506775,5.7634864,6.1259794,5.9355273,3.2912698,5.3029532,6.163353,4.860568,-1.7455397,5.119957,4.867298,-1.8029824,5.9319506,4.752234,4.133164,5.208095,6.6594925,-1.471118,4.8449397,5.520439,4.60772,5.4800615,7.254491,4.1415124,4.8549547,-0.53699416,6.0059547,5.5999374,0.009282245,0.0011289875,0.71794444,2.692675,0.46615338,0.9765229,140.34976,172.51704,-0.7840429,-0.75637347,-0.5123162,-0.34390342,-0.13985662,1.4557513,1.4890972,0.09739213,0.73767954,-0.30422893,-0.72999847,-0.2871365,-0.5029335,-0.31642517,-0.4171357,0.2857407,-0.25556004,-0.26542503,0.3791885,0.46541676,0.89320225,0.19640176,-0.28252444,0.653217,-0.40237415,-0.78571135,-0.24854438,-0.4981276,-0.30289647,-0.63556993,-0.37847596,1.683238,-0.63164645,-0.38217244,-0.60229236,-0.44462845,-0.57301986,-0.2746403,-0.30855107,-0.25660026,0.052393544,-0.26851326,-0.30497998,-0.29812688,-0.22895427,0.2674022,1.1820358,0.28319284,-0.24200451,0.56421655
0.3454115,-2.1462915,0.19321844,1.6068933,-2.76871,1.3046458,-1.1404798,-0.8009804,-3.572962,-0.5085723,-0.9535497,1.1879878,1.737014,0.9584379,-1.4268339,0.336037,0.19105822,-2.4525585,-0.26608843,1.2679398,-1.8079256,0.26388693,-1.2858819,0.6065442,1.108583,2.481388,2.1761382,0.36807382,-1.134956,0.6066272,0.7002107,1.1972071,-1.2821783,0.8749164,0.45165217,1.6248157,1.7817706,6.4456825,0.35292482,0.22598064,-0.45019594,6.469966,8.261989,8.651081,8.712782,0.489778,6.159106,0.040359464,0.056167733,4.7637663,3.9991224e-10,0.0015335889,-1.7353522,0.004677099,0.14061184,0.11079597,7.0077686,7.526628,6.197054,4.45669,-1.8141359,0.01180393,-0.7458385,0.00066958537,3.2900032e-05,5.3825316,-1.7264713,6.330849,5.345376,-1.8178186,-1.8175398,5.6268363,-1.7977322,-1.8178079,0.014527943,0.7904558,-1.8178165,-0.8282742,-1.8102634,-1.7978971,2.2467062e-05,-1.8178047,0.0005950249,0.009707209,4.8371353,-1.817812,4.2649527,5.1634774,5.030184,4.654343,7.009198,-1.8170507,-1.8178054,5.4398437,1.5825702,6.126238,0.43676037,3.8085513,5.402449,5.8488665,5.892031,6.0451803,0.6219049,5.7013583,-1.7937338,4.53249,4.2997766,4.1461816,0.00021587743,-1.8169047,3.5180056,4.9948516,6.142191,5.9301305,5.5066752,0.046988543,5.6662936,0.96396667,6.0871243,0.00013006448,0.5895704,4.9180117,4.6819067,4.562022,3.7031362,6.1082115,5.140831,0.028287498,6.7381167,1.3789748,7.243381,3.9907167,3.7364304,5.3979335,4.9559827,-1.8085877,5.408388,6.340231,2.411184e-06,5.8891454,4.9743853,4.9011636,5.4723186,3.4185028,5.127118,0.00026786694,0.003222645,5.745128,0.3811136,7.02175,3.959638,-1.7783062,5.481895,4.924678,0.0001204539,3.3853412,4.653314,-1.7877907,3.9227347,4.7592554,1.6285895,4.640207,5.673468,0.006278079,5.0911846,5.4324937,4.981606,4.840794,4.9968953,6.2988105,4.3201866,4.6289477,1.748289,4.453593,0.56272805,0.47816664,0.39823994,-0.93217355,0.000967621,-1.8177544,4.7896757,6.3029737,5.7167907,5.402789,5.092063,5.159833,4.843265,5.0421314,5.691577,4.7600346,7.5021524,-1.8173877,-1.8178186,1.8823631,1.4851681,4.80345,-1.8178174,-1.8160646,5.6486764,-1.8153235,5.2634306,3.3773367,5.3812423,6.069436,5.0848336,3.58801,5.0668406,4.826453,0.28221592,1.2016798,0.091598645,3.4480987,-1.8073151,5.191723,6.5115604,4.086011,3.5090535,5.632074,3.7298694,-1.7724978,4.4329987,4.80458,5.2736177,6.123225,5.5999327,0.006149318,0.001127824,0.781161,2.5915995,-0.15488835,0.9021136,110.10371,107.82458,-0.6922372,-0.24659334,-0.40778086,-0.36271152,-0.24129635,0.9793279,0.8973535,0.40075162,0.62851673,-0.25315624,0.17829469,-0.18034232,0.27763367,-0.038536537,0.36914533,-0.10407363,0.25389785,-0.2821579,-0.08549668,-0.42164105,0.28829777,0.07684715,-0.028883101,-0.16977482,-0.33749664,0.09704236,-0.07842547,-0.30247533,-0.11307141,-0.21709521,-0.1697682,0.17275909,-0.3800857,-0.18296449,-0.24104148,-0.3353889,0.07674545,-0.27009317,0.11843299,0.1061577,0.3419558,-0.10060415,-0.2994353,-0.29812688,-0.26374665,-0.11216462,-0.67082274,-0.22847499,-0.343672,-0.19832182
0.71403545,-2.1462703,-0.4332066,1.4231846,-3.1903362,1.3582481,-1.0305744,-0.72689945,-1.8803225,-0.78346825,-1.2307153,0.93592423,1.5388728,0.8450289,-1.0653995,0.43244633,-0.21166325,-2.245596,-1.0235362,-0.02004041,-1.1390086,0.26725307,-1.3411022,0.39703202,1.2445905,1.7898682,2.049694,0.18307714,-1.8465518,0.6133026,0.7382923,1.5033393,-0.09034408,0.74457,0.42826054,1.5296682,1.6742525,6.0135045,0.0071093035,0.3037746,-1.7191656,6.294101,7.8178744,7.789393,7.7556024,0.008747195,6.1239924,0.0072114593,0.32123083,1.9529736,0.0050727963,0.026943503,-1.8126769,0.006251224,0.14568393,0.14372528,6.752798,7.575625,6.5268507,4.614597,4.778331,6.767637e-07,4.730229,0.0007490144,6.0408554e-05,5.8485703,4.7835307,6.973297,0.5608015,-1.8120707,3.4828358,5.8755245,-1.7945081,0.21624228,0.093749784,1.7365811,1.0213171,-1.8167185,-1.8177435,4.332726,0.007532979,3.2146168,0.01581495,0.0036204702,3.8518634,4.5339046,5.508809,5.5870395,6.0545855,4.2408648,6.3289266,-1.7352452,-1.2507874,5.272977,0.049246605,5.917961,3.6176946,5.467318,5.0165596,4.777928,4.8943596,5.13552,-1.8117021,-1.8170013,-1.792806,-1.7713606,4.5300174,4.2306957,0.005915164,-1.8172036,2.7768505,4.600743,5.6094484,4.5750046,5.1731,0.23422219,6.7323966,0.08278983,5.194708,0.053875566,0.4541324,5.3988433,5.0497503,5.0150065,4.34266,6.5016823,4.700963,0.05464403,6.1008573,6.330625,5.836281,2.7814014,5.1883783,4.1241765,5.962104,0.4739216,2.4575677,4.845529,5.0298595e-06,4.0894303,4.6376615,0.8264693,6.5295563,3.6517334,3.3368835,0.0010214872,3.2907286,5.931212,0.019787189,7.388668,3.9613109,4.7080727,4.5224433,-1.8137285,0.0015383726,1.4007621,5.2925997,2.8237317,4.5102854,6.1579103,5.6711783,0.8480357,5.943707,0.016213767,4.375822,4.004543,3.2052662,0.924734,4.3297615,4.819317,2.5993395,4.5129743,-1.8178178,4.648999,-1.794879,3.7783418,-1.7715436,3.6968696,0.0021117616,4.707784,4.407566,4.725298,3.732077,3.2788901,1.2612437,3.5653539,-1.8071545,5.6262364,5.701832,5.1061916,6.4723716,-1.7949389,-1.800804,4.126145,-1.8169569,3.6974065,-1.8154316,-1.8137181,-1.7993703,1.7270591,3.8574183,-1.7777876,4.3678675,3.8362253,3.743777,4.027911,4.752618,2.225765,-1.8143384,4.657812,2.3380632,1.8185006,2.1779177,3.14894,-1.8177459,2.7639124,1.5422271,3.9808908,-1.8042828,-1.7868814,-1.8041766,2.7408426,-1.8171587,4.7944393,-1.8016847,0.0379859,0.0022233797,0.8487585,1.3187956,-0.23459718,0.59296644,57.318157,65.90948,0.36603677,0.6922054,0.7180978,-0.4512249,-0.17999136,0.15537442,0.01055701,0.0046576913,-0.19426371,-0.2576885,0.3852023,0.6331788,0.48538715,-0.2770371,-0.038263567,0.30785894,0.2769189,0.3708251,-0.43772602,-0.33076462,0.34243217,-0.008653813,0.0057677994,-0.06924598,-0.2820589,-0.12901302,0.31464723,-0.3090493,-0.1846063,-0.2841001,-0.31086212,0.9259713,-0.578472,0.7364529,-0.13407484,0.6575062,0.7661657,-0.35550597,-0.19457273,-0.26595488,-0.23356627,0.017276864,-0.31190178,-0.2934562,-0.34558487,-0.11010232,0.43043673,-0.39727372,0.39442095,0.2663259
0.6615963,-1.7961175,-0.30093098,1.3954355,-3.1745217,1.3361106,-0.94029593,-0.6250106,-4.329662,-0.22393581,-1.5932015,1.0085057,1.599165,-0.0049297526,-1.1910151,0.4666302,-0.10133756,-3.418298,-0.5627225,0.5273132,-0.91263926,0.32730907,-0.50725186,1.1270052,0.94890094,2.2977426,2.001002,0.4302043,-1.001529,0.611059,0.67816937,1.1914991,-0.7428668,0.8777208,0.5215272,1.3596661,1.7135056,6.654719,30.717628,0.06112047,6.9832215,6.081863,8.253563,8.667072,8.651476,0.02736889,6.3872805,0.17285006,0.14820126,5.2935963,3.8387067e-09,0.011252491,-1.8178118,0.004816048,0.141455,0.090124756,7.878176,8.030454,6.9867144,5.042854,-1.7484487,0.00022900036,5.948779,0.0006743851,3.5339937e-05,6.5355487,5.61331,6.961032,6.223109,-1.698587,5.69312,6.513546,0.7924474,-1.4450433,0.023155719,-1.6255051,5.9129,5.69084,-1.0374942,5.052328,0.0018021895,5.089834,0.00061594194,0.04243431,5.2099166,4.53409,5.5692024,5.9262924,5.920029,5.9110456,7.54367,-1.7415473,-0.47092223,7.2764273,0.3846382,7.1160464,4.9739447,6.952896,5.6584487,6.326858,5.635339,6.107723,1.0007144,5.7716594,-1.8028843,6.684615,4.7518415,5.200093,0.0005450725,-1.8177496,3.9443617,6.5923924,6.5426774,6.5625944,6.1103077,0.04883667,6.41446,1.5580816,7.1324606,0.011341083,0.3618233,6.0367804,4.8762136,5.128876,4.5629244,6.6224604,5.635051,0.7068303,7.0165863,6.686143,7.7910776,2.0250642,3.8332276,2.426328,5.7209377,3.463208,6.202566,6.486765,5.3163703e-06,6.078775,4.9727545,4.4579773,6.0789146,4.2040615,5.5964475,0.007872033,0.08107915,6.7496047,17.84869,7.486302,0.8642798,-1.8134363,5.6884685,4.297148,0.00023725932,4.423183,5.154519,0.35205007,4.817569,6.1883903,6.52653,5.757706,7.232551,0.012809611,5.665415,5.035284,5.417354,2.6227694,4.749562,6.6099243,5.0755253,5.2636595,5.7696323,4.410997,4.4262953,4.5048094,3.0661547,-0.9527285,0.0009914904,5.364596,5.224901,6.2476687,5.938134,6.0266986,5.4495497,-1.627488,2.0020888,5.6320086,6.5595345,6.0151315,7.639397,5.9309735,4.0558815,6.080915,6.829211,5.9741745,0.9345029,6.811186,5.693254,6.1257634,5.444671,-1.2616457,4.5869255,6.112609,5.0423355,4.556708,3.843881,2.496889,4.646445,5.874346,4.4815536,3.8014765,4.3906474,6.4092693,2.8637872,4.1925526,5.4998145,4.5643616,5.564132,7.2504063,4.225661,4.8160415,1.6624279,5.9205127,5.5999365,0.030450653,0.0011432538,0.8559198,0.39171612,0.38092273,0.7462969,160.03162,162.83737,-0.7310334,-0.28702644,-0.38605788,-0.48290914,-0.252793,0.37447172,0.49648124,0.5961589,-0.2948365,-0.03393395,0.51890117,0.20239861,0.024139913,0.5289751,0.5495736,-0.8511607,-0.2601375,-0.4876187,-0.42729768,-0.41423592,0.19949512,0.37063622,-0.16060795,-0.15038458,-0.367826,0.21356104,0.111739784,-0.47294804,0.7344853,0.30960765,-0.30009523,0.07150753,0.019372275,-0.28368986,-0.39785236,0.045464452,0.44451103,-0.10887503,-0.3317437,1.4518187,1.0376595,-0.26337478,-0.30948687,-0.29662544,-0.15180324,0.23388687,-0.26913017,-0.43324444,0.35827887,0.39496133
0.61599016,-2.1460297,0.37370658,1.9362584,-1.9054756,1.5005769,-0.40368357,-0.6810632,-4.0788984,-0.032082304,-1.3315147,0.7428643,1.625647,1.0071477,-1.7083256,-0.19868207,0.2223752,-3.454832,-1.0840086,1.3546736,-1.4921635,-0.048652183,-0.50592595,1.4312762,1.1456354,2.272678,2.0140731,0.47545698,-2.177047,0.62496966,0.71374583,1.5962226,-1.6625,0.8873951,-0.20155194,1.4346416,1.7637705,6.95768,0.011493915,0.050461393,6.9788284,6.5705833,8.358014,8.519991,8.417532,0.13757508,6.1593394,0.0072148796,0.053357586,3.8686936,1.1280834e-11,0.0011542258,-1.8178178,0.010988032,0.14417721,0.027848385,6.5827,7.873046,6.691278,4.9383945,-1.0585717,0.0008666316,5.1621413,0.00069194514,3.6029156e-05,6.322067,5.846812,6.976893,6.212862,-1.816585,5.4812803,6.713255,-1.8178178,3.127788,0.014224343,-0.87299716,6.3504267,-1.0390636,-1.8174562,-1.8159286,0.00037827305,5.2496586,0.00067931996,0.005858893,5.4638586,-0.6127926,5.4570947,6.0416913,5.9159956,5.728561,7.402926,-1.8177565,-1.8174857,6.7065535,2.0252783,6.940293,6.055999,6.37815,-1.430468,6.2813745,5.9076085,6.430773,4.3653817,4.793566,5.567754,4.3820767,5.90756,5.87878,0.0009935846,5.5005527,7.037047,6.705715,6.826818,6.5811286,6.602793,0.06943216,3.8819487,0.8625149,6.173931,0.0033411607,0.14425616,5.005101,4.911194,4.9142714,4.0275908,6.912199,6.6250935,0.56941694,6.5788856,-1.1711997,7.630021,7.039284,8.28917,5.028611,6.5941615,5.5731354,6.328636,6.17189,5.4566288e-05,6.857274,4.608963,5.0821214,7.90307,4.1408315,6.2316246,0.026200978,0.23483537,5.641145,0.09107529,8.18148,5.0053205,4.1454206,5.582309,4.882661,0.00088411605,4.260271,5.6325116,1.5185419,6.075228,6.8757205,7.6379914,-1.7996294,7.6805353,0.089296,5.9733644,5.1467485,5.006376,-1.5838687,5.1277857,6.5094433,5.226918,5.183319,-1.261712,4.7636595,-1.6445514,4.9487615,2.9090195,-1.5936261,0.0009843383,0.64044106,5.402793,6.187672,5.596929,5.8731685,5.756366,-1.3820336,6.040391,6.068687,6.7952228,5.903305,6.9746866,6.24196,-1.8033637,6.3003864,6.867769,6.038097,6.306316,5.890407,5.5756707,6.125932,5.4076343,3.6373765,5.2659464,5.8387985,4.4398174,-1.7405477,4.669465,4.8196735,-1.8109446,5.719108,4.523584,3.8030233,4.8219094,6.567852,-1.2244878,4.6178813,5.5200806,4.252254,5.1821055,7.254481,3.8740237,4.8542795,-1.0903548,5.5863776,5.5999374,0.010166304,0.0011346246,0.6782328,2.5892959,0.4118287,0.9477365,115.177376,126.48872,-0.6186413,-0.6654229,-0.46026576,-0.28773782,-0.048326176,1.4372715,1.4745667,0.18371461,0.71823245,-0.29951817,-0.6815627,-0.23583502,-0.4758781,-0.3164454,-0.40967023,0.36188006,-0.09903815,-0.071109734,0.37538204,0.57944226,0.75782764,0.2908405,-0.22884434,0.5536972,-0.27978453,-0.71475774,-0.17856368,-0.49139205,-0.19953032,-0.61487573,-0.25086108,1.620861,-0.6373657,-0.13599034,-0.53148866,-0.35802582,-0.41127068,-0.2003381,-0.2468865,-0.24920389,0.15394624,-0.26846144,-0.3036834,-0.29812688,-0.16221313,0.0068091727,1.1705859,0.17894514,-0.35604575,0.2561456
0.44683942,-2.1462915,0.040446274,1.3643069,-3.148368,1.373344,-0.9047595,-0.47568825,-3.9427705,-0.4432154,-1.017937,1.1308814,1.7283856,1.0006043,-1.1703752,0.60162127,0.08654304,-2.0332227,-0.19138522,1.1340346,-1.8059094,0.38552058,-1.3325677,0.72106415,1.0742233,2.4549139,1.9603537,0.3758599,-1.3779037,0.61180395,0.66019017,1.1968218,-0.87609327,0.78931683,0.3335877,1.6119963,1.7148021,6.8317485,2.203474,0.24980135,4.6226463,6.6112437,8.399505,8.782387,8.764611,0.50337416,6.246619,0.08245167,0.07114458,4.5310054,1.2766365e-11,0.0007204477,-1.5022917,0.0046770973,0.14061064,0.11589482,6.0804715,7.581548,6.359428,4.1318264,-1.8171986,0.024699913,-1.0148886,0.0006695844,3.290001e-05,5.393024,-0.894445,1.3783244,0.52004343,-1.8178186,-1.777208,5.475915,-1.5469308,-1.8177401,0.0194855,-1.3217027,-1.8177139,-1.5923392,-1.7749729,-1.8158702,2.6110385e-05,-1.8160036,0.0005950209,0.006884043,3.9088094,-1.8177581,4.238011,4.290349,5.2150884,4.586927,7.0381355,-1.817813,-1.8178126,5.372012,0.18884923,5.9180584,-1.795332,5.0451756,4.8528666,5.7013373,5.9075522,5.7846165,4.0696883,5.509609,-1.7820542,6.2061434,4.3591304,3.9617424,0.00021587708,-1.8177589,5.141173,5.424855,5.8832955,5.7406344,5.007482,0.024355728,5.731318,0.85450906,5.9524074,0.0010201938,0.36002442,4.6268477,4.8590274,4.969971,3.989209,6.1296215,5.3521447,0.0046714707,6.478395,6.7441397,7.2270947,2.7894304,4.319405,4.2873435,5.0929794,-1.3466275,4.6993585,6.349842,2.4101557e-06,5.457282,4.631688,1.6363404,5.588054,3.534133,5.2300105,0.00026786455,0.003221362,6.188104,1.4043071,6.730502,-0.23053692,-1.8165132,5.1002984,4.926148,0.00012045309,3.7595935,4.279567,-1.7065898,4.6391006,4.912161,5.8275623,3.0696156,2.662689,0.011279558,5.1963105,5.3433704,5.143268,1.9255422,4.5018644,6.1752806,4.2225266,4.8908715,2.4085498,4.1857276,3.9639359,3.400054,4.0843067,-1.4998933,0.000967621,-1.8166882,4.974789,6.2305584,5.7350965,5.3660674,4.742038,4.1929407,5.267699,5.569916,4.038554,5.013721,7.1757383,-1.4859215,-1.8178185,5.756047,3.3742115,5.500845,-1.817814,0.7383291,5.731948,0.33548576,4.856498,1.7437516,5.4688663,5.982847,4.9672055,5.41427,5.7100925,4.1399517,4.84793,5.010738,3.5214853,3.5571966,-1.0000067,5.123391,5.1823177,3.4780343,0.70607805,5.3213463,3.4853084,-1.6267006,4.3953333,4.854072,5.279098,6.0625186,5.5999374,0.005751958,0.001127824,1.0037758,1.6918817,-0.20457658,0.7672197,31.122118,34.88383,-0.8121856,-0.32013768,-0.3356963,-0.5200248,-0.22239077,0.66533875,1.1510764,0.14441444,0.5766715,-0.27837014,0.22008137,0.02690499,0.30732074,-0.009793256,0.057820987,-0.5828447,0.21800804,-0.4093392,-0.3834882,-0.29215962,0.25596806,0.72924143,-0.11619632,-0.26876956,-0.14665957,-0.053753715,0.09557353,0.11587856,-0.16586311,-0.26869687,0.19842288,-0.1518549,-0.24564247,0.09815705,-0.4222524,-0.3550072,-0.0901864,-0.028466728,0.3603112,-0.21089394,-0.16918626,-0.23986016,-0.32877618,-0.29812685,-0.08343815,-0.40449598,-0.5097984,-0.2179747,-0.49419016,-0.13121222
0.47436157,-2.1462915,0.09374197,1.4305753,-3.1293297,1.352192,-1.0177543,-0.5480503,-4.357654,-0.565124,-0.97386396,1.1487714,1.7184515,1.0686077,-1.1403557,0.5840112,0.07434961,-2.1547086,-0.168433,1.309437,-1.9994098,0.29857004,-1.3389759,0.8097538,1.1167128,2.4822786,1.9548393,0.32539028,-1.128275,0.6158453,0.7240164,1.1565824,-0.6078802,0.77936995,0.37579972,1.6115319,1.712972,6.8651104,0.2864195,0.12008534,3.8268948,6.6273518,8.403956,8.7187805,8.732561,0.51069456,6.1172833,0.010954689,0.05706244,4.4598937,2.4165059e-11,0.0004475426,-1.7931055,0.0046770973,0.14061046,0.08326469,5.694004,7.5291815,6.2472625,4.0713253,-1.8176391,0.022684515,-1.2749665,0.00066958414,3.2900007e-05,5.3344855,-1.3387386,5.1602964,0.069112554,-1.8178186,-1.7893467,5.708084,-1.4177755,-1.8177843,0.015329462,2.3199484,-1.8177834,-1.8030891,-1.8140653,-1.8176384,1.0776499e-05,-1.8175131,0.00059502036,0.0030048473,4.270299,-1.8178118,4.232859,4.455388,5.26433,4.3165536,7.030768,-1.8178126,-1.8178179,5.3821383,0.119511336,5.8932137,-1.8024656,5.206448,4.670167,5.946768,5.9068995,6.1120224,4.694902,4.877005,-1.7625632,6.2155185,4.4751396,4.0612707,0.00021587702,-1.8176942,5.5854073,5.3989706,6.092752,5.969203,5.2812066,0.02987282,5.62303,0.9267721,5.944939,0.00039419884,0.20976976,4.6744037,4.807765,4.9236536,3.689276,6.074241,4.906641,0.0075415852,6.5683727,5.8414407,7.286047,3.2922559,4.492494,5.3080864,5.1357408,-1.3246607,5.3038845,6.4193544,2.410042e-06,5.413,4.5947146,4.3293543,5.4141555,3.4455004,5.2415776,0.0002678645,0.003221177,6.252571,0.1845771,6.8941884,2.615452,-1.800843,5.0499144,4.926241,0.00012045303,3.8070452,4.4490514,-1.646956,4.1611543,4.2816844,5.728815,3.2877367,0.7813667,0.0073008225,5.077366,5.506827,5.1321397,4.319207,4.725249,6.1352024,4.3033056,4.599783,-0.8891253,4.1146207,-0.77423495,5.441938,-1.5463217,-1.800085,0.000967621,-1.8177092,4.8855376,6.2917776,5.7245216,5.363445,5.059684,4.202605,5.274525,5.3993206,1.9337265,4.707008,7.149513,-1.7907083,-1.8178185,5.5198646,2.110188,4.69484,-1.817811,-1.3013912,5.723405,-1.0016431,4.5313206,-0.5391433,5.520235,5.9625955,5.144092,4.871981,5.665537,4.724131,4.7417574,4.1855326,3.3876867,3.6465485,-1.0067793,4.2916484,6.3600645,3.5533414,-0.85504496,5.536252,2.1696384,-1.796314,4.3528357,4.852186,5.176541,5.985182,5.5999374,0.005852802,0.001127824,0.9983409,1.8098277,-0.19896364,0.8269745,17.320839,18.204304,-0.810949,-0.33434623,-0.39707115,-0.49860698,-0.26038784,0.9233147,1.1267192,0.26843727,0.61992455,-0.23113993,0.43586,-0.11374254,0.21418218,0.29850417,0.3038085,-0.35497752,0.29993242,-0.45090023,-0.3140715,-0.28162974,0.083854735,0.8634559,-0.10743794,-0.3794132,-0.1426034,-0.035710227,-0.05816341,-0.036370024,-0.060316253,-0.33674687,-0.17990968,-0.008678448,-0.1825446,-0.32001907,-0.3768592,-0.45209637,-0.09432509,-0.24267304,0.4553501,-0.24262452,-0.19157107,-0.24354674,-0.32830778,-0.29812685,-0.23397675,-0.4519418,-0.5030924,-0.39295968,-0.4637785,0.0006797976
0.69012564,-2.1460593,-0.2904724,1.3642803,-3.1740131,1.4221585,-1.1165755,-0.63441503,-4.4735303,-0.32919222,-1.460748,1.2157233,1.5202484,-0.57691526,-1.0751078,0.49685028,-0.019077752,-3.4505956,-0.51205283,0.7433893,-1.2766917,0.45195326,-0.55299157,0.8313595,0.9635477,2.149549,2.0804837,0.5019443,-1.8486296,0.6085268,0.76908654,1.1873456,-0.7126776,0.8720773,0.5148692,1.4780573,1.7444232,6.843527,0.087368,0.047733378,6.5247827,5.982144,8.099515,8.341764,8.210141,0.012010006,6.287724,0.0072552827,0.11336791,5.0048914,1.0989094e-08,0.008736761,-1.8177943,0.0047332263,0.14067389,0.060496747,7.2438607,7.93376,6.769537,5.061108,-1.5957329,0.00038408642,5.7470775,0.00067036867,3.339937e-05,6.004641,5.0158186,6.9536843,6.130866,-1.8160312,5.659886,6.3744493,-1.8076214,-0.9546174,0.08120296,-1.6956633,6.1928916,-0.7130254,-1.8157707,-1.7843232,0.0012508535,4.3883953,0.00059987453,0.010614775,5.293994,4.5292563,5.389799,5.8843765,5.5881844,3.650341,6.92055,-1.8135004,-1.8174028,6.275226,0.16243626,6.438855,0.15574966,4.484695,5.883927,6.193197,5.373272,6.321125,4.5628457,0.81527877,-1.1879461,3.3164172,4.7771196,4.8003144,0.00027059927,-1.8172512,4.8590317,5.2849183,6.4756684,6.081883,4.315981,0.0986922,5.8303123,0.23029287,6.313404,0.01596617,0.078421876,6.151045,5.4147882,5.043161,3.8571706,6.4338427,5.1784534,0.22079521,6.766688,6.7093525,7.0331526,-1.331179,3.4618156,0.33855218,5.726075,2.6188936,5.1812477,6.297818,2.5154334e-06,5.2671056,5.11432,5.8178563,5.1993585,4.0564365,5.475756,0.75718325,0.016495395,5.759112,0.14223632,7.4811926,4.734238,-1.2297261,5.6914973,4.8261876,0.00015220234,3.8728952,5.526943,3.7046022,4.2616987,3.6007833,6.166612,4.8593383,6.1259546,0.013990946,5.3969245,5.1045613,5.396397,4.968007,4.7613454,6.2702255,4.3907194,4.759377,0.12500559,4.5279026,3.434214,5.3400993,-0.3237694,-1.4924786,0.0009707275,3.311071,4.9677386,6.045921,5.5464206,5.538857,5.0385027,3.658549,0.47759703,5.677111,5.319244,5.293484,6.945525,3.6335087,3.6504085,5.7486334,6.823345,4.4987507,5.082229,4.447473,5.4193397,6.1256623,5.1101656,1.5656226,4.8010488,5.63698,4.0088406,3.1609623,3.6737337,2.3188577,-0.6769621,5.5191917,4.465961,3.6555588,1.6693769,6.118348,6.033505,4.2977495,5.3972898,4.642707,5.326036,7.1298103,4.102228,4.1069202,-0.88998824,5.714304,5.5999346,0.03608275,0.0011296963,0.8945498,1.6983796,0.3452462,0.80335736,142.05994,162.01576,0.18797244,0.6512194,1.0469407,-0.4244653,-0.11444245,0.18775555,0.24112119,0.44750184,-0.039957866,-0.06837828,0.6943396,0.31434038,0.37992668,0.076151244,0.5375887,-0.03271673,0.5893511,0.32984278,-0.45520157,-0.17958778,0.030571075,0.16394791,-0.22681102,0.067620255,-0.27417925,0.6177364,0.6383195,-0.20372349,0.5984314,0.22035865,-0.34613368,0.21966256,-0.44787362,0.19957589,-0.10658179,0.3427894,0.46617413,-0.1537542,-0.23345986,0.03874943,-0.15221366,-0.26266038,-0.29734746,-0.29797488,-0.2751922,0.19399226,-0.42024398,-0.43138835,0.29180625,0.1562268
0.68106663,-2.1462817,-0.47966784,1.5619187,-3.1947057,1.5532099,-1.0042902,-0.5025724,-4.4869237,-0.2841653,-1.2848052,1.0743454,1.615579,0.9048652,-0.7450849,0.8192798,0.043932877,-3.3414974,-0.21728933,0.3049849,-1.9469976,0.31613052,-1.0183618,0.9036859,1.0298312,1.9890938,2.0718498,0.316834,-1.6665037,0.61949533,0.7709959,1.1486934,-1.2483795,0.8432341,0.48596486,1.581033,1.7535151,6.0933948,0.003333724,0.00977161,2.0722897,5.823267,7.877584,8.07221,8.026747,0.0036390284,5.603666,0.007207742,0.14944077,4.477691,1.6768698e-07,0.0036034717,-1.8177661,0.0046995506,0.1406448,0.043643776,7.0022745,7.729233,6.5693474,4.815118,0.96206665,2.9815588e-05,5.1692076,0.00067069114,3.3770528e-05,5.71479,5.1089272,6.9736605,6.212444,-1.8159515,5.690858,6.0425797,-0.919492,-0.6191507,0.37541595,3.8673437,6.3410916,-1.8110956,-1.8177873,-1.8168241,0.0031409177,4.556907,0.0006007957,0.0008162036,5.089832,4.531518,5.1882863,5.537262,5.6610293,2.5226362,6.828689,-1.7765013,-1.8177663,6.5762215,0.042787448,6.173914,-1.7407115,4.1752167,5.8242393,5.9759827,1.7675316,5.975537,4.807939,-1.8105084,4.5695567,1.475226,4.9230456,4.7782187,0.00027318925,-1.8176321,4.0590887,5.456347,6.089222,5.7421656,4.891575,0.096396215,4.8381968,0.091381736,6.1807556,0.020701446,0.034454655,5.697148,6.2772655,4.962,1.5347123,6.094025,5.10542,0.47246537,6.61919,7.0660195,6.9150677,1.7546805,4.005266,5.0123262,5.620545,4.4046254,4.947597,5.9973435,2.4595786e-06,6.1775923,5.4063106,5.915673,5.6606526,3.9275472,5.3394766,0.10735978,0.014769743,5.1520433,0.022264054,7.0914288,4.829542,4.4779005,5.217836,4.835289,0.00015891306,3.0901306,5.5459256,3.8462903,4.579798,2.1661146,6.1209316,5.9581437,6.540859,0.012640143,5.282428,5.2990084,5.2597475,4.5910215,4.853795,6.324547,4.1866794,4.8340673,-1.8046962,4.580439,1.7751831,5.080381,-1.5677869,-0.015098232,0.00097192015,1.6417825,5.1449294,5.721691,5.3710904,5.4860353,5.019911,4.976288,4.539234,5.652942,5.729467,5.6586356,7.0974197,4.708535,1.44306,5.7388372,6.6852393,0.5997762,6.3370295,5.0865417,5.1818914,6.1255383,5.470178,-0.51614577,4.503741,5.6031175,4.7820415,0.990907,1.174812,0.85115474,-0.64041185,5.4425097,4.0233326,3.633352,2.2061303,5.606222,2.1215925,4.4245815,4.8286376,5.196868,4.9096227,4.446205,3.682358,1.5599866,-1.6041517,5.3697696,5.5996313,0.030815361,0.0011323494,1.1828111,1.8598943,-0.0053047445,0.75173205,22.618025,37.54489,-0.28098273,0.13146232,0.07386143,-0.39732686,-0.27140912,0.1395435,-0.3054282,0.1340771,0.0051223338,-0.2623636,1.0244693,0.4230893,0.9929245,-0.11937314,0.4508204,-0.41597596,-0.1790181,-0.1358908,-0.41276127,-0.2466489,0.13458696,0.15201002,0.09395465,-0.10855186,-0.26830098,0.69174445,0.4324974,0.7058675,-0.32928908,0.22603288,-0.33751985,-0.12288511,-0.07376411,-0.16675204,0.14379038,-0.06581308,-0.2011119,-0.2978831,-0.31857967,-0.2177254,-0.23285854,-0.26572123,-0.3281236,-0.2969836,-0.31447178,0.019698521,-0.82962894,-0.7084963,-0.06288056,0.43795875
1.0117166,-1.7523744,0.10207848,1.3626791,-2.287254,1.3594781,-0.77392304,-0.85976994,-4.2074685,-0.3340011,-1.1888559,0.7610638,1.5251217,0.8725406,-1.4574248,-0.025881022,-0.15087879,-3.4397533,-0.83449227,-0.018537382,-0.4675571,0.12095506,-0.947406,-0.6831047,0.9142154,2.1932344,2.2013025,0.39654914,-1.7750732,0.623626,0.6263422,1.4466621,-1.0999789,0.7682078,0.4249576,1.4980465,1.6578505,6.1925216,0.0016059823,0.0016138242,-0.40550977,6.512632,8.146792,8.21806,7.999534,0.011947838,6.4688253,0.0072337347,1.590045,4.190021,2.1439503e-06,0.0053999578,-1.8178186,2.4252994,5.459334,0.97702914,6.9958644,7.971205,6.9580026,4.9824805,3.7373827,6.179567e-08,6.0655975,0.27664486,0.014827797,7.0465755,5.730079,6.977784,6.2306666,-1.7614784,5.6981645,6.39937,0.06406881,3.89642,1.0330791,2.0264375,6.3603654,-1.8154975,-1.8178142,-1.8057723,0.009099711,5.146568,0.3143983,0.0012291401,5.3377357,4.535639,5.6467986,6.105302,5.9806104,5.3461413,6.960821,5.159006,-0.24776247,6.4168305,0.06706741,6.456237,-1.7226634,5.720685,4.7817936,6.054142,5.6916347,6.2279577,0.7671365,-1.8143502,5.7747126,4.6598563,6.0850925,6.0709853,12.341169,5.5102954,7.09239,5.8533936,7.0829215,6.396217,4.766232,0.104829825,4.899516,0.20318457,6.179379,0.18706857,4.915366,5.7432127,5.055677,5.3726764,4.6139264,7.0606627,6.775188,0.039384216,6.336124,4.6769366,6.985559,7.102907,8.140372,-1.8026848,7.070777,5.2108245,5.9390936,5.8902564,0.07486491,5.5993133,5.8158216,5.89082,6.759713,4.8260474,5.724503,0.17390804,1718.4584,7.313057,1.6206286,8.549156,4.3943267,4.7954383,3.9377975,-1.3834199,4.4634976,3.6949382,5.7052445,4.190857,6.065227,6.8621507,7.6563663,6.07182,7.4973755,0.1660656,5.9042983,5.56458,5.074565,-1.7412112,5.374245,6.5327573,4.891752,5.048082,-1.8178027,4.0089774,5.8136034,5.56868,6.0101314,4.9133143,1.9082409,5.471773,5.711082,5.579373,4.919744,5.760832,5.4383163,4.8839216,6.3098936,6.9938974,7.1533966,6.5743046,6.177069,6.247293,-1.7662102,6.3456254,6.8398824,-1.7749271,6.379496,6.1510344,5.344365,6.1259727,5.8854327,-0.5879902,4.904431,5.595061,0.8727299,5.0232935,5.6367173,-1.7542353,4.4047117,5.385721,5.0815377,4.1759653,5.2719045,6.382677,-1.8131449,4.651482,5.503216,1.33183,5.091101,7.0855346,2.3914363,3.4915252,-1.8135027,5.860946,4.9724464,0.019672723,0.9187881,0.65507615,2.3254576,0.02692904,0.59824514,35.034195,30.98343,0.7085733,0.7737054,0.017698362,-0.47758412,-0.33396333,0.35235828,0.5405397,-0.03898663,0.29203212,-0.42355683,-0.3038655,0.14512445,0.41362488,-0.108321644,-0.3210485,0.52106375,0.66979104,0.8301647,0.10121001,-0.37966922,0.9919007,-0.102598354,0.16154769,1.203665,-0.55681133,-0.12900388,0.1851187,-0.16533862,-0.051822998,-0.6472118,-0.13617636,0.007279197,-0.5555424,1.0581703,-0.58506995,0.31039777,-0.6154626,-0.26127854,-0.47782466,-0.25077885,-0.23316632,-0.2684743,-0.28642547,-0.2981189,-0.2712031,-0.33916676,-0.36110124,-0.4695626,0.7783902,-0.15135345
0.42100984,-2.1462915,0.009657638,1.4654114,-2.2491188,1.4419056,-1.1718636,-0.67219436,-4.3785267,-0.19965811,-0.8919686,0.9507204,1.5669391,0.8881441,-1.3742679,0.30569968,-0.013717725,-3.3391912,-0.763919,0.35593045,-0.354607,0.21556668,-1.0332886,0.13635741,0.8982344,2.131728,1.95122,0.3840536,-1.2745891,0.6032876,0.6090698,1.5598496,-0.88273907,0.8547627,0.5348613,1.4970813,1.7209272,5.2235374,0.039584886,1.354041,0.47313115,5.4682727,7.48212,8.016399,8.150297,0.058073383,5.5198474,0.0072542327,0.20861931,4.7261786,0.002862829,0.033928625,3.133725,0.0047318297,0.14112918,0.077831104,7.4452415,7.385757,6.4025183,4.0428057,3.8969874,9.366684e-05,4.993654,0.0006740202,3.349584e-05,5.357647,4.607035,6.973607,4.9938097,-1.817692,-1.7193615,5.75537,-1.811591,-1.8160546,0.10810717,-1.5382268,-1.8172112,-1.8058547,-1.814971,1.8491613,0.0028879377,-1.5774189,0.0007810951,0.02130523,4.6420455,3.5175834,5.1164804,5.7678747,5.76753,5.700583,6.1489253,2.9518921,-1.5067813,6.2645216,0.29978657,6.0958395,2.9884605,-1.548997,6.3390436,1.3988541,-1.3820713,2.1083298,-1.8172617,-1.8158731,0.2737015,-1.8055632,4.1831656,4.302089,0.00041719788,-1.8176957,-1.6095395,4.6117797,5.10065,2.6825664,4.513102,0.09332532,6.0788126,0.13448444,5.1232986,0.005672767,0.062059015,5.506949,6.2210073,4.426908,4.06284,6.134252,5.042553,0.07985262,5.586788,6.414179,3.2818372,0.33509544,4.690807,1.1442451,4.913016,-1.7461501,1.5340865,4.2360344,2.4901233e-06,4.4343734,4.397186,0.25812513,4.126039,2.6580353,1.9335607,0.00059898844,0.049021665,6.072575,0.0263392,7.15579,5.1535134,4.3586054,1.4114983,1.6377945,0.00026742392,1.6450344,5.3929043,2.1187224,4.5102396,5.7485137,6.610142,-0.41436183,6.1643925,0.015080721,1.9783722,1.5624993,2.3738024,2.0438488,2.347794,3.482453,1.759544,4.51278,-1.8177993,1.629749,4.8587384,-1.580427,0.6169492,2.1896412,0.0009820755,0.6751548,4.143823,3.4959147,3.0318313,2.3561213,1.1139339,2.7798784,-1.1985594,5.825967,5.4790645,4.455038,7.447023,-1.8165826,-1.7715518,-0.19968143,-1.8164314,3.908178,-1.812764,-1.8165255,-1.0581125,-1.8139414,2.484555,2.027565,3.8677413,3.1725504,1.3552028,-1.8098755,-1.6741923,3.4726114,-1.8173914,4.0370407,1.9368623,0.62395066,-1.2828066,3.2170284,-1.817724,1.1483196,3.9322045,0.7382291,4.7269797,6.324339,1.8669475,-1.6922113,-1.3767571,2.34951,1.1731143,0.026217276,0.0011430476,0.9051661,2.2627547,-0.015881,0.7400256,119.22287,134.80873,-0.16765085,-0.04247088,-0.33545122,0.003194835,-0.007916169,0.038964987,-0.020908069,-0.24095145,-0.1406953,-0.031473797,-0.7155298,-0.28707147,-0.37783244,-0.2358416,-0.39384553,0.23683049,-0.2667068,0.14144328,-0.23089997,0.07154982,-0.08008683,-0.26365626,-0.3248202,-0.23626843,0.6700112,-0.66235286,-0.07326564,-0.5567113,-0.25996777,-0.430568,-0.09817858,0.98845625,-0.21583855,1.9466662,-0.2819607,-0.1943811,-0.031618234,-0.32358125,0.42936203,-0.26085335,-0.19828016,0.7466759,-0.33433858,-0.29686847,-0.31003505,-0.24399614,-0.1954011,0.013140821,0.27227572,-0.042668924
0.98841697,-0.62712365,0.18262132,1.7008512,-2.07673,1.402417,-0.5021473,-0.5796303,-3.6269133,-0.119939,-1.3065166,0.6924907,1.6367126,1.212857,-1.5300058,-0.0751061,-0.07089372,-3.4549525,-0.7893655,0.9701587,-1.5533774,-0.07221458,-0.4748448,0.4115645,1.1757759,2.4495766,2.1010256,0.4520315,-2.1833217,0.6235025,0.7305896,1.5458883,-0.63863325,0.8044201,0.13742472,1.2497307,1.6758672,6.2291546,0.0075022024,0.000575992,6.9615517,7.0876904,8.365319,8.3832,8.06804,0.058823425,6.4731765,0.0072504687,1.0275366,3.1186736,3.8474737e-10,0.0018282648,-1.8178186,1.5968317,4.1194897,0.4267125,7.0437727,8.014652,7.0217166,5.5459146,4.8560886,7.586097e-07,6.0108,0.07693264,0.0058635813,6.9088483,5.8891487,6.9778943,6.2306666,0.22033185,5.6984553,6.484346,-0.91747826,5.3198023,0.5061232,2.7760708,6.3603663,-1.7541074,-1.8177824,-1.3796583,0.010716384,5.266253,0.13607323,0.001734798,5.486581,4.535164,5.721675,6.2186146,6.3040648,4.326262,7.6388755,1.297715,-1.7323067,6.262029,0.37713593,7.114503,1.1899714,6.8538537,2.7903335,6.3552876,5.8771005,6.5996017,4.795917,-1.793201,5.7837048,2.9712174,6.0575557,6.0506754,3.1734889,5.521622,6.984516,6.05058,7.0231833,6.7763186,5.186874,0.1457379,4.626539,0.19603154,6.1489596,0.1047432,2.8233833,5.2372837,5.5248957,5.215325,4.653161,7.0656643,6.7465334,0.10786028,6.832369,3.8691394,7.8779244,7.088092,8.168823,3.7755582,7.012021,5.7030478,6.881104,6.556257,0.032090854,6.9527874,5.6093836,1.1807452,7.5545692,4.8059382,6.33454,0.23852713,448.63986,7.162164,1.1978815,8.504599,4.7421255,5.3406277,5.2266874,1.3055408,2.0356135,4.604318,5.737312,0.2737134,6.04555,6.9310403,7.60615,5.6895027,7.6455297,0.14278054,5.9218693,5.4556684,4.9528856,-1.3619227,5.4126625,6.7894373,5.4074945,5.297964,-1.8174095,4.873469,4.3841925,5.7661476,6.1777544,4.623213,0.5224313,5.4547057,5.647841,6.256969,5.5983343,6.2251697,5.9522996,-1.0613711,6.279336,6.7823114,7.165978,6.5261607,7.015759,6.402343,0.9896092,6.410245,6.8677616,1.1210804,6.3795652,7.381167,5.1484914,6.1259804,6.232289,-1.802166,4.803908,6.003026,4.8304067,5.428885,5.7671523,3.3485534,1.3515221,5.9300413,4.838879,4.233072,4.6862154,6.602684,-1.2011153,4.9142737,5.520299,4.5825,5.048145,7.2544875,3.963275,4.836522,-0.13901073,5.964862,5.5999026,0.027225865,0.16119869,0.68294203,2.2999768,0.3888184,0.55535585,162.03041,176.92249,0.46453467,0.7929505,-0.02193111,-0.40269774,-0.16435765,1.0407372,0.9905326,-0.10233906,0.63451624,-0.40605474,0.019663354,0.8257901,-0.009311017,-0.26168528,-0.3419876,0.4990399,0.7418497,0.7598394,0.29496208,-0.33656102,0.99812263,0.052491598,-0.29596156,1.1763405,-0.47853324,0.10116873,0.66795635,0.46199697,-0.3405688,-0.6379192,-0.021701762,0.72756565,-0.64364576,0.66365457,-0.59108955,-0.39324334,-0.6591921,-0.32157388,-0.46613634,-0.19193241,-0.18694432,-0.26851478,-0.29227918,-0.29812682,-0.3373921,0.3247733,0.7535529,0.19524042,0.78696716,0.49101233
0.6281201,-2.1462915,-0.17552918,1.4117464,-2.6602912,1.305391,-0.83719933,-0.72571206,-4.400691,-0.4360344,-1.1989456,1.235085,1.4357176,0.78882337,-1.3692209,0.22330841,0.1500668,-2.978202,-0.6799398,0.4261846,-1.7614977,0.51779217,-0.9417019,1.5890481,1.0823853,2.2157614,2.1683002,0.3430643,-0.6511168,0.6247989,0.8666704,1.3846132,-1.4072994,0.8312195,0.49153703,1.525987,1.7304459,6.086754,1.1402608,0.32274497,-1.6493104,6.281312,8.097104,8.617411,8.534432,0.17121387,5.919398,0.033098444,0.0522355,3.8279428,1.3697181e-09,0.00074802485,0.5850857,0.004678758,0.14066646,0.086162545,7.1967425,7.631934,6.2656035,4.5055823,-1.8080847,0.024715675,4.2754765,0.0006698479,3.2925433e-05,5.3693376,4.071879,1.231039,-1.6701285,-1.8178158,-1.7335095,5.239212,-1.8174174,-1.7505959,0.02832675,1.5878614,-1.7917603,-1.7594713,-1.7985862,-1.814591,0.00012000528,-1.7107005,0.00059599546,0.0027568191,4.2370195,-1.8171175,4.4443107,4.73426,4.857561,4.962491,6.7179885,-1.8177936,-1.8177944,5.32693,0.47706333,6.0995,0.7365798,3.51887,4.595934,6.0595565,5.907302,6.2057476,3.94206,5.2866783,4.133269,4.1994247,4.968003,4.594263,0.00021670906,-0.10516115,3.49558,5.6242943,6.159074,6.2632194,5.1781282,0.053738926,5.776476,1.6920063,6.1496887,0.004985427,0.74833596,5.1165934,4.7175865,4.9845634,4.183035,6.1801114,4.679115,0.066787675,6.075816,-0.013591357,6.8973503,3.8922782,3.8901188,4.774061,5.4013934,2.242821,5.5114985,6.209191,2.7919411e-06,5.768143,4.382238,0.6831149,4.813469,3.392803,4.8848877,0.00029863082,0.003620197,5.468277,0.19405548,7.207597,0.87526214,-1.0649778,4.807347,4.922149,0.00012107944,3.7298424,4.7174473,-1.7116948,3.7986505,4.5981097,5.5037117,-1.5336874,6.369127,0.022907397,5.121273,4.5876637,4.607143,2.9386022,4.06585,6.0858865,4.2917585,4.7369747,-1.7867591,4.1030827,0.15150253,0.74196404,1.7947576,-1.2712604,0.00096763606,-1.7770336,4.757441,5.6705656,5.2540216,5.3572235,4.6117897,-1.7551942,5.001628,5.5072646,5.503025,5.0526896,6.9083276,-0.35992637,-1.8178086,5.5908046,5.130628,5.8104925,-1.8084164,-0.078353144,5.2256694,4.8376875,4.8763666,-0.857222,5.1230497,5.4696302,4.48103,4.7081776,4.489624,5.069556,-0.4546847,4.6650233,3.938805,3.7386622,3.2457309,5.9786334,1.3191013,3.6828933,4.1236014,4.3534384,4.6503386,5.990786,4.1195154,4.8530703,0.6648652,5.2495313,5.5999374,0.007923633,0.0011278348,0.67391926,2.032182,0.031884637,0.83098793,130.6121,135.96446,-0.047202703,0.66897374,0.23527022,-0.3701184,-0.3301829,-0.18733492,0.4635985,-0.25987637,-0.29496032,-0.0018512027,0.20847441,0.37174243,0.15930304,0.14010873,0.13082929,-0.24220942,0.41826537,-0.21645375,-0.40821528,-0.23698978,-0.38452762,0.67143655,-0.3202244,-0.37903365,-0.18635413,-0.10319091,-0.09244594,-0.18672723,0.15404427,-0.07438299,-0.19697705,0.09367572,0.0265938,0.0059647113,-0.19304523,-0.040500432,0.6269682,-0.33187237,0.031085802,-0.23312134,-0.017964289,-0.15475048,-0.32095614,-0.29812682,-0.33180586,-0.0077163563,-0.18251461,-0.019976253,-0.12537473,-0.041145105
0.33835799,-2.1462831,0.008953009,1.4900225,-3.054866,1.3233151,-1.2147671,-0.7501783,-4.4848347,-0.6312461,-1.1141219,0.9911985,1.5313078,0.7317187,-1.3538624,0.4800433,-0.03722286,-2.0046728,-0.44556347,0.08204095,-0.4458437,0.32102248,-1.1678699,0.9957735,1.1098901,1.942222,2.0851858,0.23551314,-0.8827795,0.62081134,0.7720793,1.1486567,-0.08018861,0.81023383,0.4954137,1.5582585,1.7205689,5.7991543,0.0051200516,0.09647411,1.2868776,5.6636386,7.7556696,7.8835607,7.9133883,0.0030127997,5.7255073,0.0072133495,0.14033508,5.2098083,0.0029289713,0.017831013,-1.766931,0.0051219035,0.14231497,0.100855306,7.284841,7.6920147,6.499556,4.9866457,1.0693848,7.233748e-06,4.8127394,0.0007317978,4.6323585e-05,5.848387,4.7059565,6.977433,6.1658854,-1.811317,4.9313912,6.08753,-1.8013434,3.866394,0.09081634,5.3690557,3.4233556,-1.8165977,-1.8176161,-1.5685045,0.008220619,3.1647408,0.0014539142,0.0026140069,4.581311,4.5150948,4.991139,4.6865816,5.678669,5.37496,6.9093785,-1.270516,-1.8009471,5.655255,0.042432196,6.2457743,5.3424444,-0.41891617,5.8045673,5.544897,2.43306,5.5844755,-1.7051164,-1.8170929,-0.38503593,-1.701979,4.64673,4.5783153,0.0023548882,-1.8107104,3.8411987,4.7542768,5.9883122,5.732117,4.200171,0.1321906,6.2780933,0.15178387,5.6655993,0.037029244,0.07610051,4.6703715,5.4563646,4.680658,1.8426397,6.1680875,4.657304,0.3121994,6.883399,5.928898,6.8469954,4.831674,4.9305816,2.6041975,5.586637,4.2572885,4.9716706,5.9426255,3.4289221e-06,4.4107456,5.1052446,5.8521132,0.30442768,3.6270375,5.6825604,0.0014812447,0.7661486,5.1904273,0.021260364,7.089081,4.7826366,4.8518405,4.300505,2.650861,0.0013139884,4.155305,5.145791,1.0125271,3.9516587,1.2007995,5.9394135,5.89984,5.7564654,0.03264667,5.5123663,4.6600842,5.2894616,4.4163837,4.5653396,5.761438,4.1630745,4.726558,-1.8178048,4.6358714,0.8938987,5.010127,-1.5364177,2.6812758,0.0010748103,3.2432408,4.5858145,5.482552,5.1975775,4.953215,4.2114205,2.77583,0.61079913,5.8934774,5.8913617,5.4473696,6.8722997,-0.62829536,-1.6617208,1.381031,-1.7464392,2.5575979,2.0104353,-0.8328996,-0.69611186,2.8981068,4.818641,0.3632162,4.307295,5.431599,2.270756,-1.4645054,1.1534225,4.5111847,-1.7868321,5.4907846,4.255662,3.6602776,4.8118615,5.344947,-1.8047948,3.523503,3.7318356,1.5482237,2.7904928,0.24973726,1.4777057,0.53486,-1.8039907,4.261583,1.932667,0.026801663,0.0014382408,0.8626933,1.6037852,-0.10056059,0.72414505,51.307457,78.18949,0.077867724,0.20200226,-0.1549105,0.15285383,0.42770454,-0.28299043,-0.18511388,0.008433753,-0.61315715,0.24263765,-0.3710355,-0.065428466,0.10263885,0.1988358,-0.30487964,-0.1893531,-0.022717107,-0.31045678,-0.14000532,0.023675023,-0.39096797,0.45459506,-0.248039,-0.4818908,0.15886839,-0.18607885,-0.05863339,0.059138607,-0.310238,-0.35659644,-0.10529216,-0.17494974,0.53011894,1.1368145,0.30162802,0.016719798,0.2623213,-0.23030579,0.579542,-0.26078987,-0.23331705,-0.06929372,-0.3221719,-0.29207328,-0.20926903,-0.65154165,-0.63931346,-0.030338801,-0.43464777,0.108519375
0.4088293,-0.5811636,-0.51754856,1.4446918,-3.1928792,1.2204365,-0.72507066,-0.90434843,-4.483137,-0.24911645,-1.5634655,0.9777383,1.5882834,1.1725392,-1.1743419,0.5392911,-0.1142745,-2.17491,-0.45000547,0.7764165,-1.3889271,0.31719887,-1.2595818,0.76731646,0.89825314,2.1522858,2.1497104,0.18283086,-1.0081874,0.62211895,0.67584366,1.1390043,-1.6851658,0.72941256,0.5482772,1.43737,1.6166918,5.3784933,27.802374,0.02197935,6.996626,4.9518223,7.914421,8.275005,8.486787,0.0093963025,5.348632,3.0669315,0.03809714,4.660354,3.514296e-07,0.0014115095,-1.8178083,0.0055567333,0.14780591,0.031142458,7.814341,7.977028,6.8144393,4.938443,-1.7964469,9.946557e-06,5.837841,0.00083897397,9.032658e-05,6.352725,5.683135,6.977865,6.2301764,-1.7815223,5.687531,6.248209,4.6391277,2.8964446,0.029319834,4.9083943,0.90831167,5.702676,0.45941338,5.3591433,0.0010128289,0.6059693,0.0008211428,0.03945421,4.6546025,4.5251236,5.5626884,5.668545,5.7757893,-1.3738072,7.6242824,5.3767667,4.4195104,7.6506214,0.19284542,7.0104055,6.8232946,7.0855775,4.227706,6.2565756,-1.7120323,5.447497,-1.676248,5.894999,-1.7872124,7.3851714,4.3522477,4.75213,0.0037607164,-1.8176256,5.532064,6.9611735,6.140291,6.5982356,7.18658,0.02030469,6.1814904,2.3013566,7.357036,0.00060364587,1.3587027,5.895088,5.592577,5.0222836,4.315351,6.334454,5.8264995,1.5520532,6.9258337,5.430383,7.899108,6.5960126,6.2590976,5.886307,5.4337993,5.1907763,6.245027,6.5494957,0.00021317443,6.5698595,5.209192,5.430293,7.316169,4.080008,5.203695,0.0023267393,0.6902945,7.333252,12.770083,7.9274416,2.0480573,-1.8106892,5.420105,-1.5609344,0.00248497,3.9245038,5.6111226,-1.1226971,4.886773,6.0605125,6.8568945,6.0599265,7.216915,0.01589109,5.645305,5.3167872,5.34705,1.121682,4.862765,6.639974,4.9361396,5.334922,-0.2627579,4.897161,-1.6883683,3.796092,-1.4277644,-1.473789,0.0012666548,4.8055425,5.3420563,6.425924,6.063563,5.9454646,5.497671,-1.8139791,6.099073,6.0567336,6.47985,6.1974897,8.014126,5.5084896,-1.595869,6.115335,6.740779,5.9530888,0.42778492,5.866549,4.815537,6.1110983,5.8516197,-1.6169769,4.13921,6.239621,5.3314953,-1.5363096,-1.7251704,5.108745,-1.601537,5.8738494,4.0057626,3.8033082,4.5823426,6.1987543,2.7408676,4.516489,5.4702363,5.260096,5.541739,7.2190332,4.3732986,4.6716623,-1.6656624,5.813461,5.5998416,0.015614573,0.0015963537,0.9236303,0.015492461,-0.14180116,0.67141765,17.411278,26.817896,-0.6919081,-0.42095375,-0.45379138,-0.33554712,-0.3217592,0.5642999,0.758307,0.53201836,-0.7089828,-0.32531077,0.80525774,0.6633711,0.41594407,0.72705424,0.30930507,-0.95207494,-0.54357725,-0.60738784,-0.43001348,-0.41329697,0.24051963,0.6655355,-0.22407241,-0.48775008,-0.17108694,0.42291486,-0.23293151,-0.12310635,0.7556989,0.27573225,-0.3883316,-0.19946247,0.20759301,-0.42669037,-0.42489147,-0.5028459,0.87169296,-0.3572332,-0.49057496,1.7792753,1.5801604,-0.25591356,-0.33538622,-0.29119366,-0.3482941,-0.41347426,-0.26668543,-0.666361,-0.14493133,0.66503984
0.69507074,-2.1460295,-0.50142634,1.3197371,-3.1946006,1.3952614,-1.0715587,-0.6647892,-4.4757195,-0.39280644,-1.6755074,1.0904145,1.5479404,-1.1340464,-0.82052517,0.64177,-0.070508316,-3.4511814,-0.39986327,0.7165952,-1.2554531,0.2546891,-0.38643667,1.0517148,1.044316,2.2525704,2.0412316,0.5542908,-1.09154,0.6055011,0.7258474,1.1673325,-0.34788004,0.80309707,0.33205244,1.4124024,1.6778128,6.7793555,0.3853321,0.027742574,5.758675,6.252945,8.179319,8.376363,8.310149,0.0061481344,6.423408,0.0073222844,0.16098744,5.060637,2.7990221e-09,0.020084323,-1.8178121,0.004680763,0.14062035,0.04118897,6.925056,8.016263,7.001585,5.197684,-1.7008832,8.964126e-05,5.882256,0.00066965865,3.294567e-05,5.9817085,5.3308897,6.604395,6.175337,-1.8073107,5.697227,6.175315,0.72686505,-1.8107651,0.06292128,-1.7915486,6.3191557,4.50402,-1.8143402,-1.7031428,0.0012788358,4.7557406,0.0005953979,0.009817247,5.353971,4.5354896,5.5975842,5.958967,5.7920017,6.0583987,6.9067144,-1.8098295,-1.8166375,6.4620466,0.081966944,6.52066,-1.5351322,5.3334427,5.9501715,6.3574595,5.669887,6.4487042,4.675044,2.7623465,-1.7976855,6.457374,5.2337065,4.998992,0.00022322933,-1.8178176,3.7754488,5.4372153,6.675025,6.1827207,4.292426,0.10960559,6.186221,0.11775382,6.574077,0.046159215,0.019087989,6.4843435,5.885645,5.2617493,4.5616374,6.5346417,5.410506,0.19677122,6.8275094,6.920436,7.0674624,-1.488258,3.2474902,-1.0993834,5.6411476,3.8132098,4.8203626,6.209008,2.418601e-06,5.275222,5.383738,4.2847834,4.3154464,4.0290003,5.5655165,0.007117633,0.0058289906,6.3483887,0.56391656,7.510272,4.2775335,-1.7924486,5.9441423,4.865585,0.0001215341,4.1876206,5.360139,3.041395,4.7823744,6.2408957,4.526604,5.9996166,6.8234634,0.0040242183,5.5254984,5.1232724,4.829748,4.9418087,5.0616007,6.5358667,4.793081,5.0604615,6.251546,3.6181545,4.541902,5.2604933,-0.6058638,-1.4626547,0.000967961,4.085688,4.8086553,6.0333376,5.6028204,5.8972144,5.1028605,4.581779,-1.5247108,4.97009,5.6775393,5.266994,6.3837457,5.0388637,5.5094,5.916924,6.3397517,3.7958615,0.34373796,6.210187,5.815118,6.125941,5.5807405,2.0031073,4.6990633,5.4130297,3.4502294,5.6943197,5.394688,-1.621531,4.6939144,5.5304685,4.417531,3.8516662,1.7466261,6.4362006,5.353648,4.2111745,5.2081,4.78255,5.324754,7.111854,3.8620577,4.413979,-0.7255689,5.880609,5.5999365,0.045911774,0.0011280592,0.9092522,1.5052338,0.52329326,0.6728394,191.23567,177.18773,-0.5130447,-0.034371648,0.03949679,-0.48193994,-0.2906628,-0.2666347,0.051222518,0.082846895,-0.39851636,-0.16175272,0.6990066,0.12272041,0.15347469,0.002932475,0.70648694,-0.49293566,-0.22824351,0.029087452,-0.46892065,-0.26355612,-0.54564667,0.09375002,-0.2779092,-0.5101833,-0.37515128,0.35465047,0.38069823,-0.552599,0.75602436,0.26114875,0.23068996,-0.49241075,-0.08748803,-0.28796166,0.27621344,0.9541548,0.5185226,0.31843945,-0.26430812,0.071439356,-0.20450932,-0.26085946,-0.3100149,-0.29002485,0.29495275,0.044086754,-0.6859592,-0.7117678,0.12839413,-0.27140215
0.52850837,-2.1462915,0.007152774,1.5442041,-2.6799414,1.3062803,-0.7895046,-0.8127348,-4.431922,-0.52169377,-0.98974687,1.1518252,1.5187172,0.96313775,-1.3192317,0.31533283,0.17744264,-2.5023887,-0.32451418,0.9571757,-1.9846401,0.28482243,-1.2512368,1.525706,1.1536291,2.413223,2.0940604,0.29705498,-0.66695374,0.624978,0.861464,1.2875701,-1.4402089,0.79338914,0.4651211,1.5873691,1.7183009,6.3419676,0.17838804,0.15432072,-1.653653,6.464933,8.23641,8.62954,8.664456,0.40006214,5.911417,0.011171131,0.042277824,3.9688604,6.112615e-11,0.00023879755,-0.9431223,0.0046771085,0.14061262,0.060145244,6.805792,7.5315113,6.2062306,4.3358574,-1.8168892,0.02510178,0.80498517,0.0006695886,3.2900345e-05,5.197537,0.9809636,2.810852,-1.6191953,-1.8178186,-1.8110416,5.2444544,-1.8172586,-1.8161962,0.0147671,5.0718417,-1.8173113,-1.8134605,-1.8162862,-1.8177267,1.6132757e-05,-1.8154918,0.00059503573,0.0011297349,4.312025,-1.8178161,4.3147483,4.6682005,5.2026253,5.294797,6.8900223,-1.8178163,-1.817818,5.3022413,0.23146525,6.012984,-1.495206,3.8723195,3.9843013,6.19587,5.907566,6.323588,4.652653,5.469255,3.3328733,4.832152,5.160988,4.8242054,0.00021588038,-1.2115941,4.297361,5.586838,6.25439,6.394762,5.3828034,0.04151409,5.7262726,1.5526489,6.045109,0.00083042047,0.4252662,5.1184072,4.8159432,5.0481853,4.1114874,6.154629,4.8649607,0.032128785,6.2732477,0.24509977,7.2473793,5.680018,4.129579,5.4354715,5.5113354,0.21032049,5.8429713,6.335868,2.4170226e-06,6.0569067,4.449486,2.1427362,5.4654093,3.421615,5.009277,0.00026791668,0.0032242308,5.824277,0.06113815,7.3416843,1.8716654,-0.88725334,4.849848,4.926081,0.0001204556,3.9806504,4.766703,-1.7820998,3.83095,4.7788243,6.1829247,-1.2890899,6.437688,0.011988431,5.2667174,5.171951,4.6603184,2.959878,4.6958895,6.254428,4.4985666,4.5486817,-1.7905563,4.1362767,-1.0403228,3.4783094,-1.4030999,-1.7296867,0.000967621,-1.8170793,4.875056,6.095175,5.588485,5.553599,5.096017,-1.5432478,5.278388,5.4657636,5.3930135,4.8817596,6.970785,-1.6708336,-1.8178185,5.5338078,4.824343,5.3079953,-1.8176279,-1.5443733,5.595705,0.051869012,4.804521,-0.5428837,5.3017755,5.7965636,4.968414,3.900083,5.013056,5.071595,0.33067736,4.494727,3.7229283,3.7309995,1.5511543,5.8795543,3.4632092,3.8427575,2.397861,5.237608,3.8363357,-0.48198548,4.1116853,4.8544736,0.8435406,5.5191674,5.5999374,0.0063754395,0.0011278241,0.74769515,2.1197364,-0.14814708,0.8431951,70.72906,76.974464,-0.6241304,0.13687013,-0.31916547,-0.41789183,-0.35920152,0.5262517,0.8726451,-0.21216962,0.287374,-0.13136472,0.24726813,0.03679345,0.09341211,0.31792283,0.29100075,-0.14349969,0.3480987,-0.4092678,-0.25322157,-0.23374613,-0.32644343,0.9826961,-0.31523895,-0.4888624,-0.2140341,-0.24881518,-0.29699057,-0.33138645,0.057606917,-0.24918889,-0.3254059,0.27329585,-0.052841518,-0.34019983,-0.38707626,-0.3616489,0.2220194,-0.3469271,0.22591047,-0.25645572,-0.16931805,-0.21746992,-0.3251272,-0.29812688,-0.33361262,-0.14513853,-0.34760952,-0.24420737,-0.38765398,0.13185012
0.6155968,-2.1462882,-0.19067559,1.5455129,-3.119059,1.3353232,-1.1672583,-0.6766666,-4.4868717,-0.2799985,-1.395865,1.2137684,1.4845006,0.8561981,-1.3847489,0.39709005,0.11799787,-2.9118168,-0.6178502,0.41131362,-1.963239,0.55624753,-0.83705693,1.6081923,1.008997,1.9581094,2.1563442,0.29711965,-1.0449691,0.62372875,0.8518306,1.2105052,-1.5297246,0.89338,0.54287547,1.5867211,1.79227,5.473733,0.04201118,0.09073801,3.1546125,5.2709794,7.6557236,8.005375,7.9672413,0.013563194,5.333994,0.0072830813,0.0587886,4.1727324,6.7085944e-06,0.0018463607,-1.7496905,0.0047467332,0.14078858,0.02853595,7.5918655,7.579569,6.303864,4.5861244,-1.7559283,0.00094406353,4.988725,0.0006757736,3.4735986e-05,5.60431,4.7721453,6.9732666,5.1878295,-1.817753,3.0300663,5.757299,-1.8134174,4.3566813,0.120936334,4.3960266,0.60336125,-1.8104948,-1.8150945,-1.7685843,0.00091967115,1.5322396,0.0006283403,0.006326727,4.786718,2.002139,4.880026,5.2350373,5.077614,2.1690562,6.968857,-1.7300582,-1.8171525,6.131947,0.07098337,6.1150675,0.9918264,3.6747675,5.997256,5.8849263,-1.529786,5.960214,3.7261949,-1.4368767,4.4951577,-1.0069662,4.4867797,4.3974786,0.00035937168,-1.8049581,3.1689718,5.524187,5.925924,5.996418,5.2105613,0.06419166,4.4261026,0.9060805,5.9492097,0.00286507,0.19718106,4.6289563,5.068162,4.4840164,-1.329828,5.8016143,4.1506,0.5634571,6.6432242,2.354434,6.7889524,3.0910149,3.91839,4.9203787,4.819859,2.8594751,5.2207074,5.8230786,2.8563738e-06,6.154117,4.8863044,6.023493,4.375156,3.6363358,5.124986,0.24400492,0.045652937,4.060337,0.031039214,6.9068003,5.174417,3.6586056,5.0459847,4.516678,0.0003842061,3.126667,5.4833465,2.7603931,3.6329293,-1.4285544,4.567571,4.5924177,5.3368483,0.03180477,5.263538,4.69454,5.560886,4.9055743,4.2892165,6.020677,3.5328977,4.7181735,-1.8012506,4.717034,-1.5337819,4.514022,-1.4218332,-1.723284,0.00097558874,-1.684157,5.0610194,5.8693542,5.5106087,5.2848325,4.6239023,0.134294,5.7834888,5.9353166,5.675207,5.74931,7.69542,1.9416033,-1.7851686,5.8684087,6.0025115,5.0392976,4.758869,3.962868,4.6424766,5.902215,5.2071314,2.9254782,4.4939694,5.7453194,4.4290338,-1.4057804,-1.5885661,5.1164145,-1.8125376,5.4354725,3.93278,3.386748,1.8377299,4.90524,5.890087,4.0417876,4.105838,4.690499,4.9140053,-0.8921459,3.6806395,-1.3041642,-1.6967127,4.603672,5.598923,0.015496565,0.001136203,0.7893439,1.8283287,0.13925327,0.8418987,20.681545,54.07318,-0.15142415,0.61630523,0.6140543,-0.40887567,-0.2356715,0.22329502,0.2700988,0.70641387,-0.15362088,-0.24466108,0.52351904,0.4176691,0.6807562,0.2564336,-0.011620355,-0.45422208,0.2603373,-0.17544289,-0.40625614,-0.29037368,0.30385405,0.60141623,0.09658573,-0.0046775546,-0.35406378,0.5758387,0.4610561,0.7368017,0.016134558,0.01667641,-0.3836304,0.39012948,0.11092316,-0.071622565,0.048890155,-0.23790611,0.33905438,-0.3356903,-0.12464007,-0.12199679,-0.11732706,-0.08924535,-0.31323308,-0.2973191,-0.3412673,-0.08836615,-0.28526685,-0.027778314,-0.094170205,0.3045489
0.44851333,-2.1462915,-0.263914,1.3912532,-3.0713947,1.3588101,-0.85542274,-0.5615729,-3.419311,-0.33584297,-1.4060946,1.2309535,1.5615437,0.5200991,-1.1411686,0.38600925,0.14655523,-2.3624692,-0.5880738,0.23277,-0.6745345,0.50638837,-0.86868614,1.0368226,1.0408962,2.132679,2.126273,0.3951416,-1.1361352,0.6097831,0.74168646,1.2637155,-1.2987063,0.8359936,0.48084462,1.5555173,1.7363864,6.066183,70.813385,0.596804,5.1471825,6.08731,7.9431458,8.605266,8.56344,0.14394903,6.174087,6.1798825,0.07618733,4.3534856,3.4357086e-09,0.0036563142,2.7241502,0.00467978,0.14083867,0.1339528,7.254709,7.862479,6.679741,4.583254,-1.7440635,0.0130625805,4.2467566,0.0006705257,3.29579e-05,5.647978,4.2986937,2.6011374,0.6772131,-1.8177724,-1.3023217,5.520418,-1.795216,-1.5793533,0.04137805,-1.7327513,-1.7473006,4.971696,1.4633011,2.4106557,0.0007693459,-0.65727615,0.00059810415,0.02765216,4.4354186,-1.6328572,4.8958683,5.102195,5.2789946,4.5929856,6.999687,-1.8162369,-1.7926477,5.9247923,0.733832,6.3459086,2.8652718,4.9819527,5.813132,5.8762436,5.9053626,5.6915283,0.31075406,5.840401,-1.3588417,5.4478545,4.9156456,4.03066,0.00021834878,-1.8128253,2.142423,6.053383,6.0727954,6.218281,5.6959057,0.045366433,6.218261,1.6632825,6.6715274,0.006936108,1.9331957,5.243187,5.19254,5.004281,4.3983736,6.317942,5.3914614,0.124621324,6.2384825,5.378233,7.140308,0.37866688,3.5800571,1.2140454,5.2476287,1.1695452,4.8722415,6.4817314,3.5427063e-06,5.5713496,4.678671,1.5034398,5.5924253,3.6450982,5.0179195,0.00030196193,0.0050660204,5.6343484,14.959137,7.0816374,-1.049869,-1.8167205,4.935445,4.893573,0.00012410409,3.7087429,5.040314,-1.6641916,4.5540805,4.9262857,5.9416933,2.268069,6.86112,0.036796924,5.272697,4.6059732,4.487915,2.1476138,4.268052,6.3118653,4.3472114,5.212289,6.5452952,4.231234,6.1182103,-1.63819,7.790563,3.4817846,0.0009677851,-0.946415,4.8987613,6.1045346,5.6939864,5.4988194,4.180224,-0.21590604,4.7342415,5.851745,5.685686,5.3161283,7.4805965,3.128438,-1.817591,6.169799,6.1367,6.0112357,-1.816705,3.6231558,5.6873345,5.392425,5.1793094,2.8787186,4.913219,5.8919106,4.4197516,4.463844,4.4949555,4.4076853,4.332293,5.6222396,4.215488,3.7120824,0.8228351,6.2350388,0.62018114,3.6704252,5.267848,3.7809875,5.3401203,6.886403,4.346246,4.8449116,5.236788,6.0253034,5.5999365,0.007315622,0.0011278993,0.8171893,0.77514786,0.038154274,0.80331886,178.46143,176.7202,-0.44256985,0.23648284,0.425084,-0.42310524,-0.25267544,-0.19242722,0.5165917,-0.0850543,0.010169937,-0.087082624,-0.08530668,0.1202606,0.040104263,-0.13273229,-0.07572552,-0.6609066,0.21342057,-0.23767082,-0.46131307,-0.31765038,0.022684606,0.39221263,-0.1611508,-0.16588546,-0.15525326,-0.067137286,0.072943024,-0.32091185,0.42214018,0.20093793,0.021447087,0.10717371,-0.28808087,0.91176623,-0.09261218,0.20153469,0.6505426,0.04230845,0.062845945,0.7357959,0.58214635,-0.08786294,-0.31752953,-0.29812053,-0.09783238,-0.04134265,-0.120920114,-0.03287009,-0.33704332,0.009517593
0.52803653,-2.1462915,-0.2624024,1.7301935,-2.2903607,1.3600446,-0.25067782,-0.6806029,-2.9973476,-0.043828953,-1.0936567,1.2809196,1.722586,1.239001,-1.097633,0.33792385,0.26528403,-3.438323,-0.51714224,0.31000972,-2.0099144,0.58650255,-1.2807317,1.1526113,0.91955835,2.026327,2.2773263,0.2876941,-0.98111343,0.6193503,0.75452346,1.2414064,-1.4237792,0.90123844,-0.21864247,1.5812047,1.7916851,6.885408,0.01617821,3.2751474,2.4689627,5.956091,8.180171,8.4746275,8.494877,0.25459376,5.9274726,0.008073097,0.08284589,5.7352304,4.308347e-08,0.0017319239,-1.8169547,0.004677113,0.14061144,0.37061182,6.8667965,7.350952,6.1861053,-1.6906347,-1.817725,0.00042364097,4.2101545,0.0006695927,3.2900087e-05,4.887246,0.9017367,-1.607007,-1.805273,-1.8178186,-1.8178179,5.349889,0.69394594,-1.8178185,0.01784399,5.342011,-1.8178186,4.717147,-1.8168206,-1.8174044,7.628481e-06,-1.8178184,0.00059504266,0.014277089,-1.7419887,-1.8178184,-1.7209883,-1.7028288,-1.7130493,-1.7738298,5.330239,0.18069842,-1.8152591,6.288362,6.70364,5.176163,-1.7986919,4.761694,4.107433,5.7896256,-1.6744652,-1.514219,-1.817552,-1.6321458,-1.8177313,6.7302475,3.9797142,4.009568,0.0002158818,-1.8178029,-1.7161422,4.930226,4.2276664,-1.6404313,5.5293407,0.017061524,-1.6580979,1.2215135,5.6466746,7.375893e-05,0.29424608,-1.744333,4.3266826,3.324463,-1.7764776,4.572824,4.2275553,0.18877292,5.915345,1.4119495,-1.6068704,-1.4393739,3.0829515,-1.3532372,4.6632733,-1.817815,-1.7478179,-1.6269262,2.4125611e-06,4.58159,4.015542,-1.7714003,4.09007,3.521204,5.5184255,0.00026787084,0.0032239445,-1.707647,0.05163422,-1.6318593,3.5412848,1.5116665,-1.5595982,4.6346836,0.00012045744,3.612658,-1.7173787,-1.8173428,3.3918893,-1.7279061,2.1357594,-1.7998204,6.3372755,0.0057874504,-1.6330595,-1.5962466,-1.7458465,-1.6504573,4.4551497,-1.7003554,-1.7445928,4.0199113,-1.8161942,-1.7453916,-1.8097274,-1.8173796,-1.8144279,-1.7454523,0.0009676214,-1.8173444,3.09768,-1.5942984,5.051507,-1.6630843,-1.6764449,4.392339,-1.7060182,-1.7106918,-1.5726006,3.734114,4.733562,-1.8178185,-1.8178186,-1.813031,-1.8147085,4.5916452,-1.8178186,-1.8178185,-1.61903,-1.8178184,-1.6892673,-1.6645808,3.5135725,-1.6409457,-1.4530635,-1.7242405,-1.7042794,-1.7945386,-1.8177959,-1.8160456,-1.8167156,3.6546247,-1.8178072,-1.703108,-1.7187595,-1.7030962,-1.6938914,-1.4877354,-1.7669804,-1.81778,3.7764902,-1.7772338,-1.5267024,-1.5546709,-0.9073316,0.052325666,0.0011278249,0.8626395,3.1704276,-0.1493241,0.959503,87.02399,84.52224,-0.7433788,-0.3559229,-0.43288273,-0.21412477,-0.39792737,1.193814,1.095491,0.7548847,0.3229487,-0.17661116,0.43787253,0.237118,0.65323144,0.5147312,-0.29200414,-0.6395845,-0.21739565,-0.40105587,0.047700606,-0.39436957,0.28320745,0.910015,0.1989047,0.10529356,-0.40967804,0.53560597,-0.005559164,0.984791,-0.17712164,-0.07727869,-0.39100105,-0.24263869,0.5855886,-0.5486885,-0.42277688,-0.48550662,0.10845402,-0.3532941,-0.49457875,1.008137,1.5334386,0.51176286,-0.29983717,-0.29812685,-0.3478391,-0.045435242,-0.557922,0.6763055,0.54477656,0.50100684
0.025277635,-2.146285,-0.13540038,1.5743294,-3.188302,1.158843,-1.4754468,-0.97678125,-4.485913,-0.8203134,-1.7581154,1.0088824,1.5698239,1.1781449,-1.2418076,0.15108393,-0.06591692,-3.0184574,-0.54924655,0.38528156,-1.9346354,0.2783107,-0.37615752,1.8134904,1.0337268,2.2043717,2.2341223,0.24318328,-0.62040764,0.6238495,0.7126621,1.1423614,-0.73601353,0.7510994,-0.12231045,1.5056562,1.6472267,5.1579156,0.0051008067,0.0048420546,1.2689914,6.170103,7.9250937,8.045408,8.077214,0.004195295,5.824867,0.0072076083,0.047337916,4.5933495,2.0635709e-05,0.0042025014,-1.8178102,0.004679783,0.1406345,0.019270549,6.8485913,7.910553,6.754395,4.9344535,-1.7827051,8.127283e-08,3.7497964,0.0006707879,3.3070573e-05,5.9522376,5.540565,6.977671,6.229876,-1.4996728,5.697814,6.0318108,4.716645,-1.2930387,0.028053457,5.773899,6.3534627,-1.7509434,-1.8177577,-1.1306417,0.00461693,4.4944386,0.00059720804,0.002635262,5.0392795,4.5356407,5.638115,5.059747,5.7893744,5.3268914,7.155646,3.3753843,-1.8061247,5.943493,0.037588507,6.382907,1.2041265,3.8378296,5.483857,6.015102,-0.5332549,6.210705,3.5251787,-1.8169328,-1.7574629,3.238726,4.669813,4.7174883,0.00024216602,-1.8178151,4.796258,5.660373,5.861542,6.2889733,5.402186,0.052933842,6.1140275,0.1916786,6.049506,0.008499812,0.012330013,4.8108563,5.163732,4.872151,3.7935429,6.012535,3.8231783,0.123818174,6.706788,0.1289378,7.3012156,6.531477,5.3935204,2.7404711,4.330755,4.37054,5.960801,6.0196733,2.4177634e-06,6.0534,5.6914124,5.8305054,-1.6592526,3.9060698,5.7912836,0.00027795898,0.020185713,4.8258376,0.018976452,7.18954,5.1899357,-1.386983,3.8719814,4.3054934,0.00012512297,3.8137848,5.115257,-1.1360449,3.6782095,0.6522886,-0.46955267,6.079729,5.275748,0.0026703042,5.403329,5.4799,5.504872,4.96489,5.188571,6.6753626,4.5147257,5.3167396,-1.817312,2.4680805,-1.2621161,5.5234895,-0.35407892,-1.5146264,0.0009692603,-1.3926542,5.052066,5.9793544,5.7535405,5.9024653,4.7884912,4.5976014,5.75158,6.035234,6.5783725,5.9409266,7.3127675,1.5551393,1.2174937,5.8181105,-1.7827451,5.648007,6.308123,7.258891,4.4820414,6.1225586,5.997046,-1.7425256,4.715317,5.7225657,4.2446156,4.0044427,4.93293,4.6993065,4.492961,5.6838827,4.37783,4.027253,0.16405812,5.237051,-1.0001072,4.113945,3.0303383,4.696518,3.8942695,0.7787236,1.9789954,-1.2432982,-1.2311622,5.8324523,5.5224257,0.015752561,0.0011364954,0.5703863,2.0103328,0.55684733,0.77674603,29.15228,35.520935,-0.4752852,-0.23939645,-0.3847751,-0.20861132,0.05364672,-0.71492726,-0.3643974,-0.40167877,-0.38662925,-0.101721674,-0.7583503,-0.59649044,-0.40786177,-0.40397936,-0.26907313,-0.86449695,-0.55882746,-0.55077595,-0.36200616,-0.33599973,-0.38886446,0.11787013,-0.086969614,-0.5079922,-0.13122457,-0.49369347,-0.26343825,-0.11354646,-0.3465973,-0.32724535,0.96931183,-0.946359,0.6635069,0.18579718,1.6214302,1.0138159,0.021564703,0.9737678,0.5890966,-0.2513962,-0.23481789,-0.2571264,-0.32652745,0.38755888,1.0126759,-0.73347217,-0.6923502,-0.21131262,-0.7051988,-1.0383196
0.7779412,-2.1462903,-0.27423704,1.6122422,-3.1895478,1.5195208,-1.157707,-0.5192888,-4.486963,-0.23756613,-1.2604403,1.1292125,1.536475,0.25677663,-1.0126705,0.6606835,0.031368937,-3.2843497,-0.38010797,0.45380023,-1.9272778,0.34976807,-0.774881,1.263251,1.0416206,1.9824575,1.9830278,0.40108484,-1.438198,0.6219571,0.8166715,1.1636325,-1.1936758,0.9053685,0.5277914,1.5950383,1.7964168,6.5129566,0.010081315,0.044929735,5.3396883,5.5816984,7.8772707,8.155825,8.128004,0.007332778,5.679026,0.007208975,0.105961606,4.351936,2.1084377e-07,0.0032945867,-1.8167036,0.0046864958,0.14062119,0.034521345,7.5411615,7.777482,6.4566846,4.9031143,-1.6740546,0.0005340166,5.414655,0.00066988333,3.3147808e-05,5.753674,4.614297,6.9695477,5.5645986,-1.8177271,5.482762,6.211728,-1.8112533,-0.49959722,0.13071616,1.8052578,5.1738462,-1.8115525,-1.8175317,-1.8171685,0.0011708454,4.419363,0.0005971636,0.003094785,5.1695104,4.185854,5.0838585,5.7015114,5.4663296,4.9082937,6.945689,-1.8162881,-1.8177859,6.2214327,0.05472708,6.2668657,-1.568624,3.9906309,5.448204,6.040504,2.5403955,6.127911,4.762801,-1.6451969,3.5672903,-0.5858865,4.824205,4.819011,0.00023388142,-1.8173531,4.631042,5.5089445,6.1153917,5.935575,4.685955,0.09156893,5.0252333,0.19314575,6.126446,0.0056749624,0.03871787,5.504029,5.6912203,4.914722,-0.4187266,6.1586447,5.0059514,0.43985876,6.7087107,6.1167393,7.092604,1.9583957,3.953097,3.7981243,5.458716,3.3565068,5.2600155,6.0197783,2.4251156e-06,6.034926,5.1010346,6.0237775,5.861116,3.9266825,5.348497,0.21554902,0.0070624757,4.458943,0.024920363,7.080055,4.9141107,3.7826576,5.3817754,4.8851447,0.0001388002,3.2734637,5.5415783,3.8587193,4.0807953,-0.5492762,6.5588503,3.968651,5.988002,0.020551281,5.34515,5.1098533,5.529957,4.2671766,4.5741205,6.2351756,3.9854236,4.6392097,-1.7654085,4.7184143,-0.557221,5.1658626,-1.7670707,-1.6660762,0.00096826156,-0.6809213,5.2459536,5.884602,5.5470867,5.3314176,4.982901,3.2598643,3.6852107,5.7361407,5.3963513,5.573697,7.3614316,3.278858,-0.84560025,5.558106,6.6343637,3.134634,4.913327,3.7247503,5.103794,6.1181355,5.1152554,2.4214437,4.5142083,5.852246,4.864787,-0.98711747,-0.26785693,3.5361242,-1.7415574,5.2666903,4.293549,3.4718878,3.922854,5.2320333,3.780829,4.2224355,4.816105,5.056251,5.1030664,1.9930415,3.9668362,1.248206,-1.785048,5.1544414,5.599915,0.03046503,0.0011287153,1.0884535,1.9373418,0.12307579,0.81724286,19.26711,49.706173,-0.47905612,0.12992823,-0.09578638,-0.48241866,-0.2914393,0.6275891,-0.014063179,0.83072555,0.052071303,-0.17541511,0.8666448,0.24791522,0.77000755,0.26899517,0.48616898,-0.35915905,0.07948585,-0.232329,-0.3757541,-0.13567536,0.30136836,0.39368927,0.12496834,0.006624925,-0.31056747,0.6229844,0.37126487,0.49975955,-0.027969714,0.27989393,-0.47331128,0.48344216,0.05399505,-0.30054417,-0.1611399,-0.16036415,-0.2566977,-0.32461727,-0.21195515,-0.21909039,-0.21464127,-0.252768,-0.32101542,-0.29789665,-0.33272338,0.09046708,-0.6244094,-0.5037151,0.06383945,0.5475616
0.739488,-2.1462913,0.2073145,1.7341772,-1.9559848,1.4951769,-0.66163725,-0.54086363,-2.203788,-0.1642615,-1.1563814,1.3004025,1.6039385,1.0330168,-1.4107962,0.15696444,0.22159265,-3.4539196,-0.7548704,0.6070241,-1.5210338,0.6263965,-0.8208233,1.0692592,0.84110504,2.0989194,2.0912724,0.41650718,-1.2934473,0.6221326,0.6685949,1.3805958,-1.3202382,0.9086873,0.42999,1.5538877,1.7837206,7.1014166,0.27531615,0.23445936,4.916826,6.5692472,8.42111,8.827687,8.737784,0.119701415,6.1218166,0.007914826,0.053619504,5.328781,1.6451064e-11,0.0030395032,-1.8172908,0.0047398373,0.1407409,0.15792051,7.347581,7.7982583,6.3849277,4.5453963,-1.2375953,0.014828673,5.3052874,0.00067018485,3.301324e-05,6.0436234,5.3625774,6.342409,2.4063084,-1.8175095,1.4756751,6.2020497,-1.8178127,-1.1163465,0.02419576,-0.66956383,5.4988637,1.7555143,-1.8112657,-1.8164731,0.00028944045,4.427807,0.0005974556,0.008384545,5.088379,-0.80857277,4.892454,5.350207,4.890742,5.512588,6.7701983,-1.8178148,-1.8177629,6.143375,2.378033,6.571191,5.3331103,4.422292,2.514432,5.9769044,5.907646,6.0953927,4.1172376,5.0703526,0.7172928,4.7978773,4.267322,4.981944,0.000227795,1.4373456,5.547742,5.817967,6.522241,5.998015,5.4851885,0.045958634,5.5741377,0.90698564,6.241703,0.0057204957,0.26518205,4.5093207,4.575801,4.630095,3.8841925,6.537224,5.6034327,0.11273565,6.43454,2.408344,6.9383464,5.6011114,5.701428,5.4250727,5.824194,0.0061304644,5.6803374,6.025152,3.419161e-06,6.117671,4.295304,4.1721396,6.9115734,3.7240696,5.7873874,0.008441512,0.0063573867,4.7159133,0.22395782,7.5300817,4.1486626,-1.3686845,5.2489862,4.9213037,0.00012905871,3.7247224,4.9032893,1.0781548,5.0045543,6.0496836,6.8291683,-1.7951134,7.1640534,0.019492872,5.4886246,5.1759014,5.6239214,3.5297217,4.380376,5.8943796,4.5848765,4.916754,-1.2256502,4.65469,2.2918625,2.5215511,7.013885,-1.3469036,0.00096786796,2.8658457,5.0838695,5.8285785,5.2551417,5.5435143,4.9317927,-1.1106455,5.7007523,5.9530363,5.8439183,5.435587,6.842591,4.86583,-1.8109709,5.5240726,6.866525,6.2051926,2.7609422,1.6716753,5.255214,6.12447,4.947254,-0.4276919,5.5138297,5.422872,4.366525,-0.21680146,5.3605947,4.7633533,-0.19402443,4.8997188,4.21592,3.6899703,4.225554,6.2040176,2.1046727,4.0011272,5.5103307,4.5954494,5.389005,7.2543836,4.3569183,4.854838,4.76156,5.9213753,5.5999374,0.006982395,0.0011279137,0.8407607,2.729333,0.1338143,0.99999267,140.0055,141.96182,-0.33782515,-0.3246135,-0.14523324,-0.40271243,-0.14092681,0.7489121,0.61592454,-0.11391396,0.30897552,0.19286905,-0.04138662,0.123553835,-0.1819411,-0.24024768,-0.31454948,0.024756683,0.03489846,-0.15291426,0.026471725,-0.071132526,0.35272473,0.00698193,-0.20736392,0.3952766,-0.04629407,-0.24303602,0.022998262,-0.27221078,-0.23828988,-0.26043624,-0.1131888,0.77154803,-0.21940233,-0.04994104,-0.40913644,0.24270037,0.28375024,-0.09577166,-0.006921705,-0.23659916,-0.045647983,-0.2671558,-0.31746113,-0.29812688,-0.19219865,0.20631947,0.2814246,-0.1574084,0.36471635,0.15528858
0.07647834,-2.1462915,-0.24583331,1.6161051,-3.1949656,1.3201743,-1.573871,-0.61744857,-4.486743,-0.83301896,-1.2397168,0.9748654,1.6264902,1.1410791,-1.0760969,0.5443013,-0.05198557,-1.9555241,-0.21775718,0.21482761,-0.3512618,0.1283362,-0.6852266,0.99633926,1.1811333,1.6697003,2.1140597,0.26221052,-1.1360471,0.6222426,0.86958444,1.0396132,0.57077265,0.8091426,-0.0925478,1.5955442,1.7462895,6.1432714,0.00016035602,0.038687177,6.964241,6.8476243,8.27591,8.025761,8.1557865,0.0008917485,6.422374,0.007206488,0.13206856,5.1431065,0.0013191882,0.019615814,-1.8148755,0.0046771443,0.14061071,0.05720946,6.176778,7.84115,6.548362,5.3165236,2.3587692,6.761986e-07,4.259192,0.0006695889,3.290291e-05,5.8689156,5.422025,6.9778757,5.563242,-1.7990476,5.6765933,6.540079,-1.4597578,-1.8077526,0.036360804,5.436695,-1.3405079,-1.8176466,-1.8178121,-1.8126136,0.018079776,4.99744,0.0005951784,0.0012545345,4.839393,4.531302,5.505428,5.335621,6.109243,5.8275056,7.0820155,-1.8130077,-1.8171024,5.2404594,0.037461754,6.4146037,6.4107804,-1.6663604,5.313978,6.0227194,5.727797,6.2864766,-1.5862845,-1.8178179,-1.8022342,-1.8013816,4.71192,4.8250775,0.00021602324,-1.8178185,6.776535,4.620132,5.8296576,6.0999603,3.8414285,0.23201975,6.790562,0.072345756,5.4036984,0.04144236,0.010774378,4.6777267,5.863742,5.0532694,4.2694244,6.300699,3.5533128,0.07400381,6.921511,5.601101,7.5769486,6.1917,6.426519,5.612332,4.9996924,5.162809,5.9215126,6.3528705,2.4100018e-06,4.2053995,5.778271,5.867017,-1.7990589,4.0199947,5.988067,0.00026817978,0.0034404693,3.5730498,0.0114984345,6.9733286,3.071336,4.0669317,4.4312596,4.8506002,0.00012049381,4.6576185,5.371014,-1.8054523,3.5970452,3.3343036,2.6891851,5.76505,3.9571953,0.005820508,5.305957,5.462095,5.568563,4.495281,5.181338,6.4803786,4.9210033,5.1288376,-1.8178185,4.775555,2.5209186,5.662287,-1.7960825,3.4249141,0.0009676229,2.9585123,4.43731,6.212628,5.676916,5.488258,4.5986404,4.8968205,-1.6506172,4.8821473,4.483538,4.3723826,7.1223164,-1.791228,5.2022696,-1.6635257,-1.8178029,5.1943817,-1.7426586,-1.7196828,-1.7612251,-1.5244801,5.386637,-1.8174374,4.482213,5.4279566,4.9329653,-1.4754629,5.8981466,4.826437,-1.7555202,5.740567,3.8434012,3.8010929,4.389942,4.9030576,-1.8177387,4.305293,3.6192245,4.885885,3.8960178,5.858172,3.5324862,3.1418521,-1.772421,5.5494876,5.4597864,0.027024297,0.0011279066,0.9107568,2.0306778,0.28625786,0.73664904,24.954773,22.664944,0.5383568,0.55041796,-0.3280211,0.25427857,0.6130011,-0.8102498,-0.40537933,-0.42163563,-0.6700968,0.47679693,-0.66393095,-0.5003245,-0.35570478,-0.36738423,-0.075636834,-0.3367485,-0.076991014,-0.47858924,-0.34290296,0.24266373,-0.6805412,0.023637855,-0.36052388,-0.5987479,0.66747594,-0.29765415,-0.33751872,0.086014345,-0.38440412,-0.071405746,-0.2206996,-0.9740673,0.757319,1.5845236,1.4640046,0.69890034,-0.65152687,0.616809,0.7622983,-0.2690962,-0.23501873,-0.10729666,-0.33701706,-0.20701651,0.67448336,-0.7659851,-0.91351485,-0.17900023,-0.55495805,-0.5059805
0.2802092,-2.1462915,0.0026912708,1.7591767,-3.192259,1.3797466,-1.3857782,-0.78236336,-4.486996,-0.6181102,-1.3035465,0.9346864,1.6253989,1.1379443,-0.8895423,0.69021666,-0.008127329,-2.115533,-0.2579631,0.1804813,-1.9961945,0.15041694,-0.91910607,1.5761619,1.0280356,2.0058672,2.0431395,0.2044301,-0.7518128,0.62522477,0.76536167,1.0983597,-0.5882235,0.82285625,0.2582542,1.5941617,1.7483048,5.606277,0.00029539852,0.0031851844,-0.04472188,5.9678946,7.9632273,7.985085,8.081339,0.004971531,5.500426,0.0072065108,0.0800143,4.1029215,1.3515521e-05,0.0031591184,-1.8177963,0.00467871,0.1406173,0.032681655,6.914642,7.712565,6.4494686,4.654073,-1.6176732,4.828e-07,2.24893,0.00067013374,3.320062e-05,5.7672725,4.2859073,6.9777317,6.228085,-1.8051082,5.6969676,6.234592,3.28686,-0.88758487,0.07560982,5.8549905,6.351903,-1.8176231,-1.8178165,-1.8176432,0.003062386,4.6864257,0.00059709814,0.00035678668,4.685259,4.5335746,5.2615185,4.7610445,5.7354965,6.0168705,7.0047073,-1.4824889,-1.8177184,6.1850557,0.037471574,6.1955333,-1.7557987,3.577197,4.796554,5.7403855,0.52024,5.9006147,4.306903,-1.8177783,1.5293406,-0.4987147,4.9881,4.817167,0.0002285003,-1.8177664,4.504523,5.782549,5.7986274,6.082868,5.1398845,0.084802724,5.533496,0.088474445,5.902004,0.009726082,0.012539082,4.7604003,5.7990665,4.70432,-0.1852093,5.836853,4.198072,0.24304703,6.713777,5.0602307,7.2249246,7.1507654,5.215224,4.2641344,4.848558,4.6037774,5.8960304,5.6028934,2.415773e-06,6.3092203,5.491695,6.020807,-0.5690264,3.9881434,5.611259,0.0003140639,0.009670767,4.2624683,0.0129848765,6.8657074,5.104234,4.592864,2.851593,4.8627486,0.00012593756,3.5466444,5.055038,2.6200955,3.9101408,-1.2062498,4.0170197,6.0772247,5.591914,0.005751832,5.505067,5.496998,5.501546,3.5941904,5.0181966,6.415928,4.568906,5.0702415,-1.817794,3.7183664,-1.3397778,5.7085953,-1.7899995,-1.160907,0.0009683017,-1.1134105,5.347984,5.885205,5.514934,5.4669304,4.777084,5.08538,5.907167,6.07207,6.1635346,5.9731603,7.2631607,3.458936,-0.74518025,5.0278263,-1.1973077,1.365122,6.3608236,6.119968,4.6969895,6.1199226,5.4256396,-1.4170588,4.583751,5.714605,4.574057,-0.035791095,3.0118659,1.0753762,3.824108,5.339137,4.232659,3.875328,4.71439,4.115711,-1.6867805,3.9671564,1.1630317,4.274349,3.532364,-1.6289629,2.3833146,-0.64201146,-1.8093413,5.263334,5.4916306,0.018054636,0.0011326965,1.0299606,2.2265801,0.12366588,0.8119882,7.8959365,13.364234,-0.70570165,-0.55070525,-0.49210316,-0.17549475,-0.11369567,-0.10307604,-0.36635438,-0.1289593,-0.11568381,0.003003293,-0.30404472,-0.5285941,-0.018554138,-0.09508109,-0.046755042,-0.8302152,-0.5830202,-0.60861194,-0.057626545,-0.21315898,-0.1768645,0.2855593,0.37247536,-0.51553506,-0.043344922,-0.2760456,-0.34664935,0.51073647,-0.38011196,-0.14766338,-0.21201982,-0.60527587,0.6582954,-0.34141642,1.0804014,0.117997944,-0.48450378,0.17737526,0.5074202,-0.26432547,-0.23498623,-0.26626882,-0.3325623,-0.23979017,0.3945129,-0.69186157,-0.85869074,-0.5476254,-0.64117646,-0.3139065
0.8239506,-0.62281907,-0.41586033,1.3111066,-2.952564,1.2302265,-0.97246766,-0.98408186,-3.8766775,-0.4630274,-1.2478917,0.8692702,1.5788684,0.8251962,-1.2158203,0.3578159,-0.100790724,-3.1129262,-0.57513285,0.11559176,-1.0929469,0.23681596,-1.2552699,-0.6157906,0.7985886,2.2459993,2.0293524,0.22296976,-1.672459,0.61996746,0.59543467,1.307564,-1.3145992,0.6960825,0.54519445,1.4148887,1.5916935,5.786916,0.13089125,0.009897625,3.6331556,5.2938623,8.144901,8.218824,8.159137,0.013335711,5.8348823,0.018322252,0.7111132,5.009953,2.920701e-05,0.0074265446,-1.817818,1.4690094,4.2077336,0.67630816,7.2553368,7.9647403,6.9578967,4.626229,-0.6967943,5.1734463e-07,5.98837,0.19149463,0.013281392,6.93508,5.7136774,6.9777684,6.2306476,-1.5774204,5.694049,6.0562577,4.293001,5.2441287,0.82344997,5.4930863,6.3567924,-1.0441813,-1.8156799,4.339806,0.0030003327,2.0221944,0.21167888,0.01368209,5.012608,4.5354457,5.5799136,5.769771,5.261844,-0.2693438,7.31743,5.7746496,4.28685,7.498581,0.14334846,6.544604,-0.7151024,6.8494334,5.265933,6.1603136,-0.76945627,6.003674,0.8149841,-0.96267444,4.2134695,6.154109,5.539654,5.758973,7.023151,2.2917907,6.387987,6.226831,6.968592,6.4024105,6.0017447,0.039261166,4.8453875,1.9267223,7.01032,0.10920098,4.668185,5.6899548,5.2231727,5.224947,4.277154,6.840859,6.262234,0.921342,6.6465507,6.289603,6.7521577,6.6777897,7.2784605,-0.81399906,6.682594,4.7106934,5.676875,5.694603,0.06017012,5.959591,5.675519,5.8180175,5.6796713,4.438082,5.4959474,0.09412241,966.8165,7.3293405,4.2232876,8.30185,5.054672,-0.44083235,4.06281,-1.7161198,2.2280269,4.052482,5.6174383,4.1379642,5.658167,6.075512,7.32971,6.0749702,7.1404166,0.11062464,5.642809,5.361719,5.2504935,1.9907559,5.2027583,6.338395,4.4810514,5.031512,-1.8158507,3.3959672,0.48414952,5.6249413,0.6000675,1.8609633,1.0415336,5.4359818,5.538353,5.8891273,5.3649035,5.689874,4.7397304,-0.57057595,5.95621,6.7426353,6.924361,6.467679,6.947559,5.712378,-1.6333894,6.180139,6.5857005,0.19223092,6.3693957,5.5506907,5.087193,6.1252937,5.6662517,-1.2704403,4.6651287,5.353641,3.9462266,0.3678836,-0.7254043,1.5804064,1.06953,5.610927,4.828438,3.8254733,5.033454,5.925336,0.34867808,4.3045807,5.3785024,4.4251914,4.785345,6.13144,1.9689599,3.4768875,-1.8087419,5.3890505,4.413795,0.016319213,0.5409483,0.7384596,0.70705676,-0.13540447,0.602057,22.56155,21.601923,0.27888447,0.5133278,0.041517742,-0.4796326,-0.36659864,0.28977528,1.0672102,0.14911391,-0.4429405,-0.40879092,0.34524658,0.44142357,0.59771323,0.6564584,-0.15271842,0.33812264,0.33048305,0.5805634,-0.052380804,-0.44436172,0.84485286,0.47229692,-0.051895157,0.80476475,-0.48467845,0.22247921,0.20419134,-0.016862618,0.68523693,-0.61129516,-0.17384693,-0.18926537,-0.42496708,-0.21605842,-0.54211897,-0.2729327,-0.055797976,-0.34861085,-0.48869473,0.16545968,-0.15157259,-0.2649644,-0.32008946,-0.29690275,-0.34086362,-0.44703522,-0.46411458,-0.6106249,0.6279866,0.2768844
0.68287516,-2.1462915,-0.12378123,1.4713451,-2.3786397,1.3296292,-0.733787,-0.7183848,-4.3867235,-0.40717345,-1.1850442,1.2639854,1.4270197,0.9824374,-1.3620105,0.17834093,0.18190695,-3.2294526,-0.75183976,0.4219968,-1.861212,0.5376078,-0.9584675,1.5819308,1.099602,2.1660962,2.208896,0.3138079,-0.6485526,0.6251945,0.8795159,1.3843491,-1.4002842,0.8455493,0.48432812,1.5413884,1.7386017,6.184876,0.54728204,0.37239763,-1.6668581,6.336103,8.122827,8.595925,8.49728,0.14771251,5.8688984,0.019168809,0.05263239,3.6012585,1.638719e-09,0.00066859345,-0.60631,0.0046842727,0.14073299,0.10126441,7.08379,7.5681963,6.2053266,4.314753,-1.7971227,0.023955831,4.471341,0.0006703447,3.297407e-05,5.4351745,4.3227634,2.290957,-1.7073638,-1.8178148,-1.7449191,5.293584,-1.8177011,-1.6462332,0.030556962,3.7241724,-1.7661728,-1.7851018,-1.809197,-1.8165743,0.00017049644,-1.6911087,0.00059736276,0.0018966881,4.1428185,-1.8174012,4.233555,4.5834885,4.6126757,4.3859534,6.552697,-1.8177973,-1.817798,5.329142,0.7670309,6.0924244,2.797234,3.4586704,3.9291644,6.0010247,5.907395,6.1356583,3.8574007,4.9900994,4.7935715,4.548898,5.0207353,4.6839557,0.00021880415,3.6454678,4.325924,5.7151923,6.242422,6.11002,5.4509087,0.06622651,5.5619555,1.774071,6.194358,0.00514868,0.829945,4.74835,4.658712,4.948114,4.068466,6.2015996,4.761426,0.10155306,6.0605545,-0.8104808,6.739107,4.6024623,4.285394,5.299217,5.6477504,2.8741403,5.563257,6.100747,3.6558565e-06,5.7489715,4.3502493,1.4408345,5.3647146,3.4121063,4.8161077,0.00043557127,0.0042898366,5.3384047,0.10397256,7.217397,1.8363403,0.8016951,4.7041025,4.9199324,0.00012252654,3.4453537,4.6809754,-1.7327409,3.819412,4.90821,5.915525,-1.7193618,6.3249383,0.026598353,4.9312744,4.624937,4.57147,3.301515,3.9761207,5.830954,4.0567136,4.680049,-1.806037,4.290228,-0.8778424,1.0975246,0.70972,-1.3263097,0.0009676742,-1.7603396,4.7463365,5.3193307,5.0183964,5.1367626,4.675208,-1.7614931,5.2408533,5.4282804,5.2300005,5.0401998,6.7290993,-0.6409682,-1.8178067,5.1263514,5.9492064,5.638533,-1.7804992,-1.0716143,4.643575,4.8700447,4.579171,-1.2863804,5.2254887,5.2171454,4.285005,3.9285235,4.646042,5.0906386,-1.5369433,3.9951317,3.8864567,3.7048275,3.5142643,5.8707333,1.5114626,3.755688,4.5185513,4.2001324,4.3826904,6.7858067,4.1225386,4.8534946,-0.363908,4.9897523,5.5999374,0.008149042,0.0011278605,0.6790289,2.140693,0.028260766,0.887327,127.09583,129.3852,0.19826959,0.699221,0.37473723,-0.3014226,-0.30266693,-0.08499906,0.30840638,-0.27197525,-0.29428977,0.089949846,0.27741015,0.43306628,0.15241055,0.14736007,0.08249483,-0.03917514,0.49060154,-0.15444085,-0.37600112,-0.15347001,-0.3734197,0.6884845,-0.31626874,-0.3092041,-0.16341011,-0.08956516,-0.13083963,-0.19911264,0.053632263,-0.07501211,-0.28360075,0.23841362,0.047014736,-0.014075547,-0.14126812,-0.034887545,0.6512157,-0.34076416,0.013963157,-0.24524239,-0.009164053,-0.20033765,-0.31853905,-0.29812685,-0.33670068,0.008245882,-0.08978266,-0.03932452,-0.0053373375,0.06415189
0.7984439,-1.6960965,0.23359214,1.3400089,-2.129389,1.3287452,-0.67376685,-0.710566,-4.3422422,-0.23504008,-1.3300264,0.94621223,1.507825,0.95584583,-1.396867,0.16034757,0.005823945,-3.4460137,-0.7582123,0.11408098,-0.846112,0.29679242,-0.84802413,1.054683,1.0294509,2.288527,2.2583437,0.32282877,-0.8036689,0.6216278,0.72709584,1.2853259,-0.682143,0.79455936,0.5094153,1.3972589,1.6787655,5.83763,0.013656399,0.0047500324,-0.108453415,6.368497,8.018807,8.114437,7.9518576,0.019348815,6.205885,0.0073314323,0.28552124,4.391721,2.4906808e-07,0.008805352,-1.8178184,0.30345017,0.74138004,0.19568309,6.9248686,7.874909,6.752819,5.03329,3.558964,7.353258e-07,5.712511,0.025379488,0.0021377325,6.5303097,5.4296846,6.977733,6.230664,-1.5872074,5.697537,6.217091,-1.2447929,5.0786347,0.17382292,4.31523,6.360298,-1.6616074,-1.8177334,-1.3504372,0.008409408,4.5997615,0.046489805,0.0010278701,4.8973227,4.5355797,5.4937563,5.8162017,5.912959,4.566672,7.15695,5.393501,-1.6152449,6.591565,0.092227854,6.717591,4.344119,5.945904,5.264531,5.6399016,4.6938972,5.807201,-1.2478604,-1.8040571,5.079895,4.4325604,5.5339446,5.6546216,0.8435161,5.0054097,5.023404,5.7917657,6.7020683,6.214846,5.3155017,0.09631959,5.549837,0.2281296,6.35764,0.082635395,1.1080894,5.713339,5.171396,5.0261235,4.5353727,6.7111225,6.20966,0.12526277,6.6911917,5.1850467,7.0848007,5.5302773,5.3185754,-1.1399255,6.8412857,5.061346,6.2430124,6.2905693,0.007154492,5.976986,5.1207185,3.9166875,6.4110937,4.5757246,5.720055,0.114569716,99.83621,7.043817,0.39970744,8.206281,4.673975,3.7292175,4.652104,0.811883,0.4015697,3.9798198,5.375692,2.5824697,5.582305,6.728773,7.166479,6.05766,7.271117,0.05066752,5.747612,4.9247084,4.8009863,3.8575537,4.9488554,6.176679,4.844827,5.120111,-1.8174561,4.4614797,4.527971,5.437949,6.4277744,4.628583,0.21011773,5.4054375,5.4329386,5.5843477,4.989355,5.700999,5.49951,3.7331216,6.1460147,6.8353343,7.072869,6.4223523,6.4659867,6.1347423,-1.4680382,6.048755,6.858145,-1.3622988,6.379453,5.770359,5.1578465,6.125964,5.3662767,1.4880427,4.7550592,5.5260806,-0.9993439,4.53507,4.788223,-1.2338043,3.8896592,5.4473667,4.8572326,4.1618586,4.8284826,6.422075,-1.3629031,3.8554232,5.4881997,-1.0915735,5.0085635,7.242323,3.479523,3.8818157,-1.5636401,5.413275,5.548492,0.026535427,0.06618831,0.71746683,1.6161461,0.14165162,0.7314177,218.94514,219.99083,0.54946584,0.14601743,0.18764478,0.115294635,0.24613906,-0.06193033,0.19127066,0.088303246,-0.18305486,-0.057501107,-0.04084598,0.20723622,0.1988917,-0.05320609,-0.3118824,-0.07846252,-0.054149713,0.034634784,-0.11980753,-0.33675495,0.16219011,0.08755272,-0.16851206,-0.03778412,-0.22358279,-0.17973883,0.11031819,-0.13952847,-0.20814463,-0.43419638,0.21167536,0.105534114,-0.21153142,1.0996201,-0.23632874,0.09348796,0.67291296,-0.15986551,-0.25835767,0.056364466,-0.21800037,-0.26844522,-0.28175336,-0.2980646,-0.16043971,-0.06822568,-0.23685041,-0.09793783,0.442036,-0.14289209
0.1519856,-2.1462915,-0.33788773,1.6585058,-3.1954591,1.1605673,-1.5197735,-0.8259732,-4.486932,-0.816456,-1.8937596,1.0507157,1.6307812,1.2382755,-0.9008802,0.16797446,-0.015488821,-3.3240457,-0.38769028,0.64518094,-2.0105007,0.32876715,-0.19045052,1.9418567,1.1688575,2.0493038,2.3006866,0.2754775,-0.5390647,0.62500113,0.85119456,1.1191818,0.17824937,0.80649173,-0.2287256,1.5130255,1.718515,5.0736823,0.0026791217,0.0017846609,6.6535664,6.821406,8.19919,8.20048,8.204735,0.00189773,6.136703,0.007206512,0.03443925,4.0867777,9.46843e-07,0.0036550816,-1.8178178,0.004677098,0.1406104,0.0054915315,6.029642,7.9691186,6.858923,5.309992,-1.7900623,4.3703945e-08,3.4869864,0.00066958443,3.2900083e-05,5.839651,5.750526,6.977693,6.2230945,-1.7261412,5.698484,6.361584,4.8162937,-1.8168944,0.015694285,5.7401195,6.3368063,-1.6317258,-1.8177907,-1.6369953,0.0067981714,5.0009127,0.0005950209,0.0013087341,5.2696586,4.53566,5.7214694,4.933702,5.9198523,5.965701,7.262555,-0.7257201,-1.8172048,5.382894,0.03742458,6.3355885,0.1358031,3.1722207,5.2766643,6.277711,-0.7762023,6.526327,4.8887362,-1.8177656,-1.8174576,2.5681684,4.920103,4.620109,0.0002158848,-1.8178185,5.895267,5.515603,5.7045646,6.5186214,4.9135137,0.059618216,6.546965,0.08333693,5.896321,0.0045264894,0.010539914,3.9147382,5.4774237,4.913971,4.1735034,5.9629803,3.1152112,0.061765745,6.8899364,-1.4796511,7.689559,6.9856634,6.148364,5.803007,4.248496,4.805055,6.229296,6.0545106,2.4100004e-06,6.289422,5.824824,5.7047167,-1.8045273,4.3546658,6.149509,0.00026788324,0.0032417742,2.722792,0.012985435,6.8689346,5.296445,-1.7694632,5.6842427,4.8684006,0.00012045369,4.165326,4.9495993,-1.8103446,3.5122104,4.7324924,-1.6931597,6.079811,3.5703232,0.0017895654,4.934152,5.706145,5.7391276,5.007656,5.3676057,6.8024645,4.7576666,5.4004464,-1.8173498,4.339215,-1.7454295,5.6755095,-1.0879335,-1.7617669,0.0009676214,-1.7838607,4.87665,6.2397366,5.9096184,6.19676,5.048368,5.082225,5.1662893,5.1818824,5.80407,5.7661214,7.5811176,1.7192285,5.4745965,5.1984706,-1.8171712,6.1899023,5.5764074,7.3989286,3.2926006,6.123222,6.294751,-1.817346,4.9133086,5.588926,5.180084,5.402865,5.9814305,4.6586843,4.8000145,5.6852784,3.8133535,4.1776958,-1.4548059,5.0100746,-0.5247444,4.5607624,1.8283798,5.717282,3.839048,5.428119,3.9725046,-1.5189748,3.6662607,6.198317,5.5997534,0.014263942,0.0011278316,0.55791724,2.6282,0.6970998,0.813285,11.62576,11.285573,-0.6967602,-0.44604585,-0.47421733,-0.2671764,0.23977417,-0.8540303,-0.4041586,-0.45066684,-0.45737356,-0.103145525,-0.66504174,-0.59929466,-0.45704007,-0.4797372,-0.119159184,-0.9598557,-0.6521922,-0.60086185,-0.45800412,-0.34314778,-0.6503148,-0.16618603,-0.18731405,-0.5423255,-0.09081256,-0.4802512,-0.2590806,0.3090982,-0.38418978,-0.1475233,1.4781334,-1.0604258,0.7612287,-0.2393123,1.7440832,1.2065648,-0.46531668,1.0569223,0.6777216,-0.26717287,-0.23500188,-0.25583103,-0.33674163,0.587639,1.0948653,-0.76161927,-0.83923995,-0.30931866,-0.5049,-1.1353178
0.5407577,-2.1462915,-0.066950515,1.3186835,-3.1504438,1.3671528,-0.92761123,-0.4643319,-4.2956643,-0.45393384,-1.0993116,1.1712204,1.6748598,0.88552886,-1.1979629,0.5401426,0.07222773,-2.0987904,-0.2629891,0.87227094,-1.6912305,0.47168896,-1.2404475,1.0109333,1.0399919,2.4043694,1.9774612,0.38920233,-1.0791482,0.6163379,0.70143354,1.2692958,-0.94663775,0.8008151,0.4023547,1.584283,1.7187525,6.654728,2.4864767,0.21789487,1.97619,6.477089,8.333355,8.757138,8.7140045,0.42288935,6.19037,0.058072012,0.065108135,4.4689245,4.422496e-11,0.000886057,-1.1203672,0.0046770982,0.14061092,0.10008183,6.1937537,7.6457043,6.374151,4.325055,-1.817018,0.025164515,0.8213159,0.0006695851,3.2900054e-05,5.4351077,0.6488922,0.5576482,-0.91040677,-1.8178184,-1.7042471,5.4024687,-1.7056503,-1.817453,0.021226041,-1.5483767,-1.8173401,-1.62022,-1.7699447,-1.8145521,3.396e-05,-1.8094401,0.0005950235,0.006297075,4.167176,-1.8175088,4.5104494,4.51876,5.197551,4.9654226,6.954086,-1.8178113,-1.8178087,5.3687787,0.18089494,5.9488773,-1.7728529,4.9903846,5.1567817,5.883933,5.907509,5.949287,3.756613,5.35722,-1.6931367,6.051175,4.4477143,4.1217656,0.00021587758,-1.8176004,4.571233,5.4651175,5.9493895,5.978257,5.0003653,0.025367348,5.872796,1.0413427,5.9815297,0.0021200792,0.40932027,4.927625,4.7506394,4.9983087,4.176393,6.1716266,5.2740808,0.006716091,6.351777,6.1944723,7.2113204,1.895904,4.085389,3.6932561,5.1026607,-0.48312446,4.8043137,6.3932595,2.4105843e-06,5.3172364,4.460005,0.87923104,5.627537,3.5188277,5.2236915,0.00026787052,0.0032223014,6.203259,1.1229949,6.9097886,-0.34167182,-1.8149102,5.1172132,4.9258447,0.00012045346,3.8616877,4.465864,-1.5847389,4.449985,4.885565,5.715246,1.8048036,2.8977585,0.015055813,5.3292365,5.1615114,5.0537972,1.7575754,4.3547907,6.210699,4.28594,4.8845186,-0.49088505,4.0822306,3.1063616,2.4436057,3.4939547,-1.427162,0.000967621,-1.8137347,4.937729,6.1288934,5.6748457,5.4593277,4.6719313,1.2552991,5.2173038,5.678289,3.7625682,5.0136776,7.112218,-1.0578948,-1.8178182,5.933024,2.832158,5.664247,-1.8177953,2.4269598,5.7114067,3.1509106,4.9714956,0.8438588,5.4017982,5.9049387,4.8208585,5.5500703,5.59918,4.4476337,4.818378,5.0959554,3.8800685,3.7760403,0.56720215,5.4675083,3.5590553,3.4046097,0.94185835,5.0300946,3.9845088,-1.152735,4.362502,4.853854,5.2278047,5.98708,5.5999374,0.0060200184,0.001127824,0.92492133,1.688214,-0.16136372,0.76084924,40.00246,46.572056,-0.735921,-0.031059677,-0.2568698,-0.50178266,-0.27082032,0.23811825,0.9443942,-0.011765964,0.28195244,-0.22568963,0.21254164,0.15363126,0.29836774,0.031303003,0.0472291,-0.5797137,0.20617135,-0.39111426,-0.41847506,-0.30148664,0.04475375,0.6044262,-0.2134884,-0.32307607,-0.18881866,-0.08181107,0.10750932,0.08819911,-0.06501976,-0.19960642,0.13532384,-0.17308462,-0.17401916,0.07975427,-0.37528065,-0.30380905,0.19763193,-0.18103042,0.21642907,-0.22279198,-0.12981914,-0.22102647,-0.32921326,-0.29812682,-0.2166299,-0.33061922,-0.41708356,-0.1439519,-0.447691,-0.112387374
0.27829844,-2.1462915,0.00444469,1.5729804,-2.2059186,1.463355,-1.0623066,-0.57052416,-3.6165202,0.07963854,-0.9157261,1.0762393,1.6189501,1.1699432,-1.2966971,0.2703259,0.004145657,-3.4389997,-1.2811638,0.35150334,-0.8837235,0.23739491,-0.99113476,0.2845402,0.8574404,2.2193503,1.9176742,0.40471533,-1.5973514,0.60318434,0.61982054,1.7296073,-0.07241436,0.8951948,0.5439081,1.5175707,1.764594,5.352737,0.002990273,4.1724415,2.4777918,5.9098115,7.527888,8.0442705,8.285843,0.2987434,5.712997,0.007207977,0.25878906,0.95528924,0.00059176865,0.03299575,-0.38912648,0.004678419,0.14063096,0.06304691,6.9591875,7.2671537,6.19679,-0.44327256,1.6994255,2.920915e-05,4.9125357,0.0006696411,3.2911565e-05,5.190261,3.9189982,6.973351,-0.3443946,-1.8178164,-1.814525,5.570387,-1.8098254,-1.8178179,0.049876593,-0.4086775,-1.8178182,-1.803159,-1.8175312,-1.5960047,0.00060844584,-1.8134632,0.00060087757,0.01009994,0.39160255,-1.4342977,5.0368767,5.8367257,5.733128,5.9864492,5.4481554,4.808287,-0.86579484,6.072687,0.46917918,5.606009,-0.080389425,-1.2986102,6.290416,-1.1698856,-1.7472084,-1.0634167,-1.8178136,-1.8177258,-1.7674304,-1.8134872,3.8728702,4.614427,0.00021925462,-1.8178165,-1.7688037,4.605999,4.513593,-1.0443647,4.2311773,0.106805764,6.1356997,0.11851128,4.9956517,0.0008674165,0.022738906,5.1524343,5.302434,4.216523,4.236544,5.84552,5.286743,0.009186071,5.006364,5.860237,-0.8102872,1.4747819,3.5163336,-0.9014929,4.789308,-1.8171271,-1.0718595,-0.18977779,2.4105707e-06,4.5333858,4.026316,-1.6527163,2.5386658,2.7546864,-0.97043985,0.00027302385,0.0040036296,6.0103045,0.0141358,6.732506,5.0553665,4.14609,-1.4699615,0.7297142,0.00012214042,-0.5722051,5.2093925,-1.6145465,4.0562077,5.6782675,5.5355687,-1.7853504,5.977189,0.0036714165,-1.3538822,-1.3070621,-0.9761002,-1.1459514,-0.6555851,-0.60426176,-1.1742884,4.346189,-1.8178183,-1.2177348,2.508548,-1.8072838,-1.6377109,0.3062236,0.0009678704,1.2472645,3.6856816,-0.5205697,-0.3627643,-0.96721774,-1.5317876,4.8396344,-1.726637,5.9387975,5.8722258,4.304355,7.021447,-1.817817,-1.8128426,-1.7731307,-1.8177963,4.0769544,-1.8177998,-1.8178184,-1.7416376,-1.8178108,-1.02497,1.101445,3.7930334,-0.86435705,-1.3826349,-1.8163868,-1.7808682,-0.78555775,-1.8178022,-1.0525215,-1.5767059,-1.236844,-1.804343,-0.9772071,-1.8178148,-1.2811754,0.6734328,-1.4230269,2.0708392,2.0161254,-0.21924114,-1.8042802,-1.7205101,-0.98862654,-1.6963269,0.025964368,0.0011279939,0.9446135,2.604719,0.039678298,0.8337316,211.27419,215.26807,-0.014852007,-0.04793045,-0.38207716,0.078155495,0.07640179,-0.1293737,-0.34882125,-0.36412412,0.11915519,0.2684078,-0.77795404,-0.44674578,-0.4868108,-0.3900072,-0.36686793,0.35728163,-0.110707685,0.16684136,-0.2476059,-0.13322417,0.43747967,-0.43352762,-0.34746945,0.09573999,0.77446675,-0.83115,-0.22968301,-0.6038139,-0.3718003,-0.48717874,-0.42692348,1.309879,-0.41711828,1.9626627,-0.22761057,-0.17192788,-0.43936667,-0.31670064,0.39504758,-0.26497686,-0.21373856,0.1768018,-0.33482498,-0.2980488,-0.31700376,-0.01405966,-0.48692414,0.016321084,0.63052624,-0.052838262
0.61897266,-2.1462915,-0.12953399,1.5687861,-2.1486664,1.3699235,-0.57947695,-0.7632666,-4.104684,-0.34758615,-1.1639538,1.2796613,1.4331993,1.0889252,-1.1811357,0.25396618,0.32784784,-3.0077174,-0.6089632,0.25560325,-1.9461225,0.47157598,-1.081835,1.6326667,1.1808469,2.167032,2.2504046,0.3159746,-0.68403244,0.6251847,0.89241207,1.3556167,-1.5563389,0.82090276,0.48740095,1.5931485,1.7458485,5.96867,0.58103484,0.2997812,-1.6813802,6.2611456,8.046758,8.573877,8.446816,0.14885105,5.7788825,0.039913155,0.028953237,3.6348722,3.638568e-11,0.00030852642,3.0031888,0.0046774284,0.1406307,0.051421028,6.9132743,7.558782,6.2141333,4.702506,-1.7749168,0.023187686,3.9705617,0.0006696584,3.290431e-05,5.2650194,4.8168077,2.2159917,-1.787249,-1.8178184,-1.8137311,5.222645,-1.817814,-1.4669354,0.020886028,4.8984146,-1.8048773,-1.7884245,-1.810461,-1.8168701,5.9660888e-05,-1.7767175,0.0005952426,0.0013888407,4.7253976,-1.8178046,4.48935,4.9192495,5.0654025,4.1527944,6.6525373,-1.8178159,-1.8178157,5.2931337,0.6263665,6.059063,3.0966651,2.7178383,4.7022204,6.2358723,5.907639,6.3775315,4.3171806,5.497203,5.6201944,4.520278,5.578506,4.9823146,0.00021592417,4.759267,3.8247578,5.7205434,6.4530826,6.4909477,5.490374,0.04761123,5.9961357,1.8335191,6.3007174,0.0025399167,0.9463304,5.301348,5.083612,4.9991198,4.216768,6.229086,5.332515,0.06737963,6.143187,-0.50428927,7.2264094,4.624837,3.9585426,5.581966,5.6406198,3.8257177,5.8835006,6.408834,2.6885477e-06,6.2347856,4.364957,0.5205573,5.9752026,3.7459884,5.354694,0.00027448987,0.0032536602,5.049343,0.08538483,7.6289897,0.9064504,-0.9377675,5.2048316,4.9254756,0.00012052972,3.931671,5.183875,-1.8116901,3.9771397,5.6526203,6.5756235,-1.7725247,7.404776,0.026722383,5.4743056,4.9045954,4.4421864,4.0407734,4.5647726,6.290618,4.479139,4.9324317,-1.7470248,4.6672473,1.3151257,-1.3185198,7.34605,0.2885175,0.0009676218,-1.8036097,4.889944,5.980739,5.5535636,5.5404434,4.998801,-1.6848975,5.698055,5.8158445,6.2436852,5.0057316,6.830882,-0.62283987,-1.8178185,5.9719844,6.6531954,5.957073,-1.8158058,-1.5855266,5.306326,3.33477,5.2633634,0.14879301,5.255045,5.708186,4.4024463,2.5498128,4.723373,5.1418686,-1.7261454,4.953183,4.2290783,3.884015,1.9051692,6.4162197,1.9605001,4.1707387,5.2282925,4.820945,4.990258,7.0806046,4.372093,4.854834,3.0322225,5.7579393,5.5999374,0.0060312455,0.0011278247,0.6830664,2.3073912,-0.061170183,0.9396425,180.38757,182.2618,0.15663694,0.617997,0.5404687,-0.24643396,-0.33631864,-0.19267066,0.3532133,-0.38022053,-0.037208177,-0.0002944632,0.09565164,0.24593793,-0.013426103,-0.12771904,-0.15252519,0.018982122,0.6203955,-0.018941076,-0.37443125,-0.22990055,-0.35161403,0.81028616,-0.34191576,-0.37169492,-0.17767473,-0.20479861,-0.28898725,-0.34876525,-0.08086076,-0.15365255,-0.32752126,0.2831592,-0.092234634,-0.013985058,-0.15692885,-0.084970355,0.601418,-0.34792155,0.1611841,-0.24952772,-0.13759471,-0.19001617,-0.32267824,-0.29812688,-0.34205967,0.07445236,-0.06902748,0.014821981,-0.17767918,0.20621082
0.18887016,-2.126698,-0.16656141,1.5024174,-2.9227445,1.2125982,-1.4521494,-1.0074942,-4.2493653,-0.7750192,-1.2015678,0.899672,1.5419316,0.42712826,-1.4580123,0.16055278,-0.14134845,-2.7059753,-0.72073627,0.007941775,-0.4280302,0.20387083,-1.0933427,-0.18101032,0.81295246,2.1150007,1.9398602,0.24640255,-1.9002457,0.618223,0.5862871,1.3515133,-1.4648232,0.7190377,0.48189446,1.4873716,1.5991004,5.7568717,0.0057598418,0.010614299,-1.7694266,5.6291337,7.881331,8.045792,7.9734807,0.009457065,6.0624876,0.007244552,0.3448501,4.9140787,0.000535887,0.009031558,-1.8177997,0.28876275,0.73599756,0.4718063,7.1266966,7.865581,6.7609515,4.361746,-1.2586373,1.6917494e-07,5.398619,0.046307936,0.006155415,6.718846,5.437838,6.9768524,6.2305737,-1.1356747,5.683091,5.835266,-0.38075218,5.083295,0.4032394,5.083673,6.359992,-1.8060853,-1.8177755,-1.5919492,0.003615375,4.1883826,0.0978908,0.0041345707,4.8000417,4.5356445,5.3675623,5.4498596,5.1183105,2.8915944,6.671183,4.6822057,-1.2588712,6.957703,0.04573752,6.2034073,-1.597924,4.868593,5.429966,5.809429,3.5913963,5.6904974,0.9358734,-1.8066943,5.229645,4.411954,5.317795,5.2845707,2.247149,1.8293029,5.7466073,5.652957,6.456118,5.7575483,5.3515286,0.0891404,5.0997,0.41768193,6.3322186,0.086465806,2.294834,5.351247,4.9768186,5.1271777,3.4775474,6.6376033,5.5670385,0.12552941,6.2985845,5.9213853,5.8144245,5.385433,5.9531612,-1.7901587,5.6844606,2.7247427,5.006778,5.5547066,0.0064397017,5.235815,5.577381,5.9331656,1.6032528,4.033206,4.9695926,0.04738561,238.2788,6.2555437,0.15656671,7.864157,4.461537,2.3298082,-0.35702875,-0.58785385,0.541401,2.7402496,5.3466268,4.2161293,5.254847,-0.44192615,6.8151875,6.077809,6.322684,0.052538004,5.5664363,5.25449,5.0605235,1.3584025,4.9746685,5.993787,3.959757,4.842991,-1.8176951,-0.12172282,4.3162737,5.140595,0.47406238,4.354662,0.2668544,4.945249,5.4057107,5.3800197,5.0735407,5.226161,4.14969,4.8171835,5.9274125,6.587368,6.779067,6.3011646,6.298642,3.3327854,-1.5326167,6.261573,2.161217,-0.14261892,6.3742566,6.0080776,5.098298,6.1248837,5.108992,1.272975,4.6433263,5.0766764,1.5103198,3.7067196,2.9925146,0.8228376,3.9065135,5.1747026,4.744842,3.9012566,4.642393,5.156759,-1.7636532,3.640357,4.7223353,2.231316,3.6607132,-1.4850658,-1.2985712,1.148774,-1.8144526,5.125511,-1.4999634,0.022354053,0.21725518,0.6841135,1.7248831,-0.056791984,0.7382015,43.449028,49.68073,0.2575592,0.6162454,0.033282228,-0.35215828,-0.33293605,0.030888967,0.13030979,-0.14275935,-0.055398855,-0.30624288,-0.6718414,-0.4797133,0.23266855,0.0025915185,-0.27267218,0.20390669,0.4478123,0.25581518,-0.06365662,-0.33725923,0.5589152,0.078167565,0.24152467,0.6564431,-0.45483002,-0.2803648,-0.0414404,-0.077077724,0.32479498,-0.5006835,-0.357858,-0.030488128,-0.6115341,0.6103284,0.006169682,0.36010966,-0.069805205,-0.06856112,-0.31333882,-0.20668672,-0.23336703,-0.26447293,-0.28608695,-0.29499638,-0.122372985,-0.47608554,-0.47948042,-0.4143578,-0.47668126,-0.39633337
0.78467596,-2.1462915,0.0020615596,1.7801434,-2.0152276,1.5731918,-0.47642404,-0.42501226,-1.836879,-0.09698196,-1.1327739,1.3217098,1.6013055,1.1732551,-0.8406177,0.5412239,0.36670962,-3.435151,-0.62967193,0.09959922,-1.8878348,0.61998665,-1.0237921,0.84592724,0.9464324,1.9043221,2.0904894,0.40446222,-1.4556997,0.62104297,0.7512262,1.3709229,-1.0429516,0.8905405,0.46738106,1.6240087,1.792424,7.045654,0.8877164,0.41032925,4.1852937,6.549956,8.387503,8.790084,8.644192,0.05952261,5.958687,0.017648315,0.03635844,5.024137,1.7458397e-12,0.0033154679,-1.7459488,0.0046831,0.14066106,0.1421015,6.4039197,7.75206,6.3711133,4.5673847,1.4753321,0.014859846,5.568103,0.00066980626,3.2919423e-05,5.8747,5.720841,4.8556576,-1.6275213,-1.8178077,-1.5585322,6.1301336,-1.8178172,2.1325748,0.037912298,2.937202,3.6758485,1.8843488,-1.8040044,-1.8166304,0.00031430312,3.6276867,0.0005956615,0.004205842,5.0946226,-1.7906476,4.7979074,5.315011,5.006333,5.113947,6.559064,-1.8178179,-1.8177888,6.033347,2.1033928,6.3784947,3.748053,4.146506,4.4132485,5.9920526,5.9076543,6.1232777,4.322508,4.6532936,4.3382945,5.05949,4.8061476,5.106518,0.00021633299,3.0315459,5.0807633,5.935229,6.7250085,6.148454,5.648753,0.048210654,6.100456,0.993617,6.381036,0.01348896,0.5796369,4.869785,4.972598,4.6746125,4.033676,6.522892,5.8666596,0.08364537,6.388251,4.9202356,6.9191456,5.0897965,4.787421,5.702075,6.051755,3.3889225,5.58714,6.2312994,3.0522265e-06,6.3063364,4.212361,2.4969554,7.2829037,3.8034313,5.9217362,0.0006481481,0.0034555031,4.399846,0.42448872,7.77985,2.6190171,-1.7287799,5.245441,4.9251,0.00012123365,3.8023853,5.1967263,-1.5644165,5.3586206,6.411048,7.248572,-1.811244,7.525117,0.0348081,5.6451507,5.1134734,5.3079076,3.9926767,4.5242395,5.9815116,4.5576763,5.141618,2.2977836,4.8261313,5.341552,-1.5537008,7.8097315,2.763061,0.0009676342,3.1860096,5.186218,5.805685,5.297083,5.5270805,4.785438,1.2741925,5.8441358,6.201989,5.67093,5.268131,6.472546,4.9961195,-1.8177582,5.5693345,6.8667707,6.2357817,-1.6195579,-1.1252152,5.3051,6.1169057,5.1456,1.4483831,5.568983,5.2035103,3.9056785,-1.1554323,5.5252895,4.6380653,-1.0429744,4.9163294,4.1956177,3.8061159,4.355837,6.484404,2.3339913,4.1139116,5.513718,4.7098613,5.342746,7.254415,4.4425282,4.85499,5.23317,6.116577,5.5999374,0.005710749,0.0011278287,1.0461451,2.7550106,-0.026719728,1.0249913,187.69342,187.197,-0.21270758,-0.33565086,0.30638486,-0.2412892,-0.20148095,0.11798115,-0.002375832,-0.3508836,0.13681708,0.2623524,0.025267504,0.017863268,-0.20030303,-0.38693336,-0.3742149,0.16461435,0.21774206,0.08235107,0.043442555,-0.2164138,0.29085726,0.072610036,-0.21123949,0.40141916,-0.021891028,-0.38297552,-0.24461195,-0.33204234,-0.3328371,-0.27715474,-0.2768437,0.807351,-0.3821101,-0.19058573,-0.2655692,0.1388952,0.16573541,-0.23322421,0.12619668,-0.24587572,-0.17961222,-0.2655162,-0.33164653,-0.29812688,-0.25636518,0.2558489,-0.15838775,-0.20664294,0.21380462,0.57875437
0.770171,-2.146291,-0.4668317,1.6245574,-3.1950502,1.57485,-1.0636916,-0.41728714,-4.4869957,-0.21871163,-1.1748514,1.0320635,1.6088562,0.8600517,-0.75204515,0.8278014,0.048922148,-3.3111722,-0.21364507,0.34070778,-1.96595,0.24351981,-1.0124885,0.95561093,1.0688928,1.9800829,1.9701277,0.34811243,-1.9036169,0.6204419,0.7953925,1.1303946,-1.2650113,0.8833594,0.5143435,1.6008596,1.784753,6.3922896,0.001171957,0.009213059,4.1772504,5.7388926,7.8559484,8.039279,8.015195,0.0029504658,5.6164427,0.0072066635,0.13124199,4.344358,6.605186e-08,0.0026402348,-1.817734,0.004681784,0.14061584,0.034425206,7.1509147,7.727904,6.5146646,4.9993334,-0.2889055,6.119931e-05,5.428161,0.0006697576,3.309733e-05,5.6968765,5.097113,6.975209,6.166816,-1.8176469,5.681716,6.1992397,-1.7229966,-0.36771727,0.32267216,3.1537921,6.292449,-1.8168454,-1.8178033,-1.8176911,0.0019239103,4.7620463,0.00059633696,0.0007830006,5.233602,4.5116615,5.1966147,5.744108,5.7438054,3.3809788,6.905566,-1.8143926,-1.817813,6.4390774,0.041691303,6.1623774,-1.7879218,4.0250015,5.8207326,6.0956807,2.308543,6.1730285,4.942311,-1.8118799,5.284006,-0.29614583,5.0213165,4.9272547,0.0002256279,-1.8177148,4.5590773,5.3742523,6.079047,5.8888817,4.6981845,0.08889081,4.692633,0.0859205,6.052341,0.010861807,0.026757304,5.700458,6.267807,4.9715796,0.21026984,6.1656165,5.4152675,0.43677276,6.6734347,7.1262054,7.211471,1.1913245,4.007491,5.0338635,5.6724496,4.582002,5.0820603,6.164818,2.415932e-06,6.2244406,5.3216624,6.0076623,6.5175586,4.05621,5.574434,0.17622338,0.0052386275,4.8979397,0.015702764,7.050662,4.8905025,5.0754724,5.263558,4.895947,0.0001298315,3.2776873,5.6402054,4.0324836,4.577992,0.71106756,6.937747,5.63664,6.373851,0.01607033,5.3683505,5.3378453,5.440034,4.2898207,4.942061,6.4084706,4.208401,4.6852922,-1.807671,4.748114,0.9694643,5.2415023,-1.7571667,-0.79052013,0.0009681077,0.3861139,5.2551556,5.884825,5.5416336,5.509306,5.1851535,4.9003105,4.307633,5.7500234,5.289418,5.584047,7.2429805,4.3278155,0.581846,5.7419944,6.777061,1.0926361,6.256167,4.8520455,5.1339493,6.125328,5.4423,0.18299305,4.4630523,5.8400702,5.0424814,-0.45367524,0.2938995,1.9003476,-1.6187156,5.4709826,4.186637,3.702438,3.258554,5.506443,2.1786919,4.5410886,4.946117,5.362098,5.009852,3.1531267,3.8857095,1.5047398,-1.748754,5.4086885,5.599901,0.032950673,0.0011284542,1.2065712,1.9425465,-0.034711495,0.76020384,12.420578,29.37712,-0.38252124,0.17249466,-0.04122195,-0.44870326,-0.30623296,0.5158941,-0.2844008,0.39606452,0.12631682,-0.27021343,1.0920157,0.4110214,1.0762949,-0.01262026,0.5010435,-0.31589562,-0.0028685392,-0.1512484,-0.39727834,-0.17077169,0.32916367,0.22144525,0.11194401,0.031428337,-0.3106397,0.73695815,0.50112176,0.79366916,-0.32043093,0.30831185,-0.4758903,0.23490632,-0.13643599,-0.26987594,-0.11763135,-0.2756565,-0.43130457,-0.33968306,-0.33117238,-0.24524347,-0.23299585,-0.26576746,-0.32932952,-0.29796985,-0.3408653,0.13732468,-0.8150098,-0.67728645,-0.07653316,0.66451883
0.6309129,-2.1462648,0.28047165,1.7705029,-2.2148464,1.3884939,-0.7724325,-0.7476269,-4.4648404,-0.2402267,-1.2398746,1.1011021,1.5273983,0.6126519,-1.6944829,-0.13900176,-0.027324576,-3.454072,-0.8070874,1.2495518,-0.75146246,0.44415712,-0.6243381,1.2881026,0.9293197,2.1398816,2.1586225,0.38740593,-1.8610682,0.624345,0.75425893,1.4180303,-1.7015643,0.9051339,0.136926,1.4760404,1.7614299,6.9451675,0.019288445,0.14332786,5.127502,6.181464,8.254674,8.631981,8.599259,0.12094402,6.1362004,0.007221783,0.08396077,4.6441016,2.6836524e-09,0.0009372923,-1.8177303,0.0054621464,0.14094126,0.06102942,7.6056604,7.708848,6.2647047,4.3692174,-1.7553914,0.011990698,4.5377374,0.00067263027,3.401058e-05,5.8987575,4.3545804,6.906599,5.7777348,-1.8173573,4.1343865,6.0973897,-1.817807,-1.6508005,0.029076422,-1.6732434,5.097128,-1.6840292,-1.8169824,-1.817333,0.00040895256,3.6236134,0.00060738705,0.005277903,5.051295,-0.12993406,4.7847366,5.333249,4.7732882,3.29177,6.774503,-1.8177567,-1.8177603,5.775655,1.3468704,6.415756,5.528015,4.0601377,-0.084050834,5.8514338,5.904661,5.908633,3.780917,4.2752266,3.0882533,3.225389,4.702404,5.0137,0.00048982276,1.3167845,6.5381017,5.734802,6.109471,5.619326,5.4308004,0.06269181,4.374525,0.78770876,6.186667,0.0020046313,0.10061,4.5544887,4.728774,4.8569865,2.8537245,6.4521637,5.5711923,0.37952584,6.2165675,-0.53747696,6.9917183,4.9786763,7.169839,4.624917,5.950975,0.4564438,5.4233217,5.635854,4.3986925e-06,5.855478,4.853607,5.574227,7.029349,3.6349862,5.133945,0.5070457,0.046090055,4.8073196,0.039179828,7.0308986,4.5578837,4.3064756,5.1067615,4.893353,0.00030826888,2.9650016,5.2440233,3.3672462,5.1064487,4.973446,7.0029664,-1.7320098,6.79264,0.029367222,5.118345,5.056992,5.504248,0.32390797,4.4044814,5.7346234,4.2334113,4.5321436,-1.8037555,4.6021447,-1.4155686,5.2419953,-1.6070467,-1.7442555,0.00097438786,-1.0917015,4.9601984,5.622548,5.1728516,5.1454315,5.0429487,-1.584945,5.416151,5.546982,5.8511543,5.3226004,7.2373066,3.6799357,-1.6823999,5.25505,6.8627896,5.393004,6.000634,4.3986573,4.458529,6.122798,4.5757127,0.43202776,5.095739,5.680297,4.674325,-0.5239228,3.9375072,4.950445,-1.781861,4.6705832,4.209251,3.2707593,2.5477018,5.6795955,0.028756289,4.233523,5.485637,4.428019,5.229387,7.249578,4.1535378,4.8266683,-1.4973795,5.0375323,5.5999374,0.018023353,0.0011317034,0.6929042,2.3725686,0.24748836,0.8944272,53.97708,63.786743,0.032893423,0.14329708,-0.059839252,-0.40435258,-0.005786621,1.1737258,1.0921805,0.33810255,0.510991,-0.15697919,0.0028932905,0.26506177,0.035025924,-0.08445737,-0.12622714,0.11253812,0.28257483,-0.12463173,-0.0726798,0.4865194,0.36294228,0.18613242,-0.23677865,0.41660944,-0.13683185,0.20771648,0.31750655,0.0057831844,-0.015435989,-0.061467547,-0.24520284,1.0512848,-0.37737074,0.64067084,-0.4394041,-0.077106364,0.15174855,-0.21750917,-0.3211912,-0.23161641,0.28421757,-0.26658085,-0.29880786,-0.29812664,-0.29437602,-0.0024636842,0.81925446,-0.11224108,0.09109029,-0.27535877
0.6632239,-2.0968432,0.28043982,1.8267506,-2.0059798,1.409836,-0.66475385,-0.60515034,-3.4028056,-0.20538418,-1.3665464,0.7616432,1.6731321,1.2228384,-1.6476778,-0.10400944,0.014473837,-3.4549997,-0.67218685,1.3358753,-1.4830624,0.05350603,-0.42586276,1.5110807,1.0671155,2.4004228,2.1344867,0.42596412,-2.1945856,0.62334466,0.6946835,1.5023757,-1.4694183,0.87929106,-0.061794676,1.2675537,1.7246333,6.709544,0.006732686,0.0022522677,6.941815,7.079953,8.433924,8.681479,8.478214,0.08601665,6.4280295,0.0072107962,0.10807456,4.9363027,1.6214922e-12,0.0007869639,-1.8178186,0.01373739,0.14885806,0.08275534,7.4695363,7.9793253,6.857898,5.3744903,2.8214266,5.8635247e-05,5.589047,0.0007020752,4.000246e-05,6.4156227,5.877255,6.977797,6.2306504,-1.418892,5.6975136,6.3557124,-1.8162742,2.3137314,0.035582654,-0.97700524,6.360247,-0.8422324,-1.8177398,-1.7897043,0.0011664373,5.2553616,0.00073032815,0.00349674,5.484772,4.527237,5.640467,6.0671644,6.1091814,3.3768947,7.5739956,-1.814784,-1.8177027,6.285911,0.88590235,7.114681,6.05456,6.623431,1.1655093,6.3738513,5.907322,6.569793,4.947891,-1.0882026,5.457467,5.1697636,5.3234487,5.6356373,0.002288773,4.988788,6.636185,5.9025664,6.645172,6.696467,5.6226044,0.06402948,4.644624,0.24909984,6.1792936,0.006852858,0.24653193,4.729699,5.018723,4.768547,4.609536,6.8989644,6.2371836,0.14193955,6.882437,2.184518,7.8133974,6.0052447,7.6312404,5.8171387,6.313169,4.49036,6.776966,6.5553575,3.4791978e-05,6.8958416,5.0401015,0.80609286,7.438705,4.4810996,6.4291024,0.22345005,0.39943016,5.928478,0.084139235,8.012482,4.722246,5.0135593,5.2472444,4.86081,0.0016250324,4.5381393,5.5561166,0.4088928,5.7308116,6.9161115,7.0129714,0.13698831,7.56842,0.024446404,5.807541,5.490259,5.552308,2.5820735,5.286212,6.7441373,5.3813477,5.2213182,-1.809616,4.730041,1.7349485,5.739922,4.9462686,-0.19318572,0.0010773296,4.4892306,5.312353,6.37079,5.872118,6.1822534,5.910618,-1.6793824,6.186881,5.946004,6.9576545,6.0564027,7.28592,6.1643047,1.2492703,6.3518424,6.867772,6.081521,6.379497,7.3184204,5.2767806,6.1259804,6.0422964,-1.8110622,5.146625,6.0258603,5.1963863,4.8221045,5.845819,5.1002865,-0.3784575,5.9342813,4.2882276,4.1663246,1.5272869,6.5574675,1.5391015,4.875715,5.5203238,5.2457995,5.358118,7.254491,4.228127,4.854202,4.7511687,6.028881,5.5999374,0.016436376,0.0011722696,0.68424284,2.57587,0.49680102,0.8350898,161.33586,176.05504,0.15995543,0.35069302,-0.13055924,-0.35040325,0.034536466,1.2050581,0.8969984,-0.19996622,0.68635213,-0.2502112,-0.06258915,0.5434353,-0.20842567,-0.38151866,-0.3269749,0.20538332,0.52486634,0.20503168,0.2205366,-0.10243917,0.7585549,-0.0597572,-0.31915876,0.82589155,-0.32248846,0.19832575,0.65709764,0.37238857,-0.35204548,-0.43428442,-0.119071856,0.8544563,-0.6514549,0.39217255,-0.48027527,-0.22500324,-0.3634514,-0.17010187,-0.39237356,-0.20837125,-0.075730585,-0.26851165,-0.29371023,-0.29812688,-0.30079138,0.38703305,0.90809065,0.20995818,0.29704857,0.21654916
0.3898389,-2.1462915,-0.1856028,1.725966,-2.0339842,1.4083301,-0.41966674,-0.5889921,-2.0527427,0.11624797,-1.2085929,1.0668266,1.4742271,1.1852384,-1.210601,-0.037396774,-0.036564466,-3.4523525,-1.5302337,0.43237427,-1.998703,0.2942444,-0.91883045,1.4221861,1.0164821,2.1279373,1.9424642,0.40510643,-1.4788888,0.6137366,0.7389918,1.7681228,0.13310117,0.8839321,0.48044616,1.533776,1.7682618,5.7498074,0.0040632673,6.108028,4.8418603,6.295479,7.599123,7.998859,8.10623,0.5104539,5.906681,0.0072089904,0.35252014,-1.663753,0.00020357166,0.02084684,-1.7796733,0.004680977,0.14062434,0.058029003,6.4480963,7.2516985,6.1616006,-1.7758297,-1.75416,3.450766e-05,3.9949763,0.0006697095,3.2925676e-05,5.0114713,4.9022393,6.389337,-1.8144019,-1.8178169,-1.8168011,5.5414953,-1.7752632,-1.8178185,0.026382742,4.851241,-1.8178185,-1.7529234,-1.8175371,-1.8029078,0.00014786849,-1.8156954,0.0006017676,0.0045021735,-1.7682331,-1.80962,3.712636,5.019078,4.2530227,5.0707064,5.1901703,5.3325195,3.922544,6.1663733,1.1380309,5.243619,-1.7448865,2.949908,4.5051966,-1.7217668,-1.7979286,-1.7789202,-1.8178182,-1.8176379,-1.8167561,-1.7659483,3.8789096,4.7078295,0.00023090983,-1.8178147,-1.7997915,4.777911,4.3007345,-1.7687345,4.690236,0.10150299,4.813115,0.3650978,4.9797215,0.0005453938,0.01634878,3.554698,4.2845716,3.9819407,3.6857722,5.205877,4.8773775,0.0057815798,4.799366,4.2609897,-1.777252,3.0594177,3.1982818,-1.779358,5.215105,-1.8176432,-1.7585286,-1.7757459,2.4123508e-06,4.639971,3.9419699,-1.814017,4.2827783,3.1338432,-1.702618,0.00027894074,0.0050459253,4.8413177,0.014398984,5.821246,4.2851944,3.9553251,-1.7819072,-1.6874437,0.00012295227,-1.7176675,3.3021822,-1.8070046,3.9534793,4.5747666,5.598037,-1.8175998,6.295673,0.0025660188,-1.79498,-1.8000855,-1.7731239,-1.8144933,-1.6995704,-1.7713033,-1.7803121,4.1692686,-1.8178184,-1.7831012,-1.753821,-1.8170081,-1.8128726,-1.7654413,0.0009693501,2.9214413,3.3468468,-1.7774968,-1.6870728,-1.7773728,-1.808548,3.8592937,-1.8118296,5.4599676,5.217617,4.2355113,5.2551084,-1.8178182,-1.8166614,-1.8102273,-1.8178145,3.6994722,-1.8178172,-1.8178185,-1.8098384,-1.8178159,-1.7743504,1.8493419,3.6545653,-1.7743347,-1.8002685,-1.8161005,-1.8087498,-1.8126737,-1.8178155,-1.7911288,-1.803798,-1.7352018,-1.8130022,-1.769367,-1.8178182,-1.7850244,-1.7590553,-1.8041931,-1.7449719,-1.7464294,-1.6476756,-1.8155521,-1.8175732,-1.7878118,-1.8159685,0.043961134,0.0011283552,0.79067564,2.531555,0.034564715,0.8309825,232.69324,233.0813,-0.30635244,-0.25279745,-0.21476002,-0.19980882,-0.27874622,0.36696926,-0.27766111,-0.3685225,0.48414797,0.18844524,-0.6426015,-0.4675104,-0.5113035,-0.29868725,-0.25785214,0.25344253,-0.10929819,0.09447578,-0.36227062,-0.06445635,0.76483876,-0.32983086,-0.31960225,0.27375752,0.78453577,-0.8894333,-0.380538,-0.63161266,-0.32966447,-0.5134054,-0.4848719,1.6321026,-0.62312895,1.7186223,-0.21367437,0.027365489,-0.36837307,-0.28381678,0.11686673,-0.26173744,-0.18290827,-0.20863956,-0.3301899,-0.29806218,-0.27767405,0.13684016,0.23805977,0.09646373,0.80691785,-0.16918336
-0.16662978,-2.1462915,-0.28983843,1.8315871,-3.1952069,1.1741413,-1.6645172,-1.0280924,-4.486344,-0.8992836,-1.2727624,0.7668817,1.6423231,1.1946775,-1.0935786,0.3902876,-0.18048586,-2.0034564,-0.2573765,0.24035239,-1.3071172,-0.07116535,-0.64996165,1.1704816,0.96997225,2.1204748,1.8563426,0.20591483,-1.682399,0.6240124,0.6309654,1.0836445,0.1874167,0.7010422,-0.18284093,1.4785379,1.5919122,5.904192,2.2607717e-05,0.0007917248,-1.4299037,6.877984,8.28849,8.046736,8.29204,0.0026659542,6.3893733,0.007206484,0.065112,4.3040843,0.00011436601,0.0036543417,-1.8178184,0.004678344,0.14061628,0.058588263,6.243394,7.965296,6.6908994,4.97509,-1.7325743,2.2613578e-09,1.5724343,0.00066997757,3.3170756e-05,6.0034647,5.237811,6.9778786,6.2303348,4.365614,5.6983714,6.1884875,4.7498527,-1.6609107,0.019351447,5.8570533,6.359718,-1.8176812,-1.8178185,-1.8170414,0.0043030516,5.1286325,0.0005974127,0.00056572375,5.0090714,4.535676,5.6199923,5.364968,6.0994277,5.9702935,7.2229543,-1.3250595,-1.8175465,5.5308723,0.03741307,6.46046,-1.7184724,2.5240703,4.322433,6.182972,5.7381926,6.4589643,4.806147,-1.8178172,0.10307587,1.5083712,5.095261,5.017087,0.00022772058,-1.8178108,6.5271254,5.290228,5.6945906,6.344342,4.683106,0.13934404,6.570045,0.0761919,5.9712305,0.015589793,0.011442872,5.4134836,5.4813843,5.040172,4.404559,6.1631107,3.0353343,0.04824377,6.727223,5.536871,7.7142553,7.0175376,6.0648055,0.40852523,4.377854,5.035422,6.3824544,6.4045954,2.4110664e-06,5.281219,5.8163376,5.8733535,-1.8019743,3.6560738,5.7090135,0.00026846805,0.008637615,3.7711258,0.011565196,6.48278,2.586235,4.0841303,-1.4341086,4.882792,0.00012166013,3.885392,5.2179804,0.15715191,3.7272792,-1.4602989,2.923889,6.0800076,4.519186,0.0020697233,5.5548086,5.734657,5.297271,3.0544865,5.2936473,6.7038198,5.097213,5.1591473,-1.8178184,-1.2656952,1.0282264,5.757325,-1.812877,2.3492398,0.00096790487,0.22040829,4.9892545,6.337621,5.7273073,5.8013763,5.0201163,5.187121,3.9165547,5.4018226,6.1585064,5.2975903,6.6558805,-1.7495149,5.8729796,3.6536765,-1.8171258,5.0873475,6.3391976,5.7671666,2.8559003,6.11949,5.728184,-1.8177091,4.646955,5.7649603,5.241493,5.656225,6.0477424,4.34028,4.843278,5.5045657,3.9743502,3.9795744,4.17249,3.951248,-1.8169432,4.453661,2.5029483,5.375351,1.9796867,-1.7271761,-1.4284103,3.89209,-1.8158278,5.946909,0.6310236,0.026135435,0.001136645,0.79362315,2.0661535,0.29231822,0.76543844,18.183014,12.619508,-0.23784073,0.06831487,-0.48802906,0.1443523,0.14681284,-0.6121406,-0.40512118,-0.4482121,-0.16374436,0.301262,-0.9042649,-0.7808081,-0.43109065,-0.43116826,0.150213,-0.68534696,-0.23538566,-0.6096508,-0.07387908,-0.14422256,-0.50165576,0.029933218,-0.1322875,-0.47648287,0.18424098,-0.6467104,-0.51998854,-0.123761795,-0.37758476,-0.10125019,-0.4718409,-0.9262236,0.4912152,0.024548437,1.6448482,0.74394166,-0.6726896,0.9325149,0.70825744,-0.26840279,-0.23502919,-0.26729542,-0.33317068,-0.08916974,0.9805784,-0.75404686,-0.90447384,-0.59194756,-0.95689064,-0.79417205
0.55063146,-2.1461723,0.34230942,1.8649238,-1.9536263,1.3654083,-0.63711154,-0.7685054,-4.2894154,-0.22702922,-1.3030508,0.9718728,1.5896327,0.9855436,-1.7262213,-0.19542979,0.019257583,-3.4549384,-0.898875,1.3614184,-0.74644625,0.32655382,-0.54423004,1.4421622,0.94164115,2.2416174,2.1759453,0.39591295,-2.096281,0.6248248,0.6954294,1.52512,-1.7390125,0.8946796,-0.14255694,1.4192127,1.7483959,6.920244,0.007916426,0.05191185,6.2152762,6.5971975,8.355293,8.681118,8.621702,0.17921469,6.223134,0.007210848,0.08052854,4.6340585,1.2555483e-10,0.000577328,-1.817817,0.00733638,0.14173733,0.059377417,7.3960776,7.7573094,6.357187,4.463928,-1.6383209,0.006588102,4.220764,0.00067660655,3.4442794e-05,6.013902,5.1449203,6.958683,6.200127,-1.8156103,5.3555264,6.0916843,-1.8178129,-1.4256948,0.023917336,-1.699494,6.3006153,-1.5640631,-1.8175424,-1.8173814,0.0003258312,4.7723937,0.00061906397,0.003786251,5.2188735,1.0647855,5.1241455,5.516658,5.2337747,3.0318916,7.0308914,-1.8177631,-1.8177798,5.8654933,1.7135612,6.5897927,6.193477,4.8740277,-1.0115716,5.9993334,5.9074187,6.1686,4.393936,3.9644144,4.2965217,4.493875,4.825706,5.2847476,0.00078205875,5.03756,6.855346,5.860016,6.3079224,6.025119,5.6325903,0.05413643,3.7709377,0.64468217,5.9407682,0.0021391574,0.117451034,4.251302,4.6584435,4.7814307,3.8658857,6.6591306,5.9720917,0.28089714,6.135545,-1.1550697,7.1041913,6.252442,7.9625096,5.1734686,6.046523,1.3829063,5.77458,5.8618956,9.41076e-06,6.337736,4.8959804,4.7847385,7.423958,3.7403598,5.746148,0.29077947,0.113867514,5.0585413,0.034218863,7.3941493,4.8913255,4.7113805,5.0659304,4.8943734,0.00051258877,3.6533291,5.3277006,3.2097313,5.6592097,6.5258207,6.93131,-1.7551571,7.320567,0.035383713,5.4218235,5.2275686,5.471405,-0.14338133,4.8170443,6.120328,4.813047,4.7393746,-1.8051649,4.5262265,-1.4757806,5.4961386,-0.9393158,-1.7374862,0.0009810998,-0.88925636,5.037977,5.9066124,5.310243,5.579713,5.329695,-1.6556153,6.019492,5.805957,6.3586063,5.4919815,7.1722045,5.3191404,-1.700598,5.910091,6.86757,5.8907747,6.357016,6.5209937,5.012452,6.125843,5.093327,-0.4894247,5.2827435,5.7100143,4.7777123,-0.37226707,5.1311913,5.059356,-1.7439063,5.3017144,4.193143,3.6499803,2.0957105,6.0568786,-0.30279484,4.4693036,5.5154667,4.514407,5.140497,7.254375,4.111385,4.8508196,-0.023049917,5.405109,5.5999374,0.012158911,0.0011335177,0.6208042,2.636418,0.35576263,0.8964387,67.20051,74.76843,0.04842555,-0.01559537,-0.18067448,-0.38834795,0.08554848,1.3143495,1.3192005,0.034426056,0.6602538,-0.23548539,-0.30627927,0.24607864,-0.2540113,-0.32200038,-0.34273612,0.25319907,0.24063034,0.0011154808,0.22854733,0.5227679,0.5646263,0.04549268,-0.27939945,0.641943,-0.15815672,-0.058381498,0.3770705,-0.0036530464,-0.23247662,-0.42041177,0.07781688,1.1458287,-0.53030145,0.7053699,-0.45661825,-0.052089408,-0.010911141,-0.046610236,-0.32975906,-0.24652271,0.19209501,-0.26831964,-0.29639417,-0.29812685,-0.22849692,-0.06275672,1.0468072,0.041596975,-0.07310247,-0.47265545
0.766865,-2.1460905,-0.5102664,1.2952309,-3.195156,1.3583467,-1.0199684,-0.5340343,-4.4808354,-0.3234235,-1.816297,1.0969754,1.5795444,-0.7606718,-0.81245375,0.6527256,-0.057242002,-3.4488845,-0.39296556,0.48931304,-1.7091491,0.34070328,-0.3039445,1.452223,1.0979091,2.2165544,2.1443229,0.55106354,-0.68895966,0.6083198,0.7563785,1.1203306,-0.25286236,0.8349457,0.1126255,1.4351,1.6957945,6.4336896,1.5166464,0.024073625,6.6446114,6.3179393,8.203755,8.503228,8.38673,0.004799707,6.429339,0.0076089483,0.14141522,5.09242,2.0807356e-09,0.017892083,-1.8178158,0.0046775914,0.1406129,0.03236372,6.971898,8.02453,7.0088515,5.150295,-1.7618322,3.5043457e-05,5.8745437,0.000669603,3.2908003e-05,6.187428,5.7014194,6.5915112,6.1842756,-1.8100201,5.698237,6.341695,4.623814,-1.8167249,0.046097443,-1.7805055,6.282729,5.459871,-1.8039674,-1.1082702,0.0017317281,4.9945846,0.00059508847,0.016488556,5.355462,4.5356116,5.644425,5.870389,5.7921185,6.332492,7.031746,-1.7914999,-1.8106529,6.425885,0.059250917,6.6974,-1.4237511,6.254731,5.9227304,6.3880415,5.392091,6.3566175,4.2261534,2.5066314,-1.8164107,7.189712,5.251336,5.0707774,0.00021724758,-1.8178185,3.9307969,5.922941,6.649932,6.1776476,4.789877,0.07040571,6.191938,0.14620696,6.81229,0.039908685,0.014445038,6.3425055,5.6999345,5.2762036,4.5504375,6.5128508,5.517405,0.17886099,6.9682045,6.5235085,7.409067,-1.0251964,3.4260616,-0.22019279,5.1956687,4.418577,4.9785748,6.200038,2.4113397e-06,5.475276,5.4536605,4.150817,3.7006907,4.188564,5.8012657,0.00053781795,0.0040162117,6.195525,1.6019238,7.0919266,3.7363293,-1.8149194,6.0041003,4.835451,0.00012059451,4.288333,5.071779,0.55656284,4.8131137,6.4243345,2.7226856,6.057652,6.5243473,0.0032393897,5.6132827,5.188738,5.1082873,4.859691,5.128616,6.619815,4.799538,5.287524,6.5719094,4.0054893,3.0305676,5.044956,1.1158857,-1.5063372,0.0009676886,3.0824685,4.918901,6.0180497,5.8499184,6.0390816,5.2170553,4.438428,-1.2053918,4.8107347,5.775763,5.627245,6.7836432,5.6690755,5.1129804,6.153937,4.754708,4.3699884,-0.85657465,6.964982,5.8182583,6.1259446,5.79398,-0.4192653,4.7708592,5.6846046,3.8427067,5.9904685,5.653666,-1.6531987,4.838514,5.6780896,4.5372763,3.9788744,0.9978901,6.428847,4.6679707,4.2151794,5.0590234,5.029204,5.3698015,7.091146,4.2011466,3.9946373,1.6417409,6.023949,5.5999374,0.042181384,0.0011279002,0.8463444,1.2860516,0.59019154,0.6880109,135.70956,115.36676,-0.7230068,-0.40017578,-0.33751747,-0.52734745,-0.28717592,-0.43754342,-0.11295111,0.049961638,-0.41934752,-0.23127997,0.66148055,0.149968,0.074738234,-0.10342065,0.6952206,-0.83418554,-0.51958,-0.30675462,-0.48555672,-0.3629184,-0.49384168,0.1508922,-0.15648971,-0.59809965,-0.44741935,0.30844668,0.27586102,-0.5283518,0.5853438,0.2873009,0.7415336,-0.7810159,0.47487128,-0.38847566,0.6342374,1.0943502,0.4812527,0.6653854,-0.22094819,0.15963155,-0.19830205,-0.2585995,-0.3182055,-0.19325249,0.77039784,-0.19032697,-0.6817777,-0.707947,0.21716973,-0.49163175
0.37490907,-2.135699,0.22449303,1.3718351,-2.342484,1.2844914,-1.0054704,-0.8553356,-4.45139,-0.52333236,-1.2773948,1.1124071,1.4986404,0.8321421,-1.3830895,0.32990447,-0.0015976363,-3.3663676,-0.6081297,0.017682679,-0.6062265,0.39156696,-1.0299238,1.1816374,0.8892006,2.2454796,2.2031322,0.27286157,-0.6787657,0.62085503,0.6313318,1.2019318,-0.9100095,0.7477605,0.52433884,1.4829344,1.6318517,5.727852,0.0015532331,0.004051075,-1.7686064,5.9494457,7.8463473,8.037565,7.9131804,0.0064562852,5.8050284,0.0072115865,0.09354961,5.0884056,3.077247e-06,0.010477938,-1.8178178,0.052105688,0.21471319,0.09357317,6.7187905,7.776079,6.5438237,4.750443,1.3486018,1.2610543e-07,5.4997606,0.005933598,0.00078812084,6.223651,5.5294485,6.97767,6.230662,-1.6017131,5.6972,5.9955707,-1.3656656,5.028915,0.10239936,5.3375797,6.360345,-1.7821995,-1.8178105,-1.7440609,0.0046164216,4.3193355,0.012965535,0.0006610716,4.6909266,4.5356703,5.3417006,5.483842,5.658108,4.66754,6.710843,5.5359306,-1.7739469,6.8858814,0.043207973,6.424348,2.2926016,4.7994614,5.5341253,5.3503175,4.292063,5.4143796,-1.5970453,-1.8158865,4.4752865,5.287672,4.9221687,5.4258914,0.1930471,2.6382148,4.0312185,5.7402687,6.353358,5.8780694,5.314211,0.06799157,5.5920677,0.15496308,6.318512,0.05809518,0.4011509,5.79109,5.251769,4.964472,4.212541,6.4050894,5.838081,0.10465915,6.571956,6.1835637,6.366064,4.7236247,4.32995,-1.7005326,6.363893,4.5183077,5.796941,6.2264166,0.0007577585,5.4281964,4.9658575,5.316342,4.7720165,4.2522874,5.49737,0.019476166,19.110481,6.7885036,0.04315632,8.097237,4.8738103,3.26989,2.6857505,2.4612916,0.065193444,3.5514035,5.2950425,3.9453504,5.1776557,3.6540642,6.934004,6.077523,6.98897,0.017344508,5.8110046,4.883384,4.9211745,4.653017,4.807977,5.666443,4.4811487,4.987118,-1.8177612,3.0574088,4.90418,5.061653,4.335019,4.536166,0.04015237,5.350609,5.2834287,5.3674965,5.013037,5.470047,5.042956,5.0439487,6.1763926,6.8671455,6.99174,6.3423457,6.1464877,5.4844427,-1.615021,6.086124,6.653038,-1.5115372,6.3794637,5.5234976,5.474929,6.125952,4.81749,3.3821774,4.757955,5.293591,-1.5227954,3.5143957,4.0818634,-1.4055866,4.5115294,5.259786,4.9006543,4.163788,4.973393,6.3282075,-1.6843836,2.9292414,5.264573,-1.4456444,5.0735908,6.183278,1.3309754,2.2114642,-1.7878157,5.082393,3.7582724,0.02442717,0.016546277,0.7720415,1.4704214,0.025194868,0.8210864,212.86142,215.59618,0.4006289,-0.19719593,-0.12457226,0.19599043,0.25461227,-0.29155087,-0.16065918,-0.105739534,-0.34060404,0.14384742,-0.4686567,-0.34903523,-0.0056626573,-0.16824524,-0.34710458,-0.3928374,-0.35874528,-0.31829825,-0.12305885,-0.2975247,-0.30441025,-0.03424109,-0.033703852,-0.49985325,-0.04835467,-0.41676936,-0.20132829,-0.30758032,-0.19906677,-0.3803393,0.041806165,-0.15766361,-0.15252605,1.1497262,0.33486024,0.28016868,0.8680921,0.1574443,-0.028917802,-0.1180182,-0.23386833,-0.26837665,-0.28015104,-0.29761192,0.17558697,-0.3314511,-0.5805148,-0.34183213,-0.33139697,-0.469788
0.56231076,-2.1461785,-0.28899738,1.5519196,-3.1888306,1.5369793,-0.8327373,-0.51796764,-4.486315,-0.26793966,-1.2843506,1.065547,1.5929627,1.0693785,-0.9424896,0.6455127,0.060568944,-3.4441614,-0.28234157,0.6569539,-1.403051,0.34579548,-0.98803836,0.52646124,1.0448812,2.0007377,2.1869829,0.30346617,-2.5418992,0.61448133,0.79857874,1.2193418,-1.4711524,0.83600026,0.42545056,1.5335283,1.7335937,6.321626,0.0022977893,0.00922613,5.708484,6.0084934,7.8875985,8.042984,7.954245,0.006868818,5.926789,0.007208307,0.15298904,4.2633724,3.9418257e-08,0.001723354,-1.8178116,0.0051911036,0.14106552,0.06168133,6.6356006,7.6654205,6.425773,4.681527,2.7434704,5.7307752e-05,5.201059,0.00068048766,3.9064456e-05,5.8648005,5.3544292,6.9767766,6.227282,-1.8159559,5.6816216,6.309214,-1.801658,3.510479,0.38897172,-0.9046141,6.350299,-1.8119924,-1.8177872,-1.8154819,0.003694465,4.335127,0.00064680935,0.0010754678,5.218774,4.52739,5.0959744,5.6040926,5.6237974,-1.0939018,6.799357,-1.7747742,-1.8177556,6.2576537,0.07632325,6.2239976,-0.73858005,3.867975,5.395379,5.909607,4.3292375,6.042701,4.608655,-1.8012203,5.541259,2.313067,5.229843,4.899813,0.00065767794,-1.7854849,5.770759,5.2795625,6.1027164,5.7548885,4.7723503,0.107833706,4.5380793,0.10638826,6.0225387,0.018204762,0.19390795,5.578535,6.168853,4.922421,3.0793478,6.3265457,5.634693,0.34820879,6.465505,7.0186634,7.090561,-0.7857053,4.794974,4.6983743,6.1189556,4.7617555,4.8597293,6.289422,3.639256e-06,5.754014,5.4266615,5.8796024,6.83287,4.0459995,5.3511653,1.9921972,0.08877422,5.471511,0.025443388,7.2057304,4.4178557,5.1573563,4.6761036,4.726355,0.0007227955,3.2347913,5.6775665,3.8584316,5.1200504,4.038808,7.071559,5.416325,6.6993847,0.043622583,5.273219,5.276538,5.1290274,4.6824837,5.0035524,6.1904,4.2680597,4.7360845,-1.8094765,4.7829766,3.5475552,5.02999,0.39192194,2.6586926,0.0010244815,2.0332367,5.0656805,5.8097243,5.4322047,5.270699,5.209045,4.840457,5.51395,5.897841,5.314708,5.443754,7.2262077,4.320988,1.5185105,5.853033,6.8633466,1.2693585,6.375089,5.0503063,4.3600917,6.1258335,5.1778746,-1.0001836,4.6564107,5.660027,4.633703,1.4527544,2.8763726,4.2692375,-1.7476236,5.621012,4.1522455,3.6941214,-0.46579096,6.0052624,2.8921466,4.685603,5.4576144,4.871617,5.040575,7.1346707,3.9070194,3.237551,-0.3817207,5.5061917,5.5998507,0.02813567,0.0011583337,1.1120996,1.7193043,0.01460643,0.7746875,46.127018,66.96937,0.7702441,0.9639614,1.6108847,-0.17832607,0.12140664,0.49168718,-0.192825,0.050395172,0.37603003,-0.27729377,0.79821485,0.6115686,0.87426597,-0.3398182,0.06960169,0.19352245,0.75692034,0.5137358,-0.41930228,0.034416657,0.5179697,0.045113076,-0.14045294,0.58547556,-0.24178784,0.77946526,0.76578665,0.7844026,-0.31994218,0.17869036,-0.42380896,0.49774936,-0.72571266,1.2046953,-0.0831731,-0.2805667,-0.013729641,-0.3029602,-0.39555234,-0.15222359,-0.22052905,-0.26785263,-0.30329624,-0.2981126,-0.34009445,0.14360842,-0.49511346,-0.43941364,-0.13083777,0.41776714
0.6378075,-2.1457055,-0.18642966,1.3655493,-3.1097307,1.3394717,-1.076283,-0.54742634,-3.9601436,-0.26504248,-1.4924592,1.1980473,1.5716258,-0.02408905,-1.3693143,0.34000853,-0.054666307,-3.2458007,-0.774619,0.34639803,-0.60378456,0.5602136,-0.5234704,1.068421,0.8597117,2.2189925,1.9614297,0.43764034,-0.9952522,0.61119753,0.65744567,1.2639401,-0.8353706,0.900453,0.54111415,1.4289197,1.7576783,6.7310114,52.194927,0.24883671,6.9361916,6.102179,8.233705,8.7703905,8.721078,0.072440036,6.3323574,0.62776166,0.09095142,5.1634884,1.4915357e-09,0.007445346,-1.8138407,0.0046931976,0.14085579,0.12514289,7.867238,8.002661,6.8907566,4.875834,-1.8010999,0.004661191,5.871831,0.00067051174,3.3183158e-05,6.3349943,5.3448424,6.662248,5.597399,-1.813795,5.3707075,6.0917206,-1.7466016,-1.3903207,0.018798495,-1.7628586,0.81632173,5.6583943,0.9296487,3.9784346,0.00084025186,4.7212734,0.0006001637,0.043980304,4.791824,4.3625813,5.4255066,5.7678905,5.6458645,6.1212745,7.424088,-1.8158427,-1.6087343,6.7913556,0.6238173,6.9195857,4.7013764,6.6874614,5.7257304,6.177344,5.8961267,6.0190196,0.6179724,5.9053345,-1.7985935,5.286146,4.290203,4.762532,0.00024554707,-1.8175292,3.3458996,6.399903,6.3292418,6.4868693,5.567412,0.03282537,6.4183064,1.815363,6.9338894,0.0069118906,0.7772122,5.5653596,4.5150566,4.9917397,4.387451,6.5659237,5.4724874,0.2405708,6.7705765,5.9881473,7.650148,1.7417754,3.622009,0.96369225,5.3169117,0.8170756,5.9320908,6.4807005,3.1367265e-06,5.8362827,4.507054,4.4067235,5.479626,4.0587196,5.383662,0.0016531807,0.012545803,6.191611,17.661901,7.4233418,-0.4086967,-1.8169494,5.388932,4.8066425,0.00013833983,4.275632,5.050089,-0.089559,4.23145,4.381,6.290436,3.3526947,6.7008033,0.019350454,5.6032453,4.6608167,5.532616,1.4409329,4.2673774,6.469209,4.8044353,5.2033496,5.7657247,4.405503,5.3825264,1.3802574,6.6745033,-0.8745195,0.0009690316,4.883314,5.187729,6.1872063,5.8705206,5.901156,4.799768,-1.6842064,3.8936791,5.9565306,6.207558,5.886019,7.6877375,5.7572446,-1.4725963,6.0687733,6.7510033,6.2658505,-1.7061473,6.7459307,5.714192,6.1219983,5.261528,0.23758121,4.8446655,6.012019,4.9280133,4.321376,3.790019,4.330456,4.6757526,5.8124695,4.464177,3.7668138,4.5842123,6.2697845,2.2368138,3.8064861,5.473514,4.0023136,5.5896945,7.237389,4.3258767,4.8449044,4.3140554,5.9665027,5.5999374,0.012605098,0.00112852,0.81334215,0.59902865,0.30562115,0.81496704,154.35628,171.60275,-0.6739458,-0.03864188,-0.24257575,-0.5199354,-0.2534804,0.18256862,0.59829456,0.44506606,-0.26101196,0.108624645,0.1595953,0.17778443,-0.03680195,0.3983315,0.261125,-0.7981547,-0.03144354,-0.46951476,-0.43952525,-0.40480602,0.2851933,0.27004555,-0.13627426,-0.03238176,-0.231896,0.027399622,0.2571512,-0.3482369,0.6658878,0.2766838,-0.24978139,0.24396053,0.040880002,0.018399982,-0.38703948,0.15694009,0.5315785,0.009151744,-0.14663403,1.0772545,1.0525665,-0.24692075,-0.3128647,-0.2980236,-0.14801845,0.19293268,-0.080071464,-0.103237435,0.25820154,0.27327287
0.74834996,-2.1462915,-0.063405335,1.5776852,-3.0619493,1.4072363,-0.9654119,-0.616515,-4.486816,-0.27970493,-1.3236235,1.2594278,1.4328097,0.6905339,-1.4717222,0.13478264,0.009305703,-3.4381642,-0.59712404,0.7034455,-1.8686458,0.5440048,-0.67086387,1.5459589,1.0318235,2.0593748,2.1660335,0.35291255,-1.3489083,0.6241956,0.8798206,1.2484013,-1.4134951,0.90797466,0.530348,1.5663692,1.794071,6.6082487,0.009433705,0.044886775,4.492859,5.961791,7.9569116,8.320348,8.242596,0.02231421,5.928782,0.0072105015,0.06324795,4.5560126,1.4078397e-08,0.0006561029,-1.8172016,0.0046880394,0.14062184,0.028840676,7.508489,7.703694,6.203345,4.750003,-1.7991304,0.00638976,5.3952184,0.000669756,3.3009237e-05,5.5816855,4.5964074,6.9697237,4.129647,-1.8178121,2.6753352,6.1305485,-1.817765,-1.2125096,0.040554974,-0.09407798,0.47981915,-1.815027,-1.8176078,-1.8175396,0.00030353336,1.4265982,0.00059627544,0.00287748,5.2704387,-0.9864737,5.009541,5.661846,5.17785,2.7989814,6.876106,-1.8176349,-1.8178127,5.54082,0.10859266,6.366941,2.752424,3.6596594,4.9213657,6.1343646,5.5841904,6.3255906,4.40218,-0.035598587,4.567106,1.6177751,4.809025,5.1551366,0.00022107364,-1.7212074,5.855346,5.6365705,6.2467895,6.2656264,5.1235747,0.10686634,5.4479213,0.81361437,6.160413,0.0020447844,0.18703528,5.3251033,4.730641,4.979396,2.0753016,6.2451863,4.9185534,0.2413973,6.5010195,1.4591321,7.2658615,1.5411539,4.2482967,4.764503,5.71626,2.7781188,5.5825934,6.3856955,2.4481935e-06,5.4589458,4.7772818,6.015524,5.9757433,4.00859,5.038511,0.39836428,0.004605447,4.929128,0.018600829,7.456717,4.7567925,4.468231,5.1506457,4.908926,0.00012847512,3.4315128,5.6090574,2.7046869,3.7333007,0.49713653,6.7881784,-0.801928,5.651692,0.030630078,5.4309425,5.120017,5.4398055,4.601933,4.645487,6.181048,3.9561915,4.457767,-1.8128223,4.8670263,-1.4103557,5.300777,-1.7657841,-1.7600633,0.00096778665,-1.6708536,5.0704947,6.032093,5.6660337,5.3535066,5.3141365,-1.0758264,5.3473454,6.062534,4.676351,5.2480793,7.6192636,-0.44146848,-1.7778707,5.605604,6.8117166,3.7964282,4.4003015,0.2962984,4.7569304,6.1099615,4.8619075,-0.7713511,4.9370294,6.0279436,4.9116635,0.275533,2.425648,5.1059537,-1.8100564,5.16556,4.49143,3.6660457,2.8555553,5.645638,4.1721334,4.2459717,5.1492558,5.0615926,5.314334,5.897499,4.3304625,4.153222,-1.767327,5.1801696,5.5999365,0.022780102,0.0011279713,0.77372915,1.9043665,0.2380458,0.8886982,37.416264,68.92402,0.2670756,0.9070854,0.8230153,-0.3626821,-0.13776936,0.6432032,0.131603,0.47949243,0.22649527,-0.050003126,0.66237825,0.3081313,0.36164656,0.21864939,0.37616217,0.063364245,0.7397738,-0.030549034,-0.42106864,-0.007516055,0.25971076,0.41207498,-0.16672261,0.23316903,-0.35242945,0.62613475,0.30614263,0.20993651,0.22171064,0.2446738,-0.50158167,0.7276782,-0.3154862,0.21889402,-0.27394316,-0.2966889,0.37725013,-0.3411243,-0.20112269,-0.2067866,-0.009844702,-0.25923398,-0.29385063,-0.2981256,-0.34700882,0.1894684,-0.030361047,-0.21281502,0.14445694,0.29012793
0.7165464,-2.1462915,-0.011793151,1.358907,-3.1605632,1.4972005,-1.3335263,-0.3254753,-4.4866247,-0.41716912,-1.0197312,1.2313555,1.6183836,1.1780959,-0.9471322,0.64341563,0.048686344,-3.1083233,-0.27186853,0.43070397,-1.991196,0.51379734,-0.8320297,0.6299106,0.93113863,2.2541904,1.9806979,0.36636627,-0.8340157,0.60651976,0.6922467,1.2490786,-0.6958936,0.8772269,0.5169675,1.5379722,1.7672083,5.4293904,0.055038363,0.039092172,1.2550495,5.853991,7.7051234,8.283701,8.135687,0.038647782,5.3957653,0.0072768163,0.03803866,5.4599204,6.027816e-07,0.0064861337,-1.3979093,0.004677132,0.14061123,0.02969704,5.4518113,7.6237044,6.3354173,5.1541843,-1.7088299,0.0030997538,5.4043384,0.0006695935,3.2901073e-05,5.475679,4.09211,6.947023,0.6588611,-1.8178184,-0.80997515,6.5713286,0.14039072,-1.810725,0.06781059,-1.261171,-1.8151026,-1.8116596,-1.814822,-1.7170752,0.00019846103,-1.7566661,0.00059510936,0.012402761,5.401743,-1.636658,5.1344633,5.579148,5.2402115,4.852893,6.7570553,-1.7668756,-1.8178024,6.367709,0.11593636,5.9466686,-1.6294693,0.7394458,6.5164237,6.0320873,-0.4428305,6.2678776,1.0817866,-1.76995,0.6226936,-0.16953576,4.6865973,4.278855,0.00021589533,-1.8178124,0.6661336,4.912869,6.304086,6.1860237,5.6307063,0.03154795,5.5820966,0.31543127,5.85441,0.0024948868,0.06754643,4.873282,5.563623,4.188099,2.396712,6.0235395,4.3977537,0.039854165,6.5688815,4.9087405,7.148176,-1.4426867,4.409923,5.7533474,4.75086,-0.15895791,5.1718564,6.523053,2.4103524e-06,5.140042,4.336342,5.646201,6.138892,3.5541716,5.463722,0.0002751238,0.0032489789,5.386748,0.04447029,6.7716436,5.2557807,-0.27379125,5.3029585,4.9105062,0.000120473866,4.058036,5.381402,3.6410966,4.270693,3.0580473,4.947318,5.0947466,-0.32782975,0.014214911,5.3635435,5.1485896,5.515969,5.0023,4.878986,6.325432,4.6622133,4.4861016,-1.8092414,4.6217103,-1.2664795,2.339639,-0.5407369,-1.6565484,0.0009676219,-1.8160112,4.6110888,6.0173593,5.628857,5.738638,4.9161096,4.404028,5.9963923,5.257078,-1.0291905,4.2649655,7.7739263,-1.7868274,-1.817379,5.5816045,-1.3960176,4.246668,-1.808167,-0.17758755,5.456007,0.3191334,5.562943,-1.48683,5.0239987,5.6694283,4.875186,-0.32968965,1.3038288,5.1134553,-1.3736626,4.691751,4.0740185,4.0835266,-0.32494894,5.426114,4.67502,3.7728887,0.08552648,5.344643,5.1548,-1.2287892,4.3362365,0.40049136,4.9555345,5.9133945,5.5999084,0.008006637,0.0011278251,1.063526,2.2850237,0.1069291,0.8667891,10.726019,11.278769,-0.3428511,0.0035266965,-0.28157175,-0.25331497,-0.24427934,-0.14390242,0.00048728308,0.09783527,-0.14509028,-0.17577314,0.2501636,0.028427973,0.31038114,-0.11888323,-0.29611793,-0.17942838,-0.18730497,-0.25187752,-0.2946326,-0.28304902,-0.22825766,-0.07675909,0.0069020228,-0.23895274,-0.10066222,0.21377029,0.40170398,0.50954795,-0.2596775,-0.30502748,0.008161528,-0.10334662,0.1318643,0.25836584,-0.04981417,-0.46725675,0.35946128,-0.33705547,0.17219715,-0.25253984,-0.16431586,0.49631387,-0.3344364,-0.2977459,-0.3355856,-0.12304648,-0.1291535,0.027329272,-0.1552016,0.28677887
0.33886793,-2.1462915,0.10847388,1.6278057,-2.7066782,1.2483814,-1.409567,-0.9247442,-4.3844285,-0.64128315,-1.054525,1.2514261,1.672112,0.6119354,-1.5754853,0.08047752,0.15131767,-3.1526845,-0.6588525,1.058931,-1.2043277,0.36394674,-0.7787081,0.9742405,1.0127339,2.388786,2.2583764,0.36150035,-0.7959914,0.60943776,0.7557302,1.3636198,-1.5396178,0.9098708,0.4912507,1.5720754,1.800276,5.736691,0.15715802,0.15732752,-1.7872692,5.98501,7.908073,8.4451475,8.524467,0.2206326,5.9700494,0.014590312,0.04911519,4.9464793,1.2391058e-07,0.0043705837,-1.5617948,0.0046772617,0.14062093,0.08130726,7.4829216,7.5859084,6.1606283,4.7740316,-1.8057034,0.0066208914,4.253336,0.00066960946,3.290086e-05,5.375216,-1.6650214,6.704464,5.1683474,-1.8178186,-1.8176686,5.5432115,-1.8139752,-1.8178003,0.014845124,-0.55164313,-1.8178161,0.34989345,-1.8126285,-1.6075686,3.7225e-05,-1.8178099,0.00059517776,0.010848858,5.235337,-1.8177391,4.3189216,5.4959583,4.8058457,4.828874,6.6344132,-1.7804306,-1.8177291,5.516575,3.8270686,6.268532,6.1796246,2.148237,5.914422,6.0039606,4.512201,6.070176,-1.4920149,5.2812686,-1.7368077,3.122862,4.3123755,4.2061677,0.00021591084,-1.8113453,1.0359719,4.895104,6.2175274,6.1970677,5.7825165,0.089791685,5.6289563,1.2616524,6.0912437,0.00015438374,0.568199,4.8944626,4.4984546,4.3241687,3.5898702,6.074469,4.263202,0.18989871,6.643189,-1.5948547,7.1534534,2.2578704,3.4392986,5.3060775,4.70309,-1.8135778,5.763245,6.34394,2.4322896e-06,5.8494396,4.7872977,4.9802847,4.0899944,3.0273976,4.932701,0.0002685293,0.0032816073,4.8182387,0.10026023,6.8332453,4.9677224,-0.79529107,5.412991,4.904058,0.00012053221,3.165227,4.722183,-1.72229,3.5439012,3.824877,-0.8414283,4.2919254,6.256821,0.006055158,4.8876724,5.0518336,4.547719,4.9764256,4.9180064,6.227516,4.1823587,4.4359636,-1.6945134,4.1467233,-1.4413116,-1.4272757,-1.5854924,0.18805523,0.0009676231,-1.817718,4.4732556,6.1023135,5.567767,5.3494315,5.0553336,4.7735734,3.9027436,4.442191,5.35339,4.444942,7.511903,-1.8177953,-1.8178185,-0.44192982,-1.3472444,4.905489,-1.8178102,-1.8177009,5.409915,-1.8174993,5.417977,2.9402678,4.980957,5.968528,5.0105553,2.947476,3.4618623,5.081291,-1.8056756,-0.9493783,-1.0749032,3.7786121,-1.8117659,5.285096,5.9711313,4.242981,4.073201,5.5562644,4.56248,-1.7298411,4.362401,3.5328896,4.793213,5.892104,5.5992713,0.009537529,0.0011278256,0.5993543,2.850225,0.22014438,0.932405,165.29431,170.22108,-0.017379172,0.4542684,-0.38232824,-0.10151358,-0.2884579,0.4031705,0.06817207,0.22865751,-0.0017618645,-0.1800726,0.17009123,-0.038860068,0.36456922,0.0049642194,0.48288554,0.11875344,0.18845516,-0.187325,-0.030390626,-0.44152537,-0.13184124,-0.27793646,-0.1998269,-0.19085284,-0.4470969,0.20697965,-0.06127095,-0.3877776,0.044848315,0.010630158,-0.2696194,0.09868035,-0.28667557,-0.2247126,0.2946243,-0.17552382,0.55238444,-0.34546587,-0.35294983,0.3354837,1.385627,0.59784335,-0.28986624,-0.2981268,-0.33846292,0.07792412,-0.65141463,-0.14123586,-0.18796484,-0.3577329
0.49462909,-2.1462915,-0.16045842,1.3684916,-3.1705337,1.4667585,-0.6690704,-0.46871647,-3.9239821,-0.27771595,-1.0979191,1.0805974,1.6960272,0.7962344,-1.0246534,0.59541065,0.19723411,-1.9756645,-0.28287467,0.4570697,-0.7122727,0.38143215,-1.2841457,0.77194047,1.0863706,2.269254,1.9815292,0.41915745,-1.6355828,0.613835,0.67829025,1.3265096,-1.3815145,0.77183914,0.2910294,1.6079748,1.7035956,6.6475363,10.040505,0.5293772,1.8800894,6.3045025,8.285291,8.743126,8.715133,0.34584028,6.2147636,0.89179265,0.073491156,3.9447465,2.26693e-11,0.0012579325,4.2096786,0.0046771043,0.14061405,0.11964632,6.395916,7.6496043,6.5088606,4.276554,-1.8052192,0.025616817,1.490633,0.0006695897,3.2900214e-05,5.3916254,2.549829,-1.3608325,-1.3211133,-1.8178184,-1.7640923,5.269791,-1.8062236,-1.8154082,0.041569665,-1.7603438,-1.8155624,-0.43420252,-1.5803572,-1.8041903,0.00011092716,-1.7717952,0.000595035,0.0066821235,3.8427708,-1.8173201,4.394674,4.153435,5.0804677,4.454607,6.861508,-1.8178147,-1.8177502,5.377656,0.37061673,5.8650675,-1.7581943,4.442779,4.6729426,5.6613226,5.9076443,5.6638374,2.7876544,5.7266836,-1.1607034,5.596371,4.8937793,4.320396,0.00021587985,-1.8168873,4.344928,5.576815,5.8374763,5.769423,4.8950067,0.024221316,5.987655,0.87863755,6.132276,0.0060772565,0.6782706,5.128378,5.356609,5.1143727,4.2691207,6.1767745,5.8406262,0.011406232,6.134038,6.807953,7.0249906,2.1065836,4.0557423,2.3884797,5.4921603,0.73284703,3.9870806,6.2484694,2.4163753e-06,5.564694,4.6928115,-0.99716634,6.598614,3.4369926,5.046921,0.00026787643,0.0032252227,6.0248594,4.8056693,6.9588804,-1.5249008,-1.8169857,5.026619,4.92572,0.00012045606,3.6868868,4.7492743,-1.7467672,5.4221063,5.7175965,6.807159,-0.15177791,6.7804065,0.030310426,5.3348927,4.8716702,4.5532637,-1.2880758,4.4143605,6.2253437,4.1706543,5.08996,4.5880795,4.3143106,6.103728,-1.495959,7.704058,3.4428384,0.00096762105,-1.7693172,5.00801,5.994442,5.584262,5.372978,4.1633663,2.382737,4.981805,5.7674394,5.8470454,5.203199,6.925466,3.3711069,-1.8178183,5.912979,5.4711614,5.8274364,-1.8178072,4.312494,5.6537676,3.9050236,5.123147,3.6868002,5.2381983,5.7175603,4.2291217,4.57876,5.346265,2.871413,4.8014326,5.433954,3.8873985,3.5547097,0.6184321,6.2403364,-0.26475582,3.597908,4.259324,4.5605445,4.7910995,3.3757536,4.2956505,4.8547997,5.270179,5.967205,5.5999374,0.005867839,0.0011278241,1.036525,1.525337,-0.1932689,0.72807616,96.857994,101.97196,-0.7124807,-0.1576959,-0.050436977,-0.4563397,-0.25652468,0.03896928,0.9036003,-0.22323938,0.2351705,-0.28544003,-0.0119378455,0.16362047,0.35722727,-0.28001362,-0.15429842,-0.62426853,0.10144152,-0.2823274,-0.39801162,-0.17286672,0.09842812,0.5282578,-0.24319687,-0.24634193,-0.11738964,-0.18504076,0.017773934,0.09153213,-0.18773977,-0.11054531,0.344497,0.012480443,-0.4399964,0.67730755,-0.40808424,-0.18303074,-0.0066841883,-0.09486342,-0.021171248,-0.19414227,-0.14425065,-0.20749038,-0.33299857,-0.29812685,-0.15117085,-0.2616458,-0.4585612,-0.092963085,-0.6211583,0.06602699
0.40590307,-2.0720758,-0.20857222,1.336716,-3.105313,1.200903,-0.9917397,-0.9219216,-4.480264,-0.36946908,-1.7394835,1.231916,1.506092,0.40351802,-1.4227222,0.23203075,0.06914511,-3.142303,-0.7432043,0.69887346,-1.2802697,0.55869967,-0.80447245,1.3859253,0.9814067,2.0896866,2.2770128,0.28154448,-0.86604387,0.6159218,0.77121717,1.203637,-1.6384681,0.7653242,0.52753776,1.4951469,1.6748548,5.2089615,1.0250399,0.06703007,5.3818727,5.0172176,7.594409,7.915494,7.891845,0.0065802154,5.3149114,0.020901108,0.036679987,4.763264,1.1820146e-05,0.004839593,-1.8123796,0.0064238533,0.14724974,0.02014856,7.4421983,7.76135,6.7509212,4.832327,-1.7333497,3.3834607e-05,5.5176816,0.00089846377,7.058688e-05,6.031638,5.330884,6.9762363,6.217577,-1.8146411,5.548243,5.7752986,-1.6054409,5.192406,0.06900927,-0.18227452,5.292317,3.8821595,-1.7176192,5.277318,0.001729309,1.3532283,0.0010723821,0.02430773,4.8682613,4.5285044,5.3514624,5.3510814,5.350659,-0.6238846,7.1625094,4.937492,-0.07663834,7.270853,0.16890408,6.2914367,6.5843954,6.1086564,6.026607,6.021248,-1.7913342,5.908873,-1.0609124,3.514177,-1.5222815,3.59098,4.5578423,4.3493676,0.0051481654,-1.8135263,3.0918396,6.0072937,6.262916,6.243917,5.9248796,0.03346562,5.522346,1.8464928,6.8147326,0.0038861947,0.4389969,5.79533,5.45409,4.697045,0.93151057,5.9582157,4.9030905,1.2927434,6.7146773,2.5154889,6.905035,0.27936476,3.6536632,1.9633933,4.999678,4.119154,5.0827537,6.045446,3.952723e-05,5.8578367,5.194111,5.8553047,5.0620255,3.7806342,5.2084513,0.26312292,1.2624705,6.4674406,0.3517819,7.75884,5.2685156,-1.7002854,5.7086415,-0.56235105,0.0060971812,3.267445,5.522971,2.0185223,4.217119,0.76870227,3.7870383,6.03735,6.5097113,0.018014187,5.4366636,4.8476357,5.404915,5.014892,4.5279675,6.241944,4.0827737,5.1045613,-0.38767198,4.6433725,-1.2122695,3.579826,3.6168733,-1.6261904,0.001726743,0.06171003,4.865135,6.0900383,5.6947446,5.6403794,4.4821424,-0.28532293,5.409508,6.0634894,6.540814,6.0923443,7.429836,5.2864466,-1.646279,6.248986,6.3809466,5.236017,4.825774,6.467985,5.240658,6.1025844,5.6154857,3.8582287,4.2418137,5.5984645,2.0307176,-1.3358129,-1.6984702,4.870914,-1.7839288,5.7176733,4.352702,3.672332,0.3116348,6.0900426,6.3914037,4.146929,5.134539,2.8893073,5.248043,5.171322,3.650682,-1.4567991,-1.3041002,5.058892,5.594083,0.016054232,0.0014996254,0.6290164,0.43689838,0.2506952,0.79761744,120.7601,150.57906,0.066390425,0.3409566,0.878841,-0.25793278,-0.08787305,-0.21818581,0.95302695,0.32869518,-0.6063419,-0.27927312,0.33551523,0.57781965,0.33066228,0.38232893,-0.10859707,-0.74597913,-0.19666521,-0.10913051,-0.45529947,-0.30247873,-0.24099028,0.37087536,-0.19970985,-0.49132532,-0.28371862,0.37641817,0.4577822,-0.036266852,0.71176636,-0.09086258,0.6053774,-0.21189806,0.03442214,0.35575297,0.45663396,0.13193673,0.9913169,-0.20028515,-0.33339772,1.1230183,0.6354063,-0.07163995,-0.3033464,-0.26570362,-0.27277845,-0.37596595,0.06319177,-0.16079274,-0.18837148,-0.3156021
-0.07054972,-2.1241102,-0.35377127,1.5805417,-3.1249766,1.1653327,-1.5689288,-1.0387633,-4.1930237,-0.85666376,-1.2215039,0.8563124,1.5587014,0.54382986,-1.4297411,0.22258589,-0.17222375,-2.2757647,-0.7363458,0.103691615,-0.6036764,0.055648033,-1.055932,0.30658996,0.8215308,2.2494571,1.8549472,0.20144853,-1.8281885,0.6144868,0.5779633,1.3286088,-1.5037948,0.68973994,0.468208,1.4033635,1.5810187,5.5298066,0.016334677,0.013254219,-1.7733164,5.3901715,7.8794765,8.01676,7.9615965,0.009142848,5.7591915,0.007283499,0.0915505,5.0365505,0.0012433198,0.011579563,-1.8177977,0.042450964,0.25495887,0.16338742,7.2151113,7.910028,6.812333,4.62165,-1.7230066,6.724135e-08,5.298976,0.0083982935,0.0019199442,6.4812346,5.455034,6.977484,6.2303944,1.769105,5.6745048,5.7449746,2.0173793,5.2140217,0.08920949,5.7168117,6.3582735,-1.7209293,-1.8176455,2.9317033,0.0025710536,2.3444693,0.02164744,0.011359432,4.9162774,4.5356646,5.4630027,5.3285108,5.03549,1.4514531,7.049651,5.2069545,-0.2629388,7.2011766,0.042820416,6.370323,-0.9514964,5.92237,5.262403,5.9074802,1.2508836,5.927276,1.6319476,-1.7734905,2.2935317,5.3736973,4.7761936,4.7554793,0.31473026,-1.5992944,4.7446947,5.769905,6.1223965,6.0447516,6.1577373,0.07027262,5.6861496,1.035639,6.6257186,0.024072949,0.7516597,5.4494324,5.0535784,4.95854,3.7490642,6.3404074,4.290688,0.3441012,6.4520283,5.9799957,6.193331,4.635906,5.23711,-1.6704601,4.6359215,2.8409765,5.4441137,5.712452,0.0009482706,5.3926706,5.4309864,5.733903,-0.26811862,3.296157,4.89473,0.006249301,37.587265,6.173289,0.07566755,7.5242376,4.6113353,-0.18159199,-0.92404306,-0.70453507,0.05852142,2.9235127,5.318651,4.1539598,4.3880677,-1.0624188,6.0329976,6.0792356,5.9761305,0.010801927,5.322219,5.1868725,4.8034034,4.1876063,4.948284,6.2781262,3.994721,4.9546924,-1.8174179,-1.1004257,0.81074864,5.186036,-1.2112486,1.6464186,0.02854391,4.182324,5.141546,5.7267714,5.4324455,5.3545947,4.2081447,3.3266938,5.024923,6.054432,6.497344,5.9330583,6.5536904,0.05069852,-0.6352026,6.1641035,-1.3506187,4.689507,6.315234,5.6822715,4.618276,6.1209393,5.1821775,-0.52225035,4.4300203,4.9832196,3.4597185,3.1171782,1.5877905,4.561396,3.0242257,5.299841,4.40929,3.6811104,3.934573,5.033932,-1.584128,3.4428208,4.009364,4.023852,2.954504,-1.6717012,-1.6089178,2.3077762,-1.8148963,5.1086917,-1.6375458,0.025365058,0.048411816,0.64349866,1.1379168,-0.035459578,0.7376913,60.834373,62.98695,-0.047876265,0.3961107,-0.07053165,-0.28502303,-0.34940052,-0.085037336,0.03547409,-0.29269603,-0.34025288,-0.23275948,-0.7728167,-0.62055355,-0.1218777,0.14368564,-0.21936579,-0.059168596,0.21912944,-0.18123704,-0.043333583,-0.33083645,0.1991157,0.248347,-0.0027387151,0.10747233,-0.31869134,-0.44241977,-0.21799356,-0.31234476,0.6422445,-0.40479374,-0.41587055,-0.15285282,-0.6481612,0.14652136,0.58197254,0.2131988,0.2123997,-0.07174437,-0.22018832,-0.14858863,-0.23246379,-0.24986973,-0.29710242,-0.26979354,-0.085306965,-0.5174549,-0.41370985,-0.3949249,-0.7844142,-0.39108026
0.57168067,-2.146291,-0.15233493,1.585994,-2.752894,1.4263122,-0.79685175,-0.5508477,-2.8368661,-0.20470265,-1.3925849,1.2553165,1.5644057,0.7219516,-1.1371783,0.3439671,0.24508575,-2.999859,-0.8192881,0.15963694,-1.1671636,0.5596472,-0.6863925,1.2111741,0.95538396,2.0336115,2.0252364,0.4042411,-1.1908104,0.6175786,0.73973936,1.3677366,-1.0928774,0.88177365,0.5072721,1.5354172,1.7712576,6.5512524,27.92334,0.588575,5.9754643,6.242436,8.213797,8.707366,8.631786,0.09150579,6.111285,0.81756806,0.061831646,4.476002,4.769782e-10,0.00489353,-1.2703593,0.0046917573,0.14098324,0.12058709,7.3084326,7.903029,6.6923885,4.444687,-1.6124188,0.010606673,5.559544,0.0006709991,3.3056367e-05,5.961851,5.4394827,4.831249,-0.116278104,-1.8174394,-0.2779517,5.7297373,-1.8169937,0.93409985,0.030645916,-1.006134,-0.036794502,5.1468077,-0.761866,-0.70595646,0.00065361225,3.5659182,0.0006003614,0.021496717,4.5876875,-1.2126905,5.183723,5.405125,5.3382688,5.806251,7.103331,-1.817641,-1.8053586,6.155526,0.96479213,6.595476,4.1623573,5.7649994,5.466904,6.0118575,5.9074206,6.025267,2.2738295,5.7270617,-0.67940396,4.1905107,4.71947,4.723081,0.00022415647,-1.7366232,3.09179,6.1903453,6.4454226,6.337872,5.5803924,0.04305779,6.3145604,1.6588329,6.566196,0.011765923,1.0270776,5.2987843,4.6684794,4.789961,4.2298856,6.4472647,5.4135213,0.15118206,6.422021,4.7419276,7.2043395,3.5507357,3.7723901,3.718923,5.433121,2.4930558,5.588586,6.2852154,4.6147748e-06,6.170819,4.417067,2.1909082,5.937428,3.6804912,5.3986163,0.00054015405,0.0074577797,5.1805334,7.845395,7.367297,-0.37851518,-1.812747,4.9540296,4.902185,0.0001307418,4.099871,5.0853953,-1.5915262,4.588902,4.9235573,6.2736344,-1.1187971,7.385896,0.03261714,5.5489907,4.4014,5.125797,2.071475,4.2237215,6.226049,4.647463,5.225532,5.4890547,4.359175,5.542618,-1.4780792,7.7766037,2.1165373,0.0009680075,2.8359964,5.065192,5.9796925,5.5281987,5.6676097,4.2535057,-1.2945962,5.0416155,6.068944,6.2841964,5.562392,7.345415,5.4497843,-1.8157243,5.820021,6.8039074,6.297614,-1.7836967,3.6499445,5.606534,6.084749,5.2070074,2.1269035,5.16715,5.595541,4.3640122,1.516446,4.174877,4.7943287,2.917787,5.589632,4.005942,3.6515322,3.9179301,6.39355,1.7846826,3.7769086,5.4822946,3.9266174,5.3388934,7.245724,4.223623,4.854068,5.0930905,5.960143,5.5999374,0.0066979555,0.0011279732,0.84567744,1.590305,0.18073407,0.913959,193.03015,194.76562,-0.44642946,-0.04374691,0.2054855,-0.3839874,-0.24197301,-0.091014005,0.281376,-0.18445008,-0.17071198,0.1262909,-0.15205729,0.011300834,-0.14399348,-0.16416918,-0.20535117,-0.47169995,0.13850011,-0.26254728,-0.30169797,-0.35869294,0.24110568,0.2484271,-0.1920149,0.12448555,-0.16399682,-0.30232203,-0.023041304,-0.28932413,0.06724562,-0.0013550334,-0.20391232,0.57180154,-0.245901,0.03929627,-0.21263553,0.17087306,0.35316247,-0.09726099,0.030556103,0.20558713,0.24863008,-0.2252746,-0.3245273,-0.29812592,-0.17314923,0.13094532,-0.033563763,0.025541695,-0.12310219,0.3158749
0.8687912,-2.1462915,0.069062695,1.5691273,-3.0631244,1.5443178,-0.8726615,-0.47040528,-4.483018,-0.29209414,-1.021268,1.1901668,1.5140585,0.41858205,-1.2221926,0.41323444,-0.08983579,-3.452073,-0.4067029,0.94146997,-1.5919403,0.41903776,-0.85065645,0.9475041,0.91601616,2.2293072,1.9368862,0.44420484,-1.0308967,0.6231366,0.73089206,1.3076551,-1.1820515,0.8969349,0.43962985,1.4908253,1.756025,7.2370358,0.009388698,0.056050077,-0.24577165,6.615542,8.379355,8.745711,8.692748,0.06323912,6.2564263,0.0072096516,0.09432059,5.108539,7.708287e-11,0.0016586222,-1.8177116,0.004679177,0.14061287,0.08701374,7.1407275,7.7714844,6.306029,4.914861,-1.775191,0.016275221,5.396906,0.00066959945,3.2912612e-05,5.7049956,3.6456988,6.17101,2.064467,-1.8177886,4.7392454,6.1176,-1.817507,-1.8155575,0.03068274,-1.4641203,2.7944653,-1.7963489,-1.817721,-1.8178121,0.00017204367,1.9479524,0.0005951328,0.0013301797,5.173142,-1.0262315,4.9090343,5.6224895,5.1654596,6.0538964,6.607277,-1.8178173,-1.817818,5.641649,0.36511084,6.2716155,-1.4380174,3.968815,2.380046,6.1443944,5.9075217,6.277997,4.720259,1.4180979,1.676319,4.389772,4.6373925,5.1637907,0.0002167307,-1.773769,5.754028,5.518874,6.411214,5.857489,5.040065,0.068282515,5.4617724,0.24271943,6.2609797,0.0052410625,0.042341623,5.5475664,5.089001,5.063199,4.1135364,6.505387,5.4178534,0.10452557,6.323394,3.855974,7.185535,2.9940422,5.0351567,4.8566,6.3257113,0.65271705,5.507666,6.161132,2.4182327e-06,5.403745,4.423048,4.6555033,7.0578275,3.8072317,5.2536497,0.0034034278,0.0033688198,5.7044563,0.022999402,7.3064127,4.303235,3.3044195,5.32921,4.9254007,0.000120731595,3.2116287,5.074968,3.6906645,4.856456,5.9694095,7.3547025,-1.6892788,5.269092,0.008853949,5.2428513,5.304756,5.4124236,0.8638439,4.5033693,6.0891576,4.4622536,4.351282,-1.8120469,4.460177,-0.7569696,5.5266724,-1.8043677,-1.7556963,0.0009676318,-0.8269742,4.899176,5.6380534,5.0631323,5.3868575,5.2935686,-1.1613744,3.4472172,5.2762685,3.8008075,4.9392295,6.539054,0.74200165,-1.7632052,4.662912,6.812326,3.6941123,0.63379955,1.6533194,5.2544956,6.124152,4.746148,-1.4802482,5.2727623,5.5673065,4.910636,3.2011697,5.5984273,2.3785775,0.6889992,3.5704153,4.41283,3.7656522,4.9304676,5.787688,-0.6625742,4.0964475,5.141945,5.0471287,5.1354747,7.220002,4.289621,4.8534694,-1.6661032,5.415858,5.5999374,0.023004295,0.0011278319,1.0838901,2.436878,0.059750598,0.8746801,49.55639,49.90874,-0.47812557,-0.13031438,-0.38286605,-0.46590143,-0.29809362,0.84726465,0.28616738,0.15345982,0.123510964,0.07899692,0.6413853,0.29704508,0.36963713,0.24907786,0.51114154,-0.0023990348,-0.053777486,-0.37456807,-0.24384,0.2720636,-0.22573698,0.0917371,-0.2623741,-0.20098095,-0.1018111,0.17553408,0.069952756,-0.18020797,-0.0694214,0.16407779,-0.38314477,0.5866084,-0.08121944,-0.24200794,-0.4799581,-0.17577711,0.16238219,-0.3236708,-0.2630596,-0.26410842,-0.17850015,-0.26702568,-0.3232879,-0.2981268,-0.32433295,0.23367743,-0.2651718,-0.5741656,0.3093672,0.29926914
0.15397424,-2.146291,-0.23297425,1.5856081,-3.1932442,1.2846007,-1.4802754,-0.84466577,-4.0585413,-0.88839525,-1.095961,0.881752,1.5775532,0.8850006,-1.2101285,0.53244525,-0.18762754,-1.9712898,-0.46227017,0.0030438579,-0.519216,0.034240626,-1.3029404,0.6217898,1.2410557,1.8699833,1.9753747,0.18627343,-1.5750513,0.616012,0.7303686,1.1700801,0.37513644,0.7371797,0.19595225,1.5125421,1.6544296,6.263723,0.0003668871,0.03247036,-1.4775033,6.5286827,8.02137,7.7965217,7.76555,0.0016313669,6.306219,0.0072065736,0.12938026,4.8799887,0.004996145,0.023952786,-1.8174126,0.0048336247,0.14094917,0.091413915,6.3573256,7.887024,6.6633077,5.424313,4.3094883,9.144982e-08,4.507073,0.00068107847,3.7504495e-05,5.8994684,5.1372046,6.9777884,5.854472,-1.6696845,5.499554,6.3976703,-1.7667067,2.2993069,0.034066282,5.27256,5.592715,-1.8176006,-1.8178142,-0.07428498,0.010052766,4.750647,0.001734053,0.0021965494,5.0842056,4.535396,5.502596,5.449272,6.1686645,5.1234674,7.065296,-1.781393,-1.8071195,5.264787,0.037976407,6.23081,5.355596,2.163056,4.8644404,6.1310544,5.7216363,6.361007,-1.682934,-1.8177844,-1.7166992,-1.7525954,4.8236327,4.530363,0.00067839783,-1.8175719,6.050626,4.611944,5.894841,6.2365446,4.509664,0.22099443,6.7565155,0.07461072,5.5033712,0.044031166,0.053629056,5.1169505,5.322498,4.937604,4.379463,6.3910856,3.7794392,0.097827315,6.8981752,6.6012654,7.5182004,4.172286,5.590357,4.806574,5.375596,4.5914197,5.520215,6.4055667,2.506538e-06,4.100405,5.3186235,5.203907,0.5408116,3.6029525,5.8728566,0.00031852475,0.3256106,4.795482,0.0120429145,6.9716673,3.1177402,5.0985103,4.2025423,-1.2911813,0.00019964193,4.145136,5.358937,1.1054718,4.161948,3.7343323,5.7014856,5.8302484,5.2505765,0.008602715,5.698458,5.4022245,5.087296,4.059735,5.1180177,6.294123,4.735468,4.6525197,-1.8178184,4.6247187,-1.6637822,5.536572,-1.8066685,4.098899,0.0009947217,3.8499308,4.422566,6.1512194,5.520338,5.3592362,4.5490193,4.629697,-1.759127,5.322854,5.026378,4.705102,6.5018983,-1.8001771,-1.2520083,2.8477798,-1.8172011,4.497074,-1.716089,-1.7409579,-1.7515852,4.0680485,5.365826,-1.8145729,4.4765725,5.52413,4.8912086,4.0676694,5.944916,4.8001294,-1.7639565,5.550893,3.7196352,3.771,4.4636407,5.243032,-1.8176486,4.2829714,3.3462536,4.920622,-1.6781157,-1.745382,-1.7555476,4.2947783,-1.81681,5.716718,-1.7055832,0.03873456,0.0012391395,0.890142,1.4985647,-0.21779045,0.698479,50.96277,38.654854,0.34090042,0.46182278,-0.093730114,0.055780828,0.35402521,-0.23322749,-0.3371099,-0.25457388,-0.40656847,0.20239058,-0.39394796,-0.12596405,0.2161207,-0.30350226,-0.09368775,0.06412415,0.22764361,-0.21976928,-0.31630412,-0.165096,-0.29356748,0.21387404,-0.23309541,-0.41252896,-0.09877242,-0.046184424,-0.067482494,-0.08255358,-0.32547387,-0.17519498,-0.41640815,-0.08503619,0.12154327,0.47686073,0.5546766,0.54325753,0.38034678,-0.30686358,0.53266555,-0.26836333,-0.23497695,-0.11401623,-0.3186893,-0.29122123,-0.29969114,-0.5751818,-0.4395048,-0.27319008,-0.5885209,0.19357128
0.6535498,-2.132145,0.3178201,1.3749154,-2.1147387,1.3614371,-0.6301836,-0.6671222,-4.473637,-0.25655237,-1.3419223,0.999962,1.4799442,0.8884371,-1.4637406,0.13624093,0.020203132,-3.4450102,-0.72118795,0.079392366,-0.4943545,0.28131005,-0.8495396,1.5025191,1.0820507,2.266986,2.285444,0.3305664,-0.67337584,0.6217928,0.7507049,1.2717801,-0.84580356,0.794639,0.44657528,1.4396495,1.6802357,5.847036,0.001230157,0.002575209,-1.6339833,6.4647355,7.8595157,8.003812,7.8783956,0.011552166,6.157888,0.007209716,0.14944628,4.221253,2.421901e-07,0.0077603604,-1.8178182,0.071075134,0.24652067,0.08774889,6.5848904,7.7642984,6.581875,4.9139886,3.69962,3.8695694e-07,5.399261,0.006578553,0.00057128543,6.1863656,5.402341,6.977608,6.2306647,-1.745615,5.6978927,6.1504207,-1.7253041,4.293035,0.0909987,2.5758946,6.360358,-1.8001117,-1.8178132,-1.7968628,0.008912,4.7744246,0.012888807,0.00036834818,4.9281716,4.5356355,5.3922777,5.6160865,5.8697824,5.3011007,6.842482,5.0631614,-1.8097883,6.1368713,0.05051989,6.468774,4.4631634,4.327254,4.7570643,5.225494,5.4759564,5.7367716,-1.6513851,-1.8164597,5.2412267,4.5866823,5.581783,5.6716256,0.20440379,4.947446,4.667351,5.6424932,6.466694,6.015262,5.0102396,0.10722189,5.58162,0.09378756,6.010621,0.067645095,0.3428179,5.872491,5.404682,5.003722,4.5229254,6.6036224,6.2730823,0.060341615,6.4724417,4.7332544,6.7984033,4.057874,4.681013,-1.6626495,6.884019,5.182065,5.8393598,6.334848,0.0011192791,5.518025,4.9502873,4.051332,6.7959557,4.5205297,5.589561,0.04976575,23.868624,6.907491,0.056889832,8.183768,4.4987235,4.8004436,4.4722548,3.2021813,0.08163742,3.761216,5.3511305,3.0740857,5.6906595,6.506091,7.264712,6.067594,7.278664,0.03344409,5.8192,4.7656255,4.4022083,3.8469563,4.993643,5.8556504,4.766081,5.035542,-1.8177506,4.4867206,5.1670194,5.1884503,6.1425657,4.828262,0.0517247,5.196019,5.3288774,5.38547,4.87564,5.6235046,5.3871813,5.053855,6.206308,6.8855915,7.056708,6.3811417,6.180199,6.1472793,-1.6006622,6.0598435,6.853026,-1.7041109,6.3795304,5.91902,5.333593,6.1259727,4.9878407,3.5650916,4.726342,5.4218206,-1.6515244,4.933665,5.501784,-1.6798446,4.395956,5.2501755,4.940763,4.2219234,4.789161,6.5132194,-1.7621121,3.3948634,5.4482336,-1.6300471,5.1228333,7.215297,3.0586343,2.9643154,-1.7111893,5.2310357,5.4779305,0.02980883,0.013827647,0.7364031,1.6650469,0.15924878,0.779005,235.84688,236.17136,0.6379037,-0.075178854,0.06609283,0.22249529,0.46573368,-0.046025235,-0.064523764,-0.060526222,-0.105923876,0.116768956,-0.3671673,-0.1267174,0.008452661,-0.33762828,-0.35198966,-0.22706883,-0.28172603,-0.22252795,-0.10543936,-0.08991486,-0.298575,-0.12228821,-0.15352373,-0.4436483,-0.049942624,-0.40594065,-0.03948818,-0.28993565,-0.31948563,-0.32596985,0.35495114,0.009156813,-0.18575294,1.6531969,0.16717504,0.333443,0.89767796,0.27485397,-0.056575213,-0.13246259,-0.23256487,-0.2684904,-0.27731943,-0.29807958,0.2808726,-0.15214087,-0.21033509,-0.074886024,-0.090282306,-0.53949416
0.6631378,-0.8285655,-0.34624746,1.5386134,-3.1907938,1.3191081,-0.68593526,-0.58149356,-4.4748254,-0.047859926,-1.6942675,0.92068064,1.611735,0.9181707,-1.2201471,0.41281894,-0.12305888,-2.6937964,-0.6008232,0.28232184,-0.894517,0.2733668,-0.6992308,1.3171571,1.0174773,2.1700506,2.0374112,0.268649,-0.795641,0.62033546,0.71788794,1.149586,-1.2643178,0.8911605,0.51138103,1.4567653,1.7466081,6.392311,106.55551,0.060220115,7.0057573,5.5533586,8.129457,8.659665,8.730481,0.018761136,6.290585,8.743063,0.119390465,4.864585,7.756517e-09,0.004057546,-1.8177842,0.00480586,0.1417662,0.06583981,8.004275,8.04185,6.955751,5.0127397,-1.795673,0.00012461594,5.925302,0.0006812794,3.693867e-05,6.580436,5.7607703,6.9761367,6.2262363,-1.7600437,5.689074,6.6515594,3.9019234,-1.3245794,0.01606814,-0.9027727,1.9783897,5.716841,4.469269,5.356963,0.0025966563,5.201891,0.000625014,0.050040375,5.085902,4.520058,5.582014,5.8489237,5.8499427,5.493747,7.6432786,-1.1038812,4.3784237,7.5376363,0.305749,7.193423,6.6987114,7.079069,4.202787,6.3203435,4.5013337,5.298491,-1.6089956,5.976184,-1.8098395,7.36496,4.886475,5.330529,0.00058041076,-1.8178022,5.110089,6.987425,6.3684807,6.642656,7.1397147,0.033979654,6.499754,2.262788,7.343173,0.0021795323,1.0715827,5.605243,4.893134,5.2141657,4.5532355,6.6579857,6.122231,1.4742244,7.0349975,5.4973693,7.9475465,6.537051,5.3443913,5.2453184,5.859596,4.8802996,6.379665,6.5963316,2.1059552e-05,6.514669,5.1377354,5.025205,7.348135,4.327437,5.5829644,0.00061362074,0.11700748,6.9533176,30.416998,7.674884,-1.1825892,-1.8174267,5.5675936,2.196853,0.0003656751,4.354251,5.2805996,-1.5775707,5.4671326,6.3163233,7.0740156,5.7911596,7.508008,0.02793041,5.8195906,5.106791,5.3391986,-1.6626469,4.8618813,6.72929,5.153037,5.377738,6.761338,4.8477745,2.0484269,0.98024774,2.921122,0.44728756,0.000995685,5.3484488,5.4786186,6.443284,6.0804305,6.028717,5.525584,-1.805549,5.2051706,6.2122245,6.737238,6.2544703,8.049174,6.1885924,-0.4157752,6.2121787,6.8163157,5.9705296,-1.5820976,6.820026,5.6324997,6.1237316,5.7284217,-1.5458153,4.271708,6.352698,5.320321,0.5851921,0.5696827,3.6333256,4.01754,5.9295945,4.4567556,3.9181163,5.0846863,6.392641,-1.0098542,4.2962494,5.513276,4.581936,5.690594,7.2522926,4.512927,4.832896,-0.082003474,6.047275,5.5999374,0.020969732,0.0011784474,0.91221756,0.04691107,0.19171304,0.7163631,47.366356,77.471436,-0.84616876,-0.63558567,-0.50862116,-0.4883995,-0.29800275,0.6894969,0.443558,0.89852655,-0.3661515,-0.12684608,0.4192381,0.051631678,0.012906871,0.6907068,0.55476326,-0.97788817,-0.5610055,-0.6194895,-0.42954046,-0.42002666,0.472784,0.5895319,0.09274769,-0.25117502,-0.39197764,0.095053084,-0.35026035,-0.48925894,0.7243534,0.43007025,-0.45471463,0.09475124,0.36652142,-0.41852793,-0.4694461,-0.38800386,0.39975694,-0.27949437,-0.42424652,1.7959611,1.5867883,-0.26122874,-0.32919383,-0.29346558,-0.24177924,0.05093909,-0.1085146,-0.5144988,0.02919041,0.6807458
0.49182597,-2.1455252,-0.50046676,1.3287126,-3.194354,1.2640331,-0.9632352,-0.83396393,-4.4815726,-0.48176062,-1.8185612,1.1721069,1.5783781,0.80885416,-0.7942221,0.66174316,0.052969124,-3.4463263,-0.3249522,0.405988,-1.955109,0.48767933,-0.516491,1.6018419,1.037807,2.1892097,2.2904537,0.37847787,-0.6539114,0.6167777,0.7698066,1.1649392,-1.0794278,0.7377738,0.21830875,1.4703119,1.6503013,5.2877064,0.036035087,0.0042210133,1.3548377,6.014788,7.9462337,8.11903,8.001175,0.0029830015,5.8407445,0.0072285268,0.07117081,4.8207617,5.5564577e-08,0.006191551,-1.8178178,0.004687341,0.14067012,0.019006535,6.8029737,7.9263167,6.9370174,5.0321136,-0.80659014,8.550978e-07,5.3640914,0.00067055324,3.3183227e-05,5.8542066,5.7009554,6.972947,6.2302165,-1.7460399,5.698374,5.734619,4.7354536,-1.706839,0.13896972,2.4202826,6.3595023,1.7745286,-1.8176353,-0.8043041,0.0036435209,4.49596,0.0005970642,0.0018357591,5.175389,4.535676,5.6500225,5.625973,5.903526,3.2620008,6.9589906,2.4015682,-1.8091,6.587199,0.039813053,6.391023,-0.3741234,5.7258596,6.251399,6.232589,-0.4163096,6.2860055,4.108153,-1.7550378,-1.7534925,6.7530274,4.807717,4.9174423,0.00025846108,-1.8178164,3.3108153,5.732179,6.402184,6.229028,5.191853,0.058098797,5.9749413,0.12241116,6.535415,0.03387217,0.016473655,6.1782727,6.091367,5.130885,4.4084115,6.139181,4.8790374,0.32492825,6.75071,5.3853397,6.9011397,1.9932852,3.4884462,3.4041646,4.9214287,4.513869,5.158159,6.0521364,2.4490946e-06,6.1597247,5.627784,4.7908273,1.157802,4.0734634,5.6133738,0.0013064141,0.019094842,6.298074,0.07386309,7.782274,5.1758537,-1.7226689,5.893402,4.151317,0.00012867342,3.7281492,5.4191217,0.29572523,4.239993,5.9696026,0.08742304,6.079154,7.0742993,0.0028725811,5.523028,5.3650723,5.2067733,5.0165796,5.1328106,6.612753,4.6488543,5.297531,-1.5384876,4.231175,1.2746195,5.1269994,3.7381601,-1.0042056,0.0009727373,2.3267224,4.9091415,5.9841332,5.6284113,6.066599,4.9603386,4.9875875,3.8262513,5.9522853,6.8347287,6.0538125,6.983869,5.859453,3.6631005,6.2801366,5.0606236,2.8189359,6.3535633,7.0521493,5.7283077,6.125964,6.044807,-0.8645984,4.7124004,5.376021,2.872896,5.6333947,4.10512,-0.5900275,4.6945496,5.776295,4.2083163,3.940051,-0.9798954,6.3771806,5.458816,4.395052,4.9284825,4.7955,5.0473766,6.8858285,3.5732203,0.17268571,1.2221845,5.871377,5.599634,0.026229976,0.0011317986,0.7615109,1.6430767,0.4796798,0.72805864,140.4843,111.4588,-0.32833642,-0.1107044,0.124431476,-0.37711215,-0.21954507,-0.7066558,-0.30750176,-0.3223566,-0.43078527,-0.3109858,0.49173352,0.24568553,0.12469578,-0.36208877,0.3899073,-0.81463504,-0.5533698,-0.23070763,-0.4791844,-0.42927498,-0.49514028,-0.059020642,-0.18298487,-0.6015248,-0.34836808,0.38533327,0.2893763,-0.12699428,-0.20617679,-0.07628287,1.2605773,-0.90237397,0.4065591,-0.16483808,1.2343848,1.0430257,0.74116045,0.60878116,-0.20915884,0.039412282,-0.23273946,-0.26613888,-0.32007322,-0.0388062,0.54053307,-0.4213792,-0.7946154,-0.70786417,-0.01921888,-0.85325533
0.45235735,-2.1462867,-0.17939699,1.3895748,-2.9682765,1.2453077,-1.2002574,-0.7999039,-4.477983,-0.46659005,-1.4885013,1.2669554,1.4685282,0.07602419,-1.3824619,0.23258066,0.06932754,-3.259757,-0.70658517,0.6044351,-1.7432641,0.56239605,-0.6597519,1.3372322,0.9874994,2.1249032,2.2005508,0.36255628,-0.9431853,0.61362,0.8085118,1.2246203,-1.4625766,0.83438116,0.5397858,1.5100007,1.7418833,5.3982706,0.8781844,0.14147843,2.021521,5.2806873,7.5923333,8.042571,7.9796033,0.023857605,5.431644,0.012213166,0.043270662,4.885049,3.4112793e-06,0.0039014763,-1.5576766,0.0047300034,0.14089403,0.030190125,7.2977786,7.7488227,6.5195904,4.9275794,-1.7761525,0.001223216,5.282924,0.00067530974,3.3732504e-05,5.5853114,4.2105484,6.9488683,4.622298,-1.8177367,0.7645039,5.773908,-1.8057517,1.6871511,0.057078693,-0.70195735,-1.3610077,-1.3039742,-1.7481927,1.3012533,0.00050321367,-1.0663955,0.0006201903,0.022061983,5.1393504,2.4063928,5.061195,5.480227,5.0820913,1.8977244,6.8451385,-1.4696597,-1.8123502,6.4996953,0.23713166,6.0791492,4.4432654,3.146693,6.3840804,6.1013536,-1.1775829,6.1769853,1.8534125,2.8281581,0.2532155,0.9946218,4.6623354,3.8615644,0.0002801379,-1.8112181,1.3750964,5.36368,6.2606993,6.2371154,5.229584,0.06509148,5.383375,1.3641835,6.331557,0.002933123,0.386759,5.545615,5.2307043,4.569414,1.3041236,6.0313964,4.067302,0.49381173,6.6162004,2.5359254,6.8945184,-0.9546572,3.4430444,2.5052683,4.7362595,1.3676897,5.0309796,6.299774,3.5257965e-06,5.574605,4.6926665,5.8450036,3.83584,3.5445259,5.0600576,0.059282232,0.032936834,5.02428,0.15656684,7.1731057,5.202987,-1.3273293,5.4749117,4.338919,0.00021878426,3.3879678,5.4853587,2.2560127,3.66057,0.17424774,3.8030117,5.2969475,4.5524116,0.020583348,5.3552637,4.7979255,5.293375,5.015065,4.439019,6.2051287,4.0479174,4.804835,-0.8767898,4.3441734,-0.6666054,2.8296964,2.2970834,-1.6978943,0.00097261206,-1.7179002,4.6855645,6.1300135,5.657297,5.4549146,4.616475,0.076335296,4.5637817,5.5603404,4.511444,5.280113,7.528937,-0.48276395,-1.804496,6.152407,5.0150194,5.490959,-1.2239261,2.1594179,5.381119,5.476582,5.4869666,3.3657384,4.5526414,5.755314,3.9164572,-0.4008633,-1.0842947,5.0988536,-1.7882202,5.370761,4.2223177,3.6940768,-0.23431362,5.7282844,6.312313,3.886671,4.1440897,4.582308,5.213668,0.8877567,3.9319687,-0.6361042,-0.16237912,5.494435,5.599581,0.016347641,0.0011310466,0.6537448,1.3738887,0.27043295,0.84456354,93.30894,127.09442,0.03762758,0.70438904,1.0220877,-0.37816367,-0.25898948,-0.12726738,0.6927719,0.40205082,-0.34577575,-0.20632331,0.24193117,0.34336603,0.31097043,0.26306537,0.028925912,-0.34083846,0.36160117,0.05395496,-0.45498976,-0.29674459,-0.2299419,0.4219197,-0.18128082,-0.28558293,-0.28286386,0.37832415,0.46454135,-0.035371877,0.7138426,-0.019669907,-0.05914316,0.1708167,-0.12152674,0.34903637,0.27322018,0.016206855,0.88264346,-0.27439153,0.008692256,0.22306424,0.38449028,0.3628016,-0.3019137,-0.2970524,-0.31807685,-0.08166431,0.12545122,-0.031743724,-0.05372726,-0.14770389
0.59865105,-2.1272259,-0.47939786,1.3750436,-3.1674721,1.2700297,-0.9470597,-0.9239055,-2.9759016,-0.6965566,-1.2509054,0.92609507,1.5767719,0.8581796,-1.1898502,0.38456377,-0.2126031,-2.3878043,-0.76206964,0.048001748,-0.74503875,0.3362134,-1.3010237,-0.09123786,1.1696788,2.0062225,2.0808961,0.18414195,-1.7686917,0.61085194,0.64259535,1.4121066,-1.332457,0.7085767,0.44380805,1.4679149,1.6080885,5.6397934,0.17135741,0.14762455,-1.4133284,5.4353356,7.8046293,7.895966,7.7961173,0.01147451,5.763993,0.008639329,0.30826688,4.38881,0.0046594935,0.019775182,-1.8137275,0.042505026,0.33487824,0.2754509,7.3397846,7.6742992,6.7283645,4.5387416,2.2636642,3.3729796e-06,5.3061376,0.004839032,0.0009109965,6.151086,4.9455504,6.972106,6.041018,-1.7904209,4.514029,5.8265495,-1.0424546,2.6750643,0.22650355,1.3038654,4.4334235,-1.7333269,-1.8142765,5.2325945,0.0072827684,0.004552845,0.049040027,0.014730898,4.581013,4.533766,5.286599,4.6742635,4.8171163,-0.18325417,6.760534,1.1461108,2.4496453,6.1140366,0.16651899,6.148419,4.3128586,5.8622317,4.4238424,5.349064,0.4023759,5.308115,-1.7515067,-1.681304,-1.6716584,0.12524854,4.6572437,4.2804174,0.16719481,-1.798741,4.022744,4.7763424,6.1062875,5.115491,5.9281073,0.1164367,6.135198,0.6821447,6.0652456,0.053590856,1.7080805,4.506741,5.3784933,4.9462905,3.757499,6.3022,4.9853735,0.54386604,6.305092,5.6580296,5.6659217,2.8168,6.0785465,2.8966296,5.800943,1.1727886,3.1361532,4.5657864,0.0006003767,4.1968446,5.09132,3.8574462,5.9203787,3.6201353,4.258076,0.013823506,51.084064,6.492632,0.27324393,7.097674,4.8139133,2.1696305,4.2447767,-1.798205,0.05527548,2.4913418,5.165386,3.8082263,4.6609797,5.4948287,6.2993703,5.722282,6.074726,0.040017735,4.0952787,4.5458374,3.847771,2.7154508,4.79483,5.444974,2.8981757,4.6407275,-1.8176091,4.1095204,-1.6860331,3.9766893,-1.387943,2.2873533,0.033024345,3.941229,4.4973626,4.960298,4.6307507,4.418283,2.164754,0.52482504,-1.1591282,4.9456897,5.1783605,5.563372,6.7650437,-1.0270587,-1.7740338,4.8719254,-1.7422081,3.773078,-1.5261693,-1.4493254,-1.4040366,5.096978,4.5030565,-1.4689546,4.310608,4.2312045,4.157181,2.3575299,0.9795223,4.103947,-1.7887335,4.7009563,3.439379,2.783094,1.9550589,4.484284,-1.7923024,3.3771772,3.1106095,4.5863266,-1.2229682,-1.3965138,-1.5688677,2.2962012,-1.8070309,4.591126,-1.5947688,0.031079799,0.031138819,0.7664849,0.8345634,-0.20796984,0.60580236,30.48468,28.147226,0.28771597,0.6659469,0.76765317,-0.4796818,-0.3074055,0.30036467,0.751867,0.04267247,-0.4177133,-0.3591017,0.3013337,0.6084457,0.4727303,0.1956048,-0.19242845,0.24980262,0.22039835,0.37482908,-0.3290459,-0.20168099,0.3110345,0.24456924,-0.0057617445,0.18632549,-0.36089736,0.07965776,0.37823972,-0.11615958,0.38182285,-0.37169567,0.11907863,0.2983322,-0.5656768,0.7197073,-0.25351724,0.18882522,0.7344954,-0.3456961,-0.42707327,-0.20017414,-0.1747508,0.078792356,-0.31509846,-0.28372666,-0.33626235,-0.35449353,0.32946867,-0.4177973,0.34063062,0.023778304
0.32559383,-2.1462154,0.07332486,1.4080993,-2.528913,1.300832,-1.2228038,-0.81309086,-4.463376,-0.48393115,-1.1366711,1.1601111,1.5341593,0.41826898,-1.4242041,0.1578139,0.023959756,-3.4175522,-0.6128483,0.43365493,-0.5762156,0.33125255,-0.6688984,0.42891887,0.93209624,2.0947924,2.206741,0.37432328,-0.87964016,0.60252935,0.62422127,1.3468275,-1.7080761,0.83662856,0.5138464,1.4409857,1.7052844,5.066412,2.3798463,0.21899933,-1.2333063,5.1635933,7.446251,7.9712334,7.96944,0.016567063,5.350486,0.03607022,0.053566284,5.5173573,0.00022036453,0.02210249,3.2846615,0.0051708277,0.14383836,0.053891048,7.4667587,7.714063,6.683153,5.3096924,0.42945588,0.00027849944,5.6653924,0.0007405426,3.6656464e-05,5.447012,4.1476803,6.9375606,5.9609222,-1.8176396,-1.4463261,5.910953,-1.7540939,-1.2548798,0.090039305,-1.7732662,-1.7442716,0.9943304,-1.4554642,5.323845,0.001647057,-1.6432526,0.0010349889,0.042334635,5.428469,3.8521583,5.098698,5.3504,4.889725,3.2903829,6.7335863,5.1770988,-1.6902908,7.287181,2.006277,6.1020803,6.1446085,-0.5936833,6.4505706,5.860911,-1.754775,5.930678,-1.6892235,0.653853,0.7733136,-0.5578338,5.112249,3.565714,0.0012383938,-1.8155212,-1.2864301,4.9034724,6.1510715,6.013546,5.8396626,0.0559738,4.6634703,0.7190992,6.2301126,0.00360212,0.40386364,5.1356206,6.2286215,4.2168875,2.8199344,6.0364666,4.604639,0.74019146,6.603705,2.0579298,6.754432,-1.653337,3.796827,2.3802395,4.7469726,-1.3708282,4.529687,6.269741,1.5082395e-05,5.349688,4.7335896,4.707756,6.1193104,3.2750733,5.1563993,0.026786542,0.33792323,4.9054704,0.4117286,6.5550528,5.367391,-0.5018184,5.4808702,2.3629777,0.001089708,3.210192,5.4517317,3.5093884,4.4186544,4.451793,4.790498,5.755274,6.010757,0.020633832,4.8392816,4.6446896,4.8147764,5.0103207,4.8216515,6.2307086,4.361045,4.759467,-0.32773167,4.09964,2.823931,-1.5080068,7.1079884,0.78521967,0.0011055024,-1.75383,4.30247,6.0188994,5.631543,5.515389,4.7425017,2.3002286,3.9090023,4.3209696,4.117916,4.633996,7.6417966,-1.688086,-1.8081094,5.7167716,-0.23134364,5.081058,-1.7143984,-0.8317986,5.208367,-1.001406,5.6309266,3.7129626,3.9160132,5.4883366,3.394302,-1.4953532,-1.5822278,5.028977,-1.8115152,5.075284,3.7965164,3.8254056,-1.6080192,6.2658176,0.7229589,3.8870156,5.1263566,4.2991405,5.5567846,5.9084616,3.888897,-1.682631,4.2344217,5.503998,5.569674,0.020977264,0.0011845804,0.6735765,1.6007346,0.2480958,0.79980457,118.828224,121.26679,-0.11151515,0.23394425,0.14644435,-0.27697036,-0.3017814,-0.0028133022,0.7740831,0.2051348,-0.39559603,-0.33694324,-0.32621804,0.093711324,0.036252253,-0.09375628,-0.3340164,-0.12009919,-0.20572531,0.16323155,-0.34015507,-0.10250533,-0.5141586,-0.0052480204,-0.22887702,-0.33095893,-0.092274636,-0.035440367,0.42103806,-0.39418486,0.64177555,-0.14470482,0.8097313,0.16944934,-0.23459639,1.5637667,0.13318303,0.11258023,0.8895406,-0.2854946,-0.16133028,0.20970729,0.78189236,0.9624295,-0.31472763,-0.2922663,-0.29793927,0.054438174,0.48091897,0.14716198,-0.110251255,-0.33245847
0.46697512,-2.1462915,0.11555386,1.4600539,-2.393518,1.2990373,-1.3124163,-0.74515617,-4.440857,-0.59894145,-1.0237043,1.2489686,1.5954719,0.7842065,-1.3416958,0.2536624,0.056848686,-3.4013882,-0.4454403,0.74288076,-1.8341637,0.44530988,-0.7996502,0.7890865,0.9685589,2.3829198,2.2009728,0.371015,-0.6662108,0.604516,0.7153083,1.2352234,-1.4199448,0.8790428,0.53473556,1.5098028,1.7666636,5.3234663,0.27114654,0.08407258,-1.5962349,5.725819,7.6025877,8.252154,8.206193,0.091297425,5.5356407,0.010687789,0.043900587,5.5173097,1.6040324e-06,0.0069522564,-1.348843,0.0046786787,0.14065108,0.053827193,7.035403,7.7039275,6.317677,5.1760116,-1.6825104,0.0017521975,4.9788904,0.0006699011,3.2917167e-05,5.4075966,0.35282677,6.9388027,5.305738,-1.817818,-1.8011194,6.062001,-1.7704848,-1.8138992,0.030482013,-0.5187545,-1.8172668,-1.5046811,-1.8053147,0.53558576,0.00013494198,-1.8156153,0.0005971565,0.02256713,5.449793,-1.7733351,4.8857703,5.6512527,5.0468225,5.210111,6.8237295,-1.190724,-1.8176368,6.3392763,1.4026955,6.2282386,4.725129,0.11707295,6.5389085,6.151949,-0.3986555,6.3101172,-0.8430063,1.2199979,-0.43562448,0.70199025,4.741043,4.042542,0.00021679659,-1.815043,-0.5570027,4.8347,6.445826,6.3772955,5.768498,0.06353758,5.5056834,0.79523164,6.176817,0.0007160618,0.39375326,5.25047,5.3740416,4.1493196,3.5050318,6.0785017,4.1642604,0.1633577,6.7050047,0.10319285,7.2340837,-1.1391416,3.5260427,5.2410383,4.7450027,-1.7254835,5.6930676,6.5053673,2.4987003e-06,5.5448413,4.5041842,5.483566,5.0569572,3.3185463,5.185904,0.00033041125,0.004111543,5.0117817,0.106338866,6.9930677,5.417047,0.2678758,5.495569,4.856264,0.0001215389,3.768388,5.224697,0.77010906,3.6809096,4.161212,1.9121451,5.444372,4.061634,0.009343274,5.30953,5.0823665,5.1643596,5.023388,5.001543,6.3850765,4.631344,4.4695807,-1.6572156,4.304608,-0.58143586,0.35184494,0.90435064,-1.3417797,0.00096768007,-1.8167275,4.4365892,6.206118,5.661289,5.715967,5.1980877,3.7057557,5.0324717,4.5926266,2.5237947,4.3354645,7.7343693,-1.8161801,-1.8177836,4.7045836,-0.7455212,4.4427633,-1.8154579,-1.7955667,5.5987353,-1.74955,5.7390633,0.59179276,4.738345,5.914016,4.796232,0.7557783,1.0850297,5.134944,-1.7751949,3.1504836,2.7819924,3.983982,-1.7255718,5.837597,5.922993,4.0454793,3.5915349,5.39682,5.2856274,-0.4885491,4.2937136,0.1964579,4.871379,5.9851966,5.599179,0.010869427,0.0011278619,0.6770963,2.4920132,0.19210303,0.9055339,102.106155,102.38906,-0.21160871,0.25091615,-0.25029382,-0.25359726,-0.3106948,0.28834516,0.4206558,0.27074885,-0.008783234,-0.17475593,0.01845975,-0.096968964,0.16507204,0.08992285,0.005107815,0.034874633,0.02749844,-0.08988765,-0.25694695,-0.3939277,-0.37260294,-0.06908219,-0.16617128,-0.32992458,-0.27919692,0.115850806,0.19244388,-0.3670771,0.33912513,-0.18874854,0.05171459,-0.006277393,-0.064763196,0.28660432,0.117378235,-0.2672098,0.75974303,-0.32855776,0.11008688,-0.031387206,0.6543023,0.78376496,-0.3005622,-0.2980982,-0.32668462,0.18613344,-0.10723952,-0.036879994,-0.0025259203,-0.17575249
0.14022352,-2.1462886,-0.0967746,1.5275215,-3.1548085,1.2619758,-1.3627377,-0.8336715,-4.484193,-0.777036,-1.2032845,0.9543168,1.5619572,0.8282878,-1.3264986,0.4121202,-0.058735926,-1.9963329,-0.39772326,0.16341536,-0.38586822,0.20144273,-0.9788261,1.0634437,1.0975753,1.9545865,2.0704644,0.24383111,-1.0157386,0.6200309,0.7600282,1.1204964,0.14967814,0.77329,0.3363003,1.5407845,1.6818051,5.7977223,0.0044653346,0.06315445,3.1889565,5.9395947,7.8818955,7.9210887,7.9850764,0.0022111742,5.99963,0.007209869,0.13549349,5.18971,0.0023950795,0.017829314,-1.8054657,0.0048058205,0.1411155,0.08763286,7.063157,7.7859344,6.590771,5.119078,0.33307776,2.5764996e-06,4.7463627,0.0006888831,3.6593778e-05,5.8736787,4.9914513,6.9775863,6.1896605,-1.7686466,5.4764094,6.12719,-1.7069788,1.6450764,0.061922166,5.192828,4.29789,-1.81509,-1.8176664,-1.4610218,0.009975374,3.7835853,0.00078297075,0.0035140645,4.811899,4.530994,5.2300525,4.8458147,5.693715,4.930978,6.9519863,-1.318444,-1.7964967,5.5200024,0.03972789,6.31632,5.7457743,-0.7404699,5.557376,5.7307134,4.0075483,5.911546,-1.5351335,-1.8174309,-1.2888392,-1.5900528,4.7103086,4.5601306,0.0007628775,-1.8171326,5.0093,4.7461796,5.98959,5.947889,4.1139297,0.14307168,6.434551,0.13585818,5.6648064,0.03893068,0.031937104,4.6290913,5.4858756,4.8135223,3.2160194,6.2115135,4.2300644,0.26548278,6.8436127,5.841603,7.089171,4.862334,5.3960643,2.8183773,5.1585674,4.6888804,5.380487,6.127831,2.5643853e-06,4.4396024,5.45702,5.7675323,-1.2511714,3.5690136,5.7605577,0.0005112375,0.24164554,4.9117403,0.017659144,6.9224596,4.4363832,4.120505,4.0490623,3.6814153,0.0003563091,4.332234,5.245079,-0.598582,3.8625727,1.6036556,4.957505,6.007364,5.498128,0.017356848,5.457414,5.0013404,5.3132095,4.6084137,4.8279405,6.1344047,4.416399,4.906273,-1.8178062,4.256684,1.6030169,5.18859,-1.5444802,2.8787146,0.0009918965,3.0315745,4.4971514,5.8066015,5.413613,5.2049026,4.3432813,3.4702487,-0.037206914,5.56506,5.8150716,5.23577,6.765323,-1.2354105,-0.6911083,0.6076636,-1.8053594,4.133955,1.4632683,-0.22363444,-0.8253578,3.0701792,5.2108307,-1.401837,4.3636804,5.5151296,3.4595196,-1.0512478,3.7221062,4.7512474,-1.715059,5.5663805,4.234294,3.717201,4.3776975,5.450678,-1.8084553,3.9015107,3.9062297,2.9658518,3.424662,1.4480097,1.6940734,1.3879323,-1.7851782,4.9211907,3.045838,0.028414281,0.0012358103,0.78145236,1.644069,0.03264262,0.70798564,56.047882,67.494354,0.22336872,0.3262503,-0.123358496,0.19104047,0.5118349,-0.5145296,-0.31866792,-0.23664707,-0.61705416,0.30340314,-0.56927186,-0.2757908,-0.11326944,-0.06740515,-0.27703872,-0.23054348,-0.006179468,-0.3090757,-0.19015428,0.0686868,-0.4702744,0.38150567,-0.29579577,-0.49033663,0.24554208,-0.26175466,-0.13604453,-0.04771833,-0.3320158,-0.31064165,-0.04331015,-0.5613736,0.580227,1.2823418,0.8604062,0.29791793,-0.01996961,0.09858321,0.6462603,-0.2635347,-0.23423854,-0.07443589,-0.32785946,-0.27829868,0.10596399,-0.71876204,-0.7358868,-0.056604058,-0.5798713,-0.2582934
0.5187535,-2.1462178,-0.44463995,1.4058108,-3.1945648,1.2607743,-1.0747073,-0.7843013,-4.4860854,-0.5116835,-1.8170968,1.1167084,1.5856037,1.0084753,-0.8201535,0.62179935,0.054420363,-3.4343598,-0.36382568,0.42803928,-1.996213,0.42064404,-0.41904703,1.7640595,1.0851103,2.1711524,2.2792623,0.35794798,-0.60370576,0.6212466,0.7955262,1.1791152,-0.9864938,0.7711921,0.07681121,1.4852577,1.6874053,5.237916,0.016267808,0.0037905702,1.5426724,6.1118903,7.937608,8.109377,7.9951744,0.0033616007,5.763749,0.0072113522,0.06671018,4.372537,1.294285e-07,0.004585792,-1.817817,0.0046798973,0.14062853,0.015103398,6.729669,7.9113774,6.902193,5.032946,-1.3232301,7.7184063e-07,5.0734544,0.0006699866,3.3002434e-05,5.8466625,5.62388,6.974507,6.229621,-1.7803187,5.6983576,5.8217697,4.767218,-1.7335187,0.11658694,4.478816,6.3584723,-0.8518683,-1.8177235,-1.5322016,0.0037762318,4.620803,0.0005957723,0.001361487,5.175684,4.5356593,5.6557093,5.562916,5.896219,4.5433292,7.0243316,1.3394368,-1.8149534,6.261868,0.03836756,6.3469925,-1.1374799,5.5804634,6.064755,6.177865,-0.87684214,6.281907,4.5132275,-1.8043048,-1.727765,5.869152,4.8450823,4.908893,0.00023087539,-1.8178176,3.5634904,5.7793245,6.278346,6.2328463,5.261597,0.058480643,5.842175,0.11089887,6.29563,0.021978527,0.012729207,5.880296,5.971653,5.0328336,4.073079,6.0988317,4.6630306,0.24919347,6.7491264,3.6369145,7.0246587,4.202373,3.7867622,4.311747,4.6886077,4.605579,5.366716,5.9387665,2.4181493e-06,6.3899755,5.627814,5.204705,0.2956423,4.091882,5.6689553,0.000494386,0.01023916,5.7718506,0.03790338,7.5604014,5.245082,-1.5949392,5.8499475,4.470073,0.00012337274,3.6290865,5.3373184,-0.3941555,4.0782948,5.3355193,-0.34391603,6.078926,6.703294,0.0028441523,5.4472795,5.401245,5.3454223,4.9988637,5.1111274,6.6391945,4.5824347,5.3132358,-1.7588967,4.2766337,-0.6621039,5.3084517,0.9168471,-1.395335,0.0009690977,-0.21229033,5.029421,5.9362693,5.6287155,6.064182,4.9420977,4.9679384,4.703675,5.954726,6.762257,6.083366,7.1321425,5.645364,2.9169946,6.225498,2.2531471,3.501382,6.3454394,7.1669126,5.6370187,6.1259313,6.079585,-1.2591262,4.7352104,5.4452214,3.6144602,5.3564672,4.224771,0.10155519,4.6415415,5.7039495,4.110404,3.962758,-0.72717273,6.1427426,4.5721493,4.390302,4.2275224,5.061378,4.6878333,5.964469,3.5486546,-0.7790597,0.293152,5.8490787,5.5994997,0.02420165,0.0011296915,0.74430287,1.9984944,0.5227012,0.7405938,77.013756,70.09416,-0.5186587,-0.25997412,-0.21974121,-0.42077014,-0.23945329,-0.6852576,-0.33664164,-0.32538763,-0.3718644,-0.320457,0.31977478,0.07414936,0.059813775,-0.38336536,0.27843326,-0.8504655,-0.5922205,-0.39421272,-0.46316132,-0.4185197,-0.41616145,-0.042624097,-0.09394269,-0.5607822,-0.3479642,0.2512402,0.20915288,0.111939125,-0.32076424,-0.099823065,1.2473094,-0.91636705,0.58112204,-0.28595847,1.3775209,1.0280168,0.4685451,0.6583885,-0.07315392,-0.16396141,-0.23396882,-0.26550874,-0.32640266,0.09629836,0.65084594,-0.5194625,-0.7796846,-0.6465863,-0.10189175,-0.87331676
0.7125571,-2.1462758,-0.28891954,1.5730007,-3.193949,1.5776161,-0.72046036,-0.4448883,-4.4868736,-0.29401913,-1.2091703,0.9069557,1.6046405,1.1237279,-0.71964425,0.81273323,-0.031846914,-3.4511797,-0.17890842,0.24277054,-1.7827262,0.107104234,-0.967577,1.0454967,1.1053239,2.179231,2.162875,0.3190027,-1.4117818,0.62008643,0.76919377,1.1981882,-1.0465602,0.7967885,0.2967211,1.4919505,1.6978422,6.326497,0.00014656251,0.0008067274,-1.2740533,6.7886,8.06062,8.122692,8.007519,0.0032352,6.2001104,0.0072065084,0.2331079,4.398398,4.0962504e-09,0.003153422,-1.8178184,0.004742923,0.14069036,0.05196771,6.4800835,7.780617,6.641906,5.1236844,4.6097503,1.1958779e-06,5.298297,0.00067180255,3.457249e-05,5.7411356,5.2840395,6.977001,6.2306266,-1.7889736,5.6984096,6.1732616,1.3489542,-1.6658857,0.33503824,3.3544486,6.360347,-1.8164637,-1.8178183,-1.8177695,0.006707158,5.0486827,0.0006045154,0.0002415232,5.322294,4.535628,5.456294,5.8158646,6.0337873,4.1349034,6.81149,-1.7046355,-1.8178129,6.112153,0.0390633,6.385405,-1.7525641,4.0779915,5.3361416,5.9342504,5.7582235,6.2153997,4.601417,-1.8176581,5.5232434,4.9866,5.5649524,5.5029187,0.00036139236,-1.813352,4.969029,5.471893,6.2774696,5.9617667,4.953975,0.16082759,5.4165454,0.070043266,6.1040764,0.05991102,0.022395413,6.049761,6.383801,5.1582646,4.5081224,6.4762826,5.9028034,0.1442553,6.4893284,7.1562867,7.195394,2.5544946,4.446874,4.0887775,6.6401124,5.184123,5.4435062,6.331378,2.548511e-06,6.0726943,5.492849,4.6017995,6.4983315,4.3856163,5.5518904,0.022178557,0.023559472,6.361438,0.014380207,7.7245626,4.404183,5.362527,5.050349,4.896259,0.00017228874,3.2331576,5.567511,3.611838,5.541495,6.668214,7.155085,6.05533,7.1906734,0.0077855466,5.436641,5.4716644,4.6197715,3.3420012,5.1771555,6.494471,4.7678485,4.954455,-1.8176715,4.552176,5.2790256,5.513062,-1.407098,4.5017667,0.0009861125,4.5885363,5.16725,5.661203,5.1255217,5.8161645,5.5713334,5.1865935,5.399597,6.203061,6.5749016,5.864139,6.4176297,5.506194,4.174712,5.8044863,6.847035,-1.6046255,6.3794274,5.4971514,5.362309,6.1259785,5.5841165,-1.6758524,4.6300845,5.560922,3.5804956,5.6436486,5.794976,-1.6404629,4.518637,5.351663,4.4790554,4.085837,3.1458628,6.36086,-1.6833231,4.5482154,5.348755,4.1150174,5.023843,7.202307,3.6493647,4.4228835,-1.5976394,5.6530795,5.599647,0.04217683,0.0011391765,1.2028013,2.1024146,0.030963672,0.7066302,104.23586,93.28541,0.030165333,0.014066516,-0.14614809,-0.046758976,-0.108638585,0.013856067,-0.38247743,-0.25645873,0.2367682,-0.17452568,0.81395566,0.23990679,0.7449656,-0.40277776,0.38929245,-0.25053102,-0.30703598,-0.19686158,-0.35613838,-0.11472327,-0.21210058,-0.19740194,-0.12556188,-0.25555623,-0.18424718,0.5331005,0.21637724,0.45042843,-0.37849593,0.21120058,-0.22826834,-0.37347254,-0.28251445,0.5194892,0.18730396,0.051268302,-0.07937709,-0.17511687,-0.34719256,-0.25264725,-0.23488301,-0.26849952,-0.31233495,-0.29806435,-0.21354155,0.14976798,-0.8502441,-0.7662763,-0.04502041,0.13216303
0.53986925,-2.1399965,0.32759193,1.9059123,-2.0337632,1.393013,-0.5003286,-0.7072333,-4.3994555,-0.17200927,-1.3575457,0.7090642,1.6495749,1.1952732,-1.7205077,-0.19248444,0.018234732,-3.4549525,-0.7701975,1.3839012,-0.915218,-0.030434921,-0.52874106,1.5254085,1.134177,2.3676572,2.1466858,0.3917047,-2.4432418,0.6249841,0.7198193,1.5972143,-1.732433,0.8425786,-0.20956361,1.298811,1.7025645,6.458489,0.0032575517,0.0062657045,6.7938743,6.934858,8.32941,8.461852,8.338086,0.13344909,6.320005,0.0072096363,0.16490397,3.4996753,6.600129e-11,0.0003431573,-1.8178186,0.048536874,0.17605883,0.05691559,7.036998,7.840871,6.6545215,4.9540863,0.6153869,0.0002822385,4.460364,0.0008701932,6.0863516e-05,6.2200418,5.761731,6.9774017,6.2305717,-1.7733611,5.6900325,6.054135,-1.8175689,1.927127,0.06094901,-1.4954062,6.3593698,-1.7482991,-1.8177581,-1.8134805,0.0010955835,5.162823,0.0012524961,0.001547153,5.3624334,4.0429473,5.5039983,5.8744264,5.9061227,1.6975509,7.484054,-1.8144207,-1.8176458,5.883288,0.8759944,6.904374,5.324705,6.28198,-1.0666424,6.2129703,5.906853,6.4202633,4.738346,-0.6761479,5.7381167,4.6354685,5.7177258,5.717337,0.011533824,5.4849024,6.953515,6.124305,6.44055,6.550747,5.9968715,0.06546062,2.9578137,0.32151103,5.781109,0.006065442,0.36449242,4.300924,5.183605,4.849119,4.4651423,6.8557878,6.461149,0.29475993,6.3926125,-0.5599148,7.6433473,6.6815014,8.239789,5.5325646,6.4775777,5.2521877,6.3237977,6.326139,0.00022907827,6.806272,5.231322,2.0819056,7.7447352,4.1757593,6.150462,0.19796947,2.6302986,5.741792,0.054357618,7.751369,4.515126,5.391591,4.8027434,4.7734833,0.00882768,4.2919607,5.579648,1.4404495,6.0040674,6.8978987,7.33798,-1.041645,7.616302,0.07871229,5.729472,5.284247,4.9861135,-1.4017694,5.27402,6.621873,5.2119136,5.1143475,-1.8147649,4.6393743,-1.1997628,5.6539927,0.48782417,-0.34482005,0.0016141813,0.119124174,5.199418,6.16589,5.567712,6.009134,5.7979,-1.6418647,6.242777,5.9742517,6.918406,5.9629908,7.2719,6.2095804,-1.4961551,6.316332,6.8677597,5.540166,6.3792105,7.4069114,5.1065717,6.1259747,5.7496886,-1.4978731,5.0253296,5.891681,5.0589967,1.2961551,5.4720597,5.0798755,-1.7253103,5.854459,4.194967,4.003109,1.4453309,6.457437,-1.1501276,4.795492,5.519742,4.8166785,4.8665986,7.2544746,3.7405517,4.8501387,1.0594077,5.5863843,5.5999374,0.015168636,0.0013254943,0.6370573,2.5102775,0.3973849,0.7317899,87.49473,106.589966,0.1722406,0.27947256,-0.12890361,-0.2710587,0.12276995,1.3702403,1.3147752,-0.10128053,0.72567683,-0.39414835,-0.3594345,0.42672038,-0.2693108,-0.4096875,-0.38622198,0.3442205,0.42382124,0.23611191,0.32182083,0.46557108,0.8036937,0.09840981,-0.30174854,0.84915656,-0.31460312,-0.053586297,0.58635974,0.45430845,-0.3516776,-0.54464084,0.028008336,1.2145023,-0.7291693,0.8909422,-0.48036698,-0.36625057,-0.4376381,-0.20101988,-0.4311225,-0.23796596,0.042345528,-0.26849917,-0.29352233,-0.29812688,-0.29370132,0.06791994,1.1021701,0.26972398,-0.34229586,-0.12149847
0.7894046,-2.1462915,-0.035908878,1.7483662,-2.1476655,1.5796267,-0.4803014,-0.39402393,-1.921855,-0.09452724,-1.0908959,1.3192809,1.6173387,1.1835461,-0.8209058,0.61082655,0.3648054,-3.4045007,-0.5503326,0.07720683,-1.813125,0.62802285,-1.0967067,0.82758045,0.93250304,1.9022926,2.0570996,0.40417245,-1.4664403,0.6216956,0.7303037,1.3908346,-1.1234634,0.88503706,0.45628718,1.6268083,1.789714,7.07759,0.8342205,0.3706616,2.8071144,6.5853596,8.411645,8.821062,8.697912,0.061870564,5.986144,0.018081497,0.033847217,5.104563,4.1729952e-13,0.002464515,-1.6232114,0.004678017,0.14062433,0.13531326,6.32807,7.734172,6.359442,4.621914,0.5896524,0.02007157,5.5330043,0.0006696271,3.2903874e-05,5.795665,5.694886,2.7911353,-1.7257755,-1.817816,-1.6477861,5.9016595,-1.8178172,0.123347364,0.035138007,1.4796302,1.8994067,1.1946081,-1.8062558,-1.8173634,0.00018962372,2.831197,0.00059516024,0.003093844,5.057859,-1.8084142,4.7848754,5.242779,5.0676827,5.213591,6.532231,-1.8178184,-1.8178097,5.8581305,1.7369792,6.294869,1.5638082,4.226463,4.4135146,6.0356913,5.9076543,6.1466484,4.343522,4.7446427,4.425526,5.188132,4.7675543,5.1358614,0.0002159367,1.2201959,5.108432,5.9003916,6.6883106,6.1765084,5.5328197,0.03635979,6.224507,0.92588335,6.360186,0.013080347,0.49404335,4.999122,5.0097785,4.765935,4.177749,6.5185328,5.9515963,0.050605763,6.3201437,5.643049,7.0243554,5.1924353,4.706211,5.724617,6.0766006,3.2896194,5.534673,6.300314,2.5480574e-06,6.2914014,4.184092,1.1014451,7.3504357,3.821228,5.9783893,0.00031542187,0.0032572055,4.657597,0.41481948,7.7716393,1.3113302,-1.7735555,5.237553,4.9259562,0.00012056621,3.865273,5.188073,-1.5975218,5.4704337,6.495624,7.3369727,-1.8129556,7.529486,0.03162776,5.714629,5.1572237,5.3483977,2.8211799,4.5494537,6.052964,4.6637087,5.1415286,1.1773169,4.8274593,5.7047443,-1.6479992,7.8107934,3.395595,0.00096762244,2.5519304,5.197409,5.8812704,5.3604226,5.5974364,4.736811,0.76166433,5.931803,6.238909,5.6971817,5.235512,6.429465,5.2810698,-1.8178052,5.6311607,6.866358,6.2549396,-1.7670753,-0.7389397,5.40297,6.1164074,5.2098503,1.4358761,5.575853,5.3202906,4.092381,-0.9058379,5.614855,4.578826,-0.04393403,5.005028,4.241269,3.852416,4.5339212,6.5181513,0.7785336,4.127466,5.5119357,4.7549357,5.38791,7.254392,4.4736886,4.8549986,5.2529855,6.1526456,5.5999374,0.005574777,0.0011278247,1.0888821,2.7426896,-0.08253166,1.0187931,175.47319,174.81233,-0.28223652,-0.35157198,0.17844714,-0.27097365,-0.23641992,-0.0064493692,-0.018607419,-0.37847263,0.075049646,0.23680905,0.039225776,0.066109374,-0.13082795,-0.4007901,-0.37869602,0.07018792,0.14000547,-0.0037112865,0.00991092,-0.20975067,0.24858387,0.03366081,-0.25183913,0.31709132,-0.0067087985,-0.37829077,-0.26436698,-0.23945054,-0.35183996,-0.2581911,-0.24832027,0.71367425,-0.39444783,-0.17804483,-0.35660622,0.055028107,0.098706074,-0.26219225,0.035548303,-0.2550374,-0.19499905,-0.26567113,-0.33428383,-0.29812688,-0.2790702,0.22661823,-0.2930022,-0.23645708,0.12645034,0.5974312
0.6857516,-2.1462905,-0.12987646,1.8329966,-2.147498,1.5560114,-0.5919936,-0.46263364,-1.8884895,-0.09896086,-1.324725,1.2937602,1.5842872,1.0844436,-0.79792136,0.5471436,0.36572692,-3.1423957,-0.82725394,0.052920096,-1.8947277,0.4584934,-0.7840115,0.8512603,1.0567439,1.7953657,2.0165186,0.38799575,-1.5520322,0.61780375,0.8045386,1.3153719,-0.5863648,0.88973963,0.48860434,1.6062506,1.794654,6.827063,25.393032,0.8858181,6.884678,6.2312036,8.252371,8.64782,8.481038,0.05093327,5.964729,1.388899,0.042648368,4.1980863,1.2410153e-10,0.007841717,-1.5445197,0.0047625094,0.14161113,0.1557929,6.5641084,7.9116397,6.661981,4.448545,1.8279094,0.0030324599,5.684892,0.00067708903,3.3483495e-05,6.0131574,5.7968636,6.671058,-1.1364813,-1.8174621,-1.2789971,6.509683,-1.8177557,5.3923125,0.045001898,4.7365746,3.137021,5.3503547,-0.9358443,-1.1740143,0.0011734626,4.787597,0.0006139078,0.019786384,4.819025,-1.6728606,5.1009893,5.5983596,5.548922,5.728182,7.043777,-1.8176804,-1.7946482,6.7262845,1.9432743,6.686331,5.60908,6.1988006,5.3318753,6.086579,5.9076104,5.8562474,3.128383,5.265925,3.3582153,4.2755237,5.3813343,5.013332,0.00022941983,0.8021153,4.393156,6.525519,6.783989,6.408101,6.231082,0.07827235,6.215282,1.7567948,6.832207,0.016752731,1.8892977,5.1744995,4.9738045,4.691925,3.834117,6.5961504,5.6535883,0.39284915,6.666827,5.27075,7.184968,5.0087004,4.5345554,5.433653,5.9282637,4.863738,6.039059,6.345719,2.128231e-05,6.6254454,4.3293896,4.076758,7.2537913,3.8405135,5.8671846,0.001362897,0.013039814,4.0273027,7.6020703,7.7156816,0.87293863,-1.8007025,4.890714,4.9061418,0.00015939752,4.1116467,5.245897,-1.7546796,5.301626,5.709443,7.1035547,-1.7174435,7.6246214,0.060950894,5.7489886,4.289049,4.8878446,3.3048606,4.4598923,6.2482038,4.7219563,5.2963824,6.8529387,4.72898,5.703045,-1.741645,7.815461,4.1414495,0.0009684482,4.602582,5.3082747,5.9183993,5.6136003,5.4683614,4.5132465,1.3083138,5.5146523,6.168649,6.0162845,5.404212,7.10326,5.1094675,-1.8170815,5.704531,6.8648562,6.2849073,-1.7539873,-1.0839881,5.4368753,6.0715065,5.111166,2.6484756,5.3553715,5.555226,4.262884,-1.4219859,4.0701146,4.7221904,-1.2445773,5.44192,3.9612167,3.7365973,4.388433,6.5219603,2.6796803,4.12918,5.515926,4.2222276,5.250287,7.254044,4.391236,4.8548007,5.1823926,6.0903206,5.5999374,0.005951862,0.0011282989,1.0177715,1.9057704,0.1451677,1.0059041,210.41151,210.14647,-0.43260878,-0.43232554,0.19767,-0.23017327,-0.2298381,0.11369204,0.027399095,-0.22746336,0.11279165,0.26152638,-0.17595343,-0.18948697,-0.27009228,-0.24225815,-0.33540073,-0.096716814,0.2762366,-0.037327185,0.075575106,-0.34162048,0.5385713,0.28119412,0.08407883,0.33156314,-0.13389894,-0.44968858,-0.29223266,-0.44679046,-0.17310472,-0.17557305,-0.43267107,1.0313567,-0.36921304,-0.35280153,-0.087406,-0.04964345,-0.024544552,-0.22337665,0.18987256,0.16793641,0.040144112,-0.25020495,-0.33024877,-0.29812685,-0.23423068,0.27929476,0.017105004,-0.0101606175,-0.040566523,0.70758903
0.3447767,-2.1462915,0.14831044,1.4742193,-2.8358517,1.3837436,-0.7749116,-0.68280923,-2.1061172,-0.36382,-0.97742766,1.1196063,1.739458,0.8104064,-1.0948831,0.5533192,0.203762,-2.1219697,-0.17696728,1.1134845,-1.5327737,0.20625141,-1.3681245,0.22727472,1.1557869,2.4517722,2.0856357,0.3936607,-1.6575207,0.6034284,0.65312564,1.0857424,-1.3340019,0.77384734,0.39149946,1.6305755,1.7112483,6.641681,8.451484,0.36367238,5.6650248,6.5089993,8.257542,8.694465,8.717196,0.50784653,6.236658,1.6764121,0.073333055,5.0061035,1.711087e-11,0.0010382463,-0.91188556,0.0046770987,0.14061378,0.15242727,6.898756,7.6131744,6.502651,4.525468,-1.8054289,0.012856695,-1.496952,0.00066958705,3.290007e-05,5.3578224,-1.2799087,3.9539096,5.240514,-1.8178186,-1.8135037,5.5539665,-1.7931403,-1.8172246,0.02722931,-1.2613853,-1.8176649,0.4980654,-1.6296552,-1.7277522,6.503649e-05,-1.8164077,0.0005950272,0.01714347,4.5458603,-1.8177063,4.185451,4.5561814,5.222274,3.8059433,7.1452727,-1.8177055,-1.8177625,5.532357,0.6592605,5.9594927,-1.5456938,3.9700804,5.5369596,5.8068237,5.9074244,5.935132,3.0274568,5.9017844,-1.7394128,5.3203034,4.840513,4.0011086,0.00021587758,-1.8172498,3.5193825,5.3147945,6.090898,5.922897,5.1801815,0.029951055,5.6721873,0.8194079,6.2677855,0.00056338636,1.3469342,5.122396,5.687009,4.902311,3.9132404,6.156089,5.6847196,0.013465067,6.6344376,6.9314327,7.295045,1.6769598,3.750445,3.1937513,5.318139,-1.6897343,4.6093984,6.430482,2.4137648e-06,5.7020383,5.0651503,3.1594248,6.289996,3.7333193,5.3928285,0.00026786793,0.003222788,5.858848,4.4691744,6.9074574,0.5611065,-1.817178,5.336885,4.9256845,0.000120454344,3.7249641,4.8660655,-1.7814959,5.0127163,5.247755,6.5137205,5.003606,6.571693,0.013672992,5.290387,5.471927,4.8855457,4.0563226,5.012492,6.422306,4.359378,5.027104,6.941434,4.491228,6.1952662,0.16403009,7.763034,0.8397512,0.000967621,-1.8161079,4.9506874,6.410821,5.8774204,5.408307,4.9390907,5.1398544,4.9885287,5.539702,6.264582,5.168547,7.4331775,-1.5930926,-1.8178185,6.004266,6.338521,5.1937866,-1.8178158,-1.3280207,5.8070745,-1.279847,5.233722,3.8128984,5.319551,6.148752,4.8389606,3.7510319,5.3174124,3.615518,4.7643843,5.4490275,3.84945,3.343977,-1.754241,5.9560113,5.859612,3.961907,4.696367,5.4250336,4.566301,-0.9065216,4.4758945,4.8516035,5.2881618,6.207855,5.5999374,0.0057307584,0.001127824,0.9913967,1.6441414,-0.21907817,0.80547386,120.41317,113.17618,-0.8159212,-0.4390663,-0.17420438,-0.52197057,-0.22012122,1.0167223,1.3824519,0.23637144,0.71959525,-0.33212873,-0.09197752,-0.15629016,0.1344635,-0.17278951,-4.049506e-06,-0.44984892,0.33344045,-0.20972918,-0.37525022,-0.29763618,0.4072203,0.7692967,0.0074890335,-0.2895855,-0.1634823,-0.031030908,0.08385091,-0.30425778,0.090609536,-0.21251729,0.24746753,0.14639468,-0.5116604,0.76607805,-0.424446,-0.22565678,0.04375544,0.2641061,0.4877502,0.20913799,-0.11135626,-0.19450988,-0.3083848,-0.29812688,0.14875834,-0.19811761,-0.4433417,-0.1769771,-0.5055053,-0.11295189
0.91339636,-0.50697756,-0.07087311,1.5942866,-2.1476386,1.3918887,-0.6633683,-0.5894237,-2.2652647,-0.1711551,-1.39201,0.72530943,1.6401417,1.2209898,-1.16215,0.22995555,0.033143785,-3.4549468,-0.7327357,0.97427976,-1.9733311,-0.052568603,-0.51515293,0.90833515,1.1470958,2.4390056,2.0232253,0.40891385,-1.608737,0.62010634,0.7393153,1.4346286,0.029736219,0.8051172,0.49572587,1.2357011,1.6686616,6.2721825,0.18865596,0.0014159917,6.992287,7.014324,8.388277,8.466685,8.134137,0.046675146,6.38974,0.009483792,0.33409625,4.22459,2.3261805e-10,0.0059601003,-1.8178186,0.5842267,1.4884528,0.18914872,7.0281124,8.033822,7.025234,5.5594435,4.8508496,7.952608e-07,6.0700693,0.01944742,0.002445371,6.761844,5.9066453,6.9778953,6.2306657,3.7698991,5.698406,6.667219,2.450692,5.5279946,0.16679749,5.6130595,6.3603225,2.7706134,-1.8166245,4.903376,0.008408253,5.229117,0.042859785,0.008357986,5.4551473,4.5354586,5.7209153,6.2015414,6.276229,3.7332284,7.6664176,4.2462783,-1.0801592,7.1183777,0.7205344,7.191593,5.6441293,7.0304837,5.2187405,6.3923764,5.645842,6.578373,4.77275,-1.5731074,5.583565,4.5513964,5.7833447,5.863449,0.50772434,5.179672,5.6346064,6.243614,6.9616137,6.779233,5.973278,0.16796628,5.5608,0.66974115,6.811657,0.053923957,2.017066,5.578699,5.5156627,4.845732,4.6514482,6.9946074,6.2742085,0.41888693,7.1391416,5.8438106,7.917047,6.452848,6.7833614,5.8199086,6.7223825,5.6576967,6.972005,6.6098037,0.014420497,6.983161,5.128729,-0.48352584,7.187659,4.7195253,6.322628,0.1931281,82.00237,6.9998693,2.6234763,8.391623,5.0025926,4.0318294,5.4736795,1.0951486,0.34759465,4.6409445,5.650954,-1.3927778,5.6735673,6.9299374,7.1930175,5.823242,7.5730815,0.053786654,5.8695383,5.3388467,5.079984,4.2798553,5.2376757,6.794743,5.427536,5.3470016,-1.7909621,4.8486395,3.146122,5.7577534,6.1824675,3.2801201,0.08832482,5.513945,5.545246,6.3518467,5.8255486,6.2044225,5.976525,-1.5819696,6.0006647,6.4136386,7.102779,6.40286,7.126677,5.9866056,4.6968765,6.3186073,6.867749,4.9986343,6.3795156,6.473002,4.9854164,6.1259794,6.235642,-1.8158071,4.8309426,5.930703,5.0788584,5.1031375,5.047513,4.643619,1.5367075,5.9365954,4.1851096,4.2043414,4.361543,6.5945544,5.278689,4.8201685,5.52026,5.2415814,5.0541043,7.2544894,4.162058,4.8467035,2.9568071,5.993506,5.599925,0.032360934,0.04669668,0.79589075,1.688432,0.40085545,0.6718258,220.60158,227.64253,0.07971145,0.501231,-0.04704475,-0.26669228,-0.17565045,0.5735537,0.5268657,-0.021991376,0.25387216,-0.21620962,0.5302595,0.7553666,0.10097287,0.18094964,-0.103643656,0.2709356,0.56858456,0.41583624,0.18831627,-0.45836234,0.8142332,0.1976356,-0.29319653,0.81258744,-0.37662154,0.19181035,0.45672116,0.15297097,-0.24724966,-0.54579395,-0.25889036,0.6249744,-0.5296868,-0.3249019,-0.50109553,-0.42379162,-0.3360111,-0.34511745,-0.40792176,0.41945037,-0.0018925813,-0.26850235,-0.30647296,-0.29812524,-0.3449801,0.471643,0.36114863,0.13832699,0.76748145,0.7308799
0.60353374,-2.145521,0.06594591,1.5348068,-2.739618,1.4207069,-0.88511574,-0.6609357,-4.10917,-0.3085496,-1.357139,1.1806451,1.6009368,0.7859969,-1.4384812,0.13247463,-0.009252198,-3.454923,-0.57075274,1.1415749,-0.8748283,0.4966225,-0.5980615,0.85096776,0.8890074,2.2100923,2.180546,0.44560748,-2.2067308,0.6151293,0.6941555,1.3170077,-1.3725955,0.88036895,0.30491966,1.4118799,1.7259935,6.959937,0.022746028,0.02668365,6.363047,6.6214056,8.325384,8.637988,8.491914,0.044287626,6.353346,0.0072216047,0.10589289,5.181083,2.1755503e-10,0.0028251773,-1.817818,0.0052863266,0.14101028,0.104276374,7.2838335,7.876383,6.6010146,4.891167,-0.6169401,0.00078771857,5.3290443,0.00067249837,3.4025565e-05,6.0933733,5.2778826,6.9591107,6.2193723,-1.8055725,5.6675277,6.255362,-1.8171256,-1.1440048,0.066190645,-1.7339175,6.347478,-0.51843905,-1.8173839,-1.8120859,0.0010504914,4.785828,0.00060827314,0.0059241666,5.269328,4.5194907,5.34468,5.708252,5.446279,1.7099771,6.9219885,-1.8171213,-1.8177271,6.08403,0.73054177,6.55786,4.4321113,4.430146,3.341608,6.1221857,5.903828,6.2658887,4.6842556,0.7403908,0.672997,5.0479207,4.564478,4.9315224,0.00044928724,-1.6219523,5.9785776,5.298001,6.4099007,6.0152993,4.678516,0.071488485,5.1104755,0.22227669,6.1394014,0.009848159,0.117000856,5.4319563,5.1963573,4.8936777,4.3347034,6.5744286,5.5721483,0.16041112,6.5352726,4.977948,7.076167,0.37153444,5.1389284,4.254197,5.916836,0.8631101,5.5571895,6.244146,3.5643222e-06,5.777384,5.0597696,4.8019004,6.22475,4.0274563,5.7551994,1.0386686,0.047082298,5.518571,0.07600345,7.4658957,4.740041,1.249001,5.425569,4.8735595,0.00024679967,3.8253632,5.411832,3.485677,4.934958,6.329149,6.412096,0.20968819,6.8030515,0.015457306,5.2721567,5.3386216,5.529526,4.736153,4.890118,6.276989,4.6912746,4.8110175,-1.6832291,4.5456066,3.2569258,5.4979234,2.7304265,-1.2279544,0.0009787347,3.6430113,4.915347,6.0236297,5.4145007,5.6512094,5.221603,0.8189727,4.380149,5.6900096,5.931321,5.3683925,6.949513,4.877983,2.0438442,5.8561044,6.8667893,5.5346336,6.358654,5.849165,5.090637,6.12595,5.265874,-1.5160978,5.166955,5.539765,4.55625,4.039127,5.41201,4.4374676,-0.46602178,5.533957,4.2545886,3.7449546,0.26170358,6.1980257,4.3682094,4.5305934,5.511986,4.85772,5.347875,7.2542257,4.220932,4.834823,3.4204552,5.8139915,5.5999374,0.021696376,0.0011325992,0.79000187,2.3205144,0.3131716,0.86716694,136.89095,139.12502,0.5003528,0.6343139,0.9321863,-0.38847053,0.06650868,0.65668046,0.46082616,-0.008613696,0.4477404,-0.09674776,0.29215845,0.4620911,0.16736962,-0.30665255,0.031667177,0.19645242,0.6085703,0.39134112,-0.340342,0.048593637,0.34386557,-0.05871395,-0.27889055,0.51468533,-0.16312519,0.5428481,0.70414644,0.05580236,-0.106159724,-0.03750263,-0.08233818,0.43729362,-0.60446423,0.87160605,-0.28557274,0.34003693,0.32696003,-0.0074824262,-0.31641382,-0.15938377,-0.13267083,-0.26820543,-0.29576293,-0.2981259,-0.25073737,0.2099203,0.17571145,-0.2554352,0.32115048,-0.15809761
0.8081083,-2.1462915,-0.21845672,1.5633428,-3.1726034,1.4980015,-1.0372185,-0.52033794,-4.4869003,-0.28349587,-1.2146242,1.2127489,1.4599764,0.4126602,-1.1531935,0.48527405,-0.013720486,-3.398152,-0.44163534,0.5360447,-1.904776,0.437258,-0.758878,1.3326728,1.0315464,2.0639606,2.028704,0.38849324,-1.2507404,0.62305564,0.8548229,1.2115917,-1.1196973,0.90346324,0.53006834,1.5721216,1.791354,6.7764387,0.0122592235,0.04452039,3.2649043,6.0029,7.9942894,8.323009,8.2737,0.016282655,5.944104,0.0072106775,0.1015032,4.512774,2.6086168e-08,0.0016164212,-1.8168536,0.004682487,0.14061777,0.04284834,7.3664308,7.755501,6.2811766,4.8174944,-1.7756194,0.003967627,5.452361,0.0006697109,3.2995587e-05,5.621838,4.2591076,6.952371,3.8146212,-1.817801,4.5310616,6.1813226,-1.8168023,-1.5821471,0.071242675,0.50033855,1.7877473,-1.8147129,-1.8176126,-1.8176785,0.00050828885,2.3810234,0.000596006,0.0022035232,5.218003,0.51725584,4.9790053,5.6501565,5.2734814,4.7163887,6.8432703,-1.8176357,-1.8178129,5.706399,0.0778728,6.294326,-1.1364374,3.7403598,5.2207713,6.100959,5.589827,6.2567043,4.663061,-1.1404465,4.067979,1.2201414,4.8662596,5.078546,0.00022070974,-1.8102962,5.2214026,5.5746107,6.271077,6.1051364,4.9272895,0.122367755,5.385966,0.35870624,6.143876,0.00482953,0.097801335,5.5171857,5.1416316,5.016429,1.9574225,6.2537227,4.92187,0.23852506,6.5515985,4.439475,7.1653337,1.422988,3.9920986,4.288363,5.812325,3.079641,5.358875,6.295282,2.4280555e-06,5.5173216,4.79959,5.9910297,6.0437684,3.9243228,5.078395,0.108165324,0.004404195,4.9830027,0.023544876,7.2829103,4.6172075,4.224067,5.149081,4.9139943,0.00012505316,3.316632,5.5169125,3.4438632,3.9047272,0.7957437,6.894073,0.40877673,5.256406,0.023189664,5.3307824,5.122125,5.3216047,4.1381702,4.585599,6.1901946,3.981988,4.473157,-1.8056985,4.7272396,-0.971664,5.3060145,-1.7949873,-1.7118111,0.00096776226,-1.4138508,5.096207,5.875424,5.5028577,5.2694383,5.216514,0.42120004,4.119688,5.7930684,4.2094913,5.228438,7.3552527,0.042518903,-1.6702149,5.329058,6.6736417,2.599657,2.900471,0.78950846,5.02205,6.1128554,4.8125854,-0.44715393,4.8487535,5.8923306,4.9318237,0.67505175,2.6706305,4.500586,-1.7354265,4.841357,4.390677,3.6415162,4.1042733,5.408621,2.9236126,4.112964,4.641066,5.0787563,5.119742,3.9758139,4.1988134,4.188658,-1.7830646,5.156859,5.5999346,0.028674731,0.0011279804,0.99761665,1.9365991,0.15514025,0.84406406,29.367651,56.67587,-0.192748,0.5955877,0.18332863,-0.42002568,-0.25830895,0.5935382,-0.04005986,0.5817946,0.066444546,-0.04076992,0.8361997,0.24729684,0.58444613,0.31875765,0.5469861,-0.08244947,0.4568665,-0.17993785,-0.39975953,-0.058006402,0.13166285,0.37747574,-0.070634745,0.030489951,-0.32016364,0.57890695,0.22324522,0.21438694,0.13199194,0.28897417,-0.49660432,0.558019,-0.15632212,-0.1673555,-0.2517658,-0.26626694,0.08366886,-0.3395253,-0.1930482,-0.23058672,-0.16580024,-0.25775832,-0.30929342,-0.2981183,-0.34254944,0.1959028,-0.47942033,-0.45608956,0.13625485,0.47907767
0.54895043,-2.1448524,0.13171333,1.4814413,-3.0185244,1.4827116,-0.69911194,-0.54583645,-4.4837627,-0.2713298,-1.2938554,0.9776931,1.5340997,1.0558219,-1.2518773,0.35603178,0.026216742,-3.4504414,-0.4321263,0.45560694,-0.5743966,0.2624173,-0.883036,0.9652038,1.0820259,2.1894329,2.2523973,0.32113186,-2.150868,0.6157713,0.7842758,1.280408,-1.2864397,0.80953336,0.37806463,1.4519553,1.697424,6.196523,0.0010277627,0.003843337,2.3094084,6.3971024,7.890678,7.9925065,7.889959,0.009458281,6.1995225,0.007207845,0.13578942,4.1061444,3.165669e-08,0.0027374066,-1.817818,0.01231379,0.14855349,0.068900414,6.367326,7.713879,6.5065813,4.839955,3.6239903,4.87479e-06,5.371714,0.00090516626,8.798864e-05,6.055124,5.4762306,6.9775777,6.2306275,-1.8072295,5.695953,6.372792,-1.8033437,4.35662,0.17999078,-1.1141213,6.360152,-1.8111757,-1.8178099,-1.8124444,0.0056094863,4.7259774,0.0013748308,0.0005469336,5.2022552,4.535101,5.284125,5.7473598,5.847944,0.45256013,6.8608537,-0.9052297,-1.8174661,6.1557837,0.06692095,6.405371,2.1925657,4.1136613,4.939211,5.6705766,5.4899,6.0303135,0.97758454,-1.8140225,5.596325,3.7639475,5.568577,5.417069,0.008445771,0.6300816,5.8795514,5.41202,6.2924314,6.003766,4.839386,0.10042289,5.2084103,0.09227508,5.9892807,0.034214783,0.35165942,5.82288,5.9092298,4.9874763,4.363869,6.558726,6.1427345,0.12308497,6.409996,6.609817,7.0734205,-0.17422713,5.0495453,-0.036649447,6.7115006,5.198095,5.4095616,6.4230185,4.3758497e-05,5.5318227,5.2406955,5.365462,7.1398864,4.3954034,5.583269,1.1906606,1.3136171,6.532982,0.032816097,7.8771305,4.1420245,5.1979346,4.298565,4.4799995,0.007985151,3.5989797,5.621495,3.6578803,5.650802,6.095472,7.412182,5.940257,7.0773654,0.0462379,5.5999565,5.0373263,4.710921,4.2560515,5.092154,6.119041,4.606945,4.854265,-1.8172235,4.687069,5.1386943,5.121907,4.5664334,4.6171675,0.0027071626,4.3126345,5.1618414,5.697768,5.2522984,5.503783,5.3837924,4.987327,6.076488,6.5721164,6.493275,5.9188566,6.711498,5.5984077,-0.24792941,6.029217,6.8656197,-1.0822489,6.3793545,5.9240675,4.806594,6.125966,5.010338,1.16665,4.7002306,5.627306,0.5944842,3.8636627,5.1515102,1.1488029,-0.63911045,5.563766,4.718235,4.101223,1.8070142,6.422072,-1.2406727,4.434531,5.4893045,0.32472587,5.150484,7.233099,3.6122415,3.7631521,-0.99695206,5.4927306,5.5987587,0.029279526,0.0016349907,0.9535928,1.5797671,0.11747181,0.7745291,181.26033,186.21819,0.8569948,0.76102185,1.295214,0.14972015,0.41910306,0.35306045,-0.11848061,-0.092957646,0.32111257,-0.09903981,0.1342203,0.27231008,0.33384067,-0.39543507,-0.2728664,0.14820793,0.5897907,0.33592412,-0.29821,0.13530374,0.210204,-0.109869055,-0.20912775,0.21111685,-0.1329923,0.44854006,0.57130224,0.35426188,-0.32823533,-0.014827335,-0.28781605,0.42058608,-0.6996689,1.7543982,-0.049108583,-0.16732371,0.53587556,-0.13000971,-0.3093225,-0.13736445,-0.22762549,-0.2684608,-0.2809799,-0.29812136,-0.26986519,0.06408506,-0.13758956,-0.18049993,-0.20476472,0.011081376
0.3269973,-2.1462903,0.1006993,1.4397368,-2.3822799,1.2719929,-1.2620859,-0.85149133,-4.270065,-0.5702856,-1.1574436,1.2132919,1.5660174,-0.04838165,-1.438529,0.121890016,0.017567087,-3.3778687,-0.64485115,0.7571802,-0.7940912,0.36426374,-0.70599246,0.47563964,0.9770795,2.2382796,2.2148273,0.38267958,-0.8781854,0.6027847,0.6641842,1.2626939,-1.5929778,0.853374,0.49986067,1.4779696,1.7280391,5.2912254,4.831215,0.3166834,-1.2447821,5.4753194,7.549004,8.159234,8.148177,0.08642647,5.608153,0.15743263,0.06774113,5.3355265,2.4018476e-05,0.015256603,0.5074404,0.0048133796,0.14234395,0.09034619,7.3335695,7.7215576,6.507316,4.980887,-1.4515775,0.0013656226,4.85913,0.0006939305,3.396601e-05,5.483175,0.7651064,6.7865915,5.7403326,-1.8177682,-1.747075,6.004145,-1.7532611,-1.7702168,0.04938378,-1.6725883,-1.8101574,2.4571462,-1.4736767,5.0389023,0.00074600073,-1.800168,0.00070702506,0.03788471,5.2775154,-0.7741689,4.6525083,5.3895283,4.7984004,4.065282,6.69547,1.8217554,-1.7837276,6.8136597,2.9775436,6.1292005,6.132068,0.5475475,6.314041,5.807068,-0.7679053,5.7765474,-1.5026432,4.464824,-1.2187836,1.7107927,4.9359045,3.4675999,0.00041973224,-1.808868,-0.6873775,5.0152626,6.2803917,5.894888,5.9123893,0.08418586,5.1175923,1.0435917,6.3421254,0.0021769435,0.8988042,5.275584,5.6825466,4.268112,3.458127,6.1132903,4.1936235,0.48870182,6.532966,0.65874845,6.8016562,-1.4261962,3.658769,1.9293604,4.876703,-1.6612381,4.868514,6.265845,1.1949045e-05,5.312662,4.690971,4.873922,5.2640343,2.9898853,4.6986246,0.0034027318,0.09788199,4.7746897,0.9888153,6.430473,5.1556644,-1.3151666,5.3257303,4.0721936,0.00031237843,3.061168,5.0478396,1.4714881,4.0584183,4.21284,2.792382,5.677997,5.2647862,0.01828399,4.8623943,4.5449314,4.456982,5.0025315,4.676758,6.0283804,4.199406,4.6638083,1.9319245,3.7522676,1.7551998,-1.0713328,5.5828056,-0.06278996,0.0009901759,-1.7999681,4.335089,5.9435554,5.482402,5.2888174,4.8490276,3.4373481,3.4406676,4.0608873,3.7449262,4.522053,7.5011945,-1.7986021,-1.816801,4.80753,0.057648208,4.733915,-1.8106358,-1.684949,5.441896,-1.5808746,5.346593,3.4569461,4.36648,5.657818,3.9381096,0.50982285,0.255004,4.921053,-1.7374669,3.6724322,2.9905484,3.7429044,-1.7053658,5.892183,3.916868,3.7570753,4.5713544,4.6901603,5.2640266,1.7810714,4.08784,-0.6754391,4.690068,5.6965237,5.58935,0.017044956,0.0011365568,0.6396358,1.784181,0.22965363,0.8413807,152.81015,148.63733,-0.13421954,0.27326244,0.055096634,-0.29358453,-0.2763244,0.28197113,0.7857086,0.4354046,-0.1124873,-0.2566946,-0.22004624,-0.021122875,0.078067936,0.0409613,-0.055735115,-0.028269023,0.035951886,0.027801085,-0.3403181,-0.2463754,-0.36027345,0.01672529,-0.14509407,-0.2972212,-0.22757548,-0.002150272,0.33231938,-0.47282293,0.6983734,-0.054179903,0.517288,0.21555428,-0.24045818,1.085079,0.23405214,0.1490953,0.8858609,-0.22134696,-0.040181506,0.6805181,1.2073603,0.87046385,-0.29373652,-0.29744193,-0.22638576,0.04417489,0.23873281,0.021577952,-0.15006717,-0.4320842
0.6206338,-2.1462915,0.3749509,1.9365407,-1.916005,1.5367584,-0.34812927,-0.7063469,-4.457,-0.06988961,-1.1679893,0.824974,1.5135459,0.90752685,-1.6919101,-0.19416001,0.27762005,-3.454358,-1.0081179,1.3368745,-1.479151,-0.01486381,-0.68859005,1.5648855,1.1876639,2.1795359,2.087727,0.4196618,-1.8791618,0.6256246,0.8120519,1.6040171,-1.7819262,0.88317674,-0.21977143,1.558794,1.769711,7.1292973,0.001527338,0.14112139,5.253658,6.3422422,8.311464,8.563312,8.585678,0.16906966,6.046533,0.007207114,0.03222361,3.0020232,3.1851962e-12,0.0003612063,-1.8176032,0.0047684177,0.14065757,0.015816227,6.2189245,7.6491184,6.2607694,4.362879,-1.7533324,0.01403171,4.3793187,0.0006698315,3.294295e-05,5.852363,5.621763,6.850144,0.7300087,-1.8178155,-0.09851106,6.3428373,-1.8178186,-1.6779548,0.00886877,-0.90600556,5.6082687,-1.7938073,-1.8177803,-1.8178166,8.0469224e-05,4.251054,0.00059587404,0.00085841515,5.385673,-1.8169202,4.8153157,5.676304,5.361413,5.777572,6.6927295,-1.8178184,-1.8178172,5.8147798,1.5653511,6.389346,4.6437654,4.441354,-1.6782186,6.1177583,5.907654,6.2570605,4.430423,5.3928566,5.7099767,5.0744305,5.9472365,5.8004193,0.00022172339,5.5141563,7.147313,6.602018,6.6770177,6.268315,6.583666,0.059158143,4.3386655,0.88693106,6.162515,0.0011056997,0.027201165,5.1161103,5.078461,5.096269,3.8556094,6.812572,6.577891,0.5706224,5.879415,-1.6909885,7.2639813,7.0794096,8.308082,5.2033343,6.620374,5.423219,5.6553187,5.6945267,3.3383508e-06,6.5518403,4.5699053,4.76328,7.900737,3.6472433,5.799505,0.0018179311,0.004797502,5.334181,0.016304974,7.8880816,4.3316526,5.079215,5.4296412,4.924992,0.00012521492,3.490585,5.5286536,0.1506423,6.0679564,6.8080893,7.6831646,-1.8174275,7.666574,0.04907747,5.753932,5.148833,4.5550714,-1.7470587,4.884987,5.9553432,4.924306,4.769926,-1.7758963,4.7322206,-1.7893372,2.4494002,-1.2582691,-1.7229067,0.0009676746,-1.7059548,5.201416,5.6238613,5.168441,5.3690605,5.4943666,-1.5861369,5.759178,5.9153295,5.8775544,5.1870213,6.371331,5.088096,-1.8177243,5.6287293,6.8676734,5.638397,1.852816,0.41569534,5.305504,6.123817,4.6142426,3.7496297,5.4086547,5.612859,4.225828,-1.7798588,5.4918714,4.657876,-1.8169327,4.064894,4.506718,3.605864,4.9519444,6.459682,-1.7444293,4.4234686,5.5156336,4.02084,4.99155,7.254386,3.9045062,4.8549223,-1.7528911,5.031858,5.5999374,0.008400679,0.0011278497,0.7282677,2.7038743,0.21007156,1.0010496,70.356865,62.438087,-0.520858,-0.70782006,-0.48584816,-0.18270202,-0.15705961,1.431105,1.3879457,-0.2646119,0.67003506,-0.22330083,-0.6580555,-0.37960967,-0.48234746,-0.35946414,-0.39829648,0.43607923,-0.21862872,-0.26311386,0.37179706,0.67506665,0.20217763,0.3607186,-0.3173858,0.21603024,-0.101935685,-0.77667737,-0.43865016,-0.58100533,-0.2281568,-0.5245839,-0.30922255,1.6108382,-0.50917983,-0.12803443,-0.47347942,-0.27522916,-0.27059418,-0.26311636,-0.20410776,-0.26826212,-0.09573339,-0.26830342,-0.3197219,-0.29812688,-0.19557403,-0.24299365,1.155744,-0.19636448,-0.5594321,0.036472432
0.5967256,-2.1428874,0.25524545,1.543058,-2.7036211,1.4405442,-0.6367564,-0.6332883,-4.4854026,-0.27640462,-1.2800877,0.88524306,1.5052947,0.8422877,-1.42533,0.18152517,0.019918088,-3.3857968,-0.6331573,0.24037349,-0.45616844,0.14889608,-0.92191094,1.1739528,1.1160042,2.1764016,2.2473354,0.30460763,-1.3645022,0.6213218,0.7612038,1.3618562,-1.3194135,0.7817726,0.29563096,1.4751276,1.6864274,5.868268,0.002062847,0.0073295473,-1.1811572,6.1075716,7.754521,7.91111,7.8585563,0.010164199,5.96687,0.007213032,0.16517684,3.5188224,1.1928406e-06,0.0044841603,-1.8178082,0.060040195,0.2096578,0.07560997,6.3209777,7.699364,6.535619,4.6471167,2.8435833,2.993217e-06,5.265322,0.004603009,0.00046773287,6.117121,5.3302207,6.97713,6.230622,-1.8071647,5.6934137,6.2502627,-1.7816737,4.6204457,0.15342131,0.12145952,6.3599734,-1.8116884,-1.8177985,-1.8014709,0.006613926,4.3428698,0.00906547,0.00047920068,4.9983697,4.5339584,5.1354175,5.4563065,5.703181,3.3354552,6.8111205,2.772129,-1.812202,6.3114038,0.06385849,6.269238,1.9972765,4.520686,3.9430597,5.218634,5.0149484,5.5642242,-1.4436496,-1.8134909,5.588295,3.7140176,5.7581115,5.513203,0.11909383,4.156968,5.2321224,5.7793365,6.292407,5.86072,5.213604,0.093532376,5.027634,0.11443294,6.005407,0.050220974,0.5357408,5.822454,5.661241,4.974167,4.2619796,6.582138,6.219584,0.18207142,6.351715,5.1632404,6.700489,2.585487,5.7522435,-1.418617,6.8547463,5.450126,5.1537557,6.2527847,0.0008250312,5.434658,5.039501,5.028411,7.494606,4.328714,5.26223,0.1722158,17.442694,6.6482935,0.06158334,7.944038,4.0584936,5.189382,4.132269,3.1528008,0.06112038,3.3689985,5.460517,3.6548142,5.8566113,6.0739393,7.42267,6.024207,7.2302113,0.07248117,5.7560263,4.596455,4.066188,1.2428135,4.9441385,5.765814,4.5395017,4.892163,-1.8175153,4.517067,3.2456527,4.229214,2.588516,4.746251,0.026186131,3.8597007,5.2602844,5.2737217,4.95896,5.317883,5.2535367,4.920153,6.15447,6.679051,6.747471,6.1366725,6.4780416,5.910405,-1.6838621,5.968061,6.845912,-1.5878944,6.3787055,5.6689086,4.8861537,6.125865,4.8632593,3.7135813,4.538351,5.38092,-0.9991379,2.0806625,4.6725407,-1.1923808,0.2610248,5.2543235,4.8083844,4.126731,4.3373685,6.4145694,-1.763358,3.8244805,5.3811526,-1.1590677,4.7501698,6.9511952,2.7671995,2.3259726,-1.7574718,5.0606623,5.5087996,0.027479807,0.007839471,0.8436936,1.4527473,0.0841347,0.7464839,179.91748,197.96631,0.59387034,0.08511559,0.17598219,0.18068741,0.34677866,0.4499983,0.14564012,0.024268826,0.066597804,-0.12497355,-0.19088261,0.0186389,0.19934516,-0.28079176,-0.34345606,-0.044736464,-0.075706534,-0.06381464,-0.011467088,0.21644364,-0.0386999,-0.07157896,-0.10360865,-0.17673749,-0.11294839,-0.22166124,0.16349107,-0.010104914,-0.30340818,-0.24060832,-0.050228376,0.47178847,-0.4868237,1.5407372,0.05448747,-0.11367659,0.6915819,-0.06796256,-0.26906404,-0.16961038,-0.22506978,-0.2683236,-0.28071818,-0.2980915,-0.11916081,-0.1685158,0.089995325,-0.09171055,-0.4491694,-0.20237853
0.37553644,-2.1462915,-0.15190893,1.6971561,-2.2923987,1.3399367,-0.32374328,-0.6274475,-3.3783667,0.06856139,-1.1732004,1.2624179,1.6970384,1.2317833,-1.0172822,0.26075938,0.21027698,-3.4540486,-0.9355736,0.33477157,-2.007122,0.44108576,-0.9828928,0.88121307,0.89073086,2.2042859,2.2272415,0.4162599,-0.9523098,0.6109142,0.7262327,1.4791591,-1.0158155,0.9042694,-0.14679702,1.5548551,1.7903467,6.161166,0.011082129,3.426368,1.5990847,6.174175,7.894079,8.270155,8.401169,0.26955375,6.023141,0.00734277,0.17523877,5.168405,1.839346e-07,0.0061157094,-1.8148698,0.0046771266,0.14061144,0.23070155,6.5488443,7.3196015,6.1680665,-1.6826981,-1.8168057,0.000159078,4.928071,0.00066958886,3.2900098e-05,4.9136043,1.9088379,0.98887676,-1.7809612,-1.8178186,-1.8178114,5.4865,0.70430374,-1.8178185,0.026416175,4.4656453,-1.8178186,3.2427032,-1.8167952,-1.8162545,1.440655e-05,-1.8178183,0.0005950531,0.013441437,-1.5660346,-1.8178151,-1.0295002,-0.6870332,-0.9441942,-0.85340947,5.298994,4.820574,-1.8068279,6.4322047,6.5440316,5.2057242,-1.779647,2.7790027,5.5894184,4.626823,-1.8053361,-1.4924564,-1.8177599,-1.7873241,-1.8173674,3.7949436,4.059831,4.3458076,0.00021588632,-1.8178169,-1.7835014,4.835574,4.2806134,-1.6082774,5.0502443,0.026278695,-1.0139698,0.82344466,5.2997613,0.00014894454,0.13527335,-1.1037655,4.39753,3.3910334,-0.97752,4.650503,4.65566,0.05968907,5.4899673,0.61239684,-1.5745082,-1.5811303,3.0875547,-1.4316398,4.617175,-1.8178099,-1.677254,-1.528918,2.4106823e-06,5.1176734,4.0167303,-1.7823888,4.044953,3.1929564,3.1783502,0.0002678989,0.0032281273,-1.0555862,0.042209383,-1.072535,4.868358,2.046144,-1.6545,4.268089,0.00012046047,2.4990475,-0.8584608,-1.8163446,3.426182,-0.92544395,1.1713814,-1.7939794,5.9898276,0.003594775,-1.670964,-1.6050192,-1.7494435,-0.9114531,3.2885823,-1.6092583,-1.6904128,4.0432816,-1.8172485,-1.7847104,-1.7620498,-1.8172829,-1.805429,-1.7138491,0.0009676219,-1.8161794,3.134505,-1.5455036,3.6393015,-1.6560808,-1.6567073,4.953877,-1.7418535,-1.167322,-1.0442061,3.6743898,4.9055123,-1.8178185,-1.8178185,-1.8107159,-1.8172385,3.8655746,-1.8178185,-1.8178185,-1.5040863,-1.8178184,-1.6495111,-1.571052,3.5337393,-1.6176251,-1.6066874,-1.7942445,-1.7406788,-1.7852958,-1.817807,-1.8126986,-1.8146728,2.751307,-1.8178074,-1.6861395,-1.8032211,-1.6954148,-1.5755957,-1.5300235,-1.5255169,-1.8160044,3.142,-1.8125019,-1.2776072,-1.5185585,-1.0590323,0.04980014,0.0011278257,0.78299433,3.14397,0.115773715,0.93608654,153.85323,150.87538,-0.4300383,-0.17233844,-0.4058318,-0.15630104,-0.37892392,0.74499154,0.13118334,0.037500363,0.22057599,-0.014164008,-0.07789552,-0.11172522,-0.06862052,0.09022948,-0.13026287,-0.19926824,-0.020728279,-0.040103544,0.0018319268,-0.41727048,0.35640556,0.13211383,-0.17722668,0.15771425,-0.092887856,-0.120385386,-0.15231025,0.26261213,-0.271436,-0.24667987,-0.44457915,0.17884001,0.20716031,-0.45444328,-0.170308,-0.35499066,-0.23457892,-0.34887117,-0.44501504,0.29792634,1.3278114,0.49544954,-0.31063712,-0.29812667,-0.34139156,0.090196215,-0.5927837,0.60817564,0.5778201,0.25051835
0.53426117,-2.1462915,0.10424187,1.3783529,-2.8382816,1.3203514,-1.1775008,-0.5815563,-4.209898,-0.57473177,-1.0156907,1.2105244,1.6782495,0.5867689,-1.1369433,0.3834181,0.01809896,-3.2703395,-0.25629136,1.1528491,-1.9446825,0.30460593,-1.0758744,0.54443985,1.1090734,2.4752455,2.0737762,0.4402592,-0.97121495,0.6030044,0.7253796,1.1404526,-0.4897578,0.82739335,0.49064773,1.5561333,1.7371455,6.2694073,0.8782297,0.1128381,2.3256872,6.4665422,7.9897647,8.470216,8.434411,0.3683958,6.1744905,0.020672899,0.07427163,5.319456,8.892804e-09,0.0040267995,-1.7847097,0.004677124,0.14061391,0.075789064,6.0053124,7.7721434,6.40961,4.928276,-1.8078046,0.006290748,1.6238809,0.0006695964,3.2900516e-05,5.448353,-0.9837498,6.7680635,4.916013,-1.8178184,-1.781979,6.392797,-1.348149,-1.81748,0.022294555,-1.0483745,-1.8176379,-1.5815114,-1.7994094,-1.6412811,6.587724e-05,-1.8167298,0.0005950729,0.018745245,5.335412,-1.8150146,4.8404,5.5901732,5.2512045,5.271042,6.9902544,-1.807443,-1.8177898,5.7646594,0.610117,6.1790795,-1.0629886,2.1635246,6.39827,6.094074,5.551331,6.3081536,2.2261364,4.2061977,-1.6943567,4.408053,4.9543586,4.1586494,0.00021588689,-1.8175939,1.9868335,4.9559917,6.5296197,6.1998525,5.270287,0.06934719,5.894722,0.6229933,6.180998,0.0009571094,0.4207267,5.607163,5.13997,4.6236377,4.3145266,6.282983,4.6268573,0.021072121,6.7646866,5.1374664,7.259868,-1.3365105,3.5729878,3.930353,5.2168202,-1.5883812,5.3474407,6.5560174,2.413439e-06,5.0156274,4.589919,5.074046,5.445381,3.5898588,5.257352,0.00026843263,0.003242223,5.9717135,0.49577484,7.129675,4.9726067,-1.7394507,5.5077724,4.9207845,0.00012046305,3.9470835,5.0243998,-0.8163439,4.011781,5.5318327,4.3444448,5.5476527,1.6981467,0.010204826,5.2672753,5.3107834,4.88286,5.0127378,4.963928,6.3762155,4.612386,4.557883,2.3081915,4.2209797,1.5187484,4.18449,0.9363224,-1.6664636,0.00096762145,-1.8172563,4.6333795,6.310286,5.738948,5.533374,5.3274317,4.930049,3.6823156,4.9204936,1.3855419,4.238469,7.489661,-1.8143644,-1.8178111,5.300831,0.7650805,3.2174919,-1.817741,-1.7509885,5.7347627,-1.4269198,5.2960577,0.37819692,5.258683,5.9950004,4.797804,4.4165115,5.3783274,4.8120303,2.3188047,3.9906678,3.6921375,3.8912845,-1.673847,5.5868487,6.5089297,3.7603152,1.4530609,5.4171386,4.414154,-1.5621979,4.4089108,4.391573,5.2236514,6.1267776,5.5999312,0.00929622,0.0011278243,0.8093019,2.0540335,-0.0103792,0.84029245,90.429825,90.839455,-0.5904796,0.030119924,-0.17573628,-0.3823451,-0.22417851,0.64570946,0.9112621,0.48737204,0.48862752,-0.16756935,0.24817394,-0.23239875,0.11762284,0.17412671,0.3359631,0.033890404,0.41398662,-0.07634684,-0.3534621,-0.35434878,-0.17434126,0.30413985,-0.097911134,-0.2765807,-0.24632779,0.102132335,0.16954921,-0.45662725,0.54860836,-0.21857484,-0.09962159,0.053559594,-0.32973477,0.21220371,-0.1452813,-0.36059827,0.51830286,-0.20861405,0.45225775,-0.025609996,0.15736622,0.08452854,-0.2979136,-0.29812363,-0.22136253,0.03397296,-0.200523,-0.17440507,-0.11377368,-0.09712727
0.13708203,-2.1405997,0.03683267,1.4043922,-2.7974687,1.175888,-1.1982353,-1.0003507,-4.477386,-0.6819147,-1.3916323,1.1172442,1.5181684,0.5344446,-1.4968336,0.21849477,-0.038525816,-2.354337,-0.6335301,0.1943368,-0.58594894,0.41849652,-0.9557466,1.2589364,0.8561859,2.2053475,2.1305084,0.21536964,-0.7403024,0.61901087,0.6255232,1.2072717,-1.3891579,0.72190005,0.5199748,1.4839727,1.6134915,5.3032756,0.03744612,0.033223983,-1.1755009,5.137732,7.6866517,7.9498944,7.963819,0.0053985827,5.387822,0.0073892246,0.052876264,5.317957,0.00038365403,0.010948731,-1.816594,0.00943861,0.15873319,0.04260175,7.3824363,7.739553,6.639847,4.846238,-1.7014866,1.1136896e-06,5.231668,0.0016193842,0.0001631328,6.0420976,5.2323866,6.9774175,6.2300644,-1.7564873,5.625573,5.79594,-1.4114702,5.309994,0.05441936,5.1702023,6.32463,-1.5192457,-1.8164228,3.5209117,0.0025209163,0.9943686,0.0024512701,0.0064258026,4.8039947,4.5353327,5.349569,4.9097977,5.119854,2.2517974,6.952554,5.3063703,-0.964732,7.1689076,0.048574414,6.3735714,5.6167254,3.983652,5.713409,5.545593,-1.21897,5.5877066,-1.575498,-1.7308425,-1.1701914,2.6321094,4.3509994,4.4054217,0.023954665,-1.7644901,3.390166,5.6135798,6.0328193,5.966751,5.38827,0.039650623,5.7321463,1.1295714,6.3748426,0.013769227,0.17382807,5.3712096,5.0617895,4.673009,2.210686,6.012326,4.663281,0.63102114,6.67243,5.0654316,6.3147807,4.047605,4.357479,-1.0538908,4.8648787,3.648398,5.221074,5.8720074,7.551701e-05,5.3509,5.175159,5.8323536,0.9440046,3.4845867,5.3465195,0.0049043116,4.710658,6.4455767,0.06395543,7.774237,5.3124814,-0.9025929,3.5178988,0.67140645,0.01201518,3.6926908,5.31546,3.477908,4.0710735,-0.29981363,5.2126193,6.0767875,6.362341,0.013390296,5.5164294,4.875088,5.3791833,4.9686613,4.6591434,5.8828373,3.960154,5.012202,-1.8160236,3.1046116,0.076825455,4.5812936,1.3972522,-0.59984946,0.0040358505,3.0821326,4.9017525,5.635848,5.499611,5.339188,4.2131433,1.8264469,5.609555,6.458984,6.703839,6.0837173,6.7782803,4.42696,-1.6875682,5.613704,0.56865543,3.9761863,6.2833505,6.027416,4.4254313,6.099609,5.051688,3.7684717,4.396393,5.487483,-0.009963641,-1.2312381,-0.9732384,4.4651766,-0.9351616,5.572282,4.7020173,3.9093747,4.0833974,5.8809304,-0.101558074,3.0813942,4.052429,0.6176897,4.8750305,0.87638795,1.4183065,-0.6004732,-1.767548,4.877772,2.8959768,0.018168628,0.0040736767,0.6320456,0.9882765,0.0998664,0.7983883,112.601685,144.87819,-0.08880624,-0.06500991,0.004243576,0.05667372,0.08017064,-0.37673166,0.3820386,-0.10060305,-0.63770753,-0.012502332,-0.55575,-0.29154477,-0.21318069,0.25499803,-0.3737526,-0.5942637,-0.33047807,-0.3695313,-0.16692564,-0.20661269,-0.37147605,0.30499953,-0.23541626,-0.52106094,-0.03925207,-0.4685517,-0.10079549,-0.31398812,0.2900612,-0.42615518,0.40573922,-0.32712278,0.085744046,0.90445715,0.6465517,0.1482048,0.83568525,0.12364467,0.12874629,-0.079487264,-0.21502566,-0.22546506,-0.29863045,-0.2729227,0.0818144,-0.6583482,-0.3516812,-0.12510943,-0.59177905,-0.6371762
0.79350054,-2.1462915,-0.056627005,1.7802486,-2.3613524,1.5898402,-0.41941386,-0.3706462,-2.331052,-0.084389545,-1.0349381,1.3002802,1.6231934,1.1984687,-0.7858168,0.6491254,0.3681689,-3.2693956,-0.47507378,0.0783552,-1.7651403,0.5565145,-1.1850404,0.8077459,1.003397,1.8877739,2.01967,0.3905998,-1.601012,0.6230259,0.73996127,1.4415324,-1.2944744,0.86187714,0.35404542,1.6303318,1.7796626,7.058078,0.5331443,0.37939,0.6354168,6.5787063,8.400068,8.80205,8.684891,0.0642703,5.9218044,0.016637659,0.03376837,4.831216,2.9312956e-13,0.0016817489,-0.66564786,0.004677488,0.14061901,0.109987594,5.9710236,7.661075,6.319454,4.574604,0.76838917,0.02348432,5.392913,0.000669609,3.2901964e-05,5.6609254,5.678128,0.75374186,-1.7878078,-1.817818,-1.7448201,5.72309,-1.8178174,-0.7636913,0.040649172,1.14304,0.06442813,-0.7667379,-1.8116273,-1.8176954,0.00015912541,1.3722717,0.0005950962,0.0014953472,5.011226,-1.8168333,4.609478,5.0762463,5.0910153,4.9756804,6.4424543,-1.8178185,-1.8178157,5.692833,1.5677242,6.1383677,-0.49210122,3.9281921,3.5887418,5.975689,5.9076543,6.08315,4.3434577,4.3391776,5.4019737,5.133969,5.1159825,5.2124667,0.00021589783,2.0789804,5.333926,5.9213996,6.6391587,6.1171927,5.628459,0.034339532,6.20184,0.8111898,6.307229,0.01461567,0.40438473,5.0091434,5.3296223,4.855297,4.2479587,6.5171986,6.108323,0.048059933,6.162016,5.7943335,7.0322213,5.52736,5.2297616,5.7784247,6.2688994,4.418972,5.357809,6.275496,2.5001807e-06,6.305596,4.1957946,-0.39403883,7.578811,3.7424958,5.890276,0.0002753666,0.0032343462,4.873217,0.29375947,7.7097406,0.2471265,-1.7333548,5.143218,4.926196,0.000120495286,3.7503672,5.2277737,-1.6859232,5.773767,6.6907697,7.524161,-1.8153436,7.573865,0.039362084,5.702847,5.1499968,5.092794,0.18665677,4.540896,6.032084,4.638683,5.1177926,-0.34600025,4.8370132,5.628826,-1.7355044,7.8066716,4.1727,0.00096762145,0.93399715,5.175552,5.7392263,5.237554,5.547521,4.764676,0.54926103,5.987495,6.1601005,5.524246,5.1351237,6.1909924,5.389621,-1.8178166,5.511957,6.8655424,6.187266,-1.8055685,-0.6581195,5.301598,6.1030893,5.1927366,2.1934059,5.558138,5.239381,4.092823,-1.1325649,5.660513,4.331781,-0.4510738,4.8425364,4.224431,3.8417547,4.7358637,6.542066,-0.956604,4.159222,5.5063434,4.7685747,5.2782702,7.254309,4.4469824,4.8550005,5.2306457,6.1025896,5.5999374,0.0055456213,0.0011278242,1.1413665,2.7156565,-0.14132378,1.0095359,158.52278,154.87396,-0.3272509,-0.41930267,0.04073819,-0.21674554,-0.25735807,0.011483453,-0.014973884,-0.40800086,0.054175597,0.15113772,0.048127487,0.11310634,-0.06030859,-0.41999742,-0.3900065,0.10477661,0.036018956,-0.034945626,0.09183987,-0.03790663,0.12949115,0.085635744,-0.2875288,0.246233,0.034085207,-0.45338655,-0.33212727,-0.1585908,-0.36758336,-0.27658147,-0.2177295,0.8045413,-0.46447083,-0.13657631,-0.40028575,-0.133297,-0.05678255,-0.30726868,-0.08038937,-0.26388797,-0.20865001,-0.26500133,-0.3360557,-0.29812688,-0.30335107,0.1678452,-0.28303617,-0.27994642,-0.08848468,0.64635205
0.49073008,-2.1462915,0.19952635,1.4105175,-3.0212498,1.3545367,-1.1950446,-0.49343836,-3.5173895,-0.51056284,-0.95020646,1.200178,1.7412281,0.9905806,-1.1575545,0.5173836,0.05361479,-2.8087132,-0.17047036,1.3157113,-1.9572634,0.3117253,-1.2937881,0.1835762,1.1059899,2.5133724,2.0472922,0.43789035,-1.3201891,0.6022897,0.6618684,1.1031277,-0.15864767,0.84745246,0.4233921,1.6166773,1.7597402,6.8202424,0.49524727,0.10601103,5.8397975,6.829789,8.350606,8.718895,8.719956,0.50721884,6.3566394,0.020280078,0.075060196,5.343488,6.444471e-11,0.002031246,-1.813344,0.0046770973,0.14061053,0.103002846,5.763168,7.6786113,6.3271046,4.7236695,-1.816017,0.011544994,-0.9987198,0.00066958414,3.2900003e-05,5.5101547,-1.6473085,6.64078,5.6202602,-1.8178186,-1.8106219,6.374524,-0.54263806,-1.8178148,0.014744754,-1.1819693,-1.8178138,-1.3023512,-1.808223,-1.8035202,1.8725728e-05,-1.8177449,0.00059502054,0.01575207,5.085886,-1.8177472,4.701441,5.449527,5.330973,5.182108,7.16916,-1.8173441,-1.8178153,5.508662,0.5285097,6.1656084,-1.6249609,3.732067,6.0348454,5.996173,5.8924227,6.236971,2.4973993,4.9574003,-1.8135841,5.7371907,4.3709726,4.173901,0.00021587702,-1.8178118,4.5491753,4.927528,6.4189377,6.0795984,5.0575333,0.035975076,6.030061,0.4969382,6.0838804,0.00027072078,0.32843852,5.2605114,4.775105,4.64211,4.27017,6.288615,5.2145076,0.0044446993,6.8581467,6.2529597,7.38381,-0.34695354,3.809121,5.0560966,5.2112174,-1.7912164,5.418854,6.5665298,2.4100375e-06,5.1592712,4.8062415,5.1418953,5.641008,3.7681782,5.5497265,0.00026786458,0.003221252,6.2461033,0.79410356,7.1689315,4.173757,-1.812922,5.5814323,4.9259024,0.00012045304,4.097877,4.746388,-1.6432536,4.2451863,5.6300564,3.489,5.7138953,1.0682393,0.0058967867,5.2701073,5.556567,5.2899513,4.982976,5.0722823,6.4251866,4.732178,4.6127367,4.783673,4.5622005,2.7201536,4.5893097,1.2332418,-1.6616855,0.000967621,-1.8177406,4.799864,6.4238443,5.8757467,5.623991,5.295597,5.211906,4.702503,5.1390734,2.1200953,4.364665,7.5677834,-1.8167707,-1.8178185,4.33902,1.1651795,3.6790018,-1.8178173,-1.7956859,5.8010736,-1.7592702,5.223567,0.68142503,5.5187154,6.1203203,5.0986037,5.179622,5.892713,4.574168,4.697463,3.553231,2.7084084,3.814324,-1.7903512,5.1218133,6.651705,3.9108548,1.2118996,5.613512,3.9669323,-1.7730591,4.520399,4.815671,5.2876716,6.2599816,5.5999374,0.006055387,0.001127824,0.9561492,2.241816,-0.15114753,0.8592469,58.684456,54.385517,-0.7609057,-0.36037776,-0.3895662,-0.44058678,-0.07195447,0.9819374,1.0465186,0.58523595,0.69659126,-0.18196009,0.36841646,-0.27688104,0.18127093,-0.022128245,0.3685623,-0.12224868,0.3763309,-0.24185224,-0.2713488,-0.40298247,0.28475776,0.18691476,0.0644658,-0.17155795,-0.2334461,0.17486462,0.17685808,-0.30027318,-0.017795488,-0.31569493,-0.042322278,-0.15996546,-0.31523725,0.053489666,-0.32728186,-0.42487746,-0.0026648247,-0.009339729,0.49741465,-0.018018935,-0.022617826,-0.19707933,-0.3039996,-0.2981268,-0.06620995,-0.17678982,-0.5629177,-0.24716316,-0.24767695,-0.13427253
0.7861307,-2.1462915,0.16519028,1.7780652,-2.1275434,1.5414732,-0.44559547,-0.5514362,-4.348981,-0.22154811,-0.99535096,1.2317259,1.4859176,1.1730704,-1.2845595,0.21236217,0.24491252,-3.4284894,-0.5637473,0.6350172,-1.7682103,0.4460346,-1.1339909,1.2510341,1.0634383,2.1213703,2.133462,0.31049678,-1.0059497,0.62544364,0.83110505,1.4514021,-1.6469012,0.86487114,0.18801394,1.5820228,1.7484099,6.9748797,0.029182447,0.21727291,-1.554893,6.5671816,8.349402,8.764263,8.70267,0.15533727,5.921711,0.0074076727,0.038470075,4.320282,5.474672e-12,0.00032235877,-1.7296587,0.0046794857,0.14062624,0.08750877,6.5693808,7.507655,6.1720457,4.3257093,-1.6923648,0.026015582,4.475656,0.0006696464,3.2908876e-05,5.5026565,4.9328384,2.3138947,-1.7444355,-1.817818,-1.7340138,5.5345173,-1.8178176,-1.7834505,0.022396369,2.1988163,-1.3724543,-1.803938,-1.8174943,-1.8178136,9.1697664e-05,-1.213695,0.00059520936,0.0006413672,4.827862,-1.8177327,4.0198526,4.766726,4.6926894,4.6357207,6.3688035,-1.8178185,-1.817818,5.3944125,1.5929351,6.0843587,1.160334,3.3036437,0.300974,5.9981484,5.9076543,6.040162,4.3022976,4.530969,5.609185,5.5363545,5.236652,5.2957864,0.00021612272,5.2441983,6.2001348,5.962914,6.437655,5.9497905,6.065849,0.042331077,5.3863125,1.1636448,6.274313,0.0033190101,0.21719353,4.530761,4.9963017,4.988082,4.1713624,6.4700704,5.8847995,0.11819403,5.8557086,-0.5572756,7.0548677,6.475669,6.8418155,5.8229613,6.3986096,3.4068303,5.557778,6.062334,2.6183404e-06,6.0670824,4.2634716,0.89870435,7.4991045,3.4395218,5.279743,0.0003327202,0.0032884302,5.2572193,0.028115224,7.459595,2.0891151,3.4919877,4.7066636,4.926024,0.000120649005,3.0920582,4.9174795,-1.5057058,5.4109015,6.5597515,7.50393,-1.8162653,7.2641435,0.027279422,5.306672,5.155575,4.9245076,-1.0287124,4.43484,5.7148438,4.3671427,4.575461,-1.8145683,4.69152,-1.0488199,0.37547505,0.50013393,-0.976755,0.0009676238,-1.6860498,4.92356,5.16441,4.9002438,5.2429147,5.052974,-1.709373,5.9407372,5.617565,4.8434305,4.9810104,6.3240304,1.1023873,-1.8178147,4.802927,6.8518815,5.5596538,-1.6956549,-1.1579674,4.5968723,6.0246205,4.597107,-1.1300393,5.477894,5.3413615,4.6823306,-0.03442016,5.6499925,4.931336,-1.7118998,3.234564,4.218861,3.71394,4.642943,6.2176385,-1.4721731,4.1856227,5.413594,4.751449,4.817629,7.2518783,4.30819,4.854989,0.016072625,5.329368,5.5999374,0.0065221116,0.0011278256,0.94427454,2.6074555,-0.107394844,0.98024416,77.12546,66.93654,-0.11110422,-0.13977927,-0.2768906,-0.26113248,-0.28253895,0.75023884,0.404081,-0.36369708,0.19162712,0.06026984,0.07015332,0.25471777,-0.050731096,-0.18558952,-0.26672345,0.2265331,0.10950064,-0.2703514,0.05864352,0.39981624,-0.16650973,0.35339808,-0.32386467,-0.07942251,0.0021890767,-0.36255175,-0.3288527,-0.24240649,-0.32625887,-0.18688123,-0.2958359,0.8710005,-0.19746965,-0.06215965,-0.4368066,-0.256964,0.1926227,-0.34409082,-0.18188997,-0.26759475,-0.15151842,-0.26546595,-0.3312215,-0.29812688,-0.3358294,0.045805622,0.26838335,-0.30873156,-0.054216463,0.3450113
0.13377242,-2.146279,0.11093228,1.6118748,-3.1075559,1.2118422,-1.4211549,-0.93901974,-4.4867873,-0.7027268,-1.375166,0.99737006,1.5611128,1.033555,-1.240157,0.45748457,-0.046194933,-2.29466,-0.46847996,0.10116246,-1.9056705,0.24326745,-0.88243693,1.6809791,0.9635306,2.1995323,2.087497,0.21512176,-0.5904317,0.6247554,0.700206,1.1098989,-0.8745378,0.7919664,0.45943683,1.5539471,1.6962643,5.3980813,0.0010402576,0.0040696687,-1.4235508,5.7953634,7.840579,7.9746623,8.017541,0.0059252214,5.5165963,0.0072068735,0.059399888,4.632811,4.2469695e-05,0.0043683844,-1.8177946,0.004728758,0.14081565,0.037487634,7.4369197,7.7911882,6.5292883,4.7312746,-1.7140026,1.7332061e-07,3.5415401,0.0006892682,3.8853264e-05,5.9379134,4.902415,6.9777927,6.230366,-1.7270678,5.695103,5.9264917,1.0441082,3.0435686,0.045862947,5.8515925,6.358027,-1.8159342,-1.81781,-1.8065802,0.0031102153,4.5970054,0.00064962584,0.0008388905,4.671492,4.5354652,5.3839173,5.157271,5.7555833,6.107537,7.0909157,2.1798358,-1.8151493,6.453509,0.03759459,6.44815,-0.96143496,3.9741757,5.4552183,5.676085,-0.14609744,5.8303165,1.7839998,-1.8174993,1.4243739,0.7106673,4.5932245,4.940835,0.0007537599,-1.8149394,3.593102,5.806074,5.951237,6.2355766,5.3024683,0.06512398,5.658135,0.17349815,6.046112,0.010883061,0.026571328,5.059245,5.171684,4.7449365,0.9851467,5.943834,4.376643,0.17510474,6.713517,3.982568,7.0374856,7.027875,4.458955,0.10812082,4.7295194,4.025222,6.0723195,5.8604517,2.837689e-06,6.211522,5.3094378,5.993456,-0.7478757,3.9587388,5.5789695,0.0004617807,0.15465896,5.3309174,0.016476916,7.4108176,5.1836305,2.8837032,1.9230936,4.5176916,0.00034081747,3.730966,5.035038,2.8721704,3.782373,-1.3898233,3.8152864,6.0792584,6.175596,0.005499076,5.7001934,5.292187,5.4858108,4.6504593,4.9022202,6.362288,4.549699,5.068357,-1.8177755,2.5859432,-0.4012607,5.625174,-1.4599649,-0.8860927,0.001001241,0.31243882,5.3235703,5.875819,5.592357,5.54504,4.7500668,4.7099066,6.0967507,6.5088515,6.866414,6.2092614,7.167436,3.5234728,-1.3625911,5.789808,-0.7645118,1.9564829,6.3740625,6.5870175,5.194301,6.122834,5.4832997,0.2771823,4.552079,5.839295,2.476433,1.0833224,2.1295257,2.7036781,4.145386,5.5198073,4.61506,3.96313,4.728013,4.9629984,-1.5644456,3.4347937,2.7942588,1.8159004,4.2612896,-1.4853569,1.0811034,-0.9333602,-1.8091187,5.1105814,4.502497,0.017583117,0.0012479823,0.7472534,1.9056485,0.18891297,0.82128066,36.22043,66.75193,-0.5509276,-0.42590007,-0.4630309,-0.088109985,-0.065215126,-0.24031502,-0.2953337,-0.1604483,-0.27792695,0.0830364,-0.6346684,-0.57244337,-0.24026446,-0.041047167,-0.23986083,-0.82982624,-0.5207523,-0.59319264,-0.09078571,-0.3394206,-0.18444005,0.34754875,0.22944042,-0.5871825,-0.092492886,-0.49522883,-0.35473844,-0.014349737,-0.34075356,-0.29615036,-0.092023045,-0.5680197,0.5800072,-0.028798277,1.0715936,0.37095648,0.033845752,0.3954563,0.5523602,-0.2453424,-0.23486991,-0.2659351,-0.3100136,-0.2431041,0.52473104,-0.6537712,-0.7588255,-0.30493566,-0.65827495,-0.5371287
0.5584861,-2.1462915,-0.46878478,1.3392459,-3.1904943,1.4989069,-0.7470194,-0.36698774,-4.018437,-0.21043731,-1.4425437,1.1935997,1.6075139,0.79072297,-0.9447662,0.60989654,0.17349005,-1.9801348,-0.6208901,0.032671805,-0.3504805,0.56592745,-0.87123007,1.0476176,0.98761094,1.9536442,1.986646,0.45076144,-1.5002086,0.61371446,0.6750845,1.3950312,-1.2283324,0.83000875,0.36826015,1.5861496,1.7428927,6.534377,86.71464,0.5949154,5.9138455,6.245527,8.158677,8.774333,8.726327,0.073680535,6.325004,7.159946,0.07149258,4.0722537,3.171788e-11,0.0027424435,4.7769656,0.004677154,0.14062506,0.12354825,6.7418404,7.905574,6.784585,4.5353065,-1.7756222,0.022791099,5.4433722,0.00066960894,3.2901495e-05,5.738658,5.634478,-1.3667535,-1.5673062,-1.817814,-0.5693372,5.349422,-1.8011137,-1.7443388,0.039901342,-1.8137405,-1.7341621,5.389309,2.3641288,-0.74267095,0.0005514368,2.1084557,0.00059511105,0.020566333,4.0666723,-1.7027302,5.1166015,4.978442,5.4827924,5.4221168,6.9646554,-1.8178098,-1.8101753,5.682772,0.3652989,6.244815,-1.2258235,5.8248696,5.4056983,5.9209375,5.907647,5.506009,0.16168296,5.84819,-1.5228988,6.129099,4.8061533,4.448386,0.00021591317,-1.8176674,3.8148232,6.3568583,5.9567513,6.2583222,5.2865677,0.024694655,6.4780335,1.4970632,6.5779443,0.01934638,1.1459864,5.27433,5.0597816,5.2127156,4.56009,6.519532,6.025705,0.032546524,6.1055098,6.7320757,7.2190166,1.1282473,3.7334232,0.49965265,5.427125,3.8883612,4.502162,6.5512333,2.442129e-06,5.5867486,4.5625525,-1.0858301,6.5267224,3.7979305,5.3614635,0.0002681908,0.0032633354,5.9948792,23.47828,7.4391704,-1.7683095,-1.8177776,4.9390006,4.923071,0.00012049958,4.041088,5.1775584,-1.7370118,5.3707542,5.9354453,6.833555,-0.39138755,7.3040156,0.050403345,5.607491,4.3784666,4.57873,-1.6896564,4.235166,6.489403,4.514612,5.3264265,6.6794267,4.470573,6.311703,-1.8015835,7.8136153,4.798725,0.0009676225,1.8027253,5.145359,6.0750527,5.787327,5.712866,3.5425467,-0.761975,5.2500634,6.2474537,5.7451034,5.5334415,7.2768297,6.2478547,-1.8177794,6.242234,6.2585573,6.2406635,-1.8177577,7.0510554,5.740055,6.0553327,5.4240913,3.3632967,5.0915537,5.859014,4.3857565,4.9815526,5.4076433,2.9899542,4.840592,5.825738,4.4190445,3.8548653,4.108455,6.497964,-1.6224071,3.7615714,5.3739457,3.1864443,5.549378,7.1911044,4.3977723,4.8548756,5.2783136,6.1376605,5.5999374,0.0059251958,0.0011278248,1.0108018,0.61734045,0.0004599143,0.75972307,147.4611,156.33792,-0.58558595,0.06264405,0.16954176,-0.4596366,-0.27696377,-0.5365117,0.12029226,-0.3355896,-0.3316353,-0.10784518,-0.16622163,0.20397352,0.1248585,-0.34249222,-0.24296927,-0.81502366,-0.047388066,-0.3623786,-0.45338857,-0.2644891,0.118640974,0.12659508,-0.22607797,-0.099020645,-0.12702005,-0.20828234,0.0025571163,-0.040263653,-0.086666435,0.2465551,0.1370073,0.0018593735,-0.36858636,0.8701141,-0.2711142,0.17053743,0.27996188,0.06573498,-0.23402101,0.07866503,0.1633291,-0.20225453,-0.33480397,-0.2981265,-0.074885644,-0.16241123,-0.4202102,-0.027655954,-0.5919982,0.33364043
0.5761244,-1.3597748,-0.39019302,1.3154343,-3.1939876,1.2232372,-0.63378483,-0.75970656,-4.4840856,-0.14162314,-1.7987725,1.0553397,1.6008006,1.1049325,-1.1628708,0.52232945,-0.068780676,-2.592473,-0.44553456,0.6142865,-1.508741,0.47077224,-1.0465577,1.2497318,0.9860214,2.168986,2.257312,0.20804608,-0.6646621,0.6202426,0.7103146,1.1137455,-1.613253,0.75578845,0.47841978,1.4663945,1.6280704,5.349813,25.509659,0.026346495,6.9907765,5.033405,7.9111843,8.316803,8.354841,0.0073727546,5.446849,1.2159806,0.049309827,4.9973793,1.8119606e-07,0.002303568,-1.8178059,0.0047647203,0.14146912,0.022544118,7.4522295,7.9569407,6.8593173,4.7423477,-1.8025336,1.1078401e-05,5.7059207,0.00068406336,3.7549624e-05,6.5049515,5.788456,6.977301,6.2293463,-1.8099755,5.6961923,6.3612075,4.7812424,-1.0860798,0.035410125,0.5971548,3.0964572,5.707009,-0.19419186,5.358167,0.0016602536,2.5560136,0.000616298,0.037497327,4.8237314,4.533468,5.5469313,5.443395,5.658521,-0.5707034,7.524408,5.1871624,4.3722987,7.5732307,0.13034421,6.9285913,6.639357,7.074496,4.5409064,6.2627625,-1.6931769,5.2255063,-1.6949203,5.78263,-1.8147442,7.464637,4.588852,5.0094266,0.00054785155,-1.8178148,5.4357333,6.937641,6.25604,6.4206343,7.143779,0.019109517,6.1853285,2.2590008,7.328559,0.0018069694,0.35927895,5.813722,5.4839473,5.1335616,4.2270823,6.2491045,5.8747816,1.5100322,6.8779163,4.60027,7.832109,5.4409704,5.7691517,5.6183815,5.328804,5.259256,5.7025523,6.424194,1.0653337e-05,6.1528378,5.3739524,5.240652,7.0576744,4.0703835,5.3537607,0.0006444025,0.11068078,7.2316666,11.226406,7.505455,2.616679,-1.8166766,5.863461,-1.1891377,0.00027620964,3.9447713,5.391629,-1.0387304,5.472025,6.0991573,5.7970004,6.0680475,6.9224653,0.011418976,5.6979585,5.300578,5.4585767,3.1350768,4.9182596,6.591361,4.8548307,5.351812,1.8389024,4.8916254,-1.6650645,3.7403588,0.37851122,-1.5714256,0.0010074367,3.577674,5.186782,6.278001,6.02077,5.9283686,5.275196,-1.7553743,5.9021034,6.070507,6.426092,6.2921624,7.9084024,6.0461206,-1.5601466,6.272422,6.3018136,5.3260074,-0.09827368,7.2163496,5.3942604,6.1234574,5.7812724,-0.9532799,4.334104,6.186634,5.013577,-0.6213371,-1.4206333,4.249192,0.5018041,5.866804,4.505239,3.8877711,3.0002189,6.2299104,3.747891,4.3939915,5.3736577,4.549454,5.4814334,7.1564302,4.426003,3.7468848,-0.70179194,5.8150396,5.599916,0.015043015,0.001170574,0.84034383,0.045161065,0.013889244,0.68099535,23.994188,22.402925,-0.71426004,-0.57241213,-0.44631323,-0.39997292,-0.21458149,0.087939434,0.729873,0.3994923,-0.66747546,-0.34070688,0.71188474,0.6601744,0.31128868,0.66906124,0.2347427,-0.9750738,-0.6219122,-0.5918392,-0.47853598,-0.39642015,0.038084447,0.5665768,-0.14431618,-0.60284185,-0.33155817,0.39192784,-0.082807384,-0.20433502,0.6196696,0.1980816,0.37786207,-0.57271713,0.5060619,-0.34478602,-0.15219502,-0.3334951,0.94321585,-0.29820922,-0.4663757,1.7126744,1.4819167,-0.24697159,-0.3324614,-0.20445909,-0.2730545,-0.5341214,-0.14502612,-0.62352926,-0.017729703,0.16387208
0.747861,-2.146202,-0.34703657,1.275057,-3.1913378,1.3481634,-1.0801164,-0.56860715,-4.4666524,-0.32819018,-1.6691289,1.1607937,1.5069972,-1.1882018,-1.1175542,0.43616682,-0.08864037,-3.423106,-0.6535247,0.5675329,-0.63896286,0.40236598,-0.34241214,1.1797416,0.9971439,2.2465842,2.0033758,0.5577305,-0.97211707,0.6053961,0.7195751,1.198591,-0.2744115,0.86829305,0.44552094,1.4350892,1.7245387,6.915087,4.8097115,0.12424663,6.716524,6.014107,8.162601,8.5574665,8.476237,0.016878653,6.443352,0.010360476,0.14343157,5.0141892,5.2893614e-09,0.020610718,-1.8175026,0.0046793176,0.14062175,0.054240104,7.2273207,8.014304,6.972483,5.067267,-1.8097259,0.0011088621,5.929648,0.0006696558,3.2929256e-05,6.1712413,5.239166,5.7350864,5.5967283,-1.8166888,5.682086,6.355779,-1.3465897,-1.8096172,0.026252674,-1.8143148,4.628344,5.3225183,-1.7080152,-1.1751415,0.00092326314,4.5649185,0.00059540354,0.030127892,5.2661967,4.53137,5.5316024,5.9013023,5.6141343,6.3743825,7.018989,-1.8157812,-1.8090433,6.256099,0.16233177,6.603053,-0.8788363,5.681961,5.8767357,6.2783203,5.8097973,6.2771745,2.856577,5.577491,-1.814381,6.174371,4.947815,4.963025,0.00022093538,-1.8178173,4.092911,5.7336164,6.5413213,6.137547,4.417772,0.0685585,6.332272,0.37251136,6.5977035,0.025287624,0.040228948,6.3648157,4.956846,5.2352753,4.49365,6.571447,5.539373,0.116938725,6.8120813,6.5165772,7.2396975,-1.4728041,3.3049438,-1.6005542,5.530233,3.0220318,4.7040324,6.293185,2.421791e-06,4.8695765,5.017378,4.914721,4.867803,4.0030594,5.3361077,0.0030530163,0.0052605434,6.3792396,3.6758654,7.449814,2.2563386,-1.8158748,5.916844,4.8607063,0.00012138782,4.1619234,5.170031,2.6138217,4.662699,5.112284,5.521049,5.6121745,5.9872932,0.008365068,5.5634174,4.752575,5.089306,4.4797606,4.6908503,6.3911676,4.516407,5.0735765,6.6692505,4.0374126,4.33416,4.3574204,0.57943356,-1.5466684,0.00096782245,3.4935546,4.947414,5.9640846,5.701953,5.783549,4.8748384,2.5953653,-1.2774025,5.459591,5.1966968,5.415672,6.7816644,5.0590315,2.7719407,5.939268,5.705206,5.1185527,-1.7470877,6.4993362,5.7848625,6.1254606,5.1310353,3.3967493,4.7938585,5.6815815,3.0554926,5.4531145,5.2578087,-1.2764615,4.706054,5.522354,4.655325,3.8134284,3.5401356,6.3470097,4.269945,3.764961,5.0472064,3.7275984,5.4439173,6.8636985,4.0866995,4.5547266,-0.09964959,5.858506,5.5999374,0.039680023,0.0011279457,0.7910867,1.0590266,0.52564466,0.72587717,182.0805,181.80055,-0.610365,-0.036016285,-0.06460003,-0.5013654,-0.22925344,-0.12043603,0.4805695,0.47279686,-0.43112314,-0.059509695,0.38076457,0.023403754,0.0026856489,0.21481112,0.6568404,-0.6364255,-0.10349445,-0.19149204,-0.47580072,-0.23665197,-0.35470852,0.17947084,-0.23523876,-0.40114212,-0.364997,0.15271766,0.3419754,-0.56935245,0.8464697,0.30802372,0.031358447,-0.23040138,0.015002752,-0.08248165,-0.0070640002,0.8427452,0.6633007,0.40713054,-0.15253769,0.3322718,0.052877028,-0.24164948,-0.29932874,-0.2939436,0.3515069,0.009557317,-0.3745763,-0.47833976,0.15425193,-0.23656686
0.3298095,-2.1462915,0.09269551,1.51733,-3.0167623,1.3608923,-1.386403,-0.65652436,-4.4858894,-0.5639045,-0.9812146,1.0094857,1.6247076,1.000155,-1.3631063,0.44087332,0.01352324,-2.7938712,-0.3168003,0.23530252,-0.45527148,0.34402978,-0.8556224,0.7200905,0.9519037,2.045509,2.1149013,0.32757205,-0.7654986,0.61069727,0.67812115,1.1297275,-0.41886473,0.8682242,0.46213958,1.5541236,1.7500954,5.352983,0.0043608355,0.108463965,4.9889216,5.59936,7.646363,8.060681,8.156823,0.003443232,5.6201134,0.0072082304,0.08768883,5.665408,0.0011679602,0.025088882,-1.1991438,0.0046823984,0.14063883,0.038329553,7.375472,7.7581882,6.5953207,5.349267,1.9354825,2.8006893e-05,5.1247406,0.000669968,3.2989206e-05,5.6611786,5.126385,6.9776335,6.0592217,-1.8170936,3.2134585,6.43112,-1.7953501,-1.7718439,0.057071656,0.22430962,-1.7044504,-1.8124493,-1.8172077,-0.9684679,0.0053310567,2.3363507,0.00060357776,0.015253453,5.3848004,4.4971375,5.309103,5.327268,5.7680893,6.0614552,7.005918,-1.24346,-1.8143356,5.8581986,0.047434255,6.4282813,6.132077,-1.6528183,6.1763153,5.730957,-0.85930556,5.838975,-1.7536887,-1.8171839,-0.8714972,-1.7932973,4.4727592,4.552316,0.00022873849,-1.8178097,1.2016076,4.6522236,5.852056,5.8920226,4.1604934,0.068459384,6.4368305,0.11678818,5.6090865,0.0071773496,0.0137308175,4.920856,6.1963825,4.579757,3.0084836,6.1152005,4.2761745,0.25490007,6.8427134,4.4735246,7.0212827,2.511432,5.4467797,5.30966,4.770099,0.19013931,5.3403277,6.2614293,2.4118888e-06,4.6632805,5.3670325,5.86683,-0.6840056,3.6520345,5.6554704,0.000352781,0.010080674,4.886566,0.015596467,7.279614,5.187449,3.8603723,5.159522,4.6427445,0.00012908655,4.351558,5.5179024,1.0940832,4.082602,3.1998134,5.2383657,5.096121,5.368975,0.010002394,5.108014,5.005185,5.629589,4.9173365,4.898416,6.343846,4.555507,4.794071,-1.8177929,4.70541,3.2280827,3.2450688,-0.5052284,0.6807526,0.0009681315,-0.7627413,4.5901575,6.0566683,5.5380616,5.474101,4.5218782,3.6044977,0.62561136,5.7695765,4.802062,4.7452435,7.7472405,-1.7426853,-1.1993798,1.0263196,-1.8102367,4.6467786,-1.4151876,-1.5046234,-0.17741524,-1.5161992,5.4335837,-1.0618594,4.1822276,5.716177,4.0255594,-1.7907885,-0.33333653,4.981175,-1.8098531,5.7004304,4.3884044,3.559172,1.6476532,5.515216,-1.8102075,3.79663,4.681408,4.148826,5.5150785,6.7220144,3.7616746,-1.401954,-0.83723164,5.2544084,5.505396,0.020458272,0.0011298278,0.8766911,2.181351,0.12713748,0.8328662,35.75849,38.68444,-0.23537688,-0.1734762,-0.42161766,0.13690265,0.43742055,-0.4358397,-0.26880467,-0.2259194,-0.44435918,0.20234042,-0.6126594,-0.42926857,-0.2407804,-0.22254191,-0.37691134,-0.32114005,-0.42042938,-0.36743423,-0.18596335,0.1148,-0.52114964,-0.038309246,-0.3198788,-0.48169506,0.48375297,-0.27474755,-0.14735225,-0.15911478,-0.34584123,-0.3132597,0.21738125,-0.47645822,0.65876526,1.6627091,0.3123203,0.0016777467,-0.15679356,-0.1205338,0.6929533,-0.26616716,-0.23229268,0.6185618,-0.3350241,-0.27892557,-0.09287164,-0.64686286,-0.6500455,-0.036394443,-0.20603655,-0.29091898
0.69790494,-2.1462893,0.23771414,1.6506029,-1.9561973,1.4014847,-0.8079052,-0.6570441,-2.7363923,-0.2677731,-1.1638976,1.305431,1.5750568,0.9895692,-1.6035564,0.0056229434,0.06077432,-3.454747,-0.7606845,0.9401686,-1.2469573,0.66475534,-0.75182545,1.152734,0.8065404,2.1704803,2.154267,0.37969995,-1.1786948,0.6233273,0.66505677,1.3482611,-1.4728234,0.9128955,0.4488843,1.5048923,1.7731379,7.0977125,0.117470644,0.15657033,4.267845,6.543429,8.426207,8.846992,8.776051,0.13807666,6.159232,0.0073804455,0.05350442,5.478487,3.342608e-11,0.0016324458,-1.8177577,0.0047626877,0.14071308,0.14478947,7.6959515,7.78574,6.2924066,4.534234,-1.686941,0.01679194,5.0971446,0.0006700299,3.3034907e-05,6.0222464,4.928421,6.6296587,4.5349026,-1.8172643,2.7652893,6.0507812,-1.8178107,-1.6420752,0.01900897,-1.2510228,5.170165,0.73395455,-1.8144714,-1.8168545,0.0001988603,3.723293,0.00059710303,0.009472682,5.0292015,0.14307204,4.8673005,5.3065443,4.761237,4.8415933,6.783187,-1.8178135,-1.8177874,5.9798846,2.52102,6.6097155,6.2349467,4.2933702,1.8745068,6.0373874,5.9076204,6.109475,4.0742955,5.344049,-0.6244754,5.050517,4.048559,4.796319,0.00023607246,0.60378695,5.842857,5.6624875,6.364573,5.9873986,5.327831,0.040530592,5.3846474,1.0660126,6.2766533,0.00256061,0.20758288,4.337339,4.4628496,4.671851,3.8825033,6.4916663,5.2928796,0.12806293,6.393522,0.8941298,7.0047865,5.470376,5.891341,5.522802,5.612347,-1.1869296,5.8618636,6.050895,3.0112922e-06,5.94919,4.3655834,4.8448386,6.2391396,3.7314825,5.666647,0.040158242,0.007188987,4.9001484,0.09301638,7.401973,4.687188,-0.6425803,5.2406645,4.919256,0.00013151401,3.6542413,4.8160715,2.4181056,4.3586884,5.637571,6.3773384,-1.783245,6.6783967,0.012074133,5.3360734,5.2856126,5.7489476,4.041664,4.3300304,5.8742127,4.538634,4.7197127,-1.7528155,4.6130943,0.31769016,4.887306,2.5860145,-1.7466867,0.00096795365,1.6492891,4.9734073,5.870379,5.3190684,5.517349,4.990213,-1.6561352,5.71813,5.7863374,5.849366,5.3792224,7.0697455,3.693725,-1.7901114,5.4372563,6.8655834,6.196237,5.25123,2.623188,5.0549626,6.124754,4.8985415,-1.5446256,5.476145,5.623865,4.7782707,1.0647607,5.228522,5.0408726,-0.5630671,4.795669,4.243603,3.6640978,3.5348854,5.901672,2.9605234,4.0400133,5.506459,4.782967,5.450528,7.2543383,4.400917,4.8545284,3.8777828,5.80641,5.5999374,0.008198345,0.0011279723,0.7150342,2.6403546,0.1880149,0.9804155,103.60617,108.86017,-0.1519907,-0.045908637,-0.12499353,-0.45958084,-0.10827368,0.8290145,0.76675737,0.0022530304,0.31976843,0.18547027,0.08204589,0.3326308,-0.088035494,-0.08666052,-0.21932918,-0.035902932,0.13454606,-0.17949602,-0.15275629,-0.013962435,0.3143587,0.01314182,-0.2533245,0.35293353,-0.0338355,0.04047189,0.23316556,-0.16963623,-0.15613484,-0.17220579,-0.07004314,0.56406677,-0.09825602,0.16361679,-0.44662026,0.28076673,0.449637,-0.11281339,-0.111183316,-0.23343822,0.125829,-0.26737514,-0.30771482,-0.29812685,-0.25304782,0.16071089,0.33725274,-0.17933083,0.49522904,-0.15621495
0.7441369,-2.1462915,-0.45159733,1.8122859,-1.9305245,1.3398007,-0.2347211,-0.49673787,-1.8012384,0.12230617,-1.4849473,1.1873021,1.4525664,1.2451214,-0.83895767,-0.04633143,0.09579369,-3.454975,-1.5231215,0.21343423,-2.0131521,0.5123693,-1.0501909,1.7153584,0.9689298,2.0942752,2.0712466,0.3944261,-0.79880077,0.6242954,0.8440318,1.7543191,0.07376968,0.84191334,-0.21435952,1.4964896,1.7394521,6.7732477,0.00059330836,6.194022,6.421735,6.4499283,7.8180213,8.1129875,8.136704,0.512363,5.8824525,0.007207172,0.27011105,-0.4606989,7.357298e-07,0.003332129,-1.8177978,0.004677161,0.14061068,0.094864756,5.442974,7.250042,6.1538486,-1.8172516,-1.8178115,9.789343e-06,4.4095836,0.000669588,3.290027e-05,4.8869658,5.7312455,-1.6857395,-1.8178155,-1.8178186,-1.8178132,5.366196,3.1014667,-1.8178185,0.015534145,5.853268,-1.8178186,-0.19866103,-1.8177859,-1.8178093,3.776696e-06,-1.817817,0.00059506064,0.0035770496,-1.8175199,-1.8178174,-1.6216227,-1.503153,-1.6318411,-1.2976799,5.173984,5.8392773,2.6832473,6.715132,6.328995,5.164971,-1.8177444,6.004999,1.9609244,-1.4371147,-1.8175266,-1.8159503,-1.8178185,-1.8176582,-1.8178141,3.0907266,3.9194288,4.9905567,0.00021596596,-1.8178183,-1.8157152,5.516287,4.209108,-1.8165609,5.127765,0.018433787,-1.6087888,1.3305751,4.989776,0.00014506953,0.01563992,-1.5412613,4.236884,3.3473017,-1.4164995,4.5681257,4.914734,0.008725362,4.7869473,2.1498256,-1.8173759,-1.2668662,3.0716162,-1.8170291,5.188765,-1.8178176,-1.8170044,-1.8174324,2.4101798e-06,4.467394,3.9321866,-1.8177779,4.7500124,3.5779495,-1.5560662,0.0002679085,0.0032337492,-1.4033465,0.012373274,-1.293402,4.6500216,4.5630445,-1.8167475,-1.6480502,0.00012046414,-1.6151959,-1.6875173,-1.8177583,3.4099872,-1.1911052,6.6165376,-1.8178172,5.552449,0.0020023177,-1.8170334,-1.8175064,-1.8174423,-1.8177525,-1.6160257,-1.8172692,-1.8174163,4.0180364,-1.8178184,-1.8176258,-1.8176858,-1.8178049,-1.8177985,-1.8177396,0.00096763234,-1.3388076,3.084637,-1.817309,-1.657461,-1.8172507,-1.8175428,0.90968007,-1.8173732,-1.2176784,-1.4304215,3.585191,4.6953645,-1.8178185,-1.817818,-1.8175653,-1.8178182,2.0934153,-1.8178186,-1.8178185,-1.8171204,-1.8178185,-1.8170519,-1.569442,3.4879634,-1.8175241,-1.8175802,-1.8176178,-1.8172783,-1.8178116,-1.8178185,-1.8177558,-1.8176625,-1.569772,-1.8178031,-1.8169769,-1.8178179,-1.8175281,-1.8176177,-1.8175795,-1.8172306,-1.817793,-1.5568832,-1.8177873,-1.817817,-1.8173634,-1.8177937,0.053699467,0.0011278318,0.7538341,3.1470976,0.05061079,0.8831498,213.647,220.60817,-0.7508456,-0.5835814,-0.32216427,-0.38705766,-0.39992,1.0529598,0.43881595,-0.27853355,0.59705496,0.18242277,-0.34649932,-0.5023936,-0.48776314,0.40766189,-0.31075355,-0.18129241,-0.27485725,0.037932955,-0.28513366,-0.14233859,0.7044981,0.5849048,-0.24473262,-0.051874906,0.75740993,-0.86845535,-0.4396261,-0.36092055,-0.1081636,-0.5725667,-0.5090394,1.1862432,0.30692682,-0.48129413,-0.37793422,-0.37225416,-0.3185186,-0.3194394,-0.3755434,-0.237508,0.35862616,-0.21227093,-0.31790575,-0.2981256,-0.323883,0.16881867,0.53191245,0.6569474,0.88892394,0.18103494
0.63055295,-2.1372595,-0.23344597,1.3282704,-3.1692123,1.4435716,-0.7202679,-0.63902533,-4.4627314,-0.3253732,-1.4534154,1.0474235,1.5652741,1.0367929,-0.8167192,0.7069591,-0.00670704,-3.4546244,-0.25188142,0.2654722,-1.5176224,0.26082537,-0.8148918,1.2264736,1.039986,2.3105547,2.26525,0.37685132,-1.014256,0.6139583,0.7586056,1.1870618,-0.70706403,0.76085806,0.4433218,1.3679626,1.6399152,5.9859257,0.0017141151,0.0009456604,-0.8859007,6.8584933,8.153081,8.183917,7.988251,0.004969151,6.342172,0.0072078416,0.1802292,4.9875307,2.2883813e-09,0.007065337,-1.8178186,0.005795084,0.14243211,0.07500776,6.762085,7.8901362,6.861031,5.274668,4.5983067,3.58443e-07,5.5656466,0.00070469535,4.5722918e-05,5.956663,5.609107,6.977257,6.230664,-1.1874642,5.6984696,6.021879,2.590343,-0.9524343,0.20986103,2.0864415,6.3603673,-1.6582137,-1.8178159,-1.7998683,0.007422903,4.996561,0.00070837035,0.00038825578,5.2627025,4.5356793,5.620101,5.893121,6.075494,3.2919638,7.007706,1.1887236,-1.8173399,6.23268,0.043985616,6.637693,-0.19319779,5.1287413,6.0897284,6.117853,5.6421666,6.3353715,3.6323843,-1.8155364,3.1105683,6.6146765,5.2756553,5.487558,0.0023768963,-1.7940468,4.1243157,5.372999,6.5406876,6.221104,4.8738647,0.121136576,5.8435574,0.074669,6.2727203,0.07885075,0.05743495,6.2087445,6.2047257,5.127785,4.63054,6.4822907,5.8247957,0.09501466,6.7320027,7.0520883,7.199574,0.94167775,3.6059492,1.7156783,6.5361247,4.833834,5.8349724,6.4211273,7.024086e-06,5.9010506,5.44974,2.3498144,4.9386897,4.465106,5.8211055,0.05091917,0.31602702,6.8109865,0.036493573,8.006663,4.7767715,3.3838427,5.484582,4.6115093,0.0006188175,3.9357545,5.492694,2.2819319,5.1841536,6.8151584,6.237064,6.0754905,7.2875338,0.0052386858,5.542824,5.431458,4.816713,4.965577,5.2382708,6.536483,4.897557,5.141352,-1.8162096,4.38942,5.908856,5.631249,4.7469435,4.495558,0.0014293722,5.3686266,4.974716,5.920893,5.267786,6.040056,5.608677,5.1144977,4.794643,6.4062862,6.9685793,6.108427,6.305684,5.9546657,5.165368,6.127427,6.858826,-1.1393005,6.379527,6.3447924,5.541088,6.1259804,5.695905,-1.6652366,4.800406,5.460294,0.9131108,6.1244707,5.8651123,-1.5598916,4.8027215,5.7251596,4.625887,4.152351,1.3027636,6.5486245,-0.09015114,4.480978,5.4768715,2.6722405,5.2386937,7.251615,3.684352,4.513426,0.271032,5.887134,5.5994015,0.04062093,0.0012666346,1.0198966,1.9261665,0.20360526,0.71861875,228.2432,210.01678,0.4637675,0.3675992,0.643576,0.046147056,0.09118859,-0.48206076,-0.34484953,-0.28359947,0.039723266,-0.0944704,0.5709179,0.34161228,0.38876453,-0.39980143,0.27588016,-0.27844584,-0.108120985,0.035713505,-0.44829273,-0.35965505,-0.3786944,-0.1464068,-0.2745116,-0.36815605,-0.23186766,0.46477807,0.40630847,-0.0147183975,-0.33627284,0.04415901,0.29686233,-0.61317915,-0.33758828,0.9366055,0.28408495,0.5790144,0.6954947,0.09186514,-0.2956689,-0.08609263,-0.23435782,-0.26850197,-0.28825027,-0.29792327,-0.035822358,0.17930159,-0.79646736,-0.6455096,0.24634407,-0.39803168
0.3117,-2.1462915,0.22726847,1.6669302,-2.9824147,1.3156075,-1.2572672,-0.79497707,-3.4509861,-0.48318928,-0.9333791,1.2207866,1.7445396,1.0964639,-1.5088972,0.37737885,0.24973443,-2.107681,-0.25860125,1.3121922,-1.7064266,0.32776192,-1.3205701,0.50198144,1.07253,2.4892886,2.1945288,0.34702763,-1.2761735,0.6076502,0.6718444,1.2255046,-1.2917548,0.9028397,0.42804366,1.642521,1.8015339,6.737116,0.12776749,0.23272167,-0.7361227,6.5803704,8.421183,8.773304,8.80666,0.51207554,6.2409463,0.02393483,0.044815827,4.5838027,2.6815456e-11,0.001063734,-1.784646,0.004677097,0.1406105,0.12314539,7.079701,7.435526,6.149944,4.2296605,-1.8169683,0.015908508,-1.0622241,0.000669584,3.29e-05,5.419444,-1.7953387,5.91261,5.3573356,-1.8178186,-1.8177915,5.496502,-1.8055679,-1.8178183,0.010271504,0.5010486,-1.8178185,0.5503598,-1.8149809,-1.8148,6.853304e-06,-1.817818,0.00059502013,0.006935184,4.415257,-1.8178183,4.0961123,5.072382,4.9454985,4.460807,6.9987006,-1.8177112,-1.8178151,5.335533,2.117941,6.1162424,0.687957,5.1369576,4.7858076,5.774291,5.9046,5.9777436,-0.4682892,5.8356447,-1.8161744,5.1595798,3.9841485,4.1493187,0.00021587701,-1.8176947,5.0175157,4.9588885,5.961974,5.823263,5.4523907,0.03249124,5.7966175,1.0653648,6.017794,3.91165e-05,0.48152995,4.5159116,4.39524,4.5069065,3.3195972,6.0719,5.418145,0.01754814,6.7828684,0.091132894,7.3136935,6.1603436,3.8151476,5.7126503,4.7750535,-1.8168865,5.4777856,6.2835994,2.4100486e-06,6.058528,5.102127,5.043749,5.325506,3.4214275,5.2927732,0.00026786403,0.0032211312,5.8277855,0.27263877,7.0187006,3.1550803,-1.8074831,5.5609994,4.9259324,0.00012045302,3.3609185,4.381608,-1.8120115,3.8327627,4.124766,-0.21139787,4.37492,5.96497,0.0040249014,5.0564184,5.516878,5.2253714,4.600511,5.0786176,6.2949286,4.295649,4.618651,0.62451,4.6291,-0.5116977,-0.70546985,-0.92583185,-0.36564207,0.000967621,-1.8178066,4.8770785,6.33164,5.7846627,5.408995,4.9316716,5.218396,5.2933908,5.220487,6.1865897,4.892756,7.5291467,-1.8177727,-1.8178186,-0.60083234,0.3209816,5.4163938,-1.8178185,-1.8176786,5.6285224,-1.8176945,5.1970353,3.6255467,5.525133,6.124901,5.203455,3.8134253,5.411323,4.8279104,0.413166,-0.60567194,-1.2270342,3.4279773,-1.8157126,4.756631,6.6051617,4.218256,3.6387691,5.7226343,3.3974724,-1.8106505,4.509465,4.841594,5.285977,6.198139,5.5999365,0.005586412,0.001127824,0.80863047,2.8244176,-0.17765228,0.9414974,99.349846,97.92971,-0.70988315,-0.3469649,-0.4776507,-0.31323856,-0.19714075,1.0274265,0.6547229,0.3735199,0.64952594,-0.23850544,0.2757482,-0.16176596,0.3677727,-0.17754854,0.44504002,-0.19112624,0.1713136,-0.39532828,0.08179944,-0.45649874,0.5423897,-0.19333841,0.047264345,-0.07224863,-0.39151567,0.18513554,-0.13636439,-0.086948365,-0.31852692,-0.22559169,-0.241884,0.048181698,-0.3478262,-0.37251252,-0.2501058,-0.37192434,-0.18141292,-0.29262778,-0.13394201,0.154931,0.5110183,-0.18252516,-0.3039865,-0.29812688,-0.28940648,-0.25323728,-0.83186084,-0.25959212,-0.44173825,-0.2367163
0.4633903,-2.1423044,0.07105795,1.58633,-2.7034392,1.3700215,-0.7917613,-0.7238697,-4.261673,-0.31790966,-1.4354885,1.1232373,1.5952021,1.0442181,-1.53887,0.022080258,0.03143338,-3.4548101,-0.60093653,1.172569,-0.772587,0.48661536,-0.6646543,0.9115097,0.9299279,2.160203,2.2480164,0.36097366,-2.4680626,0.61693466,0.73291034,1.3647574,-1.590272,0.8540291,0.19613573,1.4177619,1.7126441,6.5132546,0.0189253,0.021279037,6.452124,6.472913,8.186145,8.4374275,8.272163,0.04182212,6.2319603,0.007234502,0.118039265,4.839724,1.9201238e-09,0.0014233208,-1.8178176,0.0098755825,0.144316,0.09233373,7.073983,7.786747,6.4939756,4.6016083,0.36617258,0.00043432767,4.9576488,0.0007056664,4.1989944e-05,6.0659785,5.426782,6.9735003,6.2278767,-1.8014532,5.6554313,6.1481347,-1.8170319,2.206003,0.120673805,-1.685483,6.3504305,-1.3332717,-1.8173878,-1.7913511,0.0016582636,4.5119205,0.00072381616,0.0047535896,5.20679,4.5129604,5.262166,5.534248,5.4071965,-0.86185676,6.970347,-1.8066713,-1.8174353,6.086918,0.65704185,6.5098095,5.7637773,4.538502,3.2517262,5.9989266,5.871144,6.1419454,4.396304,-0.4916792,3.9113386,4.8977532,4.76725,4.8787975,0.0021244413,-0.29701555,6.1836867,5.3746886,6.2880754,5.992722,4.976295,0.07403015,4.5491905,0.31231734,6.005332,0.010045208,0.3918008,5.08007,5.2254305,4.8066907,4.1971684,6.507069,5.588018,0.2421871,6.403168,4.2511683,6.991076,0.51769644,5.8941884,4.7509604,5.8954406,2.3637326,5.378773,6.2471967,1.7584935e-05,5.8627963,5.247061,5.114733,6.4132037,3.9150608,5.6552343,1.940464,0.40202716,5.451174,0.07839289,7.3686895,4.679185,3.478155,4.979922,4.6547356,0.0019159995,3.726815,5.5255,3.2447555,5.0686235,6.125589,6.2388163,1.7258825,7.0053396,0.036573324,5.284325,5.2574315,5.3687778,4.7317724,4.9676576,6.1995244,4.594871,4.8626437,-1.7716165,4.6098623,2.3469262,5.313426,4.93332,-0.326663,0.0011323473,2.275069,4.8973274,6.0091124,5.433072,5.556845,5.1967034,0.76732653,5.6882906,5.8433766,6.0824046,5.4614787,7.2486506,4.9839325,0.5795754,6.028137,6.867196,5.340436,6.3760996,6.3242545,4.6497316,6.1259265,5.285788,-1.4815032,5.072752,5.5847473,4.5459,3.0638232,4.78165,5.016414,-1.6257491,5.70158,4.0748167,3.694131,-0.9887446,6.1608973,4.5529466,4.6214795,5.513114,4.710638,5.1756124,7.2538557,4.085607,4.756381,3.8932998,5.6928377,5.5999346,0.017526401,0.0011852789,0.710855,2.1287503,0.28279847,0.83596444,113.518814,122.05989,0.80271304,0.93824595,1.6048007,-0.2702803,0.24288428,0.6821897,0.50539875,-0.06756822,0.52278966,-0.23231536,0.21598822,0.59198225,0.21202055,-0.37809217,-0.21482158,0.2775144,0.7810731,0.58134705,-0.32953727,0.08581851,0.55583805,-0.0038665775,-0.27028883,0.7477409,-0.21489698,0.63166255,0.78591835,0.4326485,-0.21186149,-0.14982651,-0.07360055,0.5865735,-0.73180324,1.4097029,-0.21196026,0.08796227,0.35326993,-0.07937265,-0.36980718,-0.053995542,-0.048509117,-0.26813215,-0.29005873,-0.29812554,-0.29647025,0.10078658,0.43534863,-0.07041949,0.0686592,-0.21621259
0.43952352,-2.1448908,-0.3618516,1.3559661,-3.1903706,1.2883204,-0.93149173,-0.86089164,-4.480534,-0.50552815,-1.6610796,1.0870477,1.555756,0.92318594,-0.78380245,0.72767365,-0.010637201,-3.4504607,-0.2758338,0.16767885,-1.9161919,0.3393796,-0.6984616,1.6614766,0.9895911,2.3125048,2.2694635,0.34010774,-0.5475123,0.62033623,0.72517616,1.1682522,-0.837461,0.73086286,0.36779577,1.4193385,1.6312097,5.3993235,0.0029472548,0.0009556059,-1.6837832,6.5768332,8.063295,8.141764,8.049213,0.0036266437,6.0686936,0.0072079706,0.105045676,4.962582,2.5624638e-08,0.0076931333,-1.8178184,0.004733293,0.14085272,0.03418626,6.9807754,7.923771,6.927949,5.1816707,1.4563203,1.2054016e-07,5.179861,0.0006751085,3.4804067e-05,5.7734623,5.5039454,6.9761806,6.230657,-0.73448527,5.698483,5.6022716,4.7530427,-1.7116282,0.11874779,5.377078,6.360361,-1.2737006,-1.8178142,-1.7658013,0.004653915,4.9036245,0.0006080755,0.00039238148,5.088849,4.5356803,5.6578217,5.7378244,6.081141,5.5568275,7.011157,3.8426566,-1.8160655,6.4658318,0.03809694,6.5401154,-1.1324952,5.4768505,6.1853666,6.133107,3.622336,6.301666,3.7532036,-1.8152946,-0.97893775,6.772082,4.8194704,5.3334603,0.0005526759,-1.8176446,2.7110472,5.718393,6.430554,6.2679734,5.2534866,0.08430845,6.1275573,0.07972813,6.381416,0.057575088,0.01678051,6.275016,6.1348376,5.144367,4.600585,6.1992126,5.165118,0.1527402,6.6564517,6.245286,6.9730396,4.887734,3.3857846,1.4925053,5.533977,4.2932434,5.7596865,6.1978965,2.704016e-06,6.2998514,5.5630217,3.1201854,0.786015,4.239379,5.6543636,0.0006200464,0.07065788,6.687141,0.030753732,7.966922,5.052298,-0.6692108,5.504152,4.575151,0.00016682564,3.7502472,5.313166,1.2001345,4.4352856,6.4217577,1.8749653,6.079789,7.305504,0.0022954855,5.579564,5.461252,4.964879,4.9873333,5.1924133,6.5931582,4.8943167,5.2469597,-1.81515,3.388078,4.1377153,5.5533915,1.4088328,2.0225887,0.0010159416,4.792358,5.0048633,5.913533,5.2825313,6.120736,5.248153,5.1095576,4.6095157,6.4506826,7.0648117,6.2318983,6.50165,5.8910813,4.693355,6.163221,6.0142717,-0.44199768,6.3792195,6.9392204,5.790918,6.1259794,5.920697,-1.4634886,4.7662616,5.4038367,1.0654739,6.08026,5.5329504,-1.6725968,4.8607945,5.6490197,4.4423013,4.1024494,1.8011891,6.442464,-0.0020545856,4.174627,5.024045,3.104239,5.0104504,7.1084156,2.8191874,2.997233,-1.2054863,5.8461604,5.5944066,0.034770183,0.0011546598,0.87439936,1.9347501,0.3307883,0.7062993,208.53644,174.32053,-0.3773647,-0.3374942,-0.27191696,-0.11300819,-0.20531827,-0.70879394,-0.37059185,-0.3624926,-0.39453396,-0.14133951,0.24058355,-0.09725988,0.061201297,-0.3773668,0.38771492,-0.8178788,-0.60383135,-0.45298812,-0.44268626,-0.4383433,-0.64866793,-0.13805866,-0.2297613,-0.67039275,-0.2629548,0.036137138,-0.11035308,-0.26578104,-0.3260153,-0.069906764,1.034325,-0.915267,0.39067036,-0.08852073,1.0409771,0.99901134,0.74199086,0.5696656,-0.11573163,-0.11878395,-0.23484053,-0.26842046,-0.3077945,-0.25112095,0.6439787,-0.27138895,-0.8756235,-0.75785094,-0.055165816,-0.8695713
0.83204454,-2.1462915,-0.07630354,1.4380096,-3.1292346,1.5144764,-1.004174,-0.51191026,-4.4661937,-0.35203275,-1.1366558,1.1951932,1.5276397,-0.36737174,-1.0954342,0.48540157,-0.0825648,-3.4489164,-0.46393514,0.88217527,-1.3879726,0.41677225,-0.70456374,0.79713374,0.9179724,2.2310512,1.9259304,0.49657032,-1.0684924,0.6175979,0.7032568,1.294064,-0.77960896,0.87739545,0.46318212,1.457403,1.7349012,7.1741357,0.08032084,0.0968309,1.3459921,6.462325,8.345946,8.699196,8.617792,0.049910884,6.294094,0.00725596,0.11317843,5.0518384,4.8505167e-10,0.005166122,-1.8175302,0.0046820757,0.14061917,0.09527586,7.032983,7.871049,6.556761,4.971155,-1.761692,0.010397037,5.579061,0.0006696439,3.2937154e-05,5.826027,3.8507962,5.642704,2.6570954,-1.8176049,5.2620826,6.1161747,-1.8140527,-1.8110608,0.039348807,-1.6677679,3.5383396,-1.4656711,-1.8167017,-1.8175334,0.00033184022,2.3927877,0.00059538055,0.0038068593,5.124379,2.3723001,5.0743675,5.680412,5.1945267,6.0479355,6.6689615,-1.8178034,-1.8178086,5.848958,0.43067324,6.2875943,-1.4303373,4.2934947,3.9625506,6.121484,5.906599,6.264776,4.6315346,3.059288,-0.9395484,4.3881164,4.6253567,4.8627405,0.00021920471,-1.8128393,4.9377165,5.3949676,6.4419203,5.860183,4.6125016,0.07609248,5.764101,0.26093155,6.3266907,0.012016335,0.051167578,5.879356,5.17237,5.0466743,4.222846,6.493264,5.0947156,0.11119872,6.458482,5.4393754,6.946072,0.5355733,4.0593452,2.8239448,6.0930157,0.81920284,5.291696,6.0892606,2.4333935e-06,5.2774005,4.525874,3.9790783,6.4246464,3.757727,5.165249,0.005326228,0.0038791453,5.819554,0.08008069,7.2781816,4.1498394,-0.5884913,5.537219,4.922234,0.000121396624,3.4795265,5.005507,3.574052,4.7185793,5.8869815,6.913732,-1.0159116,5.1189504,0.008647966,5.1871004,5.110276,5.2992535,3.202181,4.3591533,6.10342,4.465493,4.491317,-1.6527073,4.1877623,0.83513635,5.3626375,-1.7366011,-1.721425,0.0009676839,0.7462725,4.8438296,5.649737,5.039666,5.3776674,5.0377727,-0.31351623,1.0970708,5.099312,3.989765,4.956524,6.3495336,1.7846996,-1.476344,4.831308,6.7014294,4.3373036,-0.79022527,2.896645,5.4179306,6.12401,4.869668,-0.53831786,5.1421914,5.2912087,4.5293727,3.9556637,5.416626,0.7846879,2.9386182,4.078159,4.3297787,3.7229698,4.6555223,5.8988376,1.580825,3.9266305,5.0409255,4.785557,5.1025176,7.185583,4.1524014,4.848576,-1.3543733,5.5009613,5.5999374,0.027817264,0.0011278652,1.0403571,2.2212875,0.17381543,0.8314903,101.87004,97.30476,-0.4582046,-0.07741155,-0.25638983,-0.4769084,-0.29143688,0.47417164,0.37867916,0.1969085,-0.13657862,0.08440227,0.66954756,0.30105454,0.3705973,0.26996613,0.57314306,-0.10503936,-0.028433606,-0.22678901,-0.33288178,0.078367285,-0.32147563,0.08101208,-0.26326957,-0.25404218,-0.10049941,0.1554816,0.23280719,-0.31476283,0.27690822,0.15057461,-0.23415817,0.33846906,-0.10327434,-0.23923895,-0.3625888,0.10891049,0.34084645,-0.25703612,-0.2198907,-0.24728085,-0.15273179,-0.26289248,-0.32172972,-0.29812428,-0.27683777,0.20840114,-0.3596733,-0.5424516,0.3308011,0.19917892
0.695503,-2.08031,0.30398077,1.379093,-2.1804726,1.3723903,-0.6218612,-0.6360792,-4.4567947,-0.2462166,-1.3139532,0.8533569,1.4905858,1.0334641,-1.414604,0.15883613,-0.03221707,-3.4537282,-0.6498144,0.14791375,-0.61336744,0.100985736,-0.67622024,1.5938126,1.128019,2.375347,2.2655208,0.362589,-0.66119117,0.6218917,0.76061475,1.2870444,-0.5292097,0.7973515,0.43116978,1.3281494,1.6625108,5.987442,0.0012181703,0.0009813448,-1.4114367,6.886817,8.043183,8.118813,7.928171,0.016799776,6.3791447,0.0072089555,0.19189188,4.28326,1.4800312e-08,0.007360809,-1.8178186,0.06428974,0.2468789,0.084406056,6.7459383,7.8792477,6.7500577,5.2663717,4.380904,1.7933249e-07,5.634719,0.0041914755,0.000470362,6.235724,5.493018,6.977817,6.2306666,-1.1808728,5.698425,6.2011876,-1.3108112,3.0607758,0.06695938,3.4176118,6.360369,-1.7858871,-1.8178157,-1.7846421,0.010927845,5.026318,0.009159777,0.000337642,5.1535997,4.53567,5.5753593,5.932906,6.1256886,5.8411508,7.198664,4.895118,-1.8127481,6.0272985,0.050690137,6.80647,4.243844,5.4193563,4.860116,5.691351,5.7933965,6.1088877,-1.2554898,-1.8167963,5.407116,5.2382073,5.7213645,5.7914243,0.16177282,4.969145,4.829651,5.71763,6.5717783,6.3124013,5.1239386,0.14407839,5.8783684,0.08535602,6.140998,0.07227253,0.20196606,5.948805,5.551842,5.0616236,4.6384726,6.732093,6.3057857,0.042812437,6.6843877,5.326807,7.3858776,4.758754,4.7336826,-1.3707492,6.9198394,5.344154,6.4180255,6.4869795,0.00081267784,6.0088654,5.0036273,1.0062361,6.529842,4.6338177,5.8263144,0.023205776,15.161331,7.0272,0.0644245,8.241116,4.126281,5.0263224,4.5833154,3.9085686,0.052993715,4.105859,5.397995,1.3266878,5.7019253,6.872931,7.3651094,6.068943,7.3968363,0.019683113,5.806955,5.01692,4.3734174,3.4059882,5.0870085,6.3590198,5.0944715,5.157029,-1.8177853,4.477528,5.664367,5.6001024,5.4804516,4.8658733,0.041122686,5.4204006,5.3489156,5.6612453,5.0787888,5.921991,5.7367754,4.684688,6.136768,6.852334,7.12023,6.4071274,6.1837173,6.1749287,-0.3700224,6.0793014,6.863932,-1.6616473,6.3795633,6.39071,5.3810573,6.1259794,5.3539543,0.49398014,4.685233,5.6379333,-1.4416738,5.953912,5.9122934,-1.661588,4.7619095,5.498312,4.924772,4.2492757,4.857138,6.5857577,-1.764153,3.8656964,5.5009274,-1.4472737,5.243101,7.2528486,3.3968308,4.538113,-1.6090325,5.5057526,5.585184,0.038976025,0.012514544,0.770946,1.7694687,0.2542229,0.7252081,242.97028,241.36621,0.55924296,-0.021517886,-0.087643825,0.2209903,0.43539745,-0.07612907,-0.17183152,-0.13924478,-0.0020193502,0.12523127,-0.28297988,-0.059995424,-0.0128122065,-0.3435107,-0.28932565,-0.21381646,-0.22799224,-0.28344753,-0.10036752,-0.1926328,-0.31762588,-0.12317689,-0.2605258,-0.40286422,-0.074606515,-0.3517867,-0.031603616,-0.29389802,-0.33640143,-0.26494506,0.21190675,-0.04519125,-0.23508902,1.5477904,-0.02481334,0.19703802,0.78791386,0.13324706,-0.1357092,-0.120710775,-0.23281993,-0.26851252,-0.2776075,-0.29811215,0.14691068,0.1015738,-0.2540156,-0.08485535,0.1651122,-0.3799384
0.33548737,-2.1462913,0.0678092,1.5224919,-2.9292593,1.358412,-1.2917682,-0.758613,-4.4829893,-0.63551056,-0.9443326,0.96327484,1.6046385,0.5958825,-1.3756945,0.43932486,-0.024026236,-2.2885582,-0.31600264,0.228386,-0.31621498,0.21284324,-1.0671704,0.54395235,1.030268,2.0356784,2.04842,0.318215,-0.8964516,0.6099477,0.6786152,1.1302639,-0.07973544,0.83047277,0.4946239,1.5527236,1.7272094,5.5491943,0.005355607,0.16186424,4.5749846,5.543665,7.6425247,7.9394693,8.035783,0.002593287,5.784631,0.007209557,0.13096501,5.6288095,0.003024759,0.02869919,-1.367666,0.0047090547,0.1407727,0.066074505,7.4564786,7.7501254,6.640039,5.362177,3.1114793,1.048362e-05,5.111517,0.0006724829,3.345777e-05,5.654791,4.9745245,6.9776793,6.1401234,-1.8162447,2.7180245,6.3431125,-1.8127147,-1.561114,0.066514134,1.1211088,-1.6349273,-1.8139951,-1.8173925,-0.57164305,0.0062354463,2.1845849,0.0006598012,0.011244849,5.3019423,4.512059,5.2783275,5.44572,5.8554683,5.905841,6.969582,-1.2963195,-1.8006653,5.770232,0.048380177,6.418202,6.2102566,-1.6203651,6.207831,5.6079607,0.9396398,5.663125,-1.7979847,-1.8171508,-1.0852026,-1.7971783,4.613351,4.643882,0.00032345316,-1.8177413,1.37143,4.627936,5.9508243,5.7923503,4.044968,0.093850926,6.509689,0.106284775,5.5289593,0.015788885,0.020859817,5.236382,6.178501,4.697114,3.2602086,6.239923,4.790119,0.2902421,6.861154,6.495171,7.0224423,2.6617637,5.2551827,3.6235034,5.2271366,1.0152293,4.9941645,6.1915097,2.4301212e-06,4.3626146,5.2784014,5.7580547,-0.19432263,3.5104795,5.650842,0.0004585879,0.046813704,5.3113623,0.016094366,7.3933587,5.199996,4.334847,5.0389276,3.952679,0.00017847992,4.316496,5.4878793,0.97070557,4.119504,4.003203,6.3387094,5.324426,6.291097,0.017124606,5.342299,4.9175687,5.435411,4.7324057,4.8117027,6.040826,4.4131823,4.7313795,-1.8178006,4.614616,4.315387,3.7134883,-1.0657462,2.2858343,0.00097160594,2.0219746,4.4460435,5.920407,5.440247,5.198807,4.4775357,3.4101348,-1.0987943,5.800769,5.721272,4.8583856,7.3535657,-1.7303294,-1.3887061,0.3349434,-1.8115345,3.751662,-1.6342012,-1.7023746,-0.9235767,-1.5599116,5.1745353,0.45959425,4.0966654,5.5839357,3.3811104,-1.7950958,-0.16668394,4.662966,-1.8144559,5.667731,4.457413,3.420645,3.260584,5.741405,-1.8161691,3.760412,4.7438354,3.145431,5.1188774,6.175571,3.1033616,-0.8131799,-1.7051938,5.0014386,4.6919236,0.029948533,0.0011416487,0.8875003,1.944978,-0.05178255,0.7619936,57.85228,72.473656,-0.23580675,-0.12786192,-0.37688953,0.17062828,0.46148553,-0.2893321,-0.18156308,-0.1473458,-0.5172185,0.23789218,-0.5751465,-0.32278457,-0.19417925,0.0054066163,-0.36121905,-0.11714557,-0.30545235,-0.25487924,-0.17440611,0.16380641,-0.49400425,0.13044299,-0.33629468,-0.50821817,0.47982454,-0.34516114,-0.12623769,-0.36722073,-0.2949091,-0.33173114,0.034934584,-0.21306482,0.5990324,1.7147154,0.07521248,0.011405749,-0.07310377,-0.20484792,0.6831004,-0.2659768,-0.23244752,0.5026212,-0.33296242,-0.29282457,-0.1770008,-0.66123444,-0.66408855,-0.073054135,-0.16416134,-0.079616666
